Year,Mint Mark,Denomination,Program/Series,Theme/Subject,Condition,Cost,AI Estimated Value,Certification Number,Storage Location,Added
"1954","S","Half Dollar","Franklin Half Dollar","Benjamin Franklin","Gem Uncirculated 65","$225.00","$35 – $50","","",""
"2023","","$1","The Statehood Innovation Dollar Coin Collection","Florida","","$17.95","$1.50 – $4.00","","",""
"2010","D","Penny","Lincoln Cent","Abraham Lincoln, Union Shield","Mint State","$0.25","$0.15 – $1.00","","",""
"1955","","Cent","Lincoln Wheat Cent","America Revisited Selection","Circulated","$37.00","$0.03 – $0.15","","",""
"1948","","Five Cents","USA Invoice Import","Unmapped","Average Circulated","$2.25","$0.10 – $0.35","","",""
"1903","","Half Dollar","Barber","Liberty Head","Ungraded","$42.50","$15 – $250","","",""
"2023","P","Quarter Dollar","American Women Quarters","Jovita Idar","Uncirculated","$1.00","$0.25 – $1.50","","",""
"1873","","1 Dollar","Trade Dollar","Unmapped","Extremely Fine","$495.00","Pending","","",""
"2024","P","Half Dollar","Kennedy Half Dollar","Unmapped","Uncirculated","$0.00","$1.00 – $3.00","","",""
"1867","S","Half Dollar","Liberty Seated","Unmapped","Good/Very Good","$77.50","Pending","","",""
"2024","S","Quarter Dollar","American Women Quarters","Pauli Murray","Ch Proof-63","$8.95","","","",""
"2023","P","Native American Dollar","Native American Dollar Program","Maria Tallchief","Uncirculated","$0.00","Pending","","",""
"1978","D","Dime","Roosevelt Dimes","Unmapped","Uncirculated","points","$1.50 – $3.50","","",""
"1925","","Penny","Lincoln Head Cent","Lincoln Head","Genuine","$0.00","$0.15 – $5.00","","",""
"1939","","Penny","Lincoln Cent","Abraham Lincoln","Genuine","","$0.15 – $1.50","","",""
"1958","","Quarter","Washington Silver Quarter","Unmapped","Circulated","22.50","$6 – $8","","",""
"2016S","","quarter","National Park Quarters","Unmapped","CH-Proof 63","$5.50","$3 – $7","","",""
"1980","D","Penny","Lincoln Memorial Cent","Lincoln Head","Uncirculated","$0.45","$0.15 – $1.50","","",""
"1981","S","Susan B. Anthony Dollar","Susan B. Anthony Dollar","Susan B. Anthony","Proof-63","$0.00","Pending","","",""
"2024","S","Half Dollar","USA Invoice Import","Kennedy Half Dollar","Ch Proof-63","$16.50","","","",""
"2022","S","Half Dollar","USA Invoice Import","Kennedy 50C","Ch Proof-63","$107.00","","","",""
"1974","S","Penny","Lincoln Head Penny","Abraham Lincoln","Uncirculated","$1.40","$0.25 – $1.50","","",""
"2022","D","Quarter","American Women Quarters","Sally Ride","Uncirculated","$1.00","$0.50 – $1.50","","",""
"1915","S","Penny","Lincoln Head Cent","Lincoln Head","Very Fine","$85.00","$20 – $35","","",""
"","","Dollar","Statehood Innovation Dollar Coin Collection","Missouri","","$17.95","","","",""
"1954","S","Nickel","Jefferson Nickel","Thomas Jefferson","Uncirculated","$5.50","$2 – $6","","",""
"2012","D","Penny","Lincoln Cent","Union Shield Reverse","Uncirculated","$3.00","$0.10 - $0.50","","",""
"1973","","Five Cents","The U.S. Nickel Collection","Unmapped","","$7.95","","","",""
"2009","S","Dime","Roosevelt Dime","Unmapped","Choice Proof 63","6.00","$5 – $12","","",""
"1866","","Half Dollar","Half Dollar Club Selection","Liberty Seated","Very Fine 35","$299.00","","","",""
"1893","CC","Dollar","Morgan Dollar","Liberty Head, Eagle","Fine/Very Fine","$850.00","$450 – $650","","",""
"1980","S","Kennedy Half Dollar","Kennedy Half Dollar","John F. Kennedy","Choice Proof 63","$11.00","$3 – $7","","",""
"1959","","Penny","Lincoln Cent","Abraham Lincoln","Choice Proof 63","$4.75","$3 – $8","","",""
"1971","","Dollar","Eisenhower Dollar","Dwight D. Eisenhower","Uncirculated","$19.95","$3 – $8","","",""
"2006","S","Quarter","50 State Quarters","South Dakota","Choice Proof 63","3.6","$4 – $12","","",""
"1959","D","Quarter","Washington Silver Quarter","Unmapped","Uncirculated","21.95","$8 – $15","","",""
"2003","P","Dime","USA Invoice Import","Unmapped","Uncirculated","$2.75","","","",""
"1946","","","America Revisited Selection","1946 5-Coin Time Capsule Year Set","Circulated","$99.00","","","",""
"2000","S","Quarter","State and Territory Quarters","New Hampshire","Choice Proof 63","2.6","$4 – $10","","",""
"2015","P","Dime","America the Beautiful Quarters","Unmapped","Uncirculated","2.00","$1.00 – $3.00","","",""
"1819","","Capped Bust Silver Half Dollar","Capped Bust Half Dollar","Capped Bust Liberty","Extremely Fine","$695.00","$450 – $650","","",""
"1838","","Penny","Coronet Head Large Cent","Liberty Head","Fine","$105.00","$35 – $55","","",""
"1936","","Cent","Lincoln Wheat Cent","America Revisited Selection","Circulated","$20.20","$0.15 – $0.50","","",""
"1849","","Dime","U.S. Dime Collection Selection","Stars","Good","$93.95","$15 – $25","","",""
"2023","S","Washington Quarter","American Women Quarters Program","Jovita Idar","Proof-63","$29.95","Pending","","",""
"2020D","","quarter","National Park Quarters","Unmapped","uncirculated","$1.00","$1.00 – $3.00","","",""
"2016","P","$1","Presidential $1 Coin Program","Gerald Ford","Uncirculated","2.95","$2 – $4","","",""
"1912","D","Barber Silver Dimes","Barber Dimes","Liberty Head","Good","$16.00","$3.50 – $6.00","","",""
"2007","D","Quarter","State and Territory Quarters","Idaho","Uncirculated","2.5","$0.50 – $1.50","","",""
"1924","","Penny","Lincoln Wheat Cent","Abraham Lincoln","Genuine","","$0.15 – $1.50","","",""
"2015","D","Quarter","America the Beautiful Quarters","Homestead National Monument of America","Uncirculated","","$0.25 – $1.50","","",""
"2021","P","Native American Dollar","Native American Dollar Series","Military Service","Uncirculated","$0.00","$1.50 – $3.00","","",""
"2004","S","1 Dollar","Sacagawea Dollar","Unmapped","Proof-63","$15.50","$10 – $18","","",""
"2023","S","Cent","USA Invoice Import","Unmapped","Choice Proof-63","$0.00","$3 – $7","","",""
"1974","S","Dollar","USA Invoice Import","Unmapped","Choice Proof-63","$0.00","$10 – $18","","",""
"","","Five Cents","The U.S. Nickel Collection","SHIPMENT 6","","$31.80","$1 – $5","","",""
"1864","O","Half Dollar","Liberty Seated","No Motto","Very Good","$148.50","$1,250 – $1,750","","",""
"1957","","Penny","Lincoln Head Cent","Unmapped","Proof-63","$6.75","$3 – $7","","",""
"1961","","Cent","Lincoln Memorial Cent","America Revisited Selection","Circulated","$18.30","$0.03 – $0.15","","",""
"2018","D","Quarter","National Park Quarters","Wisconsin Apostle Islands National Lakeshore","Uncirculated","$1.00","$0.50 – $1.50","","",""
"","","Five Cents","The U.S. Nickel Collection","Shipment 5","","$31.80","$1 – $5","","",""
"1976","S","Dime","Roosevelt Dimes","Unmapped","Choice Proof 63","3.25","$2 – $5","","",""
"1958","","Dime","USA Invoice Import","Unmapped","Choice Proof-63","$25.50","$4 – $8","","",""
"2022","P","1 Dollar","Native American Dollar","Ely Samuel Parker","Uncirculated","$3.50","$1.50 – $3.00","","",""
"","","","103-76BC Alexander Jannaeus Bronze Widow's Mite H469-70,72","Unmapped","fair good","$15.00","$15 – $30","","",""
"1954","","Five Cents","USA Invoice Import","Unmapped","Average Circulated","$1.80","","","",""
"1972","D","Kennedy Half Dollar","Kennedy Half Dollar Series","John F. Kennedy","Uncirculated","$5.75","$1.00 – $3.00","","",""
"1972","S","Dollar","Eisenhower Dollar","Dwight D. Eisenhower","Proof-63","$31.35","$10 – $15","","",""
"2014","P","Dime","America the Beautiful Quarters","Unmapped","Uncirculated","2.00","$1 – $3","","",""
"2013","","Penny","Lincoln Cent Series","Abraham Lincoln","Uncirculated","$0.25","$0.10 – $1.00","","",""
"2002","W","Dollar","Modern Commemorative","West Point Bicentennial","Choice Uncirculated-63","$105.00","","","",""
"1982","P","Kennedy Half Dollar","Kennedy Half Dollar","John F. Kennedy","Uncirculated","$25.75","$1.50 – $4.00","","",""
"1942","P","Five Cents","USA Invoice Import","Wartime Nickel","Average Circulated","$10.55","","","",""
"2001","D","Dime","Roosevelt Dimes","Unmapped","Uncirculated","2.50","$1 – $3","","",""
"2000","S","Quarter","State and Territory Quarters","South Carolina","Choice Proof 63","2.5","$4 – $12","","",""
"1953","","Penny","Lincoln Cent","Wheat Reverse","Genuine","$0.00","$0.10 - $0.50","","",""
"1992","","Dollar","American Eagle","Unmapped","Uncirculated","$72.95","$40 – $50","","",""
"2017","","Dollar","America the Beautiful Quarters","Unmapped","Ungraded","$71.00","$32 – $42","","",""
"2003","P","Quarter","State and Territory Quarters","Illinois","Uncirculated","4.95","$0.50 – $1.50","","",""
"1925","","Nickel","Buffalo Nickel","Native American & Buffalo","Fine","$6.75","Pending","","",""
"1936","","Nickel","Buffalo Nickel","America Revisited Selection","Circulated","$20.20","Pending","","",""
"1963","D","Dime","","Unmapped","Uncirculated","$17.10","$3 – $6","","",""
"1863-1867","","10 Cent Fractional Currency","Fractional Currency","Unmapped","Very Fine","$1,290.00","","","",""
"1974","S","Quarter","Washington Silver Quarter","Unmapped","Choice Proof 63","2.95","$5 – $10","","",""
"2014","W","Dollar","America the Beautiful Quarters","Unmapped","Uncirculated","$97.95","$45 – $65","","",""
"1849","O","Half Dollar","Liberty Seated","No Motto","Average Circulated","$148.00","Pending","","",""
"2025","S","Quarter Dollar","American Women Quarters","Juliette Gordon Low","Choice Proof-63","$34.95","","","",""
"1997","S","Quarter","Washington Silver Quarter","Unmapped","Choice Proof 63","14.75","$5 – $10","","",""
"1900","","Penny","Indian Head Cent","Unmapped","Good","Points","$1.50 – $3.00","","",""
"1979","","Kennedy Half Dollar","Kennedy Half Dollar","John F. Kennedy","Uncirculated","$4.75","$1.00 – $3.00","","",""
"2012","","Dollar","The Complete Original-Design Proof Silver Eagle Dollar Collection","American Eagle","Proof","$187.00","","","",""
"1976","D","Dollar","USA Invoice Import","Type 1 & Type 2 Set","Uncirculated","$27.00","","","",""
"1951","","Penny","Lincoln Wheat Cent Series","Abraham Lincoln","Not Graded","$0.00","$0.15 – $5.00","","",""
"2020P","","quarter","National Park Quarters","Unmapped","uncirculated","points","$0.25 – $1.50","","",""
"1938","D","Half Dollar","Liberty Walking Half Dollar","Unmapped","Fine","$235.00","Pending","","",""
"1930","","Quarter","Standing Liberty Silver Quarter","Unmapped","Very Good","$32.95","Pending","","",""
"1900","O/CC","Dollar","Morgan Silver Dollar","Liberty Head, Eagle","Very Choice Uncirculated","$1395.00","$1,100 – $1,600","","",""
"1980","S","Kennedy Half Dollar","Kennedy Half Dollar","John F. Kennedy","Proof-63 Cameo","$6.95","$3 – $6","","",""
"1941","","Half Dollar","USA Invoice Import","Liberty Walking","Very Good","$0.00","","","",""
"1914","","Penny","Lincoln Wheat Cent Series","Abraham Lincoln","Not Graded","$0.00","$0.15 – $15.00","","",""
"2022","D","Kennedy Half Dollar","Kennedy Half Dollar Series","John F. Kennedy","Uncirculated","$1.95","$1.50 – $3.00","","",""
"1957","D","Penny","Lincoln Cent","Lincoln Head","Uncirculated (UNC)","$1.40","$1.00 – $3.00","","",""
"1829","","Capped Bust Half Dime","","Capped Bust Liberty","Very Fine","$250.00","$90 – $150","","",""
"2024","","Lincoln Cent","","Unmapped","Uncirculated","$0.00","$0.01 – $0.25","","",""
"2001","S","Quarter","State and Territory Quarters","Vermont silver","Choice Proof 63","47.0","$4 – $12","","",""
"2024","W","Dollar","American Eagle Silver Dollar","Unmapped","Proof-63","$120.00","$70 – $90","","",""
"2018","D","Quarter","America the Beautiful Quarters","Minnesota Voyageurs National Park","Uncirculated","$1.00","$0.25 – $1.50","","",""
"1962","","Dime","Roosevelt Dimes","Unmapped","Uncirculated","points","$3 – $6","","",""
"1949","","Five Cents","The U.S. Nickel Collection","Unmapped","","$7.95","","","",""
"1878","","1 Dollar","Morgan Silver Dollars","Unmapped","Very Choice Uncirculated","$850.00","$150 – $250","","",""
"1949","D","Penny","Lincoln Cent","Lincoln Memorial Reverse","Average Circulated","$1.75","$0.15 - $0.50","","",""
"1897","O","1 Dollar","Morgan Silver Dollars","Unmapped","Extremely Fine","$135.00","$350 – $450","","",""
"2024","P","Quarter Dollar","American Women Quarters","Pauli Murray","Uncirculated","$1.00","","","",""
"1998","P","Kennedy Half Dollar","Kennedy Half Dollar","John F. Kennedy","Uncirculated","$0.00","$1.00 – $3.00","","",""
"1892","S","$1","Morgan Silver Dollar","Unmapped","About Uncirculated","3995","$12,000 – $25,000","","",""
"1948","","Cent","Lincoln Wheat Cent","America Revisited Selection","Circulated","$34.00","Pending","","",""
"2014","D","Kennedy Half Dollar","Kennedy Half Dollars","John F. Kennedy","Uncirculated","$1.95","$1.50 – $3.00","","",""
"1949","","Dime","USA Invoice Import","Unmapped","Uncirculated","$86.95","$8 – $15","","",""
"1979","S","Quarter","Washington Silver Quarter","Unmapped","Choice Proof 63","5.95","$3 – $7","","",""
"2019","W","$1","America the Beautiful Quarters","Unmapped","PR70DCAM PCGS","647.0","$175 – $250","","",""
"1920","","Penny","Lincoln Wheat Cent Series","Abraham Lincoln","Not Graded","$0.00","$0.15 – $15.00","","",""
"1948","","Penny","Lincoln Cent","Wheat Reverse","Genuine","$0.00","$0.10 - $0.50","","",""
"2012","S","Quarter","National Park Quarters","Maine Acadia National Park","Uncirculated","$3.50","$3.00 – $6.00","","",""
"2023","P","Dollar","U.S. Innovation Dollar","Ohio Underground Railroad","Uncirculated","$0.00","$1.50 – $3.00","","",""
"1958","","Quarter","Washington Silver Quarter","Unmapped","Proof-63","32.50","$8 – $15","","",""
"1840","O","Seated Liberty Silver Half Dollar","Seated Liberty Half Dollar","Seated Liberty","Very Good","$238.00","Pending","","",""
"1827","","Capped Bust Silver Dime","Capped Bust Dime","Liberty Seated (Capped Bust)","Fine","$195.00","Pending","","",""
"2024","D","Washington Quarter","American Women Quarters","Celia Cruz","Uncirculated","$0.00","Pending","","",""
"1881","CC","1 Dollar","Morgan Dollar","Unmapped","Very Good","$518.00","Pending","","",""
"1872","S","Nickel","","Mintmark above Bow","Extremely Fine","$129.00","$1,100 – $1,500","","",""
"1907","O","Half Dollar","Barber","Liberty Head","Ungraded","$42.50","$25 – $450","","",""
"2004","D","Quarter","State and Territory Quarters","Michigan","Uncirculated","1.95","$0.50 – $1.50","","",""
"1830","","Capped Bust Silver Half Dollar","Capped Bust Half Dollar","Capped Bust Liberty","Very Good","$148.50","$75 – $110","","",""
"1824","","Half Dollar","Washington Quarter Club","Capped Bust","Extra Fine 40","$558.00","","","",""
"2013","S","Quarter","America the Beautiful Quarters","White Mountain National Forest","Proof-63 Cameo","$8.95","$3 – $7","","",""
"2016","D","Penny","America the Beautiful Quarters","Unmapped","Uncirculated","$0.25","$0.10 – $1.00","","",""
"1921","S","Penny","Lincoln Cent","Lincoln Head","Very Fine (VF)","$24.50","$1.50 – $3.50","","",""
"2017","D","Quarter","National Park Quarters","Iowa Effigy Mounds National Monument","Uncirculated","$1.00","$0.50 – $1.50","","",""
"1973","D","Dollar","Eisenhower Dollar","Dwight D. Eisenhower","Uncirculated","$27.50","$1.50 – $4.00","","",""
"1936","","Five Cents","USA Invoice Import","Unmapped","Very Fine","$0.00","","","",""
"2004","D","Kennedy Half Dollar","Kennedy Half Dollar Series","John F. Kennedy","Uncirculated","$6.75","Pending","","",""
"1935","","Quarter","Washington Silver Quarter","Unmapped","Extremely Fine","26.95","$10 – $15","","",""
"2009","","Penny","Lincoln Cent Series","Abraham Lincoln, Formative Years Reverse","Uncirculated","$0.30","Pending","","",""
"2009","P","Penny","Lincoln Cent","Lincoln Bicentennial, Professional Life Reverse","Uncirculated","$2.00","$0.50 - $2.00","","",""
"2023","P","U.S. Innovation Dollar","U.S. Innovation Dollar Program","Indiana / Automobile Industry","Uncirculated","$0.00","$1.50 – $3.00","","",""
"1973","S","Dollar","Eisenhower Dollar","Dwight D. Eisenhower","UNC 63","$31.35","Pending","","",""
"2015","S","Quarter","National Park Quarters","Louisiana Kisatchie National Forest","Uncirculated","$2.65","$2.00 – $4.00","","",""
"2019","P, D, S","Quarter Dollar","National Park Quarters","America the Beautiful","Uncirculated","$14.95","$0.50 – $3.00","","",""
"1949","","Nickel","Jefferson Nickel","Unmapped","Circulated","$22.40","$0.10 – $0.50","","",""
"2022","D","Dollar","Native American $1 Coin","Ely Samuel Parker","Uncirculated","$0.00","$1.50 – $3.00","","",""
"1846","O","Half Dollar","Liberty Seated","Medium Date","Very Good","$130.50","$75 – $110","","",""
"2024","D","Quarter Dollar","American Women Quarters","Patsy Takemoto Mink","Uncirculated","$1.00","$0.50 – $1.50","","",""
"1883","CC","Morgan Silver Dollar","Morgan Silver Dollar","Unmapped","Ungraded","$795.00","$250 – $450","","",""
"1989S","","","Clad  Proof Set 5 coins","Unmapped","ch proog 63","$23.95","$4 – $8","","",""
"","","$1 Indian Territory Note","USA Invoice Import","Haileyville, Oklahoma","Crisp Unused","$65.50","$150 – $350","","",""
"2012","S","$1","Presidential $1 Coin Program","Benjamin Harrison","Choice Proof 63","45.00","$4 – $8","","",""
"1877","S","1 Dollar","Trade Dollar","Unmapped","Extra Fine 40","$495.00","$250 – $350","","",""
"2017","S","Quarter","National Park Quarters","Iowa Effigy Mounds National Monument","Proof-63","$11.75","$3 – $10","","",""
"2003","P","Quarter","State and Territory Quarters","Ohio","Uncirculated","2.5","$0.50 – $1.50","","",""
"2023","P","Dollar","Native American Dollar","Maria Tallchief","Uncirculated","$0.00","$1.50 – $3.00","","",""
"2024","D","Washington Quarter","American Women Quarters Program","Dr. Mary Edwards Walker","Uncirculated","$1.00","$1.00 – $3.00","","",""
"1878","CC","1 Dollar","Morgan Silver Dollar","Liberty Head","Fine","$225.00","Pending","","",""
"1993","S","Kennedy Half Dollar","Kennedy Half Dollar","John F. Kennedy","Proof-63 Cameo","$58.50","Pending","","",""
"1952","S","Quarter","Washington Quarter","Unmapped","Very Fine","23.50","$6 – $9","","",""
"1963","","Dime","Roosevelt Dime","Unmapped","Circulated","$18.30","Pending","","",""
"2024","P","Quarter Dollar","American Women Quarters","Patsy Takemoto Mink","Uncirculated","$0.00","","","",""
"","","Kennedy Half Dollar","The Half Dollar Club","Unmapped","Ungraded","$407.58","$3 – $15","","",""
"2024","S","Washington Quarter","American Women Quarters Program","Pauli Murray","Proof-63","$29.95","$12 – $22","","",""
"2023","D","","U.S. Uncirculated Coin Mint Sets","Denver Mint Panel","Uncirculated","$39.95","","","",""
"2023","D","Quarter Dollar","American Women Quarters","Jovita Idar","Uncirculated","$1.00","","","",""
"2003","S","Quarter","State and Territory Quarters","Alabama","Choice Proof 63","22.5","$4 – $10","","",""
"1922","D","Penny","Lincoln Cent","Lincoln Portrait","Average Circulated","$58.50","$15 – $30","","",""
"2019","W","Dollar","America the Beautiful Quarters","Unmapped","Proof-63","$127.00","$65 – $95","","",""
"1956","","Dime","Roosevelt Dime","Unmapped","Circulated","$26.40","Pending","","",""
"1875","S","Half Dollar","Liberty Seated","With Motto","Good","$110.00","$35 – $55","","",""
"1985","P","Kennedy Half Dollar","Kennedy Half Dollar Series","John F. Kennedy","Uncirculated","$12.25","$1.00 – $3.00","","",""
"1938","S","Quarter","Washington Silver Quarter","Unmapped","Fine","27.25","$10 – $15","","",""
"1907","O","Barber Silver Dimes","Barber Dimes","Liberty Head","Average Circulated","$24.50","Pending","","",""
"1997","","Dollar","American Eagle","Unmapped","Uncirculated","$73.95","$40 – $55","","",""
"1929","D","Cent","USA Invoice Import","Unmapped","Average Circ","$3.60","","","",""
"1839","","Capped Bust Silver Half Dollar","Capped Bust Half Dollar","Capped Bust Liberty","Extremely Fine","$480.00","Pending","","",""
"2023","S","Washington Quarter","American Women Quarters Program","Eleanor Roosevelt","Proof-63","$29.95","$12 – $22","","",""
"1924","","Five Cents","The U.S. Nickel Collection - Shipment 9","Unmapped","","$7.95","","","",""
"1920","S","Half Dollar","Walking Liberty Half Dollar","Unmapped","Very Good","$55.00","Pending","","",""
"2025","S","Quarter","American Women Quarters","Dr. Vera Rubin","Proof-63","$10.95","$3 – $7","","",""
"1970","D","Kennedy Half Dollar","Kennedy Half Dollar","John F. Kennedy","Uncirculated","$43.95","$12 – $18","","",""
"1953","D","Penny","Lincoln Cent","Unmapped","Uncirculated","$3.50","$1.50 – $5.00","","",""
"2024","S","Washington Quarter","American Women Quarters Program","Celia Cruz","Proof-63","$29.95","Pending","","",""
"1923","S","Dollar","USA Invoice Import","Peace","Very Fine","$0.00","","","",""
"1911","S","Half Dollar","Barber Half Dollar","Liberty Head","Circulated","$47.75","$45 – $350","","",""
"1911","P","Barber Silver Dimes","Barber Dime","Liberty Head","Good","$16.00","$3 – $5","","",""
"1853","","Dime","Liberty Seated Dime","Unmapped","Fine","$495.00","$25 – $40","","",""
"1947","","Quarter","Washington Quarter","Unmapped","Circulated","$24.20","$6 – $9","","",""
"1964","","Cent","Lincoln Memorial Cent","Unmapped","Circulated","$5.99","$0.01 – $0.15","","",""
"2022","P","Quarter","US Women's Quarters","Wilma Mankiller","Uncirculated","$1.00","$1.00 – $3.00","","",""
"1930","D","Penny","Lincoln Head Cent","Unmapped","Genuine","$0.00","$0.50 – $3.00","","",""
"2009","S","Quarter","State and Territory Quarters","District of Columbia commemorative","Choice Proof 63","25.5","$4 – $12","","",""
"1947","P","Half Dollar","Liberty Walking Half Dollar","Unmapped","Fine","$40.95","Pending","","",""
"1911","","25 Cents","Barber Silver Quarters","Liberty Head","Ungraded","$25.25","$8 – $150","","",""
"1862","","Quarter","Liberty Seated","Unmapped","Very Fine","$108.00","$120 – $175","","",""
"1918","S","Dime","U.S. Dime Collection","Unmapped","Average Circulated","$29.25","","","",""
"1828","","Half Cent","Classic Head","13 stars","Extremely Fine","$240.00","Pending","","",""
"1904","S","1 Dollar","Morgan Silver Dollars","Unmapped","Very Fine","$189.00","Pending","","",""
"2019D","","quarter","National Park Quarters","Unmapped","uncirculated","$1.00","","","",""
"2024","","Morgan Silver Dollar","","Unmapped","Ungraded","$229.00","Pending","","",""
"2018","D","Quarter","National Park Quarters","Michigan Pictured Rocks National Lakeshore","Uncirculated","$1.00","$0.50 – $1.50","","",""
"2007","D","$1","Presidential $1 Coin Program","James Madison","Uncirculated","5.50","$1.50 – $3.00","","",""
"1959","D","Dime","Roosevelt Dimes","Unmapped","Uncirculated","Points","$3 – $8","","",""
"1936","S","Quarter","Washington Quarters","Unmapped","Choice Uncirculated","245.00","$150 – $225","","",""
"2022","D","1 Dollar","Native American Dollar","Ely Samuel Parker","Uncirculated","$3.50","Pending","","",""
"1965","","Dime","USA Invoice Import","Unmapped","Uncirculated","$3.25","","","",""
"2020","","Dollar","American Innovation Dollar","Vermont Pennacook","Uncirculated","$5.95","$1.50 – $3.00","","",""
"2024","P","Washington Quarter","American Women Quarters Program","Dr. Mary Edwards Walker","Uncirculated","$1.00","$0.25 – $1.50","","",""
"1993","S","Dime","Roosevelt Dimes","Unmapped","Choice Proof 63","29.95","$3 – $7","","",""
"2003","P","Quarter","State and Territory Quarters","Alabama","Uncirculated","2.5","$0.50 – $1.50","","",""
"2010","S","Quarter","America the Beautiful Quarters","Yellowstone National Park","Proof-63 Cameo","$26.00","$8 – $15","","",""
"2024","P","1 Quarter","American Women Quarters Program","Zitkala-Sa","Uncirculated","$1.00","$0.50 – $2.00","","",""
"2015","P","$1","Presidential $1 Coin Program","Lyndon B. Johnson","Uncirculated","2.95","$2.00 – $4.00","","",""
"1977","","Dime","Roosevelt Dimes","Unmapped","Uncirculated","2.25","$1.50 – $3.50","","",""
"1936","D","Quarter","Washington Silver Quarter","Unmapped","Average Circ","24.95","$40 – $75","","",""
"1972","D","Nickel","Jefferson Nickel Series","Thomas Jefferson","Uncirculated","$1.10","$0.25 – $1.50","","",""
"1952","D","Quarter","Washington Silver Quarter","Unmapped","Extremely Fine","25.50","$8 – $12","","",""
"1973","S","Dollar","","Unmapped","Uncirculated","$0.00","$12 – $18","","",""
"1968-98","","","31 different US proof sets","Unmapped","ch proof 63","$599.00","$120 – $180","","",""
"2006S","","","Clad Proof Set 14 Coins","Unmapped","ch proof 63","$92.50","$25 – $35","","",""
"1898","","Dollar","Morgan Silver Dollar","Liberty Head, Eagle","About Uncirculated 50","$0.00","$45 – $55","","",""
"1990","","Five Cents","The U.S. Nickel Collection - Shipment 13","Unmapped","","$7.95","","","",""
"2006","D","Dime","Roosevelt Dimes","Unmapped","Uncirculated","2.00","$1 – $3","","",""
"1964","D","Quarter","Washington Silver Quarter","Unmapped","Average Circulated","points","Pending","","",""
"1883","CC","$1","Morgan Silver Dollar","Unmapped","Uncirculated","695.0","$325 – $450","","",""
"1994","S","Penny","Lincoln Memorial Cent","Lincoln Head","Proof-63","$6.50","$3 – $7","","",""
"1942","D","Dime","","Unmapped","Extremely Fine","$18.20","$6 – $10","","",""
"1928","D","Dime","U.S. Dime Collection Selection","Mercury","Average Circulated","$37.50","","","",""
"1931","","Dime","USA Invoice Import","Unmapped","Fine","$27.50","","","",""
"1949","","Penny","Lincoln Cent","Wheat Reverse","Genuine","$0.00","$0.10 - $0.50","","",""
"","","Half Dollar","The Half Dollar Club","Unmapped","","$407.58","","","",""
"1911","","Penny","Lincoln Cent","Lincoln Head","Genuine","$0.00","$0.50 – $2.00","","",""
"1821","","Capped Bust Silver Half Dollar","Capped Bust Half Dollar","Capped Bust Liberty","Very Fine","$299.00","Pending","","",""
"1939","","Cent","Lincoln Wheat Cent","Unmapped","Circulated","$20.60","Pending","","",""
"2019P","","quarter","National Park Quarters","Unmapped","uncirculated","$1.75","$0.25 – $1.50","","",""
"2023","D","U.S. Innovation Dollar","American Innovation $1 Coin Program","Ohio / Underground Railroad","Uncirculated","$0.00","$1.50 – $3.00","","",""
"1908","S","25 Cents","Barber Quarters","Liberty Head","Very Good","$95.00","$1,100 – $1,400","","",""
"1907","S","Dime","U.S. Dime Collection Selection","Barber","Average Circulated","$27.00","","","",""
"2023","P","Quarter","American Women Quarters Program","Jovita Idar","Uncirculated","$1.00","Pending","","",""
"1914","Pending","Dime","Barber Series","Liberty Head","Fine","$28.95","Pending","","",""
"1909","S","1 Cent","Lincoln Cent","Abraham Lincoln","Very Good","$795.00","Pending","","",""
"2021","S","Five Cents","America the Beautiful Quarters","Unmapped","Choice Proof-63","$0.00","","","",""
"2001","S","Quarter","State and Territory Quarters","Rhode Island","Choice Proof 63","8.5","Pending","","",""
"1926","","Penny","Lincoln Wheat Cent","Abraham Lincoln","Genuine","","Pending","","",""
"1911","S","Penny","Lincoln Wheat Cent","Abraham Lincoln","Very Good","","Pending","","",""
"1921","D","Dollar","Morgan Silver Dollar","The Only Denver Mint","","$199.00","","","",""
"2017","D","Quarter","America the Beautiful Quarters","District of Columbia Frederick Douglass National Historic Site","Uncirculated","$1.00","Pending","","",""
"1825","","Quarter","Capped Bust","Unmapped","Very Good","$350.00","Pending","","",""
"1905","S","Dime","Barber Series","Liberty Head","Average Circulated","$22.50","$65 – $110","","",""
"1961","","Nickel","Jefferson Nickel","America Revisited Selection","Circulated","$18.30","Pending","","",""
"2019","P","Quarter","America the Beautiful Quarters","Lowell National Historical Park","Uncirculated","$1.00","$0.25 – $1.50","","",""
"2023","D","Quarter","American Women Quarters","Bessie Coleman","Uncirculated","$1.00","$0.50 – $1.50","","",""
"1909","D","1 Cent","Lincoln Cent (Wheat Reverse)","Abraham Lincoln","Choice About Uncirculated","$700.00","Pending","","",""
"1944","D","Penny","Lincoln Head Penny","Unmapped","Uncirculated","$4.50","Pending","","",""
"2018","","Dollar","America the Beautiful Quarters","Unmapped","Uncirculated","$0.00","","","",""
"1908","","Penny","Indian Head Cent","Indian Head","Good","$8.25","$1.50 – $3.00","","",""
"1880","","Dollar","Morgan Silver Dollar","Liberty Head, Eagle","About Uncirculated 50","$105.00","$45 – $55","","",""
"1833","","Half Dime","USA Invoice Import","Unmapped","About Uncirculated-58","$653.00","","","",""
"1996","S","Dime","Roosevelt Dimes","Unmapped","Choice Proof 63","7.75","$3 – $7","","",""
"1943","","Penny","Lincoln Cent","Steel Cent (Wartime Issue)","Genuine","$0.00","$0.50 - $2.00","","",""
"1946","S","Dime","Mercury Dime","Winged Liberty Head","Uncirculated","Points","$8 – $15","","",""
"1915","P","Dime","Barber Dimes","Liberty Head","Very Good","$26.95","Pending","","",""
"1915","","25 Cents","Barber Silver Quarters","Liberty Head","Ungraded","$25.25","$8 – $150","","",""
"1952","","Five Cents","The U.S. Nickel Collection","Thomas Jefferson","","$7.95","","","",""
"2019","S","Quarter","America the Beautiful Quarters","San Antonio Missions National Historical Park","Proof-63 Cameo","$5.50","$3 – $7","","",""
"2010","P","Dime","America the Beautiful Quarters","Unmapped","Uncirculated","2.00","$1.00 – $3.00","","",""
"2024","","Dollar","The Ultimate Modern Morgan and Peace Silver Dollar Collection","Peace Dollar","Reverse Proof","$256.26","","","",""
"2008","S","Quarter","State and Territory Quarters","Hawaii Silver","Choice Proof 63","22.5","$4 – $10","","",""
"2006","D","Quarter","State and Territory Quarters","South Dakota","Uncirculated","3.0","$0.50 – $1.50","","",""
"1940","S","Half Dollar","Walking Liberty Half Dollar","Unmapped","Very Fine","$43.95","$14 – $22","","",""
"1916","S","Dime","Barber Dimes","Liberty Head","Good","$22.95","Pending","","",""
"1905","O","Dime","Barber Dimes","Liberty Head","Average Circulated","$24.50","$15 – $35","","",""
"1928","","Penny","Lincoln Head Cent","Unmapped","Genuine","$0.00","$0.15 – $1.50","","",""
"1942","S","Lincoln Cent","The World War II U.S. Coin Collection","WWII","Ungraded","$0.00","$0.15 – $3.00","","",""
"1987","","Penny","Lincoln Cent Series","Abraham Lincoln","Uncirculated","$0.95","$0.15 – $1.00","","",""
"1975","D","Dime","Roosevelt Dimes","Unmapped","Uncirculated","3.25","$1 – $3","","",""
"1952","","Penny","Lincoln Cent","Wheat Reverse","Genuine","$0.00","$0.10 - $0.50","","",""
"1971-1978","","Dollar","Eisenhower Dollar","Ike Dollar Set","Uncirculated & Proof-63","$899.00","","","",""
"2013","D","Penny","America the Beautiful Quarters","Unmapped","Uncirculated","","Pending","","",""
"1878","","Quarter","Liberty Seated","Unmapped","Very Good","$95.00","Pending","","",""
"2025","S","Quarter Dollar","American Women Quarters","Althea Gibson","Choice Proof-63","$34.95","","","",""
"2024","D","1 Quarter","American Women Quarters Program","Zitkala-Sa","Uncirculated","$1.00","Pending","","",""
"1976S","","","Clad  Proof Set 6 coins","Unmapped","ch proog 63","$33.95","$8 – $15","","",""
"1912","","Nickel","Liberty Head Nickel","Unmapped","About Good","$9.00","Pending","","",""
"1873","","Half Dollar","Liberty Seated","Closed 3","Very Good","$145.00","Pending","","",""
"2020","W","Dollar","The Complete 2020 American Eagle NGCX Silver Dollar Set","WWII 75TH ANN.","","$298.00","","","",""
"2008","D","Penny","Lincoln Cent","Lincoln Memorial Reverse","Uncirculated","$4.00","$0.10 - $0.50","","",""
"1976","D","1 Dollar","U.S. Bicentennial","Eisenhower Dollar - Variety 2","UNC 63","$31.35","$4 – $8","","",""
"1921","","Penny","Lincoln Wheat Cent Series","Abraham Lincoln","Not Graded","$0.00","$0.15 – $15.00","","",""
"2023","S","Half Dollar","Half Dollar Club Selection","Kennedy","Ch Proof-63","$16.50","","","",""
"1862-1863","","10C Fractional Currency","USA Invoice Import","Unmapped","Choice Crisp","$305.00","","","",""
"1955","D","Nickel","Jefferson Nickel Series","Thomas Jefferson","Uncirculated","$1.95","$2 – $8","","",""
"1959","","Quarter","Washington Silver Quarter","Unmapped","Proof-63","32.75","$8 – $14","","",""
"1935","","Penny","Lincoln Wheat Cent","Abraham Lincoln","Genuine","","$0.15 – $3.00","","",""
"1937","","Nickel","Buffalo Nickel","Unmapped","Circulated","$26.20","Pending","","",""
"1974","D","Dollar","The Complete Collection of Eisenhower Dollar Coins","Eisenhower","Uncirculated","Included in Shipment","","","",""
"2014","S","$1","Presidential $1 Coin Program","Warren G. Harding","Proof-63","10.50","$3 – $7","","",""
"1843","","Dollar","Liberty Seated","Unmapped","VF-20","$695.00","Pending","","",""
"2010","","Dollar","America the Beautiful Quarters","Unmapped","Uncirculated","$0.00","","","",""
"1857","O","Seated Liberty Half Dime","","Stars","Extremely Fine","$135.00","Pending","","",""
"1936-38","","Nickel","Last seven Buffalo Nickels","Unmapped","genuine or B","$47.50","","","",""
"1877","CC","Half Dollar","Liberty Seated","With Motto","Good","$175.00","Pending","","",""
"1909-1958","","Cent","USA Invoice Import","Wheat Cent","Average Circ","$44.50","","","",""
"1964","D","Dime","USA Invoice Import","Unmapped","Uncirculated","$0.00","","","",""
"1951","","Penny","Lincoln Wheat Cent","Abraham Lincoln","Genuine","","$0.15 – $1.50","","",""
"2004","W","Dollar","American Eagle","Unmapped","Proof-63","$129.00","Pending","","",""
"1940","S","Dime","Mercury Dime","Winged Liberty Head","Extremely Fine","$18.75","Pending","","",""
"2007","","Five Cents","The U.S. Nickel Collection","Unmapped","","$7.95","","","",""
"2004","S","Quarter","State and Territory Quarters","Iowa","Proof-63","22.5","Pending","","",""
"1906","","Dime","","Unmapped","Good","$0.00","Pending","","",""
"2023","","Dollar","American Eagle","Unmapped","Uncirculated","$59.95","","","",""
"2013","D","$1","Presidential $1 Coin Program","William McKinley","Uncirculated","2.95","Pending","","",""
"2020","S","Quarter","National Park Quarters","Weir Farm National Historic Site","Proof-63","$12.00","Pending","","",""
"2024","","Dollar","American Eagle","Unmapped","Uncirculated","$0.00","","","",""
"2018D","","quarter","National Park Quarters","Unmapped","uncirculated","$1.00","","","",""
"2010-2021","","Quarter Dollar","National Park Quarters","56 Coins Complete Set","Uncirculated","$14.95","","","",""
"2024","","Quarter Dollar","The Celebrating America Coin Collection","Dr. Mary Edwards Walker","","$17.95","","","",""
"1952","S","Dime","Roosevelt Dimes","Unmapped","Uncirculated","29.95","Pending","","",""
"1910","","Five Cents","The U.S. Nickel Collection","Unmapped","","$7.95","","","",""
"1951","","","America Revisited Selection","5-Coin Time Capsule Year Set","Circulated","$135.00","","","",""
"1879","CC","1 Dollar","Morgan Silver Dollars","Unmapped","Fine","$329.00","Pending","","",""
"2006","S","Five Cents","USA Invoice Import","Return to Monticello","Choice Proof-63","$8.75","","","",""
"1860","","Seated Liberty Half Dime","","Unmapped","Very Fine","$67.50","Pending","","",""
"1965","","Quarter","Washington Silver Quarter","Unmapped","Uncirculated","4.50","$1 – $5","","",""
"1923","S","Dollar","Peace Dollar","Unmapped","About Uncirculated","$95.00","Pending","","",""
"2015","P","$1","Presidential $1 Coin Program","Dwight D. Eisenhower","Uncirculated","2.95","$2.00 – $4.00","","",""
"2015","S","$1","Presidential $1 Coin Program","John F. Kennedy","Choice Proof 63","8.75","$4 – $8","","",""
"1953","","Quarter","Washington Quarter","Unmapped","Circulated","$19.20","Pending","","",""
"2022","D","Dollar","USA Invoice Import","Ely Samuel Parker","Uncirculated","$0.00","","","",""
"2019","D","Dollar","Native American Dollar","Space Program","Uncirculated","$0.00","","","",""
"1947","","Penny","Lincoln Cent","Wheat Reverse","Genuine","$0.00","$0.10 - $0.50","","",""
"2018","S","Quarter","America the Beautiful Quarters","Georgia Cumberland Island National Park","Proof-63","$5.50","$3 – $7","","",""
"2006","P","Five Cents","Westward Journey","Return to Monticello","Uncirculated","$1.80","","","",""
"1980","S","Susan B. Anthony Dollar","Susan B. Anthony Dollar","Unmapped","Proof-63","$15.95","$3 – $7","","",""
"1916","D","Dime","U.S. Dime Collection Selection","Mercury","Fair 2","$1,245.00","","","",""
"1961","","Penny","Lincoln Cent","Lincoln Head","Uncirculated","$0.40","$0.15 – $2.00","","",""
"1947","","Cent","Lincoln Cent","Unmapped","Circulated","$24.20","Pending","","",""
"1964","D","Penny","Lincoln Cent","Lincoln Head","Uncirculated","$0.45","$0.15 – $1.50","","",""
"1841","O","Half Dollar","Liberty Seated","With Motto, Closed 3","About Fine","$130.50","Pending","","",""
"1989","W","$1","","Unmapped","PCGS PR70DCAM","2677.33","$1,100 – $1,400","","",""
"2009","","Penny","Lincoln Cent Series","Abraham Lincoln, Presidency Reverse","Uncirculated","$0.30","$0.25 – $1.50","","",""
"2018","S","Quarter","National Park Quarters","Minnesota Voyageurs National Park","Proof-63","$11.75","Pending","","",""
"","","Quarter","American Women Quarters Program","Dr. Vera Rubin","Ungraded","$17.95","$1 – $5","","",""
"1857","O","Half Dollar","Liberty Seated","No Motto","Very Fine","$175.00","Pending","","",""
"1939","","Half Dollar","Walking Liberty Half Dollar","Unmapped","Circulated","$20.60","Pending","","",""
"1917","S","Quarter","Standing Liberty Silver Quarter (Type 1)","Unmapped","Extremely Fine","$342.00","Pending","","",""
"1901-2011","","Five Cents","The U.S. Nickel Collection","Liberty Head and Jefferson Nickels","","$31.80","","","",""
"2024","S","Washington Quarter","American Women Quarters Program","Dr. Mary Edwards Walker","Proof-63","$29.95","Pending","","",""
"1982","S","Quarter","Washington Silver Quarter","Unmapped","Proof-63","3.95","Pending","","",""
"1890","O","1 Dollar","Morgan Silver Dollars","Liberty Head","About Uncirculated","$112.50","Pending","","",""
"1903","","Cent","Indian Head Cent","Unmapped","Good","$8.25","Pending","","",""
"1854","","Half Dime","Seated Liberty","Arrows","Very Fine","$76.50","Pending","","",""
"2005","D","Quarter","State and Territory Quarters","West Virginia","Uncirculated","3.0","Pending","","",""
"2009","S","Quarter","State and Territory Quarters","American Samoa Territory Commemorative","Proof-63","10.75","Pending","","",""
"1978","S","Dime","Roosevelt Dimes","Type 2 Clear S","Proof-63","4.00","Pending","","",""
"1948","","Penny","Lincoln Wheat Cent","Abraham Lincoln","Genuine","","$0.15 – $1.50","","",""
"2012","S","Quarter","National Park Quarters","Hawaii Volcanoes National Park","Proof-63","$28.50","$8 – $15","","",""
"1985","","Five Cents","The U.S. Nickel Collection","Unmapped","","$7.95","","","",""
"1918","D","1 Dime","Mercury Dime","Unmapped","Good","$29.50","Pending","","",""
"1957","","Five Cents","The U.S. Nickel Collection - Shipment 9","Unmapped","","$7.95","","","",""
"1915","S","Dime","Barber Dime","Liberty Head","Very Good","$46.95","Pending","","",""
"1992","S","Dime","Roosevelt Dime","Unmapped","Choice Proof 63","8.75","$3 – $8","","",""
"2024","P","Dollar","American Innovation $1 Coin","Saturn V Rocket","Uncirculated","$0.00","$1.50 – $3.00","","",""
"1958","","Quarter","Washington Quarter","Unmapped","Uncirculated","8.25","$8 – $15","","",""
"1892","CC","1 Dollar","Morgan Dollar","Unmapped","Very Fine","$515.00","$450 – $600","","",""
"1957","","Penny","Lincoln Cent","Abraham Lincoln","Not Graded","$0.00","$0.15 – $3.00","","",""
"1951","S","Penny","Lincoln Cent","Abraham Lincoln","About Good","$0.70","$0.05 – $0.15","","",""
"1873","S","Half Dollar","Liberty Seated","With Arrows","Good","$145.00","$450 – $750","","",""
"2019","S","Quarter","America the Beautiful Quarters","Idaho Frank Church River of No Return Wilderness","Uncirculated","$1.25","$2.00 – $5.00","","",""
"1943","P","Half Dollar","Walking Liberty","Unmapped","Extremely Fine","$41.00","Pending","","",""
"1840","","Half Dime","Liberty Seated","Stars and Drapery","Very Fine","$225.00","$90 – $150","","",""
"1934","D","Quarter","Washington Quarter","Unmapped","Fine/Very Fine","47.00","$12 – $20","","",""
"1956","","Cent","Lincoln Cent","Unmapped","Circulated","$26.40","Pending","","",""
"2016D","","quarter","National Park Quarters","Unmapped","uncirculated","$1.00","$1.00 – $3.00","","",""
"1924","D","Nickel","Buffalo Nickel","Native American & Buffalo","Fine","$114.00","$35 – $55","","",""
"1978","D","One Dollar","Eisenhower Dollar","Dwight D. Eisenhower","UNC 63","$31.35","$4 – $8","","",""
"1982","D or S","Half Dollar","Advertisement Items","George Washington Commemorative","Unknown","$14.95","","","",""
"2006","S","Quarter","State and Territory Quarters","Colorado commemorative silver","Choice Proof 63","22.5","$4 – $10","","",""
"1910","S","Penny","Lincoln Head Penny","Lincoln Portrait","Fine","$65.00","Pending","","",""
"2003","S","Quarter","State and Territory Quarters","Maine","Choice Proof 63","7.5","Pending","","",""
"2001","P","Dime","Roosevelt Dimes","Unmapped","Uncirculated","2.50","$1 – $3","","",""
"","","Dollar","The Statehood Innovation Dollar Coin Collection","Iowa","","$17.95","","","",""
"1926","","Nickel","","Unmapped","Very Good","$0.00","$2 – $5","","",""
"1930","P","Quarter","Standing Liberty Silver Quarter","Unmapped","Very Good","$32.47","$8 – $15","","",""
"1935","A","$1 Silver Certificate","American Paper Money Club Selection","North Africa RC Block","Uncirculated-65 Premium","$567.00","","","",""
"1898","O","Half Dollar","Barber","Liberty Head","Ungraded","$64.00","$25 – $1,500","","",""
"1915","D","Half Dollar","Barber","Liberty Head","Very Good","$54.00","Pending","","",""
"1924","D","Penny","Lincoln Cent","Abraham Lincoln","Very Fine","$138.00","$35 – $55","","",""
"1974","D","Dollar","Eisenhower Dollar","Dwight D. Eisenhower","MS-63","$31.35","$4 – $8","","",""
"1958","D","Quarter","Washington Quarter","Unmapped","Uncirculated","24.5","$8.00 – $15.00","","",""
"2011","D","Penny","America the Beautiful Quarters","Unmapped","Uncirculated","","$0.10 – $1.00","","",""
"1917","","Penny","Lincoln Cent","Abraham Lincoln","Genuine","","$0.15 – $1.50","","",""
"1914","","Penny","Lincoln Cent","Abraham Lincoln","Not Graded","$0.00","$0.15 – $15.00","","",""
"1937","S","Quarter","Washington Quarter","Unmapped","Very Good","26.50","Pending","","",""
"1960","D","Penny","Lincoln Cent","Lincoln Head","Uncirculated","$0.55","Pending","","",""
"","","","The Celebrating America Coin Collection","Mayflower Compact","","$17.95","","","",""
"2020","S","Quarter","National Park Quarters","Salt River Bay National Historical Park and Ecological Preserve","Proof-63","$12.00","Pending","","",""
"1889","CC","$1","Morgan Silver Dollar","Unmapped","About Uncirculated","4995.0","Pending","","",""
"2011","D","Quarter","National Park Quarters","Olympic National Park","Mint State","$1.50","Pending","","",""
"1823","","Dime","U.S. Dime Collection Selection","Unmapped","Good 6","$325.00","","","",""
"1962","D","Dime","USA Invoice Import","Unmapped","Average Circulated","$0.00","","","",""
"1917","","Penny","Lincoln Cent","Abraham Lincoln","Genuine","","Pending","","",""
"2019D","","quarter","National Park Quarters","Unmapped","uncirculated","$1.00","$1.00 – $3.00","","",""
"2019","S","Dime","America the Beautiful Quarters","Unmapped","Ch Proof-63","23.50","$3 – $7","","",""
"1967","","Kennedy Half Dollar","Kennedy Half Dollar","John F. Kennedy","Uncirculated","$29.50","$4.50 – $8.00","","",""
"1927","","Nickel","","Unmapped","Fine","$0.00","Pending","","",""
"1956","","Quarter","Washington Silver Quarter","Unmapped","Uncirculated","28.25","$8 – $15","","",""
"1911","","Penny","Lincoln Head Penny","Lincoln Portrait","Genuine","$0.00","$0.15 – $1.50","","",""
"1930","","Penny","Lincoln Wheat Cent Series","Abraham Lincoln","Not Graded","$0.00","$0.15 – $15.00","","",""
"1983","S","Penny","Lincoln Cent Series","Abraham Lincoln","Proof-63","$5.50","$1.00 – $3.00","","",""
"1920","","Penny","Lincoln Wheat Cent","Abraham Lincoln","Genuine","","$0.15 – $1.50","","",""
"1902","","Penny","Indian Head Cent","Indian Head","Good","$8.25","Pending","","",""
"2008","","Penny","Lincoln Cent Series","Abraham Lincoln","Uncirculated","$0.25","$0.15 – $1.00","","",""
"1966","","Kennedy Half Dollar","Kennedy Half Dollar Series","John F. Kennedy","Uncirculated","$21.50","$10 – $15","","",""
"1905","","25 Cents","Barber Silver Quarters","Liberty Head","Very Good","$76.50","Pending","","",""
"1980","P","Dime","Roosevelt Dimes","Unmapped","Uncirculated","2.00","Pending","","",""
"1974","S","Dollar","Eisenhower Dollar","Dwight D. Eisenhower","Proof-63","$0.00","Pending","","",""
"1929","","$10 Federal Reserve Bank Note","Federal Reserve Bank Note","Unmapped","Fine","$133.00","","","",""
"1969","","Dime","Roosevelt Dimes","Unmapped","Uncirculated","6.75","Pending","","",""
"1976","","Quarter","Historic U.S. Silver Coins","Shipment # 4","","$79.90","","","",""
"1988","D","Penny","Lincoln Cent","Abraham Lincoln","Mint State","$1.50","Pending","","",""
"1978","D","Dime","Roosevelt Dimes","Unmapped","Uncirculated","2.00","Pending","","",""
"1912","S","Dime","Barber Dimes","Liberty Head","Good","$22.95","Pending","","",""
"2022","D","Dime","Roosevelt Dimes","Unmapped","Uncirculated",".95","$0.15 – $1.00","","",""
"1925","","Penny","Lincoln Cent","Lincoln Portrait","Genuine","$0.00","$0.15 – $1.50","","",""
"1860","O","Seated Liberty Half Dime","","Unmapped","Fine","$75.00","Pending","","",""
"2006","S","Kennedy Half Dollar","Kennedy Half Dollar Series","John F. Kennedy","Choice Proof 63","$9.50","$3 – $7","","",""
"1990","D","Quarter","Washington Silver Quarter","Unmapped","Uncirculated","3.95","$1 – $3","","",""
"1930","","Penny","Lincoln Wheat Cent","Abraham Lincoln","Genuine","","$0.15 – $1.50","","",""
"2017","S","Kennedy Half Dollar","Kennedy Half Dollar","John F. Kennedy","Proof-63 Cameo","$5.75","$4 – $8","","",""
"1893","CC","$1","Morgan Silver Dollar","Unmapped","in display","2495","$350 – $6,500","","",""
"2008","P","$1","Presidential $1 Coin Program","James Monroe","Uncirculated","4.95","$1.50 – $3.00","","",""
"1950","D","Dime","Roosevelt Dimes","Unmapped","Uncirculated","points","$8 – $15","","",""
"2023","","Morgan Silver Dollar","Modern Morgan and Peace Silver Dollar Collection","Unmapped","Proof","$229.00","Pending","","",""
"1872","","Nickel","Shield Nickel","Unmapped","Very Good","$103.50","$18 – $30","","",""
"1999","D","Quarter","State and Territory Quarters","New Jersey","Uncirculated","2.5","$0.50 – $1.50","","",""
"1980","D","Kennedy Half Dollar","Kennedy Half Dollar","John F. Kennedy","Uncirculated","$4.50","Pending","","",""
"2012","D","Quarter","National Park Quarters","Denali National Park","Mint State","$1.25","Pending","","",""
"1882","CC","$1","Morgan Silver Dollar","Unmapped","Uncirculated","695.0","Pending","","",""
"1929","S","Nickel","Buffalo Nickel","Unmapped","Average Circulated","$0.00","Pending","","",""
"1943","S","Nickel","Jefferson Nickel Series","Thomas Jefferson, Wartime Nickel","Average Circulated","$0.00","Pending","","",""
"1963","","Cent","Lincoln Cent","Unmapped","Circulated","$18.30","Pending","","",""
"2018D","","quarter","National Park Quarters","Unmapped","uncirculated","Points","","","",""
"1828","","Capped Bust Silver Half Dollar","Capped Bust Half Dollar","Capped Bust Liberty","Genuine","$124.00","Pending","","",""
"1937","","Penny","Lincoln Cent","Abraham Lincoln","Genuine","","$0.15 – $1.50","","",""
"1953","S","Dime","Roosevelt Dime","Unmapped","Uncirculated","14.25","$8 – $15","","",""
"1999","D","Quarter","50 State Quarters","Delaware","Uncirculated","2.5","$0.50 – $1.50","","",""
"2009","P","Dime","Roosevelt Dime","Unmapped","Uncirculated","4.75","$1.50 – $3.50","","",""
"1985","D","Kennedy Half Dollar","Kennedy Half Dollar","John F. Kennedy","Uncirculated","$9.95","$1.00 – $3.00","","",""
"1917","S","Dime","U.S. Dime Collection Selection","Mercury","Genuine","$23.95","","","",""
"1984","D","Quarter","Washington Quarter","Unmapped","Uncirculated","3.50","$1.00 – $3.00","","",""
"1846","","Large Cent","Braided Hair Large Cents","Liberty Head","Very Fine","$121.50","Pending","","",""
"1934","A","$500 Federal Reserve Note","American Paper Money Club","$500 Federal Reserve Note","Fine (F-12)","$2,320.00","","","",""
"2020","P","Kennedy Half Dollar","Kennedy Half Dollar Series","John F. Kennedy","Uncirculated","points","$1.50 – $3.50","","",""
"2006","P","Dime","Roosevelt Dimes","Unmapped","Uncirculated","2.00","$1 – $3","","",""
"2025","P","Roosevelt Dime","","Unmapped","Good","$10.95","$0.10 – $0.15","","",""
"1989","D","Dime","Roosevelt Dimes","Unmapped","Uncirculated","3.00","$1 – $3","","",""
"1968","","Five Cents","The U.S. Nickel Collection","Unmapped","","$7.95","","","",""
"2023","D","U.S. Innovation Dollar","U.S. Innovation Dollar Program","Louisiana / The Higgins Boat","Uncirculated","$0.00","$1.50 – $3.00","","",""
"1983S","","","Clad  Proof Set 6 coins","Unmapped","ch proog 63","$26.50","$4 – $8","","",""
"1918","","Dime","Mercury Dime","Unmapped","Fine","30.50","Pending","","",""
"1959","","Penny","Lincoln Memorial Cent","Abraham Lincoln, Lincoln Memorial","Mint State","$0.45","$1 – $5","","",""
"2001","S","Quarter","State and Territory Quarters","Kentucky, silver","Choice Proof 63","34.0","$4 – $10","","",""
"1904","O","Half Dollar","Barber","Liberty Head","Good","$57.00","$45 – $65","","",""
"2020","S","Quarter","National Park Quarters","Kansas Tallgrass Prairie National Preserve","Proof-63","$5.65","$3 – $7","","",""
"1905","S","Half Dollar","Barber","Liberty Head","Circulated","$48.75","$65 – $250","","",""
"2007","P","$1","Presidential $1 Coin Program","John Adams","Uncirculated","4.25","$1.50 – $3.00","","",""
"2004","D","Penny","Lincoln Cent","Unmapped","Uncirculated","","Pending","","",""
"2015","P","Kennedy Half Dollar","Kennedy Half Dollar Series","John F. Kennedy","Uncirculated","points","Pending","","",""
"1934","","Penny","Lincoln Wheat Cent","Abraham Lincoln","Genuine","","Pending","","",""
"1993","S","Penny","Lincoln Cent","Lincoln Head","Proof 63 (PR63)","$6.50","Pending","","",""
"1826","","Capped Bust Silver Half Dollar","Capped Bust Half Dollar","Capped Bust Liberty","EF-40","$310.00","Pending","","",""
"1826","","$50","Obsolete Note","New York Marble Manufacturing NY-1705-G22","Extremely Fine or Better","$233.00","","","",""
"2016","P","$1","Presidential $1 Coin Program","Richard M. Nixon","Uncirculated","2.95","Pending","","",""
"1946","","Quarter","Washington Silver Quarter","Unmapped","Average Circulated","points","Pending","","",""
"2022","","$1","The Statehood Innovation Dollar Coin Collection","Illinois","","$17.95","","","",""
"1964","D","Half Dollar","USA Invoice Import","Unmapped","Uncirculated","$0.00","","","",""
"1989","D","Kennedy Half Dollar","Kennedy Half Dollar","John F. Kennedy","Uncirculated","$5.95","Pending","","",""
"2005","S","Quarter","State and Territory Quarters","Kansas commemorative","Choice Proof 63","25.0","Pending","","",""
"2007","D","$1","Presidential $1 Coin Program","George Washington","Uncirculated","4.25","Pending","","",""
"2017","S","Quarter","National Park Quarters","Iowa Effigy Mounds National Monument","Uncirculated","$1.25","Pending","","",""
"1999","","Dollar","American Eagle","Unmapped","Uncirculated","$72.95","$38 – $48","","",""
"2021","","Dollar","American Eagle","Type II Reverse Design","Uncirculated","$0.00","","","",""
"1973","","1 Dollar","Eisenhower Dollar","Dwight D. Eisenhower","UNC 63","$31.35","$3 – $8","","",""
"1950","","Half Dollar","Franklin Half Dollar","Benjamin Franklin","Extremely Fine","$44.95","$12 – $16","","",""
"1884","CC","$1","Morgan Silver Dollar","Unmapped","Uncirculated","695","$325 – $425","","",""
"2023","P","Native American Dollar","Native American Dollar Program","Maria Tallchief","Uncirculated","$0.00","$1.50 – $3.00","","",""
"1911","","Penny","Lincoln Cent","Abraham Lincoln","Genuine","","Pending","","",""
"1864-1869","","25C Fractional Currency","Fractional Currency","Unmapped","Crisp Uncirculated","$267.00","","","",""
"1859","O","Seated Liberty Half Dime","","Stars","Extremely Fine","$195.00","$175 – $250","","",""
"1954","P","Nickel","Jefferson Nickel Series","Thomas Jefferson","Uncirculated","$8.25","Pending","","",""
"1990","","Mixed","Prestige Proof Set","Eisenhower Centennial","Choice Proof-63","$82.95","","","",""
"2024","S","Quarter Dollar","American Women Quarters","Zitkala-Sa","Ch Proof-63","$8.95","","","",""
"1918","P","Half Dollar","Liberty Walking Half Dollar","Unmapped","Very Good","$55.00","Pending","","",""
"2015","D","$1","Presidential $1 Coin Program","Harry S. Truman","Uncirculated","2.95","Pending","","",""
"2005","D","1 Dollar","Sacagawea Dollar","Unmapped","MS-60","$11.50","Pending","","",""
"1945","S","Quarter","Washington Quarter","Unmapped","Average Circulated","$0.00","Pending","","",""
"1926","","Quarter","Standing Liberty Quarter","Unmapped","Good","$30.00","Pending","","",""
"1976","D","1 Dollar","U.S. Bicentennial","Eisenhower Dollar - Variety 1","MS-63","$31.35","Pending","","",""
"2011","P","Quarter","National Park Quarters","Vicksburg National Military Park","Mint State","$3.00","Pending","","",""
"1880","CC","Dollar","Officially Sealed Carson City Mint Morgan Silver Dollars","Unmapped","","$1300.00","","","",""
"2007","S","Dime","Roosevelt Dimes","Unmapped","Ch Proof-63","4.50","$3 – $7","","",""
"2016S","","quarter","National Park Quarters","Unmapped","CH-proof 63","$5.50","$3 – $8","","",""
"2025","S","Quarter Dollar","American Women Quarters","Stacey Park Milbern","Choice Proof-63","$10.95","","","",""
"2004","S","Quarter","State and Territory Quarters","Texas","Ch Proof-63","8.95","$3 – $10","","",""
"2024","S","Washington Quarter","American Women Quarters Program","Zitkala-Sa","Proof-63","$29.95","Pending","","",""
"2025","S","Dime","Roosevelt","Unmapped","Choice Proof-63","$34.95","","","",""
"1887","S","1 Dollar","Morgan Silver Dollars","Unmapped","Very Fine","$99.00","$45 – $60","","",""
"1935","D","Half Dollar","Liberty Walking Half Dollar","Unmapped","Fine","$43.95","$15 – $25","","",""
"1824","","Dime","U.S. Dime Collection","Capped Bust","Good 6","$300.00","","","",""
"2023","S","Quarter","US Women's Quarters","Edith Kanaka'ole","Proof-63","$8.95","$3 – $7","","",""
"1929","","Quarter","Standing Liberty Silver Quarter","Unmapped","Average Circulated","$24.00","Pending","","",""
"1995","D","Penny","Lincoln Cent Series","Abraham Lincoln","Uncirculated","$0.80","Pending","","",""
"2021","S","Dime","America the Beautiful Quarters","Unmapped","Choice Proof 63","14.00","Pending","","",""
"2005","S","Kennedy Half Dollar","Kennedy Half Dollar","John F. Kennedy","Proof-63 Cameo","$56.50","$12 – $18","","",""
"1870","","Quarter","Liberty Seated","Unmapped","Proof-63","$1250.00","$1,100 – $1,400","","",""
"1965","","Penny","Lincoln Cent","Lincoln Head","Uncirculated (UNC)","$0.55","$0.15 – $1.50","","",""
"1942","S","Penny","Lincoln Cent","Lincoln Cent (Wheat Reverse)","Uncirculated","$44.00","$3 – $12","","",""
"1973","D","1 Dollar","Eisenhower Dollar","Dwight D. Eisenhower","UNC 63","$31.35","$4 – $8","","",""
"1920","D","Quarter","Standing Liberty Silver Quarter","Unmapped","Extremely Fine","$345.00","$250 – $350","","",""
"2014","S","Quarter","National Park Quarters","Colorado Great Sand Dunes National Park","Uncirculated","$2.85","$1.50 – $3.50","","",""
"2016","S","Quarter","America the Beautiful Quarters","Illinois Shawnee National Forest","Proof-63","$11.75","$8 – $15","","",""
"1997","S","Kennedy Half Dollar","Kennedy Half Dollar Series","John F. Kennedy","Choice Proof 63","$115.00","Pending","","",""
"1929","D","Dime","Mercury Dime","Unmapped","Average Circulated","$27.00","$4.50 – $8.50","","",""
"1966","","Dime","Roosevelt Dime","Unmapped","Uncirculated","1.00","Pending","","",""
"2024","S","Quarter Dollar","American Women Quarters","Zitkala-Sa","Choice Proof-63","$29.95","","","",""
"1872","P","Half Dollar","Walking Liberty Half Dollar","Unmapped","Good","$130.00","Pending","","",""
"1898","S","Half Dollar","Barber","Liberty Head","Very Good","$110.00","Pending","","",""
"2008","D","Penny","Lincoln Cent","Abraham Lincoln","Mint State","$0.25","Pending","","",""
"2005","D","Quarter","State and Territory Quarters","Minnesota","Uncirculated","2.75","$0.50 – $1.50","","",""
"N/A","","$5","Liberty Head Half Eagle (with motto, 1866-1908)","Liberty Head","AU-58","$0.00","$650 – $750","","",""
"1941","D","Dime","Mercury Dime","Winged Liberty Head","Extremely Fine","$14.25","$6 – $10","","",""
"1958","","Penny","Lincoln Cent","Unmapped","Uncirculated","$1.40","Pending","","",""
"1888","","Dime","Liberty Seated","Unmapped","Good","$69.00","$12 – $18","","",""
"1834","","Dime","Capped Bust","Large 4","VF/EF","$395.00","Pending","","",""
"2009","D","Penny","Lincoln Cent","Lincoln Bicentennial, Presidency (Formative Years) Reverse","Uncirculated","$1.00","$0.25 - $1.00","","",""
"1969","","Dime","USA Invoice Import","Roosevelt","Uncirculated","$6.05","","","",""
"","","","The World War II U.S. Coin Collection","Shipment # 6","","$87.00","","","",""
"2015","D","$1","Presidential $1 Coin Program","Dwight D. Eisenhower","Uncirculated","points","Pending","","",""
"2023","S","Quarter Dollar","American Women Quarters","Edith Kanaka'ole","Ch Proof-63","$29.95","","","",""
"1979","","Penny","Lincoln Memorial Cent","Lincoln Head","Uncirculated","$0.45","Pending","","",""
"1984","S","Penny","Lincoln Cent","Abraham Lincoln","Proof-63","$7.25","Pending","","",""
"1882","","Liberty Seated Dime","Liberty Seated","Unmapped","Very Choice Uncirculated","$650.00","Pending","","",""
"2023","S","Quarter Dollar","American Women Quarters","Bessie Coleman","Ch Proof-63","$29.95","","","",""
"2016","S","Quarter","America the Beautiful Quarters","North Dakota Theodore Roosevelt National Park","Proof-63","$11.75","Pending","","",""
"1943","P, D, S","Lincoln Cent","Steel Cent","Lincoln","Reprocessed","$0.00","Pending","","",""
"1992","","Penny","Lincoln Head Penny","Abraham Lincoln","Uncirculated","$0.50","Pending","","",""
"1992","P","Quarter","Washington Silver Quarter","Unmapped","Uncirculated","4.25","Pending","","",""
"2011","S","Quarter","America the Beautiful Quarters","Chickasaw National Recreation Area","Proof-63 Cameo","$21.75","Pending","","",""
"2018","P","Kennedy Half Dollar","Kennedy Half Dollar Series","John F. Kennedy","Uncirculated","$4.50","Pending","","",""
"1931","","Penny","Lincoln Wheat Cent Series","Abraham Lincoln","Not Graded","$0.00","Pending","","",""
"2001","D","Kennedy Half Dollar","Kennedy Half Dollar Series","John F. Kennedy","Uncirculated","$5.25","$1.00 – $3.00","","",""
"1942","D","Dime","Mercury Dime","Winged Liberty Head","Average Circulated","$15.25","$2.50 – $4.50","","",""
"1974","S","Dollar","Eisenhower Dollar","Dwight D. Eisenhower","Proof-63","$0.00","$12 – $18","","",""
"2022","D","Half Dollar","USA Invoice Import","Kennedy","Uncirculated","$5.35","","","",""
"Multiple","","$1","Morgan Silver Dollar Set","Unmapped","Ungraded","1380","$30 – $150","","",""
"1916","","Penny","Lincoln Wheat Cent Series","Abraham Lincoln","Not Graded","$0.00","$0.15 – $15.00","","",""
"1958","","","Time Capsule Year Set","America Revisited Selection","Circulated","$94.50","","","",""
"1978","","Dime","Roosevelt Dimes","Unmapped","Uncirculated","2.00","Pending","","",""
"1934","D","Quarter","Washington Silver Quarter","Unmapped","Very Fine","55.00","$15 – $25","","",""
"1962","","Quarter","Washington Silver Quarter","Unmapped","Proof-63","29.50","$7 – $12","","",""
"1875","S","20 Cents","20 Cent Piece","Seated Liberty","Very Good","$234.00","$110 – $140","","",""
"2024","P","Half Dollar","USA Invoice Import","Unmapped","Uncirculated","$0.00","","","",""
"1934","S","Half Dollar","Liberty Walking Half Dollar","Liberty Walking","Very Fine","$44.95","Pending","","",""
"1943","","Dime","Mercury Dime","Unmapped","Fine","$15.50","","","",""
"2023","","Morgan Silver Dollar","The Ultimate Modern Morgan and Peace Silver Dollar Collection","Unmapped","Proof","$229.00","Pending","","",""
"2024","P","Dollar","American Innovation Dollars","Alabama / Saturn V Rocket","Uncirculated","$0.00","","","",""
"2012","D","Dime","America the Beautiful Quarters","Unmapped","Uncirculated","2.00","$1 – $3","","",""
"1942","S","Walking Liberty Half Dollar","","WWII","Ungraded","$0.00","Pending","","",""
"2012","D","Kennedy Half Dollar","Kennedy Half Dollar Series","John F. Kennedy","Uncirculated","$1.95","Pending","","",""
"1866","","","","Unmapped","VF/EF","$270.50","Pending","","",""
"2009","D","Quarter","State and Territory Quarters","District of Columbia Commemorative","Uncirculated","2.5","$0.50 – $1.50","","",""
"1935","","Dime","Mercury Dime","Winged Liberty Head","Very Fine","$20.00","Pending","","",""
"1932","","Penny","Lincoln Cent","Abraham Lincoln","Genuine","","Pending","","",""
"2001","","Dollar","American Eagle","Unmapped","Uncirculated","$67.50","Pending","","",""
"1905","","Cent","Indian Head Cent","Unmapped","Good","$8.25","Pending","","",""
"1942","","Quarter","Washington Silver Quarter","Unmapped","Fine","24.50","Pending","","",""
"1824","","Dime","Capped Bust","4 Over 2","Good 6","$300.00","Pending","","",""
"1810","","Half Dollar","Capped Bust Half Dollar","Unmapped","Very Fine","$371.00","Pending","","",""
"1956","","Quarter","Washington Quarter","Unmapped","Circulated","$26.40","Pending","","",""
"1876","S","Quarter","Liberty Seated","Unmapped","Fine","$85.50","Pending","","",""
"2022","P","Quarter Dollar","American Women Quarters","Nina Otero-Warren","Uncirculated","$1.00","","","",""
"1950","S","Quarter","Washington Silver Quarter","Unmapped","Average Circulated","22.95","$6 – $9","","",""
"1923","S","Penny","Lincoln Head Penny","Unmapped","Very Fine","$40.00","$6.00 – $12.00","","",""
"1940","","","America Revisited Selection","5-Coin Time Capsule Year Set","Circulated","$110.00","","","",""
"1990","S","Dime","Roosevelt Dimes","Unmapped","Choice Proof 63","375","$2 – $5","","",""
"1956","","Penny","Lincoln Cent","Wheat Reverse","Genuine","$0.00","$0.10 - $0.50","","",""
"1919","","Penny","Lincoln Wheat Cent Series","Abraham Lincoln","Not Graded","$0.00","$0.15 – $15.00","","",""
"2024","D","Dollar","USA Invoice Import","Indian Citizenship Act 1924","Uncirculated","$0.00","","","",""
"","","multiple","25 Mixed Peace Dollars AU/BU","Unmapped","","$714.75","","","",""
"1911","D","Half Dollar","Barber","Liberty Head","Circulated","$47.75","Pending","","",""
"1824","","Capped Bust Silver Half Dollar","The Half Dollar Club Selection","Capped Bust","About Uncirculated","$1395.00","$450 – $750","","",""
"2023","P","Quarter Dollar","American Women Quarters","Maria Tallchief","Uncirculated","$1.00","","","",""
"1891","","Dime","Liberty Seated Silver Dime","Unmapped","Fine","$54.00","$18 – $28","","",""
"2021","D","Native American Dollar","Native American Dollar","Military Service","Uncirculated","$0.00","$1.50 – $3.00","","",""
"1957","D","Quarter","Washington Silver Quarter","Unmapped","Uncirculated","27.50","Pending","","",""
"1847","O","Half Dollar","Liberty Seated","No Motto","VF-XF","$270.00","Pending","","",""
"2022","S","Quarter","American Women Quarters","Anna Mae Wong","Proof-63","$7.75","$3 – $7","","",""
"2024","P","Washington Quarter","American Women Quarters","Celia Cruz","Uncirculated","$0.00","Pending","","",""
"1900","","25 Cents","Barber Silver Quarters","Liberty Head","Good","$31.50","$9 – $14","","",""
"2018P","","quarter","National Park Quarters","Unmapped","uncirculated","$2.00","$1.00 – $3.00","","",""
"1943","","Penny","Lincoln Wheat Cent Series","Abraham Lincoln","Not Graded","$0.00","$0.15 – $5.00","","",""
"1954","","Half Dollar","Franklin Half Dollar","Benjamin Franklin","Fine","$33.95","$11 – $14","","",""
"2016D","","quarter","National Park Quarters","Unmapped","Uncirculated","$1.00","$0.25 – $1.00","","",""
"1845","","Quarter Dollar","Washington Quarter Club","Liberty Seated","Very Good","$98.50","","","",""
"1914","S","Nickel","Buffalo Nickel","Native American & Buffalo","About Good","$58.50","Pending","","",""
"1943","","","America Revisited Selection","Time Capsule Year Set","Circulated","$185.00","","","",""
"1998","S","Kennedy Half Dollar","Kennedy Half Dollar","John F. Kennedy","Proof-63 Cameo","$34.50","$3 – $7","","",""
"1884","CC","Dollar","Officially Sealed Carson City Mint Morgan Silver Dollars","Unmapped","","$795.00","","","",""
"1909","D","$5","Indian Head Gold Half Eagle","Indian Head","AU-58","$700.00","Pending","","",""
"1922","S","Dollar","Peace Dollar","Unmapped","Very Fine","$92.50","$30 – $38","","",""
"2001","D","Quarter","State and Territory Quarters","North Carolina","Uncirculated","1.95","$0.25 – $1.00","","",""
"1953","","$5 Silver Certificate","USA Invoice Import","Silver Certificate","Very Fine","$379.00","","","",""
"1880","CC","$1","Morgan Silver Dollar","Unmapped","Uncirculated","1695.0","Pending","","",""
"2012","D","1 Dollar","Native American Dollar","Native American","Uncirculated","$8.95","$2.50 – $5.00","","",""
"1971","","Dollar","Eisenhower Dollar","Dwight D. Eisenhower","UNC 63","$31.35","$4 – $8","","",""
"2019","S","Kennedy Half Dollar","Kennedy Half Dollar Series","John F. Kennedy","Choice Proof 63","$38.50","Pending","","",""
"1957","D","Dime","Roosevelt Dime Series","Unmapped","Average Circulated","$0.00","$2.00 – $3.00","","",""
"1860","O","Half Dollar","Liberty Seated","No Motto","Very Good","$121.50","Pending","","",""
"1939","","Penny","Lincoln Cent Series","Abraham Lincoln","Average Circulated","$1.35","$0.15 – $0.50","","",""
"1842","","Seated Liberty Half Dime","","Stars","Fine","$72.00","$25 – $45","","",""
"1976","S","Dollar","U.S. Bicentennial","Bicentennial Drummer (Type II)","Proof-63","$31.35","$8 – $15","","",""
"1823","","Dime","Capped Bust","Unmapped","Good 6","$325.00","$125 – $175","","",""
"1930","S","Five Cents","USA Invoice Import","Buffalo / Indian Head","Average Circulated","$0.00","","","",""
"2024","P","Quarter Dollar","American Women Quarters","Pauli Murray","Uncirculated","$0.00","","","",""
"1981","","Penny","Lincoln Memorial Cent","Lincoln Head","Uncirculated","$0.40","$0.15 – $1.00","","",""
"1896","O","1 Dollar","Morgan Silver Dollar","Liberty Head","Extremely Fine","$125.00","Pending","","",""
"1892","CC","1 Dollar","Morgan Silver Dollar","Unmapped","Choice Uncirculated 63","$3350.00","Pending","","",""
"2002","D","Quarter","State and Territory Quarters","Louisiana","Uncirculated","1.95","Pending","","",""
"1891","","$1","Morgan Silver Dollar","Unmapped","Proof-62","5595.0","Pending","","",""
"1935","F","$1 Silver Certificate","USA Invoice Import","Unmapped","Crisp Uncirculated","$86.95","","","",""
"1949","D","Dime","Mercury Dime","Winged Liberty Head","Choice Uncirculated 63","$51.00","$10 – $15","","",""
"1943","D","Cent","Lincoln Cent","Lincoln Head","Ungraded","$0.00","$0.25 – $15.00","","",""
"1861","P","Half Dollar","Walking Liberty Half Dollar","Liberty Walking","Very Fine","$148.50","$600 – $900","","",""
"1894","","5 Cents","Liberty Head Nickel","Unmapped","Average Circulated","$54.00","Pending","","",""
"1935","S","Five Cents","USA Invoice Import","Unmapped","Fine","$0.00","","","",""
"2020","S","Dime","USA Invoice Import","Roosevelt","Choice Proof-63","$23.00","","","",""
"1990","","Proof Set","6-Coin Prestige Proof Set","Eisenhower Dollar","Proof-63","$82.95","$25 – $40","","",""
"2008","S","Quarter","State and Territory Quarters","Arizona","Choice Proof 63","9.5","$3 – $8","","",""
"","","Five Cents","The U.S. Nickel Collection","Nickel Assortment","","$31.80","","","",""
"2000","D","Quarter","State and Territory Quarters","Maryland","Uncirculated","1.95","$0.50 – $1.50","","",""
"1865","S","Half Dollar","Liberty Seated","No Motto","Very Good","$165.00","$350 – $500","","",""
"1923","S","Half Dollar","Walking Liberty Half Dollar","Unmapped","Very Good","$49.50","$35 – $55","","",""
"1894","","Barber Dime","Barber","Unmapped","AU-50","$395.00","Pending","","",""
"1935","","Half Dollar","Walking Liberty Half Dollar","Time Capsule","Circulated","$20.40","Pending","","",""
"1877","","Half Dollar","Liberty Seated","With Motto","Very Good","$126.00","$45 – $75","","",""
"1954","","Dime","Roosevelt Dime","Year Set","Circulated","$18.90","Pending","","",""
"2018","S","Half Dollar","Half Dollar Club Selection","Kennedy","Ch Proof-63","$47.50","","","",""
"1916","Pending","Dime","Barber Series","Liberty Head","Fine","$28.95","$5 – $15","","",""
"2023","","Dollar","The Ultimate Modern Morgan and Peace Silver Dollar Collection","Morgan Silver Dollar","Uncirculated","$229.00","","","",""
"","","$10","American Gold Eagle","Unmapped","MS-65","$489.00","$700 – $800","","",""
"1991","S","Quarter","Washington Quarter","Unmapped","Choice Proof 63","5.75","$5 – $10","","",""
"Pending","Pending","Dime","Barber Series","Unmapped","Fine","$235.00","$3 – $6","","",""
"1898","S","Dollar","Morgan Dollar","Liberty Head, Eagle","Very Fine","$112.50","Pending","","",""
"1836","","Capped Bust Silver Dime","Capped Bust Dime","Unmapped","Extremely Fine","$595.00","Pending","","",""
"1963","D","Quarter","Washington Silver Quarter","Unmapped","Uncirculated","24.50","Pending","","",""
"1918","S","1 Dime","Mercury Silver Dime","Unmapped","Average Circulated","$29.25","Pending","","",""
"1920","D","1 Dime","Mercury Silver Dime","Unmapped","Average Circulated","$26.95","Pending","","",""
"2022","P, D","Quarter Dollar","American Women Quarters","US Women Quarter Set","Uncirculated","$0.00","","","",""
"1929","","Penny","Lincoln Wheat Cent Series","Abraham Lincoln","Not Graded","$0.00","Pending","","",""
"1938","","Dime","Mercury Dime","Winged Liberty Head","Very Fine","$19.00","Pending","","",""
"1936","","Quarter","Washington Silver Quarter","Unmapped","Gem Proof 65","1250.00","Pending","","",""
"2007","P","Kennedy Half Dollar","Kennedy Half Dollar Series","John F. Kennedy","Uncirculated","$5.50","Pending","","",""
"1935","","Quarter","Washington Quarter","America Revisited Selection","Circulated","$20.40","Pending","","",""
"1981","P","Kennedy Half Dollar","Kennedy Half Dollar","John F. Kennedy","Uncirculated","$4.95","Pending","","",""
"2015","D","Quarter","America the Beautiful Quarters","Kisatchie National Forest","Uncirculated","","Pending","","",""
"1944","P","Nickel","Jefferson Nickel","Thomas Jefferson, Wartime Nickel","Average Circulated","$0.00","Pending","","",""
"1921","P","1 Dollar","Morgan Dollar","Liberty Head","Extremely Fine","$79.00","Pending","","",""
"1883","O","$1","Morgan Dollar","Unmapped","NGC Ms63","2492.37","$85 – $110","","",""
"1903","","Penny","Indian Head Cent","Indian Head","Good","$8.25","Pending","","",""
"2016","S","$1","Presidential $1 Coin Program","Richard M. Nixon","Choice Proof 63","9.95","$4 – $8","","",""
"1928","S","Penny","Lincoln Cent","Unmapped","Average Circulated","$650.00","$1.50 – $3.50","","",""
"2011","D","$1","Presidential $1 Coin Program","James A. Garfield","Uncirculated","4.50","$2.00 – $4.00","","",""
"2025","P","Dime","USA Invoice Import","Unmapped","Uncirculated","$2.95","","","",""
"1955","","Quarter","Washington Quarter","America Revisited Selection","Circulated","$37.00","Pending","","",""
"2015","","Penny","America the Beautiful Quarters","Unmapped","Uncirculated","$0.25","$0.10 – $1.00","","",""
"","","$5","American Gold Eagle","Unmapped","MS-65","$207.00","$280 – $350","","",""
"1971","","Five Cents","The U.S. Nickel Collection","Unmapped","","$7.95","","","",""
"1918","S","Dime","Mercury Dime","Unmapped","Average Circulated","$29.25","$3.50 – $8.00","","",""
"2010","S","$1","Presidential $1 Coin Program","Millard Fillmore","Choice Proof 63","18.50","$3 – $7","","",""
"N/A","","Nickel","Liberty Head Nickel","Unmapped","Ungraded","$159.00","$1.00 – $15.00","","",""
"1858","","Flying Eagle cent","Flying Eagle Cent","Eagle","Fine","$112.50","Pending","","",""
"2013","P","Quarter","America the Beautiful Quarters","Great Basin National Park","Uncirculated","$1.50","$0.50 – $2.00","","",""
"1953","","Quarter","Washington Silver Quarter","Unmapped","Choice Proof 63","79.00","Pending","","",""
"2000","P","Quarter","State and Territory Quarters","Virginia","Uncirculated","2.25","$0.50 – $2.00","","",""
"1975","D","Penny","Lincoln Head Penny","Abraham Lincoln","Uncirculated","$0.40","$0.15 – $1.50","","",""
"2023","","Peace Dollar","The Ultimate Modern Morgan and Peace Silver Dollar Collection","Unmapped","Ungraded","$0.00","$70 – $95","","",""
"1912","P","Barber Silver Dimes","Barber Dimes","Liberty Head","Very Good","$17.00","Pending","","",""
"1999","S","Quarter","State and Territory Quarters","Georgia Commemorative","Choice Proof 63","12.5","Pending","","",""
"1934","","Quarter","Washington Silver Quarter","Unmapped","Extremely Fine","34.25","$12 – $18","","",""
"1868","S","Half Dollar","Liberty Seated","With Motto","Good","$135.00","Pending","","",""
"2012","S","Dime","America the Beautiful Quarters","Unmapped","Choice Proof 63","22.50","$3 – $8","","",""
"1850","","Quarter","Liberty Seated","Unmapped","Very Good","$157.00","$45 – $75","","",""
"1913","","Penny","Lincoln Wheat Cent","Abraham Lincoln","Genuine","","$0.50 – $3.00","","",""
"2018","W","Dollar","The West Point Burnished American Eagle Silver Dollar Collection","American Eagle","Uncirculated","$164.00","","","",""
"","","Five Cents","The U.S. Nickel Collection","SHIPMENT 7","","$31.80","","","",""
"2003","D","Quarter","State and Territory Quarters","Alabama","Uncirculated","2.75","$0.50 – $1.50","","",""
"1949","D","Quarter","Washington Silver Quarter","Unmapped","Fine","26.25","$6 – $9","","",""
"1961","D","Half Dollar","Franklin Half Dollar","Benjamin Franklin","Extremely Fine","$38.75","$11 – $14","","",""
"1974","D","Kennedy Half Dollar","Kennedy Half Dollar","John F. Kennedy","Uncirculated","$4.95","$1.50 – $4.00","","",""
"1986","D","Quarter","Washington Silver Quarter","Unmapped","Uncirculated","17.95","$1.00 – $3.00","","",""
"2021","D","Native American Dollar","Native American Dollar Series","Military Service","Uncirculated","$0.00","$1.50 – $3.00","","",""
"2007","D","Quarter","State and Territory Quarters","Wyoming","Uncirculated","1.5","$0.50 – $1.50","","",""
"2023","S","Half Dollar","USA Invoice Import","Unmapped","Choice Proof-63","$69.95","","","",""
"2009","S","$1","Presidential $1 Coin Program","John Tyler","Choice Proof 63","7.95","$3 – $7","","",""
"1956","","Dime","Roosevelt Dimes","Unmapped","Uncirculated","17.75","Pending","","",""
"2018P","","quarter","National Park Quarters","Unmapped","uncirculated","Points","$0.50 – $2.00","","",""
"1960","D","Penny","Lincoln Head Penny","Lincoln Portrait","Uncirculated","$0.75","Pending","","",""
"2024","D","Quarter Dollar","American Women Quarters","Patsy Takemoto Mink","Uncirculated","$0.00","","","",""
"1943","","Dime","USA Invoice Import","Unmapped","Fine","$15.50","","","",""
"1893","","Half Dollar","Barber","Liberty Head","Good","$75.80","$18 – $25","","",""
"1923","","Penny","Lincoln Cent","Unmapped","Average Circulated","$3.16","Pending","","",""
"1956","D","Quarter","Washington Silver Quarter","Unmapped","Uncirculated","24.50","$8 – $15","","",""
"2023","","Quarter Dollar","The Celebrating America Coin Collection / American Women Quarters","Jovita Idar","","$17.95","","","",""
"2021","S","Dime","America the Beautiful Quarters","Unmapped","Ch Proof-63","$0.00","","","",""
"1965","","Kennedy Half Dollar","Kennedy Half Dollar","John F. Kennedy","Uncirculated","$22.50","$8 – $12","","",""
"2023","D","Quarter Dollar","American Women Quarters","Maria Tallchief","Uncirculated","$1.00","","","",""
"2020","P","Kennedy Half Dollar","Kennedy Half Dollar Series","John F. Kennedy","Uncirculated","$1.95","$1.50 – $3.50","","",""
"1979","S","Penny","Lincoln Cent Series","Abraham Lincoln","Proof-63","$8.95","$1.50 – $4.00","","",""
"1962","","Dime","Roosevelt Dimes","Unmapped","Uncirculated","18.25","$3 – $6","","",""
"2014S","","","Clad  Proof Set 14 coins","Unmapped","ch proog 63","$90.95","$25 – $35","","",""
"1972","","Quarter","Washington Silver Quarter","Unmapped","Uncirculated","2.50","$1.00 – $3.00","","",""
"1988","D","Quarter","Washington Silver Quarter","Unmapped","Uncirculated","2.25","Pending","","",""
"1907","","$5 Legal Tender Note","American Paper Money Club Selection","Unmapped","Very Fine / Extremely Fine","$560.00","","","",""
"1944","","Quarter","Washington Silver Quarter","Unmapped","Average Circulated","points","Pending","","",""
"1992","S","Quarter","Washington Silver Quarter","Unmapped","Choice Proof 63","4.25","Pending","","",""
"1909","P","Dime","Barber Dimes","Liberty Head","Very Good","$26.95","Pending","","",""
"1937","P","Half Dollar","Walking Liberty Half Dollar","Unmapped","Fine","$38.25","Pending","","",""
"","","Five Cents","The U.S. Nickel Collection","Nickel Assortment","","$31.80","","","",""
"2007","P","$1","Presidential $1 Coin Program","James Madison","Uncirculated","4.25","Pending","","",""
"1977","D","Dollar","Eisenhower Dollar","Dwight D. Eisenhower","UNC 63","$31.35","Pending","","",""
"1870","CC","Dollar","Seated Liberty","Unmapped","Fine","$1850.00","$12,000 – $16,000","","",""
"1916","S","Half Dollar","Walking Liberty Half Dollar","Unmapped","Average Circulated","$189.00","Pending","","",""
"2021","","Dollar","America the Beautiful Quarters","Unmapped","Uncirculated","$0.00","","","",""
"2023","D","Quarter","American Women Quarters Program","Jovita Idar","Uncirculated","$1.00","$0.50 – $1.50","","",""
"1912","","Penny","Lincoln Cent","Lincoln Portrait","Average Circulated","$9.00","Pending","","",""
"1892","","Dime","USA Invoice Import","Barber","Good","$42.95","","","",""
"1856","","Large Cent","Braided Hair Large Cent","Liberty Head","Fine","$90.00","Pending","","",""
"2023","P","Half Dollar","Kennedy Half Dollar","Unmapped","Uncirculated","$1.95","","","",""
"1831","","Dime","U.S. Dime Collection Selection","Capped Bust","Extra Fine","$475.00","","","",""
"2024","D","Lincoln Cent","","Unmapped","Uncirculated","$0.00","$0.01 – $0.25","","",""
"1994","S","Quarter","Washington Quarter","Unmapped","Choice Proof 63","23.75","$3 – $8","","",""
"1956","","Five Cents","The U.S. Nickel Collection - Shipment 11","Thomas Jefferson","","$7.95","","","",""
"2025","P","Quarter Dollar","American Women Quarters","Ida B. Wells","Uncirculated","$1.00","","","",""
"1893","","$5","Liberty Head Gold Half Eagle","Liberty Head","MS-63","$895.00","$1,150 – $1,350","","",""
"2011","D","$1","Presidential $1 Coin Program","Andrew Johnson","Uncirculated","4.50","$1.50 – $3.00","","",""
"1976","","Quarter","Washington Silver Quarter","Unmapped","Uncirculated","2.25","$1.50 – $4.50","","",""
"2001","S","Quarter","State and Territory Quarters","Rhode Island - Silver","Choice Proof 63","45.5","Pending","","",""
"2017P","","quarter","National Park Quarters","Unmapped","uncirculated","$2.25","$1.00 – $3.00","","",""
"2015S","","quarter","National Park Quarters","Unmapped","CH-Proof 63","$14.50","$3 – $7","","",""
"1980","P","Kennedy Half Dollar","Kennedy Half Dollar Series","John F. Kennedy","Uncirculated","$4.50","Pending","","",""
"1947","","Half Dollar","Walking Liberty Half Dollar","Unmapped","Circulated","$24.20","Pending","","",""
"2013","W","Dollar","America the Beautiful Quarters","Unmapped","Ungraded","$288.00","$110 – $150","","",""
"2023","","Dollar","Peace Dollar","Unmapped","Uncirculated","$229.00","Pending","","",""
"1935","","Dime","Mercury Dime","Winged Liberty Head","Average Circulated","$11.75","$3 – $5","","",""
"1917","D","Penny","Lincoln Cent","Lincoln Portrait","Fine","$14.50","Pending","","",""
"2015","S","Dime","America the Beautiful Quarters","Unmapped","Choice Proof-63","$24.00","","","",""
"2017","P","Dollar","Native American $1 Coin","Cherokee Syllabary Sequoyah","Uncirculated","$8.10","","","",""
"1958","","Dime","Roosevelt Dime","Historical US Circulation Coins","Circulated","$18.90","Pending","","",""
"1944","S","Half Dollar","Walking Liberty Half Dollar","Liberty Walking","Very Fine","$39.25","Pending","","",""
"1943","","Half Dollar","USA Invoice Import","Unmapped","Extra Fine","$0.00","","","",""
"2014","P","Kennedy Half Dollar","Kennedy Half Dollar","John F. Kennedy","Uncirculated","$1.95","Pending","","",""
"multiple","","Flying Eagle cent","Flying Eagle Cent","Eagle","Average Circulated","$0.00","Pending","","",""
"1909","","Penny","Lincoln Cent","Abraham Lincoln","Average Circulated","$0.00","Pending","","",""
"1947","D","Dime","Roosevelt Dime","Unmapped","Uncirculated","30.00","Pending","","",""
"1914","","Half Dollar","Barber Half Dollar","Liberty Head","Very Good","$300.00","Pending","","",""
"1893","","Cent","USA Invoice Import","Unmapped","Good","$0.00","","","",""
"1964","","Year Set","USA Invoice Import","Time Capsule Year Set","Circulated","$29.95","","","",""
"1957","","Quarter","Washington Quarter","Unmapped","Uncirculated","24.50","Pending","","",""
"1996","S","Quarter","Washington Silver Quarter","Unmapped","Choice Proof 63","23.75","$5 – $12","","",""
"1837","","Half Dime","U.S. Dime Collection Selection","Capped Bust","About Uncirculated 50","$475.00","","","",""
"1926","","Penny","Lincoln Wheat Cent Series","Abraham Lincoln","Not Graded","$0.00","Pending","","",""
"1953","","Penny","Lincoln Cent","Abraham Lincoln","Mint State","$4.50","$2 – $15","","",""
"","","Two Cents","The U.S. Coin Complete Denomination Set","Two-Cent Piece","","$75.00","","","",""
"1957","","Half Dollar","Franklin Half Dollar","Benjamin Franklin","Choice Proof 63","$72.95","$18 – $25","","",""
"1953","D","Half Dollar","Franklin Half Dollar","Benjamin Franklin","Extremely Fine","$40.50","Pending","","",""
"2015","","Penny","America the Beautiful Quarters","Unmapped","Uncirculated","","$0.15 – $1.00","","",""
"1949","","Penny","Lincoln Cent","Abraham Lincoln","Not Graded","$0.00","$0.15 – $5.00","","",""
"2015","S","Quarter","National Park Quarters","North Carolina Blue Ridge Parkway","Uncirculated","$2.65","$1.50 – $3.50","","",""
"1843","","Quarter","Liberty Seated","Liberty Seated, No Motto","VF/EF","$210.00","Pending","","",""
"2006","","$5","American Gold Eagle","Unmapped","MS-65","$0.00","$290 – $340","","",""
"1970","","Penny","Lincoln Cent Series","Abraham Lincoln","Uncirculated","$0.40","$0.15 – $1.50","","",""
"1980","P","Susan B. Anthony Dollar","Susan B. Anthony Dollar","Susan B. Anthony","Uncirculated","$11.95","$2 – $4","","",""
"1946","D","Dime","Roosevelt Dimes","Unmapped","Uncirculated","22.50","$6 – $12","","",""
"1984","D","Dime","Roosevelt Dimes","Unmapped","Uncirculated","3.25","$1.50 – $4.00","","",""
"2015","D","$1","Presidential $1 Coin Program","Lyndon B. Johnson","Uncirculated","2.95","$2 – $4","","",""
"1906","D","25 Cents","Barber Silver Quarters","Liberty Head","Ungraded","$26.00","$10 – $250","","",""
"2023","","$1","The Statehood Innovation Dollar Coin Collection","Mississippi","","$17.95","","","",""
"2013","D","$1","Presidential $1 Coin Program","Woodrow Wilson","Uncirculated","3.50","$2.00 – $4.00","","",""
"1877","CC","Quarter","Liberty Seated","Unmapped","Fine","$157.50","$350 – $500","","",""
"1914","S","Penny","Lincoln Cent","Abraham Lincoln","Very Good","$0.00","Pending","","",""
"2005","P","Quarter","50 State Quarters","West Virginia","Uncirculated","2.5","$0.50 – $1.50","","",""
"1881","S","1 Dollar","Morgan Dollar","Liberty Head","MS-63","$135.00","$95 – $120","","",""
"2016","P","1 Dollar","Native American $1 Coin","Native American","Uncirculated","$2.95","$2.00 – $4.00","","",""
"2023","","Cent","USA Invoice Import","Unmapped","Uncirculated","$0.00","","","",""
"2019","P","Quarter","America the Beautiful Quarters","American Memorial Park","Uncirculated","$1.75","$0.25 – $1.00","","",""
"2020","D","Dime","America the Beautiful Quarters","Unmapped","Uncirculated","1.50","$0.15 – $1.00","","",""
"2024","","Dollar","American Innovation $1 Coin","Texas","Ungraded","$17.95","$1.50 – $3.00","","",""
"2023","D","Native American Dollar","Native American $1 Coin","Maria Tallchief","Uncirculated","$0.00","$1.50 – $3.00","","",""
"N/A","","Nickel","Liberty Head Nickel","Unmapped","Ungraded","$168.00","$1.50 – $150.00","","",""
"2020","","Dollar","American Innovation Dollar","Montana Crow","Uncirculated","$5.95","$1.50 – $3.00","","",""
"2003","W","Dollar","American Eagle","Unmapped","Proof-63","$129.00","Pending","","",""
"1955","","Dime","Roosevelt Dimes","Unmapped","Uncirculated","14.75","$6 – $12","","",""
"2000","S","Penny","Lincoln Cent","Unmapped","Choice Proof 63","$2.95","$3 – $7","","",""
"1910","","Penny","Lincoln Wheat Cent Series","Abraham Lincoln","Not Graded","$0.00","$0.15 – $15.00","","",""
"1972","S","Penny","Lincoln Cent","Abraham Lincoln","Mint State","$0.55","Pending","","",""
"1920","S","Quarter","Standing Liberty Silver Quarter","Unmapped","Very Good","$65.00","Pending","","",""
"2016","","Dollar","America the Beautiful Quarters","","Uncirculated","$29.95","Pending","","",""
"1953","","","Time Capsule Year Set","America Revisited Selection","Circulated","$96.00","","","",""
"2012","P","Quarter","National Park Quarters","Denali National Park","Mint State","$1.25","Pending","","",""
"1971","","Dime","Roosevelt Dimes","","Uncirculated","2.50","Pending","","",""
"1971","D","1 Dollar","Eisenhower Dollar","Dwight D. Eisenhower","UNC 63","$31.35","Pending","","",""
"1907","","Five Cents","The U.S. Nickel Collection - Shipment 11","Liberty Head","","$7.95","","","",""
"2024","D","Half Dollar","USA Invoice Import","Kennedy Half Dollar","Uncirculated","$1.95","","","",""
"2023","S","Washington Quarter","American Women Quarters Program","Maria Tallchief","Proof-63","$29.95","Pending","","",""
"1976","S","Dollar","U.S. Bicentennial","American Bicentennial","Proof-63","$31.35","Pending","","",""
"1976","D","Dollar","Eisenhower Dollar","Dwight D. Eisenhower / Bicentennial","MS-65","$59.00","$15 – $25","","",""
"2015","S","$1","Presidential $1 Coin Program","Dwight D. Eisenhower","Choice Proof 63","8.75","$3 – $7","","",""
"1957","","Nickel","Jefferson Nickel","","Circulated","$21.80","Pending","","",""
"1943","D","Penny","Lincoln Cent (Steel)","Abraham Lincoln","About Good","$2.25","$0.10 – $0.25","","",""
"2013","D","Penny","Lincoln Cent Series","Abraham Lincoln","Uncirculated","$0.25","$0.10 – $1.00","","",""
"1964","","Quarter","Washington Silver Quarter","","Average Circulated","21.50","$5.50 – $7.50","","",""
"2004","D","Dime","Roosevelt Dimes","","Uncirculated","2.00","$0.15 – $1.00","","",""
"1960","","Penny","Lincoln Memorial Cent","Lincoln Head","Uncirculated","$16.50","Pending","","",""
"1995","S","Quarter Dollar","USA Invoice Import","Unmapped","Ch Proof-63","$0.00","","","",""
"2025","D","Quarter","American Women Quarters","Juliette Gordon Low","Uncirculated","$1.00","$0.50 – $2.00","","",""
"1969","D","$1 Federal Reserve Note","American Paper Money Club Selection","Federal Reserve Note","Choice Crisp","$17.75","","","",""
"1970","S","Penny","Lincoln Cent","Lincoln Memorial Reverse, Large Date Variety","Proof 63 Choice","$6.50","$8.00 - $18.00","","",""
"","","Five Cents","The U.S. Nickel Collection","Shipment 12","","$31.80","","","",""
"2024","","$1","The Statehood Innovation Dollar Coin Collection","Michigan","","$17.95","","","",""
"1920","","Penny","Lincoln Head Penny","","Average Circulated","","$0.15 – $0.50","","",""
"1898","","Dollar","Morgan Silver Dollar","Liberty Head, Eagle","About Uncirculated","$90.00","$45 – $55","","",""
"1976","","$2 Federal Reserve Note","American Paper Money Club Selection","Federal Reserve Note","Choice Crisp","$26.50","","","",""
"2016","D","$1","America the Beautiful Quarters","","Uncirculated","2.95","$2.50 – $4.50","","",""
"1863-1867","","10C Fractional Currency","USA Invoice Import","w/surcharge 0-63","Very Fine","$1,290.00","","","",""
"1952","S","Half Dollar","Franklin Half Dollar","Benjamin Franklin","Fine","$40.50","$11.50 – $14.00","","",""
"1974","D","Penny","Lincoln Memorial Cent","Lincoln Head","Uncirculated","$0.40","$0.15 – $1.50","","",""
"1858","O","Half Dollar","Liberty Seated","No Motto","Fine","$139.50","Pending","","",""
"1951","","Half Dollar","Franklin Half Dollar","Benjamin Franklin","Very Fine","$35.95","Pending","","",""
"1951","","Half Dollar","Franklin Half Dollar","Benjamin Franklin","Choice Proof-63","$595.00","Pending","","",""
"2008","D","$1","Presidential $1 Coin Program","James Monroe","Uncirculated","4.75","Pending","","",""
"1982","S","Dime","USA Invoice Import","Unmapped","Ch Proof-63","$0.00","","","",""
"1937","","Quarter","Washington Silver Quarter","","Very Fine","24.25","Pending","","",""
"Multiple","","$1","Morgan Silver Dollar","","Uncirculated","4990","Pending","","",""
"1819","","Capped Bust Silver Half Dollar","The Half Dollar Club Selection","9/8 Overdate (Small 9/8)","XF Details","$495.00","Pending","","",""
"1958","","Dime","Roosevelt Dimes","","Uncirculated","17.75","Pending","","",""
"2002","D","Penny","Lincoln Cent Series","Abraham Lincoln","Uncirculated","$0.55","Pending","","",""
"1974","D","Penny","Lincoln Cent","Lincoln Memorial Reverse","Uncirculated","$1.00","$0.10 - $0.75","","",""
"1871","","Nickel","","","Extremely Fine","$105.00","Pending","","",""
"2018","","American Silver Eagle Dollar","America the Beautiful Quarters","","Uncirculated","$0.00","$35 – $45","","",""
"2000","D","Penny","Lincoln Cent Series","Abraham Lincoln","Uncirculated","$0.25","$0.15 – $1.00","","",""
"1930","S","Dime","USA Invoice Import","Mercury","Fine","$26.95","","","",""
"1918","D","Mercury Dime","","","Average Circulated","$29.50","$3.50 – $8.00","","",""
"1935","","Penny","Lincoln Wheat Cent Series","Abraham Lincoln","Not Graded","$0.00","Pending","","",""
"2024","D","Quarter Dollar","American Women Quarters","Zitkala-Sa","Uncirculated","$0.00","","","",""
"2000","S","Quarter","State and Territory Quarters","Virginia","Choice Proof 63","2.5","$4 – $10","","",""
"1964","","Penny","Lincoln Cent Series","Abraham Lincoln","Uncirculated","$0.40","$1 – $3","","",""
"1901","Pending","Dime","Barber Series","Liberty Head","Good","$23.95","$3 – $125","","",""
"1960","","Quarter","Washington Quarter","","Circulated","$18.60","Pending","","",""
"1974","","Penny","Lincoln Cent","Lincoln Head","Uncirculated (UNC)","$0.40","Pending","","",""
"1938","D","Dime","Mercury Dime","Winged Liberty Head","Fine","$23.50","$3.50 – $5.50","","",""
"2024","","Dollar","The Ultimate Modern Morgan and Peace Silver Dollar Collection","Morgan Dollar","Reverse Proof","$229.00","","","",""
"2007","W","Dollar","American Eagle","","Proof-63","$125.00","Pending","","",""
"1962","","","America Revisited Selection","Time Capsule Year Set","Circulated","$79.95","","","",""
"1912","S","Dime","Barber Dimes","Liberty Head","Good","$22.95","Pending","","",""
"2018","P","Quarter","America the Beautiful Quarters","Wisconsin Apostle Islands National Lakeshore","Uncirculated","$0.00","$0.50 – $2.00","","",""
"2024","D","Dollar","American Innovation Dollars","Missouri","Uncirculated","$0.00","","","",""
"1913","P","Barber Silver Dimes","Barber Dimes","Liberty Head","Very Good","$14.95","Pending","","",""
"1825","","Capped Bust Silver Quarter","","","Very Good","$325.00","Pending","","",""
"1911","","Half Dollar","Barber","Liberty Head","Very Good","$55.00","Pending","","",""
"2012","P","$1","Presidential $1 Coin Program","Chester A. Arthur","Uncirculated","3.50","Pending","","",""
"1924","","Penny","Lincoln Cent","Abraham Lincoln","Genuine","","Pending","","",""
"1936","S","Five Cents","USA Invoice Import","Unmapped","Average Circ","$6.25","","","",""
"1849","O","Seated Liberty Half Dime","","Stars","Choice About Uncirculated","$1875.00","Pending","","",""
"1942","","Penny","Lincoln Wheat Cent","Abraham Lincoln","Genuine","","Pending","","",""
"2018","","$1","America the Beautiful Quarters","","MS-70","310.0","Pending","","",""
"1950","","Cent","Lincoln Wheat Cent","America Revisited Selection","Circulated","$33.40","Pending","","",""
"1942","P","Half Dollar","Liberty Walking Half Dollar","","Extremely Fine","$41.50","Pending","","",""
"1952","","Penny","Lincoln Wheat Cent Series","Abraham Lincoln","Not Graded","$0.00","Pending","","",""
"2009","D","$1","Presidential $1 Coin Program","John Tyler","Uncirculated","4.95","Pending","","",""
"1954","","Penny","Lincoln Cent","Wheat Reverse","Genuine","$0.00","$0.10 - $0.50","","",""
"2024","","Washington Quarter","Celebrating America Coin Collection","Dr. Mary Edwards Walker","Ungraded","$17.95","Pending","","",""
"1999","P","Dime","Roosevelt Dimes","","Uncirculated","2.00","Pending","","",""
"2003","S","Quarter","State and Territory Quarters","","Choice Proof 63","19.25","Pending","","",""
"2021","W","Dollar","American Eagle","Liberty","Superb Gem Proof","$0.00","","","",""
"2025","D","Quarter","American Women Quarters","Ida B. Wells","Uncirculated","$1.00","$0.50 – $2.00","","",""
"2024","","Quarter Dollar","The Celebrating America Coin Collection","Patsy Takemoto Mink","","$17.95","","","",""
"2007","","Dollar","American Eagle","","Uncirculated","$53.50","$38 – $48","","",""
"1905","Pending","Dime","Barber Series","Liberty Head","Proof","$925.00","Pending","","",""
"1935","D","Quarter","Washington Silver Quarter","","Average Circulated","25.95","$10 – $25","","",""
"1909","P","Penny","Lincoln Head Wheat Cents","","Mixed","$73.00","$2 – $150","","",""
"1949","","Cent","Lincoln Wheat Cent","Historical US Circulation Coins","Circulated","$22.40","Pending","","",""
"1974","S","Dollar","Eisenhower Dollar","Dwight D. Eisenhower","Proof-63","$31.35","$8 – $15","","",""
"1928","S","Dime","U.S. Dime Collection Selection","Mercury","Good","$24.50","","","",""
"1909","","Cent","Wheat Cents","Unmapped","Extra Fine","$189.00","","","",""
"1945","D","Quarter","Washington Silver Quarter","","Uncirculated","points","$18 – $35","","",""
"2011","P","$1","Presidential $1 Coin Program","James A. Garfield","Uncirculated","4.25","Pending","","",""
"1948","","Quarter Dollar","USA Invoice Import","Unmapped","Average Circulated","$0.00","","","",""
"2007","P","$1","Presidential $1 Coin Program","James Monroe","Uncirculated","4.95","Pending","","",""
"2006","W","Dollar","American Eagle","","Proof-63","$125.00","Pending","","",""
"2007","D","$1","Presidential $1 Coin Program","George Washington","Uncirculated","5.50","Pending","","",""
"2022","P","Native American Dollar","Native American Dollar","Ely Samuel Parker","Uncirculated","$0.00","Pending","","",""
"1870","","Cent","","","Extremely Fine","$775.00","Pending","","",""
"1912","","25 Cents","Barber Silver Quarters","Liberty Head","Very Good","$34.00","Pending","","",""
"1988","S","Quarter","Washington Silver Quarter","","Choice Proof 63","3.25","$3 – $7","","",""
"2021","W","Dollar","America the Beautiful Quarters","Unmapped","","","$250 – $375","","",""
"1907","","Half Dollar","Barber","Liberty Head","Circulated","$47.25","$18 – $45","","",""
"2025","S","Quarter Dollar","American Women Quarters","Stacey Park Milbern","Choice Proof-63","$34.95","","","",""
"2009","D","Penny","Lincoln Cent Series","Abraham Lincoln, Birth and Childhood Reverse","Uncirculated","$0.30","$0.50 – $2.00","","",""
"1996","D","Quarter","Washington Silver Quarter","","Uncirculated","4.25","$1 – $3","","",""
"2024","D","Quarter Dollar","American Women Quarters","Pauli Murray","Uncirculated","$1.00","","","",""
"1853","","Seated Liberty Half Dime","","Arrows","Average Circulated","$45.00","$35 – $75","","",""
"1979","","Quarter","Washington Silver Quarter","","Uncirculated","1.75","$1 – $3","","",""
"1985","","Penny","Lincoln Cent Series","Abraham Lincoln","Uncirculated","$0.95","$0.15 – $1.00","","",""
"1989","S","Quarter","Washington Silver Quarter","","Choice Proof 63","2.85","$3 – $7","","",""
"1953","","Dime","Roosevelt Dime","","Circulated","$19.20","Pending","","",""
"1901","","Penny","Indian Head Cent","Indian Head","Good","$8.25","$1.50 – $3.00","","",""
"1927","S","Penny","Lincoln Head Penny","","Average Circulated","","$1.50 – $4.00","","",""
"1891","CC","1 Dollar","Morgan Silver Dollars","","About Uncirculated","$338.00","$650 – $850","","",""
"1904","O","1 Dollar","Morgan Silver Dollars","Liberty Head","Mint State","$115.00","$75 – $110","","",""
"1937","","Dime","Mercury Dime","Winged Liberty Head","Extremely Fine","$16.50","Pending","","",""
"1890","","Dime","Liberty Seated Silver Dime","","Fine","$54.00","Pending","","",""
"1963","D","Dime","USA Invoice Import","Unmapped","Uncirculated","$17.10","","","",""
"1905","","Half Dollar","Barber","Liberty Head","Circulated","$56.00","Pending","","",""
"1951","D","Quarter","Washington Silver Quarter","","Fine","24.50","$6 – $9","","",""
"1859","O","Half Dollar","Liberty Seated","No Motto","Average Circulated","$108.00","Pending","","",""
"1983","S","Dime","Roosevelt Dimes","","Choice Proof 63","3.75","$2 – $5","","",""
"1981","S","Dollar","Eisenhower Dollar","Dwight D. Eisenhower","Proof-63","$17.95","$10 – $15","","",""
"1896","","Nickel","Liberty Head Nickel","Liberty Head","Good","$35.00","Pending","","",""
"1887","","1 Dollar","Morgan Silver Dollars","","Select Uncirculated","$875.00","$75 – $95","","",""
"1894","S","Half Dollar","Barber","Liberty Head","Good","$57.00","$100 – $140","","",""
"1840","","Quarter","Liberty Seated","Liberty Seated, No Motto","Genuine","$85.00","$40 – $150","","",""
"1924","S","Dime","USA Invoice Import","Unmapped","Good","$29.50","","","",""
"2019","D","Native American $1 Coin","Native American $1 Coin Program","Space Program","Uncirculated","$0.00","$1.50 – $3.00","","",""
"1937","","Half Dollar","Walking Liberty Half Dollar","","Circulated","$26.20","Pending","","",""
"1978","S","Dollar","Eisenhower Dollar","Dwight D. Eisenhower","Proof-63","$31.35","$4 – $8","","",""
"1925","D","Nickel","Buffalo Nickel","Native American & Buffalo","About Good","$6.50","$12 – $20","","",""
"1945","S","Quarter Dollar","USA Invoice Import","Unmapped","Average Circulated","$0.00","","","",""
"2014","P","$1","Presidential $1 Coin Program","Herbert Hoover","Uncirculated","3.50","$2.00 – $4.00","","",""
"1869","","","","","Extremely Fine","$695.00","Pending","","",""
"2017","P","Quarter","National Park Quarters","District of Columbia Frederick Douglass National Historic Site","Uncirculated","$1.00","$0.50 – $2.00","","",""
"1828","","Capped Bust Silver Half Dollar","Capped Bust Half Dollar","Capped Bust Liberty","Very Fine","$495.00","$110 – $160","","",""
"1982","D","Quarter","Washington Silver Quarter","","Uncirculated","23.50","$2 – $5","","",""
"1951","","Quarter","Washington Quarter","","Circulated","$27.00","Pending","","",""
"2016P","","quarter","National Park Quarters","Unmapped","uncirculated","$1.00","$1.00 – $3.00","","",""
"2024","","Quarter Dollar","American Women Quarters / The Celebrating America Coin Collection","Dr. Mary Edwards Walker","","$17.95","","","",""
"1923","","Dollar","Peace Dollar","","Extremely Fine","$79.00","$32 – $38","","",""
"1945","S","Quarter Dollar","USA Invoice Import","Unmapped","Average Circulated","$0.00","","","",""
"2001","","Dollar","The Complete Original-Design Proof Silver Eagle Dollar Collection","American Eagle","Proof","$69.20","","","",""
"2021","D","1 Dollar","Native American Dollar","Military Service","Uncirculated","$8.10","Pending","","",""
"1858","O","Quarter","Liberty Seated","Liberty Seated, No Motto","Average Circulated","$90.00","$125 – $250","","",""
"2004","","Penny","Lincoln Cent Series","Abraham Lincoln","Uncirculated","$0.40","$0.10 – $1.00","","",""
"1946","","Penny","Lincoln Cent","Wheat Reverse","Genuine","$0.00","$0.10 - $0.50","","",""
"2019","P","Quarter","National Park Quarters","War in the Pacific National Historical Park","Uncirculated","$1.75","$0.25 – $1.00","","",""
"2020S","","Dollar","AI$ Proof Set","Unmapped","ch proof 63","$80.00","$5 – $15","","",""
"1914","","25 Cents","Barber Silver Quarters","Liberty Head","Very Good","$300.00","Pending","","",""
"1925","S","Penny","Lincoln Cent","","Average Circulated","$5.50","Pending","","",""
"2008","D","$1","Presidential $1 Coin Program","Andrew Jackson","Uncirculated","4.25","$1.50 – $3.00","","",""
"1909","","Penny","Lincoln Cent Series","Abraham Lincoln","Extremely Fine","","$4 – $8","","",""
"1925","","Penny","Lincoln Wheat Cent Series","Abraham Lincoln","Not Graded","$0.00","Pending","","",""
"1921","","$1","Morgan Silver Dollar Set","","MS-65","995.0","$150 – $350,000","","",""
"1907","P","Barber Silver Dimes","Barber Dimes","Liberty Head","Good","$22.95","$3 – $5","","",""
"2019","P","Quarter","National Park Quarters","Lowell National Historical Park","Uncirculated","$1.75","$0.25 – $1.00","","",""
"1842","","Large Cent","Braided Hair Large Cents","Liberty Head","Very Fine","$148.50","Pending","","",""
"1928","","Buffalo Nickel","","","Average Circulated","$50.00","$1.50 – $3.50","","",""
"2011","P","$1","Presidential $1 Coin Program","Rutherford B. Hayes","Uncirculated","4.50","Pending","","",""
"1885","","Quarter Dollar","Washington Quarter Club","Liberty Seated","Gem Proof 65","$1995.00","","","",""
"1890","CC","$1","Morgan Silver Dollar","","Not Graded","1495","Pending","","",""
"1958","","Penny","Lincoln Wheat Cent Series","Abraham Lincoln","Not Graded","$0.00","Pending","","",""
"2022","S","Quarter","US Women's Quarters","Maya Angelou","Proof-63","$25.75","Pending","","",""
"1934","O","Quarter","Washington Silver Quarter","","Very Fine","55.00","Pending","","",""
"1878","CC","$1","Morgan Silver Dollar","","Uncirculated","1495.0","Pending","","",""
"1842","","Dollar","Liberty Seated","","EF-40","$850.00","Pending","","",""
"1937","","Penny","Lincoln Cent Series","Abraham Lincoln","Uncirculated","$19.75","Pending","","",""
"1871","P","Half Dollar","Liberty Walking Half Dollar","","Good","$175.00","Pending","","",""
"1990","S","Kennedy Half Dollar","Kennedy Half Dollar Series","John F. Kennedy","Choice Proof 63","$10.75","Pending","","",""
"2002","P","Quarter","State and Territory Quarters","Tennessee","Uncirculated","4.75","Pending","","",""
"2015","W","Dollar","The West Point Burnished American Eagle Silver Dollar Collection","American Eagle","Uncirculated","$164.00","","","",""
"1999","P","Quarter","State and Territory Quarters","Georgia","Uncirculated","5.95","$0.50 – $1.50","","",""
"2016","D","Dime","America the Beautiful Quarters","","Uncirculated","1.75","$0.15 – $1.00","","",""
"2012","P","$1","Presidential $1 Coin Program","Chester A. Arthur","Uncirculated","4.75","Pending","","",""
"2007","D","$1","Presidential $1 Coin Program","George Washington","Uncirculated","4.95","Pending","","",""
"1960","","Penny","Lincoln Cent","","Choice Proof 63","$25.00","Pending","","",""
"1998","S","Dime","Roosevelt Dimes","","Choice Proof 63","27.50","Pending","","",""
"1940-1941","S","Mixed","The World War II U.S. Coin Collection","Shipment #2","Average Circ","$87.00","","","",""
"1972","D","1 Dollar","Eisenhower Dollar","Dwight D. Eisenhower","Uncirculated 63","$31.35","Pending","","",""
"2013","S","Quarter","America the Beautiful Quarters","Perry's Victory & International Peace Memorial","Proof-63 Cameo","$8.95","Pending","","",""
"1943","D","Penny","Lincoln Cent","Steel Cent (Wartime Issue)","Average Circulated","$2.00","$0.50 - $2.00","","",""
"2006","S","1 Dollar","Sacagawea Dollar","","Proof-63","$18.50","$5 – $10","","",""
"1996","D","Penny","Lincoln Cent","Lincoln Head","Uncirculated","$95.00","$0.15 – $1.00","","",""
"2025","S","Dime","USA Invoice Import","Unmapped","Choice Proof-63","$10.95","","","",""
"1901","","Cent","Indian Head Cent","","Good","$8.25","Pending","","",""
"2019","P","Quarter","National Park Quarters","Frank Church River of No Return Wilderness Area","Uncirculated","$1.75","$0.25 – $1.00","","",""
"1921","","Penny","Lincoln Wheat Cent Series","Abraham Lincoln","Not Graded","$0.00","$0.15 – $15.00","","",""
"2012","P","Quarter","National Park Quarters","Hawaii Volcanoes National Park","Mint State","$1.25","Pending","","",""
"2025","W","American Silver Eagle","American Eagle Silver Dollar","Walking Liberty Half Dollar","Uncirculated","139.00","$45 – $65","","",""
"2024","D","Dollar","American Innovation Dollars","Maine - Direct Current Defibrillator","Uncirculated","$0.00","","","",""
"1885","","","","Unmapped","Extremely Fine","$125.00","Pending","","",""
"1942","","Half Dollar","Walking Liberty Half Dollar","America Revisited Selection","Circulated","$19.80","Pending","","",""
"1928","D","Cent","USA Invoice Import","Lincoln Head","Average Circulated","$4.45","","","",""
"1947","S","Dime","Roosevelt Dimes","Unmapped","Uncirculated","25.50","$8 – $15","","",""
"1997","","Penny","Lincoln Cent Series","Abraham Lincoln","Uncirculated","$0.50","$0.15 – $1.00","","",""
"1936","","Penny","Lincoln Cent","Lincoln Cent (Wheat Reverse)","Average Circulated","$1.35","$0.15 – $0.50","","",""
"2000","D","1 Dollar","Sacagawea Dollar","Sacagawea Dollar","Uncirculated","$4.95","$1.50 – $3.00","","",""
"1943","S","Penny","Lincoln Head Penny","Abraham Lincoln","Uncirculated","$24.50","$5 – $15","","",""
"2003","D","Dime","USA Invoice Import","Unmapped","Uncirculated","$2.75","","","",""
"1935","","Quarter","Washington Silver Quarter","Unmapped","AU-50","275.00","Pending","","",""
"2013","S","$1","Presidential $1 Coin Program","Woodrow Wilson","Uncirculated","6.74","$2.50 – $5.00","","",""
"2025","","Quarter Dollar","Celebrating America Coin Collection","Ida B Wells","","$17.95","","","",""
"1941","S","Dime","Mercury Dime","Mercury (Roman God)","About Good","$1.50","$2.25 – $3.50","","",""
"2020","S","Dollar","The Complete 2020 American Eagle NGCX Silver Dollar Set","Emergency Issue","","$298.00","","","",""
"2014","P","Quarter","America the Beautiful Quarters","Everglades National Park","Uncirculated","$1.25","$0.50 – $2.00","","",""
"1966","","","Special Mint Set Hard Holder","Unmapped","uncirculated","$38.95","$5 – $15","","",""
"2010","D","$1","Presidential $1 Coin Program","Abraham Lincoln","Uncirculated","5.95","$1.50 – $3.00","","",""
"1948","S","Penny","Lincoln Cent","Lincoln Head","Uncirculated","$15.25","$2.00 – $6.00","","",""
"1882","","$5 National Bank Note Large Size","USA Invoice Import","Portland Maine Brown Back","Fine/Very Fine","$876.00","","1060","",""
"1998","","Penny","Lincoln Head Penny","Abraham Lincoln","Uncirculated","$0.45","$0.15 – $1.00","","",""
"1844","","Quarter","Liberty Seated","Liberty Seated, No Motto","Average Circulated","$67.50","$65 – $125","","",""
"2024","","Quarter Dollar","American Women Quarters / The Celebrating America Coin Collection","Zitkala-Sa","","$17.95","","","",""
"1874-1876","","50C Fractional Currency","USA Invoice Import","Unmapped","Crisp Uncirculated","$264.00","","","",""
"1957","","Quarter","Washington Silver Quarter","Unmapped","Choice Proof 63","32.75","$8 – $15","","",""
"","","","The World War II U.S. Coin Collection","Shipment # 2","","$87.00","","","",""
"1929","D","Lincoln Cent","","Unmapped","Average Circulated","$0.00","$0.50 – $1.50","","",""
"1941","S","Half Dollar","USA Invoice Import","Walking Liberty","Average Circ","$37.80","","","",""
"2007","W","Dollar","American Eagle","Unmapped","Uncirculated","$70.00","Pending","","",""
"1964","","Five Cents","USA Invoice Import","Unmapped","Average Circulated","$1.80","","","",""
"1948","D","Quarter","Washington Silver Quarter","Unmapped","Extremely Fine","27.75","$8 – $12","","",""
"1933","","Penny","Lincoln Cent","Abraham Lincoln","Genuine","","Pending","","",""
"1928","","Quarter","Standing Liberty Silver Quarter","Standing Liberty Quarter","Very Good","$32.50","$8 – $15","","",""
"1944","","Five Cents","The U.S. Nickel Collection","Unmapped","","$7.95","","","",""
"1856","O","Dime","U.S. Dime Collection Selection","Liberty Seated","Genuine","$86.50","","","",""
"1854","","Dime","Liberty Seated Silver Dime","Unmapped","Fine","$60.00","$20 – $35","","",""
"2024","S","Dollar","Peace Dollar","Peace","Choice Proof-63","$169.00","","","",""
"1966","","Nickel","Jefferson Nickel Series","Thomas Jefferson","Uncirculated","$0.00","Pending","","",""
"2024","D","Dollar","American Innovation Dollars","Illinois","Uncirculated","$0.00","","","",""
"1984","S","Kennedy Half Dollar","Kennedy Half Dollar","John F. Kennedy","Proof-63 Cameo","$15.50","$3 – $7","","",""
"1954","D","Half Dollar","Franklin Half Dollar","Benjamin Franklin","Very Fine","$39.50","$10 – $14","","",""
"1924","S","Penny","Lincoln Head Penny","Lincoln Portrait","Average Circulated","$8.00","$1.50 – $4.00","","",""
"2017","S","Kennedy Half Dollar","Kennedy Half Dollar","John F. Kennedy","Proof-63 Cameo","$26.50","$12 – $22","","",""
"1909-1958","","Cent","Wheat Cents","Mixed Wheat Cents Lot","Average Circ","$73.00","","","",""
"1911","","Nickel","Liberty Head Nickel","Liberty Head","Extremely Fine","$75.00","Pending","","",""
"1849","","Large Cent","Braided Hair Large Cents","Liberty Head","Extremely Fine","$135.00","Pending","","",""
"1902","","1 Dollar","Morgan Silver Dollars","Unmapped","Extremely Fine","$103.00","Pending","","",""
"1958","D","Half Dollar","Franklin Half Dollar","Benjamin Franklin","Gem Uncirculated 65","$135.00","Pending","","",""
"1937","S","Dime","Mercury Dime","Winged Liberty Head","Very Good","$20.50","Pending","","",""
"1949","","Dime","Roosevelt Dime","Historic Year Set","Circulated","$22.40","Pending","","",""
"1995","S","Kennedy Half Dollar","Kennedy Half Dollar","John F. Kennedy","Proof-63 Cameo","$53.50","Pending","","",""
"1859","","Half Dollar","Liberty Seated","No Motto","Very Good","$135.00","Pending","","",""
"1895","S","Half Dollar","Barber","Liberty Head","Good","$102.00","Pending","","",""
"1938","","Dime","Liberty Seated Silver Dime","Unmapped","Very Fine","$195.00","$15 – $25","","",""
"1943","D","Cent","Lincoln Steel Cent","Lincoln Head","Ungraded","$1.98","Pending","","",""
"1936","S","Dime","Mercury Dime","Winged Liberty Head","Extremely Fine","$27.50","Pending","","",""
"2024","S","Kennedy Half Dollar","Kennedy Half Dollar","Unmapped","Ch Proof-63","$69.95","$12 – $20","","",""
"1895","O","Half Dollar","Barber","Liberty Head","Good","$115.00","Pending","","",""
"1999","S","Quarter","State and Territory Quarters","New Jersey","Ch Proof-63","16.95","$4 – $12","","",""
"1982","D","Penny","Lincoln Head Penny","Abraham Lincoln","Uncirculated","$0.50","$10 – $25","","",""
"1938","","Cent","Lincoln Wheat Cent","America Revisited Selection","Circulated","$35.80","Pending","","",""
"2015","D","$1","Presidential $1 Coin Program","John F. Kennedy","Uncirculated","points","$2.00 – $4.00","","",""
"1893","O","1 Dollar","Morgan Silver Dollars","Unmapped","Extremely Fine","$950.00","Pending","","",""
"2023","","Dollar","The Ultimate Modern Morgan and Peace Silver Dollar Collection","Peace Dollar","Reverse Proof","$229.00","","","",""
"1939","D","Dime","Mercury Dime","Winged Liberty Head","Very Good","$18.25","Pending","","",""
"1971","S","Penny","Lincoln Cent","Abraham Lincoln","Proof-63","$2.95","$1.00 – $3.00","","",""
"2005","S","1 Dollar","Sacagawea Dollar","Sacagawea Dollar","Proof-63","$12.95","$5 – $10","","",""
"2008","S","$1","Presidential $1 Coin Program","Andrew Jackson","Choice Proof 63","11.95","$3.00 – $6.00","","",""
"1835","","Capped Bust Silver Half Dollar","Capped Bust Half Dollar","Capped Bust Liberty","Very Fine","$175.00","Pending","","",""
"2021","","Dollar","The Complete Original-Design Proof Silver Eagle Dollar Collection","American Eagle","Proof","$187.00","","","",""
"1906","D","Half Dollar","Barber Half Dollar","Liberty Head","Very Good","$51.50","Pending","","",""
"2007","P","Quarter","State and Territory Quarters","Wyoming","Uncirculated","2.5","Pending","","",""
"1974","S","1 Dollar","Eisenhower Dollar","Dwight D. Eisenhower","Proof-63","$31.35","Pending","","",""
"2003","S","Quarter","State and Territory Quarters","Illinois","Choice Proof 63","7.5","Pending","","",""
"2013","P","Quarter","America the Beautiful Quarters","Mount Rushmore National Memorial","Uncirculated","$1.50","Pending","","",""
"1969","D","Dime","Roosevelt Dimes","Unmapped","Uncirculated","3.00","Pending","","",""
"1972","","Penny","Lincoln Cent","Lincoln Head","Uncirculated","$0.80","$1.00 – $3.00","","",""
"1903","S","Half Dollar","Barber","Liberty Head","Ungraded","$42.50","$120 – $15,000","","",""
"1892","S","$1","Morgan Silver Dollar","Unmapped","Choice AU","3995.0","$12,000 – $18,000","","",""
"1963","","Five Cents","The U.S. Nickel Collection","Unmapped","","$7.95","","","",""
"2003","S","Dime","Roosevelt Dimes","Unmapped","Choice Proof 63","5.50","$3 – $7","","",""
"1968","S","Cent","USA Invoice Import","Unmapped","Uncirculated","$0.00","","","",""
"2013","S","Kennedy Half Dollar","Kennedy Half Dollar","John F. Kennedy","Choice Proof 63","$30.95","$3 – $7","","",""
"2007","D","1 Dollar","Sacagawea Dollar","Sacagawea Dollar","Uncirculated","$8.25","$1.50 – $3.00","","",""
"2025","S","Roosevelt Dime","","Unmapped","Proof-63","$10.95","$3 – $7","","",""
"1962","","Dime","Roosevelt Dime","Time Capsule Year Set","Circulated","$15.99","Pending","","",""
"2007","S","Quarter","State and Territory Quarters","Idaho","Choice Proof-63","4.5","Pending","","",""
"1911","","Five Cents","The U.S. Nickel Collection","Liberty Head","","$7.95","","","",""
"2024","S","Dime","USA Invoice Import","Unmapped","Choice Proof-63","$2.25","","","",""
"1927","","Quarter","Standing Liberty Quarter","Unmapped","Good","$30.00","Pending","","",""
"1964","","Dime","Roosevelt Dimes","Unmapped","Average Circulated","Points","$2.00 – $3.00","","",""
"1953","P","Nickel","Jefferson Nickel Series","Thomas Jefferson","Uncirculated","$3.75","$1.50 – $4.00","","",""
"1965","","Nickel","Jefferson Nickel Series","Thomas Jefferson","Uncirculated","$0.00","$1.00 – $3.00","","",""
"2012","S","Quarter","America the Beautiful Quarters","Chaco Culture National Historical Park","Proof-63 Cameo","$28.50","$8 – $15","","",""
"1914","","$10 Federal Reserve Note","Federal Reserve Note","Large Size","Very Fine","$238.00","","","",""
"2020","S","Quarter","National Park Quarters","US Virgin Islands Salt River Bay National Historical Park and Ecological Preserve","Proof-63","$5.65","$3 – $7","","",""
"2008","D","$1","Presidential $1 Coin Program","Martin Van Buren","Uncirculated","4.75","$1.50 – $3.00","","",""
"1914","D","Barber Silver Dimes","Barber Dimes","Liberty Head","Very Good","$26.95","Pending","","",""
"2019","S","Quarter","National Park Quarters","War in the Pacific National Historical Park","Proof-63","$15.99","$10 – $18","","",""
"1910","","Dime","Barber","Unmapped","Good","$0.00","","","",""
"2015","","Five Cents","America the Beautiful Quarters","Unmapped","","$7.95","","","",""
"2022","D","Various","U.S. Uncirculated Coin Mint Sets","Denver Mint Panel","Uncirculated","$39.95","","","",""
"2015","","Dollar","America the Beautiful Quarters","Unmapped","Uncirculated","$0.00","","","",""
"1843","","Seated Liberty Half Dime","","Stars","Extremely Fine","$125.00","$125 – $175","","",""
"1998","","Nickel","The U.S. Nickel Collection","Jefferson","Ungraded","$7.95","$0.05 – $1.50","","",""
"1883","","$1","Morgan Silver Dollar","1883 GSA Hoard","NGC MS 61 PL","895.0","$110 – $145","","",""
"1891","S","1 Dollar","Morgan Silver Dollar","Liberty Head","About Uncirculated","$99.00","Pending","","",""
"1972","S","Penny","Lincoln Cent","Abraham Lincoln","Proof-63","$2.95","$1.00 – $3.00","","",""
"1919","D","Penny","Lincoln Cent","Lincoln Head","Average Circulated","$6.25","$1.50 – $4.50","","",""
"1907-2013","","Five Cents","The U.S. Nickel Collection","Shipment 11","","$31.80","","","",""
"1928","A","$1 Silver Certificate","USA Invoice Import","Funnyback Star Note EPQ","Uncirculated-64 Premium","$876.00","","","",""
"1936","","Quarter Dollar","USA Invoice Import","Unmapped","Average Circulated","$0.00","","","",""
"1866","","$5","Liberty Head Gold Half Eagle","Liberty Head","AU-50","$595.00","$12,500 – $15,500","","",""
"1883","CC","1 Dollar","Morgan Silver Dollar","Liberty Head","Mint State","$340.00","$325 – $450","","",""
"1861","","Seated Liberty Half Dime","","Unmapped","Very Good","$58.50","$15 – $25","","",""
"1926","D","Quarter","Standing Liberty Quarter","Standing Liberty Quarter","Very Fine","$110.00","Pending","","",""
"1882","O","Dollar","Morgan Silver Dollar","Liberty Head, Eagle","Choice About Uncirculated","$255.00","$55 – $75","","",""
"1964","","Quarter","Washington Quarter","Unmapped","Circulated","$5.99","Pending","","",""
"2020","S","Kennedy Half Dollar","Kennedy Half Dollar Series","John F. Kennedy","Choice Proof 63","$6.95","$5 – $10","","",""
"1935","P","Half Dollar","Liberty Walking Half Dollar","Unmapped","Fine","$44.50","Pending","","",""
"1979","","Five Cents","The U.S. Nickel Collection - Shipment 11","Thomas Jefferson","","$7.95","","","",""
"1889","O","Dollar","Morgan Silver Dollar","Liberty Head, Eagle","Extremely Fine","$99.00","Pending","","",""
"1927","S","Dime","USA Invoice Import","Unmapped","Average Circulated","$29.25","","","",""
"2021","S","Native American $1 Coin","Native American $1 Coin Program","Military Service","Proof-63","$0.00","$4 – $8","","",""
"2020","D","Kennedy Half Dollar","Kennedy Half Dollar Series","John F. Kennedy","Uncirculated","$3.50","$1.50 – $3.50","","",""
"1870","","Nickel","Shield Nickel","Unmapped","Choice Uncirculated","$265.00","$350 – $500","","",""
"1953","","Penny","Lincoln Cent","Abraham Lincoln","Genuine","","$0.15 – $3.00","","",""
"1976","S","1 Dollar","U.S. Bicentennial","Eisenhower Dollar - Variety 2","Proof-63","$31.35","$8 – $15","","",""
"1896","","Cent","USA Invoice Import","Unmapped","Average Circulated","$0.00","","","",""
"1993","D","Penny","Lincoln Cent","Abraham Lincoln","Mint State","$1.20","$0.15 – $3.00","","",""
"1952","","Half Dollar","Franklin Half Dollar","Unmapped","Circulated","$21.80","Pending","","",""
"2017","S","Quarter","National Park Quarters","Indiana George Rogers Clark","Uncirculated","$1.25","$1.50 – $3.50","","",""
"1941","S","Penny","Lincoln Cent","Lincoln Portrait","Average Circulated","$1.50","$0.15 – $0.50","","",""
"2019","S","Quarter","National Park Quarters","Lowell National Historic Park","Proof-63","$15.99","$10 – $18","","",""
"1969","S","Penny","Lincoln Cent","Lincoln Head","Proof 63 (PR63)","$2.50","$1.00 – $3.00","","",""
"1916","D","Half Dollar","Walking Liberty Half Dollar","Liberty Walking","Good","$110.00","$45 – $65","","",""
"2011","D","Penny","Lincoln Cent","Abraham Lincoln","Uncirculated","$0.25","Pending","","",""
"","","Nickel","Buffalo Nickel 3 coin All Mint set","Unmapped","fine","points","$1.50 – $4.50","","",""
"1965","","Five Cents","The U.S. Nickel Collection","Unmapped","","$7.95","","","",""
"1925","D","Penny","Lincoln Cent","Lincoln Cent (Wheat Reverse)","Average Circulated","$6.50","Pending","","",""
"2000","S","Kennedy Half Dollar","Kennedy Half Dollar","John F. Kennedy","Proof-63 Cameo","$8.75","$3 – $7","","",""
"1824","","Half Dollar","Capped Bust","Unmapped","Extra Fine 40","$558.00","","","",""
"2024","S","Roosevelt Dime","","Unmapped","Ch Proof-63","$14.95","Pending","","",""
"1972","","Five Cents","The U.S. Nickel Collection","Unmapped","","$7.95","","","",""
"2006","D","Penny","Lincoln Cent Series","Abraham Lincoln","Uncirculated","$0.30","$0.15 – $1.00","","",""
"1978","S","Quarter","Washington Silver Quarter","Unmapped","Ch Proof-63","3.50","$3 – $7","","",""
"1913","S","Dime","Barber Series","Liberty Head","Fine","$267.00","Pending","","",""
"2021","","Quarter","Celebrating America Coin Collection","Zitkala-Sa","Ungraded","$17.95","$1 – $5","","",""
"1943","","Dime","Mercury Dime","Winged Liberty Head","Average Circulated","$14.50","$2.50 – $4.50","","",""
"1923","","Penny","Lincoln Cent","Abraham Lincoln","Genuine","","$0.15 – $1.50","","",""
"1934","","Penny","Lincoln Cent","Abraham Lincoln","Not Graded","$0.00","$0.15 – $15.00","","",""
"1845","","Quarter","Liberty Seated Quarter","Liberty Seated (No Motto)","Very Good","$1.00","$45 – $75","","",""
"2015","P","$1","Presidential $1 Coin Program","Harry S. Truman","Uncirculated","2.95","$2.00 – $4.00","","",""
"2009","D","Quarter","State and Territory Quarters","Puerto Rico Territory Commemorative","Uncirculated","2.5","$1.00 – $3.00","","",""
"2016","","Dollar","America the Beautiful Quarters","Unmapped","Uncirculated","$0.00","","","",""
"1992","D","Penny","Lincoln Cent","Abraham Lincoln","Uncirculated","$0.80","$0.10 – $1.00","","",""
"1958","D","Penny","Lincoln Cent","Unmapped","Uncirculated","$1.40","Pending","","",""
"2009","S","Quarter","State and Territory Quarters","Guam Territory commemorative","Choice Proof 63","10.75","$4 – $10","","",""
"1914","D","Dime","Barber","Unmapped","Good","$0.00","","","",""
"1939","","Dime","Mercury Dime","Unmapped","Circulated","$20.60","Pending","","",""
"1982","S","Dime","USA Invoice Import","Unmapped","Choice Proof-63","$0.00","","","",""
"1999","P","Kennedy Half Dollar","Kennedy Half Dollar","John F. Kennedy","Uncirculated","$5.75","$1.00 – $3.00","","",""
"1889","S","1 Dollar","Morgan Silver Dollars","Unmapped","Choice Uncirculated 63","$650.00","$450 – $550","","",""
"1947","","Dime","Roosevelt Dimes","Unmapped","Avg Cir","Points","Pending","","",""
"1947","","Five Cents","USA Invoice Import","Unmapped","Average Circ","$2.25","","","",""
"2018S","","","Clad  Proof Set 10 coins","Unmapped","ch proog 63","$146.00","$18 – $28","","",""
"1957","D","Dime","USA Invoice Import","Unmapped","Average Circ","$0.00","","","",""
"1997","","Quarter","Washington Quarter","Unmapped","Choice Proof 63","31.50","Pending","","",""
"2024","S","","Proof Set","Unmapped","Proof-63","$39.95","$3 – $8","","",""
"1989","D","Penny","Lincoln Cent Series","Abraham Lincoln","Uncirculated","$0.80","$0.15 – $1.50","","",""
"1924","D","Penny","Lincoln Head Penny","Lincoln Portrait","Fine","$114.00","$25 – $40","","",""
"1934","D","Dime","Mercury Dime","Winged Liberty Head","Very Fine","$25.50","$6 – $12","","",""
"1992","S","Kennedy Half Dollar","Kennedy Half Dollar","John F. Kennedy","Proof-63 Cameo","$48.50","Pending","","",""
"1952","D","Dime","Roosevelt Dimes","Unmapped","Uncirculated","25.50","$3 – $8","","",""
"1989","","Five Cents","The U.S. Nickel Collection - Shipment 9","Unmapped","","$7.95","","","",""
"1920","","Dime","Mercury Dime","Winged Liberty Head","Good","Points","$2.50 – $4.00","","",""
"2023","D","Quarter","American Women Quarters Program","Maria Tallchief","Uncirculated","$1.00","$0.50 – $1.50","","",""
"1909","","Penny","Lincoln Cent","Lincoln Head","Fine","$18.75","$1.50 – $3.00","","",""
"1862","","Half Dollar","Liberty Seated","No Motto","Average Circulated","$148.50","$75 – $150","","",""
"1964","","Kennedy Half Dollar","Historic U.S. Silver Half-Dollars","Unmapped","Ungraded","$94.07","$11 – $16","","",""
"2006S","","","Silver Proof set 10 coins","Unmapped","ch proof 63","$101.00","$35 – $50","","",""
"1958","D","Quarter Dollar","USA Invoice Import","Unmapped","Average Circulated","$0.00","","","",""
"2008","D","Quarter","State and Territory Quarters","Arizona","Uncirculated","2.5","$0.25 – $1.00","","",""
"","","Five Cents","The U.S. Nickel Collection","Shipment 2","","$31.80","","","",""
"1964","","Kennedy Half Dollar","Kennedy Half Dollar","John F. Kennedy","Uncirculated","$38.50","$12 – $18","","",""
"2016","P","$1","Presidential $1 Coin Program","Ronald Reagan","Uncirculated","3.50","$2.50 – $5.00","","",""
"1911","D","Barber Silver Dimes","Barber Dimes","Liberty Head","Very Good","$18.00","Pending","","",""
"1996","P","Quarter","Washington Silver Quarter","Unmapped","Uncirculated","2.95","$1 – $3","","",""
"1936","","Nickel","Buffalo Nickel Series","Unmapped","Very Fine","$0.00","$1.50 – $3.00","","",""
"1856","O","Half Dollar","Liberty Seated","No Motto","Very Fine","$166.50","Pending","","",""
"1915","","Penny","Lincoln Cent","Abraham Lincoln","Genuine","","$1.50 – $15.00","","",""
"1907","O","25 Cents","Barber Silver Quarters","Liberty Head","Very Good","$40.50","Pending","","",""
"1999","S","Kennedy Half Dollar","Kennedy Half Dollar","John F. Kennedy","Proof-63 Cameo","$78.00","$12 – $22","","",""
"2015","S","Quarter","National Park Quarters","Delaware Bombay Hook National Wildlife Refuge","Uncirculated","$2.65","Pending","","",""
"1961","","","America Revisited Selection","Time Capsule Year Set","Circulated","$91.50","","","",""
"1977","D","Penny","Lincoln Cent","Lincoln Memorial Reverse","Uncirculated","$1.00","$0.10 - $0.75","","",""
"1940-1941","","Mixed","The World War II U.S. Coin Collection","Shipment # 3","","$87.00","","","",""
"2000S","","","Clad Proof Set 10 Coins","Unmapped","ch proof 63","$25.95","$5 – $10","","",""
"1990","P","Kennedy Half Dollar","Kennedy Half Dollar","John F. Kennedy","Uncirculated","$6.95","Pending","","",""
"2013","S","Quarter","National Park Quarters","Ohio Perry's Victory and International Peace Memorial","Uncirculated","$3.85","Pending","","",""
"2024","D","Quarter Dollar","American Women Quarters","Pauli Murray","Uncirculated","$0.00","","","",""
"1952","D","Nickel","Jefferson Nickel Series","Thomas Jefferson","Uncirculated","$28.75","Pending","","",""
"1977","D","Dollar","Eisenhower Dollar","Dwight D. Eisenhower","Uncirculated","$9.95","Pending","","",""
"1879","","$1","Schoolgirl Dollar","Liberty Head / Eagle","Ungraded","59.95","$65 - $120","","",""
"1916","","Penny","Lincoln Head Penny","Lincoln Portrait","Average Circulated","$0.00","Pending","","",""
"1911","S","Penny","Lincoln Cent","Lincoln Head","Very Good (VG)","$103.50","Pending","","",""
"2014","D","$1","Presidential $1 Coin Program","Franklin D. Roosevelt","Uncirculated","3.50","$2.00 – $4.00","","",""
"1973","S","1 Dollar","Eisenhower Dollar","Dwight D. Eisenhower","Proof-63","$31.35","$10 – $18","","",""
"1913","Pending","Dime","Barber Series","Liberty Head","Very Good","$14.95","$4 – $125","","",""
"2011","","Penny","Lincoln Head Penny","Abraham Lincoln","Uncirculated","$0.25","$0.10 – $1.00","","",""
"1882","O","1 Dollar","Morgan Silver Dollars","Unmapped","Choice Uncirculated 63","$1150.00","$90 – $120","","",""
"2020","S","Quarter","National Park Quarters","Tallgrass Prairie National Preserve","Proof-63","$12.00","$10 – $18","","",""
"1957","D","Franklin Silver Half Dollar","","Unmapped","Good","$0.00","$10 – $13","","",""
"2018P","","quarter","National Park Quarters","Unmapped","uncirculated","$1.00","$1.00 – $3.00","","",""
"1999","S","Dime","Roosevelt Dimes","Unmapped","Choice Proof 63","2.00","$3 – $7","","",""
"1907","","$10 Gold Certificate","Large Size","Unmapped","EF-45 Premium","$1,135.00","","","",""
"1869","S","Half Dollar","Liberty Seated","With Motto","Average Circulated","$112.50","$150 – $350","","",""
"2017","","$1","America the Beautiful Quarters","Unmapped","MS-70","110.0","$85 – $130","","",""
"1906","","Half Dollar","Barber","Liberty Head","Circulated","$45.00","$18 – $45","","",""
"2001","P","1 Dollar","Sacagawea Dollar","Unmapped","Uncirculated","$7.75","$1.25 – $3.00","","",""
"2009","S","Penny","Lincoln Cent Series","Abraham Lincoln, Presidency Reverse","Proof-63","$13.95","$3 – $7","","",""
"1977","S","Dime","Roosevelt Dimes","Unmapped","Proof-63","2.75","Pending","","",""
"2023","D","Dollar","U.S. Innovation Dollar","Indiana Automobile Industry","Uncirculated","$0.00","","","",""
"2021","D","1 Dollar","American Innovation Dollars","New Hampshire - In-Home Video Game System","Uncirculated","Points","Pending","","",""
"2003","","Five Cents","The U.S. Nickel Collection - Shipment 9","Unmapped","","$7.95","","","",""
"1832","","Capped Bust Silver Half Dollar","Capped Bust Half Dollar","Capped Bust Liberty","Extremely Fine","$396.00","Pending","","",""
"Unknown","","Dime","The U.S. Coin Complete Denomination Set","Mercury Dime","Unknown","$75.00","","","",""
"1907","S","25 Cents","Barber Silver Quarters","Liberty Head","Good","$39.00","Pending","","",""
"2021","D","1 Dollar","Native American Dollar","Military Service","Uncirculated","Points","Pending","","",""
"","","Five Cents","The U.S. Nickel Collection","Shipment 4","","$31.80","","","",""
"2023","P","Dollar","American Innovation Dollars","Ohio - Underground Railroad","Uncirculated","$2.95","","","",""
"1996","S","Quarter","Washington Silver Quarter","Unmapped","Proof-63","29.95","Pending","","",""
"2023","","Peace Dollar","Ultimate Modern Morgan and Peace Silver Dollar Collection","Unmapped","Ungraded","$85.42","Pending","","",""
"1912","S","Penny","Lincoln Wheat Cent Series","Abraham Lincoln","Very Good","$0.00","Pending","","",""
"1915","","Penny","Lincoln Wheat Cent Series","Abraham Lincoln","Not Graded","$0.00","Pending","","",""
"1914","D","Penny","Lincoln Cent","Unmapped","Good","$375.00","$150 – $225","","",""
"1926","S","Dollar","Peace Dollar","Unmapped","About Uncirculated","$88.00","Pending","","",""
"1982","S","Half Dollar","USA Invoice Import","Unmapped","Choice Proof-63","$0.00","","","",""
"1894","S","Dollar","Morgan Silver Dollar","Liberty Head, Eagle","Fine","$150.00","Pending","","",""
"2024","P","Washington Quarter","American Women Quarters Program","Zitkala-Sa","Uncirculated","$1.00","$0.25 – $1.50","","",""
"1998","D","Quarter","Washington Silver Quarter","Unmapped","Uncirculated","2.75","$1 – $3","","",""
"1943","S","Nickel","Jefferson Nickel Series","Thomas Jefferson, Wartime Nickel","Uncirculated","$29.95","Pending","","",""
"2011","P","Quarter","National Park Quarters","Glacier National Park","Mint State","$1.50","$0.25 – $1.50","","",""
"2018","S","Kennedy Half Dollar","America the Beautiful Quarters","Unmapped","Proof-63","69.00","$12 – $22","","",""
"2019S","","quarter","National Park Quarters","Unmapped","uncirculated","$1.25","$2 – $5","","",""
"1887","","Dollar","Morgan Silver Dollar","Liberty Head, Eagle","Very Choice Uncirculated","$175.00","$75 – $110","","",""
"2019S","","quarter","National Park Quarters","Unmapped","uncirculated","$1.25","$2 – $5","","",""
"1829","","Half Cent","Classic Head","Unmapped","About Uncirculated","$239.00","Pending","","",""
"1916","","Penny","Lincoln Wheat Cent Series","Abraham Lincoln","Not Graded","$0.00","Pending","","",""
"1907","","Cent","Indian Head Cent","Unmapped","Good","$8.25","Pending","","",""
"1938","P","Half Dollar","Liberty Walking Half Dollar","Unmapped","Fine","$39.50","Pending","","",""
"1945","","Penny","Lincoln Cent","Wheat Reverse","Genuine","$0.00","$0.10 - $0.50","","",""
"1938","","Nickel","Jefferson Nickel","America Revisited Selection","Circulated","$35.80","Pending","","",""
"2020","S","Roosevelt Dime","America the Beautiful Quarters","Unmapped","Ch Proof-63","$0.95","Pending","","",""
"1937","","Penny","Lincoln Wheat Cent","Abraham Lincoln","Genuine","","Pending","","",""
"1856","O","Quarter","Liberty Seated","Liberty Seated, No Motto","Fine","$150.00","Pending","","",""
"2023","P","Dollar","U.S. Innovation Dollar","Ohio - Underground Railroad","Uncirculated","$2.95","Pending","","",""
"1996","D","Dime","Roosevelt Dime","Unmapped","Uncirculated","2.00","Pending","","",""
"1935","S","Half Dollar","Liberty Walking Half Dollar","Unmapped","Very Good","$43.95","Pending","","",""
"2020","P","Quarter","National Park Quarters","Tallgrass Prairie National Preserve","Mint State","$1.00","Pending","","",""
"1857","O","Quarter","Liberty Seated","Unmapped","Very Good","$115.00","Pending","","",""
"1934","","Penny","Lincoln Wheat Cent Series","Abraham Lincoln","Not Graded","$0.00","Pending","","",""
"","","Quarter Dollar","The U.S. Coin Complete Denomination Set","Barber Quarter","","$75.00","","","",""
"2022","P and D","Quarter","American Women Quarters Program","Unmapped","Uncirculated","$0.00","$1.00 – $3.00","","",""
"1950","D","Five Cents","USA Invoice Import","Unmapped","Uncirculated","$45.95","","","",""
"1878","CC","$1","Morgan Silver Dollar","Unmapped","Uncirculated W/Original Gov't Box & COA","1495","$650 – $850","","",""
"2006","S","Dime","Roosevelt Dimes","Unmapped","Ch Proof-63","4.50","$2 – $5","","",""
"2020","S","Quarter","National Park Quarters","American Samoa National Park","Uncirculated","$1.25","$2.00 – $4.00","","",""
"2023","D","Dollar","American Innovation Dollars","Ohio - Underground Railroad","Uncirculated","$2.95","","","",""
"1907","S","Dime","Barber Dime","Unmapped","Average Circ","$27.00","$45 – $95","","",""
"","","Lincoln Cent","America's First Small-Size","One-Cent Coins","Ungraded","$85.42","$0.15 – $15.00","","",""
"1898","S","25 Cents","Barber Silver Quarters","Liberty Head","AC","$35.25","$120 – $180","","",""
"2017","P","Quarter","National Park Quarters","Iowa Effigy Mounds National Monument","Uncirculated","$1.00","$0.50 – $2.00","","",""
"2023","P","Half Dollar","USA Invoice Import","Unmapped","Uncirculated","$0.00","","","",""
"2014","D","$1","Presidential $1 Coin Program","Herbert Hoover","Uncirculated","3.50","$2.00 – $4.00","","",""
"1958","","Five Cents","The U.S. Nickel Collection - Shipment 13","Unmapped","","$7.95","","","",""
"1930","S","Penny","Lincoln Cent","Abraham Lincoln","About Good","$2.25","$0.15 – $0.50","","",""
"1935","","Penny","Lincoln Wheat Cent Series","Abraham Lincoln","Not Graded","$0.00","Pending","","",""
"1943","S","Cent","Lincoln Steel Cent","Unmapped","","\.95","","","",""
"1895","S","25 Cents","Barber Silver Quarters","Liberty Head","AC","$58.50","$150 – $250","","",""
"1927","D","Quarter","Standing Liberty Silver Quarter","Standing Liberty Quarter","Good","$49.50","$45 – $65","","",""
"1958","","Nickel","Jefferson Nickel","Historical US Circulation Coins","Circulated","$18.90","Pending","","",""
"1972","S","Kennedy Half Dollar","Kennedy Half Dollar","John F. Kennedy","Proof-63 Cameo","$11.00","$3 – $7","","",""
"1964","","Penny","Lincoln Head Penny","Abraham Lincoln","Choice Proof 63","$1.75","$1 – $3","","",""
"19th & 20th century","","Penny","Indian Head Cent 2 coin set with case","Unmapped","extra fine","points","$15 – $35","","",""
"1987","","Dollar","American Eagle","Unmapped","Uncirculated","$67.50","$40 – $55","","",""
"1973","","Dollar","Eisenhower Dollar","Dwight D. Eisenhower","UNC 63","$31.35","$4 – $8","","",""
"1919","S","Penny","Lincoln Cent","Unmapped","Good","$2.95","$0.50 – $1.50","","",""
"1978","","Penny","Lincoln Head Penny","Abraham Lincoln","Uncirculated","$0.50","$0.15 – $1.50","","",""
"2007","D","Quarter","State and Territory Quarters","Utah","Uncirculated","1.5","$0.50 – $1.50","","",""
"1971","S","1 Dollar","Eisenhower Dollar","Dwight D. Eisenhower","UNC 63","$31.35","$12 – $18","","",""
"1925","","Five Cents","USA Invoice Import","Unmapped","Average Circulated","$0.00","","","",""
"1930","D","Penny","Lincoln Cent","Lincoln Cent (Wheat Reverse)","Fine","$3.95","$0.75 – $2.00","","",""
"1985","P","Dime","Roosevelt Dimes","Unmapped","Uncirculated","2.50","$1.50 – $4.00","","",""
"2019","S","Kennedy Half Dollar","Kennedy Half Dollar Series","John F. Kennedy","Choice Proof 63","$49.50","$5 – $12","","",""
"1859","S","Quarter","Liberty Seated","Liberty Seated, No Motto","F-12","$1395.00","$1,100 – $1,600","","",""
"2023","D","Dime","Roosevelt Dimes","Unmapped","Uncirculated",".95","$0.15 – $1.00","","",""
"1942","","Quarter","Washington Quarter","Time Capsule","Circulated","$19.80","Pending","","",""
"1968","S","Penny","Lincoln Cent","Lincoln Head","Proof 63 (PR63)","$2.75","Pending","","",""
"2021","P","Kennedy Half Dollar","Kennedy Half Dollar","John F. Kennedy","Uncirculated","$1.95","Pending","","",""
"2005","S","Quarter","State and Territory Quarters","W Virginia Commemorative","Choice Proof 63","4.75","Pending","","",""
"1952","","Half Dollar","Franklin Half Dollar","Benjamin Franklin","Very Fine","$39.50","Pending","","",""
"1894","O","1 Dollar","Morgan Silver Dollar","Liberty Head","Very Fine","$135.00","Pending","","",""
"2019","S","Quarter","America the Beautiful Quarters","Texas San Antonio Missions National Historical Park","Uncirculated","$1.25","Pending","","",""
"1850","O","Half Dollar","Liberty Seated","No Motto","Fine","$148.50","Pending","","",""
"1936","D","Dime","Mercury Dime","Winged Liberty Head","Very Fine","$20.00","Pending","","",""
"1973","D","Dollar","Eisenhower Dollar","Dwight D. Eisenhower","MS-63","$31.35","Pending","","",""
"1846","","Quarter","Liberty Seated","Liberty Seated, No Motto","VF-25","$345.00","Pending","","",""
"2025","S","Quarter Dollar","American Women Quarters","Dr. Vera Rubin","Choice Proof-63","$34.95","","","",""
"1964","","Roosevelt Dime","Roosevelt Dime","Unmapped","Proof-63","26.95","Pending","","",""
"1921","","Dollar","Peace Dollar","Unmapped","About Uncirculated","$293.00","Pending","","",""
"2010","D","Dime","America the Beautiful Quarters","Unmapped","Uncirculated","2.00","$1 – $3","","",""
"1903","O","Dime","Barber Series","Liberty Head","Good","$26.95","$45 – $65","","",""
"2011","S","Penny","Lincoln Cent","Lincoln Head","Proof 63 (PR63)","$11.95","$3 – $7","","",""
"1964","D","Kennedy Half Dollar","","Unmapped","Uncirculated","$44.95","Pending","","",""
"2010","P","$1","Presidential $1 Coin Program","James Buchanan","Uncirculated","4.95","$1.50 – $3.00","","",""
"2024","","Dollar","The Ultimate Modern Morgan and Peace Silver Dollar Collection","Peace Dollar","Uncirculated","$229.00","","","",""
"2007","D","$1","Presidential $1 Coin Program","John Adams","Uncirculated","4.25","$1.50 – $3.00","","",""
"1945","S","Nickel","Jefferson Nickels","Thomas Jefferson, Wartime Nickel","Average Circulated","$0.00","Pending","","",""
"1988","S","Penny","Lincoln Cents","Lincoln Head","Proof 63 (PR63)","$8.50","Pending","","",""
"2008","S","Quarter","State and Territory Quarters","Oklahoma","Choice Proof 63","26.5","Pending","","",""
"1902","","25 Cents","Barber Quarters","Liberty Head","Fine","$72.50","Pending","","",""
"2022","S","Quarter","American Women Quarters","Sally Ride","Proof-63","$7.75","Pending","","",""
"2024","","Quarter Dollar","American Women Quarters / The Celebrating America Coin Collection","Rev. Dr. Pauli Murray","","$17.95","","","",""
"1922","","Dollar","Peace Dollar","Unmapped","Uncirculated","$96.75","Pending","","",""
"2013","P","$1","Presidential $1 Coin Program","Woodrow Wilson","Uncirculated","3.50","Pending","","",""
"2024","S","Quarter","American Women Quarters Program","Celia Cruz","Choice Proof-63","$8.95","Pending","","",""
"1940","","Dime","Mercury Dime","Unmapped","Circulated","$22.00","Pending","","",""
"2023","P","Dollar","American Innovation Dollars","Indiana - Automobile Industry","Uncirculated","$0.00","","","",""
"2017","S","Quarter","National Park Quarters","New Jersey Ellis Island National Monument","Proof-63","$11.75","$3 – $8","","",""
"1916","","Dime","Barber","Unmapped","Good","$0.00","","","",""
"1923","","Penny","Lincoln Wheat Cent Series","Abraham Lincoln","Not Graded","$0.00","$0.15 – $15.00","","",""
"1886","S","1 Dollar","Morgan Silver Dollars","Unmapped","Very Fine","$195.00","$125 – $165","","",""
"2010","P","1 Dollar","America the Beautiful Quarters","Unmapped","Uncirculated","$8.95","Pending","","",""
"1979","","Dime","Roosevelt Dimes","Unmapped","Uncirculated","2.00","Pending","","",""
"2010","P","$1","Presidential $1 Coin Program","Millard Fillmore","Uncirculated","4.50","Pending","","",""
"1887","","","","Unmapped","Extremely Fine","$49.50","Pending","","",""
"1931","","Penny","Lincoln Wheat Cent","Abraham Lincoln","Genuine","","Pending","","",""
"1976","D","Dollar","Eisenhower Dollar","Dwight D. Eisenhower / Bicentennial","Uncirculated","$11.50","Pending","","",""
"1897","","1 Dollar","Morgan Silver Dollars","Unmapped","Very Choice Uncirculated","$250.00","Pending","","",""
"1982","D","Penny","Lincoln Cent","Lincoln Memorial Reverse, Large Date Copper Variety","Uncirculated","$2.50","$0.50 - $2.50","","",""
"2020D","","quarter","National Park Quarters","Unmapped","uncirculated","points","$1.00 – $3.00","","",""
"1971","S","Dollar","Eisenhower Dollar","Dwight D. Eisenhower","UNC 63","$31.35","$12 – $18","","",""
"1952","D","Half Dollar","Franklin Half Dollar","Franklin Half Dollar","Fine","$0.00","$11 – $14","","",""
"1949","D","Half Dollar","Franklin Half Dollar","Benjamin Franklin","Extremely Fine","$37.95","Pending","","",""
"1976","","Penny","Lincoln Head Penny","Abraham Lincoln","Uncirculated","$0.40","$0.15 – $1.50","","",""
"2018","P","Quarter","National Park Quarters","Voyageurs National Park","Uncirculated","$2.00","$0.50 – $2.00","","",""
"1937","D","Dime","Mercury Dime","Winged Liberty Head","Very Fine","$20.00","$4.50 – $7.50","","",""
"1971-78","","Dollar","Eisenhower Dollar set 16 coins with lbum","Unmapped","unc Proog 63","points","$120 – $180","","",""
"1880","","$5","Liberty Head Gold Half Eagle","Liberty Head","AU-58","$775.00","$750 – $850","","",""
"1951","","Nickel","Jefferson Nickel","Unmapped","Circulated","$27.00","Pending","","",""
"1976","","Dollar","Eisenhower Dollar","Dwight D. Eisenhower / Bicentennial","Uncirculated","$0.00","$3 – $8","","",""
"1942-1945","S","Five Cents","Historic U.S. Silver Coins","Wartime Nickel","","Included in Shipment","","","",""
"1884","S","Dime","U.S. Dime Collection Selection","Unmapped","Extra Fine","$995.00","","","",""
"1964","D","Quarter","Washington Silver Quarter","Unmapped","Average Circulated","19.50","Pending","","",""
"1916","S","Penny","Lincoln Head Penny","Lincoln Portrait","Average Circulated","$10.25","Pending","","",""
"1920","D","Half Dollar","Liberty Walking Half Dollar","Unmapped","Very Good","$54.00","Pending","","",""
"2001","S","Dime","Roosevelt Dimes","Unmapped","Ch Proof-63","25.50","$3 – $7","","",""
"1946","D","Penny","Lincoln Head Cent","Unmapped","Uncirculated","$4.50","$2 – $8","","",""
"1908","D","Dime","Barber Series","Liberty Head","Very Good","$26.95","Pending","","",""
"1880","CC","1 Dollar","Morgan Silver Dollars","Unmapped","Choice Uncirculated 63","$950.00","Pending","","",""
"2023","","Dollar","American Eagle Silver Dollar","Unmapped","Uncirculated","$59.95","Pending","","",""
"1981","S","Penny","Lincoln Head Penny","Lincoln Portrait","Choice Proof 63","$2.95","Pending","","",""
"1995","S","Penny","Lincoln Cent Series","Abraham Lincoln","Proof-63","$6.50","Pending","","",""
"1951","","Dime","Roosevelt Dime","Unmapped","Circulated","$27.00","Pending","","",""
"1917","","Penny","Lincoln Head Penny","Lincoln Portrait","Average Circulated","$2.70","Pending","","",""
"2018P","","quarter","National Park Quarters","Unmapped","uncirculated","$1.00","","","",""
"1941","","Penny","Lincoln Cent","Wheat Reverse","Genuine","$0.00","$0.15 - $0.75","","",""
"1845","","1/4 Dollar","Liberty Seated Silver Quarter","Seated Liberty (No Motto)","Very Good 2","$1.00","Pending","","",""
"1878","CC","Quarter","Liberty Seated","Unmapped","Fine","$275.00","Pending","","",""
"1963","D","Dime","USA Invoice Import","Unmapped","Average Circulated","$0.00","","","",""
"1818","","Penny","Large Cent","Unmapped","Very Good","$110.00","Pending","","",""
"1930","S","Decade Set","Year Sets: America Revisited Selection","1930's Decade Set","Circulated","$173.00","","","",""
"1926","","$2.5","2.50 American Sesquicentennial Gold","Unmapped","NGC MS62","3694.63","$650 – $750","","",""
"2014","D","Quarter","America the Beautiful Quarters","Great Sand Dunes National Park","Uncirculated","$1.25","$0.25 – $1.50","","",""
"1855","","Quarter","Liberty Seated","Liberty Seated, Arrows at Date","Fine","$90.00","Pending","","",""
"1987","D","Quarter","Washington Silver Quarter","Unmapped","Uncirculated","1.75","Pending","","",""
"1858","S","Half Dollar","Liberty Seated","No Motto","Very Fine 25","$1395.00","Pending","","",""
"2009","S","Penny","Lincoln Cent","Lincoln Bicentennial, Birth and Early Childhood Reverse","Proof 63 Choice","$15.00","$8.00 - $18.00","","",""
"1905","P","Barber Silver Dimes","Barber Dimes","Liberty Head","Proof-63","$925.00","Pending","","",""
"2009","","Penny","Lincoln Cent","Abraham Lincoln Bicentennial (4 designs)","Ungraded","$0.00","Pending","","",""
"1911","D","Dime","Barber Series","Liberty Head","Very Good","$18.00","Pending","","",""
"2019","S","Quarter","America the Beautiful Quarters","American Memorial Park","Proof-63 Cameo","$5.50","Pending","","",""
"1909","","1 cent","Lincoln Cent","Unmapped","Extremely Fine","19.95","Pending","","",""
"1928","A","$50 Federal Reserve Note","Federal Reserve Note","Unmapped","Very Fine","$222.00","","","",""
"1953","","Five Cents","The U.S. Nickel Collection","Unmapped","","$7.95","","","",""
"1922","D","Nickel","Buffalo Nickel","Native American & Buffalo","About Good","$58.50","Pending","","",""
"2018","S","Dime","America the Beautiful Quarters","Unmapped","Choice Proof 63","9.50","Pending","","",""
"1883","O","1 Dollar","Morgan Silver Dollar","Liberty Head","Mint State","$110.00","Pending","","",""
"1928","","Five Cents","The U.S. Nickel Collection","Unmapped","","$7.95","","","",""
"1942","","Penny","Lincoln Cent","Lincoln Head","Good (G)","$0.90","Pending","","",""
"1951","","Dime","Roosevelt Dimes","Unmapped","Uncirculated","65.50","Pending","","",""
"1864-1869","","5C Fractional Currency","USA Invoice Import","Unmapped","Choice AU-58","$246.00","","","",""
"1964-2012","","","Kennedy 50 cent year set  48 coins including 2005 coin","Unmapped","MS60","$450.00","","","",""
"2015","P","$1","Presidential $1 Coin Program","JohnF Kennedy","Uncirculated","points","$2.00 – $4.00","","",""
"2024","S","Quarter Dollar","American Women Quarters","Patsy Takemoto Mink","Choice Proof-63","$29.95","","","",""
"","","","Mint Set","Unmapped","uncirculated","","$5 – $15","","",""
"1881","","Dime","Liberty Seated Dime","Unmapped","Very Choice Proof","$1150.00","$650 – $950","","",""
"1938","","Five Cents","The U.S. Nickel Collection","Unmapped","","$7.95","","","",""
"1902","","Nickel","Liberty Head Nickel","Unmapped","About Good","$0.00","Pending","","",""
"1955","S","Penny","Lincoln Cent","Unmapped","Uncirculated","$3.50","$1.00 – $3.00","","",""
"2020","W","Dollar","The Complete 2020 American Eagle NGCX Silver Dollar Set","American Eagle","","$298.00","","","",""
"1988","D","Dime","Roosevelt Dimes","Unmapped","Uncirculated","2.25","$0.15 – $1.50","","",""
"1948","D","Half Dollar","Liberty Walking Half Dollar","Unmapped","Very Fine","$45.75","$14 – $18","","",""
"1971","","Quarter","Washington Quarter","Unmapped","Uncirculated","6.95","Pending","","",""
"1930","","Penny","Lincoln Cent Series","Abraham Lincoln","About Uncirculated-60","$13.50","Pending","","",""
"1853","","Quarter","Liberty Seated","Liberty Seated, Arrows and Rays","Very Good","$76.50","Pending","","",""
"2022","P","Quarter Dollar","American Women Quarters","Anna May Wong","Uncirculated","$1.00","","","",""
"1959","","Quarter","Washington Silver Quarter","Unmapped","Uncirculated","24.50","Pending","","",""
"1934","","Quarter","Washington Silver Quarter","Unmapped","Very Good","95.00","Pending","","",""
"1873","","Dime","Liberty Seated Silver Dime","Unmapped","Fine","$76.50","Pending","","",""
"1963","","","America Revisited Selection","5-Coin Time Capsule Year Set","Circulated","$91.50","","","",""
"1838","","Seated Liberty Half Dime","","Stars No Drapery","Extremely Fine","$125.00","Pending","","",""
"1921","","Penny","Lincoln Head Penny","Lincoln Portrait","Average Circulated","$0.00","Pending","","",""
"1963","","Nickel","Jefferson Nickel","Unmapped","Circulated","$18.30","Pending","","",""
"2024","S","Quarter","American Women Quarters Program","Dr. Mary Edwards Walker","Choice Proof-63","$8.95","Pending","","",""
"1982","P","Dime","Roosevelt Dimes","Unmapped","Uncirculated","42.00","Pending","","",""
"1931","D","Dime","Mercury","Unmapped","Fine","$52.50","","","",""
"2023","D","Dollar","U.S. Innovation Dollar","Ohio - Underground Railroad","Uncirculated","$2.95","Pending","","",""
"1987","P","Kennedy Half Dollar","Kennedy Half Dollar","John F. Kennedy","Uncirculated","$10.95","Pending","","",""
"1899","","Penny","Indian Head Cent","Unmapped","Good","Points","","","",""
"1837","","Half Dime","Liberty Seated","No Stars Small Date","Choice About Uncirculated","$1212.00","Pending","","",""
"1950","D","Quarter","Washington Silver Quarter","Unmapped","Extremely Fine","25.50","Pending","","",""
"1976","","Dollar","Eisenhower Dollar","Dwight D. Eisenhower / Bicentennial","MS-65","$59.00","Pending","","",""
"1972","","Dollar","Eisenhower Dollar","Dwight D. Eisenhower","Uncirculated","$13.25","$3 – $8","","",""
"1926","","Dollar","Rarely Seen Peace Silver Dollars","Unmapped","","$198.00","","","",""
"1985","D","Penny","Lincoln Cent","Abraham Lincoln","Mint State","$1.40","$0.15 – $3.00","","",""
"1921","","Penny","Lincoln Cent","Abraham Lincoln","Good","$3.75","$0.15 – $0.50","","",""
"1828","","Quarter","Capped Bust","Unmapped","Very Good","$221.00","$150 – $250","","",""
"1946","S","Penny","Lincoln Cent","Unmapped","Uncirculated","$31.50","Pending","","",""
"1932","D","Nickel","Buffalo Nickel","Native American & Buffalo","Extremely Fine","$16.95","$15 – $25","","",""
"2000","S","1 Dollar","Sacagawea Dollar","Sacagawea Dollar","Proof-63","$10.50","$10 – $18","","",""
"1960","","Cent","Lincoln Memorial Cent","Unmapped","Circulated","$18.60","Pending","","",""
"2009","S","Penny","Lincoln Cent Series","Abraham Lincoln, Birth and Childhood Reverse","Proof-63","$13.95","$3 – $7","","",""
"1952","","","America Revisited Selection","5-Coin Time Capsule Year Set","Circulated","$109.00","","","",""
"1905","S","25 Cents","Barber Silver Quarters","Liberty Head","Average Circulated","$67.50","$120 – $250","","",""
"1949","","Half Dollar","Franklin Half Dollar","Benjamin Franklin","Extremely Fine","$55.50","Pending","","",""
"2013","S","Quarter","America the Beautiful Quarters","Great Basin National Park","Proof-63 Cameo","$18.50","Pending","","",""
"1912","D","Dime","Barber","Unmapped","Good","$0.00","","","",""
"1874","","Quarter","Liberty Seated","Liberty Seated, Arrows at Date","Average Circulated","$67.50","Pending","","",""
"2024","P","Dollar","American Innovation Dollars","Maine - Direct Current Defibrillator","Uncirculated","$0.00","","","",""
"1917","","Penny","Lincoln Wheat Cent Series","Abraham Lincoln","Not Graded","$0.00","Pending","","",""
"1938","","Penny","Lincoln Cent","Abraham Lincoln","Genuine","","Pending","","",""
"1940","","Quarter","Washington Silver Quarter","Unmapped","Very Fine","25.95","$7 – $10","","",""
"2017","D","Dime","America the Beautiful Quarters","Unmapped","Uncirculated","1.75","$0.15 – $1.00","","",""
"1916","P","Standing Liberty Quarter","","Unmapped","Ungraded","$0.00","$2,500 – $15,000","","",""
"1882","P","1 Dollar","Morgan Silver Dollars","Liberty Head","AU-50","$99.50","$45 – $55","","",""
"1976","S","1 Dollar","U.S. Bicentennial","Dwight D. Eisenhower","UNC 63","$31.35","$12 – $20","","",""
"2015","D","Quarter","America the Beautiful Quarters","Saratoga National Historical Park","Uncirculated","","$0.25 – $1.50","","",""
"1951","","Penny","Lincoln Cent","Lincoln Cent (Wheat Reverse)","Average Circulated","$0.70","Pending","","",""
"1901","P","Barber Silver Dimes","Barber Dimes","Liberty Head","Good","$23.95","$3 – $5","","",""
"1952","S","Penny","Lincoln Head Penny","Lincoln Portrait","Average Circulated","$0.70","$0.05 – $0.15","","",""
"1943","","Five Cents","The U.S. Nickel Collection","Unmapped","","$7.95","","","",""
"2003","D","Quarter","State and Territory Quarters","Maine","Uncirculated","2.95","$0.50 – $1.50","","",""
"2016","S","Quarter","America the Beautiful Quarters","West Virginia Harpers Ferry National Historical Park","Proof-63","$11.75","$8 – $15","","",""
"1935","","Penny","Lincoln Cent","Lincoln Cent (Wheat Reverse)","Uncirculated","$65.00","$3 – $12","","",""
"1883","","Quarter","Hawaiian Silver Quarter PCGS","Unmapped","very ch unc","$742.00","$1,100 – $1,600","","",""
"2024","D","Quarter Dollar","American Women Quarters","Celia Cruz","Uncirculated","$1.00","","","",""
"1867","","","","Unmapped","Extremely Fine","$335.00","Pending","","",""
"1942","D","Penny","Lincoln Cent","Lincoln Cent (Wheat Reverse)","Uncirculated","$12.75","$3 – $15","","",""
"1971","D","Dollar","Eisenhower Dollar","Dwight D. Eisenhower","UNC 63","$31.35","$4 – $8","","",""
"1968","D","Dime","Roosevelt Dimes","Unmapped","Uncirculated","1.75","Pending","","",""
"2001","P","Kennedy Half Dollar","Kennedy Half Dollar Series","John F. Kennedy","Uncirculated","points","$1.00 – $3.00","","",""
"1991","","Penny","Lincoln Head Penny","Abraham Lincoln","Uncirculated","$0.80","$0.15 – $1.00","","",""
"1943","D","Half Dollar","Liberty Walking Half Dollar","Liberty Walking","Very Fine","$43.95","$15 – $22","","",""
"1947","D","Quarter","Washington Silver Quarter","Unmapped","Average Circulated","points","$6 – $9","","",""
"1982","P","Penny","Lincoln Cent","Lincoln Memorial Reverse, Large Date Copper Variety","Uncirculated","$3.00","$0.50 - $2.50","","",""
"1843","","Large Cent","Braided Hair Large Cents","Liberty Head","Very Good","$90.00","$20 – $35","","",""
"1920","S","Dime","U.S. Dime Collection Selection","Mercury","Average Circulated","$41.00","","","",""
"1924","D","Dime","Mercury Dime","Unmapped","Average Circulated","$29.25","$45 – $95","","",""
"2025","S","Quarter","American Women Quarters","Juliette Gordon Low","Proof-63","$10.95","$3 – $7","","",""
"1998","D","Penny","Lincoln Head Penny","Abraham Lincoln","Uncirculated","$0.55","$0.15 – $1.00","","",""
"1995","D","Dime","Roosevelt Dimes","Unmapped","Uncirculated","4.00","$1 – $3","","",""
"1982","","Penny","Lincoln Head Penny","Small Date Zinc","Uncirculated","","$1 – $3","","",""
"2006","S","Quarter","State and Territory Quarters","California Commemorative","Proof-63","2.6","$3 – $8","","",""
"1903","P","1 Dollar","Morgan Silver Dollars","Liberty Head","About Uncirculated","$121.50","Pending","","",""
"1904","O","25 Cents","Barber Silver Quarters","Liberty Head","About Circulated","$72.00","$180 – $275","","",""
"1976","","Dime","Roosevelt Dimes","Unmapped","Uncirculated","4.50","$1.50 – $3.50","","",""
"1970","S","Quarter","Washington Silver Quarter","Unmapped","Proof-63","2.75","$5 – $12","","",""
"1923","","Penny","Lincoln Wheat Cent","Abraham Lincoln","Genuine","","$0.15 – $1.50","","",""
"1977","D","Penny","Lincoln Cent Series","Abraham Lincoln","Uncirculated","$0.45","$0.15 – $1.50","","",""
"1958","","Quarter","Washington Quarter","Unmapped","Circulated","$18.90","Pending","","",""
"2021","S","Five Cents","America the Beautiful Quarters","Unmapped","Choice Proof-63","$0.00","","","",""
"1972","S","Dollar","Eisenhower Dollar","Dwight D. Eisenhower","UNC-63","$31.35","Pending","","",""
"1877","","Dime","U.S. Dime Collection Selection","Liberty Seated","Very Good","$66.00","","","",""
"2010","D","Kennedy Half Dollar","Kennedy Half Dollar Series","John F. Kennedy","Uncirculated","$3.50","$1.50 – $3.50","","",""
"1982","S","Kennedy Half Dollar","","Unmapped","Ch Proof-63","$0.00","$3 – $7","","",""
"","","","","Unmapped","Ungraded","","Pending","","",""
"1960","","","Time Capsule Year Set","America Revisited Selection","Circulated","$93.00","","","",""
"1909","","Penny","Lincoln Cent VDB","Lincoln Head","Very Fine (VF)","$48.00","$12 – $18","","",""
"1994","S","Kennedy Half Dollar","Kennedy Half Dollar","John F. Kennedy","Proof-63 Cameo","$65.00","$12 – $20","","",""
"1937","D","Half Dollar","Liberty Walking Half Dollar","Liberty Walking","Very Good","$45.50","Pending","","",""
"1942","","Dime","Mercury Dime","Winged Liberty Head","Average Circulated","$14.00","Pending","","",""
"1953","","Nickel","Jefferson Nickel","Historical US Circulation Coins","Circulated","$19.20","Pending","","",""
"1955","","Penny","Lincoln Cent","Wheat Reverse","Genuine","$0.00","$0.15 - $0.75","","",""
"","","","The World War II U.S. Coin Collection","Shipment # 4","","$87.00","","","",""
"2016","S","Penny","America the Beautiful Quarters","Unmapped","Proof-63","$2.25","Pending","","",""
"2004","D","Quarter","State and Territory Quarters","Texas","Uncirculated","1.95","Pending","","",""
"1976","","1 Dollar","U.S. Bicentennial","Eisenhower Dollar - Variety 1","MS-63","$31.35","Pending","","",""
"2005","D","Quarter","State and Territory Quarters","West Virginia","Uncirculated","2.5","Pending","","",""
"1876","CC","Quarter","Liberty Seated","Unmapped","Very Good","$135.00","Pending","","",""
"1960","D","Penny","Lincoln Cent","Lincoln Memorial Design, Large Date Variety","Uncirculated","$0.00","$0.25 - $1.00","","",""
"1981","S","Susan B. Anthony Dollar","Susan B. Anthony Dollar","Susan B. Anthony","Proof-63","$17.95","Pending","","",""
"1999","D","Penny","Lincoln Cent Series","Abraham Lincoln","Uncirculated","$0.45","$0.15 – $1.50","","",""
"2024","","American Silver Eagle Dollar","American Eagle Silver Dollar","Unmapped","Uncirculated","$0.00","$32 – $42","","",""
"2010","D","Quarter","National Park Quarters","Grand Canyon National Park","Mint State","$1.50","$0.25 – $1.00","","",""
"1974","","Kennedy Half Dollar","Kennedy Half Dollar Series","John F. Kennedy","Uncirculated","$4.50","$1.00 – $3.00","","",""
"2001","D","Penny","Lincoln Cent","Lincoln Head","Uncirculated (UNC)","$0.35","$0.15 – $1.00","","",""
"1975","","Jefferson Nickel","The U.S. Nickel Collection","Unmapped","Ungraded","$7.95","$0.05 – $1.50","","",""
"1911","D","Penny","Lincoln Head Penny","Unmapped","Fine","$35.00","$5 – $10","","",""
"2013","S","Quarter","National Park Quarters","Maryland Fort McHenry National Monument and Historic Shrine","Uncirculated","$3.85","$1.50 – $3.50","","",""
"2014","S","Quarter","National Park Quarters","Utah Arches National Park","Uncirculated","$2.85","$1.50 – $3.50","","",""
"2015","S","Quarter","America the Beautiful Quarters","Delaware Bombay Hook National Wildlife Refuge","Proof-63","$14.50","$2 – $5","","",""
"1946","","Quarter Dollar","USA Invoice Import","Unmapped","Average Circulated","$0.00","","","",""
"1998","","Jefferson Nickel","The U.S. Nickel Collection","Unmapped","Ungraded","$7.95","$0.05 – $1.50","","",""
"2001","P","Quarter","State and Territory Quarters","New York","Uncirculated","1.95","$0.50 – $1.50","","",""
"1897","","Dime","USA Invoice Import","Unmapped","Proof-64 Premium","$1,150.00","","","",""
"1944","D","Quarter","Washington Silver Quarter","Unmapped","Fine","26.25","$6 – $9","","",""
"2012","S","Quarter","National Park Quarters","Denali National Park","Proof-63","$28.50","$8 – $15","","",""
"1950","S","Dime","Roosevelt Dimes","Unmapped","Uncirculated","103.00","$8 – $15","","",""
"1897","","Penny","Indian Head Cent","Unmapped","Average Circulated","$42.50","$2.00 – $5.00","","",""
"1923","D","Dollar","Peace Dollar","Unmapped","Very Fine","$84.00","Pending","","",""
"2009","D","Dime","Roosevelt Dimes","Unmapped","Uncirculated","2.25","$1.50 – $3.50","","",""
"1778","","$50 Continental Currency","USA Invoice Import","Unmapped","Fine","$399.00","","","",""
"1963","","Five Cents","USA Invoice Import","Proof Roll","Gem Proof","$0.00","","","",""
"","D","Morgan Silver Dollar","Morgan Silver Dollar","Unmapped","Ungraded","$199.00","Pending","","",""
"2004","D","Quarter","State and Territory Quarters","Wisconsin","Uncirculated","2.25","$0.50 – $1.50","","",""
"2014","D","Penny","Lincoln Cent","Abraham Lincoln","Uncirculated","$0.25","$0.15 – $1.00","","",""
"2024","P","Quarter","American Women Quarters Program","Pauli Murray","Uncirculated","$1.00","$0.25 – $1.50","","",""
"2024","S","Quarter Dollar","American Women Quarters","Patsy Takemoto Mink","Ch Proof-63","$8.95","","","",""
"1942","D","Dime","USA Invoice Import","Unmapped","Extremely Fine","$18.20","","","",""
"1875","CC","20 Cents","20 Cent Piece","Seated Liberty","Very Good","$536.00","$350 – $450","","",""
"2025","D","Roosevelt Dime","Roosevelt Dime","Unmapped","Uncirculated","2.95","$0.15 – $1.50","","",""
"2014","P","1 Dollar","Native American Dollar","Native American","Uncirculated","$3.50","$1.50 – $3.00","","",""
"2010","P","Quarter","America the Beautiful Quarters","Yosemite National Park","Uncirculated","$1.50","$0.50 – $1.50","","",""
"1961","","Half Dollar","Franklin Half Dollar","America Revisited Selection","Circulated","$18.30","Pending","","",""
"1921","","Penny","Lincoln Head Cent","Unmapped","Average Circulated","$0.00","Pending","","",""
"1923","","Five Cents","USA Invoice Import","Unmapped","Average Circulated","$0.00","","","",""
"2011","P","$1","Presidential $1 Coin Program","Ulysses S. Grant","Uncirculated","4.95","Pending","","",""
"1973","D","Quarter","Washington Silver Quarter","Unmapped","Uncirculated","2.45","Pending","","",""
"2003","","Dollar","American Eagle","Unmapped","Uncirculated","$53.50","Pending","","",""
"2016P","","quarter","National Park Quarters","Unmapped","Uncirculated","$1.00","","","",""
"2023","P","Quarter","American Women Quarters Program","Maria Tallchief","Uncirculated","$1.00","Pending","","",""
"2000","D","Quarter","State and Territory Quarters","Virginia","Uncirculated","2.25","Pending","","",""
"1897","","25 Cents","Barber Silver Quarters","Liberty Head","Ungraded","$60.00","Pending","","",""
"1829","","Capped Bust Half Dime","","Liberty","Very Fine","$250.00","Pending","","",""
"1951","S","Penny","Lincoln Head Penny","Lincoln Portrait","Average Circulated","$0.70","Pending","","",""
"2024","P","Kennedy Half Dollar","Kennedy Half Dollar","Unmapped","Uncirculated","$1.95","Pending","","",""
"2022","P","Dime","Roosevelt Dimes","Unmapped","Uncirculated",".95","Pending","","",""
"1981","D","Susan B. Anthony Dollar","Susan B. Anthony Dollar","Susan B. Anthony","Uncirculated","$15.95","Pending","","",""
"1951","","Half Dollar","Franklin Half Dollar","Benjamin Franklin","About Uncirculated 50","$53.50","Pending","","",""
"2018-20","","","P&D American Innovation Set (18)","Unmapped","uncirculated","$71.00","","","",""
"1861","O","Half Dollar","Liberty Seated","No Motto","Very Good","$135.00","Pending","","",""
"2016","S","Quarter","America the Beautiful Quarters","South Carolina Fort Moultrie National Monument","Proof-63","$5.50","Pending","","",""
"1914","S","Penny","Lincoln Cent","Lincoln Portrait","Average Circulated","$58.50","$18 – $35","","",""
"1948","D","Penny","Lincoln Head Penny","Abraham Lincoln","Uncirculated","$14.75","$2.00 – $6.00","","",""
"1958","","Cent","Lincoln Wheat Cent","Historical US Circulation Coins","Circulated","$18.90","Pending","","",""
"1921","S","1 Dollar","Morgan Silver Dollar","Liberty Head","About Uncirculated","$90.00","$38 – $48","","",""
"1839","","Capped Bust Silver Half Dollar","Capped Bust Half Dollar","Capped Bust Liberty","EF-40","$543.00","$250 – $375","","",""
"2011","D","Quarter","America the Beautiful Quarters","Chickasaw National Recreation Area","Uncirculated","$1.50","$0.50 – $1.50","","",""
"1968","S","Quarter","Washington Silver Quarter","Unmapped","Choice Proof 63","3.50","$3 – $7","","",""
"1956","","Quarter","Washington Silver Quarter","Unmapped","Choice Proof 63","32.50","$10 – $15","","",""
"1972S","","","Clad Proof set 5 coins","Unmapped","ch proof 63","$18.50","$4 – $8","","",""
"1873","","Nickel","Shield Nickel","Open 3","Good","$90.00","$15 – $25","","",""
"1884","","Dollar","Morgan Silver Dollar","Liberty Head, Eagle","Very Fine","$85.00","Pending","","",""
"1978","S","1 Dollar","Eisenhower Dollar","Dwight D. Eisenhower","Proof-63","$31.35","Pending","","",""
"1963","D","Half Dollar","Franklin Half Dollar","Benjamin Franklin","Extremely Fine","$34.95","Pending","","",""
"1920","D","Dime","Mercury Dime","Mercury Dime","Average Circulated","$26.95","Pending","","",""
"1869","","Half Dollar","Half Dollar Club Selection","Liberty Seated","Good","$177.00","","","",""
"1935","","$1 Silver Certificate","Silver Certificate","Unmapped","Crisp Uncirculated","$48.00","","","",""
"1878","S","Quarter","Liberty Seated","Unmapped","Fine","$675.00","Pending","","",""
"2013","P","Quarter","America the Beautiful Quarters","Fort McHenry National Monument and Historic Shrine","Uncirculated","$1.50","Pending","","",""
"1927","","Penny","Lincoln Cent","Lincoln Cent (Wheat Reverse)","Very Fine","$4.95","Pending","","",""
"2001","P","Quarter","State and Territory Quarters","Kentucky","Uncirculated","2.25","$0.50 – $2.00","","",""
"2012","S","$1","Presidential $1 Coin Program","Grover Cleveland (First Term)","Choice Proof 63","45.00","$4 – $8","","",""
"1830","","Capped Bust Half Dime","","Liberty","Fine","$126.00","$60 – $90","","",""
"1904","","Cent","Indian Head Cent","Unmapped","Good","$8.25","Pending","","",""
"2015","W","Dollar","America the Beautiful Quarters","Unmapped","Proof-63","$65.95","$45 – $65","","",""
"2016","D","Quarter","America the Beautiful Quarters","Fort Moultrie (Fort Sumter National Monument)","Uncirculated","$1.00","$0.25 – $1.50","","",""
"1987","S","Quarter","Washington Silver Quarter","Unmapped","Choice Proof 63","4.75","$3 – $7","","",""
"2004","","Dollar","American Eagle","Unmapped","Uncirculated","$53.50","$38 – $48","","",""
"1985","S","Half Dollar","USA Invoice Import","Unmapped","Choice Proof-63","$0.00","","","",""
"2023","","Peace Dollar","Peace Dollar","Unmapped","Uncirculated","$229.00","$75 – $95","","",""
"1999","D","Quarter","State and Territory Quarters","Connecticut","Uncirculated","2.95","$0.50 – $1.50","","",""
"1972","D","Dollar","Eisenhower Dollar","Dwight D. Eisenhower","MS-63","$31.35","$4 – $8","","",""
"1964","D","Dime","Roosevelt Dimes","Unmapped","Average Circulated","13.50","Pending","","",""
"1899","","$1 Silver Certificate","USA Invoice Import","Eagle Large Size","AU58 Premium","$599.00","","","",""
"1971","D","Dime","Roosevelt Dimes","Unmapped","Uncirculated","2.25","Pending","","",""
"2008","W","Dollar","American Eagle","Unmapped","Uncirculated","$120.00","$45 – $65","","",""
"1954","","5-Coin Set","America Revisited Club","Time Capsule Year Set","Circulated","$94.50","","","",""
"1985","S","Penny","Lincoln Cent","Abraham Lincoln","Proof-63","$7.75","$1.00 – $3.00","","",""
"1879","Multiple","$1","Morgan Silver Dollar","Unmapped","AU & BU","5495","$45 – $1,250","","",""
"1854","O","Quarter","Liberty Seated","Liberty Seated, Arrows at Date","Average Circulated","$103.50","$120 – $250","","",""
"2012","D","Quarter","National Park Quarters","Hawaii Volcanoes National Park","Mint State","$1.25","$0.25 – $1.50","","",""
"1916","","Penny","Lincoln Head Cent","Lincoln Head","Average Circulated","$0.00","Pending","","",""
"1968","","Dime","Roosevelt Dimes","Unmapped","Uncirculated","2.50","$1.50 – $3.50","","",""
"1958","","Penny","Lincoln Cent","Abraham Lincoln","Genuine","","$0.15 – $1.50","","",""
"1906","","Five Cents","The U.S. Nickel Collection","Unmapped","","$7.95","","","",""
"1937","","","America Revisited Selection","5-Coin Time Capsule Year Set","Circulated","$131.00","","","",""
"1988","D","Kennedy Half Dollar","Kennedy Half Dollar Series","John F. Kennedy","Uncirculated","$9.75","$1.00 – $3.00","","",""
"1906","S","Half Dollar","Barber","Liberty Head","Very Good","$51.50","$110 – $145","","",""
"2021S","","","Clad Proof Set7 coins","Unmapped","ch proof 63","$44.95","$15 – $25","","",""
"2007","S","Quarter","State and Territory Quarters","Utah","Proof-63","5.5","Pending","","",""
"1924","","Dime","Mercury Dime","Winged Liberty Head","Good","Points","$2.50 – $4.00","","",""
"1874","","Dime","Liberty Seated Silver Dime","Unmapped","Very Fine","$108.00","Pending","","",""
"1905","","Penny","Indian Head Cent","Indian Head","Good","$8.25","$1.50 – $3.00","","",""
"1951","S","Half Dollar","Franklin Half Dollar","Benjamin Franklin","Average Circulated","$35.00","$12 – $16","","",""
"1961","","Dime","Roosevelt Dime","Unmapped","Uncirculated","17.75","$3 – $6","","",""
"2020","W","Dollar","America the Beautiful Quarters","Unmapped","","$298.00","","","",""
"1844","O","Half Dollar","Liberty Seated","No Motto","Very Good","$135.00","Pending","","",""
"1983","S","Mixed (Proof Set)","Clad Proof Set","Unmapped","Ch Proof-63","$0.00","Pending","","",""
"1916-1920","","","5 Different Mint Weat Cents","Unmapped","","$56.95","","","",""
"1887","O","1 Dollar","Morgan Silver Dollar","Liberty Head","Fine","$83.50","Pending","","",""
"1918","D","Dime","Mercury Dime","Mercury Dime","Good","$29.50","Pending","","",""
"1995","D","Quarter","Washington Silver Quarter","Unmapped","Uncirculated","7.75","Pending","","",""
"1887","O","1 Dollar","Morgan Silver Dollars","Unmapped","Select Uncirculated","$1650.00","Pending","","",""
"1905","O","25 Cents","Barber Silver Quarters","Liberty Head","Very Good","$112.50","Pending","","",""
"1901","","Nickel","Liberty Head Nickel","Unmapped","AU-50","$125.00","Pending","","",""
"1912","","Penny","Lincoln Wheat Cent","Abraham Lincoln","Genuine","","Pending","","",""
"2001","D","Quarter","State and Territory Quarters","Rhode Island","Uncirculated","2.25","Pending","","",""
"2022","P","Dollar","Native American $1 Coin Program","Ely Samuel Parker","Uncirculated","$0.00","","","",""
"2000","S","Dime","Roosevelt Dimes","Unmapped","Choice Proof 63","3.25","Pending","","",""
"1914","S","Dime","Barber Series","Liberty Head","Very Good","$27.95","$30 – $45","","",""
"2002","S","Dime","Roosevelt Dimes","Unmapped","Choice Proof 63","22.50","$3 – $7","","",""
"2015","D","Quarter","America the Beautiful Quarters","Blue Ridge Parkway","Uncirculated","","$0.25 – $1.50","","",""
"","P","Barber Quarter","Historic U.S. Silver Coins","Unmapped","Ungraded","$0.00","$8 – $150","","",""
"1948","","Half Dollar","Franklin Half Dollar","Benjamin Franklin","Very Fine","$45.95","$11 – $15","","",""
"1959","","5-Coin Set","Year Sets: America Revisited Selection","Time Capsule Year Set","Circulated","$164.00","","","",""
"1892","","Dime","USA Invoice Import","Barber","Good","$42.95","","","",""
"1939","","Nickel","Jefferson Nickel","Unmapped","Circulated","$20.60","Pending","","",""
"2024","P","Quarter Dollar","American Women Quarters","Patsy Takemoto Mink","Uncirculated","$1.00","","","",""
"1864","","1 Cent","Indian Head Cent","Indian Head","Fine/VF","$270.00","$15 – $30","","",""
"1929","S","Dime","Mercury Dime","Winged Liberty Head","Very Fine","$27.50","$4.50 – $7.50","","",""
"1924","S","Dime","Mercury Dime","Mercury Dime","Good","$29.50","$4.00 – $7.00","","",""
"1871","","Half Dollar","Liberty Seated","With Motto","Very Good","$135.00","$110 – $160","","",""
"1958","","Penny","Lincoln Wheat Cent Series","Abraham Lincoln","Not Graded","$0.00","$0.05 – $5.00","","",""
"2008","D","Quarter","State and Territory Quarters","New Mexico","Uncirculated","2.95","$0.25 – $1.00","","",""
"1891","","Dollar","USA Invoice Import","Unmapped","PF62","$5,595.00","","","",""
"1997","S","Penny","Lincoln Cent","Lincoln Head","Proof 63 (PR63)","$10.50","$1 – $3","","",""
"2002","W","Dollar","American Eagle","Unmapped","Proof-63","$129.00","$65 – $85","","",""
"1878","","Half Dollar","Liberty Seated","With Motto","Very Good","$166.50","Pending","","",""
"1923","","Five Cents","The U.S. Nickel Collection","Unmapped","","$7.95","","","",""
"2024","D","Washington Quarter","American Women Quarters Program","Zitkala-Sa","Uncirculated","$1.00","$0.50 – $1.50","","",""
"2007","D","$1","Presidential $1 Coin Program","Thomas Jefferson","Uncirculated","5.75","$1.50 – $3.00","","",""
"2014","P","Quarter","America the Beautiful Quarters","Shenandoah National Park","Uncirculated","$1.25","$0.25 – $1.50","","",""
"1976","S","Dollar","Eisenhower Dollar","Dwight D. Eisenhower / Bicentennial","Proof-63","$57.50","$10 – $18","","",""
"2006","W","Dollar","The West Point Burnished American Eagle Silver Dollar Collection","American Eagle","Uncirculated","$164.00","","","",""
"2012","D","Quarter","America the Beautiful Quarters","Chaco Culture National Historical Park","Uncirculated","$1.25","$0.50 – $1.50","","",""
"1945","S","Quarter Dollar","USA Invoice Import","Washington","Average Circulated","$0.00","","","",""
"2004","S","Kennedy Half Dollar","Kennedy Half Dollar","John F. Kennedy","Proof-63 Cameo","$25.00","Pending","","",""
"2005","D","Kennedy Half Dollar","Kennedy Half Dollar","John F. Kennedy","Uncirculated","$4.50","$1.50 – $3.50","","",""
"1914","","Penny","Lincoln Cent","Abraham Lincoln","Genuine","","$0.50 – $3.00","","",""
"2022","S","Quarter","U.S. Women's Quarters","Sally Ride","Proof-63","$25.75","$12 – $22","","",""
"2012","P","Quarter","America the Beautiful Quarters","Chaco Culture National Historical Park","Uncirculated","$1.25","$0.50 – $1.50","","",""
"1994","S","Quarter","Washington Silver Quarter","Unmapped","Choice Proof 63","7.75","$8 – $15","","",""
"1913","","Penny","Lincoln Wheat Cent Series","Abraham Lincoln","Not Graded","$0.00","$0.15 – $15.00","","",""
"1932","","Penny","Lincoln Wheat Cent","Abraham Lincoln","Genuine","","$1.00 – $5.00","","",""
"1995","S","Dime","Roosevelt Dimes","Unmapped","Choice Proof 63","30.95","$3 – $7","","",""
"1909","","Penny","Lincoln Head Cent","Unmapped","Good","$0.00","$2 – $4","","",""
"1947","S","Penny","Lincoln Cent","Unmapped","Uncirculated","$4.75","$2 – $6","","",""
"1942","","Various","Time Capsule Year Set","1942 Year Set","Circulated","$99.00","","","",""
"1889","S","Dime","Liberty Seated Silver Dime","Unmapped","AU-55","$435.00","$350 – $475","","",""
"2009","D","Penny","Lincoln Cent","Lincoln Bicentennial, Birth and Early Childhood Reverse","Uncirculated","$1.00","$0.50 - $1.50","","",""
"1956","","Half Dollar","Franklin Half Dollar","Benjamin Franklin","Choice Proof 63","$89.00","$18 – $28","","",""
"1978S","","","Clad  Proof Set 6 coins","Unmapped","ch proog 63","$28.95","$8 – $15","","",""
"1937","","Five Cents","The U.S. Nickel Collection","Unmapped","","$7.95","","","",""
"1947","D","Penny","Lincoln Cent","Lincoln Cent (Wheat Reverse)","Uncirculated","$4.95","$2.00 – $15.00","","",""
"1888","","$1","Morgan Silver Dollar","Unmapped","PCGS MS66+SQ","3700","$4,500 – $6,000","","",""
"","","Three Cents","The U.S. Coin Complete Denomination Set","Nickel Three-Cent","","$75.00","","","",""
"1853","","Quarter","Liberty Seated","Liberty Seated, Arrows and Rays","Extremely Fine","$225.00","$150 – $225","","",""
"1909","","Penny","VDB","Unmapped","Extremely Fine","$189.00","$25 – $35","","",""
"2003S","","","Clad Proof Set 10 Coins","Unmapped","ch proof 63","$26.50","$4 – $8","","",""
"1873","","Quarter","Liberty Seated","Liberty Seated, Arrows at Date","Very Good","$85.00","Pending","","",""
"2015","S","Kennedy Half Dollar","Kennedy Half Dollar","John F. Kennedy","Proof-63 Cameo","$5.75","$4 – $8","","",""
"1946","S","Penny","Lincoln Head Penny","Unmapped","Uncirculated","","$2 – $6","","",""
"1927","S","Dollar","Peace Dollar","Unmapped","Very Fine","$99.00","$55 – $75","","",""
"2016","S","Quarter","America the Beautiful Quarters","West Virginia Harpers Ferry National Historical Park","Uncirculated","$1.25","$1.50 – $3.50","","",""
"1919","","Dime","USA Invoice Import","Mercury","Very Good","$23.50","","","",""
"2012","","Penny","Lincoln Cent Series","Abraham Lincoln","Uncirculated","$0.25","$0.10 – $1.00","","",""
"2023","P","","U.S. Uncirculated Coin Mint Sets","Philadelphia Mint Panel","Uncirculated","$39.95","","","",""
"1832","","Capped Bust Half Dime","","Liberty","Very Fine","$256.00","$90 – $140","","",""
"2025","","Quarter Dollar","Celebrating America Coin Collection","Dr Vera Rubin","","$17.95","","","",""
"1948","S","Quarter","Washington Silver Quarter","Unmapped","Uncirculated","35","$15 – $35","","",""
"2007","P","Dime","Roosevelt Dimes","Unmapped","Uncirculated","2.25","$0.15 – $1.50","","",""
"2011","W","Dollar","America the Beautiful Quarters","Unmapped","Proof-63","$119.00","Pending","","",""
"2019","S","Quarter","America the Beautiful Quarters","Massachusetts Lowell National Historical Park","Uncirculated","$1.25","$2.00 – $5.00","","",""
"1874","","","","Unmapped","Extremely Fine","$210.00","Pending","","",""
"1925","","Nickel","","Unmapped","Average Circ","$0.00","$1.50 – $4.00","","",""
"2012","P","1 Dollar","Native American Dollar","Native American","Uncirculated","$8.95","$2.00 – $4.00","","",""
"1957","D","Quarter","Washington Silver Quarter","Unmapped","Average Circ","points","$5.50 – $7.50","","",""
"2005","D","Quarter","State and Territory Quarters","California","Uncirculated","2.95","$0.50 – $1.50","","",""
"1843","O","Half Dollar","Liberty Seated","No Motto","Average Circulated","$130.50","$120 – $250","","",""
"1974","S","Dollar","Eisenhower Dollar","Dwight D. Eisenhower","UNC 63","$31.35","Pending","","",""
"1958","","Penny","Lincoln Wheat Cent","Abraham Lincoln","Genuine","","Pending","","",""
"1921","","Penny","Lincoln Head Penny","Unmapped","Average Circulated","","Pending","","",""
"1941","D","Half Dollar","Liberty Walking Half Dollar","Unmapped","Fine","$42.95","Pending","","",""
"1808","","Half Dollar","The Half Dollar Club Selection","Capped Bust Silver Half Dollar","Very Fine-25","$500.00","","","",""
"1953","D","Dime","Roosevelt Dimes","Unmapped","Uncirculated","23.50","Pending","","",""
"2018","D","Quarter","America the Beautiful Quarters","Michigan Pictured Rocks National Lakeshore","Uncirculated","$0.00","Pending","","",""
"1995","P","Dime","Roosevelt Dimes","Unmapped","Uncirculated","3.00","Pending","","",""
"2020","P","Quarter","National Park Quarters","American Samoa National Park","Uncirculated","$1.00","Pending","","",""
"1915","","Penny","Lincoln Wheat Cent","Abraham Lincoln","Genuine","","Pending","","",""
"1975","","Dime","Roosevelt Dimes","Unmapped","Uncirculated","2.25","Pending","","",""
"1963","D","Half Dollar","Franklin Half Dollar","Benjamin Franklin","Average Circulated","$38.50","Pending","","",""
"1921","S","Half Dollar","Liberty Walking Half Dollar","Liberty Walking","Very Good","$139.50","Pending","","",""
"1885","O","Dollar","Morgan Silver Dollar","Liberty Head, Eagle","Uncirculated","$105.00","Pending","","",""
"1891","","$1","Morgan Silver Dollar","Unmapped","Proof-62","5595","$2,800 – $3,500","","",""
"1928","S","Quarter","Standing Liberty Silver Quarter","Standing Liberty Quarter","Good","$31.95","$10 – $18","","",""
"2017","P","Quarter","National Park Quarters","Frederick Douglass National Historic Site","Mint State","$2.25","$0.25 – $1.00","","",""
"1996","P","Kennedy Half Dollar","Kennedy Half Dollar Series","John F. Kennedy","Uncirculated","$5.25","$1.00 – $3.00","","",""
"1897","","Cent","Indian Head Cent","Unmapped","Good","$8.25","Pending","","",""
"1990","S","Penny","Lincoln Cent","Lincoln Cent (Memorial Reverse)","Choice Proof 63","$6.50","$1.00 – $3.00","","",""
"1918","D","Penny","Lincoln Head Penny","Unmapped","Average Circulated","$7.00","$1.50 – $4.50","","",""
"1954","D","Half Dollar","Franklin Half Dollar","Benjamin Franklin","Extremely Fine","$44.50","Pending","","",""
"2013","S","$1","Presidential $1 Coin Program","William Howard Taft","Uncirculated","6.74","Pending","","",""
"2018","P","Quarter","National Park Quarters","Block Island National Wildlife Refuge","Uncirculated","$2.00","Pending","","",""
"2009","P","Quarter","State and Territory Quarters","Guam Territory commemorative","Uncirculated","2.5","Pending","","",""
"1882","","Nickel","Shield Nickel","Unmapped","AU-50","$200.00","Pending","","",""
"2020","","Dollar","American Innovation Dollar","Wisconsin Potawatomi","Uncirculated","$5.95","Pending","","",""
"1988","P","Kennedy Half Dollar","Kennedy Half Dollar","John F. Kennedy","Uncirculated","$12.95","Pending","","",""
"1874","S","Quarter","Liberty Seated","Liberty Seated, Arrows at Date","Average Circulated","$76.50","$450 – $950","","",""
"2012","P","Kennedy Half Dollar","Kennedy Half Dollar Series","John F. Kennedy","Uncirculated","$1.95","$1.50 – $3.50","","",""
"2000","P","Quarter","State and Territory Quarters","Maryland","Uncirculated","1.95","$0.50 – $2.00","","",""
"1834","","Dime","U.S. Dime Collection","Unmapped","Very Fine / Extremely Fine","$395.00","","","",""
"1996S","","","Clad proof set 5 coins","Unmapped","ch proof 63","$31.50","$5 – $10","","",""
"1969","S","Kennedy Half Dollar","Kennedy Half Dollar","John F. Kennedy","Proof-63 Cameo","$22.95","Pending","","",""
"1876","","Dime","Liberty Seated Silver Dime","Unmapped","Fine","$60.00","Pending","","",""
"1936","","Five Cents","The U.S. Nickel Collection","Unmapped","","$7.95","","","",""
"1955","","Half Dollar","Franklin Half Dollar","Benjamin Franklin","Extremely Fine","$49.50","$12 – $16","","",""
"2019","W","Quarter","National Park Quarters","Guam War in the Pacific National Historical Park","Uncirculated","$34.95","$10 – $25","","",""
"1848","O","Seated Liberty Half Dime","","Stars","Very Fine","$245.00","$125 – $200","","",""
"2001","W","Dollar","American Eagle","Unmapped","Proof-63","$125.00","$65 – $85","","",""
"2024","D","Dollar","American Innovation Dollars","Illinois","Uncirculated","$0.00","","","",""
"1981","S","Dime","Roosevelt Dimes","Type 1","Choice Proof 63","2.75","$3 – $7","","",""
"2015","S","$1","Presidential $1 Coin Program","Lyndon B. Johnson","Choice Proof 63","8.75","$3 – $7","","",""
"2019","S","Quarter","National Park Quarters","San Antonio Missions National Historical Park","Proof-63","$15.99","$12 – $20","","",""
"2010","","American Silver Eagle Dollar","America the Beautiful Quarters","Unmapped","Uncirculated","$0.00","$38 – $48","","",""
"1901","S","Half Dollar","Barber","Liberty Head","Good","$80.00","$40 – $60","","",""
"2021","P","Quarter","America the Beautiful Quarters","Tuskegee Airmen National Historic Site","Mint State","$1.00","Pending","","",""
"1950","","Five Cents","The U.S. Nickel Collection","Unmapped","","$7.95","","","",""
"1917","","Quarter","Standing Liberty Quarter","Standing Liberty Quarter","Fine","$110.00","$35 – $65","","",""
"1838","","Quarter Dollar","Liberty Seated","No Motto","Average Circulated","$94.50","","","",""
"1952","D","Half Dollar","Franklin Half Dollar","Benjamin Franklin","Fine","$0.00","Pending","","",""
"1955","S","Penny","Lincoln Cent","Lincoln Portrait","Uncirculated","$0.00","Pending","","",""
"1917","","Quarter","Standing Liberty Quarter","Standing Liberty Quarter","Very Good","$99.00","Pending","","",""
"1934","","Nickel","Buffalo Nickel","Unmapped","Circulated","$27.60","Pending","","",""
"1946","","Dime","Roosevelt Dime","Unmapped","Circulated","$19.80","Pending","","",""
"2022","S","Quarter","American Women Quarters","Nina Otero-Warren","Proof-63","$25.75","$12 – $20","","",""
"1888","","Dime","U.S. Dime Collection Selection","Liberty Seated","Good","$69.00","","","",""
"1851","","Large Cent","Braided Hair Large Cent","Liberty Head","Very Fine","$99.00","$35 – $65","","",""
"1997","","Five Cents","The U.S. Nickel Collection","Unmapped","","$7.95","","","",""
"2024","P","Dollar","American Innovation $1 Coin","Steel Plow","Uncirculated","$0.00","$1.50 – $3.00","","",""
"1902","O","Dollar","Morgan Silver Dollar","Liberty Head, Eagle","About Uncirculated 50","$99.50","$55 – $70","","",""
"1942","S","Nickel","Jefferson Nickel Series","Thomas Jefferson, Wartime Nickel","Uncirculated","$46.00","$12 – $25","","",""
"1968-98","","Quarter","Washington Silver Quarter","Unmapped","Ungraded","129.00","$0.25 – $5.00","","",""
"1845","","Large Cent","Braided Hair Large Cents","Liberty Head","Very Fine","$121.50","Pending","","",""
"1941","","","America Revisited Selection","Time Capsule Year Set","Circulated","$168.00","","","",""
"2024","P, D","Mixed (Kennedy Half Dollar, Native American $1 Coin)","Mixed US Coin Programs","Unmapped","Uncirculated","$0.00","$3 – $6","","",""
"2002","D","Quarter","State and Territory Quarters","Indiana","Uncirculated","2.25","$1.00 – $3.00","","",""
"2008","D","Quarter","State and Territory Quarters","Hawaii","Uncirculated","2.5","$0.25 – $1.00","","",""
"1976","S","Dollar","U.S. Bicentennial","Unmapped","UNC 63","$31.35","$12 – $18","","",""
"1942","S","Dime","Mercury Dime","Winged Liberty Head","Extremely Fine","$17.75","$4.50 – $7.50","","",""
"2014","D","Quarter","America the Beautiful Quarters","Arches National Park","Uncirculated","$1.25","$0.25 – $1.50","","",""
"2016S","","quarter","National Park Quarters","Unmapped","Uncirculated","$1.25","$1 – $3","","",""
"1824","","Capped Bust Silver Half Dollar","Capped Bust Half Dollar","Capped Bust Liberty","Fine","$180.00","$90 – $135","","",""
"1942-1943","S","Mixed","The World War II U.S. Coin Collection","Shipment # 6","","$87.00","","","",""
"1961","","5-Coin Set","Time Capsule Year Set","Unmapped","Circulated","$91.50","","","",""
"2002","P","Quarter","State and Territory Quarters","Indiana","Uncirculated","1.95","$0.50 – $1.50","","",""
"1920","D","Dime","U.S. Dime Collection Selection","Mercury","Average Circ","$26.95","","","",""
"2012","P","$1","Presidential $1 Coin Program","Benjamin Harrison","Uncirculated","3.50","Pending","","",""
"1976","S","Quarter","Washington Silver Quarter","Unmapped","Choice Proof 63","5.25","Pending","","",""
"1947","","","America Revisited Selection","5-Coin Time Capsule Year Set","Circulated","$121.00","","","",""
"2024","P","","U.S. Uncirculated Coin Mint Sets","Philadelphia Mint Panel","Uncirculated","$39.95","","","",""
"1959","D","Half Dollar","Franklin Half Dollar","Benjamin Franklin","Very Fine","$39.95","Pending","","",""
"2016","S","$1","Presidential $1 Coin Program","Ronald Reagan","Choice Proof 63","12.99","Pending","","",""
"1891","","1 Dollar","Morgan Silver Dollars","Unmapped","Very Good","$150.00","Pending","","",""
"2024","S","Proof Set","USA Invoice Import","Clad Proof Set","Choice Proof-63","$39.95","","","",""
"1876","S","Half Dollar","Liberty Seated","With Motto","Very Good","$117.00","Pending","","",""
"2025","","Quarter Dollar","American Women Quarters / The Celebrating America Coin Collection","Althea Gibson","","$17.95","","","",""
"2024","","$1","The Statehood Innovation Dollar Coin Collection","Alabama","","$17.95","","","",""
"1998S","","","Clad Proof Set 5 coins","Unmapped","ch proof 63","$36.95","","","",""
"1916","D","Barber Dime","","Unmapped","Ungraded","$0.00","$1,000 – $15,000","","",""
"Multiple","","Half Dollar","Barber","Liberty Head","Fine","$1395.00","$18 – $28","","",""
"1888","P","1 Dollar","Morgan Silver Dollars","Liberty Head","MS-63","$145.00","$85 – $110","","",""
"2011","D","1 Dollar","America the Beautiful Quarters","Unmapped","Uncirculated","$9.50","$2.00 – $4.00","","",""
"1897","O","Half Dollar","Barber","Liberty Head","Very Good","$395.00","Pending","","",""
"1900","","Penny","Indian Head Cent","Indian Head","Good","$8.25","$1.50 – $3.00","","",""
"1954","D","Five Cents","USA Invoice Import","Unmapped","Average Circ","$2.25","","","",""
"1918","","$1 Federal Reserve Bank Note","USA Invoice Import","Large Size","Crisp Uncirculated","$558.00","","","",""
"1921","","Dime","U.S. Dime Collection","Mercury","Good","$161.00","","","",""
"1926","S","Quarter","Standing Liberty Silver Quarter","Standing Liberty Quarter","Very Good","$35.00","$80 – $120","","",""
"1930","D","Penny","Lincoln Head Penny","Lincoln Portrait","Genuine","$0.00","$0.50 – $2.50","","",""
"2023","","Quarter","Celebrating America Coin Collection","Eleanor Roosevelt","Ungraded","$17.95","$1 – $5","","",""
"1942","","Birth Year Set","Birth Year Sets","1942 Birth Year Coin and Silver Commemorative Set","","$269.00","","","",""
"1905","","","","Unmapped","Good","$7.95","Pending","","",""
"1949","S","Dime","Roosevelt Dimes","Unmapped","Uncirculated","133.00","Pending","","",""
"2011","S","Quarter","National Park Quarters","Glacier National Park","Proof-63","$19.25","Pending","","",""
"1911","","Penny","Lincoln Wheat Cent","Abraham Lincoln","Genuine","","Pending","","",""
"2012","S","$1","Presidential $1 Coin Program","Chester A. Arthur","Choice Proof 63","39.95","Pending","","",""
"1837","","Dime","U.S. Dime Collection Selection","Capped Bust","Average Circulated","$136.00","","","",""
"1969","","Dime","","Unmapped","Uncirculated","$6.05","Pending","","",""
"1917","","Penny","Lincoln Cent","Unmapped","Average Circulated","$2.70","Pending","","",""
"2005S","","","Clad Proof set  11 coins","Unmapped","ch proof 63","$23.50","","","",""
"1897","S","25 Cents","Barber Silver Quarters","Liberty Head","Good","$220.00","Pending","","",""
"2008","S","$1","Presidential $1 Coin Program","James Monroe","Choice Proof 63","10.50","Pending","","",""
"2002","P","Quarter","State and Territory Quarters","Mississippi","Uncirculated","2.5","Pending","","",""
"2008","D","$1","Presidential $1 Coin Program","John Quincy Adams","Uncirculated","5.50","Pending","","",""
"2011","D","Dime","America the Beautiful Quarters","Unmapped","Uncirculated","2.00","Pending","","",""
"1986","S","Dollar","American Eagle","Unmapped","Proof-63","$125.00","Pending","","",""
"","","Quarter","Club Selection","George Washington","Ungraded","$239.00","Pending","","",""
"2024","","$1","The Statehood Innovation Dollar Coin Collection","Maine","","$17.95","","","",""
"1927","","Quarter","Standing Liberty Silver Quarter","Standing Liberty Quarter","Very Good","$32.50","Pending","","",""
"1978","D","Quarter","Washington Silver Quarter","Unmapped","Uncirculated","2.50","Pending","","",""
"1910","S","Penny","Lincoln Cent","Abraham Lincoln","Very Fine","$67.50","Pending","","",""
"1933","S","Half Dollar","Liberty Walking Half Dollar","Liberty Walking","Very Good","$55.00","Pending","","",""
"1937","S","Half Dollar","Liberty Walking Half Dollar","Liberty Walking","Fine","$43.95","Pending","","",""
"2011","S","$1","Presidential $1 Coin Program","Rutherford B. Hayes","Choice Proof 63","24.00","$3 – $7","","",""
"2000","D","Quarter","State and Territory Quarters","New Hampshire","Uncirculated","1.95","$0.50 – $1.50","","",""
"1968S","","","Clad Proof Set 5 coins","Unmapped","ch proof 63","$30.95","$4 – $8","","",""
"2015","S","Penny","Lincoln Head Cent","Lincoln Shield","Proof-63","$2.25","$3 – $7","","",""
"1995","","$5","American Eagle Gold Coin","Unmapped","NGC MS70","1595.0","$425 – $525","","",""
"1892","S","Half Dollar","Barber","Liberty Head","Good","$425.00","$125 – $175","","",""
"1960","","Dime","Roosevelt Dime","Historical US Circulation Coins","Circulated","$18.60","Pending","","",""
"1952","","Nickel","Jefferson Nickel","Unmapped","Circulated","$21.80","Pending","","",""
"2008","S","Dime","Roosevelt Dimes","Unmapped","Choice Proof 63","9.95","$3 – $7","","",""
"1954","D","Quarter","Washington Silver Quarter","Unmapped","Average Circulated","19.00","$6 – $9","","",""
"1952","","Half Dollar","Franklin Half Dollar","Benjamin Franklin","Gem Proof 66","$450.00","Pending","","",""
"2009","S","Quarter","State and Territory Quarters","Northern Mariana Islands Territory Commemorative","Proof-63","10.75","Pending","","",""
"2019","","$1","America the Beautiful Quarters","Unmapped","MS-65","$0.00","$45 – $60","","",""
"1977","","1 Dollar","Eisenhower Dollar","Dwight D. Eisenhower","UNC 63","$31.35","$4 – $8","","",""
"1956","","Dime","Mercury Dime","Winged Liberty Head","Average Circulated","Points","$2 – $4","","",""
"2020","W","Dollar","America the Beautiful Quarters","Unmapped","","$298.00","","","",""
"1927","D","Dollar","Peace Dollar","Unmapped","Very Fine","$105.00","Pending","","",""
"1912","","Penny","Lincoln Wheat Cent Series","Abraham Lincoln","Not Graded","$0.00","$0.15 – $25.00","","",""
"1846","","Dollar","Liberty Seated","Unmapped","AU-50","$1550.00","Pending","","",""
"2006","P","Nickel","Return to Monticello","Unmapped","Uncirculated","$1.80","$0.25 – $1.50","","",""
"2010","S","Quarter","National Park Quarters","Oregon Mount Hood National Forest","Proof-63","$25.00","$8 – $15","","",""
"","","","Historic U.S. Silver Coins","Shipment # 3","","$79.90","","","",""
"2023","P","Quarter","American Women Quarters","Edith Kanaka'ole","Uncirculated","$1.00","$0.25 – $1.50","","",""
"2021","P","1 Dollar","American Innovation $1 Coin Program","New Hampshire - In-Home Video Game System","Uncirculated","Points","$1.50 – $3.50","","",""
"","","","Historic U.S. Silver Coins","Shipment # 2","","$79.90","","","",""
"2006","S","Dime","Roosevelt Dimes","Unmapped","Proof-63","22.50","$2 – $5","","",""
"1955","D","Quarter","Washington Silver Quarter","Unmapped","Uncirculated","35.00","$10 – $25","","",""
"2008","P","$1","Presidential $1 Coin Program","Andrew Jackson","Uncirculated","4.50","$1.50 – $3.00","","",""
"2020","","Dollar","American Innovation $1 Coins","South Carolina Santee","Uncirculated","$5.95","$1.50 – $3.00","","",""
"1955","D","Penny","Lincoln Cents","Abraham Lincoln","Uncirculated","$2.50","$1.00 – $3.00","","",""
"1960","","Penny","Lincoln Cents","Abraham Lincoln","Choice Proof 63","$2.10","$3 – $7","","",""
"1958","D","Quarter","","Unmapped","Average Circulated","$0.00","$6 – $9","","",""
"1776","","$1/6 Continental Currency","USA Invoice Import","Unmapped","Circulated","$256.00","","","",""
"1996","P","Dollar","American Eagle","Unmapped","Proof-63","$125.00","$55 – $75","","",""
"1959","","Half Dollar","Franklin Half Dollars","Benjamin Franklin","Choice Proof-63","$65.00","$18 – $28","","",""
"1810","","Half Dollar","Half Dollar Club Selection","Lettered Edge","Very Fine","$371.00","","","",""
"1940","","Cent","Lincoln Wheat Cent","Unmapped","Circulated","$22.00","Pending","","",""
"1953","S","Half Dollar","Franklin Half Dollar","Benjamin Franklin","Fine","$40.75","$11 – $15","","",""
"2024","D","Quarter","American Women Quarters","Celia Cruz","Uncirculated","$1.00","$0.50 – $1.50","","",""
"1926","","Morgan Silver Dollar","Morgan Silver Dollar","Unmapped","Ungraded","$198.00","$35 – $65","","",""
"2003","P","Quarter","State and Territory Quarters","Maine","Uncirculated","2.25","$0.50 – $1.50","","",""
"2024","","Quarter Dollar","American Women Quarters / The Celebrating America Coin Collection","Patsy Takemoto Mink","","$17.95","","","",""
"1963","","Half Dollar","Franklin Half Dollar","Benjamin Franklin","Uncirculated","$45.95","$12 – $22","","",""
"2016","","Penny","Lincoln Shield Cent","Lincoln Shield","Uncirculated","$0.25","$0.15 – $1.00","","",""
"1831","","Capped Bust Silver Half Dollar","Capped Bust Half Dollar","Capped Bust Liberty","Fine","$162.00","$85 – $125","","",""
"1979","P","Susan B. Anthony Dollar","Susan B. Anthony Dollar","Susan B. Anthony","Uncirculated","$129.00","$2 – $5","","",""
"2013","D","Quarter","America the Beautiful Quarters","Great Basin National Park","Uncirculated","$1.50","$0.25 – $1.50","","",""
"1941","D","Quarter","Washington Silver Quarter","Unmapped","Very Good","25.50","$6 – $9","","",""
"1937","D","Quarter","Washington Silver Quarter","Unmapped","Good","25.75","$6 – $10","","",""
"1947","","Penny","Lincoln Wheat Cent","Abraham Lincoln","Genuine","","$0.15 – $3.00","","",""
"2018","D","Dime","America the Beautiful Quarters","Unmapped","Uncirculated","2.00","Pending","","",""
"2001","S","Quarter","State and Territory Quarters","North Carolina","Proof-63","45.5","$3 – $8","","",""
"1954","","Quarter","Washington Silver Quarter","Unmapped","Very Fine","23.25","$6 – $8","","",""
"2024","S","Quarter","American Women Quarters Program","Patsy Takemoto Mink","Choice Proof-63","$8.95","$3 – $8","","",""
"1942","","","America Revisited Selection","5-Coin Time Capsule Year Set","Circulated","$99.00","","","",""
"2020","W","Dollar","The West Point Burnished American Eagle Silver Dollar Collection","American Eagle","Uncirculated","$164.00","","","",""
"1930","","Five Cents","The U.S. Nickel Collection","Unmapped","","$7.95","","","",""
"1879","CC","$1","Morgan Silver Dollar","Unmapped","1879CC Morgan silver dollar AU in display ""One of the rarest dates"" and 1892 Morgan silver dollar BU in display","5495.0","$4,500 – $6,500","","",""
"2011","P","1 Dollar","America the Beautiful Quarters","Unmapped","Uncirculated","$9.50","$2.00 – $4.00","","",""
"1899","","$1 Silver Certificate","USA Invoice Import","Large Size Eagle","Very Fine","$349.00","","","",""
"1968","S","Kennedy Half Dollar","Kennedy Half Dollar","John F. Kennedy","Proof-63 Cameo","$23.50","$7 – $15","","",""
"2023","D","Dollar","American Innovation Dollars","Louisiana - The Higgins Boat","Uncirculated","$0.00","","","",""
"2021","","Dollar","The Complete Original-Design Proof Silver Eagle Dollar Collection","American Eagle","Proof","$187.00","","","",""
"1893","O","Dollar","Morgan Silver Dollar","Liberty Head, Eagle","Extremely Fine","$925.00","$450 – $650","","",""
"1934","D","Half Dollar","Walking Liberty Half Dollar","Walking Liberty Half Dollar","Fine","$44.50","$15 – $25","","",""
"1993","","Quarter","Washington Silver Quarter","Unmapped","Choice Proof-63","31.50","Pending","","",""
"1949","D","Penny","Lincoln Head Cent","Lincoln Head","Uncirculated","$12.50","$2 – $6","","",""
"2006","S","Penny","Lincoln Cent","Lincoln Cent (Memorial Reverse)","Choice Proof 63","$4.25","Pending","","",""
"1827","","Capped Bust Silver Half Dollar","Capped Bust Half Dollar","Capped Bust Liberty","Fine","$171.00","$90 – $130","","",""
"2013","S","1 Dollar","Native American Dollar","Native American","Proof-63","$18.95","$4 – $8","","",""
"1993","P","Dime","Roosevelt Dimes","Unmapped","Uncirculated","3.25","$1 – $3","","",""
"1990","D","Dime","USA Invoice Import","Unmapped","Uncirculated","$2.00","","","",""
"1943","","Penny","Lincoln Cent","Lincoln Head","About Uncirculated 50 (AU50)","$3.95","$1.00 – $3.00","","",""
"1892","O","Dollar","Morgan Silver Dollar","Liberty Head, Eagle","Very Fine","$110.00","$45 – $65","","",""
"1942","","Penny","Lincoln Cent","Wheat Reverse","Genuine","$0.00","$0.15 - $0.75","","",""
"2005","S","Dime","Roosevelt Dimes","Unmapped","Choice Proof-63","3.50","$3 – $7","","",""
"1946","D","Nickel","Jefferson Nickel Series","Thomas Jefferson","Uncirculated","$12.50","Pending","","",""
"1926","D","Penny","Lincoln Cent","Lincoln Cent (Wheat Reverse)","Average Circulated","$8.25","$0.75 – $2.50","","",""
"1955","","","America Revisited Selection","Time Capsule Year Set","Circulated","$185.00","","","",""
"2019","","Dollar","American Innovation Dollar","Kansas Pawnee","Uncirculated","$4.95","$1.50 – $3.00","","",""
"1947","D","Quarter","Washington Silver Quarter","Unmapped","Extremely Fine","27.75","$7 – $10","","",""
"2024","S","Quarter","American Women Quarters Program","Zitkala-Sa","Choice Proof-63","$8.95","$3 – $8","","",""
"2018","D","1 Dollar","Native American Dollar","Jim Thorpe","Uncirculated","$7.25","$2.00 – $4.00","","",""
"1833","","Capped Bust Silver Quarter","Capped Bust Silver Quarter Series","Capped Bust Design","Very Good","$371.50","Pending","","",""
"1863","","Half Dollar","Liberty Seated","No Motto","Very Good","$145.00","Pending","","",""
"2009","P","Quarter","State and Territory Quarters","American Samoa Territory commemorative","Uncirculated","2.5","Pending","","",""
"1878","S","$1","Morgan Silver Dollar Set","1878 Morgan silver dollar five coin st First year of issue variety Set  (1878-7TF,1878-7/8TF, 1878-8TF, 1878-S, 1878-CC)","1878 Morgan silver dollar five coin st First year of issue variety Set  (1878-7TF,1878-7/8TF, 1878-8TF, 1878-S, 1878-CC)","1695.0","Pending","","",""
"1926","","Five Cents","USA Invoice Import","Unmapped","Fine","$0.00","","","",""
"1973","","Dime","Roosevelt Dimes","Unmapped","Uncirculated","2.50","Pending","","",""
"2010","","Five Cents","America the Beautiful Quarters","Unmapped","","$7.95","","","",""
"1921","","Penny","Lincoln Head Penny","Unmapped","Average Circulated","","Pending","","",""
"2013","D","Penny","Lincoln Cent","Union Shield Reverse","Uncirculated","$3.00","$0.10 - $0.50","","",""
"1896","S","Dollar","Morgan Silver Dollar","Liberty Head, Eagle","Very Fine","$157.50","Pending","","",""
"2009","","Five Cents","The U.S. Nickel Collection","Unmapped","","$7.95","","","",""
"1930","S","Nickel","Buffalo Nickel","Unmapped","Average Circulated","$0.00","Pending","","",""
"1967","","Quarter","Washington Silver Quarter","Unmapped","Uncirculated","7.25","Pending","","",""
"1942","","","The World War II U.S. Coin Collection","Shipment #4","","$87.00","","","",""
"2024","W","Dollar","American Eagle","Walking Liberty","Choice Proof-63","$240.00","","","",""
"1977","D","1 Dollar","Eisenhower Dollar","Dwight D. Eisenhower","UNC 63","$31.35","$4 – $8","","",""
"2007","D","Quarter","State and Territory Quarters","Washington","Uncirculated","2.95","$0.50 – $1.50","","",""
"2009","D","1 Dollar","Native American Dollar","Native American","Uncirculated","$7.25","$1.50 – $3.00","","",""
"1942","P","Five Cents","USA Invoice Import","Wartime Nickel","Average Circulated","$0.00","","","",""
"1997","P","Kennedy Half Dollar","Kennedy Half Dollar Series","John F. Kennedy","Uncirculated","$6.95","$1.00 – $3.00","","",""
"1946","","Penny","Lincoln Wheat Cent Series","Abraham Lincoln","Not Graded","$0.00","$0.15 – $5.00","","",""
"1952","","Quarter","Washington Silver Quarter","Unmapped","Extremely Fine","25.50","$8 – $12","","",""
"1865","","Half Dollar","Liberty Seated","Unmapped","Fine","$270.00","$75 – $110","","",""
"2001","D","Penny","Lincoln Head Penny","Unmapped","Uncirculated","","$0.10 – $1.00","","",""
"1977","","Dollar","Eisenhower Dollar","Dwight D. Eisenhower","UNC 63","$31.35","$4 – $8","","",""
"1884","","","","Unmapped","Very Fine","$36.00","Pending","","",""
"2004","P","Quarter","State and Territory Quarters","Florida","Uncirculated","1.95","$0.50 – $1.50","","",""
"1976","","Dollar","U.S. Bicentennial","Bicentennial Drummer (Type II)","UNC 63","$31.35","$4 – $8","","",""
"1981","S","Penny","Lincoln Cent Series","Abraham Lincoln","Proof-63","$85.00","Pending","","",""
"1935","","Nickel","Buffalo Nickel","America Revisited Selection","Circulated","$20.40","Pending","","",""
"2006","P","Quarter","State and Territory Quarters","Nebraska","Uncirculated","2.5","$0.50 – $1.50","","",""
"2021","D","Kennedy Half Dollar","Kennedy Half Dollar Series","John F. Kennedy","Uncirculated","$1.95","$1.50 – $3.00","","",""
"1997","S","Dime","Roosevelt Dimes","Unmapped","Choice Proof 63","43.95","$3 – $7","","",""
"2002","P","Quarter","State and Territory Quarters","Louisiana","Uncirculated","1.95","$0.50 – $1.50","","",""
"1971","S","Quarter","Washington Silver Quarter","Unmapped","Choice Proof 63","3.10","$3 – $7","","",""
"1906","","Penny","Indian Head Cent","Unmapped","Good","$8.25","Pending","","",""
"2013","S","Kennedy Half Dollar","Kennedy Half Dollar Series","John F. Kennedy","Choice Proof 63","$5.75","$4 – $8","","",""
"2024","D","Dollar","American Innovation Dollars","Alabama - Saturn V Rocket","Uncirculated","$0.00","","","",""
"1939","S","Quarter","Washington Silver Quarter","Unmapped","Very Good","27.50","$4.50 – $7.00","","",""
"2005","S","Quarter","State and Territory Quarters","California commemorative","Choice Proof 63","22.5","$3 – $8","","",""
"1983","P","Kennedy Half Dollar","Kennedy Half Dollar","John F. Kennedy","Uncirculated","$16.50","Pending","","",""
"1925","S","Dollar","Peace Dollar","Unmapped","Extremely Fine","$97.50","Pending","","",""
"1928","","Penny","Lincoln Cent","Abraham Lincoln","Genuine","","Pending","","",""
"1979","S","Susan B. Anthony Dollar","Susan B. Anthony Dollar","Susan B. Anthony","Uncirculated","$7.75","Pending","","",""
"1993","P","Kennedy Half Dollar","Kennedy Half Dollar Series","John F. Kennedy","Uncirculated","$12.25","Pending","","",""
"1968","S","Roosevelt Dime","Roosevelt Dime","Unmapped","Proof-63","4.75","Pending","","",""
"2011","P","Quarter","National Park Quarters","Glacier National Park","Mint State","$3.00","Pending","","",""
"1973","S","Dime","Roosevelt Dimes","Unmapped","Choice Proof 63","3.25","Pending","","",""
"1939","","","America Revisited Selection","Time Capsule Year Set","Circulated","$103.00","","","",""
"2011","","Dollar","The Complete Original-Design Proof Silver Eagle Dollar Collection","American Eagle","Proof","$187.00","","","",""
"1917","D","Penny","Lincoln Cent","Abraham Lincoln","About Good","$7.50","$0.50 – $1.50","","",""
"1936","","Penny","Lincoln Wheat Cent Series","Abraham Lincoln","Not Graded","$0.00","Pending","","",""
"1941","","Dime","Mercury Dime","Winged Liberty Head","Very Fine","$13.95","Pending","","",""
"","","Nickel","Buffalo Nickel","Unmapped","","","$0.15 – $1.50","","",""
"2014","P","$1","Presidential $1 Coin Program","Warren G. Harding","Uncirculated","3.50","$2 – $4","","",""
"2023","S","Dime","Roosevelt Dimes","Unmapped","Choice Proof 63","2.25","Pending","","",""
"1916","D","Dime","Mercury Dime","Mercury (Roman God)","Fine","$14.50","Pending","","",""
"1971","D","Quarter","Washington Silver Quarter","Unmapped","Uncirculated","2.50","Pending","","",""
"1929","D","Dime","Mercury Dime","Winged Liberty Head","Average Circulated","$27.00","","","",""
"1917","","Quarter","Standing Liberty Silver Quarter (Type 1)","Standing Liberty Quarter","Gem Uncirculated 65","$1121.00","Pending","","",""
"1959","D","Quarter","","Unmapped","Average Circulated","$0.00","Pending","","",""
"2024","P","Quarter Dollar","American Women Quarters","Zitkala-Sa","Uncirculated","$0.00","","","",""
"1917","S","Penny","Lincoln Cent","Abraham Lincoln","About Good","$3.40","Pending","","",""
"2017","S","Quarter","National Park Quarters","New Jersey Ellis Island National Monument","Proof-63","$5.50","$3 – $8","","",""
"","","","USA Invoice Import","21st Century Penny and Nickel Transition Set","Uncirculated","$4.95","","","",""
"1980","","Penny","Lincoln Cent","Abraham Lincoln","Mint State","$0.40","$0.15 – $1.50","","",""
"2002","D","Kennedy Half Dollar","Kennedy Half Dollar","John F. Kennedy","Uncirculated","$5.25","$1.00 – $3.00","","",""
"1976","D","Dollar","Eisenhower Dollar","Variety 2","Uncirculated","$13.50","$3 – $8","","",""
"1880","CC","Dollar","Liberty Seated","Unmapped","MS-65","$1500.00","$1,250,000 – $1,750,000","","",""
"1976","S","1 Dollar","U.S. Bicentennial","Eisenhower Dollar - Variety 1","Proof-63","$31.35","$10 – $20","","",""
"1960","D","Nickel","Jefferson Nickel Series","Thomas Jefferson","Uncirculated","$0.00","$1.00 – $3.00","","",""
"1863","","Quarter","Liberty Seated","Unmapped","Fine","$315.00","$150 – $225","","",""
"1928","","Penny","Lincoln Head Penny","Lincoln Portrait","Genuine","$0.00","$0.15 – $1.50","","",""
"1956","","Dime","USA Invoice Import","Unmapped","Choice Proof-63","$29.50","","","",""
"","","$1","American Paper Money Club Selection","Indian Territory Note Lutie, Oklahoma","Crisp Unused","$65.50","","","",""
"2014","S","Quarter","National Park Quarters","Florida Everglades National Park","Uncirculated","$2.85","$1.50 – $3.50","","",""
"1990","D","Penny","Lincoln Head Penny","Abraham Lincoln","Uncirculated","$0.95","$0.15 – $1.00","","",""
"1839","O","Seated Liberty Half Dime","","Stars No Drapery","Fine","$76.50","$125 – $175","","",""
"1982","","Penny","Lincoln Head Penny","Abraham Lincoln","Uncirculated","$0.80","$0.15 – $1.00","","",""
"2024","P","Dollar","American Innovation Dollars","Illinois / Steel Plow","Uncirculated","$0.00","","","",""
"2024","D","Dollar","American Innovation Dollars","Alabama / Saturn V Rocket","Uncirculated","$0.00","","","",""
"1874","","Dollar","Indian Head Pattern Dollar","Indian Head","MS-63","$925.00","$8,000 – $12,000","","",""
"2020","W","Dollar","American Eagle NGCX Silver Dollar Set","West Point American Eagle","Uncirculated","$298.00","","","",""
"2012","S","Quarter","America the Beautiful Quarters","El Yunque National Forest","Proof-63 Cameo","$5.50","$3 – $7","","",""
"1992","P","Kennedy Half Dollar","Kennedy Half Dollar Series","John F. Kennedy","Uncirculated","$4.75","$1.00 – $3.00","","",""
"1986","","$1","American Eagle Silver Dollar","Mercanti","MS-60 NGC","1200.0","$45 – $65","","",""
"1913","","$5","Indian Head Gold Half Eagle","Indian Head","AU-58","$750.00","Pending","","",""
"1851","","Large Cent","Braided Hair Large Cents","Liberty Head","Fine","$150.00","$25 – $45","","",""
"2007","D","Dime","Roosevelt Dimes","Unmapped","Uncirculated","2.00","$1.00 – $3.00","","",""
"2018","P","Quarter","America the Beautiful Quarters","Michigan Pictured Rocks National Lakeshore","Uncirculated","$0.00","$0.50 – $2.00","","",""
"2010","S","Penny","America the Beautiful Quarters","Unmapped","Proof-63","$7.25","$3 – $7","","",""
"1987","D","Kennedy Half Dollar","Kennedy Half Dollar Series","John F. Kennedy","Uncirculated","$9.95","$3.00 – $6.00","","",""
"1847","","Half Dollar","Liberty Seated","No Motto Normal Date","Average Circulated","$112.50","$75 – $125","","",""
"2010","S","Quarter","National Park Quarters","Grand Canyon National Park","Proof-63","$25.00","$8 – $15","","",""
"2002","D","Quarter","State and Territory Quarters","Tennessee","Uncirculated","4.5","$0.50 – $1.50","","",""
"2013","S","Quarter","America the Beautiful Quarters","Fort McHenry National Monument and Historic Shrine","Proof-63 Cameo","$18.50","$3 – $7","","",""
"1929","S","Buffalo Nickel","","Unmapped","Average Circulated","$0.00","Pending","","",""
"2022","D","Quarter Dollar","American Women Quarters","Nina Otero-Warren","Uncirculated","$1.00","","","",""
"1991","P","Kennedy Half Dollar","Kennedy Half Dollar","John F. Kennedy","Uncirculated","$8.50","$1.00 – $3.00","","",""
"2011","P","Quarter","America the Beautiful Quarters","Chickasaw National Recreation Area","Uncirculated","$1.50","Pending","","",""
"1917","S","1 Dime","Mercury Silver Dime","Unmapped","Genuine","$23.95","$3 – $8","","",""
"2012","S","Quarter","National Park Quarters","Hawaii Volcanoes National Park","Uncirculated","$3.50","$1.50 – $3.50","","",""
"1936","","Quarter","Washington Silver Quarter","Unmapped","Extremely Fine","24.95","Pending","","",""
"1855","O","Quarter","Liberty Seated","Liberty Seated, Arrows at Date","Average Circulated","$221.00","$125 – $275","","",""
"1953","","Half Dollar","Franklin Half Dollar","Benjamin Franklin","Choice Proof 63","$250.00","Pending","","",""
"1889","CC","1 Dollar","Morgan Silver Dollar","Unmapped","Very Fine","$2385.00","Pending","","",""
"1868","","Half Dollar","20th Century Half Dollar Club Selection","With Motto","Very Good","$256.00","","","",""
"1921","","Penny","Lincoln Wheat Cent","Abraham Lincoln","Genuine","","Pending","","",""
"1960","","Five Cents","The U.S. Nickel Collection","Unmapped","","$7.95","","","",""
"1914","S","Half Dollar","Barber","Liberty Head","Circulated","$47.75","Pending","","",""
"1944","P","Nickel","Jefferson Nickel Series","Thomas Jefferson, Wartime Nickel","Average Circulated","$0.00","Pending","","",""
"1946","","Penny","Lincoln Cent Series","Abraham Lincoln","Average Circulated","$0.90","Pending","","",""
"2005","D","Penny","Lincoln Cents","Unmapped","Uncirculated","","$0.15 – $1.00","","",""
"1909","","25 Cents","Barber Quarters","Liberty Head","Average Circulated","$28.00","$12 – $18","","",""
"2001","D","1 Dollar","Sacagawea Dollar","Sacagawea Dollar","Uncirculated","$8.50","$1.50 – $3.00","","",""
"1928","","$2 Legal Tender Note","USA Invoice Import","Unmapped","Choice Crisp","$300.00","","","",""
"1989","S","Dime","Roosevelt Dimes","Unmapped","Choice Proof 63","6.00","$2 – $5","","",""
"1939","P","Half Dollar","Walking Liberty Half Dollar","Walking Liberty Half Dollar","Fine","$34.75","$13 – $18","","",""
"1888","S","Dime","Liberty Seated Silver Dime","Unmapped","Very Fine","$67.50","$125 – $175","","",""
"1944","","Quarter","","Unmapped","Average Circ","$0.00","$6 – $9","","",""
"1926","","Dime","Mercury Dime","Winged Liberty Head","Good","Points","$2.50 – $4.00","","",""
"1821","","Capped Bust Silver Quarter","","Unmapped","Very Good","$335.00","$150 – $250","","",""
"1943","D","Dime","","Unmapped","Average Circ","$14.60","$2.50 – $4.50","","",""
"2018","P","Quarter","America the Beautiful Quarters","Minnesota Voyageurs National Park","Uncirculated","$1.00","$0.25 – $1.50","","",""
"1851","","Dime","Liberty Seated Silver Dime","Unmapped","Good","$50.00","$15 – $25","","",""
"1909","","Penny","Lincoln Cent","Abraham Lincoln","Genuine","","$3 – $15","","",""
"1943","D","Penny","Lincoln Head Penny","Lincoln Portrait","Average Circulated","$2.25","$0.25 – $1.00","","",""
"1963","D","Half Dollar","USA Invoice Import","Unmapped","Very Fine","$0.00","","","",""
"1866","S","Half Dollar","Liberty Seated","With Motto","Good","$175.00","$450 – $650","","",""
"1868","","Dime","Liberty Seated Silver Dime","Unmapped","About Uncirculated 53","$325.00","Pending","","",""
"N/A","","$5","Liberty Head Half Eagle (with Motto, 1866-1908)","Liberty Head","AU-50","$595.00","Pending","","",""
"1973","S","Penny","Lincoln Cent","Unmapped","Choice Proof 63","$2.25","Pending","","",""
"1998","D","Dime","Roosevelt Dimes","Unmapped","Uncirculated","3.25","Pending","","",""
"1908","","Penny","Indian Head Cent","Unmapped","Good","$0.00","Pending","","",""
"1958","D","Half Dollar","Franklin Half Dollar","Benjamin Franklin","Very Fine","$38.50","Pending","","",""
"2006","","Penny","Lincoln Cent Series","Abraham Lincoln","Uncirculated","$0.75","Pending","","",""
"2001","S","Quarter","State and Territory Quarters","North Carolina","Choice Proof 63","8.5","$4 – $10","","",""
"1920","S","Penny","Lincoln Head Penny","Lincoln Portrait","Fine","$9.75","Pending","","",""
"1866","","Nickel","Shield Nickel","Rays","Very Good","$90.00","Pending","","",""
"1917","D","Quarter","Standing Liberty Silver Quarter (Type 2)","Standing Liberty Quarter","Very Good","$94.50","Pending","","",""
"1909","","Penny","Lincoln Wheat Cent Series","Abraham Lincoln","Not Graded","$59.95","Pending","","",""
"2022S","","","Clad Proof Set 10 coins","Unmapped","ch proof 63","$44.95","","","",""
"1806","","25 Cents","Barber Silver Quarters","Draped Bust Dollar","Very Good","$979.00","Pending","","",""
"1988","","Dollar","American Eagle","Unmapped","Uncirculated","$68.75","Pending","","",""
"1915","D","Penny","Lincoln Cent","Lincoln Cent (Wheat Reverse)","Good","$11.75","Pending","","",""
"1972","S","1 Dollar","Eisenhower Dollar","Dwight D. Eisenhower","Proof-63","$31.35","Pending","","",""
"2008","P","Kennedy Half Dollar","Kennedy Half Dollar Series","John F. Kennedy","Uncirculated","$5.75","Pending","","",""
"1949","","Penny","Lincoln Wheat Cent","Abraham Lincoln","Genuine","","Pending","","",""
"2003","D","Quarter","State and Territory Quarters","Illinois","Uncirculated","5.0","Pending","","",""
"1912","S","Half Dollar","Barber","Liberty Head","Very Good","$51.50","Pending","","",""
"1970","","Dime","Roosevelt Dimes","Unmapped","Uncirculated","2.25","$1.50 – $3.50","","",""
"1980","D","Quarter","Washington Silver Quarter","Unmapped","Uncirculated","2.50","$1.00 – $3.00","","",""
"2012","D","Quarter","National Park Quarters","Acadia National Park","Mint State","$1.25","$0.25 – $1.50","","",""
"1876","","Half Dollar","Liberty Seated","With Motto","Very Good","$145.00","Pending","","",""
"2022","P","Quarter","American Women Quarters","Sally Ride","Uncirculated","$1.00","Pending","","",""
"2011","S","$1","Presidential $1 Coin Program","Ulysses S. Grant","Choice Proof 63","24.00","$3 – $7","","",""
"1930","","Dime","Mercury Dime","Winged Liberty Head","Very Good","$21.50","$3.50 – $5.00","","",""
"2023","D","Lincoln Cent","","Unmapped","Uncirculated","$0.00","$0.01 – $0.25","","",""
"2007","S","Dime","Roosevelt Dimes","90% silver","Choice Proof 63","25.95","$3 – $7","","",""
"1858","S","Half Dollar","Seated Liberty","No Motto","Average Circulated","$126.00","$10,000 – $18,000","","",""
"2024","","Dollar","American Eagle","Unmapped","Uncirculated","$0.00","","","",""
"1928","","Quarter","Standing Liberty Quarter","Unmapped","Good","$30.00","Pending","","",""
"1999","P","Quarter","State and Territory Quarters","New Jersey","Uncirculated","1.75","$0.50 – $1.50","","",""
"2023","","Morgan Silver Dollar","Morgan Silver Dollar","Unmapped","Uncirculated","$229.00","$75 – $95","","",""
"1960","","Quarter","Washington Silver Quarter","Unmapped","Uncirculated","24.50","$8 – $15","","",""
"1819","","Capped Bust Silver Quarter","","Unmapped","Good","$210.00","$125 – $200","","",""
"1937","","Cent","Lincoln Wheat Cent","Unmapped","Circulated","$26.20","Pending","","",""
"2001","S","Penny","Lincoln Cent","Unmapped","Proof-63","$5.25","$2 – $5","","",""
"1985","S","Quarter","Washington Silver Quarter","Unmapped","Choice Proof 63","3.00","$3 – $7","","",""
"1976","S","Kennedy Half Dollar","Kennedy Half Dollar","John F. Kennedy / Bicentennial","Uncirculated","$17.50","$8 – $15","","",""
"1925","","Penny","Lincoln Wheat Cent","Abraham Lincoln","Genuine","","$0.15 – $1.50","","",""
"1953","","Penny","Lincoln Wheat Cent Series","Abraham Lincoln","Not Graded","$0.00","Pending","","",""
"2015","P","Quarter","America the Beautiful Quarters","Blue Ridge Parkway","Uncirculated","","$0.25 – $1.50","","",""
"1960","","Dime","Roosevelt Dimes","Silver","Uncirculated/Circulated","Points","$2.50 – $8.00","","",""
"2019","W","Dollar","The West Point Burnished American Eagle Silver Dollar Collection","American Eagle","Uncirculated","$164.00","","","",""
"1910","D","Dime","Barber Dimes","Liberty Head","Fine","$26.50","Pending","","",""
"1948","","Nickel","","Unmapped","Average Circulated","$2.25","$0.10 – $0.25","","",""
"2019","","Dollar","The Complete Original-Design Proof Silver Eagle Dollar Collection","American Eagle","Proof","$187.00","","","",""
"1830","","Capped Bust Half Dime","","Capped Bust Liberty","Fine","$126.00","$75 – $110","","",""
"1978","","Dollar","USA Invoice Import","Eisenhower","Uncirculated","$18.00","","","",""
"2000","P","Dollar","American Eagle","Unmapped","Proof-63","$125.00","$65 – $85","","",""
"1942","D","Dime","Roosevelt Dimes","Unmapped","Uncirculated","2.25","$10 – $25","","",""
"1917","","Nickel","Buffalo Nickel","Native American & Buffalo","About Good","$2.70","$1.50 – $3.00","","",""
"1906","","25 Cents","Barber Silver Quarters","Liberty Head","Ungraded","$26.00","$10 – $150","","",""
"2005","S","Quarter","State and Territory Quarters","West Virginia silver commemorative","Choice Proof 63","22.5","$3 – $8","","",""
"1929","D","Cent","USA Invoice Import","Unmapped","Average Circ","$0.00","","","",""
"Year","Letter","Barber Silver Dimes","Barber Dimes","Liberty Head","Fine","$235.00","Pending","","",""
"1977","","Dollar","Eisenhower Dollar","Dwight D. Eisenhower","Uncirculated","$11.50","$3 – $8","","",""
"2014","D","Quarter","America the Beautiful Quarters","Great Smoky Mountains National Park","Uncirculated","$1.25","$0.50 – $1.50","","",""
"1954","","Quarter","Washington Silver Quarter","Unmapped","Average Circulated","points","$6 – $9","","",""
"1842","O","Quarter","Liberty Seated","Liberty Seated, No Motto, Large Date","Fine","$185.00","$150 – $250","","",""
"1959","","Dime","Roosevelt Dimes","Unmapped","Uncirculated","17.75","$3 – $8","","",""
"1963","","Quarter","Washington Silver Quarter","Unmapped","Uncirculated","24.50","$8 – $12","","",""
"1995","","Dollar","American Eagle","Unmapped","Uncirculated","$85.00","$40 – $55","","",""
"2019P","","quarter","National Park Quarters","Unmapped","uncirculated","$1.25","$0.50 – $2.00","","",""
"1883","O","Dollar","GSA Hoard","Morgan Dollar","Uncirculated","$0.00","","","",""
"1913","P","5 cents","Buffalo Nickel","with mound","Extremely Fine","39.95","$35 – $65","","",""
"2004","P","Kennedy Half Dollar","Kennedy Half Dollar Series","John F. Kennedy","Uncirculated","$6.75","$1.00 – $3.00","","",""
"2007","P","Dollar","Presidential Dollars","George Washington 1789-1797","Mint State 60","$0.00","","","",""
"1835","","Capped Bust Silver Quarter","","Unmapped","Fine","$235.00","Pending","","",""
"2007","P","Quarter","State and Territory Quarters","Washington","Uncirculated","2.75","Pending","","",""
"1979","","Kennedy Half Dollar","Kennedy Half Dollar Series","John F. Kennedy","Uncirculated","$5.50","Pending","","",""
"2009","S","Quarter","State and Territory Quarters","US Virgin Islands Territory Commemorative","Proof-63","10.75","Pending","","",""
"2024","D","Dollar","American Innovation Dollars","Missouri","Uncirculated","$0.00","","","",""
"1908","","$10","Indian Head Gold Eagle","Indian Head","AU-58","$1495.00","Pending","","",""
"1997","D","Kennedy Half Dollar","Kennedy Half Dollar Series","John F. Kennedy","Uncirculated","$4.25","Pending","","",""
"1894","","Dollar","Morgan Silver Dollar","Liberty Head, Eagle","Very Fine","$2100.00","Pending","","",""
"1962","D","Dime","Roosevelt Dimes","Unmapped","Uncirculated","19.00","$3 – $6","","",""
"2025","P","Quarter","American Women Quarters","Juliette Gordon Low","Uncirculated","$1.00","$0.50 – $2.00","","",""
"1864","S","Half Dollar","Liberty Seated","No Motto","Very Good","$148.50","$175 – $275","","",""
"2006","W","Dollar","American Eagle","Unmapped","Uncirculated","$145.00","$45 – $65","","",""
"1943","S","Dime","Mercury Dime","Winged Liberty Head","Extremely Fine","$17.75","$6 – $10","","",""
"1963","","Half Dollar","Franklin Half Dollar","Unmapped","Circulated","$18.30","Pending","","",""
"1944","D","Half Dollar","USA Invoice Import","Unmapped","Fine","$0.00","","","",""
"1954","D","Nickel","","Unmapped","Circulated","$2.25","$0.10 – $0.50","","",""
"1954","","Nickel","Jefferson Nickel","Year Set","Circulated","$18.90","Pending","","",""
"1909","S","Half Dollar","Barber","Liberty Head","Circulated","$47.75","Pending","","",""
"2024","D","Mint Set","U.S. Uncirculated Coin Mint Sets","Denver Mint Panel","Uncirculated","$39.95","","","",""
"1997","P","Quarter","Washington Silver Quarter","Unmapped","Uncirculated","3.75","Pending","","",""
"1973","S","Kennedy Half Dollar","Kennedy Half Dollar Series","John F. Kennedy","Choice Proof 63","$5.95","Pending","","",""
"2012","D","$1","Presidential $1 Coin Program","Benjamin Harrison","Uncirculated","3.50","$2.00 – $4.00","","",""
"1830","","Capped Bust Silver Dime","Capped Bust Dime","Liberty Seated (Capped Bust)","Fine","$256.00","$65 – $95","","",""
"2017","S","Kennedy Half Dollar","Kennedy Half Dollar Series","John F. Kennedy","Choice Proof 63","$52.95","$5 – $10","","",""
"1835","","Capped Bust Half Dime","","Capped Bust Liberty","About Fine","$175.00","$60 – $90","","",""
"1971","S","Dollar","Eisenhower Dollar","Dwight D. Eisenhower","Proof-63","$31.35","$10 – $15","","",""
"","","Quarter Dollar","The U.S. Coin Complete Denomination Set","Barber Quarter","","$75.00","","","",""
"1913","S","Nickel","Buffalo Nickel Type 1","Native American & Buffalo","About Good","$38.00","$15 – $30","","",""
"2010","P","Penny","Lincoln Cent","Abraham Lincoln, Union Shield","Mint State","$0.25","$0.15 – $1.00","","",""
"1971","D","Penny","Lincoln Head Penny","Lincoln Portrait","Uncirculated","$0.50","$0.15 – $1.50","","",""
"2014","S","$1","Presidential $1 Coin Program","Calvin Coolidge","Choice Proof 63","10.50","$4 – $8","","",""
"2017","","Dollar","America the Beautiful Quarters","Unmapped","Uncirculated","$53.50","$35 – $45","","",""
"1937","S","Penny","Lincoln Cent Series","Abraham Lincoln","Average Circulated","$1.15","$0.15 – $0.50","","",""
"1871","S","Half Dollar","Liberty Seated","With Motto","Very Good","$135.00","$1,200 – $1,800","","",""
"1994","S","Dime","Roosevelt Dimes","Unmapped","Choice Proof 63","11.75","$3 – $7","","",""
"1855","","Seated Liberty Half Dime","","Arrows","Fine","$63.00","$35 – $50","","",""
"2010","D","Quarter","America the Beautiful Quarters","Yosemite National Park","Uncirculated","$1.50","$0.50 – $1.50","","",""
"1964","","Nickel","Jefferson Nickel","Unmapped","Circulated","$5.99","Pending","","",""
"1999","D","Penny","Lincoln Cent","Lincoln Memorial Reverse","Uncirculated","$1.00","$0.10 - $0.50","","",""
"1901","O","25 Cents","Barber Silver Quarters","Liberty Head","Good","$145.00","$4,500 – $6,000","","",""
"1970","S","Penny","Lincoln Head Penny","Abraham Lincoln","Uncirculated","$0.80","$0.25 – $3.00","","",""
"1898","","25 Cents","Barber Silver Quarters","Liberty Head","Very Good","$40.50","Pending","","",""
"1891","","Quarter","Liberty Seated","Unmapped","Average Circulated","$56.50","Pending","","",""
"1916","","Barber Silver Dime","","Unmapped","Good","$0.00","$3.50 – $6.00","","",""
"1992","","$1","American Eagle Silver Dollar","Unmapped","NGC MS 70","2195","$1,100 – $1,400","","",""
"1825","","Half Dollar","Half Dollar Club Selection","Capped Bust","Very Fine 35","$365.00","","","",""
"","","$5 Bank Note","West River Bank Note","VT Jamaica","Crisp Unused","$349.00","","","",""
"2023","S","Dime","Roosevelt Dimes","Unmapped","Choice Proof 63","14.95","Pending","","",""
"1898","Pending","Dime","Barber Series","Liberty Head","Good","$24.95","Pending","","",""
"1940","P","Nickel","Jefferson Nickel Series","Thomas Jefferson","Average Circulated","$0.00","Pending","","",""
"1978","","Quarter","Washington Silver Quarter","Unmapped","Uncirculated","1.75","Pending","","",""
"1945","","Dime","Mercury Dime","Winged Liberty Head","Extremely Fine","$12.50","Pending","","",""
"2011","S","Quarter","National Park Quarters","Washington Olympic National Park","Proof-63","$21.75","Pending","","",""
"1883","CC","Dollar","Officially Sealed Carson City Mint Morgan Silver Dollars","Unmapped","","$795.00","","","",""
"1910","S","Penny","Lincoln Wheat Cent Series","Abraham Lincoln","Very Good","$429.00","Pending","","",""
"1953","","Cent","Lincoln Wheat Cent","Historical US Circulation Coins","Circulated","$19.20","Pending","","",""
"1913","S","Penny","Lincoln Head Penny","Lincoln Portrait","Average Circulated","$38.00","Pending","","",""
"2004","P","1 Dollar","Sacagawea Dollar","Sacagawea Dollar","Uncirculated","$15.75","$1.50 – $3.00","","",""
"1906","","Cent","Indian Head Cent","Unmapped","Good","$8.25","Pending","","",""
"1945","","Penny","Lincoln Cent","Abraham Lincoln","Mint State","$11.95","Pending","","",""
"1948","D","Half Dollar","Franklin Half Dollar","Benjamin Franklin","Extremely Fine","$42.50","$15 – $22","","",""
"2024","P","Quarter","American Women Quarters","Celia Cruz","Uncirculated","$1.00","$0.25 – $1.50","","",""
"2007","S","Quarter","State and Territory Quarters","Montana","Ch Proof-63","5.75","$3 – $8","","",""
"2011","D","Kennedy Half Dollar","Kennedy Half Dollar","John F. Kennedy","Uncirculated","$2.50","$1.50 – $3.50","","",""
"2022","S","Quarter","American Women Quarters","Wilma Mankiller","Proof-63","$7.75","$3 – $7","","",""
"1998","S","Quarter","Washington Silver Quarter","Unmapped","Ch Proof-63","points","$8 – $15","","",""
"2018","D","Quarter","America the Beautiful Quarters","Georgia Cumberland Island National Seashore","Uncirculated","$1.00","$0.25 – $1.50","","",""
"1962","D","Quarter","Washington Silver Quarter","Unmapped","Average Circulated","5.00","$5.50 – $7.50","","",""
"1925","S","Penny","Lincoln Head Penny","Lincoln Portrait","Average Circulated","$5.50","$1.50 – $4.00","","",""
"1858","","Half Dollar","Liberty Seated","No Motto","Very Good","$117.00","Pending","","",""
"1919","S","Quarter","Standing Liberty Silver Quarter","Standing Liberty Quarter","Very Fine/Extra Fine","$810.00","$125 – $250","","",""
"1895","O","1 Dollar","Morgan Silver Dollars","Liberty Head","Very Good","$650.00","$250 – $350","","",""
"2023","","Quarter Dollar","American Women Quarters / The Celebrating America Coin Collection","Eleanor Roosevelt","","$17.95","","","",""
"1929","D","Dime","Mercury Dime","Unmapped","Average Circulated","$27.00","Pending","","",""
"1939","S","Penny","Lincoln Cent","Lincoln Cent (Wheat Reverse)","Average Circulated","$1.35","Pending","","",""
"1999","P","Dollar","American Eagle","Unmapped","Proof-63","$127.00","Pending","","",""
"2000","D","Penny","Lincoln Head Penny","Unmapped","Uncirculated","","Pending","","",""
"1913","","Penny","Lincoln Cent","Abraham Lincoln","Genuine","","Pending","","",""
"2013","P","Quarter","America the Beautiful Quarters","Perry's Victory and International Peace Memorial","Uncirculated","$1.50","$0.50 – $2.00","","",""
"1959","D","Dime","Mercury Dime","Winged Liberty Head","Uncirculated","Points","$3 – $6","","",""
"2003","S","Kennedy Half Dollar","Kennedy Half Dollar","John F. Kennedy","Proof-63 Cameo","$48.00","$12 – $20","","",""
"1979S","","","Clad Proof Set 6 coins","Unmapped","ch proof 63","$33.25","$8 – $15","","",""
"2011","S","Kennedy Half Dollar","Kennedy Half Dollar","John F. Kennedy","Proof-63 Cameo","$18.50","Pending","","",""
"1861","","1 Cent","Indian Head Cent","Indian Head","Fine","$99.00","Pending","","",""
"2016","S","Kennedy Half Dollar","Kennedy Half Dollar","John F. Kennedy","Proof-63 Cameo","$5.75","$4 – $8","","",""
"2021S","","Quarter","Washington Crossing the Delaware silver","Unmapped","proof","$33.75","Pending","","",""
"1956","","Half Dollar","Franklin Half Dollar","Unmapped","Circulated","$26.40","Pending","","",""
"1882","O","1 Dollar","Morgan Silver Dollars","Unmapped","About Uncirculated","$90.00","$45 – $60","","",""
"2023","D","Native American Dollar","Native American Dollar Program","Maria Tallchief","Uncirculated","$0.00","$1.50 – $3.00","","",""
"1885","O","Dollar","Premier Morgan Dollar Society Selection","Unmapped","Uncirculated","$137.00","","","",""
"1917","S","Penny","Lincoln Head Penny","Lincoln Portrait","Extremely Fine","$36.00","$18 – $30","","",""
"1963","","Penny","Lincoln Head Penny","Abraham Lincoln","Choice Proof 63","$1.50","$1 – $3","","",""
"1914","D","Dime","Barber Series","Liberty Head","Very Good","$26.95","Pending","","",""
"1957","","Half Dollar","Franklin Half Dollar","Unmapped","Circulated","$21.80","Pending","","",""
"1989","","Dollar","American Eagle","Unmapped","Uncirculated","$65.00","$40 – $50","","",""
"1955","S","Penny","Lincoln Head Cent","Lincoln Head","Uncirculated","$0.00","$1.00 – $3.00","","",""
"2015-2024","P or D","Dime","USA Invoice Import","Unmapped","Uncirculated","$4.95","","","",""
"1921","D","1 Dollar","Morgan Silver Dollars","Liberty Head","AU-50","$100.00","Pending","","",""
"1961","D","Dime","Roosevelt Dimes","Unmapped","Average Circulated","points","$2.00 – $3.00","","",""
"1921","","Penny","Lincoln Cent","Abraham Lincoln","Genuine","","Pending","","",""
"1927","S","Dime","Mercury Dime","Mercury Dime","Average Circulated","$29.25","Pending","","",""
"1926","","Penny","Lincoln Cent","Abraham Lincoln","Fine","$3.95","Pending","","",""
"1938","","Half Dollar","Walking Liberty Half Dollar","America Revisited Selection","Circulated","$35.80","Pending","","",""
"1942","","Dime","Mercury Dime","Winged Liberty Head","Fine","$12.75","Pending","","",""
"1910","P","Barber Silver Dimes","Barber Dimes","Liberty Head","Very Good","$26.95","Pending","","",""
"1832","","Capped Bust Half Dime","","Capped Bust Liberty","Very Fine","$256.00","Pending","","",""
"2011","W","Dollar","America the Beautiful Quarters","Unmapped","Uncirculated","$89.95","Pending","","",""
"2002","D","Dime","Roosevelt Dimes","Unmapped","Uncirculated","2.25","$0.15 – $1.50","","",""
"2020","S","Quarter","National Park Quarters","Tallgrass Prairie National Preserve","Mint State","$1.25","$3 – $8","","",""
"2012","S","Penny","Lincoln Cent Series","Abraham Lincoln","Uncirculated","$12.50","$3.00 – $7.00","","",""
"1956","","Half Dollar","Franklin Half Dollar","Benjamin Franklin","Uncirculated","$45.75","$15 – $25","","",""
"1903","S","1 Dollar","Morgan Silver Dollars","Unmapped","Very Fine","$425.00","$150 – $225","","",""
"1944","","Five Cents","The U.S. Nickel Collection","Wartime Silver","","$7.95","","","",""
"2003","","Kennedy Half Dollar","Kennedy Half Dollar","John F. Kennedy","Uncirculated","$7.95","$1.50 – $3.00","","",""
"2006P","","Dollar","Franklin dollar commemorative ""Scientist"" no case PR63","Unmapped","ch proof 63","$91.50","$30 – $45","","",""
"2010","P","Quarter","America the Beautiful Quarters","Hot Springs National Park","Uncirculated","$1.50","$0.50 – $1.50","","",""
"1990","P","Dime","Roosevelt Dimes","Unmapped","Uncirculated","3.25","$1 – $3","","",""
"1872","","Dollar","Liberty Seated","Unmapped","AU-58","$2100.00","$3,500 – $4,500","","",""
"1981","P","Dime","Roosevelt Dimes","Unmapped","Uncirculated","2.00","$1.50 – $4.00","","",""
"2010","D","Quarter","National Park Quarters","Oregon Mount Hood National Forest","Uncirculated","$1.50","$0.50 – $1.50","","",""
"1966","","Five Cents","The U.S. Nickel Collection","Unmapped","","$7.95","","","",""
"1922","","Dollar","Peace Dollar","Unmapped","Extremely Fine","$87.50","$32 – $38","","",""
"2018","S","Quarter","National Park Quarters","Rhode Island Block Island National Wildlife Refuge","Proof-63","$11.75","Pending","","",""
"1914","S","Barber Silver Dimes","Barber Dimes","Liberty Head","Very Good","$27.95","$35 – $55","","",""
"1943","D","Dime","Mercury Dime","Winged Liberty Head","Very Fine","$17.25","Pending","","",""
"1890","CC","1 Dollar","Morgan Silver Dollars","Unmapped","Very Fine","$210.00","$250 – $325","","",""
"1936","","Penny","Lincoln Wheat Cent Series","Abraham Lincoln","Not Graded","$0.00","$0.15 – $15.00","","",""
"1943","S","Quarter","Washington Silver Quarter","Unmapped","Fine","26.25","$7 – $12","","",""
"1924","D","Quarter","Standing Liberty Silver Quarter","Standing Liberty Quarter","About Uncirculated 50","$449.00","Pending","","",""
"1950","S","Penny","Lincoln Cent","Abraham Lincoln","Mint State","$7.50","$2 – $8","","",""
"1903","","Five Cents","The U.S. Nickel Collection","Unmapped","","$7.95","","","",""
"2007","","Five Cents","The U.S. Nickel Collection","Unmapped","","$7.95","","","",""
"2016","P","Quarter","America the Beautiful Quarters","Fort Moultrie (Fort Sumter National Monument)","Uncirculated","$1.00","$0.25 – $1.50","","",""
"2015","P","Quarter","America the Beautiful Quarters","Bombay Hook National Wildlife Refuge","Uncirculated","","Pending","","",""
"1978","D","Penny","Lincoln Cent","Lincoln Head","Uncirculated (UNC)","$1.10","$0.15 – $1.50","","",""
"1901","O","Half Dollar","Barber","Liberty Head","Ungraded","$42.00","$150 – $15,000","","",""
"2000","S","Quarter","State and Territory Quarters","Maryland silver","Proof-63","19.25","$4 – $12","","",""
"1943","P","Cent","Lincoln Steel Cent","Lincoln Head","Ungraded","$1.98","Pending","","",""
"2015","P","Quarter","America the Beautiful Quarters","Kisatchie National Forest","Uncirculated","","$0.25 – $1.50","","",""
"2013","P","Quarter","America the Beautiful Quarters","White Mountain National Forest","Uncirculated","$1.50","$0.50 – $2.00","","",""
"1913","S","Half Dollar","Barber","Liberty Head","Circulated","$49.50","$120 – $450","","",""
"1929","","$20 Federal Reserve Bank Note","Federal Reserve Bank Note","Unmapped","Fine","$151.00","","","",""
"2015","D","1 Dollar","Native American Dollar","Native American","Uncirculated","$2.95","$2.00 – $4.00","","",""
"2002","S","Quarter","State and Territory Quarters","Louisiana silver","Proof-63","22.5","$3 – $8","","",""
"1955","","Penny","Lincoln Wheat Cent","Abraham Lincoln","Genuine","","$0.05 – $0.15","","",""
"1949","S","Penny","Lincoln Cent","Lincoln Head","Uncirculated (UNC)","$12.75","$2.00 – $6.00","","",""
"1953","","Quarter","Washington Silver Quarter","Unmapped","Extremely Fine","23.75","$6 – $9","","",""
"1958","","Half Dollar","Franklin Half Dollar","Benjamin Franklin","Extremely Fine","$42.95","$11 – $14","","",""
"1937","","Dime","Mercury Dime","Winged Liberty Head","Average Circulated","$14.25","Pending","","",""
"1848","","Large Cent","Braided Hair Large Cents","Liberty Head","Very Good","$95.00","$20 – $35","","",""
"2018","P","Quarter","National Park Quarters","Wisconsin Apostle Islands National Lakeshore","Uncirculated","$1.00","$0.50 – $2.00","","",""
"1934","C","$10 Federal Reserve Note","American Paper Money Club Selection","Federal Reserve Note","Very Fine","$65.50","","","",""
"1976","D","Dollar","Eisenhower Dollar","Variety 1","Uncirculated","$13.50","$3 – $8","","",""
"1907","","$5 Legal Tender Note Large Size","American Paper Money Club Selection","Legal Tender Note","Fine/Very Fine","$430.00","","","",""
"2019","D","Dime","America the Beautiful Quarters","Unmapped","Uncirculated","2.00","Pending","","",""
"2007S","","","Clad Proof Set 14 coins","Unmapped","ch proof 63","$56.00","","","",""
"1974","S","Kennedy Half Dollar","Kennedy Half Dollar","John F. Kennedy","Proof-63 Cameo","$6.95","Pending","","",""
"2010-2021","","Quarter","National Park Quarters","Unmapped","Uncirculated","$14.95","","","",""
"2020","P","Dollar","The Complete 2020 American Eagle NGCX Silver Dollar Set","American Eagle","Uncirculated","$298.00","","","",""
"1891","O","$1","Morgan Silver Dollar","Unmapped","MS-65","1995.0","$18,000 – $24,000","","",""
"2023","","Peace Dollar","The Ultimate Modern Morgan and Peace Silver Dollar Collection","Unmapped","Uncirculated","$229.00","Pending","","",""
"2015","S","Dime","America the Beautiful Quarters","Unmapped","Choice Proof-63","9.75","$3 – $7","","",""
"1941","S","Quarter","Washington Silver Quarter","Unmapped","Fine","26.25","Pending","","",""
"1940","","Penny","Lincoln Cent","Wheat Reverse","Genuine","$0.00","$0.15 - $0.75","","",""
"1921","D","Half Dollar","Liberty Walking Half Dollar","Liberty Walking","Very Good","$585.00","Pending","","",""
"1823","","Capped Bust Silver Dime","Capped Bust","Silver Dime","Good 6","$23.00","Pending","","",""
"1962","D","Half Dollar","Franklin Half Dollar","Benjamin Franklin","Uncirculated","$0.00","Pending","","",""
"1962","D","Half Dollar","Franklin Half Dollar","Benjamin Franklin","Uncirculated","$0.00","Pending","","",""
"1908","","Five Cents","The U.S. Nickel Collection - Shipment 13","Unmapped","","$7.95","","","",""
"1997","S","Kennedy Half Dollar","Kennedy Half Dollar","John F. Kennedy","Proof-63 Cameo","$56.50","Pending","","",""
"1910","D","Dime","Barber Series","Liberty Head","Fine","$26.50","Pending","","",""
"2025","D","1 Quarter","American Women Quarters Program","Ida B. Wells","Uncirculated","$1.00","$1.00 – $3.00","","",""
"1984","P","Quarter","Washington Silver Quarter","Unmapped","Uncirculated","2.25","$1.00 – $3.00","","",""
"1982","D","Penny","Lincoln Head Penny","Large Date Zinc","Uncirculated","","$0.15 – $1.50","","",""
"1910","O","25 Cents","Barber Silver Quarters","Liberty Head","Very Good","$40.00","Pending","","",""
"1945","S","Quarter","Washington Quarter","Unmapped","Average Circulated","$0.00","Pending","","",""
"1863-1867","","25C Fractional Currency","USA Invoice Import","Unmapped","Unc-64 Premium","$464.00","","","",""
"1936","D","Penny","Lincoln Head Penny","Unmapped","Average Circulated","$135.00","Pending","","",""
"1905","O","Half Dollar","Barber","Liberty Head","Circulated","$65.00","Pending","","",""
"1879","S","1 Dollar","Morgan Silver Dollars","Liberty Head","AU-50","$105.00","Pending","","",""
"1975","S","Dime","Roosevelt Dimes","Unmapped","Choice Proof 63","4.75","Pending","","",""
"1906","P","Barber Silver Dimes","Barber Dimes","Liberty Head","Very Good","$26.95","Pending","","",""
"1942","","Nickel","Jefferson Nickel","Time Capsule","Circulated","$19.80","Pending","","",""
"2007","D","Kennedy Half Dollar","Kennedy Half Dollar Series","John F. Kennedy","Uncirculated","$5.50","$1.00 – $3.00","","",""
"1931","","Penny","Lincoln Cent","Abraham Lincoln","Very Good","$5.50","$0.15 – $0.50","","",""
"1926","D","Dollar","Peace Dollar","Unmapped","Extremely Fine","$97.50","$45 – $65","","",""
"2016","","Dollar","The Complete Original-Design Proof Silver Eagle Dollar Collection","American Eagle Silver Dollar","Proof","$69.20","","","",""
"2018","P","Kennedy Half Dollar","Kennedy Half Dollar Series","John F. Kennedy","Uncirculated","points","$1.50 – $3.50","","",""
"1880","O","1 Dollar","Morgan Silver Dollars","Unmapped","About Uncirculated 50","$110.00","$65 – $85","","",""
"2016","D","$1","Presidential $1 Coin Program","Ronald Reagan","Uncirculated","3.50","$2.50 – $4.50","","",""
"2009","","Cent","Lincoln Bicentennial cents colorized and gold plated 8 coin set","Unmapped","","$6.95","$10 – $25","","",""
"2004","S","Quarter","State and Territory Quarters","Wisconsin","Choice Proof 63","8.5","$4 – $12","","",""
"1879","","Quarter","Liberty Seated","Liberty Seated, Arrows at Date","Very Good","$94.95","Pending","","",""
"1957","","Penny","Lincoln Wheat Cent","Abraham Lincoln","Genuine","","Pending","","",""
"1897","S","Half Dollar","Barber","Liberty Head","Very Good","$410.00","Pending","","",""
"1946","","Half Dollar","Half Dollar Club Selection","Liberty Walking","Very Fine","$170.00","","","",""
"1960","","Half Dollar","Franklin Half Dollar","Unmapped","Circulated","$18.60","Pending","","",""
"2025","P","Dime","USA Invoice Import","Roosevelt","Uncirculated","$2.95","","","",""
"2009","P","Quarter","State and Territory Quarters","District of Columbia Commemorative","Uncirculated","2.75","Pending","","",""
"1989","S","Dollar","American Eagle","Unmapped","Proof-63","$125.00","Pending","","",""
"1964","","Nickel","","Unmapped","Average Circulated","$1.80","Pending","","",""
"2024","","Dollar","The Statehood Innovation Dollar Coin Collection","Illinois","","$17.95","","","",""
"1994","P","Dime","Roosevelt Dimes","Unmapped","Uncirculated","3.00","$1 – $3","","",""
"1889","","","","Unmapped","Extremely Fine","$36.00","$45 – $65","","",""
"1925","","Quarter","Standing Liberty Quarter","Unmapped","Good","$30.00","Pending","","",""
"2014","P","Quarter","America the Beautiful Quarters","Great Smoky Mountains National Park","Uncirculated","$1.25","$0.25 – $1.50","","",""
"1999","D","Quarter","State and Territory Quarters","Pennsylvania","Uncirculated","2.5","$0.50 – $1.50","","",""
"1942","P","Nickel","Jefferson Wartime Nickel","Unmapped","Average Circulated","$0.00","$1.50 – $3.00","","",""
"2013","P","$1","Presidential $1 Coin Program","William Howard Taft","Uncirculated","2.95","$2.00 – $4.00","","",""
"1986","","Penny","Lincoln Cent","Abraham Lincoln","Mint State","$2.50","Pending","","",""
"1909","","Penny","Lincoln Cent","Unmapped","Very Fine","\.00","$3 – $5","","",""
"1971","S","Penny","Lincoln Cent","Lincoln Memorial Reverse","Proof 63 Choice","$6.50","$5.00 - $12.00","","",""
"1936","S","Half Dollar","Liberty Walking Half Dollar","Liberty Walking","Very Good","$42.95","Pending","","",""
"1957","D","Half Dollar","USA Invoice Import","Unmapped","Good","$0.00","","","",""
"1972","S","1 Dollar","Eisenhower Dollar","Dwight D. Eisenhower","UNC 63","$31.35","$12 – $18","","",""
"1915","S","Barber Silver Dimes","Barber Dimes","Liberty Head","Very Good","$46.95","Pending","","",""
"2003","S","1 Dollar","Sacagawea Dollar","Sacagawea Dollar","Proof-63","$13.95","Pending","","",""
"1871","","Quarter Dollar","Washington Quarter Club Selection","Liberty Seated","Extremely Fine","$432.00","","","",""
"2006","P","1 Dollar","Sacagawea Dollar","Sacagawea Dollar","Uncirculated","$12.50","Pending","","",""
"1916","","Five Cents","The U.S. Nickel Collection","Unmapped","","$7.95","","","",""
"1932","S","Quarter","Washington Silver Quarter","Unmapped","Fine","300.00","Pending","","",""
"2020S","","Quarter","National Park quarters Silver Proof Year set 5 coins","Unmapped","ch proof 63","$74.95","","","",""
"1941","","Quarter","Washington Silver Quarter","Unmapped","About Uncirculated","24.50","Pending","","",""
"1837","","Half Dime","U.S. Dime Collection Selection","Liberty Seated","Choice About Uncirculated","$1,212.00","","","",""
"2007","P","$1","Presidential $1 Coin Program","John Adams","Uncirculated","4.95","$1.50 – $3.00","","",""
"2017","D","Kennedy Half Dollar","Kennedy Half Dollar","John F. Kennedy","Uncirculated","$1.95","Pending","","",""
"1876","","Quarter","Liberty Seated","Unmapped","Very Fine","$99.00","$45 – $65","","",""
"1997","P","Dime","Roosevelt Dimes","Unmapped","Uncirculated","5.00","$1.00 – $3.00","","",""
"1957","","Quarter","Washington Quarter","Unmapped","Circulated","$21.80","Pending","","",""
"2011","","Dollar","America the Beautiful Quarters","Unmapped","Uncirculated","$53.50","$35 – $45","","",""
"2013S","","","Clad Proof Set 14 coins","Unmapped","ch proof 63","$158.00","Pending","","",""
"2009","D","Penny","Lincoln Head Penny","Birth and Early Childhood Reverse","Uncirculated","","Pending","","",""
"1940","D","Quarter","Washington Silver Quarter","Unmapped","Average Circulated","24.95","$8 – $12","","",""
"1934","","Five Cents","The U.S. Nickel Collection","Unmapped","","$7.95","","","",""
"1927","S","Half Dollar","Walking Liberty Half Dollar","Unmapped","Very Good","$54.00","$15 – $25","","",""
"1919","","Penny","Lincoln Wheat Cent","Abraham Lincoln","Not Graded","$0.00","$0.15 – $15.00","","",""
"2001","P","Kennedy Half Dollar","","Unmapped","Uncirculated","$7.65","$1 – $3","","",""
"1987","D","Dime","Roosevelt Dime","Unmapped","Uncirculated","2.25","Pending","","",""
"1844","","Half Dollar","Liberty Seated","No Motto","Average Circulated","$112.50","$75 – $150","","",""
"1891","CC","Dollar","Morgan Silver Dollar","Liberty Head, Eagle, Spitting Eagle","Select Uncirculated","$1250.00","$1,100 – $1,500","","",""
"1886","O","1 Dollar","Morgan Silver Dollars","Liberty Head","Extremely Fine","$120.00","Pending","","",""
"1941","S","Penny","Lincoln Cent","Unmapped","Average Circulated",".50","$0.15 – $0.50","","",""
"2023","D","Kennedy Half Dollar","","Unmapped","Uncirculated","$0.00","$1.00 – $3.00","","",""
"2022","S","Dime","Roosevelt Dimes","Unmapped","Choice Proof 63","1.95","$5 – $12","","",""
"1931","D","Penny","Lincoln Cent Series","Abraham Lincoln","Very Fine","$24.75","Pending","","",""
"2021","P","Native American Dollar","Native American Dollar Program","Military Service","Uncirculated","$0.00","Pending","","",""
"1873","","Quarter","Liberty Seated","Liberty Seated, With Motto, Open 3","VF/EF","$165.00","$125 – $225","","",""
"1819","","Capped Bust Silver Quarter","","Unmapped","Good","$210.00","$120 – $180","","",""
"1962","","Penny","Lincoln Head Penny","Abraham Lincoln","Choice Proof 63","$1.50","$1 – $3","","",""
"1976","D","Penny","Lincoln Head Penny","Abraham Lincoln","Uncirculated","$0.45","$0.15 – $1.50","","",""
"1910","S","Half Dollar","Barber","Liberty Head","Circulated","$47.75","Pending","","",""
"1953","S","Penny","Lincoln Head Cent","Unmapped","Average Circulated","$0.70","$0.05 – $0.15","","",""
"1968","D","Penny","Lincoln Cent","Abraham Lincoln","Uncirculated","$0.40","$0.15 – $1.50","","",""
"1969","","Quarter","Washington Quarter","Unmapped","Uncirculated","9.25","$1.00 – $3.00","","",""
"1921","P, D, S","$1","Morgan Silver Dollar","Unmapped","MS-65","995","$150 – $1,250","","",""
"1906","","Dime","Barber","Unmapped","Good","$0.00","","","",""
"2023","","Dollar","The Ultimate Modern Morgan and Peace Silver Dollar Collection","Morgan Dollar","Uncirculated","$229.00","","","",""
"2001","S","Quarter","50 State Quarters","Vermont Commemorative","Choice Proof 63","19.5","$4 – $12","","",""
"2024","","Quarter Dollar","The Celebrating America Coin Collection","Rev. Dr. Pauli Murray","","$17.95","","","",""
"1938","","Capped Bust Silver Quarter","","Unmapped","Fine","$270.00","Pending","","",""
"2022","S","Quarter","American Women Quarters","Nina Otero-Warren","Proof-63","$7.75","$3 – $7","","",""
"1861","O","Half Dollar","Seated Liberty","No Motto","VG-2","$135.00","$100 – $150","","",""
"1915","","Penny","Lincoln Cent","Abraham Lincoln","Not Graded","$0.00","$0.50 – $15.00","","",""
"2006S","","","Clad Proof Set 10 Coins","Unmapped","ch proof 63","$32.95","$25 – $35","","",""
"1934","A","$100 Federal Reserve Note","Federal Reserve Note","Unmapped","Fine","$295.00","","","",""
"1934","A","$10 Silver Certificate","American Paper Money Club Selection","Yellow Seal BA Block","Unc-66 Prem","$1,282.00","","","",""
"1880","S","1 Dollar","Morgan Silver Dollars","Liberty Head","Extremely Fine","$96.00","Pending","","",""
"2004","S","Dime","Roosevelt Dimes","Unmapped","Choice Proof 63","22.50","Pending","","",""
"1853","","Large Cent","Braided Hair Large Cents","Liberty Head","About Uncirculated","$239.00","Pending","","",""
"1852","","Dime","Liberty Seated Silver Dime","Unmapped","Very Good","$60.00","Pending","","",""
"2018","S","Quarter","National Park Quarters","Michigan Pictured Rocks National Seashore","Proof-63","$11.75","Pending","","",""
"1944","","","America Revisited Selection","Time Capsule Year Set","Circulated","$184.00","","","",""
"1980","S","Quarter","Washington Silver Quarter","Unmapped","Choice Proof 63","2.50","Pending","","",""
"1890","","","","Unmapped","Average Circulated","$99.00","Pending","","",""
"1923","S","Dollar","Peace Dollar","Unmapped","Very Fine","$0.00","$32 – $38","","",""
"1883","CC","$1","Morgan Silver Dollar","Unmapped","NGC MS61 PL","895.0","$1,100 - $1,600","","",""
"1952","","Half Dollar","Franklin Half Dollar","Benjamin Franklin","Average Circulated","$37.95","$12 – $16","","",""
"1995","S","Quarter Dollar","USA Invoice Import","Unmapped","Ch Proof-63","$0.00","","","",""
"2022","S","Quarter","American Women Quarters","Anna Mae Wong","Proof-63","$25.75","$12 – $20","","",""
"1939","","5-Coin Set","America Revisited Club","Time Capsule Year Set","Circulated","$103.00","","","",""
"1928","","Dollar","Peace Dollar","Unmapped","About Uncirculated","$608.00","$250 – $350","","",""
"1880","","1 Dollar","Morgan Silver Dollar","Liberty Head","Ungraded","$1818.00","Pending","","",""
"2020P","","quarter","National Park Quarters","Unmapped","uncirculated","$1.50","$1.00 – $3.00","","",""
"1828","","Capped Bust Silver Half Dollar","Capped Bust Half Dollar","Capped Bust Liberty","Choice AU58","$2250.00","$850 – $1,200","","",""
"2005","S","Quarter","State and Territory Quarters","Kansas","Choice Proof 63","4.75","$3 – $8","","",""
"1876","","Half Dollar","Liberty Seated","With Motto","Genuine","$108.00","$45 – $125","","",""
"1941","S","Half Dollar","Liberty Walking Half Dollar","Unmapped","Fine","$38.95","Pending","","",""
"1918","S","Quarter","Standing Liberty Silver Quarter","Unmapped","Fine","$79.95","Pending","","",""
"1954","S","Quarter","Washington Silver Quarter","Unmapped","Very Fine","13.95","Pending","","",""
"1941","","Half Dollar","Walking Liberty Half Dollar","Unmapped","Very Good","$0.00","Pending","","",""
"1972","","Kennedy Half Dollar","Kennedy Half Dollar","John F. Kennedy","Uncirculated","$6.50","Pending","","",""
"2007","P","Quarter","State and Territory Quarters","Utah","Uncirculated","2.5","Pending","","",""
"1984","S","Quarter","Washington Silver Quarter","Unmapped","Ch Proof-63","4.25","$4 – $8","","",""
"2005","P","Quarter","State and Territory Quarters","Oregon","Uncirculated","1.95","$0.50 – $1.50","","",""
"2006","D","Quarter","State and Territory Quarters","Nebraska","Uncirculated","2.5","$0.50 – $1.50","","",""
"1936","","","America Revisited Selection","Time Capsule Year Set","Circulated","$101.00","","","",""
"1958","D","Nickel","Jefferson Nickel Series","Thomas Jefferson","Uncirculated","$1.10","$1.00 – $3.00","","",""
"1834","","Capped Bust Silver Half Dollar","Capped Bust Half Dollar","Capped Bust Liberty","Extremely Fine","$346.00","Pending","","",""
"2003","S","Quarter","State and Territory Quarters","Arkansas","Ch Proof-63","7.5","Pending","","",""
"1982","","Penny","Lincoln Cent","Lincoln Cent (Memorial Reverse, Small Date Zinc)","Uncirculated","$6.50","Pending","","",""
"2021","P","1 Dollar","Native American Dollar","Military Service","Uncirculated","Points","Pending","","",""
"2017","S","Quarter","National Park Quarters","Missouri Ozark National Scenic Riverways","Uncirculated","$1.25","Pending","","",""
"1916","S","Nickel","Buffalo Nickel","Native American & Buffalo","About Good","$10.25","Pending","","",""
"2025","P","Quarter Dollar","American Women Quarters","Dr. Vera Rubin","Uncirculated","$1.00","","","",""
"2019P","","quarter","National Park Quarters","Unmapped","uncirculated","$1.00","","","",""
"1938","S","Dime","Mercury Dime","Winged Liberty Head","Extremely Fine","$24.95","Pending","","",""
"1882","CC","Dollar","USA Invoice Import","Unmapped","","$795.00","","","",""
"1982","P","Quarter","Washington Silver Quarter","Unmapped","Uncirculated","30.95","$3 – $15","","",""
"1900","S","25 Cents","Barber Silver Quarters","Liberty Head","Fine","$80.00","$110 – $150","","",""
"2018","S","Quarter","America the Beautiful Quarters","Block Island National Wildlife Refuge","Uncirculated","$1.25","$1.50 – $3.50","","",""
"1880","CC","1 Dollar","Morgan Silver Dollars","Unmapped","Uncirculated","$825.00","Pending","","",""
"1987","P","Dime","Roosevelt Dimes","Unmapped","Uncirculated","2.00","Pending","","",""
"1844","","Seated Liberty Half Dime","","Stars","Good","$65.00","Pending","","",""
"1912","S","Penny","Lincoln Cent Series","Abraham Lincoln","Extremely Fine","$165.00","Pending","","",""
"1950","D","Dime","Roosevelt Dimes","Unmapped","Uncirculated","28.95","Pending","","",""
"1957","D","Dime","Roosevelt Dimes","Unmapped","Average Circulated","points","Pending","","",""
"1858","O","Half Dollar","Liberty Seated","SS Republic Shipwreck","Ungraded","$425.00","Pending","","",""
"1871","","Dollar","Liberty Seated","Unmapped","EF-45","$1095.00","Pending","","",""
"1944","","Penny","Lincoln Wheat Cent Series","Abraham Lincoln","Not Graded","$0.00","$0.15 – $5.00","","",""
"1943","D","","The World War II U.S. Coin Collection","World War II","","$87.00","","","",""
"2019","P","Kennedy Half Dollar","Kennedy Half Dollar Series","John F. Kennedy","Uncirculated","$5.00","$1.50 – $3.50","","",""
"1891","O","$1","Morgan Silver Dollar","Unmapped","Uncirculated","1995","Pending","","",""
"1867","","Nickel","Shield Nickel","No Rays","VF-35","$95.00","$45 – $65","","",""
"1940","S","Quarter","Washington Silver Quarter","Unmapped","Very Fine","29.95","$8 – $15","","",""
"1921","S","Dime","Mercury Dime","Mercury (Roman God)","About Good","$9.00","$35 – $55","","",""
"1961","","Dime","Roosevelt Dime","America Revisited Selection","Circulated","$18.30","Pending","","",""
"1943-46","","Penny","Wartime Lincoln Head Cent Set with folder 12 coins","Unmapped","average circ","$16.95","$10 – $20","","",""
"1944","","Penny","Lincoln Wheat Cent","Abraham Lincoln","Genuine","","$0.15 – $1.50","","",""
"1971S","","","Clad  Proof Set 5 coins","Unmapped","ch proog 63","$18.50","$4 – $8","","",""
"2024","","Kennedy Half Dollar & Native American Dollar","USA Invoice Import","Unmapped","Uncirculated","$0.00","","","",""
"1910","","Penny","Lincoln Cent Series","Abraham Lincoln","Very Good","$350.00","$0.25 – $0.75","","",""
"2024","P","Dollar","Modern Commemorative Club Selection","Greatest Generation Commemorative","Choice Proof-63","$208.00","","","",""
"2023","D","Half Dollar","USA Invoice Import","Unmapped","Uncirculated","$0.00","","","",""
"1885","CC","multiple","1880-1885CC 6 piece carson city Morgan dollar set PCGS MS64","Unmapped","","$3528.00","$12,500 – $14,500","","",""
"1909","","Penny","Lincoln Cent","Unmapped","Extra Fine","","$4 – $8","","",""
"1929","D","Penny","Lincoln Cent","Unmapped","Average Circulated","$3.15","$0.75 – $2.50","","",""
"1971","","Penny","Lincoln Cent","Abraham Lincoln","Mint State","$1.40","$0.15 – $2.00","","",""
"2025","S","Quarter","American Women Quarters","Althea Gibson","Proof-63","$10.95","$3 – $7","","",""
"1950","D","Nickel","Jefferson Nickel","Unmapped","Uncirculated","19.95","$12 – $25","","",""
"1892","S","$1","Morgan Dollar","Unmapped","BU","3995","$150,000 – $350,000","","",""
"1992","S","Quarter","Washington Quarter","Unmapped","Proof-63","29.95","$3 – $10","","",""
"1948","","Dime","Roosevelt Dimes","Unmapped","Uncirculated","27.95","Pending","","",""
"1897","","1 Dollar","Morgan Silver Dollars","Unmapped","About Uncirculated","$90.00","$45 – $60","","",""
"1945","D","Penny","Lincoln Head Penny","Unmapped","Uncirculated","$11.00","$2 – $5","","",""
"2024","","$1","Celebrating America Coin Collection","Celia Cruz","Ungraded","$17.95","$1 – $3","","",""
"1998","P","Dollar","American Eagle","Unmapped","Proof-63","$129.00","Pending","","",""
"2024","P","Dollar","American Innovation Dollars","Missouri / George Washington Carver","Uncirculated","$0.00","","","",""
"1957","","","America Revisited Selection","5-Coin Time Capsule Year Set","Circulated","$109.00","","","",""
"1982","S","Half Dollar","USA Invoice Import","Kennedy","Ch Proof-63","$26.10","","","",""
"1860","S","Half Dollar","Liberty Seated","No Motto","Very Fine","$275.00","$1,100 – $1,600","","",""
"1993","","Jefferson Nickel","The U.S. Nickel Collection","Jefferson Nickel","Ungraded","$7.95","$0.05 – $1.50","","",""
"1958","D","Dime","Roosevelt Dimes","Silver","Average Circulated","Points","Pending","","",""
"1984","S","Dime","Roosevelt Dimes","Unmapped","Proof-63","4.50","$1.50 – $4.00","","",""
"1897","","Half Dollar","Barber","Liberty Head","Ungraded","$60.00","$15 – $450","","",""
"1993","D","Quarter","Washington Silver Quarter","Unmapped","Uncirculated","3.50","$1 – $3","","",""
"1873","","Half Dollar","Liberty Seated","With Arrows","Average Circulated","$108.00","$65 – $125","","",""
"1890","CC","$1","Morgan Silver Dollar","Unmapped","Ungraded","1495.0","$150 – $1,500","","",""
"2012","P","$1","Presidential $1 Coin Program","Grover Cleveland (First Term)","Uncirculated","3.50","$2.00 – $4.00","","",""
"1819","","Half Dollar","Half Dollar Club Selection","Capped Bust","Extremely Fine Details","$495.00","","","",""
"1995","P","Quarter","Washington Silver Quarter","Unmapped","Uncirculated","4.25","$1 – $3","","",""
"2024","P","Dollar","USA Invoice Import","Indian Citizenship Act 1924","Uncirculated","$0.00","","","",""
"2000","S","Quarter","State and Territory Quarters","New Hampshire Commemorative","Proof-63","19.25","$4 – $12","","",""
"1981","S","Kennedy Half Dollar","Kennedy Half Dollar","John F. Kennedy","Proof-63 Cameo","$7.50","$3 – $7","","",""
"1929","","Penny","Lincoln Head Cent","Lincoln Head","Average Circulated","$2.25","Pending","","",""
"2014","S","Quarter","National Park Quarters","Tennessee Great Smoky Mountains National Park","Uncirculated","$2.85","$1.50 – $3.50","","",""
"1908","S","Half Dollar","Barber","Liberty Head","Circulated","$47.75","$120 – $450","","",""
"2013S","","","Clad Proof Set 14 coins","Unmapped","ch proof 63","$90.95","Pending","","",""
"2005","P","Quarter","State and Territory Quarters","California","Uncirculated","2.5","$0.50 – $1.50","","",""
"2022","D","Mint Set","U.S. Uncirculated Coin Mint Sets","Denver Mint Panel","Uncirculated","$39.95","","","",""
"1864","","Seated Liberty Half Dollar","","John F. Kennedy","Proof-63 Cameo","$42.95","Pending","","",""
"1979","D","Susan B. Anthony Dollar","Susan B. Anthony Dollar","Susan B. Anthony","Uncirculated","$7.50","$1.50 – $3.00","","",""
"2009","S","Quarter","State and Territory Quarters","Guam Territory Commemorative","Proof-63","23.5","Pending","","",""
"1910-2005","","Five Cents","The U.S. Nickel Collection","Shipment 10","","$31.80","","","",""
"1873","","Half Dollar","Liberty Seated","With Motto, Closed 3","Very Fine","$300.00","Pending","","",""
"2008","D","$1","Presidential $1 Coin Program","Andrew Jackson","Uncirculated","5.50","Pending","","",""
"1898","","Half Dollar","Barber","Liberty Head","Ungraded","$42.50","Pending","","",""
"2016","P","Quarter","National Park Quarters","Harpers Ferry National Historical Park","Mint State","$2.25","Pending","","",""
"1923","","Dollar","Peace Dollar","Unmapped","Uncirculated","$96.75","Pending","","",""
"1990","P","Quarter","Washington Silver Quarter","Unmapped","Uncirculated","2.25","Pending","","",""
"2015S","","","Clad Proof Set 14 coins","Unmapped","ch proof 63","$92.50","","","",""
"2020","D","Quarter","National Park Quarters","Salt River Bay National Historical Park and Ecological Preserve","Mint State","$1.00","Pending","","",""
"2024","","Dollar","Statehood Innovation Dollar Coin Collection","Texas","","$17.95","","","",""
"2023","D","Mint Set","U.S. Uncirculated Coin Mint Sets","Denver Mint Panel","Uncirculated","$39.95","","","",""
"1943","D","Dime","USA Invoice Import","Unmapped","Average Circulated","$14.60","","","",""
"2018","","Dollar","America the Beautiful Quarters","Unmapped","Uncirculated","$0.00","Pending","","",""
"1975","","Penny","Lincoln Cent","Abraham Lincoln","Mint State","$0.50","$0.15 – $3.00","","",""
"2005","P","Kennedy Half Dollar","Kennedy Half Dollar Series","John F. Kennedy","Uncirculated","$5.25","$1.50 – $3.50","","",""
"1979","D","Penny","Lincoln Cent","Lincoln Memorial Reverse","Uncirculated","$1.00","$0.10 - $0.75","","",""
"2021","P","Quarter","National Park Quarters","Tuskegee Airmen National Historic Site","Uncirculated","$1.00","$0.50 – $1.50","","",""
"1912","","Nickel","Liberty Head Nickel","Liberty Head","Very Good","$10.50","$2.00 – $4.00","","",""
"2022","","Dollar","American Eagle","Unmapped","Uncirculated","$39.95","$35 – $45","","",""
"1907","D","Half Dollar","Barber","Liberty Head","Circulated","$47.75","$20 – $150","","",""
"1955","","Quarter","Washington Silver Quarter","Unmapped","Extremely Fine","21.50","$7 – $10","","",""
"1968","D","Kennedy Half Dollar","Kennedy Half Dollar Series","John F. Kennedy","Uncirculated","$19.75","Pending","","",""
"1898","O","25 Cents","Barber Silver Quarters","Liberty Head","Good","$48.00","Pending","","",""
"2013","D","Dime","America the Beautiful Quarters","Unmapped","Uncirculated","2.00","$0.15 – $1.00","","",""
"1936","S","Nickel","","Buffalo / Native American","Average Circ","$6.25","$1.50 – $3.50","","",""
"1985","S","Dime","Roosevelt Dimes","Unmapped","Proof-63","3.75","$2 – $5","","",""
"1998","","Dollar","American Eagle","Unmapped","Uncirculated","$72.95","$40 – $55","","",""
"1939","","Penny","Lincoln Wheat Cent Series","Abraham Lincoln","Not Graded","$0.00","$0.15 – $15.00","","",""
"1951","","Dime","Roosevelt Dimes","Unmapped","Uncirculated","25.95","$3 – $8","","",""
"1933","","Penny","Lincoln Wheat Cent Series","Abraham Lincoln","Not Graded","$0.00","$0.15 – $15.00","","",""
"1930","S","Penny","Lincoln Head Penny","Unmapped","Average Circulated","","$0.15 – $0.75","","",""
"1922","","Penny","Lincoln Cent Series","Abraham Lincoln","Fine-15","$1350.00","$15 – $25","","",""
"2013","P","Dime","America the Beautiful Quarters","Unmapped","Uncirculated","2.00","$0.15 – $1.00","","",""
"2015","S","Quarter","America the Beautiful Quarters","New York Saratoga Historical Park","Proof-63","$6.95","$2 – $5","","",""
"1999","","Five Cents","The U.S. Nickel Collection","Unmapped","","$7.95","","","",""
"2007","P","Quarter","State and Territory Quarters","Montana","Uncirculated","2.5","$0.50 – $1.50","","",""
"2014","S","$1","Presidential $1 Coin Program","Franklin D. Roosevelt","Proof-63","10.50","$3 – $7","","",""
"1918","","Penny","Lincoln Wheat Cent","Abraham Lincoln","Genuine","","$0.15 – $1.50","","",""
"2013","D","$1","Presidential $1 Coin Program","William Howard Taft","Uncirculated","2.95","$2.00 – $4.00","","",""
"","","","100 coins from ioo countries with treasure chest","Unmapped","uncirculated","$49.95","$5 – $15","","",""
"1912-1992","","Five Cents","The U.S. Nickel Collection","Shipment 12","","$31.80","","","",""
"1952","","Half Dollar","Franklin Half Dollar","Benjamin Franklin","About Uncirculated 50","$45.95","$12 – $16","","",""
"1956","","Penny","Lincoln Wheat Cent Series","Abraham Lincoln","Not Graded","$0.00","$0.05 – $5.00","","",""
"1871","S","Nickel","","Unmapped","Extra Fine","$67.50","$1,100 – $1,500","","",""
"2022","D","Quarter","American Women Quarters","Maya Angelou","Uncirculated","$1.00","$0.50 – $1.50","","",""
"1934","","$1 Silver Certificate","Silver Certificate","Funnyback","Fine","$233.00","","","",""
"1977","S","Penny","Lincoln Cent","Lincoln Head","Proof 63 (PR63)","$3.15","Pending","","",""
"","","Dollar","Statehood Innovation Dollar Coin Collection","Maine","","$17.95","","","",""
"1979","S","Susan B. Anthony Dollar","Susan B. Anthony Dollar","Susan B. Anthony","Proof-63","$125.00","Pending","","",""
"1964","","Dime","Roosevelt Dime Series","Unmapped","Average Circ","$0.00","Pending","","",""
"1924","D","Penny","Lincoln Head Penny","Lincoln Portrait","About Uncirculated","$13.50","Pending","","",""
"1971","","1 Dollar","Eisenhower Dollar","Dwight D. Eisenhower","UNC 63","$31.35","Pending","","",""
"2004","P","Quarter","State and Territory Quarters","Texas","Uncirculated","1.95","Pending","","",""
"1912","","Half Dollar","Barber","Liberty Head","Very Good","$49.50","Pending","","",""
"1964","","Quarter","Washington Silver Quarter","Unmapped","Proof-63","25.95","$8 – $15","","",""
"2017","P","Kennedy Half Dollar","Kennedy Half Dollar","John F. Kennedy","Uncirculated","$1.95","$1.00 – $3.00","","",""
"1998","D","Penny","Lincoln Cent","Lincoln Memorial Reverse","Uncirculated","$3.00","$0.10 - $0.50","","",""
"1927-2004","","Five Cents","The U.S. Nickel Collection","Shipment 4","","$31.80","","","",""
"1870","","","","Unmapped","Fine","$338.00","Pending","","",""
"1874","","Half Dollar","Liberty Seated","With Arrows","Average Circulated","$108.00","$125 – $225","","",""
"1944","","Quarter Dollar","USA Invoice Import","Unmapped","Average Circulated","$0.00","","","",""
"2024","","Cent","USA Invoice Import","Unmapped","Uncirculated","$0.00","","","",""
"1950","","Dime","Roosevelt Dime","America Revisited Selection","Circulated","$33.40","Pending","","",""
"1908","","Half Dollar","Barber","Liberty Head","Circulated","$47.25","$18 – $150","","",""
"2023","S","Quarter","American Women Quarters","Eleanor Roosevelt","Proof-63","$8.95","Pending","","",""
"1904","Pending","Dime","Barber Series","Liberty Head","Average Circulated","$22.50","$4 – $45","","",""
"2020","","Dollar","America the Beautiful Quarters","Unmapped","Uncirculated","$68.00","$35 – $45","","",""
"2007","D","$1","Presidential $1 Coin Program","John Adams","Uncirculated","4.95","$1.50 – $3.00","","",""
"1834","","Penny","Matron Head Large Cent","Liberty Head","VG-08","$85.50","$25 – $45","","",""
"2024","W","Dollar","American Eagle","Walking Liberty","Choice Proof-63","$240.00","","","",""
"1914","S","Penny","Lincoln Cent","Lincoln Cent (Wheat Reverse)","Very Good","$72.50","$18 – $28","","",""
"1942","P","Five Cents","USA Invoice Import","Jefferson","Average Circulated","$0.00","","","",""
"1850","O","Quarter","Liberty Seated","Liberty Seated, No Motto","Very Fine","$425.00","$1,100 – $1,600","","",""
"2011","P","Quarter","National Park Quarters","Olympic National Park","Mint State","$1.50","Pending","","",""
"2008","D","Quarter","State and Territory Quarters","New Mexico","Uncirculated","3.5","$0.25 – $1.00","","",""
"1929","","Dime","Mercury Dime","Winged Liberty Head","Good","Points","$2.50 – $4.00","","",""
"2022","","Dollar","American Eagle","Unmapped","Uncirculated","$39.95","$35 – $45","","",""
"1884","S","1 Dollar","Morgan Dollar","Unmapped","Very Fine","$112.50","$140 – $190","","",""
"1958","P","Nickel","Jefferson Nickel","Thomas Jefferson","Average Circulated","$0.80","$0.10 – $0.25","","",""
"1951","D","Quarter","Washington Silver Quarter","Unmapped","Average Circulated","21.50","$6 – $9","","",""
"1875","","20 Cents","20 Cent Piece","Seated Liberty","Good","$375.00","$110 – $150","","",""
"2008","P","Quarter","State and Territory Quarters","New Mexico","Uncirculated","2.95","Pending","","",""
"1953","","Dime","Roosevelt Dimes","Unmapped","Uncirculated","26.95","Pending","","",""
"1897","S","1 Dollar","Morgan Silver Dollars","Unmapped","About Uncirculated","$112.50","$55 – $75","","",""
"1930","S","Quarter","Standing Liberty Silver Quarter","Unmapped","Very Good","$32.47","Pending","","",""
"","","Dime","Roosevelt Dimes","Unmapped","Average Circulated","","$0.10 – $2.50","","",""
"1947","","Penny","Lincoln Cent Series","Abraham Lincoln","Uncirculated","$21.50","$1 – $5","","",""
"1980","D","Susan B. Anthony Dollar","Susan B. Anthony Dollar","Susan B. Anthony","Uncirculated","$7.50","$1.50 – $3.00","","",""
"2012","S","Dime","America the Beautiful Quarters","Unmapped","Proof-63","85.50","$3 – $8","","",""
"1931","","Penny","Lincoln Wheat Cent Series","Abraham Lincoln","Not Graded","$0.00","$0.15 – $15.00","","",""
"2017","D","Quarter","America the Beautiful Quarters","Indiana George Rogers Clark National Historical Park","Uncirculated","$1.00","$0.50 – $1.50","","",""
"1961","D","Penny","Lincoln Cent","Lincoln Head","Uncirculated","$0.40","$0.15 – $3.00","","",""
"1869","Motto","Liberty Seated Silver Half Dollar","Liberty Seated Half Dollar","Liberty Seated","Good","177.00","$60 - $90","","",""
"2005","W","Dollar","American Eagle","Unmapped","Proof-63","$125.00","Pending","","",""
"1963","D","Dime","Roosevelt Dimes","Unmapped","Average Circulated","points","$2.00 – $3.00","","",""
"1882","","$5 National Bank Note","USA Invoice Import","Large Size Portland Maine Brown Back","Fine/Very Fine","$876.00","","1060","",""
"1918","S","Dime","Mercury Dime","Unmapped","Average Circulated","$29.25","Pending","","",""
"2013","S","$1","Presidential $1 Coin Program","William McKinley","Uncirculated","6.74","Pending","","",""
"2018","S","Roosevelt Dime","America the Beautiful Quarters","Unmapped","Uncirculated","$24.00","Pending","","",""
"1901","","Five Cents","The U.S. Nickel Collection","Unmapped","","$7.95","","","",""
"1945","S","Dime","Mercury Dime","Winged Liberty Head","Average Circulated","$11.25","Pending","","",""
"1878","S","1 Dollar","Trade Dollar","Unmapped","Extremely Fine","$550.00","Pending","","",""
"2020","S","Dollar","American Eagle","San Francisco Emergency Issue","Uncirculated","$298.00","","","",""
"1981","D","Penny","Lincoln Cent","Lincoln Head","Uncirculated","$0.30","Pending","","",""
"2019","P","Quarter","National Park Quarters","Michigan Pictured Rocks National Lakeshore","Uncirculated","$1.00","Pending","","",""
"1917","S","Half Dollar","Liberty Walking Half Dollar","Liberty Walking","Very Good","$49.50","Pending","","",""
"2008","D","Quarter","State and Territory Quarters","Hawaii","Uncirculated","3.0","$0.25 – $1.00","","",""
"2008","S","1 Dollar","Sacagawea Dollar","Unmapped","Proof-63","$31.95","$5 – $10","","",""
"1983","S","Dollar","Modern Commemorative Dollars","1983 Olympic Discus Thrower","Choice Proof 63","$135.00","$65.00","","Cardboard Holder / Binder",""
"1942","","Dime","Mercury Dime","Winged Liberty Head","Very Fine 35","$1009.00","$3.00 – $5.00","","",""
"2001","P","Quarter","State and Territory Quarters","Rhode Island","Uncirculated","2.25","$1.00 – $3.00","","",""
"1931","","Penny","Lincoln Head Penny","Lincoln Portrait","Average Circulated","$4.20","$0.15 – $0.75","","",""
"1979","S","Kennedy Half Dollar","Kennedy Half Dollar","John F. Kennedy","Proof-63 Cameo","$6.50","$3 – $6","","",""
"2017","D","1 Dollar","Native American Dollar","Cherokee Syllabary Sequoyah","Uncirculated","$8.75","$2.00 – $4.00","","",""
"1886","P","1 Dollar","Morgan Silver Dollars","Liberty Head","Extremely Fine","$90.00","$40 – $50","","",""
"1976","S","1 Dollar","U.S. Bicentennial","Dwight D. Eisenhower","Proof-63","$31.35","Pending","","",""
"1911","D","Dime","Barber Dimes","Liberty Head","","$0.00","Pending","","",""
"","","Half Dime","The U.S. Coin Complete Denomination Set","Seated Liberty","","$75.00","","","",""
"1961","","Quarter","Washington Silver Quarter","Unmapped","Proof-63","29.50","$7 – $12","","",""
"1935","D","Dime","Mercury Dime","Winged Liberty Head","Good","$19.00","Pending","","",""
"1923","S","Quarter","Standing Liberty Silver Quarter","Unmapped","Very Fine","$1175.00","Pending","","",""
"1892","S","$1","Morgan Silver Dollar","Unmapped","Choice Uncirculated","3995.0","Pending","","",""
"2010","D","Quarter","America the Beautiful Quarters","Yellowstone National Park","Uncirculated","$1.50","Pending","","",""
"1942","","Cent","Lincoln Wheat Cent","America Revisited Selection","Circulated","$19.80","Pending","","",""
"2002","S","Quarter","State and Territory Quarters","Indiana silver","Proof-63","22.5","Pending","","",""
"2011","S","Quarter","National Park Quarters","Mississippi Vicksburg National Military Park","Proof-63","$21.75","Pending","","",""
"2018","","$1 Silver Eagle","American Silver Eagle","Walking Liberty","Uncirculated","$0.00","","","",""
"2024","P","Washington Quarter","American Women Quarters Program","Dr. Mary Edwards Walker","Uncirculated","$0.00","Pending","","",""
"2007","S","$1","Presidential $1 Coin Program","George Washington","Proof-63","17.95","Pending","","",""
"1980","S","Dime","Roosevelt Dimes","Unmapped","Proof-63","2.75","Pending","","",""
"1945","S","Nickel","Jefferson Nickel Series","Thomas Jefferson, Wartime Nickel","Uncirculated","$22.50","Pending","","",""
"1950","D","Half Dollar","Franklin Half Dollar","Benjamin Franklin","Extremely Fine","$55.50","Pending","","",""
"1958","D","Half Dollar","Franklin Half Dollar","Benjamin Franklin","Average Circulated","$39.50","Pending","","",""
"1889","","Quarter","Liberty Seated","Unmapped","Very Fine","$58.50","Pending","","",""
"1957","","Quarter Dollar","USA Invoice Import","Unmapped","Average Circulated","$0.00","","","",""
"2022","S","Kennedy Half Dollar","Kennedy Half Dollar Series","John F. Kennedy","Choice Proof 63","$14.95","Pending","","",""
"2025","","Quarter","American Women Quarters Program","Ida B. Wells","Uncirculated","1","Pending","","",""
"2006","D","Quarter","State and Territory Quarters","Nevada","Uncirculated","2.5","Pending","","",""
"1912","Pending","Dime","Barber Series","Liberty Head","Average Circulated","$19.00","Pending","","",""
"1955","D","Dime","Roosevelt Dimes","Unmapped","Uncirculated","17.75","Pending","","",""
"1942","S","Washington Quarter","The World War II U.S. Coin Collection","WWII","Ungraded","$0.00","Pending","","",""
"2004","P","Dime","Roosevelt Dimes","Unmapped","Uncirculated","2.00","$0.15 – $1.50","","",""
"1925","","Dime","Mercury Dime","Winged Liberty Head","Good","Points","Pending","","",""
"1959","D","Nickel","Jefferson Nickel Series","Thomas Jefferson","Average Circulated","$0.80","Pending","","",""
"1982","S","Penny","Lincoln Cent","Lincoln Head","Proof 63 (PR63)","$4.95","Pending","","",""
"2003","S","Quarter","State and Territory Quarters","Illinois silver","Proof-63","22.5","Pending","","",""
"1912","","Penny","Lincoln Cent","Abraham Lincoln","Genuine","","Pending","","",""
"2011","S","Quarter","National Park Quarters","Gettysburg National Military Park","Proof-63","$13.25","Pending","","",""
"1952","D","Penny","Lincoln Cent","Unmapped","Average Circulated","$0.70","Pending","","",""
"2007","P","$1","Presidential $1 Coin Program","Thomas Jefferson","Uncirculated","4.25","$1.50 – $3.00","","",""
"1928","S","Dollar","Peace Dollar","Unmapped","About Uncirculated","$150.00","$110 – $165","","",""
"2011","D","Quarter","National Park Quarters","Glacier National Park","Mint State","$1.50","Pending","","",""
"1991","D","Dime","Roosevelt Dimes","Unmapped","Uncirculated","2.00","Pending","","",""
"2001","S","Quarter","State and Territory Quarters","New York","Proof-63","5.75","Pending","","",""
"1891","O","$1","Morgan Silver Dollar","Unmapped","Gem BU","2995","Pending","","",""
"1918","D","Quarter","Standing Liberty Silver Quarter","Unmapped","About Uncirculated","$275.00","Pending","","",""
"2006","P","Quarter","State and Territory Quarters","North Dakota","Uncirculated","2.5","Pending","","",""
"1926","","Five Cents","USA Invoice Import","Unmapped","Very Good","$0.00","","","",""
"2011","S","Dime","Roosevelt Dimes","90% silver","Proof-63","31.50","Pending","","",""
"1976","","Dollar","The Complete Collection of Eisenhower Dollar Coins","Eisenhower Dollar and Stamp","","$49.95","","","",""
"2017","P","Quarter","National Park Quarters","Effigy Mounds National Monument","Mint State","$2.25","$0.25 – $1.00","","",""
"2018","P","Quarter","America the Beautiful Quarters","Rhode Island Block Island National Wildlife Refuge","Uncirculated","$1.00","$0.50 – $2.00","","",""
"1964","","Dime","Roosevelt Silver Dime","Unmapped","Ch Proof-63","$26.95","$3 – $6","","",""
"1909","Pending","Dime","Barber Series","Liberty Head","Very Good","$26.95","$4 – $125","","",""
"1952","","Cent","Lincoln Wheat Cent","Unmapped","Circulated","$21.80","Pending","","",""
"2000","P","Kennedy Half Dollar","Kennedy Half Dollar Series","John F. Kennedy","Uncirculated","$6.95","$1.00 – $3.00","","",""
"2024","D","Cent","USA Invoice Import","Unmapped","Uncirculated","$0.00","","","",""
"1899","","Penny","Indian Head Cent","Unmapped","Good","$0.00","$1.50 – $3.00","","",""
"1913","S","Penny","Lincoln Cent Series","Abraham Lincoln","Very Good","$55.00","$12 – $18","","",""
"1917","","Dime","Mercury Dime","Winged Liberty Head","Genuine","Points","$3 – $6","","",""
"1884","CC","Morgan Silver Dollar","Morgan Silver Dollar","Unmapped","Ungraded","$795.00","$250 – $450","","",""
"2021","D","Quarter","National Park Quarters","Tuskegee Airman National Historic Site","Mint State","$1.00","Pending","","",""
"1902-2009","","Five Cents","The U.S. Nickel Collection","Shipment 18","","$31.80","","","",""
"1934","","Quarter","Washington Silver Quarter","Unmapped","BL unc58","695.00","$35 – $55","","",""
"1919","","Dime","Mercury Dime","Unmapped","Very Good","$23.50","Pending","","",""
"1882","","Dime","Liberty Seated Silver Dime","Unmapped","Proof-63","$1295.00","Pending","","",""
"1935","","Cent","Lincoln Wheat Cent","America Revisited Selection","Circulated","$20.40","Pending","","",""
"2020","S","Quarter","National Park Quarters","Salt River Bay National Historical Park","Mint State","$1.25","Pending","","",""
"1877","","","","Unmapped","Good","$948.00","Pending","","",""
"1927","","Penny","Lincoln Wheat Cent Series","Abraham Lincoln","Not Graded","$0.00","Pending","","",""
"1919","","Quarter","Standing Liberty Silver Quarter","Unmapped","Very Fine/Extra Fine","$145.00","Pending","","",""
"1872","","Dime","Liberty Seated Silver Dime","Unmapped","Very Fine","$86.95","Pending","","",""
"1970","","Quarter","Washington Silver Quarter","Unmapped","Uncirculated","3.95","Pending","","",""
"1891","","$1 Treasury Note","USA Invoice Import","Large Size","Fine 15","$539.00","","","",""
"1886","","","","Unmapped","Fine","$76.50","Pending","","",""
"2016","S","Quarter","National Park Quarters","Illinois Shawnee National Forest","Uncirculated","$1.50","Pending","","",""
"1929","D","1 Dime","Mercury Silver Dime","Unmapped","Average Circulated","$27.00","Pending","","",""
"1857","","Seated Liberty Half Dime","","Stars","Choice AU58","$225.00","Pending","","",""
"1947","","Nickel","","Unmapped","Average Circulated","$2.25","$0.10 – $0.25","","",""
"2021","D","Dime","America the Beautiful Quarters","Unmapped","Uncirculated","1.25","$0.15 – $1.00","","",""
"1841","O","Half Dollar","Liberty Seated","No Motto","About Fine","$130.50","$125 – $225","","",""
"1929","S","Penny","Lincoln Head Penny","Unmapped","Average Circulated","","Pending","","",""
"1819","","Capped Bust Silver Half Dollar","Capped Bust Half Dollar","Capped Bust Liberty","Very Fine","$212.00","Pending","","",""
"1910","S","Penny","Lincoln Wheat Cent","Abraham Lincoln","Very Good","$429.00","Pending","","",""
"1900","Pending","Dime","Barber Series","Liberty Head","Good","$23.95","Pending","","",""
"1910","S","Nickel","Liberty Head Nickel","Liberty Head","Fine","$65.00","Pending","","",""
"2023","","Quarter Dollar","The Celebrating America Coin Collection","Maria Tallchief","","$17.95","","","",""
"1928","","Penny","Lincoln Wheat Cent","Abraham Lincoln","Genuine","","Pending","","",""
"1899","S","25 Cents","Barber Silver Quarters","Liberty Head","AC","$52.50","$120 – $180","","",""
"2012","P","Quarter","National Park Quarters","El Yunque National Forest","Mint State","$1.00","Pending","","",""
"1854","","Quarter","Liberty Seated","Liberty Seated, Arrows at Date","Fine","$85.50","Pending","","",""
"2014","P","$1","Presidential $1 Coin Program","Franklin D. Roosevelt","Uncirculated","3.50","$2.00 – $4.00","","",""
"2000","","Dollar","American Eagle","Unmapped","Uncirculated","$69.95","$38 – $48","","",""
"1879","","Quarter","Liberty Seated","Liberty Seated, With Motto","AU53","$1150.00","Pending","","",""
"1999","S","Quarter","State and Territory Quarters","Delaware","Proof-63","12.5","$3 – $8","","",""
"2017","S","Quarter","America the Beautiful Quarters","Indiana George Rogers Clark National Historical Park","Uncirculated","$1.25","$1.50 – $3.50","","",""
"1989","D","Quarter","Washington Silver Quarter","Unmapped","Uncirculated","2.25","$1 – $3","","",""
"1987S","","Dollar","Consitution silver dollar commemorative in case79.95","Unmapped","","","$25 – $40","","",""
"2025","S","Quarter Dollar","American Women Quarters","Juliette Gordon Low","Choice Proof-63","$10.95","","","",""
"1946","","Penny","Lincoln Head Penny","Lincoln Portrait","Average Circulated","$0.90","$0.15 – $0.50","","",""
"1999","D","Dime","Roosevelt Dimes","Unmapped","Uncirculated","2.00","Pending","","",""
"1995","S","Quarter","Washington Silver Quarter","Unmapped","Proof-63","18.5","$5 – $10","","",""
"1959","D","Quarter Dollar","USA Invoice Import","Unmapped","Average Circulated","$0.00","","","",""
"1900","O","1 Dollar","Morgan Silver Dollars","Liberty Head","Extremely Fine","$90.00","$45 – $55","","",""
"1980","S","Penny","Lincoln Cent","Lincoln Head","Proof 63 (PR63)","$2.50","$1.00 – $3.00","","",""
"1950","","Quarter","Washington Silver Quarter","Unmapped","Fine","22.75","$6 – $9","","",""
"2018","P","Quarter","National Park Quarters","Rhode Island Block Island National Wildlife Refuge","Uncirculated","$1.00","$0.50 – $2.00","","",""
"1891","CC","$1","Morgan Silver Dollar","Unmapped","in display","1495","$350 – $1,200","","",""
"1893","","Nickel","Liberty Head Nickel","Liberty Head","EF-40","$121.50","Pending","","",""
"1923","","Quarter","Standing Liberty Silver Quarter","Unmapped","Very Fine","$85.50","$18 – $28","","",""
"2022","D","Quarter","American Women Quarters","Wilma Mankiller","Uncirculated","$1.00","$0.50 – $1.50","","",""
"1998","P","Quarter","Washington Silver Quarter","Unmapped","Uncirculated","2.25","$5 – $10","","",""
"1932","","Quarter","Washington Silver Quarter","Unmapped","Very Fine","28.50","$10 – $15","","",""
"2024","P","Dollar","American Innovation Dollars","Alabama - Saturn V Rocket","Uncirculated","$0.00","","","",""
"1945","S","Half Dollar","Liberty Walking Half Dollar","Liberty Walking","Very Good","$37.95","$12 – $16","","",""
"1940","","Penny","Lincoln Wheat Cent Series","Abraham Lincoln","Not Graded","$0.00","$0.15 – $5.00","","",""
"2010","S","Dime","America the Beautiful Quarters","Unmapped","Proof-63","14.00","Pending","","",""
"2002","P","Quarter","State and Territory Quarters","Ohio","Uncirculated","2.25","$0.50 – $1.50","","",""
"2002","","Five Cents","The U.S. Nickel Collection","Unmapped","","$7.95","","","",""
"2002","","Penny","Lincoln Head Penny","Abraham Lincoln","Uncirculated","$0.45","$0.15 – $1.00","","",""
"1919","S","Penny","Lincoln Head Penny","Unmapped","Average Circulated","","$0.75 – $2.50","","",""
"2006","S","Nickel","Return to Monticello","Unmapped","Ch Proof-63","$8.75","$2 – $5","","",""
"1956","","","America Revisited Selection","5-Coin Time Capsule Year Set","Circulated","$132.00","","","",""
"1974","S","Dime","Roosevelt Dimes","Unmapped","Proof-63","4.50","Pending","","",""
"2024","P","Dollar","American Innovation Dollars","Illinois - Steel Plow","Uncirculated","$0.00","","","",""
"1948","","Penny","Lincoln Head Cent","Unmapped","Uncirculated","$8.25","Pending","","",""
"2002","P","Kennedy Half Dollar","Kennedy Half Dollar","John F. Kennedy","Uncirculated","$0.00","Pending","","",""
"1976","S","Dollar","Eisenhower Dollar","Dwight D. Eisenhower / Bicentennial","Uncirculated","$0.00","Pending","","",""
"1893","","1 Dollar","Morgan Silver Dollars","Unmapped","Very Fine","$450.00","$45 – $55","","",""
"1925","","Nickel","The U.S. Nickel Collection","Buffalo (Indian Head)","Ungraded","$7.95","$1.50 – $25.00","","",""
"1941","S","Nickel","Jefferson Nickel Series","Thomas Jefferson","Average Circulated","$0.00","$0.25 – $0.75","","",""
"1868","","Nickel","Shield Nickel","Unmapped","Extremely Fine","$124.00","$45 – $75","","",""
"1909","","Cent","","Unmapped","Average Circulated","$40.50","$1 – $5","","",""
"1999","D","Susan B. Anthony Dollar","Susan B. Anthony Dollar","Susan B. Anthony","Uncirculated","$0.00","$3 – $6","","",""
"1884","O","1 Dollar","Morgan Silver Dollars","Liberty Head","Fine","$76.50","$35 – $45","","",""
"1866","P","Nickel","Three-Cent Nickel","Unmapped","Fine","29.95","$15 – $25","","",""
"1904","","Penny","Indian Head Cent","Indian Head","Good","$8.25","$1.50 – $3.00","","",""
"1940","","Half Dollar","Walking Liberty Half Dollar","Unmapped","Circulated","$22.00","Pending","","",""
"1990","","Dollar","American Eagle","Unmapped","Uncirculated","$75.00","$40 – $50","","",""
"1849","","Quarter Dollar","Liberty Seated","No Motto","Choice About Uncirculated","$650.00","","","",""
"2023","","Morgan Silver Dollar","Proof","Morgan Silver Dollar","Proof","$229.00","$85 – $115","","",""
"1991","","Dollar","American Eagle","Unmapped","Uncirculated","$69.95","$40 – $55","","",""
"1970","S","Penny","Lincoln Cent Series","Abraham Lincoln","Uncirculated","$117.50","$0.25 – $3.00","","",""
"1974","","Quarter","Washington Silver Quarter","Unmapped","Uncirculated","2.10","$1 – $3","","",""
"2006","D","Quarter","State and Territory Quarters","North Dakota","Uncirculated","2.5","$0.50 – $1.50","","",""
"1954","S","Half Dollar","Franklin Half Dollar","Benjamin Franklin","Fine","$40.75","$11 – $14","","",""
"","","","","Unmapped","63","$0.00","Pending","","",""
"2005","S","Quarter","State and Territory Quarters","Oregon Commemorative","Proof-63","18.5","$3 – $8","","",""
"1921","P","Half Dollar","Liberty Walking Half Dollar","Unmapped","Very Good","$356.00","Pending","","",""
"1969","D","Kennedy Half Dollar","Kennedy Half Dollar Series","John F. Kennedy","Circulated","$14.95","Pending","","",""
"2019","S","Quarter","America the Beautiful Quarters","Frank Church River of No Return Wilderness","Proof-63 Cameo","$5.50","$3 – $7","","",""
"1913","S","Penny","Lincoln Wheat Cent Series","Abraham Lincoln","Very Good","$0.00","$12 – $18","","",""
"1872","","","","Unmapped","Very Good","$350.00","Pending","","",""
"1940","","Nickel","Jefferson Nickel","Unmapped","Circulated","$22.00","Pending","","",""
"1895","S","Dime","Barber Series","Liberty Head","About Fine","$230.00","$1,200 – $1,600","","",""
"2011","P","Quarter","National Park Quarters","Gettysburg National Military Park","Mint State","$1.50","$0.25 – $1.00","","",""
"2023","P","Quarter","US Women's Quarters","Bessie Coleman","Uncirculated","$1.00","$0.25 – $1.50","","",""
"2025","P","Quarter","American Women Quarters","Ida B. Wells","Uncirculated","$1.00","$0.50 – $2.00","","",""
"1964","","Kennedy Half Dollar","Historic U.S. Silver Half-Dollars","John F. Kennedy","Ungraded","$168.00","$11 – $16","","",""
"2014","S","Kennedy Half Dollar","Kennedy Half Dollar Series","John F. Kennedy","Choice Proof 63","$5.75","$4 – $8","","",""
"1928","","Penny","Lincoln Wheat Cent Series","Abraham Lincoln","Not Graded","$0.00","$0.15 – $15.00","","",""
"1948","","Penny","Lincoln Wheat Cent Series","Abraham Lincoln","Not Graded","$0.00","$0.15 – $5.00","","",""
"1934","P","Half Dollar","Liberty Walking Half Dollar","Liberty Walking","Very Fine","$39.50","Pending","","",""
"1949","","Half Dollar","Franklin Half Dollar","Benjamin Franklin","Extremely Fine","$37.95","Pending","","",""
"2020","","Dollar","America the Beautiful Quarters","Unmapped","Uncirculated","$47.95","Pending","","",""
"1978","","Kennedy Half Dollar","Kennedy Half Dollar","John F. Kennedy","Uncirculated","$7.75","Pending","","",""
"1991","S","Dollar","American Eagle","Unmapped","Proof-63","$125.00","Pending","","",""
"1951","D","Penny","Lincoln Cent","Unmapped","Average Circulated","$0.70","Pending","","",""
"1929","","Penny","Lincoln Wheat Cent","Abraham Lincoln","Genuine","","Pending","","",""
"1943","S","Cent","Lincoln Steel Cent","Lincoln Head","Ungraded","$1.98","Pending","","",""
"1927","D","Penny","Lincoln Head Penny","Lincoln Portrait","Average Circulated","$7.75","Pending","","",""
"1978","P","Dollar","The Complete Collection of Eisenhower Dollar Coins","Eisenhower","Uncirculated","$99.90","","","",""
"1870","","Half Dollar","Liberty Seated","With Motto","Very Good","$140.00","Pending","","",""
"1882","CC","Dollar","Officially Sealed Carson City Mint Morgan Silver Dollars","Unmapped","","$795.00","","","",""
"1961","","Quarter","Washington Quarter","America Revisited Selection","Circulated","$18.30","Pending","","",""
"1927","S","Dime","Mercury Dime","Unmapped","Average Circulated","$29.25","$15 – $45","","",""
"1977","S","Dollar","Eisenhower Dollar","Dwight D. Eisenhower","Proof-63","$31.35","$4 – $8","","",""
"1985","S","Kennedy Half Dollar","Kennedy Half Dollar Series","John F. Kennedy","Choice Proof 63","$7.50","$3 – $7","","",""
"1938","","Dime","Mercury Dime","America Revisited Selection","Circulated","$35.80","Pending","","",""
"2006","D","Quarter","State and Territory Quarters","North Dakota","Uncirculated","2.5","$0.50 – $1.50","","",""
"1940","","Five Cents","The U.S. Nickel Collection","Unmapped","","$7.95","","","",""
"1824","","Half Dollar","Half Dollar Club Selection","Over Various Dates","About Uncirculated","$1,395.00","","","",""
"2010","W","Dollar","America the Beautiful Quarters","Unmapped","Proof-63","$125.00","Pending","","",""
"1958","D","Nickel","Jefferson Nickel Series","Thomas Jefferson","Average Circulated","$0.00","$0.10 – $0.25","","",""
"1915","","$10","Indian Head Gold Eagle","Indian Head","AU-50","$1095.00","$1,350 – $1,550","","",""
"1923","","Dime","Mercury Dime","Winged Liberty Head","Good","Points","$2.50 – $4.00","","",""
"2013","P","$1","Presidential $1 Coin Program","William McKinley","Uncirculated","2.95","$2.00 – $4.00","","",""
"1886","","Dime","Liberty Seated Silver Dime","Unmapped","Very Fine","$58.50","$18 – $28","","",""
"1917","P","Half Dollar","Liberty Walking Half Dollar","Liberty Walking","Very Good","$47.25","$15 – $25","","",""
"2013","S","Quarter","America the Beautiful Quarters","Mount Rushmore National Memorial","Proof-63 Cameo","$8.95","$3 – $7","","",""
"1879","S","Dollar","Morgan Silver Dollar","Liberty Head, Eagle","Extremely Fine","$112.50","$45 – $55","","",""
"2009","D","Quarter","State and Territory Quarters","Northern Mariana Islands Territory","Uncirculated","2.5","$0.50 – $1.50","","",""
"1929","S","Five Cents","USA Invoice Import","Buffalo / Indian Head","Average Circulated","$0.00","","","",""
"2024","D","Dollar","American Innovation Dollars","Maine / Direct Current Defibrillator","Uncirculated","$0.00","","","",""
"1900","O & CC","$1","Morgan Silver Dollar","Unmapped","in display","1495","Pending","","",""
"1909","","Cent","USA Invoice Import","Lincoln Head","Average Circulated","$0.00","","","",""
"1873","","","","Unmapped","Extremely Fine","$325.00","Pending","","",""
"1829","","Capped Bust Half Dollar","Capped Bust Half Dollar","Unmapped","Select Unc-6","$2950.00","$1,800 – $2,500","","",""
"2011","D","Penny","Lincoln Cent","Union Shield Reverse","Uncirculated","$4.00","$0.10 - $0.50","","",""
"1942","S","Mercury Dime","","WWII","Ungraded","$0.00","$3 – $15","","",""
"1991","P","Dime","Roosevelt Dimes","Unmapped","Uncirculated","2.50","$1.00 – $3.00","","",""
"","","$5 West River Bank Note","USA Invoice Import","VT Jamaica","Crisp Unused","$349.00","","","",""
"1877","S","Quarter","Liberty Seated","Unmapped","Fine","$85.50","$35 – $55","","",""
"2006","D","Kennedy Half Dollar","Kennedy Half Dollar Series","John F. Kennedy","Uncirculated","$6.50","$1.50 – $3.50","","",""
"1863","S","Half Dollar","Liberty Seated","No Motto","Very Good","$150.00","$250 – $375","","",""
"1910","","Half Dollar","Barber","Liberty Head","Ungraded","$44.00","$15 – $150","","",""
"1962","","Five Cents","The U.S. Nickel Collection","Unmapped","","$7.95","","","",""
"1919","D","Half Dollar","Liberty Walking Half Dollar","Unmapped","Average Circulated","$63.00","$115 – $225","","",""
"2024","","Quarter Dollar","American Women Quarters / The Celebrating America Coin Collection","Celia Cruz","","$17.95","","","",""
"2006","S","Quarter","State and Territory Quarters","South Dakota silver","Proof-63","22.5","$3 – $8","","",""
"2020","S","Quarter","National Park Quarters","American Samoa National Park","Proof-63","$5.65","$3 – $7","","",""
"2025","D","Quarter Dollar","American Women Quarters","Juliette Gordon Low","Uncirculated","$1.00","","","",""
"2003","S","Quarter","State and Territory Quarters","Maine silver","Proof-63","22.5","Pending","","",""
"1935","","Dime","Mercury Dime","Time Capsule","Circulated","$20.40","Pending","","",""
"1920","","Penny","Lincoln Head Penny","Abraham Lincoln","Extremely Fine","$13.50","Pending","","",""
"1899","","Penny","Indian Head Cent","Indian Head","Good","$8.25","Pending","","",""
"1983","S","","Proof Set","Unmapped","Ch Proof-63","$0.00","","","",""
"1950","","Quarter","Washington Silver Quarter","Unmapped","Proof-63","110.00","$45 – $65","","",""
"2025","S","Quarter Dollar","American Women Quarters","Dr. Vera Rubin","Choice Proof-63","$10.95","","","",""
"1955","","Half Dollar","Franklin Half Dollar","America Revisited Selection","Circulated","$37.00","Pending","","",""
"1993","D","Kennedy Half Dollar","Kennedy Half Dollar","John F. Kennedy","Uncirculated","$4.95","$1.00 – $3.00","","",""
"1977","S","Quarter","Washington Silver Quarter","Unmapped","Proof-63","3.750","$5 – $10","","",""
"1948","","Quarter","","Unmapped","Average Circ","$0.00","$6 – $9","","",""
"1927","","Penny","Lincoln Wheat Cent","Abraham Lincoln","Genuine","","$0.15 – $1.50","","",""
"1999","S","Penny","Lincoln Memorial Cent","Lincoln Head","Proof-63","$7.95","$3 – $7","","",""
"1938","","Penny","Lincoln Cent Series","Abraham Lincoln","Uncirculated","$43.75","$3 – $10","","",""
"1926","","Penny","Lincoln Wheat Cent Series","Abraham Lincoln","Not Graded","$0.00","Pending","","",""
"2014","S","Dime","America the Beautiful Quarters","Unmapped","Proof-63","26.95","$3 – $7","","",""
"1916","D","Penny","Lincoln Cent","Unmapped","Average Circulated","$8.00","$1.50 – $4.00","","",""
"1820","","Capped Bust Silver Half Dollar","Capped Bust Half Dollar","Capped Bust Liberty","Genuine","$116.00","$60 – $150","","",""
"1952","D","Half Dollar","Franklin Half Dollar","Benjamin Franklin","Average Circulated","$39.50","$12 – $16","","",""
"1948","D","Dime","Roosevelt Dimes","Unmapped","Uncirculated","33.50","$8 – $15","","",""
"1894","","","","Unmapped","Very Fine","$55.00","Pending","","",""
"1887","P","Half Dollar","Liberty Walking Half Dollar","Liberty Walking","Extremely Fine","$49.50","$150 – $250","","",""
"2009","D","$1","Presidential $1 Coin Program","Zachary Taylor","Uncirculated","4.25","$1.50 – $3.00","","",""
"2004","","Five Cents","The U.S. Nickel Collection","Peace Medal","","$7.95","","","",""
"2007","D","$1","Presidential $1 Coin Program","James Madison","Uncirculated","4.25","$1.50 – $3.00","","",""
"2017","S","Quarter","National Park Quarters","District of Columbia Frederick Douglass National Historic Site","Uncirculated","$1.25","$1.50 – $3.50","","",""
"2013","S","$1","Presidential $1 Coin Program","Theodore Roosevelt","Uncirculated","6.74","$3.00 – $6.00","","",""
"1954","D","Dime","Roosevelt Dimes","Unmapped","average circ","points","$2.25 – $3.50","","",""
"1940","","Dime","Mercury Dime","Winged Liberty Head","Extremely Fine","$13.50","Pending","","",""
"1926","","Five Cents","The U.S. Nickel Collection","Unmapped","","$7.95","","","",""
"1934","A","$500 Federal Reserve Note","American Paper Money Club Selection","Federal Reserve Note","Fine","$2,320.00","","","",""
"","","Five Cents","The U.S. Nickel Collection","SHIPMENT 8","","$31.80","","","",""
"2021","P","1 Dollar","Native American Dollar","Military Service","Uncirculated","$8.10","$2.00 – $4.00","","",""
"2021","D","1 Dollar","American Innovation Dollars","Virginia - Chesapeake Bay Bridge Tunnel","Uncirculated","Points","Pending","","",""
"2015","W","Dollar","America the Beautiful Quarters","Unmapped","Uncirculated","$57.50","Pending","","",""
"2014","","Penny","Lincoln Head Penny","Abraham Lincoln","Uncirculated","$0.25","Pending","","",""
"1973","","Kennedy Half Dollar","Kennedy Half Dollar","John F. Kennedy","Uncirculated","$6.50","Pending","","",""
"1951","","Half Dollar","Franklin Half Dollar","Unmapped","Circulated","$27.00","Pending","","",""
"1945","S","Quarter Dollar","USA Invoice Import","Unmapped","Average Circulated","$0.00","","","",""
"2001","S","Quarter","State and Territory Quarters","New York silver","Proof-63","47.0","Pending","","",""
"1993","","Penny","Lincoln Head Penny","Abraham Lincoln","Uncirculated","$0.80","Pending","","",""
"2019","S","Dime","America the Beautiful Quarters","Unmapped","Proof-63","9.50","$3 – $7","","",""
"1860","","Quarter","Liberty Seated","Liberty Seated, No Motto","Very Good","$81.00","$35 – $55","","",""
"2011","P","Quarter","National Park Quarters","Mississippi Vicksburg National Military Park","Uncirculated","$1.50","$0.50 – $1.50","","",""
"1976","","Dollar","U.S. Bicentennial","Bicentennial Drummer (Type I)","UNC 63","$31.35","$4 – $8","","",""
"1921","","Dollar","Peace Dollar","High Relief","Very Fine","$1395.00","$125 – $175","","",""
"1995S","","","Clad  Proof Set 5 coins","Unmapped","ch proog 63","$38.50","$5 – $10","","",""
"1960","D","Dime","Roosevelt Dimes","Unmapped","Average Circulated","14.50","$2.00 – $3.00","","",""
"1911","Pending","Dime","Barber Series","Liberty Head","Good","$16.00","$3 – $15","","",""
"2025","","Quarter Dollar","The Celebrating America Coin Collection","Althea Gibson","","$17.95","","","",""
"1918","","Penny","Lincoln Cent","Wheat Reverse","About Uncirculated","$20.25","Pending","","",""
"1928","","Penny","Lincoln Head Cent","Unmapped","Fine","$3.95","$0.35 – $1.00","","",""
"1982","P","Penny","Lincoln Cent","Lincoln Memorial Reverse, Small Date Zinc Variety","Uncirculated","$15.00","$0.50 - $3.00","","",""
"1960","D","Half Dollar","Franklin Half Dollar","Benjamin Franklin","Extremely Fine","$38.50","$11 – $14","","",""
"2008","P","Dime","Roosevelt Dimes","Unmapped","Uncirculated","1.75","$1 – $3","","",""
"1862","","Dime","Liberty Seated Silver Dime","Unmapped","Select Uncirculated","$435.00","$450 – $650","","",""
"2010","","Dollar","America the Beautiful Quarters","Unmapped","Uncirculated","$53.50","$38 – $48","","",""
"2019","P","1 Dollar","Native American Dollar","Space Program","Uncirculated","$8.10","Pending","","",""
"1976","S","Dollar","Eisenhower Dollar","Dwight D. Eisenhower / Bicentennial","Proof-63","$0.00","$10 – $18","","",""
"1928","","Penny","Lincoln Wheat Cent Series","Abraham Lincoln","Not Graded","$0.00","$0.15 – $15.00","","",""
"1987","S","Dime","Roosevelt Dimes","Unmapped","Proof-63","3.50","$2 – $5","","",""
"1921","","$1","Morgan Dollar","Unmapped","Gem BU","4990.0","$65 – $95","","",""
"2012","D","$1","Presidential $1 Coin Program","Chester A. Arthur","Uncirculated","3.50","$2.00 – $4.00","","",""
"2020","P","Quarter","National Park Quarters","Weir Farm National Historic Site","Mint State","$1.00","$0.25 – $1.00","","",""
"1990","","Prestige Proof Set","USA Invoice Import","Eisenhower Centennial","Choice Proof-63","$82.95","","","",""
"2009","D","Quarter","State and Territory Quarters","American Samoa Territory","Uncirculated","1.5","Pending","","",""
"2014","P","Quarter","America the Beautiful Quarters","Arches National Park","Uncirculated","$1.25","$0.25 – $1.50","","",""
"1956","","Nickel","Jefferson Nickel","Unmapped","Circulated","$26.40","Pending","","",""
"1939","P","Nickel","Jefferson Nickels","Thomas Jefferson","Uncirculated","$18.75","$10 – $25","","",""
"1929","S","Penny","Lincoln Cents","Unmapped","Very Fine","","Pending","","",""
"1915","S","Penny","Lincoln Wheat Cent Series","Abraham Lincoln","Very Good","$0.00","$18 – $28","","",""
"1956","D","Quarter","Washington Silver Quarter","Unmapped","Average Circulated","points","$5.50 – $7.50","","",""
"1977","D","Dime","Roosevelt Dimes","Unmapped","Uncirculated","2.25","$1.50 – $4.00","","",""
"2023","","Dollar","American Eagle","Unmapped","Uncirculated","$0.00","","","",""
"2002","S","Quarter","State and Territory Quarters","Mississippi","Proof-63","24.0","$3 – $8","","",""
"2016","S","Dime","America the Beautiful Quarters","Unmapped","Proof-63","21.75","$3 – $8","","",""
"2016","S","Quarter","America the Beautiful Quarters","Kentucky Cumberland Gap National Park","Proof-63","$5.50","$1.50 – $4.00","","",""
"1880","CC","Dollar","Morgan Silver Dollar","Liberty Head, Eagle","Very Choice Uncirculated","$1595.00","$950 – $1,250","","",""
"2005","D","Quarter","State and Territory Quarters","Oregon","Uncirculated","1.95","$0.50 – $1.50","","",""
"1962","","Cent","Lincoln Memorial Cent","Time Capsule Year Set","Circulated","$15.99","Pending","","",""
"1902","Pending","Dime","Barber Series","Liberty Head","Good","$23.50","$3 – $120","","",""
"2010","D","Penny","Lincoln Cent","Union Shield Reverse","Uncirculated","$4.00","$0.10 - $0.50","","",""
"1944","","Quarter","Washington Silver Quarter","Unmapped","Good","20.95","Pending","","",""
"1936","D","Half Dollar","Walking Liberty Half Dollar","Unmapped","Fine","$43.95","Pending","","",""
"1957","","Dime","Roosevelt Dimes","Unmapped","Average Circulated","Points","Pending","","",""
"1994","","Penny","Lincoln Cent","Lincoln Head","Uncirculated","$0.45","Pending","","",""
"1943","P","Nickel","Jefferson Nickel Series","Thomas Jefferson, Wartime Nickel","Average Circulated","$6.25","Pending","","",""
"2023","D","U.S. Innovation Dollar","U.S. Innovation Dollar Program","Indiana / Automobile Industry","Uncirculated","$0.00","Pending","","",""
"1971","S","Dollar","Eisenhower Dollar","Dwight D. Eisenhower","Proof-63","$41.75","Pending","","",""
"1967","","Penny","Lincoln Cent","Memorial Reverse","Uncirculated","$0.80","Pending","","",""
"1960","","Nickel","Jefferson Nickel","Unmapped","Circulated","$18.60","Pending","","",""
"1906","","Nickel","Liberty Head Nickel","Liberty Head","About Good","$8.75","Pending","","",""
"1866","","Half Dollar","Liberty Seated","Motto","VF-35","$299.00","Pending","","",""
"1833","","Half Dime","Capped Bust","Unmapped","AU-58","653.00","Pending","","",""
"2020","S","Dollar","American Eagle","THE COMPLETE 2020 AMERICAN EAGLE NGCX SILVER DOLLAR SET - SHIPMENT # 5","Proof","$298.00","","","",""
"2016","","Dollar","The Complete Original-Design Proof Silver Eagle Dollar Collection","American Eagle","Proof","$187.00","","","",""
"1852","","Large Cent","Braided Hair Large Cents","Liberty Head","Very Fine","$99.00","Pending","","",""
"2001","","Dollar","The Complete Original-Design Proof Silver Eagle Dollar Collection","American Eagle","Proof","$187.00","","","",""
"2022","D","$1","Native American Dollar","Ely Samuel Parker","Uncirculated","Points","Pending","","",""
"1952","S","Penny","Lincoln Cent Series","Abraham Lincoln","Average Circulated","$0.70","$0.05 – $0.15","","",""
"1938","","Penny","Lincoln Wheat Cent","Abraham Lincoln","Genuine","","$0.15 – $1.50","","",""
"2008","P","$1","Presidential $1 Coin Program","Martin Van Buren","Uncirculated","4.95","$1.50 – $3.00","","",""
"2011","D","$1","Presidential $1 Coin Program","Ulysses S. Grant","Uncirculated","4.50","Pending","","",""
"1999","D","Kennedy Half Dollar","Kennedy Half Dollar Series","John F. Kennedy","Uncirculated","$10.75","$1.00 – $3.00","","",""
"1963","D","Half Dollar","Franklin Half Dollar","Benjamin Franklin","Very Fine","$0.00","$11 – $14","","",""
"1989","P","Kennedy Half Dollar","Kennedy Half Dollar","John F. Kennedy","Uncirculated","$7.95","Pending","","",""
"1948","","","America Revisited Selection","Time Capsule Year Set","Circulated","$170.00","","","",""
"1881","CC","Dollar","Officially Sealed Carson City Mint Morgan Silver Dollars","Unmapped","","$1300.00","","","",""
"1927","S","1 Dime","Mercury Silver Dime","Unmapped","Average Circulated","$29.25","Pending","","",""
"1861","","Quarter","Liberty Seated","Liberty Seated, No Motto","Fine","$99.00","Pending","","",""
"2019","D","Quarter","America the Beautiful Quarters","Lowell National Historical Park","Uncirculated","$1.00","Pending","","",""
"2012","P","Dime","America the Beautiful Quarters","Unmapped","Uncirculated","2.00","Pending","","",""
"1902","","Five Cents","The U.S. Nickel Collection","Unmapped","","$7.95","","","",""
"2017","S","Dime","America the Beautiful Quarters","Unmapped","Proof-63","21.75","Pending","","",""
"1900","P","1 Dollar","Morgan Silver Dollars","Liberty Head","Extremely Fine","$90.00","Pending","","",""
"1931","","Nickel","Buffalo Nickel","Native American & Buffalo","About Good","$4.20","$1.00 – $2.50","","",""
"1962","","Quarter","Washington Quarter","Time Capsule Year Set","Circulated","$15.99","Pending","","",""
"1887","","Dime","Liberty Seated Silver Dime","Unmapped","Very Good","$47.25","$12 – $18","","",""
"1981","S","Quarter","Washington Silver Quarter","Unmapped","Proof-63","2.95","$3 – $7","","",""
"1918","","Dime","U.S. Dime Collection Selection","Mercury","Fine","$30.50","","","",""
"2009","D","$1","Presidential $1 Coin Program","William Henry Harrison","Uncirculated","5.25","$1.50 – $3.00","","",""
"1893","S","Dollar","Morgan Silver Dollar","Liberty Head, Eagle","Fine","$5310.00","$4,500 – $6,500","","",""
"2014","S","Quarter","National Park Quarters","Virginia Shenandoah National Park","Uncirculated","$2.85","$1.50 – $3.50","","",""
"","","Five Cents","The U.S. Nickel Collection","Shipment 13","","$31.80","","","",""
"1948","","Quarter","Washington Silver Quarter","Unmapped","Fine","22.95","$6 – $9","","",""
"1922","","Penny","Lincoln Cent","Abraham Lincoln","Genuine","","Pending","","",""
"2015","D","Penny","Lincoln Shield Cent","Lincoln Shield","Uncirculated","$0.25","$0.10 – $1.00","","",""
"1944","P","Half Dollar","Liberty Walking Half Dollar","Liberty Walking","Average Circulated","$29.00","Pending","","",""
"2013","D","Quarter","America the Beautiful Quarters","White Mountain National Forest","Uncirculated","$1.50","$0.25 – $1.50","","",""
"1976","D","Dime","Roosevelt Dimes","Unmapped","Uncirculated","2.75","Pending","","",""
"1934","","Half Dollar","Walking Liberty Half Dollar","Unmapped","Circulated","$27.60","Pending","","",""
"2008","P","Quarter","State and Territory Quarters","Oklahoma","Uncirculated","2.5","Pending","","",""
"2006","P","Half Dollar","Founding Father Commemorative","Unmapped","Choice Uncirculated 63","$91.50","Pending","","",""
"2024","P","Mint Set","U.S. Uncirculated Coin Mint Sets","Philadelphia Mint Panel","Uncirculated","$39.95","","","",""
"1939","","Quarter","Washington Silver Quarter","Unmapped","Extremely Fine","27.95","Pending","","",""
"1935","C","$1 Silver Certificate","USA Invoice Import","Unmapped","Fine","$0.00","","","",""
"1970","D","Dime","Roosevelt Dimes","Unmapped","Uncirculated","2.00","$1.50 – $3.50","","",""
"1946","","Quarter","Washington Silver Quarter","Unmapped","Uncirculated","32.95","$10 – $25","","",""
"1853","","Dime","Liberty Seated Silver Dime","Unmapped","Very Fine","$85.00","Pending","","",""
"2012","P","$1","Presidential $1 Coin Program","Grover Cleveland (Second Term)","Uncirculated","3.50","$2.00 – $4.00","","",""
"2020","","Dollar","American Innovation Dollar","Tennessee Catawba","Uncirculated","$5.95","$1.50 – $3.00","","",""
"1980S","","","Clad  Proof Set 6 coins","Unmapped","ch proog 63","$23.95","$5 – $10","","",""
"1922","","Penny","Lincoln Wheat Cent Series","Abraham Lincoln","Not Graded","$0.00","$0.15 – $1,500.00","","",""
"1878","","Dollar","","Unmapped","About Uncirculated","$475.00","$45 – $125","","",""
"1962","D","Penny","Lincoln Head Penny","Abraham Lincoln","Uncirculated","$0.40","$0.15 – $1.50","","",""
"1834","","Capped Bust Silver Half Dollar","Capped Bust Half Dollar","Capped Bust Liberty","Fine","$162.00","$85 – $125","","",""
"1960","","Half Dollar","Franklin Half Dollar","Benjamin Franklin","Choice Proof 63","$60.00","Pending","","",""
"2013","W","Dollar","America the Beautiful Quarters","Unmapped","Uncirculated","$97.00","$45 – $65","","",""
"1843","O","Quarter","Liberty Seated","Liberty Seated, No Motto","Fine","$185.00","$150 – $250","","",""
"2000","P","Quarter","State and Territory Quarters","New Hampshire","Uncirculated","1.95","$0.50 – $2.00","","",""
"1919","S","Half Dollar","Liberty Walking Half Dollar","Unmapped","Very Good","$80.00","Pending","","",""
"2018S","","quarter","National Park Quarters","Unmapped","uncirculated","$1.25","","","",""
"2016","S","Quarter","National Park Quarters","South Carolina Fort Moultrie National Monument","Uncirculated","$1.25","Pending","","",""
"1914","S","Penny","Lincoln Wheat Cent","Abraham Lincoln","Very Good","","Pending","","",""
"2012","S","Kennedy Half Dollar","Kennedy Half Dollar Series","John F. Kennedy","Choice Proof 63","$199.00","Pending","","",""
"1991","D","Penny","Lincoln Cent","Abraham Lincoln","Mint State","$1.50","$0.15 – $1.00","","",""
"2015","P","Quarter","America the Beautiful Quarters","Saratoga National Historical Park","Uncirculated","","Pending","","",""
"2002","S","Quarter","State and Territory Quarters","Ohio","Proof-63","12.5","$3 – $8","","",""
"2007","S","$1","Presidential $1 Coin Program","Thomas Jefferson","Proof-63","8.95","$3 – $7","","",""
"2018D","","quarter","National Park Quarters","Unmapped","uncirculated","$1.00","$1.00 – $3.00","","",""
"1978","D","Dollar","Eisenhower Dollar","Dwight D. Eisenhower","UNC 63","$31.35","$4 – $8","","",""
"2004","S","Dime","Roosevelt Dimes","Unmapped","Proof-63","9.25","$3 – $8","","",""
"1856","","Seated Liberty Half Dime","","Stars","Average Circulated","$45.00","$35 – $75","","",""
"1995","S","Dime","Roosevelt Dimes","Unmapped","Proof-63","43.00","$3 – $7","","",""
"2008","S","Dime","Roosevelt Dimes","Unmapped","Proof-63","25.95","$3 – $7","","",""
"2003","D","Quarter","State and Territory Quarters","Missouri","Uncirculated","3.75","$0.50 – $1.50","","",""
"1960","D","Quarter","Washington Silver Quarter","Unmapped","Uncirculated","29.75","Pending","","",""
"2018","S","1 Dollar","American Innovation Dollars","George Washington Signature","Choice Uncirculated 63","$24.95","$3 – $7","","",""
"1995","P","Dollar","American Eagle","Unmapped","Proof-63","$155.00","$65 – $85","","",""
"1979","S","Quarter","Washington Silver Quarter","Unmapped","Proof-63","2.65","$3 – $7","","",""
"2023","","Dollar","The Statehood Innovation Dollar Coin Collection","Mississippi","","$17.95","","","",""
"1994","S","Dime","Roosevelt Dimes","Unmapped","Proof-63","27.50","$3 – $7","","",""
"1940","S","Penny","Lincoln Cent","Abraham Lincoln","Mint State","$27.50","Pending","","",""
"1986","","Dollar","The Complete Original-Design Proof Silver Eagle Dollar Collection","American Eagle","Proof","$187.00","","","",""
"1911","S","Dime","Barber Series","Liberty Head","Good","$24.50","Pending","","",""
"2013","S","Dime","America the Beautiful Quarters","Unmapped","Proof-63","28.50","$3 – $7","","",""
"1987","S","Kennedy Half Dollar","Kennedy Half Dollar","John F. Kennedy","Proof-63 Cameo","$9.50","$3 – $7","","",""
"1913","","Half Dollar","Barber","Liberty Head","Very Good","$144.00","Pending","","",""
"","","Three Cents","The U.S. Coin Complete Denomination Set","Nickel Three-Cent","","$75.00","","","",""
"1925","S","Nickel","Buffalo Nickel","Native American & Buffalo","About Good","$5.50","$15 – $25","","",""
"1997","P","Dollar","American Eagle","Unmapped","Proof-63","$159.00","$65 – $85","","",""
"1909","","Penny","Lincoln Head Penny","Lincoln Portrait","Extremely Fine","$0.00","$4 – $8","","",""
"","","","The American Independence Coin and Stamp Collection","American Independence","","$99.00","","","",""
"2005","P","1 Dollar","Sacagawea Dollar","Unmapped","Uncirculated","$9.50","$1.50 – $3.00","","",""
"2008","P","Quarter","State and Territory Quarters","Alaska","Uncirculated","2.5","$0.50 – $1.50","","",""
"1992","S","Kennedy Half Dollar","Kennedy Half Dollar Series","John F. Kennedy","Proof-63","$9.35","$3 – $7","","",""
"1982","S","Kennedy Half Dollar","Kennedy Half Dollar","John F. Kennedy","Proof-63 Cameo","$7.50","$3 – $7","","",""
"2003","S","Dime","Roosevelt Dimes","90% silver","Proof-63","23.95","$2 – $5","","",""
"1936","","Quarter","Washington Quarter","America Revisited Selection","Circulated","$20.20","Pending","","",""
"1983","S","Proof Set","USA Invoice Import","Clad Proof Set 5 Coins","Choice Proof-63","$0.00","","","",""
"1872","","Nickel","","Unmapped","Very Good","$58.50","Pending","","",""
"1947","","Nickel","Jefferson Nickel","Unmapped","Circulated","$24.20","Pending","","",""
"1949","","Penny","Lincoln Cent","Abraham Lincoln","About Good","$0.90","$0.05 – $0.15","","",""
"1873","","Nickel","","Unmapped","Very Good","$65.00","Pending","","",""
"1977","","Kennedy Half Dollar","Kennedy Half Dollar","John F. Kennedy","Uncirculated","$5.25","$1.00 – $3.00","","",""
"1934","","","America Revisited Selection","5-Coin Time Capsule Year Set","Circulated","$138.00","","","",""
"1860","","Half Dollar","Liberty Seated","No Motto","Very Good","$135.00","Pending","","",""
"2019S","","quarter","National Park Quarters","Unmapped","uncirculated","$1.25","","","",""
"1939","S","Penny","Lincoln Head Penny","Lincoln Portrait","Uncirculated","$0.00","Pending","","",""
"2025","D","Dime","Roosevelt Dime","Unmapped","Uncirculated","$2.95","Pending","","",""
"1949","","Quarter","Washington Quarter","Historic Year Set","Circulated","$22.40","Pending","","",""
"1994","P","Quarter","Washington Silver Quarter","Unmapped","Uncirculated","5.95","Pending","","",""
"2016","D","Kennedy Half Dollar","Kennedy Half Dollar","John F. Kennedy","Uncirculated","$1.95","Pending","","",""
"2012","P","Quarter","America the Beautiful Quarters","Acadia National Park","Uncirculated","$1.25","Pending","","",""
"1881","P","1 Dollar","Morgan Silver Dollars","Liberty Head","MS-63","$144.00","$75 – $95","","",""
"2003","S","Quarter","State and Territory Quarters","Arkansas silver","Proof-63","19.25","Pending","","",""
"1954","","Penny","Lincoln Cent","Lincoln Head","Good (G)","$0.70","$0.05 – $0.15","","",""
"2023","","Morgan Silver Dollar","The Ultimate Modern Morgan and Peace Silver Dollar Collection","Unmapped","Uncirculated","$229.00","$75 – $95","","",""
"2002","S","Quarter","State and Territory Quarters","Louisiana","Proof-63","8.5","$3 – $8","","",""
"2018S","","Quarter","National Park Year Set San Francisco Mint 5 coins","Unmapped","uncirculated","$11.50","$10 – $15","","",""
"1912","D","Half Dollar","Barber","Liberty Head","Good","$53.00","Pending","","",""
"2001S","","","Clad  Proof Set 10 coins","Unmapped","ch proog 63","$40.50","$5 – $10","","",""
"1983","D","Kennedy Half Dollar","Kennedy Half Dollar","John F. Kennedy","Uncirculated","$19.75","$1.50 – $4.00","","",""
"2020P","","quarter","National Park Quarters","Unmapped","uncirculated","$1.00","$0.25 – $1.50","","",""
"2016","","Dollar","America the Beautiful Quarters","Unmapped","Uncirculated","$0.00","Pending","","",""
"1917","D","Dime","Mercury Dime","Mercury (Roman God)","Fine","$14.50","Pending","","",""
"1902","O","25 Cents","Barber Silver Quarters","Liberty Head","AC","$35.25","$15 – $35","","",""
"2009","S","Penny","Lincoln Cent Series","Abraham Lincoln, Formative Years Reverse","Proof-63","$13.95","$3 – $7","","",""
"1969","D","Quarter","Washington Silver Quarter","Unmapped","Uncirculated","8.00","$1.50 – $4.00","","",""
"2023","","American Silver Eagle Dollar","American Eagle Silver Dollar","Unmapped","Uncirculated","$0.00","$32 – $42","","",""
"1898","","Penny","Indian Head Cent","Indian Head","Good","$8.25","Pending","","",""
"2005","","Five Cents","The U.S. Nickel Collection","Ocean in View","","$7.95","","","",""
"1981","P","Quarter","Washington Silver Quarter","Unmapped","Uncirculated","1.75","Pending","","",""
"2002","S","Quarter","State and Territory Quarters","Ohio silver","Proof-63","22.5","Pending","","",""
"1942","S","Jefferson Nickel","The World War II U.S. Coin Collection","WWII","Ungraded","$0.00","Pending","","",""
"1928","D","Penny","","Unmapped","Average Circ","$4.45","$1.50 – $3.50","","",""
"1897","D","25 Cents","Barber Silver Quarters","Liberty Head","AC","$76.50","Pending","","",""
"1974","","1 Dollar","Eisenhower Dollar","Dwight D. Eisenhower","UNC 63","$31.35","$4 – $8","","",""
"1982S","","","Clad  Proof Set 5 coins","Unmapped","ch proog 63","$22.50","$4 – $8","","",""
"1958","S","Penny","Lincoln Memorial Cent","Lincoln Head","Uncirculated","$0.40","$0.15 – $1.50","","",""
"1915","","Penny","Lincoln Head Penny","Unmapped","Average Circulated","$10.75","Pending","","",""
"2013","S","Quarter","National Park Quarters","South Dakota Mount Rushmore National Memorial","Uncirculated","$3.85","$1.50 – $3.50","","",""
"1920","D","Penny","Lincoln Cent Series","Abraham Lincoln","Average Circulated","$6.75","Pending","","",""
"1969","S","Quarter","Washington Silver Quarter","Unmapped","Proof-63","4.25","$3 – $7","","",""
"1916","P","Barber Silver Dimes","Barber Dimes","Liberty Head","Fine","$28.95","$4.50 – $7.00","","",""
"1938","","Penny","Lincoln Head Penny","Lincoln Portrait","Uncirculated","$73.75","$2 – $6","","",""
"1917","","Penny","Lincoln Wheat Cent Series","Abraham Lincoln","Not Graded","$0.00","$0.15 – $15.00","","",""
"2013","D","Quarter","America the Beautiful Quarters","Perry's Victory and International Peace Memorial","Uncirculated","$1.50","$0.25 – $1.50","","",""
"2023","P","U.S. Innovation Dollar","U.S. Innovation Dollar Program","Louisiana / The Higgins Boat","Uncirculated","$0.00","$1.50 – $3.00","","",""
"2017","D","Penny","America the Beautiful Quarters","Unmapped","Uncirculated","","Pending","","",""
"1986","S","Penny","Lincoln Memorial Cent","Lincoln Head","Proof-63","$8.50","$1 – $3","","",""
"1991","P","Quarter","Washington Silver Quarter","Unmapped","Uncirculated","4.50","$1 – $3","","",""
"1978","D","Dollar","Eisenhower Dollar","Dwight D. Eisenhower","Uncirculated","$11.50","$3 – $8","","",""
"1936","","Mixed","Year Sets: America Revisited Selection","5-Coin Year Set","Circulated","$89.95","","","",""
"2021","","$1","American Eagle Silver Dollar","Mercanti","MS 69 NGC","695.0","$45 – $65","","",""
"2017","S","Quarter","National Park Quarters","Missouri Ozark National Scenic Riverways","Proof-63","$11.75","$3 – $8","","",""
"1907","","Penny","Indian Head Cent","Indian Head","Good","$8.25","Pending","","",""
"2000","D","Quarter","State and Territory Quarters","South Carolina","Uncirculated","2.25","Pending","","",""
"1957","","Penny","Lincoln Cent","Abraham Lincoln","Genuine","","$0.05 – $0.25","","",""
"1875","","Quarter","Liberty Seated","Unmapped","Fine","$85.50","Pending","","",""
"2015","D","Quarter","America the Beautiful Quarters","Bombay Hook National Wildlife Refuge","Uncirculated","","$0.25 – $1.50","","",""
"1972","S","Quarter","Washington Silver Quarter","Unmapped","Proof-63","3.50","$5 – $10","","",""
"1973","D","Kennedy Half Dollar","Kennedy Half Dollar","John F. Kennedy","Uncirculated","$4.50","$1.00 – $3.00","","",""
"1934","","Penny","Lincoln Cent","Lincoln Head","Good (G)","$1.35","Pending","","",""
"1885","CC","$1","Morgan Silver Dollar","Unmapped","Uncirculated W/Original Gov't Box & COA","1995","Pending","","",""
"1963","","Half Dollar","Franklin Half Dollar","Benjamin Franklin","Choice Proof-63","$58.50","$18 – $28","","",""
"1963","","Quarter","Washington Silver Quarter","Unmapped","Proof-63","23.95","$7 – $12","","",""
"1875","S","Quarter","Liberty Seated","Unmapped","Very Good","$103.50","$35 – $55","","",""
"1854","O","Quarter","Liberty Seated","Liberty Seated, Arrows at Date","Average Circulated","$103.50","$120 – $250","","",""
"2016","D","$1","Presidential $1 Coin Program","Richard M. Nixon","Uncirculated","2.95","$2.50 – $4.50","","",""
"1984","D","Penny","Lincoln Cent Series","Abraham Lincoln","Uncirculated","$1.95","$0.15 – $1.50","","",""
"","","$500 3rd Bank of the United States","American Paper Money Club Selection","Philadelphia PA Haxby 3-G14","Fine 15","$1,335.00","","","",""
"","","Half Dollar","The U.S. Coin Complete Denomination Set","Walking Liberty Half-Dollar","","$75.00","","","",""
"1824","","Penny","Matron Head Large Cent","Liberty Head","VG-08","$90.00","Pending","","",""
"1879","P","1 Dollar","Morgan Silver Dollars","Liberty Head","Very Fine","$87.50","Pending","","",""
"1946","S","Quarter","Washington Silver Quarter","Unmapped","Uncirculated","39.50","Pending","","",""
"1952","D","Dime","Roosevelt Dimes","Unmapped","Uncirculated","14.75","Pending","","",""
"1887","","Dollar","Morgan Silver Dollar","Liberty Head, Eagle","Very Choice Uncirculated","$273.00","Pending","","",""
"2016","P","Dime","America the Beautiful Quarters","Unmapped","Uncirculated","1.75","Pending","","",""
"1981S","","","Filled S Proof Set 6 Coins","Unmapped","ch proof 63","$24.95","$8 – $15","","",""
"","","","The Celebrating America Coin Collection","Unmapped","Ungraded","$17.95","$1 – $5","","",""
"1937","D","Penny","Lincoln Cent Series","Abraham Lincoln","Average Circulated","$1.35","Pending","","",""
"1995","D","Kennedy Half Dollar","Kennedy Half Dollar Series","John F. Kennedy","Uncirculated","$7.50","Pending","","",""
"1983","D","Dime","Roosevelt Dimes","Unmapped","Uncirculated","14.00","Pending","","",""
"1916","","Penny","Lincoln Cent","Lincoln Cent (Wheat Reverse)","Average Circulated","$2.70","Pending","","",""
"1876","","Nickel","Shield Nickel","Unmapped","Fine/Very Fine","$215.00","Pending","","",""
"2008","S","$1","Presidential $1 Coin Program","John Quincy Adams","Proof-63","11.75","Pending","","",""
"1825","","Half Cent","Classic Head","Unmapped","Extremely Fine","$335.00","Pending","","",""
"1991","S","Kennedy Half Dollar","Kennedy Half Dollar Series","John F. Kennedy","Choice Proof 63","$23.95","Pending","","",""
"1979","D","Quarter","Washington Silver Quarter","Unmapped","Uncirculated","2.25","Pending","","",""
"1981","D","Dime","Roosevelt Dimes","Unmapped","Uncirculated","1.50","Pending","","",""
"2024","D","Quarter","American Women Quarters","Zitkala-Sa","Uncirculated","$1.00","Pending","","",""
"1912","","Penny","Lincoln Wheat Cent Series","Abraham Lincoln","Not Graded","$0.00","$0.15 – $25.00","","",""
"1892","O","Half Dollar","Barber","Liberty Head","Good","$480.00","Pending","","",""
"1944","S","Penny","Lincoln Head Penny","Unmapped","Average Circulated","","Pending","","",""
"1974","D","Quarter","Washington Silver Quarter","Unmapped","Uncirculated","1.95","Pending","","",""
"1842","","Half Dollar","Liberty Seated","No Motto","Extra Fine 4","$850.00","Pending","","",""
"2016","S","Dime","Roosevelt Dimes","90% silver","Proof-63","23.95","Pending","","",""
"2002","P","Kennedy Half Dollar","Kennedy Half Dollar Series","John F. Kennedy","Uncirculated","$5.25","Pending","","",""
"2020","P","Dime","America the Beautiful Quarters","Unmapped","Uncirculated","1.25","Pending","","",""
"","","Dime","The U.S. Coin Complete Denomination Set","Mercury Dime","","$75.00","","","",""
"1984","D","Kennedy Half Dollar","Kennedy Half Dollar Series","John F. Kennedy","Uncirculated","$6.95","Pending","","",""
"2014","D","Penny","Lincoln Cent","Union Shield Reverse","Uncirculated","$2.00","$0.10 - $0.50","","",""
"1970","","Penny","Lincoln Head Penny","Lincoln Portrait","Uncirculated","$0.40","$0.15 – $1.50","","",""
"1917","S","Dime","Mercury Dime","Unmapped","Genuine","$23.95","$3 – $15","","",""
"1939","","Quarter","Washington Quarter","Unmapped","Circulated","$20.60","Pending","","",""
"1948","S","Dime","Roosevelt Dimes","Unmapped","Uncirculated","26.50","$8 – $15","","",""
"1941","","Penny","Lincoln Wheat Cent Series","Abraham Lincoln","Not Graded","$0.00","Pending","","",""
"2018","D","Kennedy Half Dollar","Kennedy Half Dollar Series","John F. Kennedy","Uncirculated","$4.50","$1.50 – $3.50","","",""
"2000","P","1 Dollar","Sacagawea Dollar","Unmapped","Uncirculated","$5.95","$1.25 – $3.00","","",""
"2005","","Five Cents","The U.S. Nickel Collection","American Bison","","$7.95","","","",""
"2007","S","Kennedy Half Dollar","Kennedy Half Dollar","John F. Kennedy","Proof-63 Cameo","$56.50","$12 – $22","","",""
"1942","","Penny","Lincoln Wheat Cent Series","Abraham Lincoln","Not Graded","$0.00","Pending","","",""
"1814","","Capped Bust Silver Half Dollar","Capped Bust Half Dollar","Capped Bust Liberty","Extremely Fine","$1150.00","$450 – $650","","",""
"1982","","Penny","Lincoln Cent Series","Abraham Lincoln, Large Date Variety","Uncirculated","$0.80","Pending","","",""
"1929","","Dime","Mercury Dime","Winged Liberty Head","Good","Points","$2.50 – $4.00","","",""
"2024","D","Dollar","U.S. Innovation Dollar","Saturn V Rocket","Uncirculated","$0.00","$1.50 – $3.00","","",""
"1945","","Penny","Lincoln Wheat Cent Series","Abraham Lincoln","Not Graded","$0.00","$0.15 – $5.00","","",""
"1847","","Quarter","Liberty Seated","Liberty Seated, No Motto","Fine","$115.00","$110 – $160","","",""
"2024","","$1","The Statehood Innovation Dollar Coin Collection","Texas","","$17.95","","","",""
"1981","D","Quarter","Washington Silver Quarter","Unmapped","Uncirculated","1.75","Pending","","",""
"1964","","Dime","Roosevelt Dime","Unmapped","Circulated","$5.99","Pending","","",""
"1940","D","Penny","Lincoln Cent","Lincoln Head","Uncirculated (UNC)","$24.25","Pending","","",""
"2025","D","Quarter Dollar","American Women Quarters","Dr. Vera Rubin","Uncirculated","$1.00","","","",""
"2009","","Dollar","American Eagle","Unmapped","Uncirculated","$53.50","Pending","","",""
"1927","","Five Cents","USA Invoice Import","Unmapped","Fine","$0.00","","","",""
"2001","P","1 Dollar","Sacagawea Dollar","Unmapped","Uncirculated 66","$69.00","Pending","","",""
"2002","D","Quarter","State and Territory Quarters","Mississippi","Uncirculated","2.25","Pending","","",""
"2023","P","Quarter","US Women's Quarters","Eleanor Roosevelt","Uncirculated","$1.00","Pending","","",""
"2007","S","Quarter","State and Territory Quarters","Washington silver","Proof-63","19.25","Pending","","",""
"1963","D","Dime","Roosevelt Dimes","Unmapped","Average Circ","points","Pending","","",""
"1943","D","Penny","Lincoln Cent","Abraham Lincoln","Mint State","$16.75","Pending","","",""
"1956","","5-Coin Set","Time Capsule Year Set","Unmapped","Circulated","$132.00","","","",""
"1919","","Five Cents","The U.S. Nickel Collection","Unmapped","","$7.95","","","",""
"2021P","","Quarter","Washington Crossing the Delaware","Unmapped","uncirculated","$1.00","","","",""
"1924","","Penny","Lincoln Wheat Cent Series","Abraham Lincoln","Not Graded","$0.00","Pending","","",""
"1974","S","Dollar","","Unmapped","Ch Proof-63","$0.00","Pending","","",""
"1948","","Quarter","Washington Quarter","America Revisited Selection","Circulated","$34.00","Pending","","",""
"2018-20","","","Complete 50 Native American Quarters and folder","Unmapped","uncirculated","$259.00","$15 – $30","","",""
"2015","D","Dime","America the Beautiful Quarters","Unmapped","Uncirculated","2.00","Pending","","",""
"2009","D","Quarter","State and Territory Quarters","US Virgin Islands Commemorative","Uncirculated","5.95","$0.50 – $1.50","","",""
"2003","D","Quarter","State and Territory Quarters","Arkansas","Uncirculated","2.25","$0.50 – $1.50","","",""
"1977S","","","Clad  Proof Set 6 coins","Unmapped","ch proog 63","$30.95","","","",""
"2010","P","$1","Presidential $1 Coin Program","Abraham Lincoln","Uncirculated","4.50","$1.50 – $3.00","","",""
"1972","S","Dime","Roosevelt Dimes","Unmapped","Proof-63","4.75","Pending","","",""
"2006","S","Quarter","State and Territory Quarters","Nebraska Commemorative","Proof-63","3.95","Pending","","",""
"1844","","Dime","Liberty Seated Silver Dime","Unmapped","Fine 12","$695.00","Pending","","",""
"1906","O","25 Cents","Barber Silver Quarters","Liberty Head","Ungraded","$31.25","Pending","","",""
"1899","S","Half Dollar","Barber","Liberty Head","Very Good","$105.00","Pending","","",""
"1937","","Quarter","Washington Quarter","Unmapped","Circulated","$26.20","Pending","","",""
"2018-20","","","41 Native American quarters and folder","Unmapped","circulated","$196.00","","","",""
"2024","","Quarter Dollar","The Celebrating America Coin Collection","Zitkala-Sa (American Women Quarters)","","$17.95","","","",""
"1947","S","Quarter","Washington Silver Quarter","Unmapped","Extremely Fine","28.95","Pending","","",""
"1909","","Penny","Lincoln Wheat Cent Series","Abraham Lincoln","Not Graded","$59.95","$1.50 – $15.00","","",""
"1964","","Roosevelt Dime","","Unmapped","Uncirculated","$0.00","$3 – $6","","",""
"1986","D","Dime","Roosevelt Dimes","Unmapped","Uncirculated","4.00","Pending","","",""
"1972","S","Dollar","Eisenhower Dollar","Dwight D. Eisenhower","Uncirculated","$40.50","Pending","","",""
"1939","D","Quarter","Washington Silver Quarter","Unmapped","Good","25.75","$6 – $9","","",""
"2001","S","Kennedy Half Dollar","Kennedy Half Dollar","John F. Kennedy","Proof-63 Cameo","$56.00","$12 – $18","","",""
"1974","","Dollar","Eisenhower Dollar","Dwight D. Eisenhower","Uncirculated","$11.50","$3 – $6","","",""
"1908","Pending","Dime","Barber Series","Liberty Head","Very Good","$26.95","$3.50 – $15.00","","",""
"2023","D","Half Dollar","Kennedy Half Dollar","Unmapped","Uncirculated","$1.95","","","",""
"2019P","","quarter","National Park Quarters","Unmapped","uncirculated","$1.00","$1.00 – $3.00","","",""
"1973","S","Dollar","Eisenhower Dollar","Dwight D. Eisenhower","Uncirculated","$40.50","$12 – $20","","",""
"1952","D","Half Dollar","Franklin Half Dollar","Benjamin Franklin","Fine","$0.00","Pending","","",""
"2002","S","Quarter","State and Territory Quarters","Indiana","Proof-63","8.5","Pending","","",""
"1985","S","1 Dollar","Morgan Silver Dollars","Liberty Head","Fine","$103.00","Pending","","",""
"1909","","Half Dollar","Barber","Liberty Head","Circulated","$47.75","Pending","","",""
"1999","","Penny","Lincoln Head Penny","Abraham Lincoln","Uncirculated","$0.45","$0.15 – $1.00","","",""
"2025","D","Dime","Roosevelt Dime","Unmapped","Uncirculated","$2.95","$0.10 – $1.00","","",""
"1996","D","Kennedy Half Dollar","Kennedy Half Dollar","John F. Kennedy","Uncirculated","$5.95","$1 – $3","","",""
"1899","S","1 Dollar","Morgan Silver Dollars","Unmapped","Very Fine","$125.00","$350 – $450","","",""
"1925","","Five Cents","USA Invoice Import","Unmapped","Average Circulated","$0.00","","","",""
"1912","","$5","Indian Head Gold Half Eagle","Indian Head","AU-58","$700.00","$675 – $775","","",""
"1911","D","Dime","Barber Series","Liberty Head","Pending","$0.00","$5 – $350","","",""
"1953","","Half Dollar","Franklin Half Dollar","Historical US Circulation Coins","Circulated","$19.20","Pending","","",""
"1904","P","Barber Silver Dimes","Barber Dimes","Liberty Head","Average Circulated","$22.50","Pending","","",""
"1828","","Capped Bust Silver Half Dollar","Capped Bust Half Dollar","Capped Bust Liberty","Very Good","$148.50","$75 – $110","","",""
"1906","O","Half Dollar","Barber","Liberty Head","Circulated","$47.75","Pending","","",""
"","","","The World War II U.S. Coin Collection","Shipment # 7","","$87.00","","","",""
"2024","","$1","The Statehood Innovation Dollar Coin Collection","Arkansas","","$17.95","","","",""
"1914","D","Barber Silver Dime","","Unmapped","Good","$0.00","$3 – $6","","",""
"2012","W","Dollar","American Eagle Silver Dollar Collection","Burnished Silver Eagle","Burnished","$164.00","","","",""
"2023","P","Mint Set","U.S. Uncirculated Coin Mint Sets","Philadelphia Mint Panel","Uncirculated","$39.95","","","",""
"1926","","Nickel","","Unmapped","Fine","$0.00","$2.50 – $5.00","","",""
"2019","P","Kennedy Half Dollar","Kennedy Half Dollar Series","John F. Kennedy","Uncirculated","$2.95","$1.50 – $3.50","","",""
"1924","","Dollar","Peace Dollar","Unmapped","Uncirculated","$96.75","$45 – $65","","",""
"1986","S","Quarter","Washington Silver Quarter","Unmapped","Proof-63","4.25","$5 – $10","","",""
"2005","S","Dime","Roosevelt Dimes","Unmapped","Proof-63","22.50","$3 – $7","","",""
"2018","P","1 Dollar","Native American Dollar","Jim Thorpe","Uncirculated","$7.25","$2.00 – $4.00","","",""
"1950","P","Nickel","Jefferson Nickel Series","Thomas Jefferson","Uncirculated","$12.75","$2 – $5","","",""
"2019","D","Kennedy Half Dollar","Kennedy Half Dollar Series","John F. Kennedy","Uncirculated","$2.95","$1.50 – $3.50","","",""
"2010","D","Quarter","National Park Quarters","Grand Canyon National Park","Proof-63","$26.00","$8 – $15","","",""
"2006","P","Quarter","State and Territory Quarters","Nevada","Uncirculated","2.5","$0.50 – $1.50","","",""
"1913","D","25 Cents","Barber Silver Quarters","Liberty Head","Fine","$49.50","$150 – $225","","",""
"2020","P","Quarter","National Park Quarters","Salt River Bay National Historical Park and Ecological Preserve","Mint State","$1.00","$0.25 – $1.00","","",""
"1938","D","Penny","Lincoln Cent Series","Abraham Lincoln","Average Circulated","$1.15","$0.50 – $1.50","","",""
"1866","","$5","Liberty Head Gold Half Eagle","Liberty Head","AU-58","$0.00","Pending","","",""
"1923","S","Dollar","USA Invoice Import","Unmapped","Fine","$0.00","","","",""
"2017","P","Quarter","National Park Quarters","New Jersey Ellis Island National Monument","Uncirculated","$1.00","$1.00 – $3.00","","",""
"1935","S","Penny","Lincoln Cent Series","Abraham Lincoln","Very Fine","$6.95","Pending","","",""
"1916","D","25 Cents","Barber Silver Quarters","Liberty Head","Very Good","$31.50","Pending","","",""
"1869","","Nickel","Shield Nickel","Unmapped","Very Good","$72.00","Pending","","",""
"1899","D","Dollar","Morgan Silver Dollar","Liberty Head, Eagle","Very Fine","$97.50","Pending","","",""
"1957","","Half Dollar","Franklin Half Dollar","Benjamin Franklin","Very Fine","$38.75","Pending","","",""
"2013","S","Quarter","National Park Quarters","New Hampshire White Mountain National Forest","Uncirculated","$3.50","Pending","","",""
"1913","D","Penny","Lincoln Head Penny","Unmapped","Average Circulated","","Pending","","",""
"1903","","$5","Indian Head Gold Half Eagle","Indian Head","AU-50","$695.00","Pending","","",""
"1898","O","1 Dollar","Morgan Silver Dollars","Liberty Head","Mint State","$125.00","Pending","","",""
"1941","P","Half Dollar","Liberty Walking Half Dollar","Unmapped","Extremely Fine","$41.50","Pending","","",""
"1941","S","Dime","Mercury Dime","Winged Liberty Head","About Uncirculated 50","$19.00","Pending","","",""
"1894","S","1 Dollar","Morgan Silver Dollars","Unmapped","Fine","$150.00","Pending","","",""
"1881","CC","Dollar","USA Invoice Import","Carson City Mint","","$1300.00","","","",""
"1984","P","Dime","Roosevelt Dimes","Unmapped","Uncirculated","2.00","$1.00 – $3.00","","",""
"1872","S","Half Dollar","Liberty Seated","With Motto","Fine","$165.00","Pending","","",""
"1881","CC","$1","Morgan Silver Dollar","Unmapped","Uncirculated W/Original Gov't Box & COA","1695","Pending","","",""
"1839","O","Dime","U.S. Dime Collection Selection","Liberty Seated","Very Fine","$275.00","","","",""
"1889","P","Half Dollar","Liberty Walking Half Dollar","Unmapped","Extremely Fine","$36.00","Pending","","",""
"2017","D","Quarter","National Park Quarters","New Jersey Ellis Island National Monument","Uncirculated","$1.00","Pending","","",""
"1991","D","Kennedy Half Dollar","Kennedy Half Dollar Series","John F. Kennedy","Uncirculated","$7.95","Pending","","",""
"1860","","1 Cent","Indian Head Cent","Indian Head","Very Fine","$95.00","Pending","","",""
"1926","","$2.5","US Commemorative Gold Coinage","American Sesquicentennial Gold Quarter Eagle","NGC MS64","3694.63","$3,800 - $4,500","","",""
"1967","","Dime","Roosevelt Dimes","Unmapped","Uncirculated","2.25","Pending","","",""
"1983","D","Penny","Lincoln Cent","Abraham Lincoln","Mint State","$1.75","$0.15 – $3.00","","",""
"1997","S","Dime","Roosevelt Dimes","Unmapped","Proof-63","23.95","$3 – $7","","",""
"1912","S","25 Cents","Barber Silver Quarters","Liberty Head","Very Good","$50.00","$40 – $65","","",""
"1956","","Half Dollar","Franklin Half Dollar","Benjamin Franklin","Superb Gem Proof","$171.00","$60 – $120","","",""
"1963","","Quarter","Washington Quarter","Unmapped","Circulated","$18.30","Pending","","",""
"2009","S","Penny","Lincoln Cent Series","Abraham Lincoln, Professional Life Reverse","Proof-63","$13.95","$3 – $7","","",""
"1954","","Cent","Lincoln Wheat Cent","Year Set","Circulated","$18.90","Pending","","",""
"2018","W","Dollar","The West Point Burnished American Eagle Silver Dollar Collection","American Eagle","Burnished","$164.00","","","",""
"2004","S","Quarter","State and Territory Quarters","Florida","Proof-63","22.5","$3 – $8","","",""
"2015","W","Dollar","America the Beautiful Quarters","Unmapped","Proof-63","$127.00","$55 – $75","","",""
"1933","","Penny","Lincoln Wheat Cent Series","Abraham Lincoln","Not Graded","$0.00","$0.15 – $15.00","","",""
"2009","S","$1","Presidential $1 Coin Program","Zachary Taylor","Proof-63","7.95","$3 – $6","","",""
"2014","D","$1","Presidential $1 Coin Program","Calvin Coolidge","Uncirculated","3.50","$2.00 – $4.00","","",""
"1920","","Five Cents","The U.S. Nickel Collection","Unmapped","","$7.95","","","",""
"2023","","Quarter Dollar","American Women Quarters / The Celebrating America Coin Collection","Maria Tallchief","","$17.95","","","",""
"1907","","Nickel","Liberty Head Nickel","Liberty Head","About Good","$8.00","$1.00 – $2.00","","",""
"1858","O","Seated Liberty Half Dime","","Stars","Very Fine","$95.00","$125 – $175","","",""
"1916","S","Dime","Barber Series","Liberty Head","Good","$22.95","$4 – $8","","",""
"1912","D","Nickel","Liberty Head Nickel","Liberty Head","About Good","$0.00","Pending","","",""
"2024","","Dollar","Statehood Innovation Dollar Coin Collection","Arkansas","","$17.95","","","",""
"2009","P","Penny","Lincoln Cent","Lincoln Bicentennial, Presidency Reverse","Uncirculated","$1.50","$0.25 - $1.00","","",""
"1925","","Dollar","Peace Dollar","Unmapped","About Uncirculated","$81.00","Pending","","",""
"1921","","Dime","Mercury Dime","Unmapped","Good","$161.00","$1.50 – $3.00","","",""
"1905","S","Barber Silver Dimes","Barber Dimes","Liberty Head","Average Circulated","$22.50","$65 – $110","","",""
"1940","S","Nickel","Jefferson Nickel Series","Thomas Jefferson","Average Circulated","$0.00","Pending","","",""
"1928","D","Quarter","Standing Liberty Silver Quarter","Unmapped","Very Good","$35.00","Pending","","",""
"1915","Pending","Dime","Barber Series","Liberty Head","Very Good","$26.95","Pending","","",""
"2009S","","","Clad US Mint Proof set 18 coins","Unmapped","ch proof 63","$71.95","","","",""
"2009","D","Penny","Lincoln Cent Series","Abraham Lincoln, Professional Life Reverse","Uncirculated","$0.30","Pending","","",""
"2023","D","Dollar","American Innovation Dollars","Ohio - Underground Railroad","Uncirculated","$0.00","","","",""
"2009","S","1 Dollar","Native American Dollar","Unmapped","Proof-63","$10.75","$3 – $7","","",""
"1916","","Dime","Mercury Dime","Winged Liberty Head","About Uncirculated","$52.00","$35 – $50","","",""
"1975","S","Kennedy Half Dollar","Kennedy Half Dollar","John F. Kennedy","Proof-63 Cameo","$8.95","$3 – $7","","",""
"1879","O","1 Dollar","Morgan Silver Dollars","Unmapped","About Uncirculated","$103.50","$65 – $85","","",""
"1896","S","1 Dollar","Morgan Silver Dollars","Unmapped","Very Fine","$157.50","Pending","","",""
"2002","P","Dime","Roosevelt Dimes","Unmapped","Uncirculated","2.25","Pending","","",""
"1952","D","Half Dollar","Franklin Half Dollars","Benjamin Franklin / Liberty Bell","Fine","$0.00","","","",""
"1837","","Capped Bust Silver Dime","Capped Bust","Unmapped","Average Circ","$136.00","$75 – $150","","",""
"1954","S","Penny","Lincoln Head Cent","Unmapped","Average Circulated","$0.70","Pending","","",""
"1853","O","Half Dollar","Liberty Seated","Arrows and Rays","Average Circulated","$117.00","Pending","","",""
"1936","","Penny","Lincoln Cent","Abraham Lincoln","Genuine","","$0.15 – $2.50","","",""
"1927","D","Penny","Lincoln Cent","Unmapped","Average Circulated","$7.75","$1.50 – $4.00","","",""
"1929","D","Half Dollar","Walking Liberty Half Dollar","Unmapped","Very Good","$54.00","Pending","","",""
"2002S","","","Clad Proof Set 10 Coins","Unmapped","ch proof 63","$28.50","$5 – $10","","",""
"2012","","Dollar","The Complete Original-Design Proof Silver Eagle Dollar Collection","American Eagle","Proof","$187.00","","","",""
"1939","S","Half Dollar","Walking Liberty Half Dollar","Unmapped","Fine","$43.95","Pending","","",""
"2002","S","Kennedy Half Dollar","Kennedy Half Dollar","John F. Kennedy","Proof-63","$48.00","Pending","","",""
"2001","P","Kennedy Half Dollar","","Unmapped","Uncirculated","$0.00","Pending","","",""
"1955","P","50 Cent","Franklin Half Dollar","Unmapped","Uncirculated","39.95","Pending","","",""
"","","Dime","Mercury Silver Dime PDS Set 3 coins","Unmapped","average circ","points","","","",""
"1807","","Quarter Dollar","USA Invoice Import","Draped Bust","Very Good","$743.00","","","",""
"1999","P","Quarter","State and Territory Quarters","Delaware","Uncirculated","2.5","Pending","","",""
"1924","S","Nickel","Buffalo Nickel","Native American & Buffalo","About Good","$8.00","Pending","","",""
"1990","","Dollar","American Eagle","Silver Eagle","MS-70","$5,495.00","","","",""
"2002","D","1 Dollar","Sacagawea Dollar","Unmapped","Uncirculated","$5.25","$1.50 – $3.00","","",""
"2015","","American Silver Eagle Dollar","America the Beautiful Quarters","Unmapped","Uncirculated","$0.00","Pending","","",""
"1976","S","Penny","Lincoln Cent","Lincoln Head","Proof 63 (PR63)","$4.95","$1.50 – $4.00","","",""
"1951","D","Half Dollar","Franklin Half Dollar","Benjamin Franklin","Extra Fine","$41.50","Pending","","",""
"2008","S","Penny","Lincoln Cent Series","Abraham Lincoln","Proof-63","$15.95","Pending","","",""
"1892","S","Dollar","Morgan Silver Dollar","Liberty Head, Eagle","Extremely Fine","$539.00","Pending","","",""
"2003","P","Quarter","State and Territory Quarters","Missouri","Uncirculated","3.75","Pending","","",""
"1895","S","Dollar","Morgan Silver Dollar","Liberty Head, Eagle","Very Good","$855.00","Pending","","",""
"1949","","Quarter","Washington Silver Quarter","Unmapped","Fine","27.00","Pending","","",""
"2009","P","Quarter","State and Territory Quarters","Puerto Rico Territory Commemorative","Uncirculated","2.5","Pending","","",""
"Multiple","","Multiple","Morgan Silver Dollar Set","Morgan silver dollars (7 1883 coins, 5 1884 coins, 8 1885O coins)","Ungraded","1380.0","Pending","","",""
"1919","P","Half Dollar","Liberty Walking Half Dollar","Liberty Walking","Very Good","$85.00","Pending","","",""
"1908","S","","","Unmapped","Very Good","$157.50","Pending","","",""
"2007","S","$1","Presidential $1 Coin Program","James Madison","Proof-63","8.95","Pending","","",""
"2008","P","Quarter","State and Territory Quarters","Arizona","Uncirculated","2.5","Pending","","",""
"1887","P","Quarter","Washington Silver Quarter","Unmapped","Uncirculated","2.50","Pending","","",""
"1989","","Penny","Lincoln Cent Series","Abraham Lincoln","Proof-63","$11.50","$1 – $3","","",""
"2018","S","Quarter","National Park Quarters","Wisconsin Apostle Islands National Lakeshore","Uncirculated","$1.25","$1.50 – $3.50","","",""
"2015","S","Quarter","National Park Quarters","New York Saratoga National Historical Park","Uncirculated","$2.10","Pending","","",""
"1962","","Quarter","Washington Silver Quarter","Unmapped","Average Circulated","22.50","$5.50 – $7.50","","",""
"2010","S","Kennedy Half Dollar","Kennedy Half Dollar","John F. Kennedy","Proof-63 Cameo","$42.50","$12 – $18","","",""
"1950","","Penny","Lincoln Cent","Lincoln Cent (Wheat Reverse)","Average Circulated","$0.70","$0.05 – $0.15","","",""
"1918","S","Half Dollar","Liberty Walking Half Dollar","Liberty Walking","Very Good","$49.50","$18 – $28","","",""
"2004","S","Quarter","State and Territory Quarters","Texas silver","Proof-63","22.5","Pending","","",""
"2017","P","1 Dollar","Native American Dollar","Cherokee Syllabary Sequoyah","Uncirculated","$8.75","$1.50 – $3.00","","",""
"2025","S","Quarter","American Women Quarters","Stacey Park Milbern","Proof-63","$10.95","$3 – $7","","",""
"2014","D","Quarter","America the Beautiful Quarters","Shenandoah National Park","Uncirculated","$1.25","$0.25 – $1.50","","",""
"2024","S","Quarter Dollar","American Women Quarters","Celia Cruz","Ch Proof-63","$8.95","","","",""
"1966","","Penny","Lincoln Cent","Abraham Lincoln","Mint State","$0.75","$0.15 – $3.00","","",""
"2024","","$1","The Statehood Innovation Dollar Coin Collection","Missouri","","$17.95","","","",""
"1982","S","Dime","Roosevelt Dime","Unmapped","Proof-63","$0.00","$1 – $3","","",""
"2021","S","Dime","America the Beautiful Quarters","Unmapped","Proof-63","2.50","$5 – $12","","",""
"1988","P","Dime","Roosevelt Dimes","Unmapped","Uncirculated","2.50","$1.00 – $3.00","","",""
"1905","Pending","Dime","Barber Series","Liberty Head","Good","$23.95","$3 – $25","","",""
"2003","P","1 Dollar","Sacagawea Dollar","Unmapped","Uncirculated","$16.95","$1.50 – $3.00","","",""
"1985","P","Quarter","Washington Silver Quarter","Unmapped","Uncirculated","3.10","Pending","","",""
"1973","S","Dollar","Eisenhower Dollar","Dwight D. Eisenhower","Proof-63","$25.95","Pending","","",""
"2006","S","Quarter","State and Territory Quarters","Nevada commemorative","Proof-63","22.5","$3 – $8","","",""
"2002","S","Quarter","State and Territory Quarters","Tennessee","Proof-63","7.95","$3 – $8","","",""
"2001","","Penny","Lincoln Cent Series","Abraham Lincoln","Uncirculated","$0.70","$0.10 – $1.00","","",""
"2020","S","Dime","America the Beautiful Quarters","Unmapped","Proof-63","16.75","$3 – $8","","",""
"1994","D","Penny","Lincoln Cent","Lincoln Head","Uncirculated (UNC)","$0.45","Pending","","",""
"2012","D","$1","Presidential $1 Coin Program","Grover Cleveland (Second Term)","Uncirculated","3.50","Pending","","",""
"1942","S","Half Dollar","Liberty Walking Half Dollar","Liberty Walking","Fine","$37.25","Pending","","",""
"1951","","Cent","Lincoln Wheat Cent","Unmapped","Circulated","$27.00","Pending","","",""
"1951","","Penny","Lincoln Cent","Wheat Reverse","Genuine","$0.00","$0.10 - $0.50","","",""
"2024","P","Dollar","American Innovation Dollars","Missouri - George Washington Carver","Uncirculated","$0.00","","","",""
"1970","S","Penny","Lincoln Head Penny","Large Date","Uncirculated","","$0.25 – $2.50","","",""
"1929","S","Penny","Lincoln Head Cent","Lincoln Head","Very Fine","$13.50","$1.50 – $3.50","","",""
"1951","","5-Coin Set","Time Capsule Year Set","Unmapped","Circulated","$135.00","","","",""
"1875","","Half Dollar","Liberty Seated","With Motto","Very Good","$135.00","$45 – $65","","",""
"2018","D","Quarter","America the Beautiful Quarters","Wisconsin Apostle Islands National Lakeshore","Uncirculated","$0.00","$0.25 – $1.50","","",""
"1940","","Penny","Lincoln Wheat Cent","Abraham Lincoln","Genuine","","$0.15 – $1.50","","",""
"1959","P","Nickel","Jefferson Nickel Series","Thomas Jefferson","Uncirculated","$1.10","$1.00 – $3.00","","",""
"1893","","","","Unmapped","Average Circulated","","Pending","","",""
"2008","D","$1","Presidential $1 Coin Program","Martin Van Buren","Uncirculated","5.50","$1.50 – $3.00","","",""
"1883","CC","$1","Morgan Dollar Series","Unmapped","NGC MS64","3047.26","$3,200 - $4,500","","",""
"1913","S","Penny","Lincoln Wheat Cent","Abraham Lincoln","Very Good","","$12 – $18","","",""
"1946","","Quarter","Washington Quarter","Unmapped","Circulated","$19.80","Pending","","",""
"1929","","Quarter","Standing Liberty Quarter","Unmapped","Good","$30.00","Pending","","",""
"2004","P","Quarter","State and Territory Quarters","Iowa","Uncirculated","1.95","$0.50 – $1.50","","",""
"1938","","Penny","Lincoln Wheat Cent Series","Abraham Lincoln","Not Graded","$0.00","$0.15 – $5.00","","",""
"1920","","Five Cents","The U.S. Nickel Collection","Unmapped","","$7.95","","","",""
"1974","D","Dime","Roosevelt Dimes","Unmapped","Uncirculated","2.25","$1.50 – $3.50","","",""
"1954","","Penny","Lincoln Wheat Cent Series","Abraham Lincoln","Not Graded","$0.00","$0.15 – $5.00","","",""
"1907","","$5 Legal Tender Note","American Paper Money Club","Large Size","Fine/Very Fine","$430.00","","","",""
"1954","","Penny","Lincoln Cent","Unmapped","Choice Proof 63","$27.50","Pending","","",""
"1847","","Large Cent","Braided Hair Large Cents","Liberty Head","Very Good","$85.50","$18 – $30","","",""
"1899","P","1 Dollar","Morgan Silver Dollars","Liberty Head","About Uncirculated","$356.00","Pending","","",""
"1943","","1 Cent","PDS Reprocessed Steel Cents","Lincoln Cent","Ungraded","$0.00","$0.50 – $2.00","","",""
"1916","","Penny","Lincoln Cent","Abraham Lincoln","Genuine","","$0.50 – $3.00","","",""
"1923","S","Peace Dollar","","Unmapped","Fine","$0.00","$30 – $38","","",""
"1878","Multiple","$1","Morgan Silver Dollar Set","Unmapped","About Uncirculated","1695","$45 – $125","","",""
"1966","","Quarter","Washington Silver Quarter","Unmapped","Uncirculated","4.95","$1 – $5","","",""
"1970","","Five Cents","The U.S. Nickel Collection","Unmapped","","$7.95","","","",""
"1862","","Seated Liberty Half Dime","","Unmapped","Extremely Fine","$121.50","$90 – $130","","",""
"2017","S","Quarter","National Park Quarters","Indiana George Rogers Clark National Historical Park","Proof-63","$5.50","$3 – $8","","",""
"2023","","Dollar","The Ultimate Modern Morgan and Peace Silver Dollar Collection","Morgan Dollar","Proof","$229.00","","","",""
"2021","S","Dollar","America the Beautiful Quarters","Unmapped","","","$350 – $550","","",""
"2025","D","Quarter Dollar","American Women Quarters","Ida B. Wells","Uncirculated","$1.00","","","",""
"1956","","Penny","Lincoln Wheat Cent","Abraham Lincoln","Genuine","","$0.05 – $0.15","","",""
"2008S","","","Clad Proof Set 14 coins","Unmapped","ch proof 63","$108.00","Pending","","",""
"1934","","Penny","Lincoln Cent","Abraham Lincoln","Genuine","","$0.15 – $3.00","","",""
"1962","D","Half Dollar","Franklin Half Dollar","Benjamin Franklin","Very Fine","$33.95","$11 – $14","","",""
"1918","","Penny","Lincoln Wheat Cent Series","Abraham Lincoln","Not Graded","$0.00","$0.15 – $15.00","","",""
"2006","D","Quarter","State and Territory Quarters","Colorado","Uncirculated","2.5","$0.50 – $1.50","","",""
"1892","","25 Cents","Barber Silver Quarters","Liberty Head","Ungraded","$31.00","$10 – $150","","",""
"1978","S","Kennedy Half Dollar","Kennedy Half Dollar","John F. Kennedy","Proof-63 Cameo","$6.95","$3 – $6","","",""
"1976","","Five Cents","The U.S. Nickel Collection","Unmapped","","$7.95","","","",""
"1867","","Half Dollar","Liberty Seated","With Motto","Average Circulated","$130.50","$75 – $125","","",""
"1992","D","Dime","Roosevelt Dimes","Unmapped","Uncirculated","2.00","$0.15 – $1.50","","",""
"2012","D","Penny","Lincoln Cent Series","Abraham Lincoln","Uncirculated","$0.25","$0.10 – $1.00","","",""
"1936","S","Five Cents","Buffalo Nickel","Unmapped","Average Circulated","$6.25","","","",""
"1857","","Half Dollar","Liberty Seated","No Motto","Very Good","$130.00","Pending","","",""
"1975","S","Penny","Lincoln Cent Series","Abraham Lincoln","Proof-63","$7.75","$1.50 – $4.00","","",""
"1906","D","Dime","Barber Series","Liberty Head","Average Circulated","$21.75","Pending","","",""
"2020","S","Quarter","National Park Quarters","Weir Farm National Historic Site","Mint State","$1.25","Pending","","",""
"1943","","Half Dollar","USA Invoice Import","Liberty Walking","Extra Fine","$0.00","","","",""
"1996","S","Dime","Roosevelt Dimes","Unmapped","Proof-63","32.50","Pending","","",""
"1902","O","1 Dollar","Morgan Silver Dollars","Unmapped","About Uncirculated 50","$99.50","Pending","","",""
"1854","","Large Cent","Braided Hair Large Cents","Liberty Head","Very Fine","$99.00","Pending","","",""
"1983","S","Kennedy Half Dollar","Kennedy Half Dollar","John F. Kennedy","Proof-63 Cameo","$9.75","Pending","","",""
"1959","D","Dime","Roosevelt Dimes","Unmapped","Uncirculated","points","Pending","","",""
"2005","P","Quarter","State and Territory Quarters","Minnesota","Uncirculated","2.5","$0.50 – $1.50","","",""
"1976","S","Quarter","Washington Silver Quarter","Unmapped","Proof-63","16.75","$8 – $15","","",""
"1908","","Penny","Indian Head Cent","Unmapped","Good","Points","$1.50 – $3.00","","",""
"1894","O","Half Dollar","Barber","Liberty Head","Very Good","$87.00","$125 – $175","","",""
"1912","S","Penny","Lincoln Wheat Cent","Abraham Lincoln","Very Good","","$18 – $28","","",""
"1979","S","Dime","USA Invoice Import","Unmapped","Choice Proof-63","$3.85","","","",""
"1979","D","Penny","Lincoln Cent","Unmapped","Uncirculated","$0.45","$0.15 – $1.50","","",""
"1964","","Half Dollar","Kennedy Half Dollar","Unmapped","Circulated","$5.99","Pending","","",""
"1903","O","Barber Silver Dimes","Barber Dimes","Liberty Head","Good","$26.95","$65 – $85","","",""
"2011","S","$1","Presidential $1 Coin Program","Andrew Johnson","Proof-63","24.00","$3 – $7","","",""
"1875","CC","Dime","Liberty Seated Silver Dime","Unmapped","Very Fine","$112.50","Pending","","",""
"2000","D","Kennedy Half Dollar","Kennedy Half Dollar","John F. Kennedy","Uncirculated","$8.95","Pending","","",""
"1962","","Half Dollar","Franklin Half Dollar","Benjamin Franklin","Extremely Fine","$42.95","Pending","","",""
"","","$500","American Paper Money Club","3rd Bank of the United States Philadelphia PA","Fine 15","$1,335.00","","","",""
"2004","S","Quarter","State and Territory Quarters","Michigan","Proof-63","22.5","Pending","","",""
"1955","","Five Cents","The U.S. Nickel Collection","Unmapped","","$7.95","","","",""
"2019","D","1 Dollar","Native American Dollar","Space Program","Uncirculated","$8.10","Pending","","",""
"2010","","Penny","America the Beautiful Quarters","Unmapped","Uncirculated","","Pending","","",""
"1927","S","Penny","Lincoln Cent Series","Abraham Lincoln","Average Circulated","$8.25","Pending","","",""
"2018","P","Quarter","National Park Quarters","Wisconsin Apostle Islands National Lakeshore","Uncirculated","$1.00","$0.50 – $2.00","","",""
"2023","S","Quarter","American Women Quarters","Bessie Coleman","Proof-63","$8.95","$3 – $7","","",""
"1976","D","Quarter","Washington Quarter","Unmapped","Uncirculated","2.10","$1.00 – $3.00","","",""
"1825","","Half Dollar","Capped Bust","Lettered Edge","Very Fine 35","$365.00","Pending","","",""
"1915","S","Penny","Lincoln Wheat Cent","Abraham Lincoln","Very Good","","$18 – $28","","",""
"1932","D","Penny","Lincoln Cent","Lincoln Portrait","Extremely Fine","$16.95","Pending","","",""
"1854","O","Half Dollar","Liberty Seated","With Arrows","Very Good","$121.50","Pending","","",""
"2017","S","Quarter","America the Beautiful Quarters","Missouri Ozark National Scenic Riverways","Proof-63","$5.50","Pending","","",""
"1967","","","Special Mint Set hard holder","Unmapped","uncirculated","$41.95","","","",""
"1980","S","Susan B. Anthony Dollar","Susan B. Anthony Dollar","Susan B. Anthony","Uncirculated","$7.95","Pending","","",""
"1961","D","Dime","Roosevelt Dimes","Unmapped","Average Circ","points","Pending","","",""
"1907","S","Half Dollar","Barber","Liberty Head","Circulated","$47.75","Pending","","",""
"1867","","Nickel","Shield Nickel","Rays","Extremely Fine","$293.00","Pending","","",""
"2010","S","Quarter","National Park Quarters","Connecticut Weir Farm National Historic Site","Proof-63","$5.65","Pending","","",""
"2024","D","Washington Quarter","American Women Quarters Program","Dr. Mary Edwards Walker","Uncirculated","$0.00","Pending","","",""
"1926","","Penny","Lincoln Cent","Abraham Lincoln","Genuine","","Pending","","",""
"1950","","Half Dollar","Franklin Half Dollar","Benjamin Franklin","About Uncirculated 50","$55.50","Pending","","",""
"1883","","Dime","Liberty Seated Silver Dime","Unmapped","Extremely Fine","$76.50","Pending","","",""
"1945","","Five Cents","The U.S. Nickel Collection","Unmapped","","$7.95","","","",""
"1992","D","Kennedy Half Dollar","Kennedy Half Dollar Series","John F. Kennedy","Uncirculated","$9.95","$1.00 – $3.00","","",""
"2007","P","1 Dollar","Sacagawea Dollar","Unmapped","Uncirculated","$8.25","$1.50 – $3.00","","",""
"1855","","Half Dollar","Liberty Seated","With Arrows","Extra Fine 4","$350.00","Pending","","",""
"1912","Pending","Dime","Barber Series","Liberty Head","Very Good","$17.00","Pending","","",""
"1941-45","","","World War II Coin collection","Unmapped","average circ","points","","","",""
"2004","S","Quarter","State and Territory Quarters","Wisconsin commemorative","Proof-63","22.5","Pending","","",""
"1948","","Half Dollar","Franklin Half Dollar","Benjamin Franklin","Very Choice Uncirculated","$135.00","Pending","","",""
"2018","P","Quarter","America the Beautiful Quarters","Georgia Cumberland Island National Seashore","Uncirculated","$1.00","Pending","","",""
"1900","","Penny","Indian Head Cent","Indian Head","Good","$0.00","Pending","","",""
"2019","S","Quarter","America the Beautiful Quarters","War in the Pacific National Historical Park","Proof-63 Cameo","$5.50","Pending","","",""
"1994","P","Dollar","American Eagle","Unmapped","Proof-63","$320.00","Pending","","",""
"1856","","Quarter","Liberty Seated","Liberty Seated, No Motto","Fine","$85.50","Pending","","",""
"2008","D","$1","Presidential $1 Coin Program","James Monroe","Uncirculated","4.50","Pending","","",""
"1819","","Half Dollar","Capped Bust Half Dollar","Capped Bust","Extremely Fine","$495.00","Pending","","",""
"1917","S","Dime","Mercury Dime","Mercury (Roman God)","EF-40","$36.00","Pending","","",""
"1898","P","Barber Silver Dimes","Barber Dimes","Liberty Head","Good","$24.95","Pending","","",""
"1986","P","Dime","Roosevelt Dimes","Unmapped","Uncirculated","4.25","Pending","","",""
"1989","P","Quarter","Washington Silver Quarter","Unmapped","Uncirculated","2.25","Pending","","",""
"2012","D","$1","Presidential $1 Coin Program","Chester A. Arthur","Uncirculated","4.75","$2.00 – $4.00","","",""
"2017","P","Quarter","National Park Quarters","Indiana George Rogers Clark National Historical Park","Uncirculated","$1.00","$0.50 – $2.00","","",""
"2025","","Quarter Dollar","American Women Quarters / The Celebrating America Coin Collection","Dr. Vera Rubin","","$17.95","","","",""
"1949","D","Dime","Roosevelt Dimes","Unmapped","Uncirculated","45.50","$8 – $15","","",""
"1957","D","Dime","Roosevelt Dimes","Unmapped","Uncirculated","24.50","$3 – $8","","",""
"1921","","Dollar","Peace Dollar","Unmapped","Ungraded","$0.00","$25 – $150","","",""
"1955","","Half Dollar","Franklin Half Dollar","Benjamin Franklin","Choice Proof 63","$174.00","$30 – $45","","",""
"1974","D","Dollar","Eisenhower Dollar","Dwight D. Eisenhower","MS-65","$65.00","Pending","","",""
"1952","","Quarter","Washington Quarter","Unmapped","Circulated","$21.80","Pending","","",""
"1932","","Penny","Lincoln Wheat Cent Series","Abraham Lincoln","Not Graded","$0.00","$0.15 – $5.00","","",""
"1874","","Quarter","Liberty Seated","Liberty Seated, Arrows at Date","Very Good","$195.00","$35 – $55","","",""
"1960","","Penny","Lincoln Cent","Lincoln Head","Uncirculated (UNC)","$0.40","$0.15 – $1.50","","",""
"1949","D","Nickel","Jefferson Nickel Series","Thomas Jefferson","Uncirculated","$24.00","$8 – $25","","",""
"1963","A","$1 Federal Reserve Note","American Paper Money Club Selection","Federal Reserve Note","Crisp Uncirculated","$15.25","","","",""
"1957","","Dime","Roosevelt Dime","Unmapped","Circulated","$21.80","Pending","","",""
"2004","D","1 Dollar","Sacagawea Dollar","Unmapped","Uncirculated","$13.00","$1.50 – $3.00","","",""
"1950","D","Half Dollar","Franklin Half Dollar","Benjamin Franklin","Very Fine","$39.50","Pending","","",""
"1982","D","Penny","Lincoln Head Penny","Lincoln Portrait","Uncirculated","$1.00","Pending","","",""
"2005","D","Dime","Roosevelt Dimes","Unmapped","Uncirculated","2.00","Pending","","",""
"1899","O","Half Dollar","Barber","Liberty Head","Ungraded","$52.00","Pending","","",""
"1971","S","Kennedy Half Dollar","Kennedy Half Dollar","John F. Kennedy","Proof-63 Cameo","$9.75","Pending","","",""
"1924","","Penny","Lincoln Wheat Cent Series","Abraham Lincoln","Not Graded","$0.00","$0.15 – $15.00","","",""
"1865","","Half Dollar","The Half Dollar Club Selection","Liberty Seated","Fine #2 Qual","$270.00","","","",""
"1943","","Dime","","Winged Liberty Head","Fine","$15.50","Pending","","",""
"2019","P","Quarter","National Park Quarters","San Antonio Missions National Historical Park","Uncirculated","$1.75","$0.25 – $1.00","","",""
"1879","P","Half Dollar","Liberty Walking Half Dollar","Unmapped","Very Fine","$80.00","Pending","","",""
"1919","","Penny","Lincoln Cent","Lincoln Cent (Wheat Reverse)","Good","$2.95","$0.15 – $0.50","","",""
"2024","","Washington Quarter","American Women Quarters Program","Rev. Dr. Pauli Murray","Ungraded","$17.95","$0.25 – $1.00","","",""
"1946","S","Penny","Lincoln Head Penny","Unmapped","Uncirculated","","$2.00 – $6.00","","",""
"1937","","Penny","Lincoln Wheat Cent Series","Abraham Lincoln","Not Graded","$0.00","$0.15 – $15.00","","",""
"","D","Dime","Historic U.S. Silver Coins","Unmapped","Uncirculated","$0.00","Pending","","",""
"2009","D","Penny","Lincoln Head Penny","Formative Years Reverse","Uncirculated","","$0.25 – $1.50","","",""
"2020","S","Quarter","National Park Quarters","Marsh-Billings-Rockefeller National Historical Park","Mint State","$1.25","$3 – $8","","",""
"1883","CC","$1","Morgan Silver Dollar","Unmapped","Uncirculated W/Original Gov't Box & COA","695","$325 – $425","","",""
"2004S","","","Clad  Proof Set 11 coins","Unmapped","ch proog 63","$40.50","$25 – $35","","",""
"1961","","Penny","Lincoln Head Penny","Unmapped","Proof-63","$1.25","$2 – $5","","",""
"2019","S","Quarter","National Park Quarters","American Memorial Park","Proof-63","$15.99","$10 – $18","","",""
"1899","","Cent","Indian Head Cent","Unmapped","Good","$8.25","Pending","","",""
"1954","S","Dime","Roosevelt Dimes","Unmapped","Uncirculated","13.95","$6 – $12","","",""
"1915","","Half Dollar","Barber","Liberty Head","Very Good","$225.00","$22 – $35","","",""
"1920","P","Half Dollar","Liberty Walking Half Dollar","Liberty Walking","Very Good","$55.00","Pending","","",""
"1937-2004","","Five Cents","The U.S. Nickel Collection","Shipment 1","","$31.80","","","",""
"1948","","Nickel","Jefferson Nickel","America Revisited Selection","Circulated","$34.00","Pending","","",""
"1937","","Five Cents","USA Invoice Import","Unmapped","Very Fine","$0.00","","","",""
"1919","","Penny","Lincoln Wheat Cent","Abraham Lincoln","Genuine","","$0.15 – $1.50","","",""
"1963","","$1 Federal Reserve Note","American Paper Money Club Selection","Federal Reserve Note","Crisp Uncirculated","$16.25","","","",""
"2003","P","Kennedy Half Dollar","Kennedy Half Dollar Series","John F. Kennedy","Uncirculated","$5.25","$1.50 – $3.50","","",""
"2015","P","Kennedy Half Dollar","Kennedy Half Dollar","John F. Kennedy","Uncirculated","$1.95","Pending","","",""
"1977","D","Quarter","Washington Silver Quarter","Unmapped","Uncirculated","1.85","Pending","","",""
"2005","","Dollar","American Eagle","Unmapped","Uncirculated","$53.50","$38 – $48","","",""
"2023","","Peace Dollar","Modern Peace Dollar","Unmapped","Ungraded","","$75 – $95","","",""
"2009","P","Quarter","State and Territory Quarters","Northern Mariana Islands Territory Commemorative","Uncirculated","2.5","$0.50 – $1.50","","",""
"1971","S","Penny","Lincoln Head Penny","Lincoln Portrait","Uncirculated","$1.40","$0.25 – $1.50","","",""
"2010","S","Quarter","America the Beautiful Quarters","Yosemite National Park","Proof-63 Cameo","$26.00","$8 – $15","","",""
"1912","","Penny","Lincoln Head Penny","Abraham Lincoln","Very Fine","$20.75","Pending","","",""
"1990","S","Quarter","Washington Silver Quarter","Unmapped","Proof-63","8.25","$5 – $10","","",""
"2008","P","1 Dollar","Sacagawea Dollar","Unmapped","Uncirculated","$14.00","Pending","","",""
"1940","","Penny","Lincoln Cent Series","Abraham Lincoln","Average Circulated","$0.90","Pending","","",""
"1942","D","Quarter","Washington Silver Quarter","Unmapped","Very Good","26.50","Pending","","",""
"1855","","Large Cent","Braided Hair Large Cents","Liberty Head","Fine","$85.50","Pending","","",""
"1939","S","Dime","Mercury Dime","Winged Liberty Head","Average Circulated","Points","Pending","","",""
"1946","","Nickel","Jefferson Nickel","Unmapped","Circulated","$19.80","Pending","","",""
"1956","P","Nickel","Jefferson Nickel Series","Thomas Jefferson","Average Circulated","$0.80","Pending","","",""
"1858","","Seated Liberty Half Dime","","Stars","Very Fine","$85.00","$35 – $55","","",""
"1952","D","Half Dollar","Franklin Half Dollar","Benjamin Franklin","Average Circulated","$29.75","$12 – $16","","",""
"1978","","Dollar","Eisenhower Dollar","Dwight D. Eisenhower","Uncirculated","$0.00","$3 – $8","","",""
"1903","P","Barber Silver Dimes","Barber Dimes","Liberty Head","Very Good","$28.50","$4.50 – $7.00","","",""
"2009","S","Quarter","State and Territory Quarters","Puerto Rico Territory Commemorative","Proof-63","10.75","Pending","","",""
"1974","S","Dollar","Eisenhower Dollar","Dwight D. Eisenhower","Uncirculated","$40.50","$12 – $20","","",""
"1983","S","Quarter","Washington Silver Quarter","Unmapped","Proof-63","4.75","$3 – $7","","",""
"2005","D","Penny","Lincoln Cent","Abraham Lincoln","Mint State","$0.35","$0.15 – $1.00","","",""
"2000","","Five Cents","The U.S. Nickel Collection","Unmapped","","$7.95","","","",""
"2015","S","$1","Presidential $1 Coin Program","Harry S. Truman","Proof-63","8.75","$3 – $7","","",""
"2001","P","Quarter","State and Territory Quarters","North Carolina","Uncirculated","2.25","$0.50 – $2.00","","",""
"2014","D","$1","Presidential $1 Coin Program","Warren G. Harding","Uncirculated","3.50","$2.00 – $4.00","","",""
"1837","","Half Dime","Capped Bust","Unmapped","About Uncirculated","475.00","$450 – $750","","",""
"1978","","Dollar","Eisenhower Dollar","Dwight D. Eisenhower","Uncirculated","$12.25","Pending","","",""
"1895","S","Barber Silver Dimes","Barber Dimes","Liberty Head","About Fine","$230.00","Pending","","",""
"2009","P","Quarter","State and Territory Quarters","District of Columbia","Uncirculated","2.75","$0.50 – $1.50","","",""
"1998","S","Quarter","Washington Silver Quarter","Unmapped","Proof-63","16.25","$5 – $10","","",""
"1934","","Cent","Lincoln Wheat Cent","Unmapped","Circulated","$27.60","Pending","","",""
"1906-2010","","Five Cents","The U.S. Nickel Collection","Liberty Head and Jefferson Nickels","","$31.80","","","",""
"1981","S","Susan B. Anthony Dollar","Susan B. Anthony Dollar","Susan B. Anthony","Proof-63","$17.95","$5 – $10","","",""
"1909","O","25 Cents","Barber Silver Quarters","Liberty Head","Ungraded","$76.00","Pending","","",""
"2013","D","1 Dollar","Native American Dollar","Native American","Uncirculated","$2.95","$2.00 – $4.00","","",""
"1924","","Quarter","Standing Liberty Silver Quarter","Unmapped","Extremely Fine","$85.50","Pending","","",""
"1954","","Half Dollar","Franklin Half Dollar","Benjamin Franklin","Average Circulated","$0.00","Pending","","",""
"1942","P","Nickel","Jefferson Nickel Series","Thomas Jefferson, Wartime Nickel","Average Circulated","$9.25","Pending","","",""
"1878","P","1 Dollar","Morgan Silver Dollars","Liberty Head","About Uncirculated","$112.00","Pending","","",""
"2012","S","Quarter","National Park Quarters","Maine Acadia National Park","Proof-63","$5.50","Pending","","",""
"1956","D","Dime","Roosevelt Dimes","Silver","Average Circulated","Points","Pending","","",""
"2016S","","","Clad  Proof Set 13 coins","Unmapped","ch proog 63","$119.00","","","",""
"2004","D","Penny","Lincoln Cent","Lincoln Memorial Reverse","Uncirculated","$1.50","$0.10 - $0.50","","",""
"1989","P","Dime","Roosevelt Dimes","Unmapped","Uncirculated","2.50","Pending","","",""
"1914","S","25 Cents","Barber Silver Quarters","Liberty Head","Very Good","$350.00","Pending","","",""
"1999","S","Quarter","State and Territory Quarters","Delaware Silver","Proof-63","52.5","Pending","","",""
"2016","S","$1","America the Beautiful Quarters","Unmapped","Proof-63","9.95","Pending","","",""
"1969","S","Dime","Roosevelt Dimes","Unmapped","Proof-63","3.25","Pending","","",""
"1992","S","Penny","Lincoln Cent","Lincoln Head","Proof 63 (PR63)","$2.95","Pending","","",""
"1834","","Capped Bust Silver Half Dollar","Capped Bust Half Dollar","Capped Bust Liberty","AU53","$750.00","Pending","","",""
"2019","S","Quarter","National Park Quarters","Frank Church River of No Return Wilderness","Proof-63","$15.99","$10 – $18","","",""
"1977","S","Kennedy Half Dollar","Kennedy Half Dollar Series","John F. Kennedy","Choice Proof 63","$7.25","$3 – $7","","",""
"1937","","Dime","Mercury Dime","Unmapped","Circulated","$26.20","Pending","","",""
"1971","S","1 Dollar","Eisenhower Dollar","Dwight D. Eisenhower","Proof-63","$31.35","$10 – $15","","",""
"2001","P","Roosevelt Dime","","Unmapped","Uncirculated","$0.00","$0.15 – $1.00","","",""
"1999","D","Quarter","State and Territory Quarters","Georgia","Uncirculated","5.75","$0.50 – $1.50","","",""
"2002","D","Penny","Lincoln Cent","Lincoln Memorial Reverse","Uncirculated","$1.50","$0.10 - $0.50","","",""
"1942","D","Half Dollar","Liberty Walking Half Dollar","Liberty Walking","Extremely Fine","$37.00","Pending","","",""
"1885","CC","Dollar","Morgan Silver Dollar","Liberty Head, Eagle","Uncirculated","$1095.00","$850 – $1,150","","",""
"1911","","Penny","Lincoln Cent Series","Abraham Lincoln","Average Circulated","$270.00","$1.00 – $2.50","","",""
"1920","S","Penny","Lincoln Cent","Abraham Lincoln","Good","$3.95","$0.50 – $1.50","","",""
"2001","P","Quarter","State and Territory Quarters","Vermont","Uncirculated","2.25","$1.00 – $3.00","","",""
"2023","","Quarter Dollar","American Women Quarters / The Celebrating America Coin Collection","Jovita Idar","","$17.95","","","",""
"1932","D","Penny","Lincoln Cent","Abraham Lincoln","About Good","$8.75","Pending","","",""
"1877","S","Half Dollar","Liberty Seated","With Motto","Good","$110.00","$35 – $55","","",""
"1900-2014","","Five Cents","The U.S. Nickel Collection","Shipment 14","Unknown","$31.80","","","",""
"1877","","Quarter","Liberty Seated","Unmapped","Very Fine","$99.00","$45 – $75","","",""
"1918","","Penny","Lincoln Wheat Cent Series","Abraham Lincoln","Not Graded","$0.00","$0.15 – $15.00","","",""
"2008","S","Quarter","State and Territory Quarters","New Mexico","Proof-63","17.95","$3 – $8","","",""
"1961","","Penny","Lincoln Head Penny","Abraham Lincoln","Choice Proof 63","$1.50","$1 – $3","","",""
"1990","","Penny","Lincoln Cent","Abraham Lincoln","Mint State","$0.55","$0.15 – $1.50","","",""
"2018","D","Quarter","America the Beautiful Quarters","Rhode Island Block Island National Wildlife Refuge","Uncirculated","$1.00","$0.25 – $1.50","","",""
"1942","","Coin Set","Birth Year Coin and Silver Commemorative Set","Unmapped","Ungraded","$269.00","$125 – $225","","",""
"1997","D","Penny","Lincoln Cent Series","Abraham Lincoln","Uncirculated","$0.50","$0.15 – $1.50","","",""
"1955","","Dime","Roosevelt Dime","America Revisited Selection","Circulated","$37.00","Pending","","",""
"1958","","Dime","Mercury Dime","Winged Liberty Head","Average Circulated","Points","$2 – $4","","",""
"1820","","Capped Bust Silver Dime","Capped Bust Dime","Liberty Seated (Capped Bust)","Very Good","$256.00","Pending","","",""
"1947","D","Half Dollar","Liberty Walking Half Dollar","Liberty Walking","Very Good","$41.95","$13 – $16","","",""
"2019","PDS","Quarter","America the Beautiful Quarters","National Parks","Ungraded","$14.95","$0.25 – $15.00","","",""
"1976","D","Dollar","U.S. Bicentennial","Bicentennial Drummer (Type II)","UNC 63","$31.35","$4 – $8","","",""
"1882","O","Dollar","Morgan Silver Dollar","Liberty Head, Eagle","About Uncirculated","$90.00","Pending","","",""
"","","","","Unmapped","Ungraded","$0.00","Pending","","",""
"1862","","$3 State Note","State of Missouri Note","Jefferson City","Crisp Unused","$205.00","","","",""
"1835","","Capped Bust Half Dime","","Liberty","AF","$175.00","Pending","","",""
"1983","","Penny","Lincoln Memorial Cent","Lincoln Head","Uncirculated","$0.95","$0.15 – $1.50","","",""
"1957","","Penny","Lincoln Cent","Abraham Lincoln","Mint State","$1.65","$2 – $15","","",""
"1962","","Penny","Lincoln Head Penny","Abraham Lincoln","Uncirculated","$0.50","$0.15 – $1.50","","",""
"2020","","Dollar","American Innovation Dollar","West Virginia Seneca","Uncirculated","$5.95","$1.50 – $3.00","","",""
"1955","","Quarter","Washington Silver Quarter","Unmapped","Avg Cir","17.75","$6 – $9","","",""
"1989","","Penny","Lincoln Cent","Lincoln Head","Uncirculated (UNC)","$0.50","$0.15 – $1.00","","",""
"1863","","Seated Liberty Half Dime","","Unmapped","Very Choice Uncirculated","$1450.00","$450 – $650","","",""
"1890","","Dollar","Morgan Silver Dollar","Liberty Head, Eagle","Uncirculated","$108.00","$65 – $110","","",""
"1887","S","Dime","Liberty Seated Silver Dime","Unmapped","Very Fine","$58.50","$15 – $30","","",""
"1873","","Nickel","","Unmapped","Fine","$70.00","$15 – $25","","",""
"2024","D","","U.S. Uncirculated Coin Mint Sets","2024 Denver Mint Panel","Uncirculated","$39.95","","","",""
"1945","S","Penny","Lincoln Head Cent","Lincoln Head","Uncirculated","$10.25","$2 – $8","","",""
"1945","","Penny","Lincoln Wheat Cent","Abraham Lincoln","Genuine","","$0.15 – $1.50","","",""
"2017","S","Quarter","National Park Quarters","Iowa Effigy Mounds National Monument","Proof-63","$5.50","$3 – $8","","",""
"1917","S","Half Dollar","Liberty Walking Half Dollar","Liberty Walking","Average Circulated","$63.00","$45 – $125","","",""
"2019","P","Dime","America the Beautiful Quarters","Unmapped","Uncirculated","1.75","$1 – $3","","",""
"1915","D","25 Cents","Barber Silver Quarters","Liberty Head","Ungraded","$26.00","$10 – $150","","",""
"2001","P","Kennedy Half Dollar","Kennedy Half Dollar Series","John F. Kennedy","Uncirculated","$5.25","$1 – $3","","",""
"2021S","","Quarter","Washington Crossing the Delaware","Unmapped","proof","$6.25","","","",""
"1934","A","$10 Federal Reserve Note","American Paper Money Club Selection","Federal Reserve Note","Fine","$60.50","","","",""
"1946","","Quarter","State and Territory Quarters","Unmapped","MS-66","315.0","$45 – $75","","",""
"1950","","Penny","Lincoln Wheat Cent","Abraham Lincoln","Genuine","","$0.15 – $1.50","","",""
"1927","","Dime","Mercury Dime","Winged Liberty Head","Average Circulated","Points","Pending","","",""
"1970","","Mixed","Year Sets: America Revisited Selection","5-Coin Year Set","Uncirculated","$112.00","","","",""
"2005","S","Penny","Lincoln Cent","Lincoln Cent (Memorial Reverse)","Choice Proof 63","$3.50","$1 – $3","","",""
"1923","","Nickel","","Unmapped","Average Circulated","$0.00","$1.50 – $4.00","","",""
"1933","","Penny","Lincoln Wheat Cent","Abraham Lincoln","Genuine","","Pending","","",""
"1976","D","Kennedy Half Dollar","Kennedy Half Dollar Series","John F. Kennedy","Uncirculated","$3.50","$1.50 – $3.50","","",""
"2025","S","Quarter Dollar","American Women Quarters","Althea Gibson","Choice Proof-63","$10.95","","","",""
"1943","P","Five Cents","USA Invoice Import","Wartime Nickel","Average Circulated","$10.55","","","",""
"1813","","Capped Bust Silver Half Dollar","Capped Bust Half Dollar","Capped Bust Liberty","VF/XF","$595.00","$175 – $325","","",""
"2020","P","Dollar","The Complete 2020 American Eagle NGCX Silver Dollar Set","Emergency Issue","","$298.00","","","",""
"1936","","Penny","Lincoln Wheat Cent","Abraham Lincoln","Genuine","","$0.15 – $2.50","","",""
"1912","D","Penny","Lincoln Cent Series","Abraham Lincoln","Average Circulated","$24.75","$5 – $12","","",""
"1899","P","Barber Silver Dimes","Barber Dimes","Liberty Head","Good","$24.95","$3 – $6","","",""
"1994","D","Dime","Roosevelt Dimes","Unmapped","Uncirculated","2.50","$1 – $3","","",""
"1937","","Penny","Lincoln Wheat Cent Series","Abraham Lincoln","Not Graded","$0.00","$0.15 – $15.00","","",""
"2001","S","1 Dollar","Sacagawea Dollar","Unmapped","Proof-63","$43.95","$5 – $10","","",""
"1870","","Nickel","","Unmapped","Fine","$63.00","$120 – $180","","",""
"1956","","Penny","Lincoln Cent","Lincoln Head","Uncirculated","$2.25","$1.00 – $3.00","","",""
"1807","","Half Dollar","Capped Bust","Unmapped","Fine-15","$950.00","","","",""
"1963","D","Dime","Roosevelt Dime Series","Unmapped","Average Circulated","$0.00","$2.00 – $3.00","","",""
"1889","Multiple","$1","Morgan Silver Dollar","Unmapped","About Uncirculated","4995","$45 – $25,000","","",""
"2004","S","Penny","Lincoln Cent","Abraham Lincoln","Proof-63","$3.50","$1.00 – $3.00","","",""
"2011","W","Dollar","American Eagle Silver Dollar Collection","American Eagle","","$174.00","","","",""
"1976","","Kennedy Half Dollar","Kennedy Half Dollar Series","John F. Kennedy","Uncirculated","$3.95","Pending","","",""
"1938","","Penny","Lincoln Wheat Cent Series","Abraham Lincoln","Not Graded","$0.00","Pending","","",""
"2013","P","Kennedy Half Dollar","Kennedy Half Dollar Series","John F. Kennedy","Uncirculated","$1.95","Pending","","",""
"","","","George Washimgtom Coin Note and stamp set","Unmapped","","$29.95","","","",""
"2009","S","Dime","Roosevelt Dimes","90% silver","Proof-63","23.95","$4 – $8","","",""
"1992","S","Dime","Roosevelt Dimes","90% silver","Proof-63","25.50","$2 – $5","","",""
"2006","S","Quarter","State and Territory Quarters","North Dakota commemorative","Proof-63","3.6","$3 – $8","","",""
"1945","S","Dime","Mercury Dime","Winged Liberty Head","Gem Uncirculated 65","$210.00","$30 – $45","","",""
"1964","","Dime","Roosevelt Dime","Unmapped","Ch Proof-63","$26.95","$3 – $6","","",""
"2008","","Dollar","American Eagle","Unmapped","Uncirculated","$53.50","$38 – $48","","",""
"1935","","Dollar","Rarely Seen Peace Silver Dollars","Peace Dollar","","$198.00","","","",""
"1935","","","America Revisited Selection","5-Coin Time Capsule Year Set","Circulated","$102.00","","","",""
"1993","D","Dime","Roosevelt Dime","Unmapped","Uncirculated","3.25","$1 – $3","","",""
"2023","S","Quarter","American Women Quarters","Jovita Idar","Proof-63","$8.95","Pending","","",""
"1876","CC","Dime","Liberty Seated Dime","Unmapped","Very Fine/Extremely Fine","$135.00","$125 – $250","","",""
"1862","S","Half Dollar","Liberty Seated","No Motto","Very Good","$130.50","Pending","","",""
"1878","S","Dollar","Morgan Dollar","Liberty Head, Eagle","Uncirculated","$135.00","$85 – $175","","",""
"2023","","Dollar","The Ultimate Modern Morgan and Peace Silver Dollar Collection","Peace","Uncirculated","$229.00","","","",""
"2003","S","Quarter","State and Territory Quarters","Missouri","Proof-63","8.5","Pending","","",""
"1837","","Penny","Coronet Head Large Cent","Liberty Head","VF-20","$135.00","Pending","","",""
"1977","","Penny","Lincoln Cent Series","Abraham Lincoln","Uncirculated","$0.40","Pending","","",""
"1924","S","Dollar","Peace Dollar","Unmapped","Very Fine","$90.00","Pending","","",""
"2010","S","Quarter","America the Beautiful Quarters","Hot Springs National Park","Proof-63 Cameo","$25.00","Pending","","",""
"2009","D","Penny","Lincoln Cent","Lincoln Bicentennial, Formative Years Reverse","Uncirculated","$1.00","$0.50 - $2.00","","",""
"","","$25","American Gold Eagle","Unmapped","MS-65","$1125.00","Pending","","",""
"1977","S","Dollar","Eisenhower Dollar","Dwight D. Eisenhower","Proof-63","$19.50","Pending","","",""
"2020","S","Quarter","National Park Quarters","Marsh-Billings-Rockefeller National Historical Park","Proof-63","$12.00","Pending","","",""
"2025","","Quarter Dollar","American Women Quarters / The Celebrating America Coin Collection","J Juliette Gordon Low","","$17.95","","","",""
"2009","P","Quarter","State and Territory Quarters","US Virgin Islands Commemorative","Uncirculated","5.25","$0.50 – $1.50","","",""
"2013","","Five Cents","The U.S. Nickel Collection - Shipment 11","Thomas Jefferson","","$7.95","","","",""
"1946","S","Half Dollar","Liberty Walking Half Dollar","Unmapped","Fine","$42.95","Pending","","",""
"1824","","Seated Liberty Dime","","4 Over 2","Good 6","300.00","$45 – $65","","",""
"1945","D","Quarter","Washington Silver Quarter","Unmapped","Extremely Fine","28.75","$8 – $12","","",""
"1957","","Cent","Lincoln Wheat Cent","Unmapped","Circulated","$21.80","Pending","","",""
"1883","","$1.0","Morgan Dollar Series","Unmapped","NGC MS63","2492.37","Significant premium over a non-VAM coin in the same grade","","",""
"2020","W","Dollar","America the Beautiful Quarters","Unmapped","","$298.00","","","",""
"2014","D","1 Dollar","America the Beautiful Quarters","Unmapped","Uncirculated","$3.50","Pending","","",""
"2010","D","$1","Presidential $1 Coin Program","James Buchanan","Uncirculated","4.50","Pending","","",""
"2024","S","Quarter","American Women Quarters Program","Pauli Murray","Choice Proof-63","$8.95","Pending","","",""
"2015","P","1 Dollar","America the Beautiful Quarters","Unmapped","Uncirculated","$2.95","Pending","","",""
"1993","S","Dime","Roosevelt Dimes","Unmapped","Proof-63","19.00","Pending","","",""
"1946","","Half Dollar","Walking Liberty Half Dollar","Unmapped","Circulated","$19.80","Pending","","",""
"1993","","Dollar","The Complete Original-Design Proof Silver Eagle Dollar Collection","American Eagle","Proof","$187.00","","","",""
"1960","D","Penny","Lincoln Head Penny","Large Date","Uncirculated","","Pending","","",""
"1979-99","","","Susan B. Anthony 4 coin Year Set","Unmapped","uncirculated","$66.00","","","",""
"1812","","Capped Bust Silver Half Dollar","Capped Bust Half Dollar","Capped Bust Liberty","Extremely Fine","$695.00","Pending","","",""
"1914","","Penny","Lincoln Head Cent","Unmapped","Average Circulated","$2.70","Pending","","",""
"1973","D","Penny","Lincoln Cent","Unmapped","Uncirculated (UNC)","$0.40","Pending","","",""
"2017S","","","Clad Proof Set 10 coins","Unmapped","ch proof 63","$126.00","","","",""
"1961","","Half Dollar","Franklin Half Dollar","Benjamin Franklin","Choice Proof 63","$45.50","Pending","","",""
"1951","S","Quarter","Washington Silver Quarter","Unmapped","Extremely Fine","26.95","Pending","","",""
"1930","S","Penny","Lincoln Head Penny","Unmapped","Average Circulated","","Pending","","",""
"1931","S","Penny","Lincoln Head Penny","Abraham Lincoln","About Uncirculated #2","$239.00","Pending","","",""
"","","Five Cents","The U.S. Nickel Collection","Shipment 14","","$31.80","","","",""
"2009","P","1 Dollar","Native American Dollar","Native American","Uncirculated","$2.95","Pending","","",""
"1932","","Penny","Lincoln Cent Series","Abraham Lincoln","Very Good","$11.50","Pending","","",""
"2021","S","Kennedy Half Dollar","Kennedy Half Dollar Series","John F. Kennedy","Choice Proof 63","$67.50","Pending","","",""
"1923","","Penny","Lincoln Wheat Cent Series","Abraham Lincoln","Not Graded","$0.00","Pending","","",""
"1878","","1 Dollar","Morgan Silver Dollars","Unmapped","Extremely Fine","$108.00","Pending","","",""
"1818","","Capped Bust Silver Quarter","","Unmapped","Very Good","$266.00","Pending","","",""
"1975","D","Penny","Lincoln Cent","Lincoln Memorial Reverse","Uncirculated","$2.00","$0.10 - $0.75","","",""
"1961","","Quarter","Washington Silver Quarter","Unmapped","Uncirculated","24.50","$8 – $15","","",""
"2010","P","Quarter","National Park Quarters","Oregon Mount Hood National Forest","Uncirculated","$1.50","$0.50 – $1.50","","",""
"1911","","Penny","Lincoln Wheat Cent Series","Abraham Lincoln","Not Graded","$0.00","$0.15 – $15.00","","",""
"2024","D","Dollar","U.S. Innovation Dollar","Direct Current Defibrillator","Uncirculated","$0.00","$1.50 – $3.00","","",""
"1992","D","Quarter","Washington Silver Quarter","Unmapped","Uncirculated","2.95","$1 – $3","","",""
"1976","S","Quarter","Washington Silver Quarter","Unmapped","Uncirculated","13.50","$8 – $15","","",""
"1936","","Dime","Mercury Dime","Winged Liberty Head","Average Circulated","$11.75","$2.50 – $4.50","","",""
"1900","S","1 Dollar","Morgan Dollar","Unmapped","Very Fine","$112.50","$45 – $65","","",""
"2010","D","1 Dollar","America the Beautiful Quarters","Unmapped","Uncirculated","$8.95","$1.50 – $3.00","","",""
"2013","D","$1","Presidential $1 Coin Program","Theodore Roosevelt","Uncirculated","2.95","Pending","","",""
"1963","D","Penny","Lincoln Cent","Abraham Lincoln","Mint State","$0.40","$0.15 – $3.00","","",""
"2007","S","Quarter","State and Territory Quarters","Montana","Proof-63","19.25","$3 – $8","","",""
"1911","","Penny","Lincoln Wheat Cent Series","Abraham Lincoln","Not Graded","$0.00","$0.15 – $15.00","","",""
"1938","","Quarter","Washington Silver Quarter","Unmapped","Fine","26.25","$7 – $10","","",""
"1970","D","Penny","Lincoln Cent","Lincoln Head","Uncirculated (UNC)","$0.55","$0.15 – $1.50","","",""
"1989","S","Kennedy Half Dollar","Kennedy Half Dollar Series","John F. Kennedy","Choice Proof 63","$15.00","$3 – $7","","",""
"1900","O & CC","$1","Morgan Silver Dollar","Unmapped","","1495.0","$100 – $25,000","","",""
"1980","P","Quarter","Washington Silver Quarter","Unmapped","Uncirculated","1.75","$1 – $3","","",""
"2010","S","Kennedy Half Dollar","Kennedy Half Dollar Series","John F. Kennedy","Choice Proof 63","$58.50","Pending","","",""
"1972","D","Penny","Lincoln Head Penny","Abraham Lincoln","Uncirculated","$0.95","Pending","","",""
"2002","D","Penny","Lincoln Head Penny","Unmapped","Uncirculated","","Pending","","",""
"1982","D","Penny","Lincoln Head Penny","Large Date Zinc","Uncirculated","","Pending","","",""
"1944","S","Dime","Mercury Dime","Winged Liberty Head","Extremely Fine","$22.50","Pending","","",""
"1905","S","$10","Indian Head Gold Eagle","Indian Head","MS-63","$1095.00","Pending","","",""
"2007","P","Quarter","State and Territory Quarters","Idaho","Uncirculated","2.5","Pending","","",""
"1962","","Half Dollar","Franklin Half Dollar","Time Capsule Year Set","Circulated","$15.99","Pending","","",""
"2024","D","1 Quarter","American Women Quarters Program","Celia Cruz","Uncirculated","$1.00","$0.50 – $2.00","","",""
"1833","","Capped Bust Silver Half Dollar","Capped Bust Half Dollar","Capped Bust Liberty","Choice AU","$895.00","Pending","","",""
"2012","W","Dollar","America the Beautiful Quarters","Unmapped","Proof-63","$119.00","Pending","","",""
"1978","S","Dime","Roosevelt Dimes","Unmapped","Proof-63","3.75","Pending","","",""
"1850","","Half Dollar","The Half Dollar Club Selection","Liberty Seated","Borderline Uncirculated-58 #2","$2070.00","","","",""
"1948","","Dime","Roosevelt Dime","America Revisited Selection","Circulated","$34.00","Pending","","",""
"1935-2006","","Five Cents","The U.S. Nickel Collection","Shipment 2","","$31.80","","","",""
"1991","","Five Cents","The U.S. Nickel Collection","Unmapped","","$7.95","","","",""
"1857","","Dime","U.S. Dime Collection Selection","Liberty Seated","Very Good","$69.00","","","",""
"1907","Pending","Dime","Barber Series","Liberty Head","Good","$22.95","Pending","","",""
"1924","","Penny","Lincoln Cent Series","Abraham Lincoln","Extremely Fine","$23.00","Pending","","",""
"1894","P","1 CENT","Indian Head Cents","Unmapped","G-VG","19.95","Pending","","",""
"1912","D","Dime","Barber Series","Liberty Head","Good","$16.00","Pending","","",""
"2012","S","Quarter","National Park Quarters","Puerto Rico El Yunque National Forest","Uncirculated","$3.50","Pending","","",""
"1944","","Dime","Mercury Dime","Winged Liberty Head","Average Circulated","$12.25","Pending","","",""
"1939","D","Half Dollar","Liberty Walking Half Dollar","Liberty Walking","Very Good","$42.95","Pending","","",""
"1930","","Penny","Lincoln Cent","Abraham Lincoln","Genuine","","Pending","","",""
"2023","","Dollar","The Ultimate Modern Morgan and Peace Silver Dollar Collection","Unmapped","Reverse Proof","$229.00","","","",""
"2023","D","Quarter","American Women Quarters","Edith Kanaka'ole","Uncirculated","$1.00","Pending","","",""
"1964","","Dime","USA Invoice Import","Unmapped","Average Circulated","$0.00","","","",""
"1943","P","Nickel","Jefferson Wartime Nickel","Unmapped","Circulated","$10.55","Pending","","",""
"1999","S","Dime","Roosevelt Dimes","Unmapped","Proof-63","29.50","Pending","","",""
"1883","S","1 Dollar","Morgan Silver Dollars","Liberty Head","Extremely Fine","$125.00","Pending","","",""
"1973","S","Dollar","USA Invoice Import","Unmapped","Uncirculated","$0.00","","","",""
"2010","","Dollar","The Complete Original-Design Proof Silver Eagle Dollar Collection","American Eagle","Proof","$187.00","","","",""
"1955","","Nickel","Jefferson Nickel","America Revisited Selection","Circulated","$37.00","Pending","","",""
"2025","S","Quarter","American Women Quarters","Juliette Gordon Low","Proof-63","$34.95","$15 – $25","","",""
"1925","","Penny","Lincoln Wheat Cent Series","Abraham Lincoln","Not Graded","$0.00","$0.15 – $15.00","","",""
"1911","D","25 Cents","Barber Silver Quarters","Liberty Head","Very Good","$100.00","$18 – $28","","",""
"1938","S","Penny","Lincoln Head Penny","Abraham Lincoln","Average Circulated","$1.80","Pending","","",""
"1983","D","Quarter","Washington Silver Quarter","Unmapped","Uncirculated","38.95","$3 – $7","","",""
"2021","S","Quarter","National Park Quarters","Tuskegee Airmen National Historic Site","Proof-63","$34.95","$12 – $20","","",""
"","","","50 bank notes from 50 countries with chart","Unmapped","average circ","$49.95","$150 – $300","","",""
"1974","S","Dollar","Eisenhower Dollar","Dwight D. Eisenhower","Proof-63","$41.95","$12 – $18","","",""
"1979","D","Dime","Roosevelt Dimes","Unmapped","Uncirculated","2.00","$1.50 – $3.50","","",""
"1971","D","Penny","Lincoln Cent Series","Abraham Lincoln","Uncirculated","$0.50","$0.15 – $1.50","","",""
"2024","P","Quarter","American Women Quarters","Zitkala-Sa","Uncirculated","$1.00","$0.25 – $1.50","","",""
"1943","D","Cent","Lincoln Steel Cent","Unmapped","","\.95","","","",""
"1936","P","Half Dollar","Liberty Walking Half Dollar","Liberty Walking","Very Fine","$39.75","Pending","","",""
"1945","","Quarter","Washington Silver Quarter","Unmapped","Extremely Fine","25.5","Pending","","",""
"2007","","Penny","Lincoln Cent Series","Abraham Lincoln","Uncirculated","$0.25","Pending","","",""
"1925","D","Penny","Lincoln Head Penny","Lincoln Portrait","Average Circulated","$6.50","Pending","","",""
"1880","","$5","Liberty Head Half Eagle","Liberty Head","AU-50","$775.00","Pending","","",""
"2009","P","$1","Presidential $1 Coin Program","Zachary Taylor","Uncirculated","4.25","Pending","","",""
"2014","D","Dime","America the Beautiful Quarters","Unmapped","Uncirculated","2.00","Pending","","",""
"2014","P","Quarter","America the Beautiful Quarters","Great Sand Dunes National Park","Uncirculated","$1.50","Pending","","",""
"2010","S","$1","Presidential $1 Coin Program","James Buchanan","Proof-63","18.50","Pending","","",""
"1984","","Penny","Lincoln Head Penny","Abraham Lincoln","Uncirculated","$1.40","Pending","","",""
"1982","D","Half Dollar","Modern Commemorative Club Selection","George Washington","Choice Uncirculated-63","$85.95","","","",""
"1948","","Half Dollar","Franklin Half Dollar","America Revisited Selection","Circulated","$34.00","Pending","","",""
"1884","CC","1 Dollar","Morgan Silver Dollars","Liberty Head","Fine","$239.00","$150 – $185","","",""
"2012","S","Quarter","National Park Quarters","Alaska Denali National Park","Proof-63","$5.50","$3 – $7","","",""
"2023","D","Dollar","Native American Dollar","Maria Tallchief","Uncirculated","$0.00","","","",""
"1959","D","Penny","Lincoln Cent","Lincoln Head","Uncirculated (UNC)","$0.55","$1 – $3","","",""
"1853","O","Quarter","Liberty Seated","Liberty Seated, Arrows and Rays","Very Good","$112.50","$125 – $175","","",""
"2000","","Penny","Lincoln Cent","Abraham Lincoln","Mint State","$0.35","$0.15 – $1.00","","",""
"2012","S","$1","Presidential $1 Coin Program","Grover Cleveland (Second Term)","Proof-63","45.00","$3 – $7","","",""
"2009","P","$1","Presidential $1 Coin Program","John Tyler","Uncirculated","4.50","$1.50 – $3.00","","",""
"1985","D","Quarter","Washington Silver Quarter","Unmapped","Uncirculated","3.25","$1 – $3","","",""
"1891","S","Liberty Seated Silver Dime","Liberty Seated","Unmapped","Very Good","$72.95","$45 – $75","","",""
"1941","","Penny","Lincoln Wheat Cent","Abraham Lincoln","Genuine","","$0.15 – $1.50","","",""
"1937","","Nickel","Buffalo Nickel Series","Unmapped","Very Fine","$0.00","Pending","","",""
"1973","D","Dime","Roosevelt Dimes","Unmapped","Uncirculated","2.00","Pending","","",""
"2014","S","Penny","Lincoln Head Penny","Abraham Lincoln","Choice Proof 63","$2.25","Pending","","",""
"1916","S","Penny","Lincoln Cent","Abraham Lincoln","Good","$10.75","Pending","","",""
"1922","","Penny","Lincoln Wheat Cent","Abraham Lincoln","Genuine","","Pending","","",""
"","S","Quarter Dollar","Historic U.S. Silver Coins","Barber","","$79.90","","","",""
"2022","S","Quarter","US Women's Quarters","Maya Angelou","Proof-63","$7.75","Pending","","",""
"1985S","","","Clad  Proof Set 5 coins","Unmapped","ch proog 63","$22.50","","","",""
"2007","D","Penny","Lincoln Cent","Lincoln Head","Uncirculated (UNC)","$0.25","$0.15 – $1.00","","",""
"2006","D","Penny","Lincoln Cent","Lincoln Memorial Reverse","Uncirculated","$1.00","$0.10 - $0.50","","",""
"1917","D","Half Dollar","Liberty Walking Half Dollar","Liberty Walking","Average Circulated","$42.50","$45 – $125","","",""
"2011","D","$1","Presidential $1 Coin Program","Rutherford B. Hayes","Uncirculated","4.75","$1.50 – $3.00","","",""
"1846","","Half Dollar","Liberty Seated","Tall Date","Good","$195.00","$45 – $65","","",""
"1924","","Dollar","Peace Dollar","Unmapped","About Uncirculated","$90.00","$38 – $48","","",""
"1952","","Dime","Roosevelt Dime","Unmapped","Circulated","$21.80","Pending","","",""
"1883","","Dime","Hawaiian Silver Dime PCGS","Unmapped","about unc 50","$550.00","$250 – $350","","",""
"1915","S","Half Dollar","Barber","Liberty Head","Very Good","$51.50","$110 – $145","","",""
"1988","S","Dollar","American Eagle","Unmapped","Proof-63","$125.00","$65 – $85","","",""
"1913","D","Half Dollar","Barber","Liberty Head","Circulated","$49.50","Pending","","",""
"1884","CC","Dollar","Officially Sealed Carson City Mint Morgan Silver Dollars","","Uncirculated","$795.00","","","",""
"1964","D","Kennedy Half Dollar","Kennedy Half Dollar","John F. Kennedy","Average Circulated","$35.75","$11.00 – $14.00","","",""
"2015","P","Quarter","America the Beautiful Quarters","Homestead National Monument of America","Uncirculated","","$0.50 – $2.00","","",""
"2012","S","Quarter","National Park Quarters","New Mexico Chaco Culture National Historical Park","Uncirculated","$3.50","$3 – $7","","",""
"2003","","Nickel","Jefferson Nickel","Thomas Jefferson","Mixed (Uncirculated/Proof)","$120.00","$0.25 – $2.00","","",""
"2009","S","$1","Presidential $1 Coin Program","William Henry Harrison","Proof-63","7.95","$3 – $6","","",""
"1926","","Dollar","Rarely Seen Peace Silver Dollars","Liberty / Eagle","","$198.00","","","",""
"1998","D","Kennedy Half Dollar","Kennedy Half Dollar","John F. Kennedy","Uncirculated","$6.95","$1.00 – $3.00","","",""
"2015","S","Quarter","National Park Quarters","Nebraska Homestead National Monument of America","Uncirculated","$2.65","$2.00 – $4.00","","",""
"1935","","Various","Time Capsule Year Set","America Revisited Selection","Circulated","$102.00","","","",""
"1852","","Seated Liberty Half Dime","","Stars","Choice AU 58","$225.00","$150 – $225","","",""
"1942","D","Dime","Mercury Dime","Winged Liberty Head","Very Fine 30","$901.00","$3.50 – $6.00","","",""
"2013","P","1 Dollar","Native American Dollar","Native American","Uncirculated","$2.95","$1.50 – $3.00","","",""
"2008","D","Quarter","State and Territory Quarters","Oklahoma","Uncirculated","2.5","$0.50 – $1.50","","",""
"2000","D","Dime","Roosevelt Dimes","Unmapped","Uncirculated","2.00","$0.15 – $1.00","","",""
"2008","D","Kennedy Half Dollar","Kennedy Half Dollar","John F. Kennedy","Uncirculated","$5.75","$1.00 – $3.00","","",""
"2019","S","Quarter","America the Beautiful Quarters","Lowell National Historical Park","Proof-63 Cameo","$5.50","$3 – $7","","",""
"1924-2003","","Five Cents","The U.S. Nickel Collection","Shipment 9","","$31.80","","","",""
"1925","","Dollar","Peace Dollar","Unmapped","Uncirculated","$96.75","$45 – $75","","",""
"1939","","Dime","Mercury Dime","Winged Liberty Head","Very Good","$16.25","Pending","","",""
"1969","","Penny","Lincoln Head Penny","Abraham Lincoln","Uncirculated","$0.95","$0.15 – $1.50","","",""
"1936","","Quarter","","Unmapped","Average Circ","$0.00","$8 – $12","","",""
"2014","S","1 Dollar","America the Beautiful Quarters","Unmapped","Proof-63","$10.50","$5 – $12","","",""
"2015","W","Dollar","The West Point Burnished American Eagle Silver Dollar Collection","Walking Liberty / Heraldic Eagle","Uncirculated","$164.00","","","",""
"1905","P","Barber Silver Dimes","Barber Dimes","Liberty Head","Good","$23.95","Pending","","",""
"2011","S","$1","Presidential $1 Coin Program","James A. Garfield","Proof-63","24.00","$3 – $7","","",""
"2025","S","Quarter","American Women Quarters","Ida B. Wells","Proof-63","$34.95","$15 – $25","","",""
"1998","P","Kennedy Half Dollar","Kennedy Half Dollar Series","John F. Kennedy","Uncirculated","$5.95","$1 – $3","","",""
"2006","S","Quarter","State and Territory Quarters","Colorado silver","Proof-63","22.5","$3 – $8","","",""
"2023","","Dollar","Modern Morgan and Peace Silver Dollar Collection","Morgan Dollar","Proof","$229.00","","","",""
"2011","S","Quarter","National Park Quarters","Oklahoma Chickasaw National Recreation Area","Proof-63","$13.25","$2.00 – $5.00","","",""
"1955","S","Dime","Roosevelt Dimes","Unmapped","Uncirculated","14.75","$8 – $15","","",""
"1934","","Dime","Mercury Dime","Unmapped","Circulated","$27.60","Pending","","",""
"1947","","Quarter","Washington Silver Quarter","Unmapped","Extremely Fine","23.95","$7 – $10","","",""
"2012","W","Dollar","America the Beautiful Quarters","Unmapped","Uncirculated","$99.95","$45 – $65","","",""
"1875","CC","Half Dollar","Liberty Seated","With Motto","Average Circulated","$175.50","$450 – $850","","",""
"1971","D","Dollar","Eisenhower Dollar","Dwight D. Eisenhower","Uncirculated","$12.50","$1.50 – $4.00","","",""
"2007","P","$1","Presidential $1 Coin Program","George Washington","Uncirculated","4.25","$1.50 – $3.00","","",""
"2022","S","1 Dollar","Native American Dollar","Ely Samuel Parker","Proof-63","$14.50","$5 – $12","","",""
"1945","S","Quarter","Washington Silver Quarter","Unmapped","Very Fine","26.95","$6 – $9","","",""
"1902","P","Barber Silver Dimes","Barber Dimes","Liberty Head","Good","$23.50","$3 – $6","","",""
"2009","S","Kennedy Half Dollar","Kennedy Half Dollar","John F. Kennedy","Proof-63 Cameo","$47.50","$12 – $22","","",""
"1935","D","Penny","Lincoln Head Penny","Unmapped","Average Circulated","$135.00","$0.15 – $0.50","","",""
"1954","","","America Revisited Selection","Time Capsule Year Set","Circulated","$94.50","","","",""
"1885","","Dollar","Morgan Dollar","Liberty Head, Eagle","Uncirculated","$105.00","$75 – $110","","",""
"1869-1875","","15C Fractional Currency","Fractional Currency","Unmapped","Extra Fine","$256.00","","","",""
"1890","P","1 Dollar","Morgan Dollar","Liberty Head","AU-50","$110.00","Pending","","",""
"1906","Pending","Dime","Barber Series","Liberty Head","Very Good","$26.95","$3.50 – $15.00","","",""
"1893","S","Half Dollar","Barber","Liberty Head","Good","$265.00","$3,500 – $4,500","","",""
"2010","P","Half Dollar","Kennedy Half Dollar","John F. Kennedy","Uncirculated","$3.50","$1.50 – $3.50","","",""
"2009","P","1 Dollar","Sacagawea Dollar","Goodacre Presentation","Specimen 67","$696.00","$12 – $22","","",""
"2012","D","Quarter","America the Beautiful Quarters","El Yunque National Forest","Mint State","$1.00","$0.25 – $1.50","","",""
"1953","S","Quarter","Washington Quarter","Unmapped","Very Fine","26.25","$6 – $9","","",""
"2020","","Dollar","The Complete Original-Design Proof Silver Eagle Dollar Collection","American Eagle","Proof","$187.00","","","",""
"1831","","Capped Bust Silver Dime","Capped Bust Dime","Liberty Seated (Capped Bust)","Very Good","$135.00","Pending","","",""
"1902","S","Half Dollar","Barber","Liberty Head","Ungraded","$42.50","$15 – $1,500","","",""
"1945","","","America Revisited Selection","Time Capsule Year Set","Circulated","$184.00","","","",""
"1839","","Quarter","Liberty Seated","Liberty Seated, No Motto","Very Good","$81.00","$120 – $180","","",""
"2008","D","Quarter","State and Territory Quarters","Hawaii","Uncirculated","2.5","$0.25 – $1.00","","",""
"1990","D","Kennedy Half Dollar","Kennedy Half Dollar Series","John F. Kennedy","Uncirculated","$10.95","$1.00 – $3.00","","",""
"2020","S","Quarter","National Park Quarters","Vermont Marsh-Billings-Rockefeller National Historical Park","Proof-63","$5.65","$3 – $7","","",""
"2018","","US Coin Set","Jamul Indian Coin Set","Hawaiians","Uncirculated","$0.00","$15 – $30","","",""
"1988","","Five Cents","The U.S. Nickel Collection","Unmapped","","$7.95","","","",""
"1927","D","Nickel","Buffalo Nickel","Native American & Buffalo","About Good","$7.75","Pending","","",""
"1983","P","Quarter","Washington Silver Quarter","Unmapped","Uncirculated","68.50","$5 – $15","","",""
"2003","D","Penny","Lincoln Head Penny","Abraham Lincoln","Uncirculated","$0.35","$0.15 – $1.00","","",""
"1973","S","1 Dollar","Eisenhower Dollar","Dwight D. Eisenhower","UNC 63","$31.35","$12 – $18","","",""
"1954","","Half Dollar","Franklin Half Dollar","Benjamin Franklin","Choice Proof 63","$148.00","Pending","","",""
"1983","P","Dime","Roosevelt Dimes","Unmapped","Uncirculated","28.50","$1.50 – $4.00","","",""
"1900","P","Barber Silver Dimes","Barber Dimes","Liberty Head","Good","$23.95","$3 – $5","","",""
"1951","D","Dime","Roosevelt Dimes","Unmapped","Uncirculated","26.95","$6 – $12","","",""
"1951","","Quarter","Washington Silver Quarter","Unmapped","Proof-63","$0.00","$35 – $50","","",""
"1836","","Capped Bust Silver Quarter","","Unmapped","Fine","$235.00","$120 – $180","","",""
"1913","","Penny","Lincoln Cent","Abraham Lincoln","About Good","$6.25","$0.15 – $0.50","","",""
"1902","","Nickel","Liberty Head Nickel","Liberty Head","AU-50","$125.00","$45 – $65","","",""
"1913","D","Penny","Lincoln Cent Series","Abraham Lincoln","Good","$14.95","Pending","","",""
"1942","","Dime","Mercury Dime","America Revisited Selection","Circulated","$19.80","Pending","","",""
"2023","","Dollar","The Ultimate Modern Morgan and Peace Silver Dollar Collection","Peace Dollar","Uncirculated","$229.00","","","",""
"1954","","Penny","Lincoln Wheat Cent","Abraham Lincoln","Genuine","","$0.15 – $1.50","","",""
"2025","P","1 Quarter","American Women Quarters Program","Ida B. Wells","Uncirculated","$1.00","$1.00 – $3.00","","",""
"1881","S","Dollar","Morgan Dollar","Liberty Head, Eagle","Choice Uncirculated 63","$145.00","Pending","","",""
"1980","","Susan B. Anthony Dollar","Susan B. Anthony Dollar","Susan B. Anthony","Uncirculated","$7.95","$2.00 – $4.00","","",""
"2018-20","","","P&D American Innovation set (18)","Unmapped","uncirculated","$63.00","$45 – $65","","",""
"2010","P","Quarter","America the Beautiful Quarters","Yellowstone National Park","Uncirculated","$1.50","Pending","","",""
"1842","O","Seated Liberty Half Dime","","Unmapped","Very Fine","$775.00","$125 – $250","","",""
"1944","","Dime","Mercury Dime","Winged Liberty Head","Average Circulated","$14.50","Pending","","",""
"2012","S","Quarter","National Park Quarters","Alaska Denali National Park","Uncirculated","$3.50","$3.00 – $6.00","","",""
"1822","","Capped Bust Silver Half Dollar","Capped Bust Half Dollar","Capped Bust Liberty","VF-30","$625.00","Pending","","",""
"2003","D","Kennedy Half Dollar","Kennedy Half Dollar","John F. Kennedy","Uncirculated","$5.25","Pending","","",""
"2011","S","Dime","America the Beautiful Quarters","Unmapped","Proof-63","23.50","Pending","","",""
"1939","","Dime","Mercury Dime","Winged Liberty Head","Extremely Fine","$15.00","Pending","","",""
"1962","D","Dime","Roosevelt Dime Series","Unmapped","Average Circ","$0.00","Pending","","",""
"1891","O","Dime","Liberty Seated Silver Dime","Unmapped","Very Fine","$72.00","Pending","","",""
"1954","","Nickel","","Unmapped","Average Circ","$1.80","Pending","","",""
"2000","S","Quarter","State and Territory Quarters","Virginia silver","Proof-63","22.5","$3 – $8","","",""
"1826","","$20 Obsolete Note","American Paper Money Club Selection","New York Marble Manufacturing NY-1705-G20","Extremely Fine or Better","$210.00","","","",""
"2020","D","Quarter","National Park Quarters","American Samoa National Park","Uncirculated","$1.00","$0.25 – $1.50","","",""
"1942","","Birth Year Set","Birth Year Set","1942 Birth Yr Coin and Silver Comm. Set","","$269.00","","","",""
"","","$1 Indian Territory Note","American Paper Money Club Selection","Lutie, Oklahoma","Crisp Unused","$65.50","","","",""
"1928","","Dime","Mercury Dime","Winged Liberty Head","Average Circulated","Points","$3.50 – $6.00","","",""
"1863","","Quarter","Liberty Seated","Liberty Seated, No Motto","Fine","$315.00","$125 – $175","","",""
"1950","","Nickel","Jefferson Nickel","America Revisited Selection","Circulated","$33.40","Pending","","",""
"1932","","Penny","Lincoln Wheat Cent Series","Abraham Lincoln","Not Graded","$0.00","$0.15 – $5.00","","",""
"1924","D","1 Dime","Mercury Silver Dime","Unmapped","Average Circulated","$29.25","$45 – $95","","",""
"1883","","Nickel","Liberty Head Nickel","Liberty Head","Very Good","$34.00","$3 – $8","","",""
"1951","","Half Dollar","Franklin Half Dollar","Benjamin Franklin","Average Circulated","$47.50","$11 – $15","","",""
"1937","","5-Coin Set","Time Capsule Year Set","Unmapped","Circulated","$131.00","","","",""
"1940","P","Half Dollar","Liberty Walking Half Dollar","Liberty Walking","Very Fine","$38.25","Pending","","",""
"1939","","Penny","Lincoln Wheat Cent Series","Abraham Lincoln","Not Graded","$0.00","$0.15 – $5.00","","",""
"1934","D","Dollar","Rarely Seen Peace Silver Dollars","Unmapped","","$198.00","","","",""
"1956","D","Dime","Roosevelt Dimes","Unmapped","Average Circulated","points","$2.00 – $3.00","","",""
"1968","","Penny","Lincoln Cent Series","Abraham Lincoln","Uncirculated","$0.40","$0.15 – $1.50","","",""
"1988","P","Quarter","Washington Silver Quarter","Unmapped","Uncirculated","3.85","$1.00 – $3.00","","",""
"1919","","Penny","Lincoln Cent","Abraham Lincoln","Genuine","","$0.15 – $1.50","","",""
"1992","S","Dollar","American Eagle","Unmapped","Proof-63","$129.00","$65 – $85","","",""
"1780","","$7","USA Invoice Import","Massachusetts Colonial Currency Hole Cancelled","Extremely Fine or Better","$203.00","","","",""
"1976","S","Dollar","U.S. Bicentennial","Bicentennial Drummer (Type I)","Proof-63","$31.35","$8 – $15","","",""
"1926","","Dime","Mercury Dime","Winged Liberty Head","Good","Points","Pending","","",""
"1909","","Penny","Lincoln Wheat Cent","Abraham Lincoln","Genuine","","Pending","","",""
"2013","W","Dollar","America the Beautiful Quarters","Unmapped","Proof-63","$119.00","Pending","","",""
"1932","D","Quarter","Washington Silver Quarter","Unmapped","VF-20","350.00","Pending","","",""
"1942","S","Quarter","Washington Silver Quarter","Unmapped","Fine","26.75","Pending","","",""
"2021","","Dollar","America the Beautiful Quarters","Unmapped","Uncirculated","$54.50","Pending","","",""
"1908","P","Barber Silver Dimes","Barber Dimes","Liberty Head","Very Good","$26.95","$4 – $7","","",""
"1901","","Dollar","Morgan Silver Dollar","Liberty Head, Eagle","Extremely Fine","$266.00","Pending","","",""
"2019","W","$1","America the Beautiful Quarters","Unmapped","MS-70","389.0","Pending","","",""
"1975","","Nickel","The U.S. Nickel Collection","Jefferson","Ungraded","$7.95","Pending","","",""
"2022","P","Quarter","American Women Quarters","Maya Angelou","Uncirculated","$1.00","Pending","","",""
"1888","O","Dollar","Morgan Silver Dollar","Liberty Head, Eagle","Uncirculated","$125.00","Pending","","",""
"1880","CC","$1","Morgan Silver Dollar","Unmapped","Uncirculated W/Original Gov't Box & COA","1695","Pending","","",""
"1892","P","1 Dollar","Morgan Silver Dollar","Liberty Head","Extremely Fine","$130.00","Pending","","",""
"1819","","Half Dollar","Half Dollar Club","Capped Bust","Extremely Fine Details","$495.00","","","",""
"2010","S","$1","Presidential $1 Coin Program","Franklin Pierce","Proof-63","18.50","Pending","","",""
"1950","D","Penny","Lincoln Head Penny","Abraham Lincoln","Average Circulated","$0.70","Pending","","",""
"1908","D","Half Dollar","Barber","Liberty Head","Good","$46.00","Pending","","",""
"1999","S","Quarter","State and Territory Quarters","Connecticut","Proof-63","16.95","$3 – $8","","",""
"2011","P","Dime","America the Beautiful Quarters","Unmapped","Uncirculated","2.00","$0.15 – $1.00","","",""
"2019","","Dollar","The Complete Original-Design Proof Silver Eagle Dollar Collection","American Eagle","Proof","$187.00","","","",""
"2020","W","Nickel","Jefferson Nickel Series","Thomas Jefferson","Ungraded","$19.95","$10 – $25","","",""
"1999-2010","","Quarter","Washington Silver Quarter","Unmapped","Uncirculated","59.90","$5 – $10","","",""
"1969","","Five Cents","The U.S. Nickel Collection","Unmapped","","$7.95","","","",""
"1972","","Dime","Roosevelt Dimes","Unmapped","Uncirculated","2.25","Pending","","",""
"1944","S","Penny","Lincoln Cent","Abraham Lincoln","Mint State","$11.00","Pending","","",""
"1950","","Dime","Roosevelt Dimes","Unmapped","Uncirculated","51.00","Pending","","",""
"1933","","Penny","Lincoln Cent Series","Abraham Lincoln","Fine","$12.75","Pending","","",""
"19th Century","","Obsolete Currency","American Paper Money Club Selection","Obsolete Currency","","$180.00","","","",""
"1941","S","Penny","Lincoln Cent","Abraham Lincoln","About Good","$1.15","Pending","","",""
"1935","","Penny","Lincoln Cent","Abraham Lincoln","Genuine","","Pending","","",""
"2009","D","Quarter","State and Territory Quarters","Guam Territory commemorative","Uncirculated","2.5","Pending","","",""
"1891","","Dollar","Morgan Silver Dollar","Liberty Head, Eagle","Extremely Fine","$100.00","Pending","","",""
"1818","","Capped Bust Silver Half Dollar","Capped Bust Half Dollar","Capped Bust Liberty","Very Good","$180.00","Pending","","",""
"1947","","Five Cents","The U.S. Nickel Collection","Unmapped","","$7.95","","","",""
"1940","","Quarter","Washington Quarter","Unmapped","Circulated","$22.00","Pending","","",""
"1894","","Half Dollar","Barber","Liberty Head","Good","$87.00","Pending","","",""
"1973","","Quarter","Washington Silver Quarter","Unmapped","Uncirculated","3.50","Pending","","",""
"2011","","Dollar","America the Beautiful Quarters","Unmapped","Ungraded","$950.00","Pending","","",""
"1889","P","1 Dollar","Morgan Silver Dollars","Liberty Head","Extremely Fine","$86.50","Pending","","",""
"1974","D","Kennedy Half Dollar","Kennedy Half Dollar","John F. Kennedy","Average Circulated","$59.00","Pending","","",""
"1989","W","$50","American Gold Eagle","Unmapped","PCGS PR70DCAM","2677.33","$6,000 - $7,500","","",""
"2024","D","Quarter","American Women Quarters Program","Pauli Murray","Uncirculated","$1.00","Pending","","",""
"1963","D","Franklin Silver Half Dollar","","Unmapped","Very Fine","$0.00","Pending","","",""
"1945","D","Half Dollar","Walking Liberty Half Dollar","Walking Liberty","Very Fine","$39.95","Pending","","",""
"1950","","Penny","Lincoln Cent","Wheat Reverse","Genuine","$0.00","$0.10 - $0.50","","",""
"1986","D","Penny","Lincoln Cent","Lincoln Cent (Memorial Reverse)","Uncirculated","$2.95","Pending","","",""
"1952","","Penny","Lincoln Head Penny","Abraham Lincoln","Uncirculated","$15.95","Pending","","",""
"1991","S","Penny","Lincoln Cent","Lincoln Head","Proof 63 (PR63)","$19.50","Pending","","",""
"1968","D","Quarter","Washington Silver Quarter","Unmapped","Uncirculated","4.75","Pending","","",""
"2021S","","","Clad Silver Proof Set 7 coins","Unmapped","ch proof 63","$175.00","","","",""
"2024","P","1 Quarter","American Women Quarters Program","Celia Cruz","Uncirculated","$1.00","Pending","","",""
"1954","","Quarter","Washington Silver Quarter","Unmapped","Proof-63","37.75","$12 – $18","","",""
"1964","","","silver proof set 5 coins","Unmapped","ch prood 63","$67.50","$25 – $35","","",""
"1999","P","Susan B. Anthony Dollar","Susan B. Anthony Dollar","Susan B. Anthony","Uncirculated","$0.00","$3 – $6","","",""
"1901","O","1 Dollar","Morgan Silver Dollars","Liberty Head","Fine","$87.50","$38 – $45","","",""
"2009","D","Penny","Lincoln Cent Series","Abraham Lincoln, Formative Years Reverse","Uncirculated","$0.30","$0.50 – $2.00","","",""
"2007","P","$1","Presidential $1 Coin Program","George Washington","Uncirculated","4.95","$1.50 – $3.00","","",""
"1930","","Penny","Lincoln Head Penny","Lincoln Portrait","Uncirculated","$13.50","$10 – $25","","",""
"1859","","Seated Liberty Half Dime","","Stars","About Uncirculated 50","$210.00","Pending","","",""
"1942","S","Nickel","Jefferson Nickel Series","Thomas Jefferson, Wartime Nickel","Average Circulated","$0.00","Pending","","",""
"1982","D","Penny","Lincoln Cent","Abraham Lincoln","Mint State","$1.45","Pending","","",""
"2008","S","$1","Presidential $1 Coin Program","Martin Van Buren","Proof-63","11.95","Pending","","",""
"1970","D","Quarter","Washington Quarter","Unmapped","Uncirculated","1.85","Pending","","",""
"1947","S","Dime","Roosevelt Dime","Unmapped","Uncirculated","points","Pending","","",""
"1888","","","","Unmapped","Extremely Fine","$54.00","Pending","","",""
"2009","S","Penny","Lincoln Cent","Lincoln Bicentennial, Professional Life Reverse","Proof 63 Choice","$15.00","$8.00 - $18.00","","",""
"2023","","Quarter Dollar","The Celebrating America Coin Collection / American Women Quarters","Eleanor Roosevelt","","$17.95","","","",""
"1974","","Dime","Roosevelt Dime","Unmapped","Uncirculated","2.25","Pending","","",""
"1896","P","1 Dollar","Morgan Dollar","Liberty Head","AU-50","$99.50","Pending","","",""
"2022","S","Quarter","American Women Quarters","Wilma Mankiller","Proof-63","$25.75","Pending","","",""
"1944","","Penny","Lincoln Cent","Wheat Reverse","Average Circulated","$0.90","$0.15 – $0.50","","",""
"2001","S","Dime","Roosevelt Dimes","Unmapped","Proof-63","4.25","$2 – $5","","",""
"1853","","Half Dollar","Liberty Seated","Arrows and Rays","Fine #2","$148.50","Pending","","",""
"1970","S","Dime","Roosevelt Dimes","Unmapped","Proof-63","3.25","$1 – $3","","",""
"2008","W","Dollar","American Eagle","Unmapped","Proof-63","$129.00","$45 – $65","","",""
"2016S","","quarter","National Park Quarters","Unmapped","uncirculated","$1.25","$1 – $3","","",""
"1986","S","Kennedy Half Dollar","Kennedy Half Dollar","John F. Kennedy","Proof-63 Cameo","$13.95","$3 – $7","","",""
"2005","P","Dollar","Modern Commemorative Club Selection","Marines","Choice Proof-63","$178.00","","","",""
"2018","","","Jamul Indian Nation","Hawaiians","Uncirculated","$0.00","","","",""
"1912","P","Barber Silver Dimes","Barber Dimes","Liberty Head","Average Circulated","$19.00","Pending","","",""
"1909","","Penny","Lincoln Head Penny","Unmapped","Average Circulated","","$2.00 – $4.00","","",""
"2009","P","$1","Presidential $1 Coin Program","William Henry Harrison","Uncirculated","5.25","$1.50 – $3.00","","",""
"1973","S","Dollar","Eisenhower Dollar","Dwight D. Eisenhower","Proof-63","$31.35","$4 – $8","","",""
"1860","","1 Cent","Indian Head Cent","Indian Head","MS-63","$450.00","Pending","","",""
"1906","D","Barber Silver Dimes","Barber Dimes","Liberty Head","Average Circulated","$21.75","$4 – $12","","",""
"1950","","Half Dollar","Franklin Half Dollar","America Revisited Selection","Circulated","$33.40","Pending","","",""
"1963","D","Dime","Roosevelt Dimes","Unmapped","Uncirculated","17.75","$3 – $6","","",""
"2019D","","quarter","National Park Quarters","Unmapped","uncirculated","$1.00","$1.00 – $3.00","","",""
"1856","","Half Dollar","Liberty Seated","No Motto","Average Circulated","$103.50","$75 – $125","","",""
"2013","S","Penny","Lincoln Cent Series","Abraham Lincoln","Proof-63","$2.25","$3 – $7","","",""
"1969","","$1 Federal Reserve Note","American Paper Money Club Selection","Federal Reserve Note","Choice Crisp","$16.25","","","",""
"2023","P","Dollar","U.S. Innovation Dollar","Louisiana Higgins Boat","Uncirculated","$0.00","","","",""
"2006","D","Quarter","State and Territory Quarters","Nebraska","Uncirculated","2.5","$0.50 – $1.50","","",""
"2021","P","1 Dollar","American Innovation Dollars","Virginia - Chesapeake Bay Bridge Tunnel","Uncirculated","Points","$2 – $4","","",""
"2002","S","1 Dollar","Sacagawea Dollar","Unmapped","Proof-63","$25.00","$5 – $10","","",""
"2024","P","Quarter Dollar","American Women Quarters","Celia Cruz","Uncirculated","$1.00","","","",""
"1844","O","Quarter","Liberty Seated","Liberty Seated, No Motto","Average Circulated","$85.50","$150 – $350","","",""
"1916","D","Penny","Lincoln Head Penny","Lincoln Portrait","Fine","$14.50","Pending","","",""
"2018","","Dollar","America the Beautiful Quarters","Unmapped","Uncirculated","$71.00","$35 – $45","","",""
"2008","","Five Cents","The U.S. Nickel Collection","Unmapped","","$7.95","","","",""
"2000","P","Quarter","State and Territory Quarters","Massachusetts","Uncirculated","1.95","$0.50 – $2.00","","",""
"1973","","Penny","Lincoln Cent Series","Abraham Lincoln","Uncirculated","$0.40","$0.15 – $1.50","","",""
"1902","","Cent","Indian Head Cent","Unmapped","Good","$8.25","Pending","","",""
"2024","P","Dollar","U.S. Innovation Dollar","Direct Current Defibrillator","Uncirculated","$0.00","$1.50 – $3.00","","",""
"1939","","Five Cents","The U.S. Nickel Collection","Unmapped","","$7.95","","","",""
"1995","P","Kennedy Half Dollar","Kennedy Half Dollar Series","John F. Kennedy","Uncirculated","$4.75","$1.00 – $3.00","","",""
"2020","W","Dollar","America the Beautiful Quarters","Unmapped","Proof-63","$104.50","$65 – $85","","",""
"1928","S","Mercury Dime","","Unmapped","Uncirculated","$2.95","$125 – $250","","",""
"2012","S","Kennedy Half Dollar","Kennedy Half Dollar Series","John F. Kennedy","Proof-63","$30.95","$4 – $8","","",""
"2014","D","Quarter","America the Beautiful Quarters","Everglades National Park","Uncirculated","$1.25","$0.50 – $1.50","","",""
"1896","S","25 Cents","Barber Silver Quarters","Liberty Head","G-6","$1750.00","$1,100 – $1,400","","",""
"2013","D","Kennedy Half Dollar","Kennedy Half Dollar Series","John F. Kennedy","Uncirculated","$1.95","$1.50 – $3.00","","",""
"2005","P","Quarter","State and Territory Quarters","Kansas","Uncirculated","2.5","$0.50 – $2.00","","",""
"2004","S","Kennedy Half Dollar","Kennedy Half Dollar Series","John F. Kennedy","Choice Proof 63","$48.00","$12 – $22","","",""
"1991","S","Dime","Roosevelt Dimes","Unmapped","Proof-63","5.50","$2 – $5","","",""
"1909","S","25 Cents","Barber Silver Quarters","Liberty Head","AC","$35.25","$150 – $250","","",""
"1854","","Half Dollar","Liberty Seated","With Arrows","Very Fine #2","$148.50","$75 – $110","","",""
"2010","P","Quarter","National Park Quarters","Grand Canyon National Park","Mint State","$1.50","$0.25 – $1.00","","",""
"1943","D","Quarter","Washington Silver Quarter","Unmapped","Very Good","26.50","$6 – $9","","",""
"2003","","Penny","Lincoln Head Penny","Abraham Lincoln","Uncirculated","$0.70","$0.15 – $1.00","","",""
"2007","S","$1","Presidential $1 Coin Program","John Adams","Proof-63","7.50","$3 – $7","","",""
"1913","S","25 Cents","Barber Silver Quarters","Liberty Head","G-4","$2350.00","$1,200 – $1,600","","",""
"1998","S","Dime","Roosevelt Dimes","Unmapped","Proof-63","10.00","$3 – $7","","",""
"1946","","Quarter","","Unmapped","Average Circ","$0.00","$6 – $9","","",""
"1868","","","","Unmapped","Very Fine","$210.00","Pending","","",""
"1961","","Half Dollar","Franklin Half Dollar","Benjamin Franklin","Extremely Fine","$38.50","$11 – $14","","",""
"1925","","Quarter","Standing Liberty Silver Quarter","Unmapped","Very Good","$32.50","$8 – $15","","",""
"1846","","Large Cent","Braided Hair Large Cents","Liberty Head","Fine","$130.50","Pending","","",""
"2006","","Kennedy Half Dollar","Kennedy Half Dollar","John F. Kennedy","Uncirculated","$10.95","$1.50 – $3.50","","",""
"1996","S","Penny","Lincoln Cent","Abraham Lincoln","Proof-63","$5.95","$2 – $5","","",""
"1913","","Penny","Lincoln Wheat Cent Series","Abraham Lincoln","Not Graded","$0.00","$0.15 – $15.00","","",""
"2025","S","Quarter","American Women Quarters","Ida B. Wells","Proof-63","$10.95","$3 – $7","","",""
"1909","S","Penny","Lincoln Cent Series","Abraham Lincoln","Very Fine","$270.00","$300 – $450","","",""
"2024","P","Dollar","American Innovation Dollars","Maine / Direct Current Defibrillator","Uncirculated","$0.00","","","",""
"1878","","1 Dollar","Morgan Silver Dollars","Unmapped","Very Choice Uncirculated","$850.00","$150 – $350","","",""
"1939","S","Dime","Mercury Dime","Winged Liberty Head","Very Fine","$20.95","Pending","","",""
"2018","S","Quarter","National Park Quarters","Michigan Pictured Rocks National Lakeshore","Uncirculated","$1.25","$1.50 – $3.50","","",""
"1933","D","Penny","Lincoln Cent","Abraham Lincoln","Extremely Fine","$45.00","$2.50 – $5.00","","",""
"1875","","Dime","Liberty Seated Dime","Unmapped","Average Circulated","$49.50","$15 – $30","","",""
"2003","S","Penny","Lincoln Cent","Lincoln Cent (Memorial Reverse)","Choice Proof 63","$3.50","$3 – $7","","",""
"2016","D","1 Dollar","Native American Dollar","Native American","Uncirculated","$2.95","$2.00 – $4.00","","",""
"1963","D","Dime","Roosevelt Dime","Unmapped","Average Circulated","points","Pending","","",""
"1899","","Half Dollar","Barber","Liberty Head","Circulated","$47.00","$18 – $45","","",""
"2018","","Dollar","America the Beautiful Quarters","Unmapped","Uncirculated","$0.00","","","",""
"1955","","Penny","Lincoln Cent","Lincoln Head","Good (G)","$0.70","$0.05 – $0.15","","",""
"2006","S","Quarter","State and Territory Quarters","Colorado commemorative","Proof-63","3.6","$3 – $8","","",""
"1942","P","Nickel","Jefferson Nickel Series","Thomas Jefferson, Wartime Nickel","Average Circulated","$0.00","$1.50 – $3.00","","",""
"1924","D","Dime","USA Invoice Import","Unmapped","Average Circulated","$29.25","","","",""
"2023","P","Dime","Roosevelt Dimes","Unmapped","Uncirculated",".95","$0.15 – $1.00","","",""
"1949","","","Time Capsule Year Set","America Revisited Selection","Circulated","$112.00","","","",""
"2022","P","Kennedy Half Dollar","Kennedy Half Dollar Series","John F. Kennedy","Uncirculated","$1.95","$1.00 – $3.00","","",""
"1896","","Half Dollar","Barber","Liberty Head","Circulated","$54.00","$18 – $150","","",""
"2000","S","Quarter","State and Territory Quarters","South Carolina - Silver","Proof-63","19.25","$4 – $12","","",""
"2012","S","Quarter","National Park Quarters","Indiana George Rogers Clark National Historical Park","Proof-63","$11.75","$3 – $7","","",""
"2017","S","Dime","America the Beautiful Quarters","Unmapped","Proof-63","23.50","$3 – $8","","",""
"1896","O","Half Dollar","Barber","Liberty Head","Circulated","$107.50","$120 – $650","","",""
"1986","P","Kennedy Half Dollar","Kennedy Half Dollar Series","John F. Kennedy","Uncirculated","$15.50","$1.50 – $3.50","","",""
"2000","P","Dime","Roosevelt Dimes","Unmapped","Uncirculated","2.00","Pending","","",""
"1888","S","Quarter","Liberty Seated","Unmapped","Fine","$90.00","$150 – $225","","",""
"1922","","Penny","Lincoln Wheat Cent Series","Abraham Lincoln","Not Graded","$0.00","$0.15 – $1,500","","",""
"2009","S","Penny","Lincoln Cent","Lincoln Bicentennial, Presidency (Formative Years) Reverse","Proof 63 Choice","$15.00","$7.00 - $15.00","","",""
"1931","S","Dime","Mercury Dime","Winged Liberty Head","Very Good","$27.95","$8 – $15","","",""
"1929","S","Half Dollar","Liberty Walking Half Dollar","Liberty Walking","Very Good","$54.00","Pending","","",""
"2020","S","Quarter","National Park Quarters","National Park of American Samoa","Proof-63","$12.00","Pending","","",""
"1996","","Penny","Lincoln Cent Series","Abraham Lincoln","Uncirculated","$0.80","$0.15 – $1.00","","",""
"2020","W","Dollar","The Complete 2020 American Eagle NGCX Silver Dollar Set","WWII 75th Anniversary","","$298.00","","","",""
"2010","D","$1","Presidential $1 Coin Program","Millard Fillmore","Uncirculated","4.50","Pending","","",""
"2004","P","Quarter","State and Territory Quarters","Wisconsin","Uncirculated","2.5","$0.50 – $1.50","","",""
"1943","","Penny","Lincoln Head Penny","Unmapped","Average Circulated","","$0.10 – $0.50","","",""
"1986","","Dollar","The Complete Original-Design Proof Silver Eagle Dollar Collection","Unmapped","Proof","$187.00","","","",""
"2023","D","Quarter","US Women's Quarters","Eleanor Roosevelt","Uncirculated","$1.00","$0.25 – $1.50","","",""
"1999","D","Susan B. Anthony Dollar","Susan B. Anthony Dollar","Susan B. Anthony","Uncirculated","$22.50","$3 – $6","","",""
"1987","D","Penny","Lincoln Cent","Lincoln Head","Uncirculated","$1.75","$0.15 – $1.00","","",""
"1891","O","Dollar","Morgan Silver Dollar","Liberty Head, Eagle","Extremely Fine","$105.00","Pending","","",""
"1908","","25 Cents","Barber Silver Quarters","Liberty Head","Very Good","$34.25","Pending","","",""
"1811","","Capped Bust Silver Half Dollar","Capped Bust Half Dollar","Capped Bust Liberty","XF-40","$795.00","Pending","","",""
"1994","D","Quarter","Washington Silver Quarter","Unmapped","Uncirculated","4.35","Pending","","",""
"1857","","Quarter","Liberty Seated","Liberty Seated, No Motto","Very Good","$67.50","Pending","","",""
"1976","D","Dollar","U.S. Bicentennial","Bicentennial Drummer (Type I)","MS-63","$31.35","Pending","","",""
"1906","","Dime","Barber","Unmapped","Good","$0.00","","","",""
"1977","","Quarter","Washington Silver Quarter","Unmapped","Uncirculated","2.50","$1.00 – $3.00","","",""
"1987","S","Penny","Lincoln Cent","Lincoln Head","Proof 63 (PR63)","$4.25","$1.00 – $3.00","","",""
"2017S","","quarter","National Park Quarters","Unmapped","uncirculated","$1.25","$1.00 – $3.00","","",""
"1840","","Seated Liberty Half Dime","","Stars No Drapery","Fine","$81.00","$35 – $55","","",""
"1921","S","Penny","Lincoln Head Penny","Lincoln Portrait","Average Circulated","$9.00","Pending","","",""
"1934","","5-Coin Set","Time Capsule Year Set","AMERICA REVISITED SELECTION","Circulated","$138.00","","","",""
"1951","D","Half Dollar","Franklin Half Dollar","Benjamin Franklin","Average Circulated","$38.50","Pending","","",""
"1892","","Half Dollar","Barber","Liberty Head","Good","$97.00","Pending","","",""
"1855","O","Half Dollar","Liberty Seated","With Arrows","Very Good","$121.50","Pending","","",""
"2006","P","Quarter","State and Territory Quarters","South Dakota","Uncirculated","2.5","Pending","","",""
"1946","","Cent","Lincoln Wheat Cent","Unmapped","Circulated","$19.80","Pending","","",""
"2007","S","Quarter","State and Territory Quarters","Washington","Proof-63","4.5","Pending","","",""
"1915","S","25 Cents","Barber Silver Quarters","Liberty Head","Good","$75.00","Pending","","",""
"2007","S","Kennedy Half Dollar","Kennedy Half Dollar Series","John F. Kennedy","Choice Proof 63","$9.95","$4 – $8","","",""
"1993","P","Quarter","Washington Silver Quarter","Unmapped","Uncirculated","5.75","$1 – $3","","",""
"1943","S","Cent","Lincoln Cent","Lincoln Head","Ungraded","$0.00","$0.50 – $15.00","","",""
"multiple","","1 cent","Wheat Cents","Unmapped","Ungraded","49.95","$0.03 – $5.00","","",""
"1982","D","Kennedy Half Dollar","Kennedy Half Dollar","John F. Kennedy","Uncirculated","$19.50","$1 – $3","","",""
"1914","","Penny","Lincoln Wheat Cent","Abraham Lincoln","Genuine","","$0.50 – $3.00","","",""
"1879","","","","Unmapped","Very Fine","$80.00","Pending","","",""
"2006","","Dollar","American Eagle","Unmapped","Uncirculated","$53.50","$38 – $48","","",""
"1971","S","Dollar","Eisenhower Dollar","Dwight D. Eisenhower","Uncirculated","$40.50","$12 – $20","","",""
"1971","S","Penny","Lincoln Cent Series","Abraham Lincoln","Uncirculated","$1.40","$0.25 – $1.50","","",""
"1891","S","Quarter","Liberty Seated","Unmapped","Very Good","$85.00","$120 – $160","","",""
"2002","P","1 Dollar","Sacagawea Dollar","Unmapped","Uncirculated","$11.50","$1.25 – $3.00","","",""
"2021","S","Dollar","Native American Dollar","Military Service","Choice Proof-63","$0.00","","","",""
"","","Dollar","The Statehood Innovation Dollar Coin Collection","Florida","","$17.95","","","",""
"1925-1998","","Five Cents","The U.S. Nickel Collection","Shipment 23","","$31.80","","","",""
"1993","P","Dollar","American Eagle","Unmapped","Proof-63","$189.00","$65 – $85","","",""
"1944","D","Half Dollar","Walking Liberty Half Dollar","Unmapped","Fine","$0.00","$13 – $18","","",""
"1924","S","1 Dime","Mercury Silver Dime","Unmapped","Good","$29.50","Pending","","",""
"1911","S","Penny","Lincoln Wheat Cent Series","Abraham Lincoln","Very Good","$0.00","Pending","","",""
"1964","","Five Cents","The U.S. Nickel Collection","Unmapped","","$7.95","","","",""
"1823","","Capped Bust Silver Half Dollar","Capped Bust Half Dollar","Capped Bust Liberty","AU-50","$850.00","Pending","","",""
"1985","S","Dime","Roosevelt Dimes","Unmapped","Proof-63","3.25","Pending","","",""
"2000","P","Quarter","State and Territory Quarters","South Carolina","Uncirculated","2.75","Pending","","",""
"1965","","","Special Mint Set soft holder","Unmapped","uncirculated","$43.00","","","",""
"1954","","Quarter","Washington Quarter","Year Set","Circulated","$18.90","Pending","","",""
"1939","","Penny","Lincoln Wheat Cent","Abraham Lincoln","Genuine","","Pending","","",""
"2021P","","quarter","National Park Quarters","Unmapped","uncirculated","$1.00","","","",""
"1910","","Penny","Lincoln Wheat Cent Series","Abraham Lincoln","Not Graded","$0.00","$0.15 – $15.00","","",""
"2019","W","Penny","America the Beautiful Quarters","Unmapped","Proof-63","$24.95","$5 – $12","","",""
"2008","P","Quarter","State and Territory Quarters","Hawaii","Uncirculated","2.5","$0.50 – $1.50","","",""
"2011","P","$1","Presidential $1 Coin Program","Andrew Johnson","Uncirculated","4.50","$1.50 – $3.00","","",""
"1842","","Half Dollar","Liberty Seated","Medium Date","Very Fine 35","$325.00","Pending","","",""
"1854","O","Dime","Liberty Seated Silver Dime","Unmapped","Fine","$67.50","Pending","","",""
"1936","S","Penny","Lincoln Head Cent","Unmapped","Average Circulated","$1.35","Pending","","",""
"1934","A","$10","American Paper Money Club Selection","Federal Reserve Note","Fine","$60.50","","","",""
"2012","S","1 Dollar","Native American Dollar","Native American","Proof-63","$49.00","Pending","","",""
"1934","D","Penny","Lincoln Head Penny","Unmapped","Average Circulated","$160.00","Pending","","",""
"1997","D","Quarter","Washington Silver Quarter","Unmapped","Uncirculated","5.75","Pending","","",""
"1943","","Half Dollar","Walking Liberty Half Dollar","Unmapped","Extremely Fine","$0.00","Pending","","",""
"1945","S","Nickel","Jefferson Nickel Series","Thomas Jefferson, Wartime Nickel","Uncirculated","$0.00","Pending","","",""
"2000","S","Quarter","State and Territory Quarters","Maryland","Proof-63","2.6","Pending","","",""
"1950","","Half Dollar","Franklin Half Dollar","Benjamin Franklin","Choice Proof-63","$695.00","Pending","","",""
"1945","P","Half Dollar","Liberty Walking Half Dollar","Liberty Walking","Very Fine","$38.50","Pending","","",""
"2005","S","Quarter","State and Territory Quarters","Minnesota","Proof-63","4.75","Pending","","",""
"2001S","","","Silver Proof set 10 coins","Unmapped","ch proof 63","$105.00","Pending","","",""
"1959","","Half Dollar","Franklin Half Dollar","Benjamin Franklin","Very Fine","$41.95","$11 – $14","","",""
"2008","S","Kennedy Half Dollar","Kennedy Half Dollar","John F. Kennedy","Proof-63 Cameo","$56.50","$12 – $18","","",""
"1908","D","Barber Silver Dimes","Barber Dimes","Liberty Head","Very Good","$26.95","$4.50 – $7.50","","",""
"1853","","Seated Liberty Half Dime","","Stars","Fine","$185.00","$25 – $45","","",""
"1824","","Half Dollar","Capped Bust","Unmapped","About Uncirculated","$1,395.00","","","",""
"1972","","Dollar","Eisenhower Dollar","Dwight D. Eisenhower","UNC 63","$31.35","$4 – $8","","",""
"1998","S","Penny","Lincoln Cent","Lincoln Head","Proof 63 (PR63)","$9.50","$3 – $7","","",""
"2003","D","1 Dollar","Sacagawea Dollar","Unmapped","Uncirculated","$16.95","$2.00 – $4.00","","",""
"1925","","Penny","Lincoln Cent","Abraham Lincoln","Genuine","","$0.15 – $1.50","","",""
"2018","P","Quarter","National Park Quarters","Cumberland Island National Seashore","Uncirculated","$2.00","$0.50 – $2.00","","",""
"1995","","Penny","Lincoln Cent","Abraham Lincoln","Mint State","$0.35","$0.15 – $1.00","","",""
"1981","P","Susan B. Anthony Dollar","Susan B. Anthony Dollar","Susan B. Anthony","Uncirculated","$10.75","$2.00 – $4.00","","",""
"1987S","","","Clad Proof Set 5 coins","Unmapped","ch proof 63","$20.00","$4 – $8","","",""
"1960","D","Penny","Lincoln Cent","Abraham Lincoln","Uncirculated","$0.75","$0.15 – $1.50","","",""
"2007","D","Quarter","State and Territory Quarters","Montana","Uncirculated","2.5","$0.25 – $1.00","","",""
"1920","","Quarter","Standing Liberty Silver Quarter","Unmapped","Fine","$65.00","$15 – $25","","",""
"1897","","Penny","Indian Head Cent","Unmapped","Good","$8.25","Pending","","",""
"2017S","","Quarter","National Park Year Set San Francisco Mint 5 coins","Unmapped","uncirculated","$15.75","$10 – $20","","",""
"2071","S","Dime","Roosevelt Dimes","Unmapped","Proof-63","3.50","Pending","","",""
"2016","S","Quarter","America the Beautiful Quarters","North Dakota Theodore Roosevelt National Park","Uncirculated","$1.25","$1.50 – $3.50","","",""
"1956","","Penny","Lincoln Head Penny","Abraham Lincoln","Choice Proof 63","$12.50","$3 – $7","","",""
"1981","D","Kennedy Half Dollar","Kennedy Half Dollar Series","John F. Kennedy","Uncirculated","$4.75","$1.00 – $3.00","","",""
"1892","S","25 Cents","Barber Silver Quarters","Liberty Head","Good","$110.00","$120 – $160","","",""
"2016","S","Quarter","National Park Quarters","Kentucky Cumberland Gap National Historical Park","Uncirculated","$1.50","$1.50 – $3.50","","",""
"1976","S","Kennedy Half Dollar","Kennedy Half Dollar Series","John F. Kennedy","Proof-63","$19.50","Pending","","",""
"1904","","Dollar","Morgan Silver Dollar","Liberty Head, Eagle","Very Fine","$110.00","$45 – $55","","",""
"2020","W","Dollar","The Complete 2020 American Eagle NGCX Silver Dollar Set","American Eagle","Unknown","$298.00","","","",""
"2015","S","1 Dollar","Native American Dollar","Native American","Proof-63","$8.50","Pending","","",""
"2000","S","Quarter","State and Territory Quarters","Massachusetts silver","Proof-63","22.5","Pending","","",""
"1954","","Half Dollar","Franklin Half Dollar","Year Set","Circulated","$18.90","Pending","","",""
"1988","S","Dime","Roosevelt Dimes","Unmapped","Proof-63","5.50","$2 – $5","","",""
"1881","O","1 Dollar","Morgan Silver Dollars","Liberty Head","Extremely Fine","$90.00","Pending","","",""
"2011","D","Quarter","National Park Quarters","Gettysburg National Military Park","Mint State","$1.50","Pending","","",""
"1962","","Nickel","Jefferson Nickel","Time Capsule Year Set","Circulated","$15.99","Pending","","",""
"1943","P","Cent","Lincoln Steel Cent","Unmapped","","\.95","","","",""
"1946","","Penny","Lincoln Wheat Cent","Abraham Lincoln","Genuine","","Pending","","",""
"2019","","Dollar","American Innovation Dollar","Delaware Lenni Lenape","Uncirculated","$4.95","Pending","","",""
"1880","CC","$1.0","Morgan Silver Dollar","GSA Hoard VAM-4","NGC MS64","3047.26","Pending","","",""
"1918","S","Penny","Lincoln Cent Series","Abraham Lincoln","Good","$2.75","Pending","","",""
"2001","D","Quarter","State and Territory Quarters","New York","Uncirculated","1.95","Pending","","",""
"2009","D","Kennedy Half Dollar","Kennedy Half Dollar Series","John F. Kennedy","Uncirculated","$4.75","$1.50 – $3.50","","",""
"2004","P","Quarter","State and Territory Quarters","Michigan","Uncirculated","1.95","$0.50 – $1.50","","",""
"1931","","Dime","Mercury Dime","Unmapped","Fine","$30.50","$3.50 – $6.00","","",""
"2019S","","","Clad Proof Set 11 coins","Unmapped","ch proof 63","$78.95","$7 – $15","","",""
"1973","","Dollar","Eisenhower Dollar","Dwight D. Eisenhower","Uncirculated","$27.50","$3 – $8","","",""
"1910","","Penny","Lincoln Wheat Cent","Abraham Lincoln","Genuine","","$0.15 – $1.50","","",""
"1920","","Penny","Lincoln Cent","Abraham Lincoln","Genuine","","$0.15 – $1.50","","",""
"2021","W","American Silver Eagle Dollar","America the Beautiful Quarters","Unmapped","Superb Gem","$0.00","$110 – $140","","",""
"1893","O","Half Dollar","Barber","Liberty Head","Good","$112.00","$180 – $250","","",""
"1864-1869","","50C Fractional Currency","Fractional Currency","Spinner Reverse Red Black Specimen","Crisp Unused","$226.00","","","",""
"1893","O","25 Cents","Barber Silver Quarters","Liberty Head","AC","$34.75","$15 – $35","","",""
"1972","","1 Dollar","Eisenhower Dollar","Dwight D. Eisenhower","UNC 63","$31.35","$4 – $8","","",""
"1962","","Half Dollar","Franklin Half Dollar","Benjamin Franklin","Choice Proof 63","$58.50","Pending","","",""
"1865","","","","Unmapped","Very Choice Uncirculated","$350.00","Pending","","",""
"2009","P","Penny","Lincoln Cent","Lincoln Bicentennial, Formative Years Reverse","Uncirculated","$1.00","$0.50 - $2.00","","",""
"2009","S","Penny","Lincoln Cent","Lincoln Bicentennial, Formative Years Reverse","Proof 63 Choice","$15.00","$8.00 - $18.00","","",""
"1908","O","25 Cents","Barber Silver Quarters","Liberty Head","Good","$39.00","$15 – $25","","",""
"2004","","Penny","Lincoln Head Penny","Unmapped","Uncirculated","","$0.15 – $1.00","","",""
"1913","S","Barber Silver Dimes","Barber Dimes","Liberty Head","Fine","$267.00","$1,500 – $2,200","","",""
"1896","S","Half Dollar","Liberty Seated","Unmapped","Average Circulated","$175.50","$1,200 – $2,500","","",""
"1908","","Cent","Indian Head Cent","Unmapped","Good","$8.25","Pending","","",""
"1833","","Quarter Dollar","Washington Quarter Club","Capped Bust","Very Good","$239.00","","","",""
"1964","","Quarter","Washington Silver Quarter","Unmapped","Circulated","19.50","Pending","","",""
"1980","D","Dime","Roosevelt Dimes","Unmapped","Uncirculated","1.50","$1.50 – $3.50","","",""
"1921","","Half Dollar","Walking Liberty Half Dollar","Unmapped","About Uncirculated 50","$85.00","$3,500 – $4,500","","",""
"1952","","Dime","Roosevelt Dimes","Silver","Avg Cir","Points","$2.25 – $3.50","","",""
"1930","","Penny","Lincoln Wheat Cent Series","Abraham Lincoln","Not Graded","$0.00","$0.15 – $15.00","","",""
"1976","","1 Dollar","U.S. Bicentennial","Eisenhower Dollar - Variety 2","UNC 63","$31.35","$4 – $12","","",""
"1900","O","25 Cents","Barber Silver Quarters","Liberty Head","AC","$45.00","$15 – $35","","",""
"1918","","Penny","Lincoln Cent","Abraham Lincoln","Genuine","","$0.15 – $1.50","","",""
"1957","P","Nickel","Jefferson Nickel Series","Thomas Jefferson","Uncirculated","$2.50","$1.00 – $3.00","","",""
"2014","P","$1","Presidential $1 Coin Program","Calvin Coolidge","Uncirculated","3.50","Pending","","",""
"1934","","Quarter","Washington Quarter","Unmapped","Circulated","$27.60","Pending","","",""
"1992","P","Dime","Roosevelt Dimes","Unmapped","Uncirculated","1.50","$1.00 – $3.00","","",""
"1949","","Half Dollar","Franklin Half Dollar","Historic Year Set","Circulated","$22.40","Pending","","",""
"11914-16","","Capped Bust Half Dime","","Unmapped","average circ","points","$15 – $45","","",""
"1964","","Dime","Roosevelt Dimes","Unmapped","Circulated","points","$2.00 – $3.00","","",""
"2020","","Dollar","American Innovation Dollar","Utah Paiute","Uncirculated","$5.95","Pending","","",""
"2024","S","Quarter Dollar","American Women Quarters","Ida B. Wells","Choice Proof-63","$10.95","","","",""
"2012","W","Dollar","The West Point Burnished American Eagle Silver Dollar Collection","American Eagle","Uncirculated","$164.00","","","",""
"2019","S","Quarter","America the Beautiful Quarters","Guam War in the Pacific National Historical Park","Uncirculated","$1.25","Pending","","",""
"1929","","Penny","Lincoln Cent","Abraham Lincoln","Genuine","","Pending","","",""
"2020","D","Quarter","National Park Quarters","Weir Farm National Historic Site","Mint State","$1.00","Pending","","",""
"2025","S","Quarter Dollar","American Women Quarters","Ida B. Wells","Choice Proof-63","$34.95","","","",""
"1942","","Quarter","Washington Silver Quarter","Unmapped","Very Good","22.50","Pending","","",""
"2018","P","Dime","America the Beautiful Quarters","Unmapped","Uncirculated","1.75","Pending","","",""
"1974","","Dollar","Eisenhower Dollar","Dwight D. Eisenhower","UNC 63","$31.35","Pending","","",""
"2000","S","Quarter","State and Territory Quarters","Massachusetts","Proof-63","2.6","Pending","","",""
"2014","","Dollar","America the Beautiful Quarters","Unmapped","Uncirculated","$34.95","Pending","","",""
"2002","S","Penny","Lincoln Cent","Unmapped","Choice Proof 63","$3.95","Pending","","",""
"1924","D","Dime","Mercury Dime","Unmapped","Average Circulated","$29.25","Pending","","",""
"1914","P","Barber Silver Dimes","Barber Dimes","Liberty Head","Fine","$28.95","Pending","","",""
"2010","D","Quarter","America the Beautiful Quarters","Hot Springs National Park","Uncirculated","$1.50","Pending","","",""
"1903","O","Dollar","Morgan Silver Dollar","Liberty Head, Eagle","Uncirculated","$650.00","Pending","","",""
"2016","","$1 Silver Eagle","American Silver Eagle","Walking Liberty","Uncirculated","$0.00","","","",""
"1910","Pending","Dime","Barber Series","Liberty Head","Very Good","$26.95","Pending","","",""
"1919","","Penny","Lincoln Head Penny","Unmapped","Average Circulated","","Pending","","",""
"1994","","Dollar","American Eagle","Unmapped","Uncirculated","$87.50","Pending","","",""
"1997","D","Dime","Roosevelt Dimes","Unmapped","Uncirculated","2.50","Pending","","",""
"2017","P","Quarter","National Park Quarters","Missouri Ozark National Scenic Riverways","Uncirculated","$1.00","Pending","","",""
"1921","S","Half Dollar","Barber","Liberty Head","Circulated","$72.00","Pending","","",""
"1955","","Quarter","Washington Silver Quarter","Unmapped","Proof-63","45.00","Pending","","",""
"2009","D","Quarter","State and Territory Quarters","Northern Mariana Islands Territory","Uncirculated","3.0","Pending","","",""
"2005","S","Quarter","State and Territory Quarters","Oregon","Proof-63","4.75","Pending","","",""
"1964","","5-Coin Set","Time Capsule Year Set","Year Set","Circulated","$79.95","","","",""
"1981","S","Susan B. Anthony Dollar","Susan B. Anthony Dollar","Susan B. Anthony","Uncirculated","$12.95","Pending","","",""
"2002","","Dollar","American Eagle","Unmapped","Uncirculated","$64.50","Pending","","",""
"1973","S","Quarter","Washington Silver Quarter","Unmapped","Proof-63","2.25","Pending","","",""
"2024","","$1","The Statehood Innovation Dollar Coin Collection","Alabama","","$17.95","","","",""
"1974","D","1 Dollar","Eisenhower Dollar","Dwight D. Eisenhower","UNC 63","$31.35","Pending","","",""
"1954","","Dime","Roosevelt Dime","Unmapped","Uncirculated","20.50","Pending","","",""
"2007","S","Quarter","State and Territory Quarters","Wyoming","Proof-63","5.5","Pending","","",""
"1924","","Penny","Lincoln Cent","Lincoln Portrait","Average Circulated","$0.00","Pending","","",""
"2008","D","Dime","Roosevelt Dime","Unmapped","Uncirculated","2.00","Pending","","",""
"1945","D","Nickel","Jefferson Nickel","Thomas Jefferson, Wartime Nickel","Average Circulated","$9.25","Pending","","",""
"1859","","Quarter","Liberty Seated","Liberty Seated, No Motto","Very Good","$76.50","Pending","","",""
"1993","","Dollar","The Complete Original-Design Proof Silver Eagle Dollar Collection","American Eagle","Proof","$187.00","","","",""
"1919","D","Quarter","Standing Liberty Silver Quarter","Unmapped","Very Fine 25","$695.00","Pending","","",""
"1987","S","Dollar","American Eagle","Unmapped","Proof-63","$125.00","Pending","","",""
"1911","S","Barber Silver Dimes","Barber Dimes","Liberty Head","Good","$24.50","Pending","","",""
"1883","P","1 Dollar","Morgan Silver Dollars","Liberty Head","Extremely Fine","$90.00","Pending","","",""
"1955","D","Quarter","Washington Silver Quarter","Unmapped","Uncirculated","points","Pending","","",""
"1857-1858","","Cent","America's First Small-Size One-Cent Coins","Flying Eagle","","$85.42","","","",""
"2020","","Dollar","American Innovation Dollar","Oregon Creek","Uncirculated","$5.95","Pending","","",""
"1928","S","Half Dollar","Liberty Walking Half Dollar","Unmapped","Very Good","$48.75","Pending","","",""
"2009","","Penny","Lincoln Cent Series","Abraham Lincoln, Birth and Childhood Reverse","Uncirculated","$0.30","Pending","","",""
"2025","P","Quarter Dollar","American Women Quarters","Juliette Gordon Low","Uncirculated","$1.00","","","",""
"1978","D","Kennedy Half Dollar","Kennedy Half Dollar","John F. Kennedy","Uncirculated","$9.95","Pending","","",""
"2006","P","Kennedy Half Dollar","Kennedy Half Dollar Series","John F. Kennedy","Uncirculated","$6.50","Pending","","",""
"1924","","Penny","Lincoln Head Cent","Unmapped","Average Circulated","$0.00","Pending","","",""
"1976","","$2 Federal Reserve Note","USA Invoice Import","1st Day of Issue with Stamp","","$0.00","","","",""
"1988","","Penny","Lincoln Head Penny","Abraham Lincoln","Uncirculated","$0.95","Pending","","",""
"1937","","Penny","Lincoln Head Penny","Lincoln Portrait","Uncirculated","$19.75","Pending","","",""
"1950","","Quarter","Washington Quarter","America Revisited Selection","Circulated","$33.40","Pending","","",""
"1996","","Dollar","American Eagle","Unmapped","Uncirculated","$135.00","Pending","","",""
"1924","D","Penny","Lincoln Head Penny","Lincoln Portrait","Very Fine","$138.00","Pending","","",""
"2024","D","Quarter","American Women Quarters Program","Patsy Takemoto Mink","Uncirculated","$1.00","Pending","","",""
"2004","D","Quarter","State and Territory Quarters","Florida","Uncirculated","1.95","Pending","","",""
"1943","","Penny","Lincoln Wheat Cent","Abraham Lincoln","Genuine","","Pending","","",""
"2009","","Penny","Lincoln Cent Series","Abraham Lincoln, Professional Life Reverse","Uncirculated","$0.30","Pending","","",""
"1907","D","25 Cents","Barber Silver Quarters","Liberty Head","Fine","$75.00","Pending","","",""
"1934","","Dime","Mercury Dime","Winged Liberty Head","Fine","$18.00","Pending","","",""
"2001","D","Quarter","State and Territory Quarters","Kentucky","Uncirculated","2.5","Pending","","",""
"1929","D","Quarter","Standing Liberty Silver Quarter","Unmapped","Fine","$36.00","Pending","","",""
"1926","","Quarter","Standing Liberty Silver Quarter","Unmapped","Very Good","$32.50","Pending","","",""
"1954","D","Penny","Lincoln Cent","Lincoln Cent (Wheat Reverse)","Uncirculated","$2.75","Pending","","",""
"1925","","Penny","Lincoln Head Penny","Lincoln Portrait","Fine","$6.75","Pending","","",""
"1961","D","Dime","Roosevelt Dimes","Unmapped","Average Circulated","14.50","Pending","","",""
"2011","","Dollar","The Complete Original-Design Proof Silver Eagle Dollar Collection","American Eagle","Proof","$187.00","","","",""
"1948","O","Half Dollar","Walking Liberty Half Dollar","Unmapped","Very Fine","$329.00","Pending","","",""
"1899","O","Dollar","Morgan Silver Dollar","Liberty Head, Eagle","VF-35","$175.00","Pending","","",""
"2017","P","Quarter","National Park Quarters","George Rogers Clark National Historical Park","Uncirculated","$2.25","Pending","","",""
"2011","","Five Cents","America the Beautiful Quarters","Unmapped","","$7.95","","","",""
"1929","D","Penny","","Unmapped","Average Circ","$3.60","Pending","","",""
"1943","","Half Dollar","Historic U.S. Silver Half-Dollars","Walking Liberty","","$168.00","","","",""
"1955","","Penny","Lincoln Head Penny","Abraham Lincoln","Choice Proof 63","$27.50","Pending","","",""
"1832","","Capped Bust Silver Quarter","","Unmapped","Extremely Fine","$585.00","Pending","","",""
"1986","D","Kennedy Half Dollar","Kennedy Half Dollar","John F. Kennedy","Uncirculated","$15.50","Pending","","",""
"1986","S","Half Dollar","Coins-on-Approval","Statue of Liberty Commemorative","Choice Proof-63","$17.00","","","",""
"1938","","","America Revisited Selection","Time Capsule Year Set","Circulated","$179.00","","","",""
"1958","","Half Dollar","Franklin Half Dollar","Historical US Circulation Coins","Circulated","$18.90","Pending","","",""
"2013","D","Quarter","America the Beautiful Quarters","Fort McHenry National Monument and Historic Shrine","Uncirculated","$1.50","Pending","","",""
"2013","S","Kennedy Half Dollar","Kennedy Half Dollar","John F. Kennedy","Proof-63 Cameo","$30.95","Pending","","",""
"1984","O","Kennedy Half Dollar","Kennedy Half Dollar","John F. Kennedy","Uncirculated","$5.95","Pending","","",""
"1996","P","Dime","Roosevelt Dimes","Unmapped","Uncirculated","2.50","Pending","","",""
"1993","","Dollar","American Eagle","Unmapped","Uncirculated","$71.50","Pending","","",""
"1826","","$50 Obsolete Note","USA Invoice Import","New York Marble Manufacturing NY-1705-G22","Extremely Fine or Better","$233.00","","","",""
"2013","","Dollar","America the Beautiful Quarters","Unmapped","Uncirculated","$41.95","Pending","","",""
"1946","","Five Cents","The U.S. Nickel Collection","Unmapped","","$7.95","","","",""
"2006","P","Quarter","State and Territory Quarters","Colorado","Uncirculated","2.5","Pending","","",""
"1963","","Penny","Lincoln Memorial Cent","Lincoln Head","Uncirculated","$0.40","Pending","","",""
"2025","","Quarter","The Celebrating America Coin Collection","J Gordon Low","","$17.95","","","",""
"2009","P","Kennedy Half Dollar","Kennedy Half Dollar Series","John F. Kennedy","Uncirculated","$4.75","Pending","","",""
"1917","D","Quarter","Standing Liberty Silver Quarter (Type 1)","Unmapped","Average Circulated","$94.50","Pending","","",""
"1938","","Quarter","Washington Quarter","America Revisited Selection","Circulated","$35.80","Pending","","",""
"1957","","Penny","Lincoln Wheat Cent Series","Abraham Lincoln","Not Graded","$0.00","Pending","","",""
"1973","S","Dollar","Eisenhower Dollar","Dwight D. Eisenhower","Uncirculated","$0.00","Pending","","",""
"2016","P","Kennedy Half Dollar","Kennedy Half Dollar","John F. Kennedy","Uncirculated","$1.95","Pending","","",""
"1888","S","Dollar","Morgan Dollar","Liberty Head, Eagle","Extremely Fine","$365.00","Pending","","",""
"1882","S","1 Dollar","Morgan Dollar","Liberty Head","Mint State","$125.00","Pending","","",""
"1902","S","25 Cents","Barber Quarters","Liberty Head","Ungraded","$37.00","Pending","","",""
"1950","D","Nickel","","Unmapped","Uncirculated","$45.95","Pending","","",""
"1927","","Dollar","Peace Dollar","Unmapped","About Uncirculated","$117.00","Pending","","",""
"2006","S","Kennedy Half Dollar","Kennedy Half Dollar","John F. Kennedy","Proof-63 Cameo","$30.95","Pending","","",""
"1978","","Dollar","","Unmapped","Uncirculated","$18.00","Pending","","",""
"1866","","$5","Liberty Head Gold Half Eagle","Liberty Head","Extremely Fine","$575.00","Pending","","",""
"1944","D","Dime","Mercury Dime","Winged Liberty Head","Very Fine","$17.25","Pending","","",""
"2017","S","Quarter","National Park Quarters","DC Frederick Douglass National Historic Site","Proof-63","$11.75","Pending","","",""
"1948","","Five Cents","The U.S. Nickel Collection - Shipment 13","Unmapped","","$7.95","","","",""
"1907","O","Dime","Barber Series","Liberty Head","Average Circulated","$24.50","Pending","","",""
"1947","D","Dime","Mercury Dime","Winged Liberty Head","Average Circulated","Points","Pending","","",""
"2024","S","Quarter Dollar","American Women Quarters","Dr. Mary Edwards Walker","Ch Proof-63","$8.95","","","",""
"1838","O","Dime","Liberty Seated Silver Dime","Unmapped","Fine 15","$410.00","Pending","","",""
"1990","S","Dollar","American Eagle","Unmapped","Proof-63","$125.00","Pending","","",""
"1936","","Half Dollar","Walking Liberty Half Dollar","America Revisited Selection","Circulated","$20.20","Pending","","",""
"1957","D","Half Dollar","Franklin Half Dollar","Benjamin Franklin","Good","$0.00","Pending","","",""
"1928","D","Penny","Lincoln Head Cent","Unmapped","Very Good","$8.75","Pending","","",""
"2018","D","Kennedy Half Dollar","Kennedy Half Dollar Series","John F. Kennedy","Uncirculated","points","Pending","","",""
"2009","","Penny","Lincoln Bicentennial Cent","Abraham Lincoln Bicentennial (4 designs)","Mint State","$14.95","Pending","","",""
"1954","D","Dime","Mercury Dime","Winged Liberty Head","Uncirculated","Points","Pending","","",""
"1859","","1 Cent","Indian Head Cent","Indian Head","Extremely Fine","$199.00","Pending","","",""
"1916","P","Half Dollar","Liberty Walking Half Dollar","Liberty Walking","Average Circulated","$99.00","Pending","","",""
"1991","D","Quarter","Washington Silver Quarter","Unmapped","Uncirculated","4.50","Pending","","",""
"2022","D","Quarter Dollar","American Women Quarters","Anna May Wong","Uncirculated","$1.00","","","",""
"2013","P","$1","Presidential $1 Coin Program","Theodore Roosevelt","Uncirculated","2.95","Pending","","",""
"1998","P","Dime","Roosevelt Dimes","Unmapped","Uncirculated","2.25","Pending","","",""
"2018","S","Quarter","National Park Quarters","Wisconsin Apostle Islands National Lakeshore","Proof-63","$5.50","Pending","","",""
"1943","P","Cent","Lincoln Cent","Lincoln Head","Ungraded","$0.00","Pending","","",""
"1862","","$3 State of Missouri Note","USA Invoice Import","Jefferson City","Crisp Unused","$205.00","","","",""
"2021","S","Quarter","National Park Quarters","Tuskegee Airman National Historic Site","Proof-63","$9.50","Pending","","",""
"1999S","","","Clad  Proof Set 9 coins","Unmapped","ch proog 63","$34.50","","","",""
"1993","S","Quarter","Washington Silver Quarter","Unmapped","Proof-63","5.50","Pending","","",""
"1994","D","Kennedy Half Dollar","Kennedy Half Dollar","John F. Kennedy","Uncirculated","$4.50","Pending","","",""
"1999","S","Quarter","State and Territory Quarters","Pennsylvania","Proof-63","15.95","Pending","","",""
"1976","S","Dollar","Eisenhower Dollar","Dwight D. Eisenhower / Bicentennial","Proof-63","$0.00","Pending","","",""
"2018","S","Quarter","National Park Quarters","Wisconsin Apostle Islands National Lakeshore","Proof-63","$11.75","Pending","","",""
"2013","D","Quarter","America the Beautiful Quarters","Mount Rushmore National Memorial","Uncirculated","$1.50","Pending","","",""
"2012","D","$1","Presidential $1 Coin Program","Grover Cleveland (First Term)","Uncirculated","3.50","Pending","","",""
"1969","S","Penny","Lincoln Head Penny","Abraham Lincoln","Uncirculated","$0.80","Pending","","",""
"2022","P","1 Dollar","Native American Dollar","Ely Samuel Parker","Uncirculated","Points","Pending","","",""
"1957","D","Half Dollar","Franklin Half Dollar","Benjamin Franklin","Very Fine","$34.95","Pending","","",""
"1963","","Dime","Roosevelt Dimes","Unmapped","Uncirculated","17.25","Pending","","",""
"1956","D","Penny","Lincoln Cent","Lincoln Cent (Wheat Reverse)","Uncirculated","$1.65","Pending","","",""
"2005","P","Dime","Roosevelt Dimes","Unmapped","Uncirculated","2.00","Pending","","",""
"","","Half Dollar","The U.S. Coin Complete Denomination Set","Walking Liberty","","$75.00","","","",""
"2004","D","Quarter","State and Territory Quarters","Iowa","Uncirculated","1.5","Pending","","",""
"2009","D","Quarter","State and Territory Quarters","District of Columbia","Uncirculated","2.5","Pending","","",""
"1893","","$5","Liberty Head Half Eagle","Liberty Head","MS-63","$895.00","Pending","","",""
"1977","S","1 Dollar","Eisenhower Dollar","Dwight D. Eisenhower","Proof-63","$31.35","Pending","","",""
"2024","","Quarter Dollar","The Celebrating America Coin Collection","Celia Cruz","","$17.95","","","",""
"1929","","Penny","Lincoln Wheat Cent Series","Abraham Lincoln","Not Graded","$0.00","Pending","","",""
"1912","D","Barber Silver Dime","","Unmapped","Good","$0.00","Pending","","",""
"1950","D","Half Dollar","Franklin Half Dollar","Benjamin Franklin","Extremely Fine","$53.50","Pending","","",""
"1935","S","Quarter","Washington Silver Quarter","Unmapped","AU-58","120.00","Pending","","",""
"1918","","Quarter","Standing Liberty Quarter","Unmapped","Fine","$75.00","Pending","","",""
"1929","S","Quarter","Standing Liberty Quarter","Unmapped","Fine","$30.50","Pending","","",""
"1941","","Penny","Lincoln Cent","Lincoln Head","Uncirculated (UNC)","$16.50","Pending","","",""
"1958","","Half Dollar","Franklin Half Dollar","Benjamin Franklin","Choice Proof 63","$80.00","Pending","","",""
"","","","The World War II U.S. Coin Collection","Shipment # 3","","$87.00","","","",""
"2022","S","Dime","Roosevelt Dime","Unmapped","Proof-63","11.50","Pending","","",""
"1946","D","Quarter","Washington Quarter","Unmapped","Uncirculated","39.50","Pending","","",""
"1925","","Penny","Lincoln Cent","Unmapped","Average Circulated","$270.00","Pending","","",""
"1832","","Half Dollar","Capped Bust Half Dollar","Capped Bust Liberty","Choice AU","$695.00","Pending","","",""
"1996","S","Kennedy Half Dollar","Kennedy Half Dollar Series","John F. Kennedy","Proof-63","$75.00","Pending","","",""
"2004","D","Penny","Lincoln Cent Series","Abraham Lincoln","Uncirculated","$0.70","Pending","","",""
"1837","","Quarter","Liberty Seated","Unmapped","Average Circulated","$148.50","Pending","","",""
"2015","D","Kennedy Half Dollar","Kennedy Half Dollar","John F. Kennedy","Uncirculated","$1.95","Pending","","",""
"1845","","Seated Liberty Half Dime","","Stars","Very Fine/EF","$105.00","Pending","","",""
"2020","P","1 Dollar","Native American Dollar","Elizabeth Peratrovich","Uncirculated","$8.10","Pending","","",""
"2023","","Peace Dollar","The Ultimate Modern Morgan and Peace Silver Dollar Collection","Unmapped","Proof","Pending","Pending","","",""
"1903","Pending","Dime","Barber Series","Liberty Head","Very Good","$28.50","Pending","","",""
"2002","S","Quarter","State and Territory Quarters","Tennessee silver","Proof-63","22.5","Pending","","",""
"2017","P","Dime","America the Beautiful Quarters","Unmapped","Uncirculated","1.75","Pending","","",""
"1840","O","Quarter","Liberty Seated","Liberty Seated, No Motto, No Drapery","Good/Very Good","$130.00","Pending","","",""
"2017","D","Quarter","National Park Quarters","Missouri Ozark National Scenic Riverways","Uncirculated","$1.00","Pending","","",""
"1904","S","Half Dollar","Barber","Liberty Head","Circulated","$42.50","Pending","","",""
"2002","S","Dime","Roosevelt Dimes","Unmapped","Proof-63","3.75","Pending","","",""
"1897","","Dollar","Morgan Silver Dollar","Liberty Head, Eagle","About Uncirculated","$90.00","Pending","","",""
"1947","","Penny","Lincoln Wheat Cent Series","Abraham Lincoln","Not Graded","$0.00","Pending","","",""
"2020","","Dollar","American Innovation Dollar","Oklahoma Cheyenne","Uncirculated","$5.95","Pending","","",""
"1974","S","1 Dollar","Eisenhower Dollar","Dwight D. Eisenhower","UNC 63","$31.35","Pending","","",""
"1946","P","Half Dollar","Liberty Walking Half Dollar","Unmapped","Extremely Fine","$41.50","Pending","","",""
"2005","S","Quarter","State and Territory Quarters","Minnesota Commemorative","Proof-63","24.0","Pending","","",""
"1910","","Penny","Lincoln Cent","Abraham Lincoln","Genuine","","Pending","","",""
"1832","","Half Dollar","Capped Bust Half Dollar","Unmapped","Very Good","$165.00","Pending","","",""
"1986","P","Quarter","Washington Silver Quarter","Unmapped","Uncirculated","9.50","Pending","","",""
"1920","","Penny","Lincoln Wheat Cent Series","Abraham Lincoln","Not Graded","$0.00","Pending","","",""
"1780","","$7 Massachusetts Colonial Currency","USA Invoice Import","Hole Cancelled","Extremely Fine or Better","$203.00","","","",""
"2009","S","Quarter","State and Territory Quarters","District of Columbia Commemorative","Proof-63","10.75","Pending","","",""
"2002","D","Quarter","State and Territory Quarters","Ohio","Uncirculated","2.25","Pending","","",""
"2005","","Penny","Lincoln Cent","Lincoln Head","Uncirculated (UNC)","$0.35","Pending","","",""
"1970","S","Kennedy Half Dollar","Kennedy Half Dollar","John F. Kennedy","Proof-63 Cameo","$25.00","Pending","","",""
"1899","","25 Cents","Barber Silver Quarters","Liberty Head","Average Circulated","$44.74","Pending","","",""
"1958","","Penny","Lincoln Head Cent","Unmapped","Proof-63","$11.50","Pending","","",""
"1950","","","America Revisited Selection","Time Capsule Year Set","Circulated","$167.00","","","",""
"1918","D","Half Dollar","Liberty Walking Half Dollar","Unmapped","Very Good","$65.00","Pending","","",""
"","","Dollar","The Statehood Innovation Dollar Coin Collection","Michigan","","$17.95","","","",""
"1934","","Quarter","Washington Silver Quarter","Unmapped","Average Circulated","23.95","Pending","","",""
"1907","","$5","American Paper Money Club Selection","Legal Tender Note Large Size","Fine #2 Quality","$381.00","","","",""
"1982","D","Penny","Lincoln Cent Series","Abraham Lincoln","Uncirculated","$1.00","Pending","","",""
"1857","","Flying Eagle cent","Flying Eagle Cent","Eagle","Fine","$112.50","Pending","","",""
"1930","S","Quarter","Standing Liberty Silver Quarter","Unmapped","Very Fine","$39.00","Pending","","",""
"1858","","Quarter","Liberty Seated","Liberty Seated, No Motto","Fine","$85.50","Pending","","",""
"2025","","Quarter Dollar","American Women Quarters / The Celebrating America Coin Collection","Ida B Wells","","$17.95","","","",""
"2009","S","Nickel","Jefferson Nickel Series","Thomas Jefferson","Proof-63","$4.35","Pending","","",""
"1975","S","Penny","Lincoln Head Penny","Lincoln Portrait","Choice Proof 63","$7.75","Pending","","",""
"1935","S","Nickel","Buffalo Nickel","Unmapped","Fine","$0.00","Pending","","",""
"2020","S","Dollar","America the Beautiful Quarters","Unmapped","","$298.00","","","",""
"1927","","Penny","Lincoln Cent","Abraham Lincoln","Genuine","","Pending","","",""
"1978","S","Penny","Lincoln Cent","Lincoln Cent (Memorial Reverse)","Choice Proof 63","$4.25","Pending","","",""
"1944","","Penny","Lincoln Cent","Wheat Reverse","Genuine","$0.00","$0.15 - $0.75","","",""
"2007","S","Penny","Lincoln Cent","Abraham Lincoln","Proof-63","$4.75","Pending","","",""
"2024","","American Silver Eagle","American Eagle Silver Dollar","Walking Liberty Half Dollar","Uncirculated","$0.00","Pending","","",""
"1948","D","Half Dollar","Franklin Half Dollar","Benjamin Franklin","Extremely Fine","$57.50","Pending","","",""
"1902","S","1 Dollar","Morgan Dollar","Unmapped","Fine","$212.00","Pending","","",""
"1864-1869","","10C Fractional Currency","USA Invoice Import","Unmapped","Choice Uncirculated 63","$273.00","","","",""
"2000-2099","","Lincoln Cent, Jefferson Nickel","Transition Set","21st Century Penny and Nickel","Uncirculated","$4.95","","","",""
"1922","D","Dollar","Peace Dollar","Unmapped","About Uncirculated","$90.00","Pending","","",""
"1957","","Quarter","","Unmapped","Average Circulated","$0.00","Pending","","",""
"1996","S","Kennedy Half Dollar","Kennedy Half Dollar","John F. Kennedy","Proof-63 Cameo","$25.00","Pending","","",""
"1939","","Penny","Lincoln Head Penny","Lincoln Portrait","Average Circulated","$1.35","Pending","","",""
"1909","","Penny","Lincoln Head Penny","Unmapped","Average Circulated","","Pending","","",""
"1900","","Cent","Indian Head Cent","Unmapped","Good","$8.25","Pending","","",""
"1955","","Penny","Lincoln Wheat Cent Series","Abraham Lincoln","Not Graded","$0.00","Pending","","",""
"2001","D","Quarter","State and Territory Quarters","Vermont","Uncirculated","1.95","Pending","","",""
"1940","","Penny","Lincoln Head Penny","Lincoln Portrait","Average Circulated","$0.90","Pending","","",""
"2024","P","Quarter","American Women Quarters Program","Patsy Takemoto Mink","Uncirculated","$1.00","Pending","","",""
"1891","","1 Dollar","Morgan Silver Dollars","Unmapped","Uncirculated","$150.00","Pending","","",""
"2021","P","Dime","America the Beautiful Quarters","Unmapped","Uncirculated",".95","Pending","","",""
"1939","S","Penny","Lincoln Head Cent","Unmapped","Uncirculated","$0.00","Pending","","",""
"2015","D","Kennedy Half Dollar","Kennedy Half Dollar","John F. Kennedy","Uncirculated","$0.00","Pending","","",""
"2016","S","Kennedy Half Dollar","Kennedy Half Dollar","John F. Kennedy","Proof-63 Cameo","$26.50","Pending","","",""
"2006","D","Quarter","State and Territory Quarters","South Dakota","Uncirculated","2.5","Pending","","",""
"2011","P","Kennedy Half Dollar","Kennedy Half Dollar Series","John F. Kennedy","Uncirculated","$2.50","Pending","","",""
"1941","D","Penny","Lincoln Cent","Lincoln Cent (Wheat Reverse)","Average Circulated","$0.90","Pending","","",""
"1908","","Nickel","Liberty Head Nickel","Liberty Head","About Good","$8.00","Pending","","",""
"1986","","Half Dollar","Proof U.S. Half-Dollars","Statue of Liberty Centennial","Proof","$74.00","","","",""
"2001","S","Kennedy Half Dollar","Kennedy Half Dollar Series","John F. Kennedy","Choice Proof 63","$12.50","Pending","","",""
"1930","","Penny","Lincoln Head Penny","Unmapped","Very Fine","","Pending","","",""
"1920","S","Dime","Mercury Dime","Mercury (Roman God)","Fine","$9.75","Pending","","",""
"2007","D","Dime","Roosevelt Dimes","Unmapped","Uncirculated","points","Pending","","",""
"1808","","Half Dollar","Capped Bust","Variety 1","Very Fine-25","$500.00","Pending","","",""
"1953","D","Quarter","Washington Silver Quarter","Unmapped","Very Fine","24.95","Pending","","",""
"2024","D","Dollar","U.S. Innovation Dollar","Unmapped","Uncirculated","$0.00","Pending","","",""
"1905","O","Dime","Barber Series","Liberty Head","Average Circulated","$24.50","Pending","","",""
"1903","O","Half Dollar","Barber","Liberty Head","Ungraded","$42.50","Pending","","",""
"1820","","Capped Bust Silver Half Dollar","Capped Bust Half Dollar","Capped Bust Liberty","Very Fine","$148.50","Pending","","",""
"1940","D","Dime","Mercury Dime","Winged Liberty Head","Fine","$13.50","Pending","","",""
"1972","S","Dollar","Eisenhower Dollar","Dwight D. Eisenhower","Proof-63","$41.75","Pending","","",""
"1936","","5-Coin Set","Time Capsule Year Set","America Revisited Selection","Circulated","$101.00","","","",""
"1847","","Seated Liberty Half Dime","","Stars","Extremely Fine","$174.00","Pending","","",""
"1856","","Dime","Liberty Seated Silver Dime","Unmapped","Very Fine","$67.50","Pending","","",""
"2021D","","Quarter","Washington Crossing the Delaware","Unmapped","uncirculated","$1.00","","","",""
"2009","D","Penny","Lincoln Cent Series","Abraham Lincoln, Presidency Reverse","Uncirculated","$0.30","Pending","","",""
"1960","","Quarter","Washington Silver Quarter","Unmapped","Proof-63","31.95","Pending","","",""
"2011","D","Quarter","National Park Quarters","Mississippi Vicksburg National Military Park","Uncirculated","$1.50","Pending","","",""
"2017","S","Quarter","National Park Quarters","District of Columbia Frederick Douglass National Historic Site","Proof-63","$5.50","Pending","","",""
"1861","S","Seated Liberty Silver Half Dollar","Seated Liberty Half Dollar","Seated Liberty","Circulated","$152.00","Pending","","",""
"","","","The Celebrating America Coin Collection Shipment 21","Celebrating America","Ungraded","$17.95","Pending","","",""
"2014","S","$1","Presidential $1 Coin Program","Herbert Hoover","Proof-63","10.50","Pending","","",""
"2003","","Dollar","The Complete Original-Design Proof Silver Eagle Dollar Collection","American Eagle","Proof","$187.00","","","",""
"1942","P","Nickel","Jefferson Wartime Nickel","Unmapped","Average Circ","$10.55","Pending","","",""
"1899","Pending","Dime","Barber Series","Liberty Head","Good","$24.95","Pending","","",""
"1871","","","","Unmapped","Good","$175.00","Pending","","",""
"2009","S","$1","Presidential $1 Coin Program","James K. Polk","Proof-63","7.95","Pending","","",""
"1972","D","Quarter","Washington Silver Quarter","Unmapped","Uncirculated","2.25","Pending","","",""
"1916","","Penny","Lincoln Wheat Cent","Abraham Lincoln","Genuine","","Pending","","",""
"2015","P","$1","Presidential $1 Coin Program","John F. Kennedy","Uncirculated","2.95","Pending","","",""
"1986","","Dollar","American Eagle","Unmapped","Uncirculated","$85.00","Pending","","",""
"1858","O","Dime","Liberty Seated Silver Dime","Unmapped","Choice About Uncirculated","$775.00","Pending","","",""
"1882","CC","Dollar","Morgan Silver Dollar","Liberty Head, Eagle","Uncirculated","$365.00","Pending","","",""
"1926","S","Penny","Lincoln Cent Series","Abraham Lincoln","Fine","$38.00","Pending","","",""
"2007","D","$1","Presidential $1 Coin Program","Thomas Jefferson","Uncirculated","4.25","Pending","","",""
"1927","","Penny","Lincoln Wheat Cent Series","Abraham Lincoln","Not Graded","$0.00","Pending","","",""
"1903-1991","","Five Cents","The U.S. Nickel Collection","Shipment 16","","$31.80","","","",""
"1969","D","Penny","Lincoln Head Penny","Abraham Lincoln","Uncirculated","$0.40","Pending","","",""
"1954","D","Dime","Roosevelt Dimes","Unmapped","Average Circulated","13.50","Pending","","",""
"1973","S","Penny","Lincoln Head Penny","Abraham Lincoln","Uncirculated","$0.95","Pending","","",""
"1993","","Nickel","The U.S. Nickel Collection","Jefferson","Ungraded","$7.95","Pending","","",""
"2020","D","Kennedy Half Dollar","Kennedy Half Dollar Series","John F. Kennedy","Uncirculated","$1.95","Pending","","",""
"1985","D","Dime","Roosevelt Dimes","Unmapped","Uncirculated","2.25","Pending","","",""
"1947","","Dime","Roosevelt Dime","Unmapped","Circulated","$24.20","Pending","","",""
"1856","","Dime","Liberty Seated Silver Dime","Unmapped","Fine","$67.50","Pending","","",""
"1936","","Dime","Mercury Dime","America Revisited Selection","Circulated","$20.20","Pending","","",""
"1930","","Quarter","Standing Liberty Quarter","Unmapped","Good","$30.00","Pending","","",""
"1931","","Penny","Lincoln Cent","Abraham Lincoln","Genuine","","Pending","","",""
"2020","D","1 Dollar","Native American Dollar","Elizabeth Peratrovich","Uncirculated","$8.10","Pending","","",""
"1922","D","Penny","Lincoln Cent","Abraham Lincoln","Very Good","$67.50","Pending","","",""
"2007","S","Quarter","State and Territory Quarters","Idaho silver","Proof-63","18.5","Pending","","",""
"1883","","Nickel","Shield Nickel","Unmapped","AU-50","$235.00","Pending","","",""
"1939","D","Penny","Lincoln Cent","Lincoln Head","Extremely Fine (XF)","$6.25","Pending","","",""
"1807","","Draped Bust Silver Quarter","Draped Bust Silver Quarter Series","Draped Bust Design","Very Good","$371.50","Pending","","",""
"1946","","Dime","Roosevelt Dimes","Unmapped","Average Circulated","14.00","Pending","","",""
"1898","","Cent","Indian Head Cent","Unmapped","Good","$8.25","Pending","","",""
"1909","D","25 Cents","Barber Silver Quarters","Liberty Head","Extremely Fine","$175.00","Pending","","",""
"1999","P","Quarter","State and Territory Quarters","Connecticut","Uncirculated","3.5","Pending","","",""
"1951","","Quarter","Washington Silver Quarter","Unmapped","Fine","24.5","Pending","","",""
"2021","S","1 Dollar","Native American Dollar","Military Service","Proof-63","$9.95","Pending","","",""
"1910","","Barber Silver Dime","","Unmapped","Good","$0.00","Pending","","",""
"2015","","Dollar","America the Beautiful Quarters","Unmapped","Uncirculated","$32.95","Pending","","",""
"2023","P","U.S. Innovation Dollar","U.S. Innovation Dollar Program","Ohio / Underground Railroad","Uncirculated","$0.00","Pending","","",""
"1999","P","Quarter","State and Territory Quarters","Pennsylvania","Uncirculated","2.5","Pending","","",""
"1931","","Dime","Mercury Dime","Unmapped","Fine","$27.50","Pending","","",""
"1952","","Penny","Lincoln Wheat Cent","Abraham Lincoln","Genuine","","Pending","","",""
"1927","S","Quarter","Standing Liberty Silver Quarter","Unmapped","Good","$95.00","Pending","","",""
"1944","S","Quarter","Washington Silver Quarter","Unmapped","Fine","27.25","Pending","","",""
"2018","D","Quarter","National Park Quarters","Wisconsin Apostle Islands National Lakeshore","Uncirculated","$1.00","Pending","","",""
"2010","P","$1","Presidential $1 Coin Program","Franklin Pierce","Uncirculated","4.50","Pending","","",""
"2013","S","Quarter","National Park Quarters","Nevada Great Basin National Park","Uncirculated","$3.85","Pending","","",""
"1950","","Penny","Lincoln Wheat Cent Series","Abraham Lincoln","Not Graded","$0.00","Pending","","",""
"2005","D","Quarter","State and Territory Quarters","Kansas","Uncirculated","2.5","Pending","","",""
