Year,Denomination,Program/Series,Mint Mark,Count_Missing,Count_Has_Image
2024,Washington Quarter,American Women Quarters,S,15,0
2023,Washington Quarter,American Women Quarters,S,15,0
2016S,quarter,National Park Quarters,,12,0
2020P,quarter,National Park Quarters,,10,0
2019P,quarter,National Park Quarters,,10,0
2018P,quarter,National Park Quarters,,8,0
2020D,quarter,National Park Quarters,,5,0
2018D,quarter,National Park Quarters,,5,0
2019D,quarter,National Park Quarters,,4,0
2016D,quarter,National Park Quarters,,4,0
2015S,quarter,National Park Quarters,,4,0
2016P,quarter,National Park Quarters,,4,0
2019S,quarter,National Park Quarters,,4,0
Unknown,Nickel,Buffalo Nickel,,4,0
2024,Washington Quarter,American Women Quarters,D,3,3
2024,Washington Quarter,American Women Quarters,P,3,3
1989S,Unknown,Clad  Proof Set 5 coins,,2,0
1909,Penny,Lincoln Cent,,2,3
2013S,Unknown,Clad Proof Set 14 coins,,2,0
2018S,quarter,National Park Quarters,,2,0
Unknown,Unknown,"103-76BC Alexander Jannaeus Bronze Widow's Mite H469-70,72",,1,0
1900,Penny,Indian Head Cent,,1,2
1968-98,Unknown,31 different US proof sets,,1,0
2006S,Unknown,Clad Proof Set 14 Coins,,1,0
1908,Penny,Indian Head Cent,,1,2
1976S,Unknown,Clad  Proof Set 6 coins,,1,0
1936-38,Nickel,Last seven Buffalo Nickels,,1,0
1983S,Unknown,Clad  Proof Set 6 coins,,1,0
Unknown,multiple,25 Mixed Peace Dollars AU/BU,,1,0
2014S,Unknown,Clad  Proof Set 14 coins,,1,0
2017P,quarter,National Park Quarters,,1,0
2021,Dollar,2021 W ASE T-1 FDOI PF70 ULTRA CAMEO signed by John Mercanti,W,1,0
2020S,Unknown,AI$ Proof Set,,1,0
1966,Unknown,Special Mint Set Hard Holder,,1,0
1943,Cent,Lincoln Steel Cent,D,1,1
1941,Penny,Lincoln Cent,S,1,2
Unknown,Nickel,Buffalo Nickel 3 coin All Mint set,,1,0
2018S,Unknown,Clad  Proof Set 10 coins,,1,0
2006S,Unknown,Silver Proof set 10 coins,,1,0
2000S,Unknown,Clad Proof Set 10 Coins,,1,0
1943,Cent,Lincoln Steel Cent,S,1,1
19th & 20th century,Penny,Indian Head Cent 2 coin set with case,,1,0
1971-78,Dollar,Eisenhower Dollar set 16 coins with lbum,,1,0
1964-2012,Unknown,Kennedy 50 cent year set  48 coins including 2005 coin,,1,0
Unknown,Unknown,Mint Set,,1,0
1899,Penny,Indian Head Cent,,1,2
1883,Unknown,Hawaiian Silver Quarter PCGS,,1,0
2018-20,Unknown,P&D American Innovation Set (18),,1,0
1972S,Unknown,Clad Proof set 5 coins,,1,0
2021S,Unknown,Clad Proof Set7 coins,,1,0
1916-1920,Unknown,5 Different Mint Weat Cents,,1,0
1978S,Unknown,Clad  Proof Set 6 coins,,1,0
2003S,Unknown,Clad Proof Set 10 Coins,,1,0
1996S,Unknown,Clad proof set 5 coins,,1,0
1998S,Unknown,Clad Proof Set 5 coins,,1,0
2005S,Unknown,Clad Proof set  11 coins,,1,0
1968S,Unknown,Clad Proof Set 5 coins,,1,0
2022S,Unknown,Clad Proof Set 10 coins,,1,0
1979S,Unknown,Clad Proof Set 6 coins,,1,0
2021S,Unknown,Washington Crossing the Delaware silver,,1,0
2006P,Dollar,"Franklin dollar commemorative ""Scientist"" no case PR63",,1,0
1943,Cent,Lincoln Steel Cent,P,1,1
2007S,Unknown,Clad Proof Set 14 coins,,1,0
2009,Unknown,Lincoln Bicentennial cents colorized and gold plated 8 coin set,,1,0
2020S,Quarter,National Park quarters Silver Proof Year set 5 coins,,1,0
2006S,Unknown,Clad Proof Set 10 Coins,,1,0
1943-46,Penny,Wartime Lincoln Head Cent Set with folder 12 coins,,1,0
1971S,Unknown,Clad  Proof Set 5 coins,,1,0
1885,multiple,1880-1885CC 6 piece carson city Morgan dollar set PCGS MS64,CC,1,0
2015S,Unknown,Clad Proof Set 14 coins,,1,0
Unknown,Unknown,100 coins from ioo countries with treasure chest,,1,0
1987S,Dollar,Consitution silver dollar commemorative in case79.95,,1,0
1995S,Unknown,Clad  Proof Set 5 coins,,1,0
1980S,Unknown,Clad  Proof Set 6 coins,,1,0
2018S,Unknown,National Park Year Set San Francisco Mint 5 coins,,1,0
2001S,Unknown,Clad  Proof Set 10 coins,,1,0
1982S,Unknown,Clad  Proof Set 5 coins,,1,0
1981S,Unknown,Filled S Proof Set 6 Coins,,1,0
2021P,Unknown,Washington Crossing the Delaware,,1,0
2018-20,Unknown,Complete 50 Native American Quarters and folder,,1,0
1977S,Unknown,Clad  Proof Set 6 coins,,1,0
2018-20,Unknown,41 Native American quarters and folder,,1,0
2009S,Unknown,Clad US Mint Proof set 18 coins,,1,0
2002S,Unknown,Clad Proof Set 10 Coins,,1,0
Unknown,Dime,Mercury Silver Dime PDS Set 3 coins,,1,0
2021,Dollar,2021s ase t-1 & t-2 Emergency issue set FDOI NGC MS70 signed by John Mercanti,S,1,0
2008S,Unknown,Clad Proof Set 14 coins,,1,0
1967,Unknown,Special Mint Set hard holder,,1,0
1941-45,Unknown,World War II Coin collection,,1,0
2004S,Unknown,Clad  Proof Set 11 coins,,1,0
2016S,Unknown,Clad  Proof Set 13 coins,,1,0
2021S,Unknown,Washington Crossing the Delaware,,1,0
Unknown,Unknown,George Washimgtom Coin Note and stamp set,,1,0
1979-99,Unknown,Susan B. Anthony 4 coin Year Set,,1,0
2017S,Unknown,Clad Proof Set 10 coins,,1,0
Unknown,Unknown,50 bank notes from 50 countries with chart,,1,0
1985S,Unknown,Clad  Proof Set 5 coins,,1,0
1883,Dime,Hawaiian Silver Dime PCGS,,1,0
2018-20,Unknown,P&D American Innovation set (18),,1,0
2021S,Unknown,Clad Silver Proof Set 7 coins,,1,0
1964,Unknown,silver proof set 5 coins,,1,0
2017S,quarter,National Park Quarters,,1,0
1965,Unknown,Special Mint Set soft holder,,1,0
2021P,quarter,National Park Quarters,,1,0
2001S,Unknown,Silver Proof set 10 coins,,1,0
1987S,Unknown,Clad Proof Set 5 coins,,1,0
2017S,Unknown,National Park Year Set San Francisco Mint 5 coins,,1,0
2019S,Unknown,Clad Proof Set 11 coins,,1,0
11914-16,Nickel,Buffalo Nickel 3 coin mint set,,1,0
1999S,Unknown,Clad  Proof Set 9 coins,,1,0
2021D,Unknown,Washington Crossing the Delaware,,1,0
1954,Half Dollar,Franklin Half Dollar,S,0,2
2010,Penny,Lincoln Cent,D,0,2
1955,Cent,Lincoln Wheat Cent,,0,1
1903,Half Dollar,Barber,,0,1
1873,1 Dollar,Trade Dollar,,0,1
2024,Half Dollar,Kennedy Half Dollar,P,0,1
1867,Half Dollar,Liberty Seated,S,0,1
2023,Native American Dollar,Native American Dollar Program,P,0,2
1978,Dime,Roosevelt Dimes,D,0,2
1925,Penny,Lincoln Head Cent,,0,1
1939,Penny,Lincoln Cent,,0,1
1958,Quarter,Washington Silver Quarter,,0,3
1980,Penny,Lincoln Memorial Cent,D,0,1
1981,Susan B. Anthony Dollar,Susan B. Anthony Dollar,S,0,4
1974,Penny,Lincoln Head Penny,S,0,1
2022,Quarter,American Women Quarters,D,0,3
1915,Penny,Lincoln Head Cent,S,0,1
1954,Nickel,Jefferson Nickel,S,0,1
2012,Penny,Lincoln Cent,D,0,1
2009,Dime,Roosevelt Dime,S,0,1
1893,Dollar,Morgan Dollar,CC,0,1
1980,Kennedy Half Dollar,Kennedy Half Dollar,S,0,2
1959,Penny,Lincoln Cent,,0,1
1971,Dollar,Eisenhower Dollar,,0,2
2006,Quarter,50 State Quarters,S,0,1
1959,Quarter,Washington Silver Quarter,D,0,1
2000,Quarter,State and Territory Quarters,S,0,10
2015,Dime,Roosevelt Dimes,P,0,1
1819,Capped Bust Silver Half Dollar,Capped Bust Half Dollar,,0,2
1838,Penny,Coronet Head Large Cent,,0,1
1936,Cent,Lincoln Wheat Cent,,0,1
2023,Washington Quarter,American Women Quarters Program,S,0,5
2016,$1,Presidential Dollars,P,0,3
1912,Barber Silver Dimes,Barber Dimes,D,0,1
2007,Quarter,State and Territory Quarters,D,0,5
1924,Penny,Lincoln Wheat Cent,,0,1
2015,Quarter,America the Beautiful Quarters,D,0,5
2021,Native American Dollar,Native American Dollar Series,P,0,1
2004,1 Dollar,Sacagawea Dollar,S,0,1
1864,Half Dollar,Liberty Seated,O,0,1
1957,Penny,Lincoln Head Cent,,0,1
1961,Cent,Lincoln Memorial Cent,,0,1
2018,Quarter,National Park Quarters,D,0,3
1976,Dime,Roosevelt Dimes,S,0,1
2022,1 Dollar,Native American Dollar,P,0,2
1972,Kennedy Half Dollar,Kennedy Half Dollar Series,D,0,1
1972,Dollar,Eisenhower Dollar,S,0,4
2014,Dime,Roosevelt Dimes,P,0,1
2013,Penny,Lincoln Cent Series,,0,1
1982,Kennedy Half Dollar,Kennedy Half Dollar,P,0,1
2001,Dime,Roosevelt Dimes,D,0,1
1953,Penny,Lincoln Cent,,0,3
1992,Dollar,American Eagle,,0,1
2017,Dollar,American Eagle,,0,2
2003,Quarter,State and Territory Quarters,P,0,5
1925,Nickel,Buffalo Nickel,,0,1
1936,Nickel,Buffalo Nickel,,0,1
1963,Dime,Unknown,D,0,1
1974,Quarter,Washington Silver Quarter,S,0,1
2014,Dollar,American Eagle,W,0,1
1849,Half Dollar,Liberty Seated,O,0,1
1997,Quarter,Washington Silver Quarter,S,0,1
1979,Kennedy Half Dollar,Kennedy Half Dollar,,0,1
1951,Penny,Lincoln Wheat Cent Series,,0,1
1938,Half Dollar,Liberty Walking Half Dollar,D,0,1
1930,Quarter,Standing Liberty Silver Quarter,,0,1
1900,Dollar,Morgan Silver Dollar,O/CC,0,1
1914,Penny,Lincoln Wheat Cent Series,,0,2
2022,Kennedy Half Dollar,Kennedy Half Dollar Series,D,0,1
1957,Penny,Lincoln Cent,D,0,1
1829,Nickel,Capped Bust,,0,2
2024,Lincoln Cent,Unknown,,0,1
2001,Quarter,State and Territory Quarters,S,0,8
2024,Dollar,American Eagle Silver Dollar,W,0,1
2018,Quarter,America the Beautiful Quarters,D,0,5
1962,Dime,Roosevelt Dimes,,0,2
1878,1 Dollar,Morgan Silver Dollars,,0,3
1949,Penny,Lincoln Cent,D,0,1
1897,1 Dollar,Morgan Silver Dollars,O,0,1
1998,Kennedy Half Dollar,Kennedy Half Dollar,P,0,1
1892,$1,Morgan Silver Dollar,S,0,3
1948,Cent,Lincoln Wheat Cent,,0,1
2014,Kennedy Half Dollar,Kennedy Half Dollars,D,0,1
1979,Quarter,Washington Silver Quarter,S,0,2
2019,$1,Destination Silver Eagle Signed by Tom Cleveland,W,0,1
1920,Penny,Lincoln Wheat Cent Series,,0,2
1948,Penny,Lincoln Cent,,0,1
2012,Quarter,National Park Quarters,S,0,10
1840,Seated Liberty Silver Half Dollar,Seated Liberty Half Dollar,O,0,1
1827,Capped Bust Silver Dime,Capped Bust Dime,,0,1
1881,1 Dollar,Morgan Silver Dollars,CC,0,1
1872,Nickel,Mintmark above Bow,S,0,1
1907,Half Dollar,Barber,O,0,1
2004,Quarter,State and Territory Quarters,D,0,5
1830,Capped Bust Silver Half Dollar,Capped Bust Half Dollar,,0,1
2013,Quarter,America the Beautiful Quarters,S,0,5
2016,Penny,Lincoln Shield Cent,D,0,1
1921,Penny,Lincoln Cent,S,0,1
2017,Quarter,National Park Quarters,D,0,3
1973,Dollar,Eisenhower Dollar,D,0,2
2004,Kennedy Half Dollar,Kennedy Half Dollar Series,D,0,1
1935,Quarter,Washington Silver Quarter,,0,2
2009,Penny,Lincoln Cent Series,,0,4
2009,Penny,Lincoln Cent,P,0,3
2023,U.S. Innovation Dollar,U.S. Innovation Dollar Program,P,0,3
1973,Dollar,Eisenhower Dollar,S,0,5
2015,Quarter,National Park Quarters,S,0,5
1949,Nickel,Jefferson Nickel,,0,2
1846,Half Dollar,Liberty Seated,O,0,1
1883,Morgan Silver Dollar,Morgan Silver Dollar,CC,0,1
2012,$1,Presidential Dollars,S,0,4
1877,1 Dollar,Trade Dollar,S,0,1
2017,Quarter,National Park Quarters,S,0,12
2024,Washington Quarter,American Women Quarters Program,D,0,5
1878,1 Dollar,Morgan Silver Dollar,CC,0,1
1993,Kennedy Half Dollar,Kennedy Half Dollar,S,0,1
1952,Quarter,Washington Quarter,S,0,1
1963,Dime,Roosevelt Dime,,0,1
Unknown,Kennedy Half Dollar,The Half Dollar Club,,0,1
2024,Washington Quarter,American Women Quarters Program,S,0,6
2003,Quarter,State and Territory Quarters,S,0,9
1922,Penny,Lincoln Cent,D,0,2
2019,Dollar,American Eagle,W,0,1
1956,Dime,Roosevelt Dime,,0,1
1875,Half Dollar,Liberty Seated,S,0,1
1985,Kennedy Half Dollar,Kennedy Half Dollar Series,P,0,1
1938,Quarter,Washington Silver Quarter,S,0,1
1907,Barber Silver Dimes,Barber Dimes,O,0,1
1997,Dollar,American Eagle,,0,1
1839,Capped Bust Silver Half Dollar,Capped Bust Half Dollar,,0,2
1920,Half Dollar,Walking Liberty Half Dollar,S,0,1
2025,Quarter,American Women Quarters,S,0,6
1970,Kennedy Half Dollar,Kennedy Half Dollar,D,0,1
1953,Penny,Lincoln Cent,D,0,1
1911,Half Dollar,Barber Half Dollar,S,0,1
1911,Barber Silver Dimes,Barber Dime,P,0,1
1853,Dime,Liberty Seated Dime,,0,1
1947,Quarter,Washington Quarter,,0,1
1964,Cent,Lincoln Memorial Cent,,0,1
2022,Quarter,US Women's Quarters,P,0,1
1930,Penny,Lincoln Head Cent,D,0,1
2009,Quarter,State and Territory Quarters,S,0,8
1947,Half Dollar,Liberty Walking Half Dollar,P,0,1
1911,25 Cents,Barber Silver Quarters,,0,1
1862,Quarter,Liberty Seated,,0,1
1828,Half Cent,Classic Head,,0,1
1904,1 Dollar,Morgan Silver Dollars,S,0,1
2024,Morgan Silver Dollar,Unknown,,0,1
2007,$1,Presidential Dollars,D,0,9
1959,Dime,Roosevelt Dimes,D,0,2
1936,Quarter,Washington Quarters,S,0,1
2022,1 Dollar,Native American Dollar,D,0,1
2020,Dollar,American Innovation Dollar,,0,8
2024,Washington Quarter,American Women Quarters Program,P,0,5
1993,Dime,Roosevelt Dimes,S,0,2
2010,Quarter,America the Beautiful Quarters,S,0,3
2024,1 Quarter,American Women Quarters Program,P,0,2
2015,$1,Presidential Dollars,P,0,6
1977,Dime,Roosevelt Dimes,,0,1
1936,Quarter,Washington Silver Quarter,D,0,1
1972,Nickel,Jefferson Nickel Series,D,0,1
1952,Quarter,Washington Silver Quarter,D,0,1
1973,Dollar,Unknown,S,0,1
1898,Dollar,Morgan Silver Dollar,,0,2
2006,Dime,Roosevelt Dimes,D,0,1
1964,Quarter,Washington Silver Quarter,D,0,2
1883,$1,Morgan Silver Dollar,CC,0,3
1994,Penny,Lincoln Memorial Cent,S,0,1
1942,Dime,Unknown,D,0,1
1949,Penny,Lincoln Cent,,0,2
1911,Penny,Lincoln Cent,,0,2
1821,Capped Bust Silver Half Dollar,Capped Bust Half Dollar,,0,1
1939,Cent,Lincoln Wheat Cent,,0,1
2023,U.S. Innovation Dollar,American Innovation $1 Coin Program,D,0,1
1908,25 Cents,Barber Quarters,S,0,1
2023,Quarter,American Women Quarters Program,P,0,2
1914,Dime,Barber Series,Pending,0,1
1909,1 Cent,Lincoln Cent,S,0,1
1926,Penny,Lincoln Wheat Cent,,0,1
1911,Penny,Lincoln Wheat Cent,S,0,1
2017,Quarter,America the Beautiful Quarters,D,0,2
1825,Quarter,Capped Bust,,0,1
1905,Dime,Barber Series,S,0,1
1961,Nickel,Jefferson Nickel,,0,1
2019,Quarter,America the Beautiful Quarters,P,0,1
2023,Quarter,American Women Quarters,D,0,2
1909,1 Cent,Lincoln Cent (Wheat Reverse),D,0,1
1944,Penny,Lincoln Head Penny,D,0,1
1880,Dollar,Morgan Silver Dollar,,0,1
1996,Dime,Roosevelt Dimes,S,0,2
1943,Penny,Lincoln Cent,,0,2
1946,Dime,Mercury Dime,S,0,1
1915,Dime,Barber Dimes,P,0,1
1915,25 Cents,Barber Silver Quarters,,0,1
2019,Quarter,America the Beautiful Quarters,S,0,9
2010,Dime,Roosevelt Dimes,P,0,1
2008,Quarter,State and Territory Quarters,S,0,4
2006,Quarter,State and Territory Quarters,D,0,8
1940,Half Dollar,Walking Liberty Half Dollar,S,0,1
1916,Dime,Barber Dimes,S,0,1
1905,Dime,Barber Dimes,O,0,1
1928,Penny,Lincoln Head Cent,,0,2
1942,Lincoln Cent,The World War II U.S. Coin Collection,S,0,1
1987,Penny,Lincoln Cent Series,,0,1
1975,Dime,Roosevelt Dimes,D,0,1
1952,Penny,Lincoln Cent,,0,1
2013,Penny,Lincoln Head Penny,D,0,1
1878,Quarter,Liberty Seated,,0,1
2024,1 Quarter,American Women Quarters Program,D,0,2
1912,Nickel,Liberty Head Nickel,,0,3
1873,Half Dollar,Liberty Seated,,0,3
2008,Penny,Lincoln Cent,D,0,2
1976,1 Dollar,U.S. Bicentennial,D,0,2
1921,Penny,Lincoln Wheat Cent Series,,0,2
1955,Nickel,Jefferson Nickel Series,D,0,1
1959,Quarter,Washington Silver Quarter,,0,2
1935,Penny,Lincoln Wheat Cent,,0,1
1937,Nickel,Buffalo Nickel,,0,1
2014,$1,Presidential Dollars,S,0,4
1843,Dollar,Liberty Seated,,0,1
1857,Nickel,Stars,O,0,1
1877,Half Dollar,Liberty Seated,CC,0,1
1951,Penny,Lincoln Wheat Cent,,0,1
2004,Dollar,American Eagle,W,0,1
1940,Dime,Mercury Dime,S,0,1
2004,Quarter,State and Territory Quarters,S,0,7
1906,Barber Silver Dime,Unknown,,0,1
2013,$1,Presidential Dollars,D,0,3
2020,Quarter,National Park Quarters,S,0,14
1952,Dime,Roosevelt Dimes,S,0,1
1879,1 Dollar,Morgan Silver Dollars,CC,0,1
1860,Nickel,Unknown,,0,1
1965,Quarter,Washington Silver Quarter,,0,1
1923,Dollar,Peace Dollar,S,0,2
2015,$1,Presidential Dollars,S,0,4
1953,Quarter,Washington Quarter,,0,2
1947,Penny,Lincoln Cent,,0,1
2018,Quarter,National Park Quarters,S,0,8
1980,Susan B. Anthony Dollar,Susan B. Anthony Dollar,S,0,2
1961,Penny,Lincoln Cent,,0,1
1947,Cent,Lincoln Wheat Cent,,0,1
1964,Penny,Lincoln Cent,D,0,1
1841,Half Dollar,Liberty Seated,O,0,2
1989,$1,Unknown,W,0,1
Unknown,Unknown,The Celebrating America Coin Collection,,0,2
1857,Half Dollar,Liberty Seated,O,0,1
1939,Half Dollar,Walking Liberty Half Dollar,,0,1
1917,Quarter,Standing Liberty Silver Quarter (Type 1),S,0,1
1982,Quarter,Washington Silver Quarter,S,0,1
1890,1 Dollar,Morgan Silver Dollars,O,0,1
1903,Cent,Indian Head Cent,,0,1
1854,Nickel,Arrows,,0,1
2005,Quarter,State and Territory Quarters,D,0,6
1978,Dime,Roosevelt Dimes,S,0,2
1948,Penny,Lincoln Wheat Cent,,0,1
1918,1 Dime,Mercury Silver Dime,D,0,1
1915,Dime,Barber Series,S,0,1
1992,Dime,Roosevelt Dimes,S,0,2
2024,Dollar,U.S. Innovation Dollar,P,0,2
1892,1 Dollar,Morgan Silver Dollars,CC,0,2
1957,Penny,Lincoln Wheat Cent Series,,0,2
1951,Penny,Lincoln Cent,S,0,1
1873,Half Dollar,Liberty Seated,S,0,1
1943,Half Dollar,Liberty Walking Half Dollar,P,0,1
1840,Nickel,Stars and Drapery,,0,1
1934,Quarter,Washington Silver Quarter,D,0,2
1956,Cent,Lincoln Wheat Cent,,0,1
1924,Nickel,Buffalo Nickel,D,0,1
1978,1 Dollar,Eisenhower Dollar,D,0,1
2006,Quarter,State and Territory Quarters,S,0,9
1910,Penny,Lincoln Head Penny,S,0,1
2001,Dime,Roosevelt Dimes,P,0,1
1926,Nickel,Unknown,,0,2
1930,Quarter,Standing Liberty Silver Quarter,P,0,1
1898,Half Dollar,Barber,O,0,1
1915,Half Dollar,Barber,D,0,1
1924,Penny,Lincoln Cent Series,D,0,1
1974,Dollar,Eisenhower Dollar,D,0,2
1958,Quarter,Washington Silver Quarter,D,0,1
2011,Penny,Lincoln Head Penny,D,0,1
1917,Penny,Lincoln Wheat Cent,,0,1
1937,Quarter,Washington Silver Quarter,S,0,1
1960,Penny,Lincoln Cent,D,0,3
1889,$1,Morgan Silver Dollar,CC,0,1
2011,Quarter,National Park Quarters,D,0,4
1917,Penny,Lincoln Cent,,0,2
2019,Dime,Roosevelt Dime,S,0,1
1967,Kennedy Half Dollar,Kennedy Half Dollar,,0,1
1927,Nickel,Unknown,,0,1
1956,Quarter,Washington Silver Quarter,,0,2
1911,Penny,Lincoln Head Penny,,0,1
1930,Penny,Lincoln Wheat Cent Series,,0,2
1983,Penny,Lincoln Cent Series,S,0,1
1920,Penny,Lincoln Wheat Cent,,0,1
1902,Penny,Indian Head Cent,,0,1
2008,Penny,Lincoln Cent Series,,0,1
1966,Kennedy Half Dollar,Kennedy Half Dollar Series,,0,1
1905,25 Cents,Barber Silver Quarters,,0,1
1980,Dime,Roosevelt Dimes,P,0,1
1974,Dollar,Eisenhower Dollar,S,0,6
1969,Dime,Roosevelt Dimes,,0,1
1988,Penny,Lincoln Cent,D,0,1
1912,Dime,Barber Series,S,0,1
2022,Dime,Roosevelt Dimes,D,0,1
1925,Penny,Lincoln Head Penny,,0,2
1860,Nickel,Unknown,O,0,1
2006,Kennedy Half Dollar,Kennedy Half Dollar Series,S,0,1
1990,Quarter,Washington Silver Quarter,D,0,1
1930,Penny,Lincoln Wheat Cent,,0,1
2017,Kennedy Half Dollar,Kennedy Half Dollar,S,0,2
1893,$1,Morgan Silver Dollar,CC,0,1
2008,$1,Presidential Dollars,P,0,3
1950,Dime,Roosevelt Dimes,D,0,2
2023,Morgan Silver Dollar,Modern Morgan and Peace Silver Dollar Collection,,0,1
1872,Nickel,Shield Nickel,,0,1
1999,Quarter,State and Territory Quarters,D,0,5
1980,Kennedy Half Dollar,Kennedy Half Dollar,D,0,1
2012,Quarter,National Park Quarters,D,0,3
1882,$1,Morgan Silver Dollar,CC,0,2
1929,Nickel,Buffalo Nickel,S,0,1
1943,Nickel,Jefferson Nickel Series,S,0,2
1963,Cent,Lincoln Memorial Cent,,0,1
1828,Capped Bust Silver Half Dollar,Capped Bust Half Dollar,,0,4
1937,Penny,Lincoln Cent,,0,1
1953,Dime,Roosevelt Dimes,S,0,1
2009,Dime,Roosevelt Dimes,P,0,1
1985,Kennedy Half Dollar,Kennedy Half Dollar Series,D,0,1
1984,Quarter,Washington Silver Quarter,D,0,1
1846,Large Cent,Braided Hair Large Cents,,0,2
2020,Kennedy Half Dollar,Kennedy Half Dollar Series,P,0,2
2006,Dime,Roosevelt Dimes,P,0,1
2025,Roosevelt Dime,Unknown,P,0,2
1989,Dime,Roosevelt Dimes,D,0,1
2023,U.S. Innovation Dollar,U.S. Innovation Dollar Program,D,0,2
1918,Dime,Mercury Dime,,0,1
1959,Penny,Lincoln Memorial Cent,,0,1
1904,Half Dollar,Barber,O,0,1
1905,Half Dollar,Barber,S,0,1
2007,$1,Presidential Dollars,P,0,7
2004,Penny,Lincoln Cent,D,0,2
2015,Kennedy Half Dollar,Kennedy Half Dollar Series,P,0,1
1934,Penny,Lincoln Wheat Cent,,0,1
1993,Penny,Lincoln Cent,S,0,1
1826,Capped Bust Silver Half Dollar,Capped Bust Half Dollar,,0,1
1946,Quarter,Washington Silver Quarter,,0,2
1989,Kennedy Half Dollar,Kennedy Half Dollar,D,0,1
2005,Quarter,State and Territory Quarters,S,0,9
1999,Dollar,American Eagle,,0,1
1973,1 Dollar,Eisenhower Dollar,,0,1
1950,Half Dollar,Franklin Half Dollar,,0,4
1884,$1,Morgan Silver Dollar,CC,0,1
1859,Nickel,Stars,O,0,1
1954,Nickel,Jefferson Nickel Series,P,0,1
1918,Half Dollar,Liberty Walking Half Dollar,P,0,1
2015,$1,Presidential Dollars,D,0,5
2005,1 Dollar,Sacagawea Dollar,D,0,1
1945,Quarter,Washington Quarter,S,0,2
1926,Quarter,Standing Liberty Quarter,,0,1
2011,Quarter,National Park Quarters,P,0,6
2007,Dime,Roosevelt Dimes,S,0,2
2022,Native American Dollar,Native American Dollar,D,0,1
1887,1 Dollar,Morgan Silver Dollars,S,0,1
1935,Half Dollar,Liberty Walking Half Dollar,D,0,1
2023,Quarter,US Women's Quarters,S,0,1
1929,Quarter,Standing Liberty Silver Quarter,,0,1
1995,Penny,Lincoln Cent Series,D,0,1
2021,Dime,Roosevelt Dimes,S,0,2
2005,Kennedy Half Dollar,Kennedy Half Dollar,S,0,1
1870,Quarter,Liberty Seated,,0,1
1965,Penny,Lincoln Cent,,0,1
1942,Penny,Lincoln Cent,S,0,1
1973,1 Dollar,Eisenhower Dollar,D,0,1
1920,Quarter,Standing Liberty Silver Quarter,D,0,1
2014,Quarter,National Park Quarters,S,0,5
2016,Quarter,America the Beautiful Quarters,S,0,7
1997,Kennedy Half Dollar,Kennedy Half Dollar Series,S,0,1
1929,Dime,Mercury Dime,D,0,2
1966,Dime,Roosevelt Dime,,0,1
1872,Half Dollar,Walking Liberty Half Dollar,P,0,1
1898,Half Dollar,Barber,S,0,1
N/A,$5,"Liberty Head Half Eagle (with motto, 1866-1908)",,0,1
1941,Dime,Mercury Dime,D,0,1
1958,Penny,Lincoln Cent,,0,2
1888,Dime,Liberty Seated,,0,1
1834,Dime,Capped Bust,,0,1
2009,Penny,Lincoln Cent,D,0,3
1979,Penny,Lincoln Memorial Cent,,0,1
1984,Penny,Lincoln Cent,S,0,1
1882,Liberty Seated Dime,Liberty Seated,,0,1
1943,Lincoln Cent,Steel Cent,"P, D, S",0,1
1992,Penny,Lincoln Head Penny,,0,1
1992,Quarter,Washington Silver Quarter,P,0,1
2011,Quarter,America the Beautiful Quarters,S,0,1
2018,Kennedy Half Dollar,Kennedy Half Dollar Series,P,0,2
1931,Penny,Lincoln Wheat Cent Series,,0,2
2001,Kennedy Half Dollar,Kennedy Half Dollar Series,D,0,1
1942,Dime,Mercury Dime,D,0,2
Multiple,$1,Morgan Silver Dollar Set,,0,1
1916,Penny,Lincoln Wheat Cent Series,,0,2
1978,Dime,Roosevelt Dimes,,0,1
1962,Quarter,Washington Silver Quarter,,0,2
1875,20 Cents,20 Cent Piece,S,0,1
1934,Half Dollar,Liberty Walking Half Dollar,S,0,1
2023,Morgan Silver Dollar,The Ultimate Modern Morgan and Peace Silver Dollar Collection,,0,2
2012,Dime,Roosevelt Dimes,D,0,1
1942,Kennedy Half Dollar,The World War II U.S. Coin Collection,S,0,1
2012,Kennedy Half Dollar,Kennedy Half Dollar Series,D,0,1
1866,Unknown,Unknown,,0,1
2009,Quarter,State and Territory Quarters,D,0,8
1935,Dime,Mercury Dime,,0,3
1932,Penny,Lincoln Cent,,0,1
2001,Dollar,American Eagle,,0,1
1905,Cent,Indian Head Cent,,0,1
1942,Quarter,Washington Silver Quarter,,0,2
1824,Dime,Capped Bust,,0,1
1810,Half Dollar,Capped Bust Half Dollar,,0,1
1956,Quarter,Washington Quarter,,0,1
1876,Quarter,Liberty Seated,S,0,1
1950,Quarter,Washington Silver Quarter,S,0,1
1923,Penny,Lincoln Head Penny,S,0,1
1990,Dime,Roosevelt Dimes,S,0,1
1956,Penny,Lincoln Cent,,0,2
1919,Penny,Lincoln Wheat Cent Series,,0,1
1911,Half Dollar,Barber,D,0,1
1824,Capped Bust Silver Half Dollar,The Half Dollar Club Selection,,0,1
1891,Dime,Liberty Seated Silver Dime,,0,1
2021,Native American Dollar,Native American Dollar,D,0,1
1957,Quarter,Washington Silver Quarter,D,0,2
1847,Half Dollar,Liberty Seated,O,0,1
2022,Quarter,American Women Quarters,S,0,7
1900,25 Cents,Barber Silver Quarters,,0,1
1943,Penny,Lincoln Wheat Cent Series,,0,1
1954,Half Dollar,Franklin Half Dollar,,0,4
1914,Nickel,Buffalo Nickel,S,0,1
1998,Kennedy Half Dollar,Kennedy Half Dollar,S,0,1
1909,$5,Indian Head Gold Half Eagle,D,0,1
1922,Dollar,Peace Dollar,S,0,1
2001,Quarter,State and Territory Quarters,D,0,5
1880,$1,Morgan Silver Dollar,CC,0,2
2012,1 Dollar,Native American Dollar,D,0,1
2019,Kennedy Half Dollar,Kennedy Half Dollar Series,S,0,2
1957,Dime,Roosevelt Dime Series,D,0,1
1860,Half Dollar,Liberty Seated,O,0,2
1939,Penny,Lincoln Cent Series,,0,1
1842,Nickel,Stars,,0,1
1976,Dollar,U.S. Bicentennial,S,0,4
1823,Dime,Capped Bust,,0,1
1981,Penny,Lincoln Memorial Cent,,0,1
1896,1 Dollar,Morgan Silver Dollars,O,0,1
2002,Quarter,State and Territory Quarters,D,0,5
1891,$1,Morgan Silver Dollar,,0,2
1949,Dime,Mercury Dime,D,0,1
1943,Cent,Lincoln Cent,D,0,1
1861,Half Dollar,Walking Liberty Half Dollar,P,0,1
1894,5 Cents,Liberty Head Nickel,,0,1
1990,Proof Set,6-Coin Prestige Proof Set,,0,1
2000,Quarter,State and Territory Quarters,D,0,4
1865,Half Dollar,Liberty Seated,S,0,1
1923,Half Dollar,Liberty Walking Half Dollar,S,0,1
1894,Barber Dime,Barber,,0,1
1935,Half Dollar,Walking Liberty Half Dollar,,0,2
1877,Half Dollar,Liberty Seated,,0,1
1954,Dime,Roosevelt Dime,,0,2
1916,Dime,Barber Series,Pending,0,1
Unknown,$10,American Eagle Gold Coin,,0,1
1991,Quarter,Washington Silver Quarter,S,0,1
Pending,Dime,Barber Series,Pending,0,1
1898,Dollar,Morgan Silver Dollar,S,0,1
1836,Capped Bust Silver Dime,Capped Bust Dime,,0,1
1963,Quarter,Washington Silver Quarter,D,0,1
1918,1 Dime,Mercury Silver Dime,S,0,1
1920,1 Dime,Mercury Silver Dime,D,0,1
1929,Penny,Lincoln Wheat Cent Series,,0,2
1938,Dime,Mercury Dime,,0,2
1936,Quarter,Washington Silver Quarter,,0,2
2007,Kennedy Half Dollar,Kennedy Half Dollar Series,P,0,1
1935,Quarter,Washington Quarter,,0,2
1981,Kennedy Half Dollar,Kennedy Half Dollar Series,P,0,1
1944,Nickel,Jefferson Nickel Series,P,0,2
1921,1 Dollar,Morgan Silver Dollars,P,0,1
1883,$1,Morgan Silver Dollar,O,0,1
1903,Penny,Indian Head Cent,,0,1
2016,$1,Presidential Dollars,S,0,3
1928,Penny,Lincoln Head Penny,S,0,1
2011,$1,Presidential Dollars,D,0,4
1955,Quarter,Washington Quarter,,0,1
2015,Penny,Lincoln Shield Cent,,0,1
Unknown,$5,American Eagle Gold Coin,,0,1
1918,Dime,Mercury Dime,S,0,2
2010,$1,Presidential Dollars,S,0,3
N/A,Nickel,Liberty Head Nickel,,0,2
1858,Flying Eagle cent,Flying Eagle Cent,,0,1
2013,Quarter,America the Beautiful Quarters,P,0,5
1953,Quarter,Washington Silver Quarter,,0,2
2000,Quarter,State and Territory Quarters,P,0,5
1975,Penny,Lincoln Head Penny,D,0,1
2023,Peace Dollar,The Ultimate Modern Morgan and Peace Silver Dollar Collection,,0,3
1912,Barber Silver Dimes,Barber Dimes,P,0,2
1999,Quarter,State and Territory Quarters,S,0,6
1934,Quarter,Washington Silver Quarter,,0,4
1868,Half Dollar,Liberty Seated,S,0,1
2012,Dime,Roosevelt Dimes,S,0,2
1850,Quarter,Liberty Seated,,0,1
1913,Penny,Lincoln Wheat Cent,,0,1
2003,Quarter,State and Territory Quarters,D,0,5
1949,Quarter,Washington Silver Quarter,D,0,1
1961,Half Dollar,Franklin Half Dollar,D,0,1
1974,Kennedy Half Dollar,Kennedy Half Dollar,D,0,2
1986,Quarter,Washington Silver Quarter,D,0,1
2021,Native American Dollar,Native American Dollar Series,D,0,1
2009,$1,Presidential Dollars,S,0,4
1956,Dime,Roosevelt Dimes,,0,1
1960,Penny,Lincoln Head Penny,D,0,2
1893,Half Dollar,Barber,,0,1
1923,Penny,Lincoln Cent,,0,2
1956,Quarter,Washington Silver Quarter,D,0,2
1965,Kennedy Half Dollar,Kennedy Half Dollar,,0,1
1979,Penny,Lincoln Cent Series,S,0,1
1972,Quarter,Washington Silver Quarter,,0,1
1988,Quarter,Washington Silver Quarter,D,0,1
1944,Quarter,Washington Silver Quarter,,0,2
1992,Quarter,Washington Silver Quarter,S,0,1
1909,Dime,Barber Dimes,P,0,1
1937,Half Dollar,Walking Liberty Half Dollar,P,0,1
1977,Dollar,Eisenhower Dollar,D,0,2
1870,Dollar,Seated Liberty,CC,0,1
1916,Half Dollar,Walking Liberty Half Dollar,S,0,1
2023,Quarter,American Women Quarters Program,D,0,2
1912,Penny,Lincoln Cent,,0,2
1856,Large Cent,Braided Hair Large Cent,,0,1
2024,Lincoln Cent,Unknown,D,0,1
1994,Quarter,Washington Quarter,S,0,1
1893,$5,Liberty Head Gold Half Eagle,,0,1
1976,Quarter,Washington Silver Quarter,,0,1
1980,Kennedy Half Dollar,Kennedy Half Dollar Series,P,0,1
1947,Half Dollar,Walking Liberty Half Dollar,,0,1
2013,Dollar,American Eagle Two-Coin Set,W,0,1
2023,Dollar,Peace Dollar,,0,1
1917,Penny,Lincoln Cent,D,0,2
1958,Dime,Roosevelt Dime,,0,2
1944,Half Dollar,Walking Liberty Half Dollar,S,0,1
2014,Kennedy Half Dollar,Kennedy Half Dollar,P,0,1
multiple,Flying Eagle cent,Flying Eagle Cent,,0,1
1947,Dime,Roosevelt Dime,D,0,1
1914,Half Dollar,Barber Half Dollar,,0,1
1957,Quarter,Washington Quarter,,0,2
1996,Quarter,Washington Silver Quarter,S,0,2
1926,Penny,Lincoln Wheat Cent Series,,0,2
1957,Half Dollar,Franklin Half Dollar,,0,3
1953,Half Dollar,Franklin Half Dollar,D,0,1
2015,Penny,Lincoln Head Penny,,0,1
1949,Penny,Lincoln Wheat Cent Series,,0,1
1843,Quarter,Liberty Seated,,0,1
2006,$5,American Eagle Gold Coin,,0,1
1970,Penny,Lincoln Cent Series,,0,1
1980,Susan B. Anthony Dollar,Susan B. Anthony Dollar,P,0,1
1946,Dime,Roosevelt Dimes,D,0,1
1984,Dime,Roosevelt Dimes,D,0,1
1906,25 Cents,Barber Silver Quarters,D,0,1
1877,Quarter,Liberty Seated,CC,0,1
1914,Penny,Lincoln Wheat Cent Series,S,0,1
2005,Quarter,State and Territory Quarters,P,0,5
1881,1 Dollar,Morgan Silver Dollars,S,0,1
2016,1 Dollar,Native American Dollar,P,0,1
2019,Quarter,National Park Quarters,P,0,6
2020,Dime,Roosevelt Dimes,D,0,1
2024,Dollar,American Innovation Dollar,,0,1
2023,Native American Dollar,Native American Dollar,D,0,1
2003,Dollar,American Eagle,W,0,1
1955,Dime,Roosevelt Dimes,,0,1
2000,Penny,Lincoln Cent,S,0,1
1910,Penny,Lincoln Wheat Cent Series,,0,2
1972,Penny,Lincoln Cent,S,0,2
1920,Quarter,Standing Liberty Silver Quarter,S,0,1
2016,Dollar,American Eagle,,0,1
2012,Quarter,National Park Quarters,P,0,3
1971,Dime,Roosevelt Dimes,,0,1
1971,1 Dollar,Eisenhower Dollar,D,0,1
1976,Dollar,Eisenhower Dollar,D,0,4
1957,Nickel,Jefferson Nickel,,0,1
1943,Penny,Lincoln Cent (Steel),D,0,1
2013,Penny,Lincoln Cent Series,D,0,1
1964,Quarter,Washington Silver Quarter,,0,3
2004,Dime,Roosevelt Dimes,D,0,1
1960,Penny,Lincoln Memorial Cent,,0,1
2025,Quarter,American Women Quarters,D,0,2
1970,Penny,Lincoln Cent,S,0,1
1920,Penny,Lincoln Head Penny,,0,2
2016,$1,Presidential Dollars,D,0,3
1952,Half Dollar,Franklin Half Dollar,S,0,1
1974,Penny,Lincoln Memorial Cent,D,0,1
1858,Half Dollar,Liberty Seated,O,0,3
1951,Half Dollar,Franklin Half Dollar,,0,5
2008,$1,Presidential Dollars,D,0,7
1937,Quarter,Washington Silver Quarter,,0,1
Multiple,$1,Morgan Silver Dollar,,0,1
1819,Capped Bust Silver Half Dollar,The Half Dollar Club Selection,,0,1
1958,Dime,Roosevelt Dimes,,0,1
2002,Penny,Lincoln Cent Series,D,0,1
1974,Penny,Lincoln Cent,D,0,1
1871,Nickel,Unknown,,0,1
2018,American Silver Eagle Dollar,American Eagle Silver Dollar,,0,1
2000,Penny,Lincoln Cent Series,D,0,1
1918,Roosevelt Dime,Mercury Dime,D,0,1
1935,Penny,Lincoln Wheat Cent Series,,0,2
1964,Penny,Lincoln Cent Series,,0,1
1901,Dime,Barber Series,Pending,0,1
1960,Quarter,Washington Quarter,,0,2
1974,Penny,Lincoln Cent,,0,1
1938,Dime,Mercury Dime,D,0,1
2007,Dollar,American Eagle,W,0,2
1912,Dime,Barber Dimes,S,0,1
2018,Quarter,America the Beautiful Quarters,P,0,5
1913,Barber Silver Dimes,Barber Dimes,P,0,1
1825,Capped Bust Silver Quarter,Unknown,,0,1
1911,Half Dollar,Barber,,0,1
2012,$1,Presidential Dollars,P,0,5
1924,Penny,Lincoln Cent,,0,2
1849,Nickel,Stars,O,0,1
1942,Penny,Lincoln Wheat Cent,,0,1
2018,$1,American Eagle Silver Dollar,,0,1
1950,Cent,Lincoln Wheat Cent,,0,1
1942,Half Dollar,Liberty Walking Half Dollar,P,0,1
1952,Penny,Lincoln Wheat Cent Series,,0,1
2009,$1,Presidential Dollars,D,0,3
1954,Penny,Lincoln Cent,,0,3
2024,Washington Quarter,Celebrating America Coin Collection,,0,1
1999,Dime,Roosevelt Dimes,P,0,1
2007,Dollar,American Eagle,,0,1
1905,Dime,Barber Series,Pending,0,2
1935,Quarter,Washington Silver Quarter,D,0,1
1909,Penny,Lincoln Head Wheat Cents,P,0,1
1949,Cent,Lincoln Wheat Cent,,0,2
1945,Quarter,Washington Silver Quarter,D,0,2
2011,$1,Presidential Dollars,P,0,4
2006,Dollar,American Eagle,W,0,2
2022,Native American Dollar,Native American Dollar,P,0,1
1870,Unknown,Unknown,,0,2
1912,25 Cents,Barber Silver Quarters,,0,1
1988,Quarter,Washington Silver Quarter,S,0,1
1907,Half Dollar,Barber,,0,1
2009,Penny,Lincoln Cent Series,D,0,4
1996,Quarter,Washington Silver Quarter,D,0,1
1853,Nickel,Arrows,,0,1
1979,Quarter,Washington Silver Quarter,,0,1
1985,Penny,Lincoln Cent Series,,0,1
1989,Quarter,Washington Silver Quarter,S,0,1
1953,Dime,Roosevelt Dime,,0,2
1901,Penny,Indian Head Cent,,0,1
1927,Penny,Lincoln Head Penny,S,0,1
1891,1 Dollar,Morgan Silver Dollars,CC,0,1
1904,1 Dollar,Morgan Silver Dollars,O,0,1
1937,Dime,Mercury Dime,,0,3
1890,Dime,Liberty Seated Silver Dime,,0,1
1905,Half Dollar,Barber,,0,1
1951,Quarter,Washington Silver Quarter,D,0,2
1859,Half Dollar,Liberty Seated,O,0,1
1983,Dime,Roosevelt Dimes,S,0,1
1981,Dollar,Eisenhower Dollar,S,0,1
1896,Nickel,Liberty Head Nickel,,0,1
1887,1 Dollar,Morgan Silver Dollars,,0,1
1894,Half Dollar,Barber,S,0,1
1840,Quarter,Liberty Seated,,0,1
2019,Native American $1 Coin,Native American $1 Coin Program,D,0,1
1937,Half Dollar,Walking Liberty Half Dollar,,0,1
1978,Dollar,Eisenhower Dollar,S,0,1
1925,Nickel,Buffalo Nickel,D,0,1
2014,$1,Presidential Dollars,P,0,4
1869,Unknown,Unknown,,0,1
2017,Quarter,National Park Quarters,P,0,8
1982,Quarter,Washington Silver Quarter,D,0,1
1951,Quarter,Washington Quarter,,0,1
1923,Dollar,Peace Dollar,,0,2
2021,1 Dollar,Native American Dollar,D,0,2
1858,Quarter,Liberty Seated,O,0,1
2004,Penny,Lincoln Cent Series,,0,1
1946,Penny,Lincoln Cent,,0,1
2021,American Silver Eagle Dollar,American Silver Eagle Program,,0,1
1914,25 Cents,Barber Silver Quarters,,0,1
1925,Penny,Lincoln Cent,S,0,1
1909,Penny,Lincoln Cent Series,,0,1
1925,Penny,Lincoln Wheat Cent Series,,0,2
Unknown,$1,Morgan Silver Dollar Set,,0,1
1907,Barber Silver Dimes,Barber Dimes,P,0,1
1842,Large Cent,Braided Hair Large Cents,,0,1
1928,Jefferson Nickel,Last Seven Philadelphia Buffalo Nickels Set (1928-1937),,0,1
1890,$1,Morgan Silver Dollar,CC,0,2
1958,Penny,Lincoln Wheat Cent Series,,0,2
2022,Quarter,US Women's Quarters,S,0,2
1934,Quarter,Washington Silver Quarter,O,0,1
1878,$1,Morgan Silver Dollar,CC,0,2
1842,Dollar,Liberty Seated,,0,1
1937,Penny,Lincoln Cent Series,,0,1
1871,Half Dollar,Liberty Walking Half Dollar,P,0,1
1990,Kennedy Half Dollar,Kennedy Half Dollar Series,S,0,1
2002,Quarter,State and Territory Quarters,P,0,5
1999,Quarter,State and Territory Quarters,P,0,5
2016,Dime,Roosevelt Dimes,D,0,1
1960,Penny,Lincoln Cent,,0,2
1998,Dime,Roosevelt Dimes,S,0,2
1972,1 Dollar,Eisenhower Dollar,D,0,1
1943,Penny,Lincoln Cent,D,0,2
2006,1 Dollar,Sacagawea Dollar,S,0,1
1996,Penny,Lincoln Cent,D,0,1
1901,Cent,Indian Head Cent,,0,1
2025,American Silver Eagle,American Eagle Silver Dollar,W,0,1
1885,Unknown,Unknown,,0,1
1942,Half Dollar,Walking Liberty Half Dollar,,0,2
1947,Dime,Roosevelt Dimes,S,0,2
1997,Penny,Lincoln Cent Series,,0,1
1936,Penny,Lincoln Cent,,0,2
2000,1 Dollar,Sacagawea Dollar,D,0,1
1943,Penny,Lincoln Head Penny,S,0,1
2013,$1,Presidential $1 Coin Program,S,0,1
1941,Dime,Mercury Dime,S,0,2
2014,Quarter,America the Beautiful Quarters,P,0,5
2010,$1,Presidential $1 Coin Program,D,0,1
1948,Penny,Lincoln Cent,S,0,1
1998,Penny,Lincoln Head Penny,,0,1
1844,Quarter,Liberty Seated,,0,1
1957,Quarter,Washington Silver Quarter,,0,1
1929,Lincoln Cent,Unknown,D,0,1
1948,Quarter,Washington Silver Quarter,D,0,1
1933,Penny,Lincoln Cent,,0,1
1928,Quarter,Standing Liberty Silver Quarter,,0,1
1854,Dime,Liberty Seated Silver Dime,,0,1
1966,Nickel,Jefferson Nickel Series,,0,1
1984,Kennedy Half Dollar,Kennedy Half Dollar,S,0,1
1954,Half Dollar,Franklin Half Dollar,D,0,2
1924,Penny,Lincoln Head Penny,S,0,1
1911,Nickel,Liberty Head Nickel,,0,1
1849,Large Cent,Braided Hair Large Cents,,0,1
1902,1 Dollar,Morgan Silver Dollars,,0,1
1958,Half Dollar,Franklin Half Dollar,D,0,3
1937,Dime,Mercury Dime,S,0,1
1949,Dime,Roosevelt Dime,,0,2
1995,Kennedy Half Dollar,Kennedy Half Dollar,S,0,1
1859,Half Dollar,Liberty Seated,,0,1
1895,Half Dollar,Barber,S,0,1
1938,Dime,Liberty Seated Silver Dime,,0,1
1936,Dime,Mercury Dime,S,0,1
2024,Kennedy Half Dollar,Kennedy Half Dollar,S,0,2
1895,Half Dollar,Barber,O,0,1
1930,Mercury Dime,Mercury Dime,S,0,1
1982,Penny,Lincoln Head Penny,D,0,4
1938,Cent,Lincoln Wheat Cent,,0,1
1893,1 Dollar,Morgan Silver Dollars,O,0,1
1939,Dime,Mercury Dime,D,0,1
1971,Penny,Lincoln Cent,S,0,2
2005,1 Dollar,Sacagawea Dollar,S,0,1
2008,$1,Presidential Dollars,S,0,4
1835,Capped Bust Silver Half Dollar,Capped Bust Half Dollar,,0,1
1906,Half Dollar,Barber Half Dollar,D,0,1
2007,Quarter,State and Territory Quarters,P,0,5
1974,1 Dollar,Eisenhower Dollar,S,0,2
1969,Dime,Roosevelt Dimes,D,0,1
1972,Penny,Lincoln Cent,,0,1
1903,Half Dollar,Barber,S,0,1
2003,Dime,Roosevelt Dimes,S,0,2
2013,Kennedy Half Dollar,Kennedy Half Dollar,S,0,2
2007,1 Dollar,Sacagawea Dollar,D,0,1
2025,Roosevelt Dime,Unknown,S,0,1
1962,Dime,Roosevelt Dime,,0,1
2007,Quarter,State and Territory Quarters,S,0,8
1927,Quarter,Standing Liberty Quarter,,0,1
1964,Dime,Roosevelt Dimes,,0,2
1953,Nickel,Jefferson Nickel Series,P,0,1
1965,Nickel,Jefferson Nickel Series,,0,1
2012,Quarter,America the Beautiful Quarters,S,0,2
1914,Barber Silver Dimes,Barber Dimes,D,0,1
2019,Quarter,National Park Quarters,S,0,5
1843,Nickel,Stars,,0,1
1998,Nickel,The U.S. Nickel Collection,,0,1
1883,$1,Morgan Silver Dollar,,0,1
1891,1 Dollar,Morgan Silver Dollar,S,0,1
1919,Penny,Lincoln Cent,D,0,1
1866,$5,Liberty Head Gold Half Eagle,,0,3
1883,1 Dollar,Morgan Silver Dollar,CC,0,1
1861,Nickel,Unknown,,0,1
1926,Quarter,Standing Liberty Quarter,D,0,1
1882,Dollar,Morgan Silver Dollar,O,0,2
1964,Quarter,Washington Quarter,,0,1
2020,Kennedy Half Dollar,Kennedy Half Dollar Series,S,0,1
1935,Half Dollar,Liberty Walking Half Dollar,P,0,1
1889,Dollar,Morgan Silver Dollar,O,0,1
2021,Native American $1 Coin,Native American $1 Coin Program,S,0,1
2020,Kennedy Half Dollar,Kennedy Half Dollar Series,D,0,2
1870,Nickel,Shield Nickel,,0,1
1976,1 Dollar,U.S. Bicentennial,S,0,4
1993,Penny,Lincoln Cent,D,0,1
1952,Half Dollar,Franklin Half Dollar,,0,5
1969,Penny,Lincoln Cent,S,0,1
1916,Half Dollar,Walking Liberty Half Dollar,D,0,1
2011,Penny,Lincoln Cent,D,0,2
1925,Penny,Lincoln Cent,D,0,1
2000,Kennedy Half Dollar,Kennedy Half Dollar,S,0,1
2024,Roosevelt Dime,Unknown,S,0,1
2006,Penny,Lincoln Cent Series,D,0,1
1978,Quarter,Washington Silver Quarter,S,0,1
1913,Dime,Barber Series,S,0,1
2021,Unknown,Celebrating America Coin Collection,,0,1
1943,Dime,Mercury Dime,,0,1
1934,Penny,Lincoln Cent,,0,3
1845,Quarter,Liberty Seated Quarter,,0,1
1992,Penny,Lincoln Cent,D,0,1
1958,Penny,Lincoln Cent,D,0,1
1939,Dime,Mercury Dime,,0,3
1999,Kennedy Half Dollar,Kennedy Half Dollar,P,0,1
1889,1 Dollar,Morgan Silver Dollars,S,0,1
1947,Dime,Roosevelt Dimes,,0,1
1964,Kennedy Half Dollar,Kennedy Half Dollar,D,0,2
1997,Quarter,Washington Quarter,,0,1
2024,Unknown,Proof Set,S,0,1
1989,Penny,Lincoln Cent Series,D,0,1
1924,Penny,Lincoln Head Penny,D,0,3
1934,Dime,Mercury Dime,D,0,1
1992,Kennedy Half Dollar,Kennedy Half Dollar,S,0,1
1952,Dime,Roosevelt Dimes,D,0,2
1920,Dime,Mercury Dime,,0,1
1862,Half Dollar,Liberty Seated,,0,1
1964,Kennedy Half Dollar,Historic U.S. Silver Half-Dollars,,0,2
2008,Quarter,State and Territory Quarters,D,0,7
1964,Kennedy Half Dollar,Kennedy Half Dollar,,0,1
1911,Barber Silver Dimes,Barber Dimes,D,0,1
1996,Quarter,Washington Silver Quarter,P,0,1
1936,Nickel,Buffalo Nickel Series,,0,1
1856,Half Dollar,Liberty Seated,O,0,1
1915,Penny,Lincoln Cent,,0,2
1907,25 Cents,Barber Silver Quarters,O,0,1
1999,Kennedy Half Dollar,Kennedy Half Dollar,S,0,1
1977,Penny,Lincoln Cent,D,0,1
1990,Kennedy Half Dollar,Kennedy Half Dollar,P,0,1
2013,Quarter,National Park Quarters,S,0,5
1952,Nickel,Jefferson Nickel Series,D,0,1
1879,$1,Schoolgirl Dollar,,0,1
1916,Penny,Lincoln Head Penny,,0,1
1911,Penny,Lincoln Cent,S,0,1
2014,$1,Presidential Dollars,D,0,4
1973,1 Dollar,Eisenhower Dollar,S,0,2
1913,Dime,Barber Series,Pending,0,1
2011,Penny,Lincoln Head Penny,,0,1
1882,1 Dollar,Morgan Silver Dollars,O,0,2
1957,Franklin Silver Half Dollar,Unknown,D,0,1
1999,Dime,Roosevelt Dimes,S,0,2
1869,Half Dollar,Liberty Seated,S,0,1
2017,$1,Silver Eagle signed by Tom Cleveland,,0,1
1906,Half Dollar,Barber,,0,1
2001,1 Dollar,Sacagawea Dollar,P,0,2
2009,Penny,Lincoln Cent Series,S,0,4
1977,Dime,Roosevelt Dimes,S,0,1
2021,1 Dollar,American Innovation Dollars,D,0,2
1832,Capped Bust Silver Half Dollar,Capped Bust Half Dollar,,0,1
1907,25 Cents,Barber Silver Quarters,S,0,1
2023,Peace Dollar,Ultimate Modern Morgan and Peace Silver Dollar Collection,,0,1
1912,Penny,Lincoln Wheat Cent Series,S,0,1
1915,Penny,Lincoln Wheat Cent Series,,0,1
1914,Penny,Lincoln Cent,D,0,1
1926,Dollar,Peace Dollar,S,0,1
1894,Dollar,Morgan Silver Dollar,S,0,1
1998,Quarter,Washington Silver Quarter,D,0,1
2018,Kennedy Half Dollar,Unknown,S,0,2
1887,Dollar,Morgan Silver Dollar,,0,2
1829,Half Cent,Classic Head,,0,1
1907,Cent,Indian Head Cent,,0,1
1938,Half Dollar,Liberty Walking Half Dollar,P,0,1
1945,Penny,Lincoln Cent,,0,2
1938,Nickel,Jefferson Nickel,,0,1
2020,Roosevelt Dime,Unknown,S,0,1
1937,Penny,Lincoln Wheat Cent,,0,1
1856,Quarter,Liberty Seated,O,0,1
2023,Dollar,U.S. Innovation Dollar,P,0,1
1996,Dime,Roosevelt Dime,D,0,1
1935,Half Dollar,Liberty Walking Half Dollar,S,0,1
2020,Quarter,National Park Quarters,P,0,4
1857,Quarter,Liberty Seated,O,0,1
1934,Penny,Lincoln Wheat Cent Series,,0,1
2022,Quarter,American Women Quarters Program,P and D,0,1
2006,Dime,Roosevelt Dimes,S,0,2
1907,Dime,Barber Dime,S,0,1
Unknown,Lincoln Cent,America's First Small-Size,,0,1
1898,25 Cents,Barber Silver Quarters,S,0,1
1930,Penny,Lincoln Cent,S,0,1
1895,25 Cents,Barber Silver Quarters,S,0,1
1927,Quarter,Standing Liberty Silver Quarter,D,0,1
1958,Nickel,Jefferson Nickel,,0,2
1972,Kennedy Half Dollar,Kennedy Half Dollar,S,0,1
1964,Penny,Lincoln Head Penny,,0,1
1987,Dollar,American Eagle,,0,1
1973,Dollar,Eisenhower Dollar,,0,2
1919,Penny,Lincoln Cent,S,0,1
1978,Penny,Lincoln Head Penny,,0,1
1971,1 Dollar,Eisenhower Dollar,S,0,2
1930,Penny,Lincoln Cent,D,0,1
1985,Dime,Roosevelt Dimes,P,0,1
1859,Quarter,Liberty Seated,S,0,1
2023,Dime,Roosevelt Dimes,D,0,1
1942,Quarter,Washington Quarter,,0,2
1968,Penny,Lincoln Cent,S,0,1
2021,Kennedy Half Dollar,Kennedy Half Dollar,P,0,1
1894,1 Dollar,Morgan Silver Dollar,O,0,1
1850,Half Dollar,Liberty Seated,O,0,1
1936,Dime,Mercury Dime,D,0,1
1846,Quarter,Liberty Seated,,0,1
1964,Roosevelt Dime,Roosevelt Dime,,0,1
1921,Dollar,Peace Dollar,,0,2
2010,Dime,Roosevelt Dime,D,0,1
1903,Dime,Barber Series,O,0,1
2011,Penny,Lincoln Cent,S,0,1
1964,Kennedy Half Dollar,Unknown,D,0,1
2010,$1,Presidential Dollars,P,0,4
1945,Nickel,Jefferson Nickels,S,0,1
1988,Penny,Lincoln Cents,S,0,1
1902,25 Cents,Barber Quarters,,0,1
1922,Dollar,Peace Dollar,,0,2
2013,$1,Presidential Dollars,P,0,4
2024,Quarter,American Women Quarters Program,S,0,5
1940,Dime,Mercury Dime,,0,2
1923,Penny,Lincoln Wheat Cent Series,,0,2
1886,1 Dollar,Morgan Silver Dollars,S,0,1
2010,1 Dollar,Native American Dollar,P,0,1
1979,Dime,Roosevelt Dimes,,0,1
1887,Unknown,Unknown,,0,1
1931,Penny,Lincoln Wheat Cent,,0,1
1897,1 Dollar,Morgan Silver Dollars,,0,2
1982,Penny,Lincoln Cent,D,0,2
1971,Dollar,Eisenhower Dollar,S,0,4
1952,Half Dollar,Franklin Half Dollar,D,0,5
1949,Half Dollar,Franklin Half Dollar,D,0,1
1976,Penny,Lincoln Head Penny,,0,1
2018,Quarter,National Park Quarters,P,0,6
1937,Dime,Mercury Dime,D,0,1
1880,$5,Liberty Head Gold Half Eagle,,0,1
1951,Nickel,Jefferson Nickel,,0,1
1976,Dollar,Eisenhower Dollar,,0,2
1916,Penny,Lincoln Head Penny,S,0,1
1920,Half Dollar,Liberty Walking Half Dollar,D,0,1
2001,Dime,Roosevelt Dimes,S,0,2
1946,Penny,Lincoln Head Cent,D,0,1
1908,Dime,Barber Series,D,0,1
1880,1 Dollar,Morgan Silver Dollars,CC,0,2
2023,Dollar,American Eagle Silver Dollar,,0,1
1981,Penny,Lincoln Head Penny,S,0,1
1995,Penny,Lincoln Cent Series,S,0,1
1951,Dime,Roosevelt Dime,,0,1
1917,Penny,Lincoln Head Penny,,0,1
1941,Penny,Lincoln Cent,,0,2
1845,1/4 Dollar,Liberty Seated Silver Quarter,,0,1
1878,Quarter,Liberty Seated,CC,0,1
1818,Penny,Large Cent,,0,1
1926,$2.5,2.50 American Sesquicentennial Gold,,0,1
2014,Quarter,America the Beautiful Quarters,D,0,5
1855,Quarter,Liberty Seated,,0,1
1987,Quarter,Washington Silver Quarter,D,0,1
1858,Half Dollar,Liberty Seated,S,0,1
2009,Penny,Lincoln Cent,S,0,4
1905,Barber Silver Dimes,Barber Dimes,P,0,2
2009,Penny,Lincoln Cent,,0,1
1911,Dime,Barber Series,D,0,2
1909,1 cent,Lincoln Cent,,0,1
1922,Nickel,Buffalo Nickel,D,0,1
2018,Dime,Roosevelt Dimes,S,0,1
1883,1 Dollar,Morgan Silver Dollar,O,0,1
1942,Penny,Lincoln Cent,,0,2
1951,Dime,Roosevelt Dimes,,0,2
1881,Dime,Liberty Seated Dime,,0,1
1902,Nickel,Liberty Head Nickel,,0,2
1955,Penny,Lincoln Cent,S,0,2
1988,Dime,Roosevelt Dimes,D,0,1
1948,Half Dollar,Liberty Walking Half Dollar,D,0,1
1971,Quarter,Washington Quarter,,0,1
1930,Penny,Lincoln Cent Series,,0,1
1853,Quarter,Liberty Seated,,0,2
1873,Dime,Liberty Seated Silver Dime,,0,1
1838,Nickel,Stars No Drapery,,0,1
1921,Penny,Lincoln Head Penny,,0,3
1963,Nickel,Jefferson Nickel,,0,1
1982,Dime,Roosevelt Dimes,P,0,1
2023,Dollar,U.S. Innovation Dollar,D,0,1
1987,Kennedy Half Dollar,Kennedy Half Dollar,P,0,1
1837,Half Dime,Liberty Seated,,0,1
1950,Quarter,Washington Silver Quarter,D,0,1
1972,Dollar,Eisenhower Dollar,,0,2
1892,Dime,Barber,,0,1
1985,Penny,Lincoln Cent,D,0,1
1921,Penny,Lincoln Cent,,0,2
1828,Quarter,Capped Bust,,0,1
1946,Penny,Lincoln Cent,S,0,1
1932,Nickel,Buffalo Nickel,D,0,1
2000,1 Dollar,Sacagawea Dollar,S,0,1
1960,Cent,Lincoln Memorial Cent,,0,2
1905,25 Cents,Barber Silver Quarters,S,0,1
1949,Half Dollar,Franklin Half Dollar,,0,3
1874,Quarter,Liberty Seated,,0,2
1917,Penny,Lincoln Wheat Cent Series,,0,2
1938,Penny,Lincoln Cent,,0,1
2023,Kennedy Half Dollar,Kennedy Half Dollar,S,0,1
1940,Quarter,Washington Silver Quarter,,0,1
2017,Dime,Roosevelt Dimes,D,0,1
1916,Washington Quarter,Standing Liberty Quarter,P,0,1
1882,1 Dollar,Morgan Silver Dollars,P,0,1
2022,Native American Dollar,Native American Dollar Series,D,0,1
1951,Penny,Lincoln Cent,,0,2
1901,Barber Silver Dimes,Barber Dimes,P,0,1
1952,Penny,Lincoln Head Penny,S,0,1
2023,Lincoln Cent,Unknown,,0,1
1935,Penny,Lincoln Cent,,0,2
1867,Unknown,Unknown,,0,1
1942,Penny,Lincoln Cent,D,0,1
2021,Roosevelt Dime,Unknown,S,0,1
1971,Dollar,Eisenhower Dollar,D,0,2
1968,Dime,Roosevelt Dimes,D,0,1
2001,Kennedy Half Dollar,Kennedy Half Dollar Series,P,0,2
1991,Penny,Lincoln Head Penny,,0,1
1943,Half Dollar,Liberty Walking Half Dollar,D,0,1
1947,Quarter,Washington Silver Quarter,D,0,2
1982,Penny,Lincoln Cent,P,0,2
1843,Large Cent,Braided Hair Large Cents,,0,1
1924,Dime,Mercury Dime,D,0,2
1998,Penny,Lincoln Head Penny,D,0,1
1995,Dime,Roosevelt Dimes,D,0,1
1982,Penny,Lincoln Head Penny,,0,2
1903,1 Dollar,Morgan Silver Dollars,P,0,1
1904,25 Cents,Barber Silver Quarters,O,0,1
1976,Dime,Roosevelt Dimes,,0,1
1970,Quarter,Washington Silver Quarter,S,0,1
1923,Penny,Lincoln Wheat Cent,,0,1
1977,Penny,Lincoln Cent Series,D,0,1
1958,Quarter,Washington Quarter,,0,2
2010,Kennedy Half Dollar,Kennedy Half Dollar Series,D,0,1
1982,Kennedy Half Dollar,Unknown,S,0,3
Unknown,Unknown,Unknown,,0,3
1909,Penny,Lincoln Cent VDB,,0,1
1994,Kennedy Half Dollar,Kennedy Half Dollar,S,0,1
1937,Half Dollar,Liberty Walking Half Dollar,D,0,1
1942,Dime,Mercury Dime,,0,4
1953,Nickel,Jefferson Nickel,,0,2
1955,Penny,Lincoln Cent,,0,2
2016,Penny,Lincoln Shield Cent,S,0,1
1976,1 Dollar,U.S. Bicentennial,,0,2
1931,Mercury Dime,Mercury Dime,D,0,1
1876,Quarter,Liberty Seated,CC,0,1
1999,Penny,Lincoln Cent Series,D,0,1
2024,American Silver Eagle Dollar,American Eagle Silver Dollar,,0,1
2010,Quarter,National Park Quarters,D,0,3
1974,Kennedy Half Dollar,Kennedy Half Dollar Series,,0,1
2001,Penny,Lincoln Cent,D,0,1
1975,Jefferson Nickel,The U.S. Nickel Collection,,0,1
1911,Penny,Lincoln Head Penny,D,0,1
2015,Quarter,America the Beautiful Quarters,S,0,2
1998,Jefferson Nickel,The U.S. Nickel Collection,,0,1
2001,Quarter,State and Territory Quarters,P,0,5
1944,Quarter,Washington Silver Quarter,D,0,1
1950,Dime,Roosevelt Dimes,S,0,1
1897,Penny,Indian Head Cent,,0,2
1923,Dollar,Peace Dollar,D,0,1
2009,Dime,Roosevelt Dimes,D,0,1
Unknown,Morgan Silver Dollar,Morgan Silver Dollar,D,0,1
2014,Penny,Lincoln Cent,D,0,2
2024,Quarter,American Women Quarters Program,P,0,2
1875,20 Cents,20 Cent Piece,CC,0,1
2025,Roosevelt Dime,Roosevelt Dime,D,0,1
2014,1 Dollar,Native American Dollar,P,0,1
2010,Quarter,America the Beautiful Quarters,P,0,3
1961,Half Dollar,Franklin Half Dollar,,0,3
1921,Penny,Lincoln Head Cent,,0,1
1973,Quarter,Washington Silver Quarter,D,0,1
2003,Dollar,American Eagle,,0,1
1897,25 Cents,Barber Silver Quarters,,0,1
1951,Penny,Lincoln Head Penny,S,0,1
2024,Kennedy Half Dollar,Kennedy Half Dollar,P,0,1
2022,Dime,Roosevelt Dimes,P,0,1
1981,Susan B. Anthony Dollar,Susan B. Anthony Dollar,D,0,1
1861,Half Dollar,Liberty Seated,O,0,1
1914,Penny,Lincoln Cent,S,0,2
1948,Penny,Lincoln Head Penny,D,0,1
1958,Cent,Lincoln Wheat Cent,,0,2
1921,1 Dollar,Morgan Silver Dollar,S,0,1
2011,Quarter,America the Beautiful Quarters,D,0,1
1968,Quarter,Washington Silver Quarter,S,0,1
1873,Nickel,Shield Nickel,,0,1
1884,Dollar,Morgan Silver Dollar,,0,1
1978,1 Dollar,Eisenhower Dollar,S,0,1
1963,Half Dollar,Franklin Half Dollar,D,0,3
1920,Dime,Mercury Dime,D,0,1
1878,Quarter,Liberty Seated,S,0,1
1927,Penny,Lincoln Cent,,0,2
1830,Nickel,Capped Bust,,0,2
1904,Cent,Indian Head Cent,,0,1
2015,Dollar,American Eagle,W,0,3
2016,Quarter,America the Beautiful Quarters,D,0,1
1987,Quarter,Washington Silver Quarter,S,0,1
2004,Dollar,American Eagle,,0,1
2023,Peace Dollar,Peace Dollar,,0,1
1972,Dollar,Eisenhower Dollar,D,0,1
1964,Dime,Roosevelt Dimes,D,0,1
1971,Dime,Roosevelt Dimes,D,0,1
2008,Dollar,American Eagle,W,0,3
1985,Penny,Lincoln Cent,S,0,1
1879,$1,Morgan Silver Dollar,Multiple,0,1
1854,Quarter,Liberty Seated,O,0,2
1916,Penny,Lincoln Head Cent,,0,1
1968,Dime,Roosevelt Dimes,,0,1
1988,Kennedy Half Dollar,Kennedy Half Dollar Series,D,0,1
1906,Half Dollar,Barber,S,0,1
1924,Dime,Mercury Dime,,0,1
1874,Dime,Liberty Seated Silver Dime,,0,1
1905,Penny,Indian Head Cent,,0,1
1951,Half Dollar,Franklin Half Dollar,S,0,1
1961,Dime,Roosevelt Dime,,0,2
1844,Half Dollar,Liberty Seated,O,0,1
1983,Mixed (Proof Set),Clad Proof Set,S,0,1
1887,1 Dollar,Morgan Silver Dollar,O,0,1
1918,Dime,Mercury Dime,D,0,1
1995,Quarter,Washington Silver Quarter,D,0,1
1887,1 Dollar,Morgan Silver Dollars,O,0,1
1905,25 Cents,Barber Silver Quarters,O,0,1
1901,Nickel,Liberty Head Nickel,,0,1
1912,Penny,Lincoln Wheat Cent,,0,1
2000,Dime,Roosevelt Dimes,S,0,1
1914,Dime,Barber Series,S,0,1
2002,Dime,Roosevelt Dimes,S,0,2
Unknown,Barber Quarter,Historic U.S. Silver Coins,P,0,1
1948,Half Dollar,Franklin Half Dollar,,0,3
1939,Nickel,Jefferson Nickel,,0,1
1864,1 Cent,Indian Head Cent,,0,1
1929,Dime,Mercury Dime,S,0,1
1924,Dime,Mercury Dime,S,0,1
1871,Half Dollar,Liberty Seated,,0,1
1997,Penny,Lincoln Cent,S,0,1
2002,Dollar,American Eagle,W,0,1
1878,Half Dollar,Liberty Seated,,0,1
1976,Dollar,Eisenhower Dollar,S,0,4
2012,Quarter,America the Beautiful Quarters,D,0,2
2004,Kennedy Half Dollar,Kennedy Half Dollar,S,0,1
2005,Kennedy Half Dollar,Kennedy Half Dollar,D,0,1
1914,Penny,Lincoln Cent,,0,1
2022,Quarter,U.S. Women's Quarters,S,0,1
2012,Quarter,America the Beautiful Quarters,P,0,2
1994,Quarter,Washington Silver Quarter,S,0,1
1913,Penny,Lincoln Wheat Cent Series,,0,2
1932,Penny,Lincoln Wheat Cent,,0,1
1995,Dime,Roosevelt Dimes,S,0,2
1909,Penny,Lincoln Head Cent,,0,1
1947,Penny,Lincoln Cent,S,0,1
1889,Dime,Liberty Seated Silver Dime,S,0,1
1956,Half Dollar,Franklin Half Dollar,,0,4
1947,Penny,Lincoln Cent,D,0,1
1888,$1,Morgan Silver Dollar,,0,2
1909,Penny,VDB,,0,1
1873,Quarter,Liberty Seated,,0,2
2015,Kennedy Half Dollar,Kennedy Half Dollar,S,0,1
1946,Penny,Lincoln Head Penny,S,0,2
1927,Dollar,Peace Dollar,S,0,1
2012,Penny,Lincoln Cent Series,,0,1
1832,Nickel,Capped Bust,,0,2
1948,Quarter,Washington Silver Quarter,S,0,1
2007,Dime,Roosevelt Dimes,P,0,1
2011,Dollar,American Eagle,W,0,2
1874,Unknown,Unknown,,0,1
1925,Nickel,Unknown,,0,1
2012,1 Dollar,Native American Dollar,P,0,1
1843,Half Dollar,Liberty Seated,O,0,1
1941,Kennedy Half Dollar,Unknown,S,0,1
1958,Penny,Lincoln Wheat Cent,,0,1
1941,Half Dollar,Liberty Walking Half Dollar,D,0,1
1953,Dime,Roosevelt Dimes,D,0,1
1995,Dime,Roosevelt Dimes,P,0,1
1915,Penny,Lincoln Wheat Cent,,0,1
1975,Dime,Roosevelt Dimes,,0,1
1921,Half Dollar,Liberty Walking Half Dollar,S,0,1
1885,Dollar,Morgan Silver Dollar,O,0,1
1928,Quarter,Standing Liberty Silver Quarter,S,0,1
1996,Kennedy Half Dollar,Kennedy Half Dollar Series,P,0,1
1897,Cent,Indian Head Cent,,0,1
1990,Penny,Lincoln Cent,S,0,1
1918,Penny,Lincoln Head Penny,D,0,1
2022,Kennedy Half Dollar,Unknown,D,0,1
2013,$1,Presidential Dollars,S,0,3
2009,Quarter,State and Territory Quarters,P,0,7
1882,Nickel,Shield Nickel,,0,1
1988,Kennedy Half Dollar,Kennedy Half Dollar,P,0,1
1874,Quarter,Liberty Seated,S,0,1
2012,Kennedy Half Dollar,Kennedy Half Dollar Series,P,0,1
1969,Kennedy Half Dollar,Kennedy Half Dollar,S,0,1
1876,Dime,Liberty Seated Silver Dime,,0,1
1955,Half Dollar,Franklin Half Dollar,,0,3
2019,Quarter,National Park Quarters,W,0,1
1848,Nickel,Stars,O,0,1
2001,Dollar,American Eagle,W,0,1
1981,Dime,Roosevelt Dimes,S,0,1
2010,American Silver Eagle Dollar,American Eagle Silver Dollar,,0,1
1901,Half Dollar,Barber,S,0,1
2021,Quarter,America the Beautiful Quarters,P,0,1
1917,Quarter,Standing Liberty Quarter,,0,2
1934,Nickel,Buffalo Nickel,,0,1
1946,Dime,Roosevelt Dime,,0,1
1851,Large Cent,Braided Hair Large Cent,,0,1
2024,Dollar,American Innovation $1 Coin,P,0,1
1902,Dollar,Morgan Silver Dollar,O,0,1
1942,Nickel,Jefferson Nickel Series,S,0,2
1968-98,Quarter,Washington Silver Quarter,,0,1
1845,Large Cent,Braided Hair Large Cents,,0,1
2021,Jefferson Nickel,Unknown,S,0,1
2024,"Mixed (Kennedy Half Dollar, Native American $1 Coin)",Mixed US Coin Programs,"P, D",0,1
1942,Dime,Mercury Dime,S,0,1
1824,Capped Bust Silver Half Dollar,Capped Bust Half Dollar,,0,1
1976,Quarter,Washington Silver Quarter,S,0,3
1959,Half Dollar,Franklin Half Dollar,D,0,1
1891,1 Dollar,Morgan Silver Dollars,,0,2
1876,Half Dollar,Liberty Seated,S,0,1
1916,Roosevelt Dime,Mercury Dime,D,0,1
Multiple,Half Dollar,Barber,,0,1
1888,1 Dollar,Morgan Silver Dollars,P,0,1
2011,1 Dollar,Native American Dollar,D,0,1
1897,Half Dollar,Barber,O,0,1
1926,Quarter,Standing Liberty Silver Quarter,S,0,1
1930,Penny,Lincoln Head Penny,D,0,1
Unknown,Unknown,Celebrating America Coin Collection,,0,1
1905,Unknown,Unknown,,0,1
1949,Dime,Roosevelt Dimes,S,0,1
2011,Quarter,National Park Quarters,S,0,5
1911,Penny,Lincoln Wheat Cent,,0,1
1969,Dime,Unknown,,0,1
1897,25 Cents,Barber Silver Quarters,S,0,1
2011,Dime,Roosevelt Dimes,D,0,1
1986,Dollar,American Eagle,S,0,1
Unknown,Quarter,Club Selection,,0,1
1927,Quarter,Standing Liberty Silver Quarter,,0,1
1978,Quarter,Washington Silver Quarter,D,0,1
1910,Penny,Lincoln Cent,S,0,1
1933,Half Dollar,Liberty Walking Half Dollar,S,0,1
1937,Half Dollar,Liberty Walking Half Dollar,S,0,1
2011,$1,Presidential Dollars,S,0,4
2015,Penny,Lincoln Head Cent,S,0,1
1995,$5,American Eagle Gold Coin,,0,1
1892,Half Dollar,Barber,S,0,1
1960,Dime,Roosevelt Dime,,0,2
1952,Nickel,Jefferson Nickel,,0,1
2008,Dime,Roosevelt Dimes,S,0,2
1954,Quarter,Washington Silver Quarter,D,0,1
2019,$1,American Eagle,,0,2
1977,1 Dollar,Eisenhower Dollar,,0,1
1956,Dime,Mercury Dime,,0,1
1927,Dollar,Peace Dollar,D,0,1
1912,Penny,Lincoln Wheat Cent Series,,0,2
1846,Dollar,Liberty Seated,,0,2
2006,Nickel,Return to Monticello,P,0,1
2010,Quarter,National Park Quarters,S,0,3
2023,Quarter,American Women Quarters,P,0,1
2021,1 Dollar,American Innovation $1 Coin Program,P,0,1
1955,Quarter,Washington Silver Quarter,D,0,2
2020,Dollar,American Innovation $1 Coins,,0,1
1955,Penny,Lincoln Cents,D,0,1
1960,Penny,Lincoln Cents,,0,1
1958,Quarter,Unknown,D,0,1
1996,Dollar,American Eagle,P,0,1
1959,Half Dollar,Franklin Half Dollars,,0,1
1940,Cent,Lincoln Wheat Cent,,0,1
1953,Half Dollar,Franklin Half Dollar,S,0,1
2024,Quarter,American Women Quarters,D,0,2
1926,Morgan Silver Dollar,Morgan Silver Dollar,,0,1
1963,Half Dollar,Franklin Half Dollar,,0,3
2016,Penny,Lincoln Shield Cent,,0,1
1831,Capped Bust Silver Half Dollar,Capped Bust Half Dollar,,0,1
1979,Susan B. Anthony Dollar,Susan B. Anthony Dollar,P,0,1
2013,Quarter,America the Beautiful Quarters,D,0,5
1941,Quarter,Washington Silver Quarter,D,0,1
1937,Quarter,Washington Silver Quarter,D,0,1
1947,Penny,Lincoln Wheat Cent,,0,1
2018,Dime,Roosevelt Dimes,D,0,1
1954,Quarter,Washington Silver Quarter,,0,3
1879,$1,Morgan Silver Dollar,CC,0,1
2011,1 Dollar,Native American Dollar,P,0,1
1968,Kennedy Half Dollar,Kennedy Half Dollar,S,0,1
1893,Dollar,Morgan Silver Dollar,O,0,1
1934,Half Dollar,Walking Liberty Half Dollar,D,0,1
1993,Quarter,Washington Silver Quarter,,0,1
1949,Penny,Lincoln Head Cent,D,0,1
2006,Penny,Lincoln Cent,S,0,1
1827,Capped Bust Silver Half Dollar,Capped Bust Half Dollar,,0,1
2013,1 Dollar,Native American Dollar,S,0,1
1993,Dime,Roosevelt Dimes,P,0,1
1892,Dollar,Morgan Silver Dollar,O,0,1
2005,Dime,Roosevelt Dimes,S,0,2
1946,Nickel,Jefferson Nickel Series,D,0,1
1926,Penny,Lincoln Cent,D,0,1
2019,Dollar,American Innovation Dollar,,0,2
2018,1 Dollar,Native American Dollar,D,0,1
1833,Capped Bust Silver Quarter,Capped Bust Silver Quarter Series,,0,1
1863,Half Dollar,Liberty Seated,,0,1
1878,$1,Morgan Silver Dollar Set,S,0,1
1973,Dime,Roosevelt Dimes,,0,1
2013,Penny,Lincoln Cent,D,0,1
1896,Dollar,Morgan Silver Dollar,S,0,1
1930,Nickel,Buffalo Nickel,S,0,1
1967,Quarter,Washington Silver Quarter,,0,1
1977,1 Dollar,Eisenhower Dollar,D,0,1
2009,1 Dollar,Native American Dollar,D,0,1
1997,Kennedy Half Dollar,Kennedy Half Dollar Series,P,0,1
1946,Penny,Lincoln Wheat Cent Series,,0,1
1952,Quarter,Washington Silver Quarter,,0,1
1865,Half Dollar,Liberty Seated,,0,1
2001,Penny,Lincoln Head Penny,D,0,1
1977,Dollar,Eisenhower Dollar,,0,2
1884,Unknown,Unknown,,0,1
2004,Quarter,State and Territory Quarters,P,0,5
1976,Dollar,U.S. Bicentennial,,0,2
1981,Penny,Lincoln Cent Series,S,0,1
1935,Nickel,Buffalo Nickel,,0,2
2006,Quarter,State and Territory Quarters,P,0,5
2021,Kennedy Half Dollar,Kennedy Half Dollar Series,D,0,1
1997,Dime,Roosevelt Dimes,S,0,2
1971,Quarter,Washington Silver Quarter,S,0,1
1906,Penny,Indian Head Cent,,0,1
2013,Kennedy Half Dollar,Kennedy Half Dollar Series,S,0,1
1939,Quarter,Washington Silver Quarter,S,0,1
1983,Kennedy Half Dollar,Kennedy Half Dollar,P,0,1
1925,Dollar,Peace Dollar,S,0,1
1928,Penny,Lincoln Cent,,0,1
1979,Susan B. Anthony Dollar,Susan B. Anthony Dollar,S,0,2
1993,Kennedy Half Dollar,Kennedy Half Dollar Series,P,0,1
1968,Roosevelt Dime,Roosevelt Dime,S,0,1
1973,Dime,Roosevelt Dimes,S,0,1
1936,Penny,Lincoln Wheat Cent Series,,0,2
1941,Dime,Mercury Dime,,0,1
2023,Dime,Roosevelt Dimes,S,0,2
1916,Dime,Mercury Dime,D,0,1
1971,Quarter,Washington Silver Quarter,D,0,1
1917,Quarter,Standing Liberty Silver Quarter (Type 1),,0,1
1959,Quarter,Unknown,D,0,1
1917,Penny,Lincoln Cent,S,0,1
1980,Penny,Lincoln Cent,,0,1
2002,Kennedy Half Dollar,Kennedy Half Dollar,D,0,1
1880,Dollar,Liberty Seated,CC,0,1
1960,Nickel,Jefferson Nickel Series,D,0,1
1863,Quarter,Liberty Seated,,0,2
1928,Penny,Lincoln Head Penny,,0,1
1990,Penny,Lincoln Head Penny,D,0,1
1839,Nickel,Stars No Drapery,O,0,1
1874,Dollar,Indian Head Pattern Dollar,,0,1
1992,Kennedy Half Dollar,Kennedy Half Dollar Series,P,0,1
1986,$1,American Eagle Silver Dollar,,0,1
1913,$5,Indian Head Gold Half Eagle,,0,1
1851,Large Cent,Braided Hair Large Cents,,0,1
2007,Dime,Roosevelt Dimes,D,0,2
2010,Penny,Lincoln Shield Cent,S,0,1
1987,Kennedy Half Dollar,Kennedy Half Dollar Series,D,0,1
1847,Half Dollar,Liberty Seated,,0,1
1845,Liberty Seated Quarter,Liberty Seated,,0,1
1929,Buffalo Nickel,Unknown,S,0,1
1991,Kennedy Half Dollar,Kennedy Half Dollar,P,0,1
2011,Quarter,America the Beautiful Quarters,P,0,1
1917,1 Dime,Mercury Silver Dime,S,0,1
1855,Quarter,Liberty Seated,O,0,1
1953,Half Dollar,Franklin Half Dollar,,0,2
1889,1 Dollar,Morgan Silver Dollar,CC,0,1
1921,Penny,Lincoln Wheat Cent,,0,1
1914,Half Dollar,Barber,S,0,1
1893,Indian Head Cent,Unknown,,0,1
1946,Penny,Lincoln Cent Series,,0,1
2005,Penny,Lincoln Cents,D,0,1
1909,25 Cents,Barber Quarters,,0,1
2001,1 Dollar,Sacagawea Dollar,D,0,1
1989,Dime,Roosevelt Dimes,S,0,1
1939,Half Dollar,Walking Liberty Half Dollar,P,0,1
1888,Dime,Liberty Seated Silver Dime,S,0,1
1944,Quarter,Unknown,,0,1
1926,Dime,Mercury Dime,,0,2
1821,Capped Bust Silver Quarter,Unknown,,0,1
1943,Dime,Unknown,D,0,1
1851,Dime,Liberty Seated Silver Dime,,0,1
1943,Penny,Lincoln Head Penny,D,0,1
1866,Half Dollar,Liberty Seated,S,0,1
1868,Dime,Liberty Seated Silver Dime,,0,1
N/A,$5,"Liberty Head Half Eagle (with Motto, 1866-1908)",,0,1
1973,Penny,Lincoln Cent,S,0,1
1998,Dime,Roosevelt Dimes,D,0,1
2006,Penny,Lincoln Cent Series,,0,1
1920,Penny,Lincoln Head Penny,S,0,1
1866,Nickel,Shield Nickel,,0,1
1917,Quarter,Standing Liberty Silver Quarter (Type 2),D,0,1
1909,Penny,Lincoln Wheat Cent Series,,0,2
1806,25 Cents,Barber Silver Quarters,,0,1
1988,Dollar,American Eagle,,0,1
1915,Penny,Lincoln Cent,D,0,1
1972,1 Dollar,Eisenhower Dollar,S,0,2
2008,Kennedy Half Dollar,Kennedy Half Dollar Series,P,0,1
1949,Penny,Lincoln Wheat Cent,,0,1
1912,Half Dollar,Barber,S,0,1
1970,Dime,Roosevelt Dimes,,0,1
1980,Quarter,Washington Silver Quarter,D,0,1
1876,Half Dollar,Liberty Seated,,0,2
2022,Quarter,American Women Quarters,P,0,2
1930,Dime,Mercury Dime,,0,1
2023,Lincoln Cent,Unknown,D,0,1
1858,Half Dollar,Seated Liberty,S,0,1
1928,Quarter,Standing Liberty Quarter,,0,1
2023,Morgan Silver Dollar,Morgan Silver Dollar,,0,1
1960,Quarter,Washington Silver Quarter,,0,2
1819,Capped Bust Silver Quarter,Unknown,,0,2
1937,Cent,Lincoln Wheat Cent,,0,1
2001,Penny,Lincoln Cent,S,0,1
1985,Quarter,Washington Silver Quarter,S,0,1
1976,Kennedy Half Dollar,Kennedy Half Dollar,S,0,1
1925,Penny,Lincoln Wheat Cent,,0,1
1953,Penny,Lincoln Wheat Cent Series,,0,1
2015,Quarter,America the Beautiful Quarters,P,0,5
1960,Dime,Roosevelt Dimes,,0,1
1910,Dime,Barber Dimes,D,0,1
1948,Nickel,Unknown,,0,1
2000,Dollar,American Eagle,P,0,1
1942,Dime,Roosevelt Dimes,D,0,1
1917,Nickel,Buffalo Nickel,,0,1
1906,25 Cents,Barber Silver Quarters,,0,1
Year,Barber Silver Dimes,Barber Dimes,Letter,0,1
1842,Quarter,Liberty Seated,O,0,1
1959,Dime,Roosevelt Dimes,,0,1
1963,Quarter,Washington Silver Quarter,,0,2
1995,Dollar,American Eagle,,0,1
1913,5 cents,Buffalo Nickel,P,0,1
2004,Kennedy Half Dollar,Kennedy Half Dollar Series,P,0,1
1835,Capped Bust Silver Quarter,Unknown,,0,1
1979,Kennedy Half Dollar,Kennedy Half Dollar Series,,0,1
1908,$10,Indian Head Gold Eagle,,0,1
1997,Kennedy Half Dollar,Kennedy Half Dollar Series,D,0,1
1894,Dollar,Morgan Silver Dollar,,0,1
1962,Dime,Roosevelt Dimes,D,0,1
2025,Quarter,American Women Quarters,P,0,2
1864,Half Dollar,Liberty Seated,S,0,1
1943,Dime,Mercury Dime,S,0,1
1954,Nickel,Unknown,D,0,1
1954,Nickel,Jefferson Nickel,,0,1
1909,Half Dollar,Barber,S,0,1
1997,Quarter,Washington Silver Quarter,P,0,1
1973,Kennedy Half Dollar,Kennedy Half Dollar Series,S,0,1
2012,$1,Presidential Dollars,D,0,4
1830,Capped Bust Silver Dime,Capped Bust Dime,,0,1
2017,Kennedy Half Dollar,Kennedy Half Dollar Series,S,0,1
1835,Nickel,Capped Bust,,0,2
1913,Nickel,Buffalo Nickel Type 1,S,0,1
2010,Penny,Lincoln Cent,P,0,1
1971,Penny,Lincoln Head Penny,D,0,1
1937,Penny,Lincoln Cent Series,S,0,1
1871,Half Dollar,Liberty Seated,S,0,1
1994,Dime,Roosevelt Dimes,S,0,2
1855,Nickel,Arrows,,0,1
2010,Quarter,America the Beautiful Quarters,D,0,3
1964,Nickel,Jefferson Nickel,,0,1
1999,Penny,Lincoln Cent,D,0,1
1901,25 Cents,Barber Silver Quarters,O,0,1
1970,Penny,Lincoln Head Penny,S,0,2
1898,25 Cents,Barber Silver Quarters,,0,1
1891,Quarter,Liberty Seated,,0,1
1916,Barber Silver Dime,Unknown,,0,1
1992,$1,American Eagle Silver Dollar,,0,2
1898,Dime,Barber Series,Pending,0,1
1940,Nickel,Jefferson Nickel Series,P,0,1
1978,Quarter,Washington Silver Quarter,,0,1
1945,Dime,Mercury Dime,,0,1
1910,Penny,Lincoln Wheat Cent Series,S,0,1
1953,Cent,Lincoln Wheat Cent,,0,2
1913,Penny,Lincoln Head Penny,S,0,1
2004,1 Dollar,Sacagawea Dollar,P,0,1
1906,Cent,Indian Head Cent,,0,1
1948,Half Dollar,Franklin Half Dollar,D,0,2
2024,Quarter,American Women Quarters,P,0,2
2011,Kennedy Half Dollar,Kennedy Half Dollar,D,0,1
2022,Kennedy Half Dollar,Kennedy Half Dollar,S,0,1
1998,Quarter,Washington Silver Quarter,S,0,2
1962,Quarter,Washington Silver Quarter,D,0,1
1925,Penny,Lincoln Head Penny,S,0,1
1858,Half Dollar,Liberty Seated,,0,1
1919,Quarter,Standing Liberty Silver Quarter,S,0,1
1895,1 Dollar,Morgan Silver Dollars,O,0,1
1939,Penny,Lincoln Cent,S,0,1
1999,Dollar,American Eagle,P,0,1
2000,Penny,Lincoln Head Penny,D,0,1
1913,Penny,Lincoln Cent,,0,2
1959,Dime,Mercury Dime,D,0,1
2003,Kennedy Half Dollar,Kennedy Half Dollar,S,0,1
2011,Kennedy Half Dollar,Kennedy Half Dollar,S,0,1
1861,1 Cent,Indian Head Cent,,0,1
2016,Kennedy Half Dollar,Kennedy Half Dollar,S,0,2
2023,Native American Dollar,Native American Dollar Program,D,0,1
1917,Penny,Lincoln Head Penny,S,0,1
1963,Penny,Lincoln Head Penny,,0,1
1914,Dime,Barber Series,D,0,1
1989,Dollar,American Eagle,,0,1
1955,Penny,Lincoln Head Cent,S,0,1
1921,1 Dollar,Morgan Silver Dollars,D,0,1
1961,Dime,Roosevelt Dimes,D,0,3
1927,Dime,Mercury Dime,S,0,2
1926,Penny,Lincoln Cent,,0,2
1938,Half Dollar,Walking Liberty Half Dollar,,0,1
1910,Barber Silver Dimes,Barber Dimes,P,0,1
2002,Dime,Roosevelt Dimes,D,0,1
2012,Penny,Lincoln Cent Series,S,0,1
1903,1 Dollar,Morgan Silver Dollars,S,0,1
2003,Kennedy Half Dollar,Kennedy Half Dollar,,0,1
1990,Dime,Roosevelt Dimes,P,0,1
1872,Dollar,Liberty Seated,,0,1
1981,Dime,Roosevelt Dimes,P,0,1
2022,Native American Dollar,Native American Dollar Series,P,0,1
1914,Barber Silver Dimes,Barber Dimes,S,0,1
1943,Dime,Mercury Dime,D,0,1
1890,1 Dollar,Morgan Silver Dollars,CC,0,1
1943,Quarter,Washington Silver Quarter,S,0,1
1924,Quarter,Standing Liberty Silver Quarter,D,0,1
1950,Penny,Lincoln Cent,S,0,1
2016,Quarter,America the Beautiful Quarters,P,0,1
1978,Penny,Lincoln Cent,D,0,1
1901,Half Dollar,Barber,O,0,1
1913,Half Dollar,Barber,S,0,1
2015,1 Dollar,Native American Dollar,D,0,1
2002,Quarter,State and Territory Quarters,S,0,9
1955,Penny,Lincoln Wheat Cent,,0,1
1949,Penny,Lincoln Cent,S,0,1
1958,Half Dollar,Franklin Half Dollar,,0,3
1848,Large Cent,Braided Hair Large Cents,,0,1
2019,Dime,Roosevelt Dimes,D,0,1
1974,Kennedy Half Dollar,Kennedy Half Dollar,S,0,1
1891,$1,Morgan Silver Dollar,O,0,4
2015,Dime,Roosevelt Dimes,S,0,1
1941,Quarter,Washington Silver Quarter,S,0,1
1940,Penny,Lincoln Cent,,0,1
1921,Half Dollar,Liberty Walking Half Dollar,D,0,1
1823,Capped Bust Silver Dime,Capped Bust,,0,1
1962,Half Dollar,Franklin Half Dollar,D,0,3
1997,Kennedy Half Dollar,Kennedy Half Dollar,S,0,1
1910,Dime,Barber Series,D,0,1
2025,1 Quarter,American Women Quarters Program,D,0,1
1984,Quarter,Washington Silver Quarter,P,0,1
1910,25 Cents,Barber Silver Quarters,O,0,1
1936,Penny,Lincoln Head Penny,D,0,1
1905,Half Dollar,Barber,O,0,1
1879,1 Dollar,Morgan Silver Dollars,S,0,1
1975,Dime,Roosevelt Dimes,S,0,1
1906,Barber Silver Dimes,Barber Dimes,P,0,1
1942,Nickel,Jefferson Nickel,,0,2
2007,Kennedy Half Dollar,Kennedy Half Dollar Series,D,0,1
1931,Penny,Lincoln Cent,,0,2
1926,Dollar,Peace Dollar,D,0,1
1880,1 Dollar,Morgan Silver Dollars,O,0,1
1879,Quarter,Liberty Seated,,0,2
1957,Penny,Lincoln Wheat Cent,,0,1
1897,Half Dollar,Barber,S,0,1
1960,Half Dollar,Franklin Half Dollar,,0,2
1989,Dollar,American Eagle,S,0,1
1964,Nickel,Unknown,,0,1
1994,Dime,Roosevelt Dimes,P,0,1
1889,Unknown,Unknown,,0,1
1925,Quarter,Standing Liberty Quarter,,0,1
2023,Kennedy Half Dollar,Unknown,S,0,1
1942,Nickel,Jefferson Wartime Nickel,P,0,2
1986,Penny,Lincoln Cent,,0,1
1936,Half Dollar,Liberty Walking Half Dollar,S,0,1
1965,Roosevelt Dime,Roosevelt Dime,P,0,1
2021,Jefferson Nickel,Jefferson Nickel,S,0,1
1915,Barber Silver Dimes,Barber Dimes,S,0,1
2003,1 Dollar,Sacagawea Dollar,S,0,1
2006,1 Dollar,Sacagawea Dollar,P,0,1
1932,Quarter,Washington Silver Quarter,S,0,1
1941,Quarter,Washington Silver Quarter,,0,1
2017,Kennedy Half Dollar,Kennedy Half Dollar,D,0,1
1876,Quarter,Liberty Seated,,0,1
1997,Dime,Roosevelt Dimes,P,0,1
2011,Dollar,American Eagle,,0,1
2009,Penny,Lincoln Head Penny,D,0,2
1940,Quarter,Washington Silver Quarter,D,0,1
1927,Half Dollar,Walking Liberty Half Dollar,S,0,1
1919,Penny,Lincoln Wheat Cent,,0,2
2001,Kennedy Half Dollar,Unknown,P,0,2
1987,Dime,Roosevelt Dime,D,0,1
2003,Roosevelt Dime,Roosevelt Dime,D,0,1
1844,Half Dollar,Liberty Seated,,0,1
1891,Dollar,Morgan Silver Dollar,CC,0,1
1886,1 Dollar,Morgan Silver Dollars,O,0,1
1946,Walking Liberty Half Dollar,The Half Dollar Club Selection,,0,1
2023,Kennedy Half Dollar,Unknown,D,0,1
2022,Dime,Roosevelt Dimes,S,0,1
1931,Penny,Lincoln Cent Series,D,0,1
2021,Native American Dollar,Native American Dollar Program,P,0,1
1962,Penny,Lincoln Head Penny,,0,2
1976,Penny,Lincoln Head Penny,D,0,1
1910,Half Dollar,Barber,S,0,1
1953,Penny,Lincoln Head Cent,S,0,1
1968,Penny,Lincoln Cent,D,0,1
1969,Quarter,Washington Quarter,,0,1
1921,$1,Morgan Silver Dollar,"P, D, S",0,1
2001,Quarter,50 State Quarters,S,0,1
1938,Capped Bust Silver Quarter,Unknown,,0,1
1861,Half Dollar,Seated Liberty,O,0,1
1880,1 Dollar,Morgan Silver Dollars,S,0,1
2004,Dime,Roosevelt Dimes,S,0,2
1853,Large Cent,Braided Hair Large Cents,,0,1
1852,Dime,Liberty Seated Silver Dime,,0,1
1980,Quarter,Washington Silver Quarter,S,0,1
1890,Unknown,Unknown,,0,1
1928,Dollar,Peace Dollar,,0,1
1849,Liberty Seated Dime,Liberty Seated,,0,1
1880,1 Dollar,Morgan Silver Dollar,,0,1
1941,Half Dollar,Liberty Walking Half Dollar,S,0,1
1918,Quarter,Standing Liberty Silver Quarter,S,0,1
1954,Quarter,Washington Silver Quarter,S,0,1
1941,Half Dollar,Walking Liberty Half Dollar,,0,1
1972,Kennedy Half Dollar,Kennedy Half Dollar,,0,1
1985,Kennedy Half Dollar,Unknown,S,0,1
1984,Quarter,Washington Silver Quarter,S,0,1
1958,Nickel,Jefferson Nickel Series,D,0,2
1834,Capped Bust Silver Half Dollar,Capped Bust Half Dollar,,0,3
1982,Penny,Lincoln Cent,,0,1
2021,1 Dollar,Native American Dollar,P,0,2
1916,Nickel,Buffalo Nickel,S,0,1
1938,Dime,Mercury Dime,S,0,1
1982,Quarter,Washington Silver Quarter,P,0,1
1900,25 Cents,Barber Silver Quarters,S,0,1
2018,Quarter,America the Beautiful Quarters,S,0,1
1987,Dime,Roosevelt Dimes,P,0,1
1844,Nickel,Stars,,0,1
1912,Penny,Lincoln Cent Series,S,0,1
1957,Dime,Roosevelt Dimes,D,0,2
1871,Dollar,Liberty Seated,,0,1
1944,Penny,Lincoln Wheat Cent Series,,0,1
2019,Kennedy Half Dollar,Kennedy Half Dollar Series,P,0,2
1867,Nickel,Shield Nickel,,0,2
1940,Quarter,Washington Silver Quarter,S,0,1
1921,Dime,Mercury Dime,S,0,1
1944,Penny,Lincoln Wheat Cent,,0,1
1910,Penny,Lincoln Cent Series,,0,1
1929,Penny,Lincoln Cent,D,0,1
1971,Penny,Lincoln Cent,,0,1
1950,Nickel,Jefferson Nickel,D,0,1
1892,$1,Morgan Dollar,S,0,1
1992,Quarter,Washington Quarter,S,0,1
1948,Dime,Roosevelt Dimes,,0,1
1945,Penny,Lincoln Head Penny,D,0,1
Unknown,$1,Celebrating America Coin Collection,,0,1
1998,Dollar,American Eagle,P,0,1
1860,Half Dollar,Liberty Seated,S,0,1
1993,Jefferson Nickel,The U.S. Nickel Collection,,0,1
1958,Dime,Roosevelt Dimes,D,0,1
1984,Dime,Roosevelt Dimes,S,0,1
1897,Half Dollar,Barber,,0,1
1993,Quarter,Washington Silver Quarter,D,0,1
1995,Quarter,Washington Silver Quarter,P,0,1
1981,Kennedy Half Dollar,Kennedy Half Dollar,S,0,1
1929,Penny,Lincoln Head Cent,,0,1
2015,Roosevelt Dime,Roosevelt Dime,S,0,1
1908,Half Dollar,Barber,S,0,1
1864,Kennedy Half Dollar,Kennedy Half Dollar,,0,1
1979,Susan B. Anthony Dollar,Susan B. Anthony Dollar,D,0,1
1898,Half Dollar,Barber,,0,1
2016,Quarter,National Park Quarters,P,0,1
1990,Quarter,Washington Silver Quarter,P,0,1
2020,Quarter,National Park Quarters,D,0,3
2018,Dollar,American Eagle Silver Dollar,,0,1
1975,Penny,Lincoln Cent,,0,1
2005,Kennedy Half Dollar,Kennedy Half Dollar Series,P,0,1
1979,Penny,Lincoln Cent,D,0,2
2021,Quarter,National Park Quarters,P,0,1
2022,Dollar,American Eagle,,0,2
1907,Half Dollar,Barber,D,0,1
1955,Quarter,Washington Silver Quarter,,0,3
1968,Kennedy Half Dollar,Kennedy Half Dollar Series,D,0,1
1898,25 Cents,Barber Silver Quarters,O,0,1
2013,Dime,Roosevelt Dimes,D,0,1
1936,Nickel,Buffalo / Native American,S,0,1
1985,Dime,Roosevelt Dimes,S,0,2
1998,Dollar,American Eagle,,0,1
1939,Penny,Lincoln Wheat Cent Series,,0,2
1933,Penny,Lincoln Wheat Cent Series,,0,2
1930,Penny,Lincoln Head Penny,S,0,2
1922,Penny,Lincoln Cent Series,,0,1
2013,Dime,Roosevelt Dimes,P,0,1
1918,Penny,Lincoln Wheat Cent,,0,1
1956,Penny,Lincoln Wheat Cent Series,,0,1
1871,Nickel,Unknown,S,0,1
1977,Penny,Lincoln Cent,S,0,1
1964,Dime,Roosevelt Dime Series,,0,1
1971,1 Dollar,Eisenhower Dollar,,0,1
1912,Half Dollar,Barber,,0,1
2017,Kennedy Half Dollar,Kennedy Half Dollar,P,0,1
1998,Penny,Lincoln Cent,D,0,1
1874,Half Dollar,Liberty Seated,,0,1
1950,Dime,Roosevelt Dime,,0,1
1908,Half Dollar,Barber,,0,1
2023,Quarter,American Women Quarters,S,0,3
1904,Dime,Barber Series,Pending,0,1
2020,Dollar,American Eagle,,0,2
1834,Penny,Matron Head Large Cent,,0,1
1850,Quarter,Liberty Seated,O,0,1
1929,Dime,Mercury Dime,,0,2
1884,1 Dollar,Morgan Dollar,S,0,1
1958,Nickel,Jefferson Nickel,P,0,1
1875,20 Cents,20 Cent Piece,,0,1
2008,Quarter,State and Territory Quarters,P,0,5
1953,Dime,Roosevelt Dimes,,0,1
1897,1 Dollar,Morgan Silver Dollars,S,0,1
1930,Quarter,Standing Liberty Silver Quarter,S,0,2
Unknown,Dime,Roosevelt Dimes,,0,1
1947,Penny,Lincoln Cent Series,,0,1
1980,Susan B. Anthony Dollar,Susan B. Anthony Dollar,D,0,1
1896,Indian Head Cent,Unknown,,0,1
1961,Penny,Lincoln Cent,D,0,1
1869,Liberty Seated Silver Half Dollar,Liberty Seated Half Dollar,Motto,0,1
2005,Dollar,American Eagle,W,0,1
1963,Dime,Roosevelt Dimes,D,0,3
2018,Roosevelt Dime,Roosevelt Dime,S,0,1
1945,Dime,Mercury Dime,S,0,2
1878,1 Dollar,Trade Dollar,S,0,1
1981,Penny,Lincoln Cent,D,0,1
1917,Half Dollar,Liberty Walking Half Dollar,S,0,2
2008,1 Dollar,Sacagawea Dollar,S,0,1
1931,Penny,Lincoln Head Penny,,0,1
1979,Kennedy Half Dollar,Kennedy Half Dollar,S,0,1
2017,1 Dollar,Native American Dollar,D,0,1
1886,1 Dollar,Morgan Silver Dollars,P,0,1
1911,Dime,Barber Dimes,D,0,1
1961,Quarter,Washington Silver Quarter,,0,2
1935,Dime,Mercury Dime,D,0,1
1923,Quarter,Standing Liberty Silver Quarter,S,0,1
1942,Cent,Lincoln Wheat Cent,,0,2
2007,$1,Presidential Dollars,S,0,4
1980,Dime,Roosevelt Dimes,S,0,1
1945,Nickel,Jefferson Nickel Series,S,0,2
1950,Half Dollar,Franklin Half Dollar,D,0,3
2024,Native American Dollar,Native American Dollar,D,0,1
1889,Quarter,Liberty Seated,,0,1
2022,Kennedy Half Dollar,Kennedy Half Dollar Series,S,0,1
2022,Quarter,American Women Quarters Program,,0,1
1912,Dime,Barber Series,Pending,0,2
1955,Dime,Roosevelt Dimes,D,0,1
1942,Washington Quarter,The World War II U.S. Coin Collection,S,0,1
2004,Dime,Roosevelt Dimes,P,0,1
1925,Dime,Mercury Dime,,0,1
1959,Nickel,Jefferson Nickel Series,D,0,1
1982,Penny,Lincoln Cent,S,0,1
1952,Penny,Lincoln Cent,D,0,1
1928,Dollar,Peace Dollar,S,0,1
1991,Dime,Roosevelt Dimes,D,0,1
1918,Quarter,Standing Liberty Silver Quarter,D,0,1
2011,Dime,Roosevelt Dimes,S,0,2
1964,Dime,Roosevelt Silver Dime,,0,1
1909,Dime,Barber Series,Pending,0,1
1952,Cent,Lincoln Wheat Cent,,0,1
2000,Kennedy Half Dollar,Kennedy Half Dollar Series,P,0,1
1913,Penny,Lincoln Cent Series,S,0,1
1917,Dime,Mercury Dime,,0,1
1924,Roosevelt Dime,Mercury Dime,S,0,1
1884,Morgan Silver Dollar,Morgan Silver Dollar,CC,0,1
2021,Quarter,National Park Quarters,D,0,1
1919,Dime,Mercury Dime,,0,1
1882,Dime,Liberty Seated Silver Dime,,0,1
1935,Cent,Lincoln Wheat Cent,,0,2
1877,Unknown,Unknown,,0,1
1927,Penny,Lincoln Wheat Cent Series,,0,2
1919,Quarter,Standing Liberty Silver Quarter,,0,1
1872,Dime,Liberty Seated Silver Dime,,0,1
1970,Quarter,Washington Silver Quarter,,0,1
1886,Unknown,Unknown,,0,1
2016,Quarter,National Park Quarters,S,0,3
1929,1 Dime,Mercury Silver Dime,D,0,1
1857,Nickel,Stars,,0,1
1947,Nickel,Unknown,,0,1
2021,Dime,Roosevelt Dimes,D,0,1
1929,Penny,Lincoln Head Penny,S,0,1
1910,Penny,Lincoln Wheat Cent,S,0,1
1900,Dime,Barber Series,Pending,0,1
1910,Nickel,Liberty Head Nickel,S,0,1
1928,Penny,Lincoln Wheat Cent,,0,1
1899,25 Cents,Barber Silver Quarters,S,0,1
1854,Quarter,Liberty Seated,,0,1
2000,Dollar,American Eagle,,0,1
2017,Quarter,America the Beautiful Quarters,S,0,2
1989,Quarter,Washington Silver Quarter,D,0,1
1945,Washington Quarter,Unknown,S,0,2
1946,Penny,Lincoln Head Penny,,0,1
1999,Dime,Roosevelt Dimes,D,0,1
1995,Quarter,Washington Silver Quarter,S,0,1
1900,1 Dollar,Morgan Silver Dollars,O,0,1
1980,Penny,Lincoln Cent,S,0,1
1950,Quarter,Washington Silver Quarter,,0,2
1891,$1,Morgan Silver Dollar,CC,0,2
1893,Nickel,Liberty Head Nickel,,0,1
1923,Quarter,Standing Liberty Silver Quarter,,0,1
1998,Quarter,Washington Silver Quarter,P,0,1
1932,Quarter,Washington Silver Quarter,,0,1
1945,Half Dollar,Liberty Walking Half Dollar,S,0,1
1940,Penny,Lincoln Wheat Cent Series,,0,1
2010,Dime,Roosevelt Dimes,S,0,2
2002,Penny,Lincoln Head Penny,,0,1
1919,Penny,Lincoln Head Penny,S,0,1
2006,Nickel,Return to Monticello,S,0,1
1974,Dime,Roosevelt Dimes,S,0,1
1948,Penny,Lincoln Head Cent,,0,1
2002,Kennedy Half Dollar,Kennedy Half Dollar,P,0,1
1893,1 Dollar,Morgan Silver Dollars,,0,1
1925,Nickel,The U.S. Nickel Collection,,0,1
1941,Nickel,Jefferson Nickel Series,S,0,1
1868,Nickel,Shield Nickel,,0,1
1909,Unknown,Unknown,,0,1
1999,Susan B. Anthony Dollar,Susan B. Anthony Dollar,D,0,2
1884,1 Dollar,Morgan Silver Dollars,O,0,1
1866,Nickel,Three-Cent Nickel,P,0,1
1904,Penny,Indian Head Cent,,0,1
1940,Half Dollar,Walking Liberty Half Dollar,,0,1
1990,Dollar,American Eagle,,0,1
2023,Morgan Silver Dollar,Proof,,0,1
1991,Dollar,American Eagle,,0,1
1970,Penny,Lincoln Cent Series,S,0,1
1974,Quarter,Washington Silver Quarter,,0,1
2024,Roosevelt Dime,Unknown,D,0,1
1921,Half Dollar,Liberty Walking Half Dollar,P,0,1
1958,Roosevelt Dime,Roosevelt Dime,P,0,1
1969,Kennedy Half Dollar,Kennedy Half Dollar Series,D,0,1
1913,Penny,Lincoln Wheat Cent Series,S,0,1
1872,Unknown,Unknown,,0,1
1940,Nickel,Jefferson Nickel,,0,1
1895,Dime,Barber Series,S,0,1
2023,Quarter,US Women's Quarters,P,0,2
2014,Kennedy Half Dollar,Kennedy Half Dollar Series,S,0,1
1928,Penny,Lincoln Wheat Cent Series,,0,2
1948,Penny,Lincoln Wheat Cent Series,,0,1
1934,Half Dollar,Liberty Walking Half Dollar,P,0,1
1978,Kennedy Half Dollar,Kennedy Half Dollar,,0,1
1991,Dollar,American Eagle,S,0,1
1951,Penny,Lincoln Cent,D,0,1
1929,Penny,Lincoln Wheat Cent,,0,1
1927,Penny,Lincoln Head Penny,D,0,1
1870,Half Dollar,Liberty Seated,,0,1
1961,Quarter,Washington Quarter,,0,1
1977,Dollar,Eisenhower Dollar,S,0,2
1985,Kennedy Half Dollar,Kennedy Half Dollar Series,S,0,1
2010,Dollar,American Eagle,W,0,1
1915,$10,Indian Head Gold Eagle,,0,1
1923,Dime,Mercury Dime,,0,1
1886,Dime,Liberty Seated Silver Dime,,0,1
1917,Half Dollar,Liberty Walking Half Dollar,P,0,1
1879,Dollar,Morgan Silver Dollar,S,0,1
1900,$1,Morgan Silver Dollar,O & CC,0,2
1873,Unknown,Unknown,,0,1
1829,Capped Bust Half Dollar,Capped Bust Half Dollar,,0,1
1942,Roosevelt Dime,The World War II U.S. Coin Collection,S,0,1
1991,Dime,Roosevelt Dimes,P,0,1
1877,Quarter,Liberty Seated,S,0,1
2006,Kennedy Half Dollar,Kennedy Half Dollar Series,D,0,1
1863,Half Dollar,Liberty Seated,S,0,1
1910,Half Dollar,Barber,,0,1
1919,Half Dollar,Liberty Walking Half Dollar,D,0,1
1993,Kennedy Half Dollar,Kennedy Half Dollar,D,0,1
1977,Quarter,Washington Silver Quarter,S,0,1
1948,Quarter,Unknown,,0,1
1927,Penny,Lincoln Wheat Cent,,0,1
1999,Penny,Lincoln Memorial Cent,S,0,1
1938,Penny,Lincoln Cent Series,,0,1
2014,Dime,Roosevelt Dimes,S,0,2
1916,Penny,Lincoln Cent,D,0,1
1820,Capped Bust Silver Half Dollar,Capped Bust Half Dollar,,0,2
1948,Dime,Roosevelt Dimes,D,0,1
1894,Unknown,Unknown,,0,1
1887,Half Dollar,Liberty Walking Half Dollar,P,0,1
1954,Dime,Roosevelt Dimes,D,0,2
2024,Native American Dollar,Native American Dollar,P,0,1
2014,Penny,Lincoln Head Penny,,0,1
1973,Kennedy Half Dollar,Kennedy Half Dollar,,0,1
1993,Penny,Lincoln Head Penny,,0,1
2019,Dime,Roosevelt Dimes,S,0,1
1860,Quarter,Liberty Seated,,0,1
1960,Dime,Roosevelt Dimes,D,0,1
1911,Dime,Barber Series,Pending,0,1
1918,Penny,Lincoln Cent,,0,2
1960,Half Dollar,Franklin Half Dollar,D,0,1
2008,Dime,Roosevelt Dimes,P,0,1
1862,Dime,Liberty Seated Silver Dime,,0,1
2010,Dollar,American Eagle,,0,1
2019,1 Dollar,Native American Dollar,P,0,1
1987,Dime,Roosevelt Dimes,S,0,1
1921,$1,Morgan Dollar,,0,1
2012,$1,Presidential $1 Coins,D,0,1
1956,Nickel,Jefferson Nickel,,0,1
1939,Nickel,Jefferson Nickels,P,0,1
1929,Penny,Lincoln Cents,S,0,1
1915,Penny,Lincoln Wheat Cent Series,S,0,1
1977,Dime,Roosevelt Dimes,D,0,1
2016,Dime,Roosevelt Dimes,S,0,2
1880,Dollar,Morgan Silver Dollar,CC,0,1
1962,Cent,Lincoln Memorial Cent,,0,1
1902,Dime,Barber Series,Pending,0,1
1936,Half Dollar,Walking Liberty Half Dollar,D,0,1
1957,Dime,Roosevelt Dimes,,0,1
1994,Penny,Lincoln Cent,,0,1
1943,Nickel,Jefferson Nickel Series,P,0,1
1967,Penny,Lincoln Cent,,0,1
1960,Nickel,Jefferson Nickel,,0,2
1906,Nickel,Liberty Head Nickel,,0,1
1866,Half Dollar,Liberty Seated,,0,1
1833,Half Dime,Capped Bust,,0,1
1852,Large Cent,Braided Hair Large Cents,,0,1
2022,$1,Native American Dollar,D,0,1
1952,Penny,Lincoln Cent Series,S,0,1
1938,Penny,Lincoln Wheat Cent,,0,1
1999,Kennedy Half Dollar,Kennedy Half Dollar Series,D,0,1
1989,Kennedy Half Dollar,Kennedy Half Dollar,P,0,1
1927,1 Dime,Mercury Silver Dime,S,0,1
1861,Quarter,Liberty Seated,,0,1
2019,Quarter,America the Beautiful Quarters,D,0,1
2012,Dime,Roosevelt Dimes,P,0,1
2017,Dime,Roosevelt Dimes,S,0,2
1900,1 Dollar,Morgan Silver Dollars,P,0,1
1931,Nickel,Buffalo Nickel,,0,1
1962,Quarter,Washington Quarter,,0,1
1887,Dime,Liberty Seated Silver Dime,,0,1
1981,Quarter,Washington Silver Quarter,S,0,1
1893,Dollar,Morgan Silver Dollar,S,0,1
1948,Quarter,Washington Silver Quarter,,0,1
1922,Penny,Lincoln Cent,,0,1
2015,Penny,Lincoln Shield Cent,D,0,1
1944,Half Dollar,Liberty Walking Half Dollar,P,0,1
1976,Dime,Roosevelt Dimes,D,0,1
1934,Half Dollar,Walking Liberty Half Dollar,,0,1
2006,Half Dollar,Founding Father Commemorative,P,0,1
1939,Quarter,Washington Silver Quarter,,0,1
1970,Dime,Roosevelt Dimes,D,0,1
1853,Dime,Liberty Seated Silver Dime,,0,1
1922,Penny,Lincoln Wheat Cent Series,,0,2
1878,Unknown,Unknown,,0,1
1962,Penny,Lincoln Head Penny,D,0,1
2013,Dollar,American Eagle,W,0,2
1843,Quarter,Liberty Seated,O,0,1
1919,Half Dollar,Liberty Walking Half Dollar,S,0,1
1914,Penny,Lincoln Wheat Cent,S,0,1
2012,Kennedy Half Dollar,Kennedy Half Dollar Series,S,0,2
1991,Penny,Lincoln Cent,D,0,1
1978,Dollar,Eisenhower Dollar,D,0,2
1856,Nickel,Stars,,0,1
1960,Quarter,Washington Silver Quarter,D,0,1
2018,1 Dollar,American Innovation Dollars,S,0,1
1995,Dollar,American Eagle,P,0,1
1940,Penny,Lincoln Cent,S,0,1
1911,Dime,Barber Series,S,0,1
2013,Dime,Roosevelt Dimes,S,0,2
1987,Kennedy Half Dollar,Kennedy Half Dollar,S,0,1
1913,Half Dollar,Barber,,0,1
1925,Nickel,Buffalo Nickel,S,0,1
1997,Dollar,American Eagle,P,0,1
1909,Penny,Lincoln Head Penny,,0,3
2005,1 Dollar,Sacagawea Dollar,P,0,1
1992,Kennedy Half Dollar,Kennedy Half Dollar Series,S,0,1
1982,Kennedy Half Dollar,Kennedy Half Dollar,S,0,1
1936,Quarter,Washington Quarter,,0,1
1872,Nickel,Unknown,,0,1
1947,Nickel,Jefferson Nickel,,0,1
1873,Nickel,Unknown,,0,2
1977,Kennedy Half Dollar,Kennedy Half Dollar,,0,1
1860,Half Dollar,Liberty Seated,,0,1
1939,Penny,Lincoln Head Penny,S,0,1
2025,Dime,Roosevelt Dime,D,0,2
1949,Quarter,Washington Quarter,,0,2
1994,Quarter,Washington Silver Quarter,P,0,1
2016,Kennedy Half Dollar,Kennedy Half Dollar,D,0,1
1881,1 Dollar,Morgan Silver Dollars,P,0,1
1912,Half Dollar,Barber,D,0,1
1983,Kennedy Half Dollar,Kennedy Half Dollar,D,0,1
2016,Dollar,American Eagle Silver Dollar,,0,1
1917,Dime,Mercury Dime,D,0,1
1902,25 Cents,Barber Silver Quarters,O,0,1
1969,Quarter,Washington Silver Quarter,D,0,1
2023,American Silver Eagle Dollar,American Eagle Silver Dollar,,0,1
1898,Penny,Indian Head Cent,,0,1
1981,Quarter,Washington Silver Quarter,P,0,1
1942,Jefferson Nickel,The World War II U.S. Coin Collection,S,0,1
1928,Penny,Unknown,D,0,1
1897,25 Cents,Barber Silver Quarters,D,0,1
1974,1 Dollar,Eisenhower Dollar,,0,1
1958,Penny,Lincoln Memorial Cent,S,0,1
1915,Penny,Lincoln Head Penny,,0,1
1920,Penny,Lincoln Cent Series,D,0,1
1969,Quarter,Washington Silver Quarter,S,0,1
1916,Barber Silver Dimes,Barber Dimes,P,0,1
1938,Penny,Lincoln Head Penny,,0,1
2017,Penny,Lincoln Head Penny,D,0,1
1986,Penny,Lincoln Memorial Cent,S,0,1
1991,Quarter,Washington Silver Quarter,P,0,1
2021,$1,American Eagle Silver Dollar,,0,1
1907,Penny,Indian Head Cent,,0,1
1957,Penny,Lincoln Cent,,0,2
1875,Quarter,Liberty Seated,,0,1
1972,Quarter,Washington Silver Quarter,S,0,1
1973,Kennedy Half Dollar,Kennedy Half Dollar,D,0,1
1885,$1,Morgan Silver Dollar,CC,0,2
1875,Quarter,Liberty Seated,S,0,1
1984,Penny,Lincoln Cent Series,D,0,1
1824,Penny,Matron Head Large Cent,,0,1
1879,1 Dollar,Morgan Silver Dollars,P,0,1
1946,Quarter,Washington Silver Quarter,S,0,1
2016,Dime,Roosevelt Dimes,P,0,1
1937,Penny,Lincoln Cent Series,D,0,1
1995,Kennedy Half Dollar,Kennedy Half Dollar Series,D,0,1
1983,Dime,Roosevelt Dimes,D,0,1
1916,Penny,Lincoln Cent,,0,2
1876,Nickel,Shield Nickel,,0,1
1825,Half Cent,Classic Head,,0,1
1991,Kennedy Half Dollar,Kennedy Half Dollar Series,S,0,1
1979,Quarter,Washington Silver Quarter,D,0,1
1981,Dime,Roosevelt Dimes,D,0,1
1892,Half Dollar,Barber,O,0,1
1944,Penny,Lincoln Head Penny,S,0,1
1974,Quarter,Washington Silver Quarter,D,0,1
1842,Half Dollar,Liberty Seated,,0,2
2002,Kennedy Half Dollar,Kennedy Half Dollar Series,P,0,1
2020,Dime,Roosevelt Dimes,P,0,1
1984,Kennedy Half Dollar,Kennedy Half Dollar Series,D,0,1
1970,Penny,Lincoln Head Penny,,0,1
1917,Dime,Mercury Dime,S,0,2
1939,Quarter,Washington Quarter,,0,1
1948,Dime,Roosevelt Dimes,S,0,1
1941,Penny,Lincoln Wheat Cent Series,,0,1
2018,Kennedy Half Dollar,Kennedy Half Dollar Series,D,0,2
2000,1 Dollar,Sacagawea Dollar,P,0,1
2007,Kennedy Half Dollar,Kennedy Half Dollar,S,0,1
1942,Penny,Lincoln Wheat Cent Series,,0,1
1814,Capped Bust Silver Half Dollar,Capped Bust Half Dollar,,0,1
1982,Penny,Lincoln Cent Series,,0,1
2024,Dollar,U.S. Innovation Dollar,D,0,3
1945,Penny,Lincoln Wheat Cent Series,,0,1
1847,Quarter,Liberty Seated,,0,1
1981,Quarter,Washington Silver Quarter,D,0,1
1964,Dime,Roosevelt Dime,,0,2
1940,Penny,Lincoln Cent,D,0,1
2009,Dollar,American Eagle,,0,1
1924,Penny,Lincoln Wheat Cent Series,,0,2
1974,Dollar,Unknown,S,0,1
1948,Quarter,Washington Quarter,,0,1
2015,Dime,Roosevelt Dimes,D,0,1
1972,Dime,Roosevelt Dimes,S,0,1
1844,Dime,Liberty Seated Silver Dime,,0,1
1906,25 Cents,Barber Silver Quarters,O,0,1
1899,Half Dollar,Barber,S,0,1
1937,Quarter,Washington Quarter,,0,1
1947,Quarter,Washington Silver Quarter,S,0,1
1964,Roosevelt Dime,Unknown,,0,1
1986,Dime,Roosevelt Dimes,D,0,1
1939,Quarter,Washington Silver Quarter,D,0,1
2001,Kennedy Half Dollar,Kennedy Half Dollar,S,0,1
1974,Dollar,Eisenhower Dollar,,0,2
1908,Dime,Barber Series,Pending,0,1
1985,1 Dollar,Morgan Silver Dollars,S,0,1
1909,Half Dollar,Barber,,0,1
1999,Penny,Lincoln Head Penny,,0,1
1996,Kennedy Half Dollar,Kennedy Half Dollar,D,0,1
1899,1 Dollar,Morgan Silver Dollars,S,0,1
1912,$5,Indian Head Gold Half Eagle,,0,1
1904,Barber Silver Dimes,Barber Dimes,P,0,1
1906,Half Dollar,Barber,O,0,1
1914,Barber Silver Dime,Unknown,D,0,1
1924,Dollar,Peace Dollar,,0,2
1986,Quarter,Washington Silver Quarter,S,0,1
2018,1 Dollar,Native American Dollar,P,0,1
1949,Roosevelt Dime,Roosevelt Dime,,0,1
1950,Nickel,Jefferson Nickel Series,P,0,1
2019,Kennedy Half Dollar,Kennedy Half Dollar Series,D,0,1
1920,Roosevelt Dime,Mercury Dime,D,0,1
1913,25 Cents,Barber Silver Quarters,D,0,1
1938,Penny,Lincoln Cent Series,D,0,1
1935,Penny,Lincoln Cent Series,S,0,1
1916,25 Cents,Barber Silver Quarters,D,0,1
1869,Nickel,Shield Nickel,,0,1
1899,Dollar,Morgan Silver Dollar,D,0,1
1913,Penny,Lincoln Head Penny,D,0,1
1903,$5,Indian Head Gold Half Eagle,,0,1
1898,1 Dollar,Morgan Silver Dollars,O,0,1
1941,Half Dollar,Liberty Walking Half Dollar,P,0,1
1894,1 Dollar,Morgan Silver Dollars,S,0,1
1984,Dime,Roosevelt Dimes,P,0,1
1872,Half Dollar,Liberty Seated,S,0,1
1881,$1,Morgan Silver Dollar,CC,0,1
1889,Half Dollar,Liberty Walking Half Dollar,P,0,1
1991,Kennedy Half Dollar,Kennedy Half Dollar Series,D,0,1
1860,1 Cent,Indian Head Cent,,0,2
1926,$2.5,US Commemorative Gold Coinage,,0,1
1967,Dime,Roosevelt Dimes,,0,1
1983,Penny,Lincoln Cent,D,0,1
1912,25 Cents,Barber Silver Quarters,S,0,1
1963,Quarter,Washington Quarter,,0,1
1954,Cent,Lincoln Wheat Cent,,0,1
1907,Nickel,Liberty Head Nickel,,0,1
1858,Nickel,Stars,O,0,1
1916,Dime,Barber Series,S,0,1
1912,Nickel,Liberty Head Nickel,D,0,1
1925,Dollar,Peace Dollar,,0,2
1909-1958,Lincoln Cent,Lincoln Wheat Cent,,0,1
1921,Dime,Mercury Dime,,0,1
1905,Barber Silver Dimes,Barber Dimes,S,0,1
1940,Nickel,Jefferson Nickel Series,S,0,1
1928,Quarter,Standing Liberty Silver Quarter,D,0,1
2017,Native American Dollar,Native American Dollar Series,P,0,1
1915,Dime,Barber Series,Pending,0,1
2009,1 Dollar,Native American Dollar,S,0,1
1916,Dime,Mercury Dime,,0,1
1975,Kennedy Half Dollar,Kennedy Half Dollar,S,0,1
1879,1 Dollar,Morgan Silver Dollars,O,0,1
1896,1 Dollar,Morgan Silver Dollars,S,0,1
2002,Dime,Roosevelt Dimes,P,0,1
1995,Washington Quarter,Unknown,S,0,2
1837,Capped Bust Silver Dime,Capped Bust,,0,1
1954,Penny,Lincoln Head Cent,S,0,1
1853,Half Dollar,Liberty Seated,O,0,1
1927,Penny,Lincoln Cent,D,0,1
1929,Half Dollar,Walking Liberty Half Dollar,D,0,1
1939,Half Dollar,Walking Liberty Half Dollar,S,0,1
2002,Kennedy Half Dollar,Kennedy Half Dollar,S,0,1
1955,50 Cent,Franklin Half Dollar,P,0,1
1924,Nickel,Buffalo Nickel,S,0,1
2002,1 Dollar,Sacagawea Dollar,D,0,1
2015,American Silver Eagle Dollar,American Eagle Silver Dollar,,0,1
1976,Penny,Lincoln Cent,S,0,1
1951,Half Dollar,Franklin Half Dollar,D,0,2
2008,Penny,Lincoln Cent Series,S,0,1
1892,Dollar,Morgan Silver Dollar,S,0,1
1895,Dollar,Morgan Silver Dollar,S,0,1
1949,Quarter,Washington Silver Quarter,,0,1
Multiple,Multiple,Morgan Silver Dollar Set,,0,1
1919,Half Dollar,Liberty Walking Half Dollar,P,0,1
1908,Unknown,Unknown,S,0,1
1887,Quarter,Washington Silver Quarter,P,0,1
1989,Penny,Lincoln Cent Series,,0,1
2010,Kennedy Half Dollar,Kennedy Half Dollar,S,0,1
1950,Penny,Lincoln Cent,,0,2
1918,Half Dollar,Liberty Walking Half Dollar,S,0,1
2017,1 Dollar,Native American Dollar,P,0,1
1966,Penny,Lincoln Cent,,0,1
1982,Dime,Roosevelt Dime,S,0,1
1988,Dime,Roosevelt Dimes,P,0,1
2003,1 Dollar,Sacagawea Dollar,P,0,1
1985,Quarter,Washington Silver Quarter,P,0,1
2001,Penny,Lincoln Cent Series,,0,1
2020,Dime,Roosevelt Dimes,S,0,1
1994,Penny,Lincoln Cent,D,0,1
1942,Half Dollar,Liberty Walking Half Dollar,S,0,1
1951,Cent,Lincoln Wheat Cent,,0,1
1929,Penny,Lincoln Head Cent,S,0,1
1917,Roosevelt Dime,Mercury Dime,S,0,1
1875,Half Dollar,Liberty Seated,,0,1
1940,Penny,Lincoln Wheat Cent,,0,1
1959,Nickel,Jefferson Nickel Series,P,0,1
1893,Unknown,Unknown,,0,1
1883,$1,Morgan Dollar Series,CC,0,1
1913,Penny,Lincoln Wheat Cent,S,0,1
1946,Quarter,Washington Quarter,,0,1
1929,Quarter,Standing Liberty Quarter,,0,1
1938,Penny,Lincoln Wheat Cent Series,,0,2
1974,Dime,Roosevelt Dimes,D,0,1
1954,Penny,Lincoln Wheat Cent Series,,0,1
1847,Large Cent,Braided Hair Large Cents,,0,1
1899,1 Dollar,Morgan Silver Dollars,P,0,1
1943,1 Cent,PDS Reprocessed Steel Cents,,0,1
1923,Peace Dollar,Unknown,S,0,1
1878,$1,Morgan Silver Dollar Set,Multiple,0,1
1966,Quarter,Washington Silver Quarter,,0,1
1862,Nickel,Unknown,,0,1
1956,Penny,Lincoln Wheat Cent,,0,1
1918,Penny,Lincoln Wheat Cent Series,,0,2
1892,25 Cents,Barber Silver Quarters,,0,1
1978,Kennedy Half Dollar,Kennedy Half Dollar,S,0,1
1867,Half Dollar,Liberty Seated,,0,1
1992,Dime,Roosevelt Dimes,D,0,1
2012,Penny,Lincoln Cent Series,D,0,1
1857,Half Dollar,Liberty Seated,,0,1
1975,Penny,Lincoln Cent Series,S,0,1
1906,Dime,Barber Series,D,0,1
1902,1 Dollar,Morgan Silver Dollars,O,0,1
1854,Large Cent,Braided Hair Large Cents,,0,1
1983,Kennedy Half Dollar,Kennedy Half Dollar,S,0,1
1894,Half Dollar,Barber,O,0,1
1912,Penny,Lincoln Wheat Cent,S,0,1
1964,Half Dollar,Kennedy Half Dollar,,0,1
1903,Barber Silver Dimes,Barber Dimes,O,0,1
1875,Dime,Liberty Seated Silver Dime,CC,0,1
2000,Kennedy Half Dollar,Kennedy Half Dollar,D,0,1
1962,Half Dollar,Franklin Half Dollar,,0,3
2019,1 Dollar,Native American Dollar,D,0,1
2010,Penny,Lincoln Head Penny,,0,1
1927,Penny,Lincoln Cent Series,S,0,1
1976,Quarter,Washington Quarter,D,0,1
1825,Half Dollar,Capped Bust,,0,1
1915,Penny,Lincoln Wheat Cent,S,0,1
1932,Penny,Lincoln Cent,D,0,2
1854,Half Dollar,Liberty Seated,O,0,1
2023,Lincoln Cent,Unknown,S,0,1
1907,Half Dollar,Barber,S,0,1
1883,Dime,Liberty Seated Silver Dime,,0,1
1992,Kennedy Half Dollar,Kennedy Half Dollar Series,D,0,1
2007,1 Dollar,Sacagawea Dollar,P,0,1
1855,Half Dollar,Liberty Seated,,0,1
1994,Dollar,American Eagle,P,0,1
1856,Quarter,Liberty Seated,,0,1
1819,Half Dollar,Capped Bust Half Dollar,,0,1
1898,Barber Silver Dimes,Barber Dimes,P,0,1
1986,Dime,Roosevelt Dimes,P,0,1
1989,Quarter,Washington Silver Quarter,P,0,1
1949,Dime,Roosevelt Dimes,D,0,1
Unknown,Dollar,Peace Dollar,,0,1
1952,Quarter,Washington Quarter,,0,1
1932,Penny,Lincoln Wheat Cent Series,,0,2
1949,Nickel,Jefferson Nickel Series,D,0,1
1957,Dime,Roosevelt Dime,,0,1
2004,1 Dollar,Sacagawea Dollar,D,0,1
1942,Jefferson Nickel,Wartime,P,0,1
2005,Dime,Roosevelt Dimes,D,0,1
1899,Half Dollar,Barber,O,0,1
1971,Kennedy Half Dollar,Kennedy Half Dollar,S,0,1
1943,Dime,Winged Liberty Head,,0,1
1879,Half Dollar,Liberty Walking Half Dollar,P,0,1
1919,Penny,Lincoln Cent,,0,2
2024,Washington Quarter,American Women Quarters Program,,0,1
1937,Penny,Lincoln Wheat Cent Series,,0,2
Unknown,Dime,Historic U.S. Silver Coins,D,0,1
1961,Penny,Lincoln Head Penny,,0,2
1899,Cent,Indian Head Cent,,0,1
1954,Dime,Roosevelt Dimes,S,0,1
1915,Half Dollar,Barber,,0,1
2003,Roosevelt Dime,Roosevelt Dime,P,0,1
1920,Half Dollar,Liberty Walking Half Dollar,P,0,1
1948,Nickel,Jefferson Nickel,,0,1
2003,Kennedy Half Dollar,Kennedy Half Dollar Series,P,0,1
2015,Kennedy Half Dollar,Kennedy Half Dollar,P,0,1
1977,Quarter,Washington Silver Quarter,D,0,1
2005,Dollar,American Eagle,,0,1
2023,Peace Dollar,Modern Peace Dollar,,0,1
1971,Penny,Lincoln Head Penny,S,0,1
1912,Penny,Lincoln Head Penny,,0,1
1990,Quarter,Washington Silver Quarter,S,0,1
2008,1 Dollar,Sacagawea Dollar,P,0,1
1940,Penny,Lincoln Cent Series,,0,1
1942,Quarter,Washington Silver Quarter,D,0,1
1855,Large Cent,Braided Hair Large Cents,,0,1
1939,Dime,Mercury Dime,S,0,2
1946,Nickel,Jefferson Nickel,,0,1
1956,Nickel,Jefferson Nickel Series,P,0,1
2015-2024,Roosevelt Dime,Roosevelt Dime Set,P/D,0,1
1858,Nickel,Stars,,0,1
1978,Dollar,Eisenhower Dollar,,0,2
1903,Barber Silver Dimes,Barber Dimes,P,0,1
1983,Quarter,Washington Silver Quarter,S,0,1
2005,Penny,Lincoln Cent,D,0,1
1837,Half Dime,Capped Bust,,0,1
1895,Barber Silver Dimes,Barber Dimes,S,0,1
1934,Cent,Lincoln Wheat Cent,,0,1
1909,25 Cents,Barber Silver Quarters,O,0,1
2013,1 Dollar,Native American Dollar,D,0,1
1924,Quarter,Standing Liberty Silver Quarter,,0,1
1942,Nickel,Jefferson Nickel Series,P,0,2
1878,1 Dollar,Morgan Silver Dollars,P,0,1
1956,Dime,Roosevelt Dimes,D,0,2
1989,Dime,Roosevelt Dimes,P,0,1
1914,25 Cents,Barber Silver Quarters,S,0,1
1969,Dime,Roosevelt Dimes,S,0,1
1992,Penny,Lincoln Cent,S,0,1
2025,Washington Quarter,American Women Quarters Program,P,0,1
2024,Kennedy Half Dollar,Kennedy Half Dollar,D,0,1
1977,Kennedy Half Dollar,Kennedy Half Dollar Series,S,0,1
2001,Roosevelt Dime,Unknown,P,0,1
2002,Penny,Lincoln Cent,D,0,1
1942,Half Dollar,Liberty Walking Half Dollar,D,0,1
1885,Dollar,Morgan Silver Dollar,CC,0,1
1911,Penny,Lincoln Cent Series,,0,1
1920,Penny,Lincoln Cent,S,0,1
1877,Half Dollar,Liberty Seated,S,0,1
1877,Quarter,Liberty Seated,,0,1
1990,Penny,Lincoln Cent,,0,1
1942,Coin Set,Birth Year Coin and Silver Commemorative Set,,0,1
1997,Penny,Lincoln Cent Series,D,0,1
1955,Dime,Roosevelt Dime,,0,1
1958,Dime,Mercury Dime,,0,1
1820,Capped Bust Silver Dime,Capped Bust Dime,,0,1
1947,Half Dollar,Liberty Walking Half Dollar,D,0,1
2019,Quarter,America the Beautiful Quarters,PDS,0,1
1976,Dollar,U.S. Bicentennial,D,0,2
1983,Penny,Lincoln Memorial Cent,,0,1
1989,Penny,Lincoln Cent,,0,1
1863,Nickel,Unknown,,0,1
1890,Dollar,Morgan Silver Dollar,,0,1
1887,Dime,Liberty Seated Silver Dime,S,0,1
1919,Roosevelt Dime,Mercury Dime,,0,1
1945,Penny,Lincoln Head Cent,S,0,1
1945,Penny,Lincoln Wheat Cent,,0,1
2019,Dime,Roosevelt Dimes,P,0,1
1915,25 Cents,Barber Silver Quarters,D,0,1
1946,Quarter,State and Territory Quarters,,0,1
1950,Penny,Lincoln Wheat Cent,,0,1
1927,Dime,Mercury Dime,,0,1
2005,Penny,Lincoln Cent,S,0,1
1923,Nickel,Unknown,,0,1
1933,Penny,Lincoln Wheat Cent,,0,1
1976,Kennedy Half Dollar,Kennedy Half Dollar Series,D,0,1
1813,Capped Bust Silver Half Dollar,Capped Bust Half Dollar,,0,1
1936,Penny,Lincoln Wheat Cent,,0,1
1912,Penny,Lincoln Cent Series,D,0,1
1899,Barber Silver Dimes,Barber Dimes,P,0,1
1994,Dime,Roosevelt Dimes,D,0,1
2001,1 Dollar,Sacagawea Dollar,S,0,1
1870,Nickel,Unknown,,0,1
1963,Dime,Roosevelt Dime Series,D,0,1
1889,$1,Morgan Silver Dollar,Multiple,0,1
2004,Penny,Lincoln Cent,S,0,1
1976,Kennedy Half Dollar,Kennedy Half Dollar Series,,0,1
2013,Kennedy Half Dollar,Kennedy Half Dollar Series,P,0,1
2009,Dime,Roosevelt Dimes,S,0,1
2008,Dollar,American Eagle,,0,1
1993,Dime,Roosevelt Dime,D,0,1
1876,Dime,Liberty Seated Dime,CC,0,1
1862,Half Dollar,Liberty Seated,S,0,1
1878,Dollar,Morgan Dollar,S,0,1
1837,Penny,Coronet Head Large Cent,,0,1
1977,Penny,Lincoln Cent Series,,0,1
1924,Dollar,Peace Dollar,S,0,1
Unknown,$25,American Gold Eagle,,0,1
1946,Half Dollar,Liberty Walking Half Dollar,S,0,1
1824,Roosevelt Dime,Capped Bust Dime,,0,1
1957,Cent,Lincoln Wheat Cent,,0,1
1883,$1.0,Morgan Dollar Series,,0,1
2014,1 Dollar,Native American Dollar,D,0,1
2010,$1,Presidential Dollars,D,0,2
2015,1 Dollar,Native American Dollar,P,0,1
1946,Half Dollar,Walking Liberty Half Dollar,,0,1
1812,Capped Bust Silver Half Dollar,Capped Bust Half Dollar,,0,1
1914,Penny,Lincoln Head Cent,,0,1
1973,Penny,Lincoln Cent,D,0,1
1951,Quarter,Washington Silver Quarter,S,0,1
1931,Penny,Lincoln Head Penny,S,0,1
2009,1 Dollar,Native American Dollar,P,0,1
1932,Penny,Lincoln Cent Series,,0,1
2021,Kennedy Half Dollar,Kennedy Half Dollar Series,S,0,1
1818,Capped Bust Silver Quarter,Unknown,,0,1
1975,Penny,Lincoln Cent,D,0,1
2010,Quarter,National Park Quarters,P,0,2
1911,Penny,Lincoln Wheat Cent Series,,0,2
1992,Quarter,Washington Silver Quarter,D,0,1
1936,Dime,Mercury Dime,,0,2
1900,1 Dollar,Morgan Dollar,S,0,1
2010,1 Dollar,Native American $1 Coin,D,0,1
2013,$1,Presidential $1 Coin,D,0,1
1963,Penny,Lincoln Cent,D,0,1
1938,Quarter,Washington Silver Quarter,,0,1
1970,Penny,Lincoln Cent,D,0,1
1989,Kennedy Half Dollar,Kennedy Half Dollar Series,S,0,1
1980,Quarter,Washington Silver Quarter,P,0,1
2010,Kennedy Half Dollar,Kennedy Half Dollar Series,S,0,1
1972,Penny,Lincoln Head Penny,D,0,1
2002,Penny,Lincoln Head Penny,D,0,1
1944,Dime,Mercury Dime,S,0,1
1905,$10,Indian Head Gold Eagle,S,0,1
1833,Capped Bust Silver Half Dollar,Capped Bust Half Dollar,,0,1
2012,Dollar,American Eagle,W,0,2
1948,Dime,Roosevelt Dime,,0,1
1907,Dime,Barber Series,Pending,0,1
1924,Penny,Lincoln Cent Series,,0,1
1894,1 CENT,Indian Head Cents,P,0,1
1912,Dime,Barber Series,D,0,1
1944,Dime,Mercury Dime,,0,2
1939,Half Dollar,Liberty Walking Half Dollar,D,0,1
1930,Penny,Lincoln Cent,,0,1
1943,Nickel,Jefferson Wartime Nickel,P,0,1
1883,1 Dollar,Morgan Silver Dollars,S,0,1
1955,Nickel,Jefferson Nickel,,0,1
1911,25 Cents,Barber Silver Quarters,D,0,1
1938,Penny,Lincoln Head Penny,S,0,1
1983,Quarter,Washington Silver Quarter,D,0,1
2021,Quarter,National Park Quarters,S,0,2
1979,Dime,Roosevelt Dimes,D,0,1
1971,Penny,Lincoln Cent Series,D,0,1
1936,Half Dollar,Liberty Walking Half Dollar,P,0,1
1945,Quarter,Washington Silver Quarter,,0,1
2007,Penny,Lincoln Cent Series,,0,1
1925,Penny,Lincoln Head Penny,D,0,1
1880,$5,Liberty Head Half Eagle,,0,1
2009,$1,Presidential Dollars,P,0,3
2014,Dime,Roosevelt Dimes,D,0,1
1984,Penny,Lincoln Head Penny,,0,1
1884,1 Dollar,Morgan Silver Dollars,CC,0,1
1959,Penny,Lincoln Cent,D,0,1
1853,Quarter,Liberty Seated,O,0,1
2000,Penny,Lincoln Cent,,0,1
1985,Quarter,Washington Silver Quarter,D,0,1
1891,Liberty Seated Silver Dime,Liberty Seated,S,0,1
1941,Penny,Lincoln Wheat Cent,,0,1
1937,Nickel,Buffalo Nickel Series,,0,1
1973,Dime,Roosevelt Dimes,D,0,1
2014,Penny,Lincoln Head Penny,S,0,1
1916,Penny,Lincoln Cent,S,0,1
1922,Penny,Lincoln Wheat Cent,,0,1
2007,Penny,Lincoln Cent,D,0,1
2006,Penny,Lincoln Cent,D,0,1
1917,Half Dollar,Liberty Walking Half Dollar,D,0,1
1846,Half Dollar,Liberty Seated,,0,1
1952,Dime,Roosevelt Dime,,0,1
1915,Half Dollar,Barber,S,0,1
1988,Dollar,American Eagle,S,0,1
1913,Half Dollar,Barber,D,0,1
2003,Nickel,Jefferson Nickel,,0,1
1998,Kennedy Half Dollar,Kennedy Half Dollar,D,0,1
1852,Nickel,Stars,,0,1
2013,1 Dollar,Native American Dollar,P,0,1
2000,Dime,Roosevelt Dimes,D,0,1
2008,Kennedy Half Dollar,Kennedy Half Dollar,D,0,1
1969,Penny,Lincoln Head Penny,,0,1
1936,Quarter,Unknown,,0,1
2014,1 Dollar,Native American Dollar,S,0,1
1998,Kennedy Half Dollar,Kennedy Half Dollar Series,P,0,1
1956,Roosevelt Dime,Roosevelt Dime,P,0,1
1955,Dime,Roosevelt Dimes,S,0,1
1934,Dime,Mercury Dime,,0,2
1947,Quarter,Washington Silver Quarter,,0,1
1875,Half Dollar,Liberty Seated,CC,0,1
2022,1 Dollar,Native American Dollar,S,0,1
1945,Quarter,Washington Silver Quarter,S,0,1
1902,Barber Silver Dimes,Barber Dimes,P,0,1
2009,Kennedy Half Dollar,Kennedy Half Dollar,S,0,1
1935,Penny,Lincoln Head Penny,D,0,1
1885,Dollar,Morgan Dollar,,0,1
1890,1 Dollar,Morgan Dollar,P,0,1
1906,Dime,Barber Series,Pending,0,1
1893,Half Dollar,Barber,S,0,1
2010,Half Dollar,Kennedy Half Dollar,P,0,1
2009,1 Dollar,Sacagawea Dollar,P,0,1
1953,Quarter,Washington Quarter,S,0,1
1831,Capped Bust Silver Dime,Capped Bust Dime,,0,1
1902,Half Dollar,Barber,S,0,1
1839,Quarter,Liberty Seated,,0,1
1990,Kennedy Half Dollar,Kennedy Half Dollar Series,D,0,1
2018,US Coin Set,Jamul Indian Coin Set,,0,1
1927,Nickel,Buffalo Nickel,D,0,1
1983,Quarter,Washington Silver Quarter,P,0,1
2003,Penny,Lincoln Head Penny,D,0,1
1983,Dime,Roosevelt Dimes,P,0,1
1900,Barber Silver Dimes,Barber Dimes,P,0,1
1951,Dime,Roosevelt Dimes,D,0,1
1951,Quarter,Washington Silver Quarter,,0,2
1836,Capped Bust Silver Quarter,Unknown,,0,1
1913,Penny,Lincoln Cent Series,D,0,1
1954,Penny,Lincoln Wheat Cent,,0,1
2025,1 Quarter,American Women Quarters Program,P,0,1
2023,Kennedy Half Dollar,Unknown,P,0,1
1881,Dollar,Morgan Dollar,S,0,1
1980,Susan B. Anthony Dollar,Susan B. Anthony Dollar,,0,1
1842,Nickel,Unknown,O,0,1
1822,Capped Bust Silver Half Dollar,Capped Bust Half Dollar,,0,1
2003,Kennedy Half Dollar,Kennedy Half Dollar,D,0,1
1962,Dime,Roosevelt Dime Series,D,0,1
1891,Dime,Liberty Seated Silver Dime,O,0,1
1954,Nickel,Unknown,,0,1
1928,Dime,Mercury Dime,,0,1
1950,Nickel,Jefferson Nickel,,0,1
1924,1 Dime,Mercury Silver Dime,D,0,1
1883,Nickel,Liberty Head Nickel,,0,1
1940,Half Dollar,Liberty Walking Half Dollar,P,0,1
1968,Penny,Lincoln Cent Series,,0,1
1988,Quarter,Washington Silver Quarter,P,0,1
1992,Dollar,American Eagle,S,0,1
1943,Walking Liberty Half Dollar,Walking Liberty Half Dollar,,0,1
1909,Penny,Lincoln Wheat Cent,,0,1
1932,Quarter,Washington Silver Quarter,D,0,1
1942,Quarter,Washington Silver Quarter,S,0,1
2021,Dollar,American Eagle,,0,1
1908,Barber Silver Dimes,Barber Dimes,P,0,1
1901,Dollar,Morgan Silver Dollar,,0,1
2019,$1,Silver Eagles Signed by Tom Cleveland,W,0,1
1975,Nickel,The U.S. Nickel Collection,,0,1
1888,Dollar,Morgan Silver Dollar,O,0,1
1892,1 Dollar,Morgan Silver Dollar,P,0,1
1950,Penny,Lincoln Head Penny,D,0,1
1908,Half Dollar,Barber,D,0,1
2011,Dime,Roosevelt Dimes,P,0,1
2020,Nickel,Jefferson Nickel Series,W,0,1
1999-2010,Quarter,Washington Silver Quarter,,0,1
1972,Dime,Roosevelt Dimes,,0,1
1944,Penny,Lincoln Cent,S,0,1
1950,Dime,Roosevelt Dimes,,0,1
1933,Penny,Lincoln Cent Series,,0,1
1891,Dollar,Morgan Silver Dollar,,0,1
1818,Capped Bust Silver Half Dollar,Capped Bust Half Dollar,,0,1
1884,Liberty Seated Dime,Liberty Seated,S,0,1
1940,Quarter,Washington Quarter,,0,1
1894,Half Dollar,Barber,,0,1
1973,Quarter,Washington Silver Quarter,,0,1
2011,Dollar,American Eagle 25th Anniversary Set,,0,1
1889,1 Dollar,Morgan Silver Dollars,P,0,1
1989,$50,American Gold Eagle,W,0,1
2024,Quarter,American Women Quarters Program,D,0,2
1963,Franklin Silver Half Dollar,Unknown,D,0,1
1945,Half Dollar,Walking Liberty Half Dollar,D,0,1
1986,Penny,Lincoln Cent,D,0,1
1952,Penny,Lincoln Head Penny,,0,1
1991,Penny,Lincoln Cent,S,0,1
1968,Quarter,Washington Silver Quarter,D,0,1
1999,Susan B. Anthony Dollar,Susan B. Anthony Dollar,P,0,1
1901,1 Dollar,Morgan Silver Dollars,O,0,1
1930,Penny,Lincoln Head Penny,,0,2
1859,Nickel,Stars,,0,1
1970,Quarter,Washington Quarter,D,0,1
1947,Dime,Roosevelt Dime,S,0,1
1888,Unknown,Unknown,,0,1
1974,Dime,Roosevelt Dime,,0,1
1896,1 Dollar,Morgan Dollar,P,0,1
1944,Penny,Lincoln Cent,,0,2
1853,Half Dollar,Liberty Seated,,0,1
1970,Dime,Roosevelt Dimes,S,0,1
1986,Kennedy Half Dollar,Kennedy Half Dollar,S,0,1
1906,Barber Silver Dimes,Barber Dimes,D,0,1
1856,Half Dollar,Liberty Seated,,0,1
2013,Penny,Lincoln Cent Series,S,0,1
2021,1 Dollar,American Innovation Dollars,P,0,1
2002,1 Dollar,Sacagawea Dollar,S,0,1
1844,Quarter,Liberty Seated,O,0,1
1916,Penny,Lincoln Head Penny,D,0,1
2018,Dollar,American Eagle,,0,1
1973,Penny,Lincoln Cent Series,,0,1
1902,Cent,Indian Head Cent,,0,1
1995,Kennedy Half Dollar,Kennedy Half Dollar Series,P,0,1
2020,Dollar,American Eagle,W,0,1
1928,Mercury Dime,Unknown,S,0,1
1896,25 Cents,Barber Silver Quarters,S,0,1
2013,Kennedy Half Dollar,Kennedy Half Dollar Series,D,0,1
2004,Kennedy Half Dollar,Kennedy Half Dollar Series,S,0,1
1991,Dime,Roosevelt Dimes,S,0,1
1909,25 Cents,Barber Silver Quarters,S,0,1
1854,Half Dollar,Liberty Seated,,0,1
1943,Quarter,Washington Silver Quarter,D,0,1
2003,Penny,Lincoln Head Penny,,0,1
1913,25 Cents,Barber Silver Quarters,S,0,1
1946,Quarter,Unknown,,0,1
1868,Unknown,Unknown,,0,1
1925,Quarter,Standing Liberty Silver Quarter,,0,1
2006,Kennedy Half Dollar,Kennedy Half Dollar,,0,1
1996,Penny,Lincoln Cent,S,0,1
2024,Quarter,American Women Quarters,S,0,1
1990,Roosevelt Dime,Roosevelt Dime,D,0,1
1909,Penny,Lincoln Cent Series,S,0,1
1897,Barber Dime,Barber Dime,P,0,1
1933,Penny,Lincoln Cent,D,0,1
1875,Dime,Liberty Seated Dime,,0,1
2003,Penny,Lincoln Cent,S,0,1
2016,1 Dollar,Native American Dollar,D,0,1
1963,Dime,Roosevelt Dime,D,0,1
1899,Half Dollar,Barber,,0,1
2023,Dime,Roosevelt Dimes,P,0,1
2022,Kennedy Half Dollar,Kennedy Half Dollar Series,P,0,1
1896,Half Dollar,Barber,,0,1
1896,Half Dollar,Barber,O,0,1
1986,Kennedy Half Dollar,Kennedy Half Dollar Series,P,0,1
2000,Dime,Roosevelt Dimes,P,0,1
1888,Quarter,Liberty Seated,S,0,1
1931,Dime,Mercury Dime,S,0,1
1929,Half Dollar,Liberty Walking Half Dollar,S,0,1
1996,Penny,Lincoln Cent Series,,0,1
1943,Penny,Lincoln Head Penny,,0,1
2023,Quarter,US Women's Quarters,D,0,1
1987,Penny,Lincoln Cent,D,0,1
1891,Dollar,Morgan Silver Dollar,O,0,1
1908,25 Cents,Barber Silver Quarters,,0,1
1811,Capped Bust Silver Half Dollar,Capped Bust Half Dollar,,0,1
1994,Quarter,Washington Silver Quarter,D,0,1
1857,Quarter,Liberty Seated,,0,1
1977,Quarter,Washington Silver Quarter,,0,1
1987,Penny,Lincoln Cent,S,0,1
1840,Nickel,Stars No Drapery,,0,1
1921,Penny,Lincoln Head Penny,S,0,1
1892,Half Dollar,Barber,,0,1
1855,Half Dollar,Liberty Seated,O,0,1
1946,Cent,Lincoln Wheat Cent,,0,1
1915,25 Cents,Barber Silver Quarters,S,0,1
2007,Kennedy Half Dollar,Kennedy Half Dollar Series,S,0,1
1979,Roosevelt Dime,Roosevelt Dime,S,0,1
1993,Quarter,Washington Silver Quarter,P,0,1
1943,Cent,Lincoln Cent,S,0,1
multiple,1 cent,Wheat Cents,,0,1
1982,Kennedy Half Dollar,Kennedy Half Dollar,D,0,1
1914,Penny,Lincoln Wheat Cent,,0,1
1879,Unknown,Unknown,,0,1
2006,Dollar,American Eagle,,0,1
1971,Penny,Lincoln Cent Series,S,0,1
1891,Quarter,Liberty Seated,S,0,1
2002,1 Dollar,Sacagawea Dollar,P,0,1
1993,Dollar,American Eagle,P,0,1
1944,Half Dollar,Walking Liberty Half Dollar,D,0,1
1924,1 Dime,Mercury Silver Dime,S,0,1
1911,Penny,Lincoln Wheat Cent Series,S,0,1
1823,Capped Bust Silver Half Dollar,Capped Bust Half Dollar,,0,1
1954,Quarter,Washington Quarter,,0,1
1939,Penny,Lincoln Wheat Cent,,0,1
2019,Penny,Lincoln Head Penny,W,0,1
1854,Dime,Liberty Seated Silver Dime,O,0,1
1936,Penny,Lincoln Head Cent,S,0,1
2012,1 Dollar,Native American Dollar,S,0,1
1934,Penny,Lincoln Head Penny,D,0,1
1997,Quarter,Washington Silver Quarter,D,0,1
1943,Half Dollar,Walking Liberty Half Dollar,,0,1
1945,Half Dollar,Liberty Walking Half Dollar,P,0,1
1959,Half Dollar,Franklin Half Dollar,,0,1
2008,Kennedy Half Dollar,Kennedy Half Dollar,S,0,1
1908,Barber Silver Dimes,Barber Dimes,D,0,1
1853,Nickel,Stars,,0,1
1964,Roosevelt Dime,Unknown,D,0,1
1998,Penny,Lincoln Cent,S,0,1
2003,1 Dollar,Sacagawea Dollar,D,0,1
1925,Penny,Lincoln Cent,,0,2
1995,Penny,Lincoln Cent,,0,1
1981,Susan B. Anthony Dollar,Susan B. Anthony Dollar,P,0,1
1920,Quarter,Standing Liberty Silver Quarter,,0,1
2071,Dime,Roosevelt Dimes,S,0,1
1956,Penny,Lincoln Head Penny,,0,1
1981,Kennedy Half Dollar,Kennedy Half Dollar Series,D,0,1
1892,25 Cents,Barber Silver Quarters,S,0,1
1976,Kennedy Half Dollar,Kennedy Half Dollar Series,S,0,1
1904,Dollar,Morgan Silver Dollar,,0,1
2015,1 Dollar,Native American Dollar,S,0,1
1988,Dime,Roosevelt Dimes,S,0,1
1881,1 Dollar,Morgan Silver Dollars,O,0,1
1962,Nickel,Jefferson Nickel,,0,1
1946,Penny,Lincoln Wheat Cent,,0,1
1880,$1.0,Morgan Silver Dollar,CC,0,1
1918,Penny,Lincoln Cent Series,S,0,1
2009,Kennedy Half Dollar,Kennedy Half Dollar Series,D,0,1
1931,Dime,Mercury Dime,,0,2
1910,Penny,Lincoln Wheat Cent,,0,1
1920,Penny,Lincoln Cent,,0,1
2021,American Silver Eagle Dollar,American Eagle Silver Dollar,W,0,1
1893,Half Dollar,Barber,O,0,1
1893,25 Cents,Barber Silver Quarters,O,0,1
1972,1 Dollar,Eisenhower Dollar,,0,1
1865,Unknown,Unknown,,0,1
1908,25 Cents,Barber Silver Quarters,O,0,1
2004,Penny,Lincoln Head Penny,,0,1
1913,Barber Silver Dimes,Barber Dimes,S,0,1
1896,Half Dollar,Liberty Seated,S,0,1
1908,Cent,Indian Head Cent,,0,1
1980,Dime,Roosevelt Dimes,D,0,1
1921,Half Dollar,Walking Liberty Half Dollar,,0,1
1952,Dime,Roosevelt Dimes,,0,1
1900,25 Cents,Barber Silver Quarters,O,0,1
1957,Nickel,Jefferson Nickel Series,P,0,1
1934,Quarter,Washington Quarter,,0,1
1992,Dime,Roosevelt Dimes,P,0,1
1929,Penny,Lincoln Cent,,0,1
1968,Lincoln Cent,Unknown,S,0,1
2018,Dime,Roosevelt Dimes,P,0,1
2014,Dollar,American Eagle,,0,1
2002,Penny,Lincoln Cent,S,0,1
1914,Barber Silver Dimes,Barber Dimes,P,0,1
1903,Dollar,Morgan Silver Dollar,O,0,1
1910,Dime,Barber Series,Pending,0,1
1919,Penny,Lincoln Head Penny,,0,1
1994,Dollar,American Eagle,,0,1
1997,Dime,Roosevelt Dimes,D,0,1
1921,Half Dollar,Barber,S,0,1
2002,Dollar,American Eagle,,0,1
1973,Quarter,Washington Silver Quarter,S,0,1
1974,1 Dollar,Eisenhower Dollar,D,0,1
2008,Dime,Roosevelt Dime,D,0,1
1945,Nickel,Jefferson Nickel,D,0,1
1859,Quarter,Liberty Seated,,0,1
1919,Quarter,Standing Liberty Silver Quarter,D,0,1
1987,Dollar,American Eagle,S,0,1
1911,Barber Silver Dimes,Barber Dimes,S,0,1
1883,1 Dollar,Morgan Silver Dollars,P,0,1
1928,Half Dollar,Liberty Walking Half Dollar,S,0,1
1978,Kennedy Half Dollar,Kennedy Half Dollar,D,0,1
2006,Kennedy Half Dollar,Kennedy Half Dollar Series,P,0,1
1924,Penny,Lincoln Head Cent,,0,1
1988,Penny,Lincoln Head Penny,,0,1
1937,Penny,Lincoln Head Penny,,0,1
1950,Quarter,Washington Quarter,,0,1
1996,Dollar,American Eagle,,0,1
1943,Penny,Lincoln Wheat Cent,,0,1
1907,25 Cents,Barber Silver Quarters,D,0,1
1929,Quarter,Standing Liberty Silver Quarter,D,0,1
1926,Quarter,Standing Liberty Silver Quarter,,0,1
1954,Penny,Lincoln Cent,D,0,1
1948,Half Dollar,Walking Liberty Half Dollar,O,0,1
1899,Dollar,Morgan Silver Dollar,O,0,1
1929,Penny,Unknown,D,0,1
1955,Penny,Lincoln Head Penny,,0,1
1832,Capped Bust Silver Quarter,Unknown,,0,1
1986,Kennedy Half Dollar,Kennedy Half Dollar,D,0,1
1984,Kennedy Half Dollar,Kennedy Half Dollar,O,0,1
1996,Dime,Roosevelt Dimes,P,0,1
1993,Dollar,American Eagle,,0,1
2013,Dollar,American Eagle,,0,1
1963,Penny,Lincoln Memorial Cent,,0,1
2009,Kennedy Half Dollar,Kennedy Half Dollar Series,P,0,1
1917,Quarter,Standing Liberty Silver Quarter (Type 1),D,0,1
1938,Quarter,Washington Quarter,,0,1
2016,Kennedy Half Dollar,Kennedy Half Dollar,P,0,1
1888,Dollar,Morgan Dollar,S,0,1
1882,1 Dollar,Morgan Dollar,S,0,1
1902,25 Cents,Barber Quarters,S,0,1
1950,Nickel,Unknown,D,0,1
1927,Dollar,Peace Dollar,,0,1
2006,Kennedy Half Dollar,Kennedy Half Dollar,S,0,1
1885,Morgan Silver Dollar,Morgan Dollar,O,0,1
1978,Dollar,Unknown,,0,1
1944,Dime,Mercury Dime,D,0,1
1907,Dime,Barber Series,O,0,1
1947,Dime,Mercury Dime,D,0,1
1838,Dime,Liberty Seated Silver Dime,O,0,1
1990,Dollar,American Eagle,S,0,1
1936,Half Dollar,Walking Liberty Half Dollar,,0,1
1957,Half Dollar,Franklin Half Dollar,D,0,2
1928,Penny,Lincoln Head Cent,D,0,1
2009,Penny,Lincoln Bicentennial Cent,,0,1
1954,Dime,Mercury Dime,D,0,1
1859,1 Cent,Indian Head Cent,,0,1
1916,Half Dollar,Liberty Walking Half Dollar,P,0,1
1991,Quarter,Washington Silver Quarter,D,0,1
1998,Dime,Roosevelt Dimes,P,0,1
1943,Cent,Lincoln Cent,P,0,1
1993,Quarter,Washington Silver Quarter,S,0,1
1994,Kennedy Half Dollar,Kennedy Half Dollar,D,0,1
1969,Penny,Lincoln Head Penny,S,0,1
1963,Dime,Roosevelt Dimes,,0,1
1956,Penny,Lincoln Cent,D,0,1
2005,Dime,Roosevelt Dimes,P,0,1
1893,$5,Liberty Head Half Eagle,,0,1
2025,Roosevelt Dime,Roosevelt Dime,S,0,1
1977,1 Dollar,Eisenhower Dollar,S,0,1
1912,Barber Silver Dime,Unknown,D,0,1
1935,Quarter,Washington Silver Quarter,S,0,1
1918,Quarter,Standing Liberty Quarter,,0,1
1929,Quarter,Standing Liberty Quarter,S,0,1
2022,Dime,Roosevelt Dime,S,0,1
1946,Quarter,Washington Quarter,D,0,1
1832,Half Dollar,Capped Bust Half Dollar,,0,2
1996,Kennedy Half Dollar,Kennedy Half Dollar Series,S,0,1
2004,Penny,Lincoln Cent Series,D,0,1
1837,Quarter,Liberty Seated,,0,1
2015,Kennedy Half Dollar,Kennedy Half Dollar,D,0,2
1845,Nickel,Stars,,0,1
2020,1 Dollar,Native American Dollar,P,0,1
1903,Dime,Barber Series,Pending,0,1
2017,Dime,Roosevelt Dimes,P,0,1
1840,Quarter,Liberty Seated,O,0,1
1904,Half Dollar,Barber,S,0,1
1897,Dollar,Morgan Silver Dollar,,0,1
1947,Penny,Lincoln Wheat Cent Series,,0,1
1946,Half Dollar,Liberty Walking Half Dollar,P,0,1
1910,Penny,Lincoln Cent,,0,1
1986,Quarter,Washington Silver Quarter,P,0,1
2005,Penny,Lincoln Cent,,0,1
1970,Kennedy Half Dollar,Kennedy Half Dollar,S,0,1
1899,25 Cents,Barber Silver Quarters,,0,1
1958,Penny,Lincoln Head Cent,,0,1
1918,Half Dollar,Liberty Walking Half Dollar,D,0,1
1982,Penny,Lincoln Cent Series,D,0,1
1857,Flying Eagle cent,Flying Eagle Cent,,0,1
1858,Quarter,Liberty Seated,,0,1
2009,Nickel,Jefferson Nickel Series,S,0,1
1975,Penny,Lincoln Head Penny,S,0,1
1935,Nickel,Buffalo Nickel,S,0,1
1978,Penny,Lincoln Cent,S,0,1
2007,Penny,Lincoln Cent,S,0,1
2024,American Silver Eagle,American Eagle Silver Dollar,,0,1
1902,1 Dollar,Morgan Dollar,S,0,1
1922,Dollar,Peace Dollar,D,0,1
1957,Quarter,Unknown,,0,1
1996,Kennedy Half Dollar,Kennedy Half Dollar,S,0,1
2025,Washington Quarter,American Women Quarters Program,D,0,1
1939,Penny,Lincoln Head Penny,,0,1
1900,Cent,Indian Head Cent,,0,1
1955,Penny,Lincoln Wheat Cent Series,,0,1
1940,Penny,Lincoln Head Penny,,0,1
2021,Dime,Roosevelt Dimes,P,0,1
1939,Penny,Lincoln Head Cent,S,0,1
2011,Kennedy Half Dollar,Kennedy Half Dollar Series,P,0,1
1941,Penny,Lincoln Cent,D,0,1
1908,Nickel,Liberty Head Nickel,,0,1
2001,Kennedy Half Dollar,Kennedy Half Dollar Series,S,0,1
1920,Dime,Mercury Dime,S,0,1
1808,Half Dollar,Capped Bust,,0,1
1953,Quarter,Washington Silver Quarter,D,0,1
1905,Dime,Barber Series,O,0,1
1903,Half Dollar,Barber,O,0,1
1940,Dime,Mercury Dime,D,0,1
1847,Nickel,Stars,,0,1
1856,Dime,Liberty Seated Silver Dime,,0,2
1861,Seated Liberty Silver Half Dollar,Seated Liberty Half Dollar,S,0,1
Unknown,Unknown,The Celebrating America Coin Collection Shipment 21,,0,1
1899,Dime,Barber Series,Pending,0,1
1871,Unknown,Unknown,,0,1
1972,Quarter,Washington Silver Quarter,D,0,1
1916,Penny,Lincoln Wheat Cent,,0,1
1986,Dollar,American Eagle,,0,1
1858,Dime,Liberty Seated Silver Dime,O,0,1
1882,Dollar,Morgan Silver Dollar,CC,0,1
1926,Penny,Lincoln Cent Series,S,0,1
1969,Penny,Lincoln Head Penny,D,0,1
1973,Penny,Lincoln Head Penny,S,0,1
1993,Nickel,The U.S. Nickel Collection,,0,1
1985,Dime,Roosevelt Dimes,D,0,1
1947,Dime,Roosevelt Dime,,0,1
1930,Quarter,Standing Liberty Quarter,,0,1
2020,1 Dollar,Native American Dollar,D,0,1
1883,Nickel,Shield Nickel,,0,1
1939,Penny,Lincoln Cent,D,0,1
1807,Draped Bust Silver Quarter,Draped Bust Silver Quarter Series,,0,1
1946,Dime,Roosevelt Dimes,,0,1
1898,Cent,Indian Head Cent,,0,1
1909,25 Cents,Barber Silver Quarters,D,0,1
2021,1 Dollar,Native American Dollar,S,0,1
1910,Barber Silver Dime,Unknown,,0,1
2015,Dollar,American Eagle,,0,1
1952,Penny,Lincoln Wheat Cent,,0,1
1927,Quarter,Standing Liberty Silver Quarter,S,0,1
1944,Quarter,Washington Silver Quarter,S,0,1
1950,Penny,Lincoln Wheat Cent Series,,0,1
