priority,flag,coin_id,year,program,denomination,mint_mark,condition,cost,quantity,description,personal_notes,source_file,question_for_AJ
1,SET with Qty=12 — needs individual coin breakdown,7dcba4e6-d9d5-4698-a630-9c0adf868090,1890,,,,Average Circulated,$99.00,12,,"Set of 12 coins, with years ranging from 1890 to 1902. No sp",,
1,Year is a range '1968-98' — which specific year(s)?,0ae1daa6-c92a-4b2b-99c2-1c04bee4d227,1968-98,31 different US proof sets,,,ch proof 63,$599.00,1,31 different US proof sets,,miscellaneous purchases.xlsx,
1,Year is a range '2018-20' — which specific year(s)?,acdfa271-9d92-428f-8625-8d7d2adf08ac,2018-20,41 Native American quarters and folder,,,circulated,$196.00,1,41 Native American quarters and folder,,miscellaneous purchases.xlsx,
1,Year is a range '1916-1920' — which specific year(s)?,537b08c8-95c6-4311-9599-fbd96fe5f16c,1916-1920,5 Different Mint Weat Cents,,,,$56.95,1,5 Different Mint Weat Cents,,miscellaneous purchases.xlsx,
1,Possible CURRENCY — should be in currency collection,cfb0ba60-51eb-43f5-8f11-9d0b9dacef5a,,50 bank notes from 50 countries with chart,,,average circ,$49.95,1,50 bank notes from 50 countries with chart,,miscellaneous purchases.xlsx,
1,Possible CURRENCY — should be in currency collection,c28a6782-8c53-412c-9476-e8eb680c8b2a,1895,Barber Dimes,Barber Silver Dimes,S,About Fine,$230.00,1,,Notes,,
1,Possible CURRENCY — should be in currency collection,bde99794-e59a-41c6-b430-d987464f0c62,1898,Barber Dimes,Barber Silver Dimes,P,Good,$24.95,1,,Notes,,
1,Possible CURRENCY — should be in currency collection,c7c7096a-eb14-4f64-abdb-c8854de0d9a8,1899,Barber Dimes,Barber Silver Dimes,P,Good,$24.95,1,,Notes,,
1,Possible CURRENCY — should be in currency collection,d67189aa-a629-4b5b-a3ec-199d9ab4f705,1900,Barber Dimes,Barber Silver Dimes,P,Good,$23.95,1,,Notes,,
1,Possible CURRENCY — should be in currency collection,4af893e6-e25a-4f52-9d60-97745fde37c5,1901,Barber Dimes,Barber Silver Dimes,P,Good,$23.95,1,,Notes,,
1,Possible CURRENCY — should be in currency collection,d4905817-9fc5-4673-97bf-85ea3e2d3b29,1902,Barber Dimes,Barber Silver Dimes,P,Good,$23.50,1,,Notes,,
1,Possible CURRENCY — should be in currency collection,bb4d74f8-f3d3-43f7-a5ac-706caaf7615e,1903,Barber Dimes,Barber Silver Dimes,O,Good,$26.95,1,,Notes,,
1,Possible CURRENCY — should be in currency collection,c1de1b69-92fa-4f62-acb2-eed771751b03,1903,Barber Dimes,Barber Silver Dimes,P,Very Good,$28.50,1,,Notes,,
1,Possible CURRENCY — should be in currency collection,ae4185bb-0bd8-4a24-93d2-09c5528f6c11,1904,Barber Dimes,Barber Silver Dimes,P,Average Circulated,$22.50,1,,Notes,,
1,Possible CURRENCY — should be in currency collection,0d06f0d9-0c05-488e-b02e-49e8f213d3a2,1905,Barber Dimes,Dime,O,Average Circulated,$24.50,1,,Notes,,
1,Possible CURRENCY — should be in currency collection,46ae04d6-ece2-4009-a901-e3f72a6eeea8,1905,Barber Dimes,Barber Silver Dimes,P,Proof-63,$925.00,1,,Notes,,
1,Possible CURRENCY — should be in currency collection,b29e3734-1142-4765-b0bd-31a85865e9a3,1905,Barber Dimes,Barber Silver Dimes,S,Average Circulated,$22.50,1,,Notes,,
1,Possible CURRENCY — should be in currency collection,d3c04415-fbfa-48cf-a184-e8e1c51ea153,1905,Barber Dimes,Barber Silver Dimes,P,Good,$23.95,1,,Notes,,
1,Possible CURRENCY — should be in currency collection,77a005b6-2b89-489d-9995-d085a24512d8,1906,Barber Dimes,Barber Silver Dimes,P,Very Good,$26.95,1,,Notes,,
1,Possible CURRENCY — should be in currency collection,ddb214f0-c93a-4c62-bd88-e841df64e8d5,1906,Barber Dimes,Barber Silver Dimes,D,Average Circulated,$21.75,1,,Notes,,
1,Possible CURRENCY — should be in currency collection,094a1155-bafe-4a8d-8a9c-b0238b8cd6c3,1907,Barber Dimes,Barber Silver Dimes,O,Average Circulated,$24.50,1,,Notes,,
1,Possible CURRENCY — should be in currency collection,321139d1-3f1f-4202-8116-be3cadf01f6d,1907,Barber Dimes,Barber Silver Dimes,P,Good,$22.95,1,,Notes,,
1,Possible CURRENCY — should be in currency collection,d9174e4b-b73b-4a2e-ac44-c9a0abc55ec0,1908,Barber Dimes,Barber Silver Dimes,P,Very Good,$26.95,1,,Notes,,
1,Possible CURRENCY — should be in currency collection,e8736fe8-20ff-4313-a6f8-240580b16a9f,1908,Barber Dimes,Barber Silver Dimes,D,Very Good,$26.95,1,,Notes,,
1,Possible CURRENCY — should be in currency collection,24c4cb97-aacd-42f2-8ec9-edcee04f6013,1909,Barber Dimes,Dime,P,Very Good,$26.95,1,,Notes,,
1,Possible CURRENCY — should be in currency collection,6be4f6df-c090-4e06-b972-f74ba1c11975,1910,Barber Dimes,Dime,D,Fine,$26.50,1,,Notes,,
1,Possible CURRENCY — should be in currency collection,733a8c33-66d7-49bc-871d-42ae6b469f50,1910,Barber Dimes,Barber Silver Dimes,P,Very Good,$26.95,1,,Notes,,
1,Possible CURRENCY — should be in currency collection,09b67b4f-28ec-4c2f-ad22-e0a2d0c0b89f,1911,Barber Dimes,Barber Silver Dimes,P,Good,$16.00,1,,Notes,,
1,Possible CURRENCY — should be in currency collection,3beb3978-b129-49d9-95e9-f085ba5f4122,1911,Barber Dimes,Barber Silver Dimes,D,Very Good,$18.00,1,,Notes,,
1,Possible CURRENCY — should be in currency collection,8a42c290-5d18-44b1-8581-64faaa2de24b,1911,Barber Dimes,Dime,D,,$0.00,1,,Notes,,
1,Possible CURRENCY — should be in currency collection,f0196f02-8321-4db8-b136-36624f366c11,1911,Barber Dimes,Barber Silver Dimes,S,Good,$24.50,1,,Notes,,
1,Possible CURRENCY — should be in currency collection,025d67c8-4c84-4db5-baa4-d7a8e7fafc64,1912,Barber Dimes,Barber Silver Dimes,D,Good,$16.00,1,,Notes,,
1,Possible CURRENCY — should be in currency collection,22f7b0bd-bbab-4659-b240-75d9f8c2156e,1912,Barber Dimes,Barber Silver Dimes,P,Very Good,$17.00,1,,Notes,,
1,Possible CURRENCY — should be in currency collection,2c68f0d4-86af-42d1-862e-9907fe01a488,1912,Barber Dimes,Dime,S,Good,$22.95,1,,Notes,,
1,Possible CURRENCY — should be in currency collection,dd525b4e-3c3c-4662-9f89-2e0a6441b27c,1912,Barber Dimes,Barber Silver Dimes,P,Average Circulated,$19.00,1,,Notes,,
1,Possible CURRENCY — should be in currency collection,2cb78b7e-871f-439e-bbc6-09d41790ab5b,1913,Barber Dimes,Barber Silver Dimes,P,Very Good,$14.95,1,,Notes,,
1,Possible CURRENCY — should be in currency collection,ecd7c033-f1ec-4c33-8c97-8019612b984a,1913,Barber Dimes,Barber Silver Dimes,S,Fine,$267.00,1,,Notes,,
1,Possible CURRENCY — should be in currency collection,37757e3c-42d8-411a-aeed-6615db5a9f84,1914,Barber Dimes,Barber Silver Dimes,D,Very Good,$26.95,1,,Notes,,
1,Possible CURRENCY — should be in currency collection,740a3560-421e-45ea-a580-2cba2aaad907,1914,Barber Dimes,Barber Silver Dimes,S,Very Good,$27.95,1,,Notes,,
1,Possible CURRENCY — should be in currency collection,ee95f948-9d05-4d20-b767-925f6606683e,1914,Barber Dimes,Barber Silver Dimes,P,Fine,$28.95,1,,Notes,,
1,Possible CURRENCY — should be in currency collection,0c9fc9c8-139f-4bf0-855f-b4c82aa796a5,1915,Barber Dimes,Dime,P,Very Good,$26.95,1,,Notes,,
1,Possible CURRENCY — should be in currency collection,7a3827d0-27e0-4245-a3a1-94558f59f067,1915,Barber Dimes,Barber Silver Dimes,S,Very Good,$46.95,1,,Notes,,
1,Possible CURRENCY — should be in currency collection,0cfab2fa-0247-4da2-bc64-f2c801675b7f,1916,Barber Dimes,Dime,S,Good,$22.95,1,,Notes,,
1,Possible CURRENCY — should be in currency collection,a5986126-b11d-4884-8b7b-4d97d6a54d3e,1916,Barber Dimes,Barber Silver Dimes,P,Fine,$28.95,1,,Notes,,
1,Possible CURRENCY — should be in currency collection,216a48f3-cf16-4e8a-98d4-820c45e6f93f,Pending,Barber Series,Dime,Pending,Fine,$235.00,1,,Variety noted (specific type not detailed).,,
1,Year is a range '11914-16' — which specific year(s)?,ed7ca15b-e10b-4f6a-bdc4-2e3ab23c394b,11914-16,Buffalo Nickel 3 coin mint set,,,average circ,points,1,Buffalo Nickel 3 coin mint set,,miscellaneous purchases.xlsx,
1,SET with Qty=2 — needs individual coin breakdown,d160cd11-15a8-48b3-8d3e-32c6326f920e,1937,Buffalo Nickel Series,Nickel,,Very Fine,$0.00,2,,,gs://studio-9101802118-8c9a8-uploads/invoices/e28d8a64-fa39-489b-b0c3-d356c132b097_1769970708_Scan_20260128 (13).pdf,
1,Year is a range '2018-20' — which specific year(s)?,ac023324-941d-4407-9ba6-823f7cf84f94,2018-20,Complete 50 Native American Quarters and folder,,,uncirculated,$259.00,1,Complete 50 Native American Quarters and folder,,miscellaneous purchases.xlsx,
1,Year is a range '1971-78' — which specific year(s)?,4583bee5-e188-46f6-bec7-991df646c3b2,1971-78,Eisenhower Dollar set 16 coins with lbum,,,unc Proog 63,points,1,Eisenhower Dollar set 16 coins with lbum,,miscellaneous purchases.xlsx,
1,Possible CURRENCY — should be in currency collection,c88df2f6-830f-4246-8dea-db43d5c47c42,,George Washimgtom Coin Note and stamp set,,,,$29.95,1,George Washimgtom Coin Note and stamp set,,miscellaneous purchases.xlsx,
1,SET with Qty=5 — needs individual coin breakdown,4ee8b016-5897-44a7-aef8-c549cc88cd98,1897,Indian Head Cent,Penny,,Average Circulated,$42.50,5,,Set of 5 Indian Head Cents with years ranging from 1897-1907,,
1,SET with Qty=12 — needs individual coin breakdown,7c55bbbc-56b3-466f-be78-c7169272c46f,1897,Indian Head Cent,Penny,,Good,$99.00,12,,"Indian Head Cent Set with album, 12 coins, covering years 18",,
1,Year is a range '1964-2012' — which specific year(s)?,47ac9913-3be2-4934-88f0-c9e88e48a010,1964-2012,Kennedy 50 cent year set  48 coins including 2005 coin,,,MS60,$450.00,1,Kennedy 50 cent year set  48 coins including 2005 coin,,miscellaneous purchases.xlsx,
1,Possible CURRENCY — should be in currency collection,83368242-b01f-48ca-a15f-39f9d7000615,1864,Kennedy Half Dollar,Kennedy Half Dollar,,Proof-63 Cameo,$42.95,1,,Notes,,
1,Possible CURRENCY — should be in currency collection,3bdb6eb5-bb5e-41bd-a4fd-67d39e6fd76b,1964,Kennedy Half Dollar,Kennedy Half Dollar,,Uncirculated,$38.50,1,,Notes,,
1,Possible CURRENCY — should be in currency collection,61646bdd-f232-4600-ae29-c8509e64c30a,1968,Kennedy Half Dollar,Kennedy Half Dollar,S,Proof-63 Cameo,$23.50,1,,Notes,,
1,Possible CURRENCY — should be in currency collection,595279c1-d8fa-40fa-9587-07479daa8911,1969,Kennedy Half Dollar,Kennedy Half Dollar,S,Proof-63 Cameo,$22.95,1,,Notes,,
1,Possible CURRENCY — should be in currency collection,098160b4-4aa6-44ee-9300-8832098e8d1a,1970,Kennedy Half Dollar,Kennedy Half Dollar,D,Uncirculated,$43.95,1,,Notes,,
1,Possible CURRENCY — should be in currency collection,f92adfad-da58-469c-a3e4-6fa0a662af74,1970,Kennedy Half Dollar,Kennedy Half Dollar,S,Proof-63 Cameo,$25.00,1,,Notes,,
1,Possible CURRENCY — should be in currency collection,bfd58d2b-a748-4884-b72a-e096f4e2e2da,1971,Kennedy Half Dollar,Kennedy Half Dollar,S,Proof-63 Cameo,$9.75,1,,Notes,,
1,Possible CURRENCY — should be in currency collection,4198d208-a2dd-4ac7-a69e-025dc3857289,1972,Kennedy Half Dollar,Kennedy Half Dollar,S,Proof-63 Cameo,$11.00,1,,Notes,,
1,Possible CURRENCY — should be in currency collection,7e8eec0c-c520-4c64-ba80-735ad8925cbe,1972,Kennedy Half Dollar,Kennedy Half Dollar,,Uncirculated,$6.50,1,,Notes,,
1,Possible CURRENCY — should be in currency collection,9882135d-1823-4ed3-aa8e-90f1e857f0b4,1973,Kennedy Half Dollar,Kennedy Half Dollar,,Uncirculated,$6.50,1,,Notes,,
1,Possible CURRENCY — should be in currency collection,a6bb9331-11eb-420e-98a8-adac945f14d7,1973,Kennedy Half Dollar,Kennedy Half Dollar,D,Uncirculated,$4.50,1,,Notes,,
1,Possible CURRENCY — should be in currency collection,236a963d-50c6-4c09-bd2b-63fda33c072a,1974,Kennedy Half Dollar,Kennedy Half Dollar,D,Uncirculated,$4.95,1,,Notes,,
1,Possible CURRENCY — should be in currency collection,76839cf3-a9f4-405a-926f-cdb8e1ca164b,1974,Kennedy Half Dollar,Kennedy Half Dollar,S,Proof-63 Cameo,$6.95,1,,Notes,,
1,Possible CURRENCY — should be in currency collection,b33aa09e-8e58-41c4-984a-622f297cb604,1975,Kennedy Half Dollar,Kennedy Half Dollar,S,Proof-63 Cameo,$8.95,1,,Notes,,
1,Possible CURRENCY — should be in currency collection,6ba9abfa-f3d2-4965-85f9-fc9d44612e8e,1976,Kennedy Half Dollar,Kennedy Half Dollar,S,Uncirculated,$17.50,1,,Notes,,
1,Possible CURRENCY — should be in currency collection,a1f431c3-57ff-42d8-b84b-acb22e48917f,1977,Kennedy Half Dollar,Kennedy Half Dollar,,Uncirculated,$5.25,1,,Notes,,
1,Possible CURRENCY — should be in currency collection,939ec0ee-633e-4ae9-9d46-f3b610ce0615,1978,Kennedy Half Dollar,Kennedy Half Dollar,,Uncirculated,$7.75,1,,Notes,,
1,Possible CURRENCY — should be in currency collection,b9d43be8-f541-4833-afdd-ec8a6a589e1c,1978,Kennedy Half Dollar,Kennedy Half Dollar,S,Proof-63 Cameo,$6.95,1,,Notes,,
1,Possible CURRENCY — should be in currency collection,f06fd46f-869a-4fe2-bd00-9c5ef5de5bd7,1978,Kennedy Half Dollar,Kennedy Half Dollar,D,Uncirculated,$9.95,1,,Notes,,
1,Possible CURRENCY — should be in currency collection,042783eb-301e-429f-9982-e9f5d4bc3688,1979,Kennedy Half Dollar,Kennedy Half Dollar,,Uncirculated,$4.75,1,,Notes,,
1,Possible CURRENCY — should be in currency collection,04954a65-0be9-46a8-a115-5e33e72adf3a,1980,Kennedy Half Dollar,Kennedy Half Dollar,S,Proof-63 Cameo,$6.95,1,,Notes,,
1,Possible CURRENCY — should be in currency collection,150a2445-dc2b-4f08-b595-122f4203866c,1980,Kennedy Half Dollar,Kennedy Half Dollar,D,Uncirculated,$4.50,1,,Notes,,
1,Possible CURRENCY — should be in currency collection,0351a721-1c56-4157-8070-5932da0ae16b,1982,Kennedy Half Dollar,Kennedy Half Dollar,P,Uncirculated,$25.75,1,,Notes,,
1,Possible CURRENCY — should be in currency collection,a18cbcc2-258b-4ad6-b4f9-3135b6384684,1982,Kennedy Half Dollar,Kennedy Half Dollar,S,Proof-63 Cameo,$7.50,1,,Notes,,
1,Possible CURRENCY — should be in currency collection,e5ccd297-b5b9-40f3-abb2-79149ee1c3b5,1982,Kennedy Half Dollar,Kennedy Half Dollar,D,Uncirculated,$19.50,1,,Notes,,
1,Possible CURRENCY — should be in currency collection,65006940-bc73-4ffe-b7ca-9254ae7b9f00,1983,Kennedy Half Dollar,Kennedy Half Dollar,P,Uncirculated,$16.50,1,,Notes,,
1,Possible CURRENCY — should be in currency collection,a357f6d1-7487-499e-8630-d359184c4ee4,1983,Kennedy Half Dollar,Kennedy Half Dollar,D,Uncirculated,$19.75,1,,Notes,,
1,Possible CURRENCY — should be in currency collection,baa64fe4-4fd8-4db0-8381-d92e40a7933e,1983,Kennedy Half Dollar,Kennedy Half Dollar,S,Proof-63 Cameo,$9.75,1,,Notes,,
1,Possible CURRENCY — should be in currency collection,353f7e79-5f5e-4881-8f9b-2d9f8d96a4ea,1984,Kennedy Half Dollar,Kennedy Half Dollar,S,Proof-63 Cameo,$15.50,1,,Notes,,
1,Possible CURRENCY — should be in currency collection,f29c140a-2ec6-4505-ac46-9f469c80f2e1,1984,Kennedy Half Dollar,Kennedy Half Dollar,O,Uncirculated,$5.95,1,,Notes,,
1,Possible CURRENCY — should be in currency collection,dd481c39-5cdb-42b6-8fa7-3a1db4f279de,1986,Kennedy Half Dollar,Kennedy Half Dollar,S,Proof-63 Cameo,$13.95,1,,Notes,,
1,Possible CURRENCY — should be in currency collection,f23610ab-40cb-4fe8-bdeb-8545a0ac4f63,1986,Kennedy Half Dollar,Kennedy Half Dollar,D,Uncirculated,$15.50,1,,Notes,,
1,Possible CURRENCY — should be in currency collection,491b3864-3319-432a-812b-ebe3aed3c2ec,1987,Kennedy Half Dollar,Kennedy Half Dollar,P,Uncirculated,$10.95,1,,Notes,,
1,Possible CURRENCY — should be in currency collection,a0f912a9-27bf-40dd-a9d6-afcfb2cd843c,1987,Kennedy Half Dollar,Kennedy Half Dollar,S,Proof-63 Cameo,$9.50,1,,Notes,,
1,Possible CURRENCY — should be in currency collection,59172075-8df1-4301-a14e-6d020fff15e2,1988,Kennedy Half Dollar,Kennedy Half Dollar,P,Uncirculated,$12.95,1,,Notes,,
1,Possible CURRENCY — should be in currency collection,1752bdce-5b01-45e7-aa2e-a7cb51d79bb0,1989,Kennedy Half Dollar,Kennedy Half Dollar,D,Uncirculated,$5.95,1,,Notes,,
1,Possible CURRENCY — should be in currency collection,9c917a21-ab9f-4b36-8baa-cc9afe671101,1989,Kennedy Half Dollar,Kennedy Half Dollar,P,Uncirculated,$7.95,1,,Notes,,
1,Possible CURRENCY — should be in currency collection,3ca085d9-dfde-4881-bb76-c88d0087d959,1990,Kennedy Half Dollar,Kennedy Half Dollar,P,Uncirculated,$6.95,1,,Notes,,
1,Possible CURRENCY — should be in currency collection,680e7262-26c2-4028-b19a-090e1692ffb4,1991,Kennedy Half Dollar,Kennedy Half Dollar,P,Uncirculated,$8.50,1,,Notes,,
1,Possible CURRENCY — should be in currency collection,3b74bc80-80c2-462a-b9a5-d0f40acec985,1992,Kennedy Half Dollar,Kennedy Half Dollar,S,Proof-63 Cameo,$48.50,1,,Notes,,
1,Possible CURRENCY — should be in currency collection,08b08f44-5f9c-4232-8dca-43cc930e1646,1993,Kennedy Half Dollar,Kennedy Half Dollar,S,Proof-63 Cameo,$58.50,1,,Notes,,
1,Possible CURRENCY — should be in currency collection,97141782-34b3-4ecf-bd76-37a8d4e4c9d8,1993,Kennedy Half Dollar,Kennedy Half Dollar,D,Uncirculated,$4.95,1,,Notes,,
1,Possible CURRENCY — should be in currency collection,4d9525fd-bce7-4d90-9ea1-ceaf1ce6cb72,1994,Kennedy Half Dollar,Kennedy Half Dollar,S,Proof-63 Cameo,$65.00,1,,Notes,,
1,Possible CURRENCY — should be in currency collection,f568babf-7f08-4342-a455-d47e29e87ad2,1994,Kennedy Half Dollar,Kennedy Half Dollar,D,Uncirculated,$4.50,1,,Notes,,
1,Possible CURRENCY — should be in currency collection,35d67a7b-87ec-4791-8ab9-b4c73947ca17,1995,Kennedy Half Dollar,Kennedy Half Dollar,S,Proof-63 Cameo,$53.50,1,,Notes,,
1,Possible CURRENCY — should be in currency collection,adef800d-48b4-43c4-82a2-7b9273471da1,1996,Kennedy Half Dollar,Kennedy Half Dollar,D,Uncirculated,$5.95,1,,Notes,,
1,Possible CURRENCY — should be in currency collection,fac01f18-9ec0-4bbc-b437-07796ca45df5,1996,Kennedy Half Dollar,Kennedy Half Dollar,S,Proof-63 Cameo,$25.00,1,,Notes,,
1,Possible CURRENCY — should be in currency collection,770e81a0-e3f8-4864-b962-2942941a80a4,1997,Kennedy Half Dollar,Kennedy Half Dollar,S,Proof-63 Cameo,$56.50,1,,Notes,,
1,Possible CURRENCY — should be in currency collection,1f4f85cb-9d67-402d-9949-c5c8af0bf8d3,1998,Kennedy Half Dollar,Kennedy Half Dollar,S,Proof-63 Cameo,$34.50,1,,Notes,,
1,Possible CURRENCY — should be in currency collection,d2f978e3-3418-45d7-b01e-7322aa376b6d,1998,Kennedy Half Dollar,Kennedy Half Dollar,D,Uncirculated,$6.95,1,,Notes,,
1,Possible CURRENCY — should be in currency collection,3c38c571-25ee-4b37-ad3c-9b113c3cf618,1999,Kennedy Half Dollar,Kennedy Half Dollar,S,Proof-63 Cameo,$78.00,1,,Notes,,
1,Possible CURRENCY — should be in currency collection,39520341-c049-4558-a7dd-60ae0d5b78a0,2000,Kennedy Half Dollar,Kennedy Half Dollar,S,Proof-63 Cameo,$8.75,1,,Notes,,
1,Possible CURRENCY — should be in currency collection,bb810877-b233-49be-abd4-2a41310dbb95,2000,Kennedy Half Dollar,Kennedy Half Dollar,D,Uncirculated,$8.95,1,,Notes,,
1,Possible CURRENCY — should be in currency collection,ad479072-d76a-43b3-9aac-d37f35b2020f,2001,Kennedy Half Dollar,Kennedy Half Dollar,S,Proof-63 Cameo,$56.00,1,,Notes,,
1,Possible CURRENCY — should be in currency collection,663641dc-13d7-4c51-a357-33aa49d78f9f,2002,Kennedy Half Dollar,Kennedy Half Dollar,D,Uncirculated,$5.25,1,,Notes,,
1,Possible CURRENCY — should be in currency collection,b3c86ff8-d948-45fb-b29e-259934d9d4f0,2002,Kennedy Half Dollar,Kennedy Half Dollar,S,Proof-63,$48.00,1,,PR63 noted in description,,
1,Possible CURRENCY — should be in currency collection,71482ba2-702a-4bfb-8fc9-8a726eee2323,2003,Kennedy Half Dollar,Kennedy Half Dollar,S,Proof-63 Cameo,$48.00,1,,Notes,,
1,Possible CURRENCY — should be in currency collection,554c8405-40cd-45e9-b313-3c1e919f4468,2004,Kennedy Half Dollar,Kennedy Half Dollar,S,Proof-63 Cameo,$25.00,1,,Notes,,
1,Possible CURRENCY — should be in currency collection,19461371-cb45-48a4-9b96-01da1ddf1267,2005,Kennedy Half Dollar,Kennedy Half Dollar,S,Proof-63 Cameo,$56.50,1,,Notes,,
1,Possible CURRENCY — should be in currency collection,557c539d-83fc-465b-a14a-b78339cd70f5,2005,Kennedy Half Dollar,Kennedy Half Dollar,D,Uncirculated,$4.50,1,,Notes,,
1,Possible CURRENCY — should be in currency collection,f3650b48-a76c-4fcc-9f5e-59aa060a51fa,2006,Kennedy Half Dollar,Kennedy Half Dollar,S,Proof-63 Cameo,$30.95,1,,Notes,,
1,Possible CURRENCY — should be in currency collection,aa39f65b-254c-41d2-89b7-ba3c3b698fd1,2007,Kennedy Half Dollar,Kennedy Half Dollar,S,Proof-63 Cameo,$56.50,1,,Notes,,
1,Possible CURRENCY — should be in currency collection,d36b351a-f556-426f-8eca-334e12a3ab41,2008,Kennedy Half Dollar,Kennedy Half Dollar,D,Uncirculated,$5.75,1,,Notes,,
1,Possible CURRENCY — should be in currency collection,e858823c-90e1-4278-8770-c7e27322e77f,2008,Kennedy Half Dollar,Kennedy Half Dollar,S,Proof-63 Cameo,$56.50,1,,Notes,,
1,Possible CURRENCY — should be in currency collection,d4a12f7f-f784-4b7c-80d2-080bd695e106,2009,Kennedy Half Dollar,Kennedy Half Dollar,S,Proof-63 Cameo,$47.50,1,,Notes,,
1,Possible CURRENCY — should be in currency collection,b58610e7-0813-4333-bebd-7bb1ec13c5a3,2010,Kennedy Half Dollar,Kennedy Half Dollar,S,Proof-63 Cameo,$42.50,1,,Notes,,
1,Possible CURRENCY — should be in currency collection,719e8387-94b0-48a5-b0d6-feab0cf4126f,2011,Kennedy Half Dollar,Kennedy Half Dollar,S,Proof-63 Cameo,$18.50,1,,Notes,,
1,Possible CURRENCY — should be in currency collection,f28e7611-5da4-452a-8d60-6201aac8a1e3,2013,Kennedy Half Dollar,Kennedy Half Dollar,S,Proof-63 Cameo,$30.95,1,,Notes,,
1,Possible CURRENCY — should be in currency collection,56c1782c-4fea-4286-803b-16200c92fe6a,2015,Kennedy Half Dollar,Kennedy Half Dollar,S,Proof-63 Cameo,$5.75,1,,Notes,,
1,Possible CURRENCY — should be in currency collection,c11cf2c4-9ebb-4d4c-a2be-37d61330f5d7,2015,Kennedy Half Dollar,Kennedy Half Dollar,P,Uncirculated,$1.95,1,,Notes,,
1,Possible CURRENCY — should be in currency collection,f7b2bf64-b511-4e25-8a6b-a526ef220332,2015,Kennedy Half Dollar,Kennedy Half Dollar,D,Uncirculated,$1.95,1,,Notes,,
1,Possible CURRENCY — should be in currency collection,71b08e78-b8f9-4f96-891e-6548e24ac0d0,2016,Kennedy Half Dollar,Kennedy Half Dollar,S,Proof-63 Cameo,$5.75,1,,Notes,,
1,Possible CURRENCY — should be in currency collection,a27431cd-0d8d-4028-9215-18c66800014a,2016,Kennedy Half Dollar,Kennedy Half Dollar,D,Uncirculated,$1.95,1,,Notes,,
1,Possible CURRENCY — should be in currency collection,f32cd5bd-877d-46e5-b7d2-18ba6d83a20c,2016,Kennedy Half Dollar,Kennedy Half Dollar,P,Uncirculated,$1.95,1,,Notes,,
1,Possible CURRENCY — should be in currency collection,fbeb7fcb-43cd-4b1f-9802-a2f3f9e50fd2,2016,Kennedy Half Dollar,Kennedy Half Dollar,S,Proof-63 Cameo,$26.50,1,,Notes,,
1,Possible CURRENCY — should be in currency collection,14bc9446-de8e-4391-932a-fc87cc817fe5,2017,Kennedy Half Dollar,Kennedy Half Dollar,S,Proof-63 Cameo,$5.75,1,,Notes,,
1,Possible CURRENCY — should be in currency collection,35551020-fdfd-4961-bda3-c2a282a2b86d,2017,Kennedy Half Dollar,Kennedy Half Dollar,S,Proof-63 Cameo,$26.50,1,,Notes,,
1,Possible CURRENCY — should be in currency collection,7ae9d565-4a30-4c56-bfff-57569cf78862,2017,Kennedy Half Dollar,Kennedy Half Dollar,D,Uncirculated,$1.95,1,,Notes,,
1,Possible CURRENCY — should be in currency collection,86bcbcd7-9e5f-4192-a1be-927e87172bb9,2017,Kennedy Half Dollar,Kennedy Half Dollar,P,Uncirculated,$1.95,1,,Notes,,
1,Possible CURRENCY — should be in currency collection,dfc03870-3ee1-4846-884c-fd4b6bdec396,2004,Kennedy Half Dollar Series,Kennedy Half Dollar,S,Choice Proof 63,$48.00,1,,PR63 noted in description,,
1,Year is a range '1936-38' — which specific year(s)?,0e48a7da-5939-45cb-a1bd-3d31bb35ce97,1936-38,Last seven Buffalo Nickels,,,genuine or B,$47.50,1,Last seven Buffalo Nickels,,miscellaneous purchases.xlsx,
1,Possible CURRENCY — should be in currency collection,9bc88edf-d8b5-4785-9a69-34570fa689f5,1906,Liberty Head Nickel,Nickel,,About Good,$8.75,1,,Quality noted as 'average rc'. 'AG' (About Good) assigned ba,,
1,SET with Qty=15 — needs individual coin breakdown,229a5c32-8b00-4920-86cb-eaa95e5e0a15,N/A,Liberty Head Nickel,Nickel,,Ungraded,$159.00,15,,Lot of 15 coins from the 1883-1912 Liberty Head Nickel serie,,
1,SET with Qty=15 — needs individual coin breakdown,2903ee22-fc82-47b8-ae0a-26cb796ea815,N/A,Liberty Head Nickel,Nickel,,Ungraded,$168.00,15,,Lot of 15 coins from the 1883-1912 Liberty Head Nickel serie,,
1,Possible CURRENCY — should be in currency collection,09bcd5e1-759c-4570-8fba-8b2a87a8379a,1853,Liberty Seated Silver Dime,Dime,,Fine,$495.00,1,,No arrows variety; condition noted as fine/very F1,,
1,Possible CURRENCY — should be in currency collection,9785460a-5903-46cc-9754-cbe45338dd6d,1887,Liberty Walking Half Dollar,Half Dollar,P,Extremely Fine,$49.50,1,,Note: Year 1887 is inconsistent with 'Liberty Walking Half D,,
1,Possible CURRENCY — should be in currency collection,b0a58589-9b79-4fb4-9cf1-d12660ef231c,1889,Liberty Walking Half Dollar,Half Dollar,P,Extremely Fine,$36.00,1,,Note: Year 1889 is inconsistent with 'Liberty Walking Half D,,
1,SET with Qty=4 — needs individual coin breakdown,f4788553-0d02-4617-83b0-92c305cc2f16,2009,Lincoln Bicentennial Cent,Penny,,Mint State,$14.95,4,,Ultimate Lincoln Head Showpak (set of 4 coins).,,
1,Possible CURRENCY — should be in currency collection,8c2b1193-c819-483c-94b4-b17683ecce17,1982,Lincoln Cent,Penny,S,Proof 63 (PR63),$4.95,1,,"Note: 1982 was a transitional year for cent compositions, wi",,
1,SET with Qty=4 — needs individual coin breakdown,46cd395d-ad69-4d1c-8866-a5ac4814a56a,2009,Lincoln Cent,Penny,,Ungraded,$0.00,4,,Set of 4 coins; Purchased with points.,,
1,Possible CURRENCY — should be in currency collection,aa65fce7-c5fa-4979-886c-0194aad3530f,1982,Lincoln Cent Series,Penny,,Uncirculated,$0.80,1,,Variety noted as 'large date'.,,
1,SET with Qty=50 — needs individual coin breakdown,2e030e4a-0fc2-4428-ba6e-c2da70ad8ae0,,Lincoln Head Wheat Cents,Penny,,Mixed,$73.00,50,,Lot of 50 coins from years 1909-1958.,gs://studio-9101802118-8c9a8-uploads/invoices/ab37fc17-6951-406d-9bf1-51add3fa8dc5_1769971182_Scan_20260128 (16).pdf,
1,SET with Qty=3 — needs individual coin breakdown,bd615189-18aa-48ca-9170-2f81c5971637,1943,Lincoln Steel Cent,Penny,"P, D, S",Ungraded,$5.95,3,,"Set of 3 steel cents (P, D, S).",,
1,Year is a range '1909-1958' — which specific year(s)?,b27893d7-f160-4a17-aa1a-a832bf5a0462,1909-1958,Lincoln Wheat Cent,Lincoln Cent,,Ungraded,44.50,1,,Lot of 25 mixed-year Lincoln Head Wheat Cents from 1909-1958,invoices/queue/e4b6f98a-720f-4f7f-8d6d-e521bc5aee1a_Scan_20260129 (5).pdf,
1,Possible CURRENCY — should be in currency collection,1eb922f2-23b6-49e8-aef7-90ceec7d6245,1943,Lincoln Wheat Cent Series,Penny,,Not Graded,$0.00,1,,Lincoln Wheat Cent. Acquired as part of a set of 50. Note: 1,,
1,SET with Qty=3 — needs individual coin breakdown,7e3201e1-2cce-4f5f-bdb0-3c2c62bea6e0,,Morgan Silver Dollar,1 Dollar,,Ungraded,$1818.00,3,,"3 coin set, Years: 1880-1887",,
1,Possible CURRENCY — should be in currency collection,02576b1d-ece9-4624-afd3-0a98e697ff01,2020D,National Park Quarters,quarter,,uncirculated,$1.00,1,Vermont Marsh Billings Rockefeller National Historical Park,,National Park Quarters - 4 - B.xlsx,
1,Possible CURRENCY — should be in currency collection,7b64a0b1-ff51-47ca-b0b5-fe42a89730ff,2020P,National Park Quarters,quarter,,uncirculated,points,1,Vermont Marsh Billings Rockefeller National Historical Park,,National Park Quarters - 4 - B.xlsx,
1,Possible CURRENCY — should be in currency collection,8940bbc3-27f5-47c9-936b-0b5772a3c542,2020P,National Park Quarters,quarter,,uncirculated,$1.50,1,Vermont Marsh Billings Rockefeller National Historical Park,,National Park Quarters - 4 - B.xlsx,
1,Possible CURRENCY — should be in currency collection,a37b736b-7e6b-4cd4-a3b0-ccbac9381941,2020P,National Park Quarters,quarter,,uncirculated,$1.00,1,Vermont Marsh Billings Rockefeller National Historical Park,,National Park Quarters - 4 - B.xlsx,
1,Year is a range '2018-20' — which specific year(s)?,50587c4e-9fb7-4f8b-a078-8faab1a69c9c,2018-20,P&D American Innovation Set (18),,,uncirculated,$71.00,1,P&D American Innovation Set (18),,miscellaneous purchases.xlsx,
1,Year is a range '2018-20' — which specific year(s)?,d6fa0ed7-ef8f-4161-beb6-3c64963fabbf,2018-20,P&D American Innovation set (18),,,uncirculated,$63.00,1,P&D American Innovation set (18),,miscellaneous purchases.xlsx,
1,Year is a range '2015-2024' — which specific year(s)?,c1a4b008-8931-492c-8deb-abe5e48db045,2015-2024,Roosevelt Dime Set,Roosevelt Dime,P/D,Uncirculated,$4.95,1,,"Description states '2015-2024 Por D Roosevelt Dime Set', ind",invoices/queue/13ec2c3b-cd6a-49ea-9a6f-63e9dd50d4a5_Scan_20260129 (15).pdf,
1,Possible CURRENCY — should be in currency collection,8ca6f3fa-120b-49ce-8114-979109a79bd4,1918,Standing Liberty Silver Quarter,Quarter,D,About Uncirculated,$275.00,1,,Internal quality note: #2.,,
1,Possible CURRENCY — should be in currency collection,90b003f9-d433-455b-bf95-26a168e57d6b,1923,Standing Liberty Silver Quarter,Quarter,,Very Fine,$85.50,1,,Internal quality note: #2.,,
1,Possible CURRENCY — should be in currency collection,c3058a92-1f87-42ff-8917-f922e6d1660b,1924,Standing Liberty Silver Quarter,Quarter,,Extremely Fine,$85.50,1,,Internal quality note: #2.,,
1,Possible CURRENCY — should be in currency collection,10a6e294-9c05-4afc-9c33-e4842d26fe28,1917,Standing Liberty Silver Quarter (Type 1),Quarter,S,Extremely Fine,$342.00,1,,"Type 1 design variety, internal quality note: #2.",,
1,Possible CURRENCY — should be in currency collection,6a2a864c-98c5-4e19-8805-3b0b9f0a6f8b,1917,Standing Liberty Silver Quarter (Type 2),Quarter,D,Very Good,$94.50,1,,"Type 2 design variety, internal quality note: #2.",,
1,SET with Qty=6 — needs individual coin breakdown,e4d20cbf-e880-433f-8807-5ad0ef6213db,1925,Standing Liberty Silver Quarter Set,Quarter,,Good,$180.00,6,,Set contains 6 Standing Liberty Quarters covering years 1925,,
1,Year is a range '1979-99' — which specific year(s)?,cad31f3d-3385-4923-b5b4-60f1c260290b,1979-99,Susan B. Anthony 4 coin Year Set,,,uncirculated,$66.00,1,Susan B. Anthony 4 coin Year Set,,miscellaneous purchases.xlsx,
1,Possible CURRENCY — should be in currency collection,1c711f85-1fd1-4281-892a-8064f518b378,1942,The World War II U.S. Coin Collection,Kennedy Half Dollar,S,Ungraded,$0.00,1,,"Individual item cost not specified, as it is part of a colle",invoices/queue/78e15b92-f087-4fd8-9d68-45f0392527e3_Scan_20260129 (59).pdf,
1,Possible CURRENCY — should be in currency collection,95ea9944-d446-4902-8528-7fdc824b23c2,1942,The World War II U.S. Coin Collection,Roosevelt Dime,S,Ungraded,$0.00,1,,"Individual item cost not specified, as it is part of a colle",invoices/queue/78e15b92-f087-4fd8-9d68-45f0392527e3_Scan_20260129 (59).pdf,
1,Possible CURRENCY — should be in currency collection,20ad0650-00b7-4f99-9241-9f7804f946dd,1861,Walking Liberty Half Dollar,Half Dollar,P,Very Fine,$148.50,1,,Input description: no motto. Note: Year 1861 is inconsistent,,
1,Possible CURRENCY — should be in currency collection,19d528cd-40f6-4f03-af16-6c57a4c997e1,1872,Walking Liberty Half Dollar,Half Dollar,P,Good,$130.00,1,,Input description: motto. Note: Year 1872 is inconsistent wi,,
1,Possible CURRENCY — should be in currency collection,f1782ef3-d482-498c-a156-c52a38849317,1948,Walking Liberty Half Dollar,Half Dollar,O,Very Fine,$329.00,1,,Note: The year and mint mark are inconsistent with the known,,
1,Year is a range '1943-46' — which specific year(s)?,80aa32b3-2227-4faf-b490-e1bc2dc4fc27,1943-46,Wartime Lincoln Head Cent Set with folder 12 coins,,,average circ,$16.95,1,Wartime Lincoln Head Cent Set with folder 12 coins,,miscellaneous purchases.xlsx,
1,Year is a range '1968-98' — which specific year(s)?,5a7b24ac-e282-4cbc-bd2f-576f3c33bff1,1968-98,Washington Silver Quarter,Quarter,,Ungraded,129.00,1,,,,
1,Year is a range '1999-2010' — which specific year(s)?,da111260-8682-4c4c-b2aa-21be2d50a6ab,1999-2010,Washington Silver Quarter,Quarter,,Uncirculated,59.90,1,,,,
1,Year is a range '1941-45' — which specific year(s)?,bd3ae2cc-9632-4b12-8f98-d27455af431e,1941-45,World War II Coin collection,,,average circ,points,1,World War II Coin collection,,miscellaneous purchases.xlsx,
2,Missing Year,4d7dcedd-9637-44ff-b833-d42b40be151d,,,,,Ungraded,,1,,,,
2,Missing both Program/Series and Denomination,4d7dcedd-9637-44ff-b833-d42b40be151d,,,,,Ungraded,,1,,,,
2,Missing Year,925e6556-54c6-41fd-b303-d0aac5db7bb8,,,,,63,$0.00,1,,,,
2,Missing both Program/Series and Denomination,925e6556-54c6-41fd-b303-d0aac5db7bb8,,,,,63,$0.00,1,,,,
2,Missing Year,c5f7f111-2786-4ecd-9dd1-6afa958d7bbc,,,,,Ungraded,$0.00,1,,Most coin details are missing for this entry.,,
2,Missing both Program/Series and Denomination,c5f7f111-2786-4ecd-9dd1-6afa958d7bbc,,,,,Ungraded,$0.00,1,,Most coin details are missing for this entry.,,
2,Missing both Program/Series and Denomination,ec2a2127-a7a3-4d4d-b322-9f206b0fe4cb,1865,,,,Very Choice Uncirculated,$350.00,1,,Fancy S variety. No specific coin description provided.,,
2,Missing both Program/Series and Denomination,1c8e7e49-e355-49b6-a922-a3d96b1ad113,1866,,,,VF/EF,$270.50,1,,No specific coin description provided.,,
2,Missing both Program/Series and Denomination,4b8a2d7e-29d9-4616-853a-0cd69e8acec0,1867,,,,Extremely Fine,$335.00,1,,No specific coin description provided.,,
2,Missing both Program/Series and Denomination,e092deda-7caa-4017-8b73-b99afb30fc5b,1868,,,,Very Fine,$210.00,1,,No specific coin description provided.,,
2,Missing both Program/Series and Denomination,30a88fa5-4791-4d49-89bf-d40d45bc5a3e,1869,,,,Extremely Fine,$695.00,1,,No specific coin description provided.,,
2,Missing both Program/Series and Denomination,2e822906-c26a-4dd3-8fda-d61d10989660,1870,,,,Extremely Fine,$775.00,1,,Pick axe variety. No specific coin description provided.,,
2,Missing both Program/Series and Denomination,86f24f51-1fec-4171-8292-25028cc2f274,1870,,,,Fine,$338.00,1,,No specific coin description provided.,,
2,Missing both Program/Series and Denomination,fd921ba5-a126-4394-87f3-942ab6df3cae,1871,,,,Good,$175.00,1,,No specific coin description provided.,,
2,Missing both Program/Series and Denomination,92b05314-f3e3-469d-b058-bbf4a8a5433b,1872,,,,Very Good,$350.00,1,,No specific coin description provided.,,
2,Missing both Program/Series and Denomination,95bde4b8-f5d8-4999-a102-5e9ee61a9fc3,1873,,,,Extremely Fine,$325.00,1,,Open 3 variety. No specific coin type provided beyond year a,,
2,Missing both Program/Series and Denomination,576da6a9-dc09-4896-8bdf-ee66f690a3e5,1874,,,,Extremely Fine,$210.00,1,,No specific coin description provided.,,
2,Missing both Program/Series and Denomination,8e1ee2d0-4c16-4763-9b8f-c728c2216855,1877,,,,Good,$948.00,1,,No specific coin description provided.,,
2,Missing both Program/Series and Denomination,9eb832ea-ac12-4742-9cc0-bb0fbb45fabe,1878,,,,About Uncirculated,$475.00,1,,No specific coin description provided.,,
2,Missing both Program/Series and Denomination,e60c1194-7477-4037-8929-f5a778580f53,1879,,,,Very Fine,$80.00,1,,No specific coin description provided.,,
2,Missing both Program/Series and Denomination,641893e0-fbc0-40d8-a290-024aa4ec2726,1884,,,,Very Fine,$36.00,1,,No specific coin description provided.,,
2,Missing both Program/Series and Denomination,3396a17b-ded9-4c84-ad61-1b6b0dd00d5f,1885,,,,Extremely Fine,$125.00,1,,No specific coin description provided.,,
2,Missing both Program/Series and Denomination,8e5737da-a9a8-46cb-a14a-3387122def34,1886,,,,Fine,$76.50,1,,Variety 2. No specific coin description provided.,,
2,Missing both Program/Series and Denomination,44d81853-f14f-472d-bfb1-f6682e5a98a1,1887,,,,Extremely Fine,$49.50,1,,No specific coin description provided.,,
2,Missing both Program/Series and Denomination,dc8f1ef4-2109-44ef-a611-daa001bc3e5b,1888,,,,Extremely Fine,$54.00,1,,No specific coin description provided.,,
2,Missing both Program/Series and Denomination,79183f43-2e88-430d-bf52-144b56257e8a,1889,,,,Extremely Fine,$36.00,1,,No specific coin description provided.,,
2,Missing both Program/Series and Denomination,7dcba4e6-d9d5-4698-a630-9c0adf868090,1890,,,,Average Circulated,$99.00,12,,"Set of 12 coins, with years ranging from 1890 to 1902. No sp",,
2,Missing both Program/Series and Denomination,b80b5d47-6147-445e-83a8-c40c2e096903,1893,,,,Average Circulated,,1,,"Amount paid in points, not cash.",,
2,Missing both Program/Series and Denomination,977e9860-69e8-4068-9cde-d98d991c1837,1894,,,,Very Fine,$55.00,1,,No specific coin description provided.,,
2,Missing both Program/Series and Denomination,5c8d8ba5-cf98-44a2-b9a4-a2b723a08d15,1905,,,,Good,$7.95,1,,No specific coin description provided.,,
2,Missing both Program/Series and Denomination,b4ed25aa-ce68-4fd5-a7d8-b4b997d144dd,1908,,,S,Very Good,$157.50,1,,No specific coin description provided.,,
2,Missing both Program/Series and Denomination,91a7135e-d1a7-42b6-a244-d6908dde8dab,1909,,,,Average Circulated,$40.50,1,,No specific coin description provided.,,
2,Missing Year,85b79947-de6f-4222-8dba-edb3c9fe7fd3,,100 coins from ioo countries with treasure chest,,,uncirculated,$49.95,1,100 coins from ioo countries with treasure chest,,miscellaneous purchases.xlsx,
2,Missing Year,03153afb-9f63-4c3c-b30b-0973c47e679f,,"103-76BC Alexander Jannaeus Bronze Widow's Mite H469-70,72",,,fair good,$15.00,1,"103-76BC Alexander Jannaeus Bronze Widow's Mite H469-70,72",,miscellaneous purchases.xlsx,
2,Looks like a SET — confirm if individual coin or set record,810449e9-409a-4e40-b185-211ab9af083a,,1880-1885CC 6 piece carson city Morgan dollar set PCGS MS64,multiple,,,$3528.00,1,1880-1885CC 6 piece carson city Morgan dollar set PCGS MS64,,invoice Premier.xlsx,
2,Missing Year,810449e9-409a-4e40-b185-211ab9af083a,,1880-1885CC 6 piece carson city Morgan dollar set PCGS MS64,multiple,,,$3528.00,1,1880-1885CC 6 piece carson city Morgan dollar set PCGS MS64,,invoice Premier.xlsx,
2,Looks like a SET — confirm if individual coin or set record,8cd0b542-8aca-40bb-be5e-aa630a10e042,,1971-1978 Ike Dollar Set,Dollar,,Uncirculated & Proof,$899.00,1,,Set in Album,gs://studio-9101802118-8c9a8-uploads/invoices/3ed2be3c-edcf-4066-bed1-8f48dd1cf9e9_1769970293_Scan_20260128 (10).pdf,
2,Missing Year,8cd0b542-8aca-40bb-be5e-aa630a10e042,,1971-1978 Ike Dollar Set,Dollar,,Uncirculated & Proof,$899.00,1,,Set in Album,gs://studio-9101802118-8c9a8-uploads/invoices/3ed2be3c-edcf-4066-bed1-8f48dd1cf9e9_1769970293_Scan_20260128 (10).pdf,
2,Looks like a SET — confirm if individual coin or set record,1c11627b-b948-4497-b68a-16786e9e0dce,1875,20 Cent Piece,20 Cents,S,Very Good,$234.00,1,,,,
2,Looks like a SET — confirm if individual coin or set record,4f35d38b-a20f-4baa-883c-ec9a54803e17,1875,20 Cent Piece,20 Cents,CC,Very Good,$536.00,1,,,,
2,Looks like a SET — confirm if individual coin or set record,8824e03f-b4a6-4fb3-a91f-149c33747066,1875,20 Cent Piece,20 Cents,,Good,$375.00,1,,,,
2,Missing Year,2e922f8d-b9ff-4fde-8868-c40414305f4a,,2021 W ASE T-1 FDOI PF70 ULTRA CAMEO signed by John Mercanti,,,,,1,2021 W ASE T-1 FDOI PF70 ULTRA CAMEO signed by John Mercanti,,JAS Gallery invoice.xlsx,
2,Looks like a SET — confirm if individual coin or set record,b945df94-501f-44a6-9e03-da2f20791619,,2021s ase t-1 & t-2 Emergency issue set FDOI NGC MS70 signed by John Mercanti,,,,,1,2021s ase t-1 & t-2 Emergency issue set FDOI NGC MS70 signed by John Mercanti,,JAS Gallery invoice.xlsx,
2,Missing Year,b945df94-501f-44a6-9e03-da2f20791619,,2021s ase t-1 & t-2 Emergency issue set FDOI NGC MS70 signed by John Mercanti,,,,,1,2021s ase t-1 & t-2 Emergency issue set FDOI NGC MS70 signed by John Mercanti,,JAS Gallery invoice.xlsx,
2,Looks like a SET — confirm if individual coin or set record,1e3ea95e-c750-4b62-90a4-01e9eaa87404,,25 Mixed Peace Dollars AU/BU,multiple,,,$714.75,1,25 Mixed Peace Dollars AU/BU,,invoice Premier.xlsx,
2,Missing Year,1e3ea95e-c750-4b62-90a4-01e9eaa87404,,25 Mixed Peace Dollars AU/BU,multiple,,,$714.75,1,25 Mixed Peace Dollars AU/BU,,invoice Premier.xlsx,
2,Looks like a SET — confirm if individual coin or set record,0ae1daa6-c92a-4b2b-99c2-1c04bee4d227,1968-98,31 different US proof sets,,,ch proof 63,$599.00,1,31 different US proof sets,,miscellaneous purchases.xlsx,
2,Missing Year,cfb0ba60-51eb-43f5-8f11-9d0b9dacef5a,,50 bank notes from 50 countries with chart,,,average circ,$49.95,1,50 bank notes from 50 countries with chart,,miscellaneous purchases.xlsx,
2,Looks like a SET — confirm if individual coin or set record,20d8b92d-4de8-4859-9981-b975fe07f83d,1990,6-Coin Prestige Proof Set,Proof Set,,Proof-63,$82.95,1,,"Description indicates a 6-coin Prestige Proof Set, with 'Ike",invoices/queue/b5cfeea3-d6ff-46f7-af0e-ee76d3c95d34_Scan_20260129 (52).pdf,
2,Looks like a SET — confirm if individual coin or set record,31cf4601-c9b1-4da1-bfd3-da27619c50c1,2020S,AI$ Proof Set,,,ch proof 63,$80.00,1,AI$ Proof Set,,miscellaneous purchases.xlsx,
2,Looks like a SET — confirm if individual coin or set record,923fd8b8-e61d-4158-b369-8c95ac22cb01,1939,America Revisited Club; Time Capsule Year Set,,,Circulated,$103.00,1,,Contains 5 coins from 1939.,invoices/queue/96b3eb20-5ea7-4771-95fd-838413a13356_Scan_20260129 (47).pdf,
2,Looks like a SET — confirm if individual coin or set record,74c4aede-d8fa-42ce-bcf4-b838f1829e09,1954,America Revisited Club; Time Capsule Year Set,,,Circulated,$94.50,1,,Contains 5 coins from 1954.,invoices/queue/96b3eb20-5ea7-4771-95fd-838413a13356_Scan_20260129 (47).pdf,
2,Looks like a SET — confirm if individual coin or set record,5e886e3f-1450-4ec7-96a8-0753905d27fd,1962,America Revisited Selection,"5-Coin Set (Lincoln Cent, Jefferson Nickel, Roosevelt Dime, Washington Quarter, Walking Liberty Half Dollar)",,Circulated,$79.95,1,,This item is a 5-Coin Time Capsule Year Set for 1962. Specif,invoices/queue/b7326048-35da-4508-b388-f34c0d886d0b_Scan_20260129 (34).pdf,
2,Looks like a SET — confirm if individual coin or set record,84af62f7-8d73-49f1-a527-da0b71edc323,1935,America Revisited Selection Year Set,5-Coin Year Set,,Circulated,$102.00,1,,"Contains a collection of 5 US coins from 1935, typically inc",invoices/queue/edde24eb-cb59-48ec-a06b-b010de92c904_Scan_20260129 (46).pdf,
2,Looks like a SET — confirm if individual coin or set record,72198219-01aa-42fa-a090-8fb11f6d11c3,1942,America Revisited Selection Year Set,5-Coin Year Set,,Circulated,$99.00,1,,"Contains a collection of 5 US coins from 1942, typically inc",invoices/queue/edde24eb-cb59-48ec-a06b-b010de92c904_Scan_20260129 (46).pdf,
2,Looks like a SET — confirm if individual coin or set record,f0a5b51f-32f4-4118-8774-eca1733ff2ed,1940,"America Revisited Selection, Time Capsule Year Set","5-Coin Set (Lincoln Cent, Jefferson Nickel, Mercury Dime, Washington Quarter, Walking Liberty Half Dollar)",,Circulated,$110.00,1,,Inferred denominations for a 5-coin US set of this year.,invoices/queue/6906eb5a-5a7e-4dc9-b5cb-a097346931b1_Scan_20260129 (42).pdf,
2,Looks like a SET — confirm if individual coin or set record,adc9ee72-8610-4542-a6e9-89079406b2b5,1946,"America Revisited Selection, Time Capsule Year Set",5-Coin Set,,Circulated,$99.00,1,,,invoices/queue/a9cd760f-4192-4e40-bad9-0af3b3e4ff71_Scan_20260129 (44).pdf,
2,Looks like a SET — confirm if individual coin or set record,cebc87cb-147b-4cc3-b652-26e4b563abc1,1949,America Revisited Selection: Time Capsule Year Set,Assorted US Coins,,Circulated,$112.00,1,,"This item is a 5-coin US Year Set. Typically, these sets inc",invoices/queue/28e619b3-f54e-4194-b212-51930edf3c84_Scan_20260129 (45).pdf,
2,Looks like a SET — confirm if individual coin or set record,d925cb06-a008-4576-964e-50dee59c45fa,1953,America Revisited Selection: Time Capsule Year Set,Assorted US Coins,,Circulated,$96.00,1,,"This item is a 5-coin US Year Set. Typically, these sets inc",invoices/queue/28e619b3-f54e-4194-b212-51930edf3c84_Scan_20260129 (45).pdf,
2,Looks like a SET — confirm if individual coin or set record,17a4d23a-55d7-4cd9-b848-ec8bf6c2d3b8,1958,America Revisited Selection: Time Capsule Year Set,Assorted US Coins,,Circulated,$94.50,1,,"This item is a 5-coin US Year Set. Typically, these sets inc",invoices/queue/28e619b3-f54e-4194-b212-51930edf3c84_Scan_20260129 (45).pdf,
2,Looks like a SET — confirm if individual coin or set record,53085375-edb5-4a6c-a3b7-855902d54871,1960,America Revisited Selection: Time Capsule Year Set,Assorted US Coins,,Circulated,$93.00,1,,"This item is a 5-coin US Year Set. Typically, these sets inc",invoices/queue/28e619b3-f54e-4194-b212-51930edf3c84_Scan_20260129 (45).pdf,
2,Looks like a SET — confirm if individual coin or set record,c57b2abf-8876-41a3-88d6-c35ac6b3a540,2019,America the Beautiful Quarters,Quarter,PDS,Ungraded,$14.95,1,,This set contains 15 individual 2019 Washington Quarters (5 ,gs://studio-9101802118-8c9a8-uploads/invoices/d16ea7ae-6b28-45c4-a235-b21c224c04a4_1769970374_Scan_20260128 (11).pdf,
2,Looks like a SET — confirm if individual coin or set record,41311159-536d-4c3b-acd8-62597572cc8f,,America's First Small-Size,Lincoln Cent,,Ungraded,$85.42,1,,The invoice describes 'AMERICA'S FIRST SMALL-SIZE ONE-CENT C,invoices/queue/7e52860e-a540-433c-8284-1e9645eb6249_Scan_20260129 (60).pdf,
2,Missing Year,41311159-536d-4c3b-acd8-62597572cc8f,,America's First Small-Size,Lincoln Cent,,Ungraded,$85.42,1,,The invoice describes 'AMERICA'S FIRST SMALL-SIZE ONE-CENT C,invoices/queue/7e52860e-a540-433c-8284-1e9645eb6249_Scan_20260129 (60).pdf,
2,Looks like a SET — confirm if individual coin or set record,db29d4f7-89eb-4bb8-a6b8-e21981b3161a,2011,American Eagle 25th Anniversary Set,Dollar,,Ungraded,$950.00,1,,From 25th Anniversary 5-coin set.,,
2,Missing Year,213d6d81-55d3-4d29-bfcf-4929630b5a64,,American Eagle Gold Coin,$10,,MS-65,$489.00,1,,1/4 oz gold coin. Year is missing. Date purchased is missing,,
2,Missing Year,225eff64-3701-433c-a59e-58202bb20c05,,American Eagle Gold Coin,$5,,MS-65,$207.00,1,,1/10 oz gold coin. Year and date purchased are missing.,,
2,Looks like a SET — confirm if individual coin or set record,2690738f-5bf3-4b72-9370-03a0b2b1601a,2013,American Eagle Two-Coin Set,Dollar,W,Ungraded,$288.00,1,,From a two-coin set (Uncirculated and Proof 63).,,
2,Missing Year,c96760a1-0988-4192-8d6e-a39593c598bb,,American Gold Eagle,$25,,MS-65,$1125.00,1,,1/2 oz gold coin. Year and date purchased are missing.,,
2,Looks like a SET — confirm if individual coin or set record,28fbdb6d-d11f-41e8-ac07-21dfe1b704a0,2024,American Innovation Dollar,Dollar,,Ungraded,$17.95,1,,Item is 'THE STATEHOOD INNOVATION DOLLAR COIN COLLECTION SHI,invoices/queue/d32355de-5a6d-4ee9-a0e3-566a2dbe5422_Scan_20260129 (56).pdf,
2,Looks like a SET — confirm if individual coin or set record,40ac4547-9b04-4b66-81d9-f5d9b577c662,2022,American Women Quarters Program,Quarter,P and D,Uncirculated,$0.00,1,,Set contains 10 coins.,gs://studio-9101802118-8c9a8-uploads/invoices/beca2b0a-3820-4c1d-bc83-82108c050603_1769968548_Scan_20260128 (8).pdf,
2,Looks like a SET — confirm if individual coin or set record,8b912927-b92e-4501-af99-94c272bba2e4,2022,American Women Quarters Program,Quarter,,Uncirculated,1,1,,Item identified as the 2022 Ida B. Wells quarter from the Am,Scan_20260129 (77).pdf,
2,Year 'Multiple' looks invalid,5c050704-9d38-4797-ae78-8135b01e96f1,Multiple,Barber,Half Dollar,,Fine,$1395.00,1,,Variety 3,,
2,Year 'Year' looks invalid,6c85bfc0-32d2-4472-ab8b-36afde6eeb38,Year,Barber Dimes,Barber Silver Dimes,Letter,Fine,$235.00,1,,Variety,,
2,Looks like a SET — confirm if individual coin or set record,92cd4fef-1a29-4368-a37b-ab7f4704af6a,1895,Barber Series,Dime,S,About Fine,$230.00,1,,Pending,,
2,Looks like a SET — confirm if individual coin or set record,6f6083a5-2db6-4421-887d-3e37d806f627,1898,Barber Series,Dime,Pending,Good,$24.95,1,,Pending,,
2,Looks like a SET — confirm if individual coin or set record,fd69a1fc-d49f-4a17-a73e-b8c6db032290,1899,Barber Series,Dime,Pending,Good,$24.95,1,,Pending,,
2,Looks like a SET — confirm if individual coin or set record,8f12aa1c-c827-4ebb-8fbe-50f8627ec3b6,1900,Barber Series,Dime,Pending,Good,$23.95,1,,Pending,,
2,Looks like a SET — confirm if individual coin or set record,2bc83e64-87e7-43bf-8cfd-a8b70448d1e7,1901,Barber Series,Dime,Pending,Good,$23.95,1,,Pending,,
2,Looks like a SET — confirm if individual coin or set record,9b0a2950-e534-45f2-94df-dd6a7e01a428,1902,Barber Series,Dime,Pending,Good,$23.50,1,,Pending,,
2,Looks like a SET — confirm if individual coin or set record,4308c6be-27b1-4c6d-9f1d-851518b05617,1903,Barber Series,Dime,O,Good,$26.95,1,,Pending,,
2,Looks like a SET — confirm if individual coin or set record,f7c00d38-b1e7-4f04-84a5-a5e9e9d47f4c,1903,Barber Series,Dime,Pending,Very Good,$28.50,1,,Pending,,
2,Looks like a SET — confirm if individual coin or set record,87565c01-8bea-4213-b6f7-6967ca8a4542,1904,Barber Series,Dime,Pending,Average Circulated,$22.50,1,,Pending,,
2,Looks like a SET — confirm if individual coin or set record,0bf90be2-3306-46d6-ab5b-b01a0e6c6783,1905,Barber Series,Dime,S,Average Circulated,$22.50,1,,Pending,,
2,Looks like a SET — confirm if individual coin or set record,2de72925-d0e7-465e-ba2b-46ac94ad9812,1905,Barber Series,Dime,Pending,Proof,$925.00,1,,Proof coin.,,
2,Looks like a SET — confirm if individual coin or set record,b6bc0891-4c27-4e0c-b79e-346cd00d5148,1905,Barber Series,Dime,Pending,Good,$23.95,1,,Pending,,
2,Looks like a SET — confirm if individual coin or set record,fcd83d74-fa4e-46a9-90fc-d9f33dd755ea,1905,Barber Series,Dime,O,Average Circulated,$24.50,1,,Pending,,
2,Looks like a SET — confirm if individual coin or set record,ba3998ec-af88-4fa2-8ac4-a0336a69d57b,1906,Barber Series,Dime,D,Average Circulated,$21.75,1,,Pending,,
2,Looks like a SET — confirm if individual coin or set record,d4f3734c-18d6-4701-a6c6-a91b558d673f,1906,Barber Series,Dime,Pending,Very Good,$26.95,1,,Pending,,
2,Looks like a SET — confirm if individual coin or set record,cdf71b59-8462-4389-ac33-c130f77fa171,1907,Barber Series,Dime,Pending,Good,$22.95,1,,Pending,,
2,Looks like a SET — confirm if individual coin or set record,f3f0dc81-480c-491f-aa7f-1ffa982e8017,1907,Barber Series,Dime,O,Average Circulated,$24.50,1,,Pending,,
2,Looks like a SET — confirm if individual coin or set record,45e34115-3d28-48d8-a1a9-5ff835a0c6d4,1908,Barber Series,Dime,D,Very Good,$26.95,1,,Pending,,
2,Looks like a SET — confirm if individual coin or set record,ad6b1c19-c925-4e98-b12b-e19ba498244a,1908,Barber Series,Dime,Pending,Very Good,$26.95,1,,Pending,,
2,Looks like a SET — confirm if individual coin or set record,8d16f208-b966-4e6b-a013-c0d362e63ed4,1909,Barber Series,Dime,Pending,Very Good,$26.95,1,,Pending,,
2,Looks like a SET — confirm if individual coin or set record,771039bc-e66e-49b7-b42d-e09aa8f195e8,1910,Barber Series,Dime,D,Fine,$26.50,1,,Pending,,
2,Looks like a SET — confirm if individual coin or set record,eecc2c3c-3297-40ef-b068-53e2dc333bac,1910,Barber Series,Dime,Pending,Very Good,$26.95,1,,Pending,,
2,Looks like a SET — confirm if individual coin or set record,46e801eb-b730-4548-862b-eef548c7e075,1911,Barber Series,Dime,D,Very Good,$18.00,1,,Pending,,
2,Looks like a SET — confirm if individual coin or set record,9929ddcb-ab5e-43ca-a485-a28ddc6b8c81,1911,Barber Series,Dime,Pending,Good,$16.00,1,,Pending,,
2,Looks like a SET — confirm if individual coin or set record,a0df3770-a74a-409d-8b9b-2e205332e1c2,1911,Barber Series,Dime,S,Good,$24.50,1,,Pending,,
2,Looks like a SET — confirm if individual coin or set record,ae1d6fb4-5ec4-4dc7-ab72-811e52f51c94,1911,Barber Series,Dime,D,Pending,$0.00,1,,Pending,,
2,Looks like a SET — confirm if individual coin or set record,1450b3c7-8114-443d-8ee9-65f56acf403e,1912,Barber Series,Dime,S,Good,$22.95,1,,Pending,,
2,Looks like a SET — confirm if individual coin or set record,8bb54867-4a88-4699-a280-21082917a3cd,1912,Barber Series,Dime,Pending,Average Circulated,$19.00,1,,Pending,,
2,Looks like a SET — confirm if individual coin or set record,bd3a4947-d0d4-4b2c-b7c1-f6147704e9de,1912,Barber Series,Dime,Pending,Very Good,$17.00,1,,Pending,,
2,Looks like a SET — confirm if individual coin or set record,ce438c54-ae59-40ec-8327-e98e3450f98d,1912,Barber Series,Dime,D,Good,$16.00,1,,Pending,,
2,Looks like a SET — confirm if individual coin or set record,39b03bc7-175f-4ad0-bab6-859ee90aa73d,1913,Barber Series,Dime,S,Fine,$267.00,1,,Pending,,
2,Looks like a SET — confirm if individual coin or set record,3d8ab15e-b121-475e-85ea-6fff7588db75,1913,Barber Series,Dime,Pending,Very Good,$14.95,1,,Pending,,
2,Looks like a SET — confirm if individual coin or set record,0bb5b09e-67f3-4834-94e2-58922165d47f,1914,Barber Series,Dime,Pending,Fine,$28.95,1,,Pending,,
2,Looks like a SET — confirm if individual coin or set record,53bf8c07-9617-49f6-bce7-a8501f3f5f24,1914,Barber Series,Dime,S,Very Good,$27.95,1,,Pending,,
2,Looks like a SET — confirm if individual coin or set record,727637e4-b6e0-49b1-9723-bbcc3e00e135,1914,Barber Series,Dime,D,Very Good,$26.95,1,,Pending,,
2,Looks like a SET — confirm if individual coin or set record,118a821c-54ba-4b99-8840-9e43ba2f2a5e,1915,Barber Series,Dime,S,Very Good,$46.95,1,,Pending,,
2,Looks like a SET — confirm if individual coin or set record,b2ce5486-2d51-4a83-82ce-e539c7e191dc,1915,Barber Series,Dime,Pending,Very Good,$26.95,1,,Pending,,
2,Looks like a SET — confirm if individual coin or set record,2129dcac-2799-4d38-bff0-8900f5b17c59,1916,Barber Series,Dime,Pending,Fine,$28.95,1,,Pending,,
2,Looks like a SET — confirm if individual coin or set record,b231f671-b1d9-4d04-86f9-99e4e9845d9c,1916,Barber Series,Dime,S,Good,$22.95,1,,Pending,,
2,Looks like a SET — confirm if individual coin or set record,216a48f3-cf16-4e8a-98d4-820c45e6f93f,Pending,Barber Series,Dime,Pending,Fine,$235.00,1,,Variety noted (specific type not detailed).,,
2,Year 'Pending' looks invalid,216a48f3-cf16-4e8a-98d4-820c45e6f93f,Pending,Barber Series,Dime,Pending,Fine,$235.00,1,,Variety noted (specific type not detailed).,,
2,Looks like a SET — confirm if individual coin or set record,c5244bae-0f9c-460b-b86b-4ee9b58e1798,1942,Birth Year Coin and Silver Commemorative Set,Coin Set,,Ungraded,$269.00,1,,Set contains various US coins from 1942 and a silver commemo,gs://studio-9101802118-8c9a8-uploads/invoices/0dc3b0b0-1c16-4852-b484-211f93b60d67_1769971859_Scan_20260128.pdf,
2,Missing Year,65b471d0-a182-4cd5-971b-f2121e93898d,,Buffalo Nickel,,,,,1,,,BUFFALO NICKELS.xlsx,
2,Missing Year,740898ca-a9dc-4c46-b1a0-3b51ff2e60d9,,Buffalo Nickel,,,,,1,,,BUFFALO NICKELS.xlsx,
2,Missing Year,7f2ac628-7dc3-4e1f-8c1a-721e25a5a72c,,Buffalo Nickel,,,,,1,,,BUFFALO NICKELS.xlsx,
2,Missing Year,9ff5191f-baef-4bbf-97e2-6247b0a440d2,,Buffalo Nickel,,,,,1,,,BUFFALO NICKELS.xlsx,
2,Looks like a SET — confirm if individual coin or set record,393be615-0383-4b0d-95d6-3a9e372935df,,Buffalo Nickel 3 coin All Mint set,,,fine,points,1,Buffalo Nickel 3 coin All Mint set,,miscellaneous purchases.xlsx,
2,Missing Year,393be615-0383-4b0d-95d6-3a9e372935df,,Buffalo Nickel 3 coin All Mint set,,,fine,points,1,Buffalo Nickel 3 coin All Mint set,,miscellaneous purchases.xlsx,
2,Looks like a SET — confirm if individual coin or set record,ed7ca15b-e10b-4f6a-bdc4-2e3ab23c394b,11914-16,Buffalo Nickel 3 coin mint set,,,average circ,points,1,Buffalo Nickel 3 coin mint set,,miscellaneous purchases.xlsx,
2,Looks like a SET — confirm if individual coin or set record,3bf1560c-b7db-44e8-8ef2-bbb13a400c66,1936,Buffalo Nickel Series,Nickel,,Very Fine,$0.00,1,,,gs://studio-9101802118-8c9a8-uploads/invoices/e28d8a64-fa39-489b-b0c3-d356c132b097_1769970708_Scan_20260128 (13).pdf,
2,Looks like a SET — confirm if individual coin or set record,9bfbe13e-d053-46be-9a02-fce044f9d2c2,1833,Capped Bust,Half Dime,,AU-58,653.00,1,,Tax Free Item. Part of U.S. Dime Collection Selection.,invoices/queue/b0316989-2954-4c18-a0c8-f997dc17d0ee_Scan_20260129 (29).pdf,
2,Looks like a SET — confirm if individual coin or set record,b35cc9b7-f8de-49fb-b0d3-6f342e032387,1837,Capped Bust,Capped Bust Silver Dime,,Average Circ,$136.00,1,,U.S. DIME COLLECTION SELECTION,invoices/queue/078aac3e-c835-45e8-af7e-7038d8a62512_Scan_20260129 (23).pdf,
2,Looks like a SET — confirm if individual coin or set record,c280895e-6094-4204-b5d1-6251cdca599b,1837,Capped Bust,Half Dime,,About Uncirculated,475.00,1,,Variety: Large 5C. Part of U.S. Dime Collection Selection. Q,invoices/queue/b0316989-2954-4c18-a0c8-f997dc17d0ee_Scan_20260129 (29).pdf,
2,Looks like a SET — confirm if individual coin or set record,628a6f98-7257-4414-963c-6be327f20228,1833,Capped Bust Silver Quarter Series,Capped Bust Silver Quarter,,Very Good,$371.50,1,,Variety 2. Part of a lot with 1807 Draped Bust Silver Quarte,,
2,Looks like a SET — confirm if individual coin or set record,39b04e68-45a8-4b80-9c88-d0901d621e20,,Celebrating America Coin Collection,,,Ungraded,$17.95,1,,"The specific coin (year, denomination) is not explicitly sta",invoices/queue/85294d49-0af6-4251-a63b-2b94b931714a_Scan_20260129 (67).pdf,
2,Missing Year,39b04e68-45a8-4b80-9c88-d0901d621e20,,Celebrating America Coin Collection,,,Ungraded,$17.95,1,,"The specific coin (year, denomination) is not explicitly sta",invoices/queue/85294d49-0af6-4251-a63b-2b94b931714a_Scan_20260129 (67).pdf,
2,Looks like a SET — confirm if individual coin or set record,5c8412e8-1bc6-48ab-8d58-73438a51be06,,Celebrating America Coin Collection,,,Ungraded,$17.95,1,,Shipment 9 of collection,invoices/queue/b248bd95-4d74-4ab4-9d7b-ae4275453762_Scan_20260129 (69).pdf,
2,Missing Year,5c8412e8-1bc6-48ab-8d58-73438a51be06,,Celebrating America Coin Collection,,,Ungraded,$17.95,1,,Shipment 9 of collection,invoices/queue/b248bd95-4d74-4ab4-9d7b-ae4275453762_Scan_20260129 (69).pdf,
2,Looks like a SET — confirm if individual coin or set record,81d0ccc0-0ebd-44e7-a644-7ff7ce9cc5f7,,Celebrating America Coin Collection,$1,,Ungraded,$17.95,1,,This is Shipment 15 of the collection. Specific denomination,invoices/queue/bb2fbe36-1403-4cd2-94a4-7ccaf1d197d9_Scan_20260129 (68).pdf,
2,Missing Year,81d0ccc0-0ebd-44e7-a644-7ff7ce9cc5f7,,Celebrating America Coin Collection,$1,,Ungraded,$17.95,1,,This is Shipment 15 of the collection. Specific denomination,invoices/queue/bb2fbe36-1403-4cd2-94a4-7ccaf1d197d9_Scan_20260129 (68).pdf,
2,Looks like a SET — confirm if individual coin or set record,2d47f4dc-2893-44d3-8d35-33d6ecf215fb,2024,Celebrating America Coin Collection,Washington Quarter,,Ungraded,$17.95,1,,Item is part of the 'Celebrating America Coin Collection'. ',invoices/queue/25f86298-3af0-49fb-9500-1c3c07491bfc_Scan_20260129 (70).pdf,
2,Looks like a SET — confirm if individual coin or set record,a34d398d-792c-40b8-a35e-4cb895462543,2001S,Clad  Proof Set 10 coins,,,ch proog 63,$40.50,1,Clad  Proof Set 10 coins,,miscellaneous purchases.xlsx,
2,Looks like a SET — confirm if individual coin or set record,3ac52092-ab2a-454d-9823-5a62daebf5c8,2018S,Clad  Proof Set 10 coins,,,ch proog 63,$146.00,1,Clad  Proof Set 10 coins,,miscellaneous purchases.xlsx,
2,Looks like a SET — confirm if individual coin or set record,c0699946-4625-46ef-ad1e-32dec04f60f9,2004S,Clad  Proof Set 11 coins,,,ch proog 63,$40.50,1,Clad  Proof Set 11 coins,,miscellaneous purchases.xlsx,
2,Looks like a SET — confirm if individual coin or set record,c3439d5a-b9c2-497f-a6ac-21a32bc94821,2016S,Clad  Proof Set 13 coins,,,ch proog 63,$119.00,1,Clad  Proof Set 13 coins,,miscellaneous purchases.xlsx,
2,Looks like a SET — confirm if individual coin or set record,24712445-a2b9-477f-ab46-4663d5834f35,2014S,Clad  Proof Set 14 coins,,,ch proog 63,$90.95,1,Clad  Proof Set 14 coins,,miscellaneous purchases.xlsx,
2,Looks like a SET — confirm if individual coin or set record,80bdf654-7187-46cd-8b29-025af073c16d,1971S,Clad  Proof Set 5 coins,,,ch proog 63,$18.50,1,Clad  Proof Set 5 coins,,miscellaneous purchases.xlsx,
2,Looks like a SET — confirm if individual coin or set record,a51a5054-788f-457f-b29f-54d787de7acc,1982S,Clad  Proof Set 5 coins,,,ch proog 63,$22.50,1,Clad  Proof Set 5 coins,,miscellaneous purchases.xlsx,
2,Looks like a SET — confirm if individual coin or set record,d1eff7aa-7484-4297-94fd-8675609d6ccb,1985S,Clad  Proof Set 5 coins,,,ch proog 63,$22.50,1,Clad  Proof Set 5 coins,,miscellaneous purchases.xlsx,
2,Looks like a SET — confirm if individual coin or set record,07d4031a-a0bd-42a2-a702-a4e81b5b01e7,1989S,Clad  Proof Set 5 coins,,,ch proog 63,$23.95,1,Clad  Proof Set 5 coins,,miscellaneous purchases.xlsx,
2,Looks like a SET — confirm if individual coin or set record,c81c7942-47c0-49c5-a53f-b1a1a9420a68,1989S,Clad  Proof Set 5 coins,,,ch proog 63,$19.50,1,Clad  Proof Set 5 coins,,miscellaneous purchases.xlsx,
2,Looks like a SET — confirm if individual coin or set record,99046f2e-7d32-4957-acce-01f8e46399dc,1995S,Clad  Proof Set 5 coins,,,ch proog 63,$38.50,1,Clad  Proof Set 5 coins,,miscellaneous purchases.xlsx,
2,Looks like a SET — confirm if individual coin or set record,0d7b3a6d-cd7e-4faf-88f7-6d03653b08c9,1976S,Clad  Proof Set 6 coins,,,ch proog 63,$33.95,1,Clad  Proof Set 6 coins,,miscellaneous purchases.xlsx,
2,Looks like a SET — confirm if individual coin or set record,ac6bb748-b5e9-46e2-b37f-06c67b56bb20,1977S,Clad  Proof Set 6 coins,,,ch proog 63,$30.95,1,Clad  Proof Set 6 coins,,miscellaneous purchases.xlsx,
2,Looks like a SET — confirm if individual coin or set record,5620bc6b-1206-486f-bbae-5b4bec6fca5f,1978S,Clad  Proof Set 6 coins,,,ch proog 63,$28.95,1,Clad  Proof Set 6 coins,,miscellaneous purchases.xlsx,
2,Looks like a SET — confirm if individual coin or set record,9e9cc96d-e1e0-401a-b2db-3f4d324696b6,1980S,Clad  Proof Set 6 coins,,,ch proog 63,$23.95,1,Clad  Proof Set 6 coins,,miscellaneous purchases.xlsx,
2,Looks like a SET — confirm if individual coin or set record,16514dac-1400-4c41-8b91-9a22ea5c5191,1983S,Clad  Proof Set 6 coins,,,ch proog 63,$26.50,1,Clad  Proof Set 6 coins,,miscellaneous purchases.xlsx,
2,Looks like a SET — confirm if individual coin or set record,f55555a4-2e15-4551-bba4-a3f03863a97a,1999S,Clad  Proof Set 9 coins,,,ch proog 63,$34.50,1,Clad  Proof Set 9 coins,,miscellaneous purchases.xlsx,
2,Looks like a SET — confirm if individual coin or set record,53595b63-0b7c-4715-9c24-e324de3aeb17,1983,Clad Proof Set,Mixed (Proof Set),S,Ch Proof-63,$0.00,1,,,invoices/queue/4b02071f-0765-4433-b812-1414d6c18df0_Scan_20260129 (55).pdf,
2,Looks like a SET — confirm if individual coin or set record,3c85311b-2391-4b6f-84ba-52a2cef9d096,2000S,Clad Proof Set 10 Coins,,,ch proof 63,$25.95,1,Clad Proof Set 10 Coins,,miscellaneous purchases.xlsx,
2,Looks like a SET — confirm if individual coin or set record,b3adf0c3-5c6b-4a65-892a-accf5bc3c813,2002S,Clad Proof Set 10 Coins,,,ch proof 63,$28.50,1,Clad Proof Set 10 Coins,,miscellaneous purchases.xlsx,
2,Looks like a SET — confirm if individual coin or set record,56965cd9-fcd6-4110-9db1-1de8bd398505,2003S,Clad Proof Set 10 Coins,,,ch proof 63,$26.50,1,Clad Proof Set 10 Coins,,miscellaneous purchases.xlsx,
2,Looks like a SET — confirm if individual coin or set record,7d33a2ce-c0cd-40d8-a2d3-906cc80617cd,2006S,Clad Proof Set 10 Coins,,,ch proof 63,$32.95,1,Clad Proof Set 10 Coins,,miscellaneous purchases.xlsx,
2,Looks like a SET — confirm if individual coin or set record,cb23c3dd-b320-4b2f-8c4b-30750587340d,2017S,Clad Proof Set 10 coins,,,ch proof 63,$126.00,1,Clad Proof Set 10 coins,,miscellaneous purchases.xlsx,
2,Looks like a SET — confirm if individual coin or set record,6a4b0ac2-123e-42c4-9a0b-fe97ff49c7c4,2022S,Clad Proof Set 10 coins,,,ch proof 63,$44.95,1,Clad Proof Set 10 coins,,miscellaneous purchases.xlsx,
2,Looks like a SET — confirm if individual coin or set record,eb1510e8-07f6-4ac4-9b00-e43bce8c4f70,2019S,Clad Proof Set 11 coins,,,ch proof 63,$78.95,1,Clad Proof Set 11 coins,,miscellaneous purchases.xlsx,
2,Looks like a SET — confirm if individual coin or set record,0ae6ce64-6ec6-4599-92dc-2413ef43b60c,2006S,Clad Proof Set 14 Coins,,,ch proof 63,$92.50,1,Clad Proof Set 14 Coins,,miscellaneous purchases.xlsx,
2,Looks like a SET — confirm if individual coin or set record,767bca45-aabb-46ea-ac10-14c94118134c,2007S,Clad Proof Set 14 coins,,,ch proof 63,$56.00,1,Clad Proof Set 14 coins,,miscellaneous purchases.xlsx,
2,Looks like a SET — confirm if individual coin or set record,b97b09d3-c61a-482b-9311-63cf8cbeac7f,2008S,Clad Proof Set 14 coins,,,ch proof 63,$108.00,1,Clad Proof Set 14 coins,,miscellaneous purchases.xlsx,
2,Looks like a SET — confirm if individual coin or set record,7afa9416-4e1e-45c6-9c86-242716e90e3e,2013S,Clad Proof Set 14 coins,,,ch proof 63,$158.00,1,Clad Proof Set 14 coins,,miscellaneous purchases.xlsx,
2,Looks like a SET — confirm if individual coin or set record,83203916-5509-47aa-9131-d639ba17ed4e,2013S,Clad Proof Set 14 coins,,,ch proof 63,$90.95,1,Clad Proof Set 14 coins,,miscellaneous purchases.xlsx,
2,Looks like a SET — confirm if individual coin or set record,83ba22b0-4bb3-43cf-8560-d27e65a694bd,2015S,Clad Proof Set 14 coins,,,ch proof 63,$92.50,1,Clad Proof Set 14 coins,,miscellaneous purchases.xlsx,
2,Looks like a SET — confirm if individual coin or set record,5de66bea-05b5-4c3c-9ce4-620689d8852b,1968S,Clad Proof Set 5 coins,,,ch proof 63,$30.95,1,Clad Proof Set 5 coins,,miscellaneous purchases.xlsx,
2,Looks like a SET — confirm if individual coin or set record,e914d030-594e-4715-91a1-9b26d3820c58,1987S,Clad Proof Set 5 coins,,,ch proof 63,$20.00,1,Clad Proof Set 5 coins,,miscellaneous purchases.xlsx,
2,Looks like a SET — confirm if individual coin or set record,5bfd2a89-7bbd-4f78-b828-a88e574e340a,1998S,Clad Proof Set 5 coins,,,ch proof 63,$36.95,1,Clad Proof Set 5 coins,,miscellaneous purchases.xlsx,
2,Looks like a SET — confirm if individual coin or set record,71692645-e377-4760-b4f5-814b888016b5,1979S,Clad Proof Set 6 coins,,,ch proof 63,$33.25,1,Clad Proof Set 6 coins,,miscellaneous purchases.xlsx,
2,Looks like a SET — confirm if individual coin or set record,530211bf-d177-40a1-b84c-e759d045103b,2021S,Clad Proof Set7 coins,,,ch proof 63,$44.95,1,Clad Proof Set7 coins,,miscellaneous purchases.xlsx,
2,Looks like a SET — confirm if individual coin or set record,5cfd9020-ef60-4a9c-b8e8-6ccfc4eb1b45,2005S,Clad Proof set  11 coins,,,ch proof 63,$23.50,1,Clad Proof set  11 coins,,miscellaneous purchases.xlsx,
2,Looks like a SET — confirm if individual coin or set record,50fd7f72-4416-4779-be91-5ca3b5d82381,1972S,Clad Proof set 5 coins,,,ch proof 63,$18.50,1,Clad Proof set 5 coins,,miscellaneous purchases.xlsx,
2,Looks like a SET — confirm if individual coin or set record,dbaced33-6b8a-409a-b312-07d9d5702cd6,2021S,Clad Silver Proof Set 7 coins,,,ch proof 63,$175.00,1,Clad Silver Proof Set 7 coins,,miscellaneous purchases.xlsx,
2,Looks like a SET — confirm if individual coin or set record,b2cffe39-88c2-4dd6-b09b-cff247e99883,2009S,Clad US Mint Proof set 18 coins,,,ch proof 63,$71.95,1,Clad US Mint Proof set 18 coins,,miscellaneous purchases.xlsx,
2,Looks like a SET — confirm if individual coin or set record,594aaaef-70f6-4d77-8443-4da736df9153,1996S,Clad proof set 5 coins,,,ch proof 63,$31.50,1,Clad proof set 5 coins,,miscellaneous purchases.xlsx,
2,Missing Year,5da6b179-1043-43c8-9efb-53e7e89da6c1,,Club Selection,Quarter,,Ungraded,$239.00,1,,,,
2,Looks like a SET — confirm if individual coin or set record,ac023324-941d-4407-9ba6-823f7cf84f94,2018-20,Complete 50 Native American Quarters and folder,,,uncirculated,$259.00,1,Complete 50 Native American Quarters and folder,,miscellaneous purchases.xlsx,
2,Looks like a SET — confirm if individual coin or set record,ff1b0cbf-eb90-4502-b450-504458f709df,1807,Draped Bust Silver Quarter Series,Draped Bust Silver Quarter,,Very Good,$371.50,1,,#2. Part of a lot with 1833 Capped Bust Silver Quarter. Tota,,
2,Looks like a SET — confirm if individual coin or set record,1fd98ac1-c81a-4282-af63-fb7d669574c5,1971,Eisenhower Dollar,Dollar,,UNC 63,$31.35,1,,1971-1978 Eisenhower Dollar Set with Album,,
2,Looks like a SET — confirm if individual coin or set record,29789c64-8014-4b8b-9554-193654d70512,1971,Eisenhower Dollar,1 Dollar,D,UNC 63,$31.35,1,,1971-1978 Eisenhower Dollar Set with Album,,
2,Looks like a SET — confirm if individual coin or set record,4228ebd9-8618-45ae-ade0-cd249c7eeb45,1971,Eisenhower Dollar,1 Dollar,S,UNC 63,$31.35,1,,1971-1978 Eisenhower Dollar Set with Album,,
2,Looks like a SET — confirm if individual coin or set record,4534f6bd-0833-4ee1-8b7c-d03a090e1e73,1971,Eisenhower Dollar,Dollar,S,UNC 63,$31.35,1,,1971-1978 Eisenhower Dollar Set with Album,,
2,Looks like a SET — confirm if individual coin or set record,4b9cf4c8-18e1-4be6-9924-bd42e51c401e,1971,Eisenhower Dollar,Dollar,D,UNC 63,$31.35,1,,1971-1978 Eisenhower Dollar Set with Album,,
2,Looks like a SET — confirm if individual coin or set record,6e7822ee-9160-410c-847e-e7e783ec9c13,1971,Eisenhower Dollar,Dollar,S,Proof-63,$31.35,1,,1971-1978 Eisenhower Dollar Set with Album,,
2,Looks like a SET — confirm if individual coin or set record,867a2a10-9033-4dec-842b-b296d37b47c9,1971,Eisenhower Dollar,1 Dollar,,UNC 63,$31.35,1,,1971-1978 Eisenhower Dollar Set with Album,,
2,Looks like a SET — confirm if individual coin or set record,c4307811-0a9e-421f-afba-69871cac8814,1971,Eisenhower Dollar,1 Dollar,S,Proof-63,$31.35,1,,1971-1978 Eisenhower Dollar Set with Album,,
2,Looks like a SET — confirm if individual coin or set record,03368cca-ca64-4136-880f-eb79343fa80e,1972,Eisenhower Dollar,Dollar,S,Proof-63,$31.35,1,,1971-1978 Eisenhower Dollar Set with Album,,
2,Looks like a SET — confirm if individual coin or set record,33213e3a-7b75-453c-9434-284c348c6bfa,1972,Eisenhower Dollar,1 Dollar,D,Uncirculated 63,$31.35,1,,1971-1978 Eisenhower Dollar Set with Album,,
2,Looks like a SET — confirm if individual coin or set record,4d5fb81a-5c84-48d4-8c00-c6b52ed477cd,1972,Eisenhower Dollar,Dollar,S,UNC-63,$31.35,1,,1971-1978 Eisenhower Dollar Set with Album,,
2,Looks like a SET — confirm if individual coin or set record,51bf2885-9ae1-4987-8713-da11d7b7bd0c,1972,Eisenhower Dollar,Dollar,D,MS-63,$31.35,1,,1971-1978 Eisenhower Dollar Set with Album,,
2,Looks like a SET — confirm if individual coin or set record,6a60f0a3-474d-45a9-8821-f919781ccd13,1972,Eisenhower Dollar,1 Dollar,S,Proof-63,$31.35,1,,1971-1978 Eisenhower Dollar Set with Album,,
2,Looks like a SET — confirm if individual coin or set record,7a11171c-461d-44ca-81f1-0ac86f5b86de,1972,Eisenhower Dollar,1 Dollar,S,UNC 63,$31.35,1,,1971-1978 Eisenhower Dollar Set with Album,,
2,Looks like a SET — confirm if individual coin or set record,e897940b-5cf6-4952-84d4-a50fd97d6dd2,1972,Eisenhower Dollar,Dollar,,UNC 63,$31.35,1,,1971-1978 Eisenhower Dollar Set with Album,,
2,Looks like a SET — confirm if individual coin or set record,ec1df576-3bac-40ec-9d3a-22ec4564c97f,1972,Eisenhower Dollar,1 Dollar,,UNC 63,$31.35,1,,1971-1978 Eisenhower Dollar Set with Album,,
2,Looks like a SET — confirm if individual coin or set record,077931ce-b10c-4c80-8e4f-b0e52335a759,1973,Eisenhower Dollar,Dollar,S,UNC 63,$31.35,1,,1971-1978 Eisenhower Dollar Set with Album,,
2,Looks like a SET — confirm if individual coin or set record,17992107-9860-4de2-a7c0-cdec46b65a17,1973,Eisenhower Dollar,1 Dollar,,UNC 63,$31.35,1,,1971-1978 Eisenhower Dollar Set with Album,,
2,Looks like a SET — confirm if individual coin or set record,196f9db1-34c0-41ed-b693-ddfce9ed6ec2,1973,Eisenhower Dollar,1 Dollar,D,UNC 63,$31.35,1,,1971-1978 Eisenhower Dollar Set with Album,,
2,Looks like a SET — confirm if individual coin or set record,3d890897-dc2e-406e-a4e2-1a4873eda5d3,1973,Eisenhower Dollar,1 Dollar,S,Proof-63,$31.35,1,,1971-1978 Eisenhower Dollar Set with Album,,
2,Looks like a SET — confirm if individual coin or set record,41c3b012-0737-4180-a883-632ceb413d31,1973,Eisenhower Dollar,Dollar,,UNC 63,$31.35,1,,1971-1978 Eisenhower Dollar Set with Album,,
2,Looks like a SET — confirm if individual coin or set record,42c00cb2-5e26-4157-bbe8-e0c1bd019836,1973,Eisenhower Dollar,Dollar,D,MS-63,$31.35,1,,1971-1978 Eisenhower Dollar Set with Album,,
2,Looks like a SET — confirm if individual coin or set record,d62fdb8a-2f6c-483c-8046-18265eaa074c,1973,Eisenhower Dollar,1 Dollar,S,UNC 63,$31.35,1,,1971-1978 Eisenhower Dollar Set with Album,,
2,Looks like a SET — confirm if individual coin or set record,dd970bfb-98b8-463b-b1cb-988c4f406c3a,1973,Eisenhower Dollar,Dollar,S,Proof-63,$31.35,1,,1971-1978 Eisenhower Dollar Set with Album,,
2,Looks like a SET — confirm if individual coin or set record,12f2f133-92ac-4e29-8253-940b2ae05210,1974,Eisenhower Dollar,Dollar,D,UNC 63,$31.35,1,,1971-1978 Eisenhower Dollar Set with Album,,
2,Looks like a SET — confirm if individual coin or set record,2e17b559-4eb3-4a77-8a21-8e3161dae699,1974,Eisenhower Dollar,Dollar,S,Proof-63,$31.35,1,,1971-1978 Eisenhower Dollar Set with Album,,
2,Looks like a SET — confirm if individual coin or set record,36500840-9116-423f-ba94-fb64292f98e1,1974,Eisenhower Dollar,1 Dollar,S,Proof-63,$31.35,1,,1971-1978 Eisenhower Dollar Set with Album,,
2,Looks like a SET — confirm if individual coin or set record,57cd5eb7-6d95-44f3-89fa-e96ce2005f31,1974,Eisenhower Dollar,Dollar,S,UNC 63,$31.35,1,,1971-1978 Eisenhower Dollar Set with Album,,
2,Looks like a SET — confirm if individual coin or set record,a5198aaa-2b99-4de0-be93-525fa1024f3a,1974,Eisenhower Dollar,1 Dollar,,UNC 63,$31.35,1,,1971-1978 Eisenhower Dollar Set with Album,,
2,Looks like a SET — confirm if individual coin or set record,ee5243cb-020c-4607-beaf-4505235a24c1,1974,Eisenhower Dollar,Dollar,,UNC 63,$31.35,1,,1971-1978 Eisenhower Dollar Set with Album,,
2,Looks like a SET — confirm if individual coin or set record,ef7b0ecc-f8b9-4d21-bb68-1328d26196a7,1974,Eisenhower Dollar,1 Dollar,D,UNC 63,$31.35,1,,1971-1978 Eisenhower Dollar Set with Album,,
2,Looks like a SET — confirm if individual coin or set record,f8a14d7d-1ced-4988-bb01-00bdedc9d6d1,1974,Eisenhower Dollar,1 Dollar,S,UNC 63,$31.35,1,,1971-1978 Eisenhower Dollar Set with Album,,
2,Looks like a SET — confirm if individual coin or set record,66392547-33fc-43be-904a-fffed5743bb8,1976,Eisenhower Dollar,Dollar,D,Uncirculated,$13.50,1,,Part of 1976-D Type 1 & Type 2 Eisenhower Dollar Set (BB43).,gs://studio-9101802118-8c9a8-uploads/invoices/ab37fc17-6951-406d-9bf1-51add3fa8dc5_1769971182_Scan_20260128 (16).pdf,
2,Looks like a SET — confirm if individual coin or set record,761a005f-578d-41c6-b6b4-7b81fefd1eac,1976,Eisenhower Dollar,Dollar,D,Uncirculated,$13.50,1,,Part of 1976-D Type 1 & Type 2 Eisenhower Dollar Set (BB43).,gs://studio-9101802118-8c9a8-uploads/invoices/ab37fc17-6951-406d-9bf1-51add3fa8dc5_1769971182_Scan_20260128 (16).pdf,
2,Looks like a SET — confirm if individual coin or set record,24e8e7f2-bb17-423e-adf9-a3be9d278680,1977,Eisenhower Dollar,Dollar,D,UNC 63,$31.35,1,,1971-1978 Eisenhower Dollar Set with Album,,
2,Looks like a SET — confirm if individual coin or set record,5e6e26e8-622b-4365-a45f-7b163cca0f6a,1977,Eisenhower Dollar,1 Dollar,,UNC 63,$31.35,1,,1971-1978 Eisenhower Dollar Set with Album,,
2,Looks like a SET — confirm if individual coin or set record,637e51e2-3e83-4e6b-bed6-cfb512b87ba5,1977,Eisenhower Dollar,1 Dollar,D,UNC 63,$31.35,1,,1971-1978 Eisenhower Dollar Set with Album,,
2,Looks like a SET — confirm if individual coin or set record,63fcde93-33af-40f3-af2b-24cba4b3188a,1977,Eisenhower Dollar,Dollar,,UNC 63,$31.35,1,,1971-1978 Eisenhower Dollar Set with Album,,
2,Looks like a SET — confirm if individual coin or set record,942cd772-4325-469c-9e31-67c987ca0f02,1977,Eisenhower Dollar,Dollar,S,Proof-63,$31.35,1,,1971-1978 Eisenhower Dollar Set with Album,,
2,Looks like a SET — confirm if individual coin or set record,f67de2ee-9aa9-4692-9875-d5b17748fa68,1977,Eisenhower Dollar,1 Dollar,S,Proof-63,$31.35,1,,1971-1978 Eisenhower Dollar Set with Album,,
2,Looks like a SET — confirm if individual coin or set record,1266e7a0-a18b-40aa-b34a-8a9631567043,1978,Eisenhower Dollar,1 Dollar,D,UNC 63,$31.35,1,,1971-1978 Eisenhower Dollar Set with Album,,
2,Looks like a SET — confirm if individual coin or set record,306ac562-2c2e-4138-afae-0c598a9d9893,1978,Eisenhower Dollar,Dollar,S,Proof-63,$31.35,1,,1971-1978 Eisenhower Dollar Set with Album,,
2,Looks like a SET — confirm if individual coin or set record,513eecef-c1ab-4c9a-a385-d7fe87cd1e09,1978,Eisenhower Dollar,1 Dollar,S,Proof-63,$31.35,1,,1971-1978 Eisenhower Dollar Set with Album,,
2,Looks like a SET — confirm if individual coin or set record,a00ee744-24a7-4522-96d1-4766814dfb92,1978,Eisenhower Dollar,Dollar,D,UNC 63,$31.35,1,,1971-1978 Eisenhower Dollar Set with Album,,
2,Looks like a SET — confirm if individual coin or set record,4583bee5-e188-46f6-bec7-991df646c3b2,1971-78,Eisenhower Dollar set 16 coins with lbum,,,unc Proog 63,points,1,Eisenhower Dollar set 16 coins with lbum,,miscellaneous purchases.xlsx,
2,Looks like a SET — confirm if individual coin or set record,a7e2f803-1ccd-46ea-a7c1-7be33f4ee08b,1981S,Filled S Proof Set 6 Coins,,,ch proof 63,$24.95,1,Filled S Proof Set 6 Coins,,miscellaneous purchases.xlsx,
2,Year 'multiple' looks invalid,27321715-bc5e-4dff-965a-e405d126bed9,multiple,Flying Eagle Cent,Flying Eagle cent,,Average Circulated,$0.00,1,,Year input: 1856-1909,,
2,Looks like a SET — confirm if individual coin or set record,c88df2f6-830f-4246-8dea-db43d5c47c42,,George Washimgtom Coin Note and stamp set,,,,$29.95,1,George Washimgtom Coin Note and stamp set,,miscellaneous purchases.xlsx,
2,Missing Year,c88df2f6-830f-4246-8dea-db43d5c47c42,,George Washimgtom Coin Note and stamp set,,,,$29.95,1,George Washimgtom Coin Note and stamp set,,miscellaneous purchases.xlsx,
2,Missing Year,53e3ba95-7b25-47a7-bbf2-bb5bdf1c5e2a,,Historic U.S. Silver Coins,Barber Quarter,P,Ungraded,$0.00,1,,,gs://studio-9101802118-8c9a8-uploads/invoices/75ae4932-6978-4e04-8253-5068c209ef3b_1769968144_Scan_20260128 (3).pdf,
2,Missing Year,c02e6065-8e88-46a7-b1f0-f79714c14ae5,,Historic U.S. Silver Coins,Dime,D,Uncirculated,$0.00,1,,,gs://studio-9101802118-8c9a8-uploads/invoices/75ae4932-6978-4e04-8253-5068c209ef3b_1769968144_Scan_20260128 (3).pdf,
2,Looks like a SET — confirm if individual coin or set record,41a697a1-2a51-4b08-a3ba-0f6ad94e230f,19th & 20th century,Indian Head Cent 2 coin set with case,,,extra fine,points,1,Indian Head Cent 2 coin set with case,,miscellaneous purchases.xlsx,
2,Year '19th & 20th century' looks invalid,41a697a1-2a51-4b08-a3ba-0f6ad94e230f,19th & 20th century,Indian Head Cent 2 coin set with case,,,extra fine,points,1,Indian Head Cent 2 coin set with case,,miscellaneous purchases.xlsx,
2,Missing Year,b00af6fd-f5b6-4b8e-9c16-345b3b0331cb,,Indian Head Gold Half Eagle,$5,,AU-50,$695.00,1,,Coin in deluxe holder. Year range provided as 1903-1929.,,
2,Looks like a SET — confirm if individual coin or set record,d5a48ef2-dad4-45af-bd1b-b816f6077ce4,2018,Jamul Indian Coin Set,US Coin Set,,Uncirculated,$0.00,1,,"Denomination is a coin set, not a single coin. Cost is liste",invoices/queue/8c5ab76d-b4ee-4c60-872b-36d44da70a4f_Scan_20260129 (51).pdf,
2,Looks like a SET — confirm if individual coin or set record,d2c6e46d-011d-4445-bc83-3d12a050992c,2003,Jefferson Nickel,Nickel,,Mixed (Uncirculated/Proof),$120.00,1,,Collection/set described as 'Westward Journey Nickels set'. ,,
2,Looks like a SET — confirm if individual coin or set record,6f646fb2-d7a8-4107-aff4-7e7d13146c4b,1940,Jefferson Nickel Series,Nickel,P,Average Circulated,$0.00,1,,Acquired with points.,,
2,Looks like a SET — confirm if individual coin or set record,b2aadd47-2387-43f3-a66e-b7fce7f07c4c,1940,Jefferson Nickel Series,Nickel,S,Average Circulated,$0.00,1,,Acquired with points.,,
2,Looks like a SET — confirm if individual coin or set record,919ef8ac-bc4c-4730-acfe-09bce47b5ba4,1941,Jefferson Nickel Series,Nickel,S,Average Circulated,$0.00,1,,Acquired with points.,,
2,Looks like a SET — confirm if individual coin or set record,5a6767c8-e6dc-4739-9dba-e994cf32b3c7,1942,Jefferson Nickel Series,Nickel,S,Uncirculated,$46.00,1,,Wartime nickel.,,
2,Looks like a SET — confirm if individual coin or set record,c316de38-6433-47fd-aa90-a32b73aa6391,1942,Jefferson Nickel Series,Nickel,P,Average Circulated,$9.25,1,,Wartime nickel.,,
2,Looks like a SET — confirm if individual coin or set record,dc30d434-c5f8-4f09-93a5-eac007563ff8,1942,Jefferson Nickel Series,Nickel,S,Average Circulated,$0.00,1,,Wartime Nickel - Silver Alloy. Acquired with points.,,
2,Looks like a SET — confirm if individual coin or set record,e21fc3a3-cd20-487b-8058-0168ef9fa441,1942,Jefferson Nickel Series,Nickel,P,Average Circulated,$0.00,1,,Wartime Nickel - Silver Alloy. Acquired with points.,,
2,Looks like a SET — confirm if individual coin or set record,1562fab4-d5a4-44bf-8cef-2bb4a026d7fe,1943,Jefferson Nickel Series,Nickel,S,Average Circulated,$0.00,1,,Wartime nickel silver alloy. Acquired with points.,,
2,Looks like a SET — confirm if individual coin or set record,3f841744-7bd5-418e-9b8a-85196763c5d1,1943,Jefferson Nickel Series,Nickel,S,Uncirculated,$29.95,1,,Wartime nickel.,,
2,Looks like a SET — confirm if individual coin or set record,9b7cb063-3a61-4f6d-898b-45af65f14658,1943,Jefferson Nickel Series,Nickel,P,Average Circulated,$6.25,1,,Wartime nickel.,,
2,Looks like a SET — confirm if individual coin or set record,220ef447-7e93-4d47-9a49-8f3f8b072fe7,1944,Jefferson Nickel Series,Nickel,P,Average Circulated,$0.00,1,,Wartime nickel silver alloy. Acquired with points.,,
2,Looks like a SET — confirm if individual coin or set record,68a77009-2d13-44f3-8cc2-aa0952abbb88,1944,Jefferson Nickel Series,Nickel,P,Average Circulated,$0.00,1,,Wartime nickel silver alloy. Acquired with points.,,
2,Looks like a SET — confirm if individual coin or set record,8b0fc299-0891-407d-badb-1d309c76f9cd,1945,Jefferson Nickel Series,Nickel,S,Uncirculated,$22.50,1,,Wartime nickel.,,
2,Looks like a SET — confirm if individual coin or set record,e7c6ee02-bf19-44dd-8977-0b7c083a785e,1945,Jefferson Nickel Series,Nickel,S,Uncirculated,$0.00,1,,Wartime Nickel - Silver Alloy. Acquired with points.,,
2,Looks like a SET — confirm if individual coin or set record,62186fb5-7ebe-42d6-971b-4e9bf672064a,1946,Jefferson Nickel Series,Nickel,D,Uncirculated,$12.50,1,,,,
2,Looks like a SET — confirm if individual coin or set record,bf30c441-fec5-4535-a938-bacd704f3d3d,1949,Jefferson Nickel Series,Nickel,D,Uncirculated,$24.00,1,,,,
2,Looks like a SET — confirm if individual coin or set record,aee76578-9553-485a-b575-fb5396df8342,1950,Jefferson Nickel Series,Nickel,P,Uncirculated,$12.75,1,,,,
2,Looks like a SET — confirm if individual coin or set record,3cc14ac3-f71b-4a17-8a83-d3f0255d30d4,1952,Jefferson Nickel Series,Nickel,D,Uncirculated,$28.75,1,,,,
2,Looks like a SET — confirm if individual coin or set record,371f933a-a077-49b4-9c08-9bcf1da93fb9,1953,Jefferson Nickel Series,Nickel,P,Uncirculated,$3.75,1,,,,
2,Looks like a SET — confirm if individual coin or set record,0168beb3-599a-4697-838e-806d2d622277,1954,Jefferson Nickel Series,Nickel,S,Uncirculated,$5.50,1,,,,
2,Looks like a SET — confirm if individual coin or set record,17d50bda-7095-425e-b575-dc5c80869a49,1954,Jefferson Nickel Series,Nickel,P,Uncirculated,$8.25,1,,,,
2,Looks like a SET — confirm if individual coin or set record,0df66aea-659f-44a6-b8fc-e2cd4a8bb6aa,1955,Jefferson Nickel Series,Nickel,D,Uncirculated,$1.95,1,,,,
2,Looks like a SET — confirm if individual coin or set record,c1928151-a421-4e40-a710-6649b4736f26,1956,Jefferson Nickel Series,Nickel,P,Average Circulated,$0.80,1,,,,
2,Looks like a SET — confirm if individual coin or set record,ed557213-673e-454d-a5be-84e0e9636c25,1957,Jefferson Nickel Series,Nickel,P,Uncirculated,$2.50,1,,,,
2,Looks like a SET — confirm if individual coin or set record,7f37fd68-1b4d-4047-8e45-00d17e804400,1958,Jefferson Nickel Series,Nickel,D,Uncirculated,$1.10,1,,,,
2,Looks like a SET — confirm if individual coin or set record,94d7101e-d4dd-4614-849f-fabea813bbb0,1958,Jefferson Nickel Series,Nickel,D,Average Circulated,$0.00,1,,Acquired with points.,,
2,Looks like a SET — confirm if individual coin or set record,8c29283b-384b-4feb-9218-043e080e5a1d,1959,Jefferson Nickel Series,Nickel,D,Average Circulated,$0.80,1,,,,
2,Looks like a SET — confirm if individual coin or set record,b7e36423-3f76-4eab-8d80-e609df42db8b,1959,Jefferson Nickel Series,Nickel,P,Uncirculated,$1.10,1,,,,
2,Looks like a SET — confirm if individual coin or set record,66544263-aecb-458f-8c8f-b6ee1eeead41,1960,Jefferson Nickel Series,Nickel,D,Uncirculated,$0.00,1,,Acquired with points.,,
2,Looks like a SET — confirm if individual coin or set record,37304346-c079-40fa-852b-4e2d672ed6e7,1965,Jefferson Nickel Series,Nickel,,Uncirculated,$0.00,1,,Acquired with points.,,
2,Looks like a SET — confirm if individual coin or set record,351ec8e1-9436-4f2f-aa94-db01a667dcb2,1966,Jefferson Nickel Series,Nickel,,Uncirculated,$0.00,1,,Acquired with points.,,
2,Looks like a SET — confirm if individual coin or set record,0aaf3833-8eb9-439c-9fb8-adabef3a4bc6,1972,Jefferson Nickel Series,Nickel,D,Uncirculated,$1.10,1,,,,
2,Looks like a SET — confirm if individual coin or set record,fa03dbea-b3ca-43b1-aaa2-5f66b7cb68a0,2009,Jefferson Nickel Series,Nickel,S,Proof-63,$4.35,1,,,,
2,Looks like a SET — confirm if individual coin or set record,da0f5aeb-644f-44e7-aaf1-bc883579b187,2020,Jefferson Nickel Series,Nickel,W,Ungraded,$19.95,1,,,,
2,Looks like a SET — confirm if individual coin or set record,47ac9913-3be2-4934-88f0-c9e88e48a010,1964-2012,Kennedy 50 cent year set  48 coins including 2005 coin,,,MS60,$450.00,1,Kennedy 50 cent year set  48 coins including 2005 coin,,miscellaneous purchases.xlsx,
2,Looks like a SET — confirm if individual coin or set record,2451e503-cd13-493d-8f6e-864b69b6b6a3,1965,Kennedy Half Dollar,Kennedy Half Dollar,,Uncirculated,$22.50,1,,From a Special Mint Set (SMS),,
2,Looks like a SET — confirm if individual coin or set record,1393f4cc-d0d2-4ca8-ac04-adeddb140cfa,1967,Kennedy Half Dollar,Kennedy Half Dollar,,Uncirculated,$29.50,1,,From Special Mint Set,,
2,Looks like a SET — confirm if individual coin or set record,738c0be6-c71b-49c4-a50a-121d30a607e3,2003,Kennedy Half Dollar,Kennedy Half Dollar,,Uncirculated,$7.95,1,,Set includes 2003-P and 2003-D Kennedy Half Dollars. Price r,,
2,Looks like a SET — confirm if individual coin or set record,e0af0f2d-a8db-423b-a083-f5f018bf2154,2006,Kennedy Half Dollar,Kennedy Half Dollar,,Uncirculated,$10.95,1,,Set includes 2006-P and 2006-D Kennedy Half Dollars. Price r,,
2,Looks like a SET — confirm if individual coin or set record,13f2d690-ecbf-4753-9aba-1313835e2c3e,1966,Kennedy Half Dollar Series,Kennedy Half Dollar,,Uncirculated,$21.50,1,,Silver from Special Mint Set,,
2,Looks like a SET — confirm if individual coin or set record,84746f1e-b5aa-4ef9-8cf3-98da4338a72c,1968,Kennedy Half Dollar Series,Kennedy Half Dollar,D,Uncirculated,$19.75,1,,,,
2,Looks like a SET — confirm if individual coin or set record,92714b04-24d8-4c9c-9568-c7a9767d881f,1969,Kennedy Half Dollar Series,Kennedy Half Dollar,D,Circulated,$14.95,1,,,,
2,Looks like a SET — confirm if individual coin or set record,0328c217-7311-4fd0-8dfc-2598d23ec605,1972,Kennedy Half Dollar Series,Kennedy Half Dollar,D,Uncirculated,$5.75,1,,,,
2,Looks like a SET — confirm if individual coin or set record,6e5e45d4-dd65-4511-b98c-e54de4caee8b,1973,Kennedy Half Dollar Series,Kennedy Half Dollar,S,Choice Proof 63,$5.95,1,,,,
2,Looks like a SET — confirm if individual coin or set record,4e40be2f-dbb6-41bd-818d-5dbc01fea4e5,1974,Kennedy Half Dollar Series,Kennedy Half Dollar,,Uncirculated,$4.50,1,,,,
2,Looks like a SET — confirm if individual coin or set record,c762480e-49f4-4806-8a76-0092bce4e33d,1976,Kennedy Half Dollar Series,Kennedy Half Dollar,D,Uncirculated,$3.50,1,,CN Clad indicated in description,,
2,Looks like a SET — confirm if individual coin or set record,c8499918-4b84-4884-b079-9c3825576300,1976,Kennedy Half Dollar Series,Kennedy Half Dollar,,Uncirculated,$3.95,1,,CN clad indicated in description,,
2,Looks like a SET — confirm if individual coin or set record,e9ce336c-690e-433d-a1eb-e8ef5c813e11,1976,Kennedy Half Dollar Series,Kennedy Half Dollar,S,Proof-63,$19.50,1,,,,
2,Looks like a SET — confirm if individual coin or set record,c4095245-8138-4f6b-adf2-aefc004a790a,1977,Kennedy Half Dollar Series,Kennedy Half Dollar,S,Choice Proof 63,$7.25,1,,,,
2,Looks like a SET — confirm if individual coin or set record,6d4195aa-c941-471e-8ee7-488324414f03,1979,Kennedy Half Dollar Series,Kennedy Half Dollar,,Uncirculated,$5.50,1,,,,
2,Looks like a SET — confirm if individual coin or set record,01a22bda-0254-40d8-8c63-c9c9efb8df96,1980,Kennedy Half Dollar Series,Kennedy Half Dollar,S,Choice Proof 63,$11.00,1,,,,
2,Looks like a SET — confirm if individual coin or set record,2682303f-3cb8-4306-b4f4-40e3c53e6496,1980,Kennedy Half Dollar Series,Kennedy Half Dollar,P,Uncirculated,$4.50,1,,,,
2,Looks like a SET — confirm if individual coin or set record,220c1abc-a416-47d6-81de-a0710f3488ec,1981,Kennedy Half Dollar Series,Kennedy Half Dollar,P,Uncirculated,$4.95,1,,,,
2,Looks like a SET — confirm if individual coin or set record,e996f334-c979-4af7-ad70-5a166dfcb919,1981,Kennedy Half Dollar Series,Kennedy Half Dollar,D,Uncirculated,$4.75,1,,,,
2,Looks like a SET — confirm if individual coin or set record,a9a0bae5-6343-4df1-8c21-da8b56ecce32,1984,Kennedy Half Dollar Series,Kennedy Half Dollar,D,Uncirculated,$6.95,1,,,,
2,Looks like a SET — confirm if individual coin or set record,0924c3d7-a35f-449d-b359-2b7aba7ec78d,1985,Kennedy Half Dollar Series,Kennedy Half Dollar,P,Uncirculated,$12.25,1,,,,
2,Looks like a SET — confirm if individual coin or set record,15c8842d-f568-4a37-a894-c9025e328d93,1985,Kennedy Half Dollar Series,Kennedy Half Dollar,D,Uncirculated,$9.95,1,,,,
2,Looks like a SET — confirm if individual coin or set record,9433a7b0-63b8-45fd-b9ed-97cce749369a,1985,Kennedy Half Dollar Series,Kennedy Half Dollar,S,Choice Proof 63,$7.50,1,,,,
2,Looks like a SET — confirm if individual coin or set record,e2f3c703-6f4c-4137-b978-2f18761f8223,1986,Kennedy Half Dollar Series,Kennedy Half Dollar,P,Uncirculated,$15.50,1,,,,
2,Looks like a SET — confirm if individual coin or set record,679f2f04-330a-432e-9e8f-00b2f06526c8,1987,Kennedy Half Dollar Series,Kennedy Half Dollar,D,Uncirculated,$9.95,1,,,,
2,Looks like a SET — confirm if individual coin or set record,52f6d720-eb49-4bb2-bcfd-2613e323a6ff,1988,Kennedy Half Dollar Series,Kennedy Half Dollar,D,Uncirculated,$9.75,1,,,,
2,Looks like a SET — confirm if individual coin or set record,cc9a333f-ae73-4773-8e7d-3c75146b4337,1989,Kennedy Half Dollar Series,Kennedy Half Dollar,S,Choice Proof 63,$15.00,1,,,,
2,Looks like a SET — confirm if individual coin or set record,32c0fa3d-ed36-4422-98e0-885e34110695,1990,Kennedy Half Dollar Series,Kennedy Half Dollar,S,Choice Proof 63,$10.75,1,,,,
2,Looks like a SET — confirm if individual coin or set record,d57ce497-31a0-4f35-b5f2-fa72e55cdc83,1990,Kennedy Half Dollar Series,Kennedy Half Dollar,D,Uncirculated,$10.95,1,,,,
2,Looks like a SET — confirm if individual coin or set record,a8b960ea-a0d6-4b8f-a009-9a11058efb8d,1991,Kennedy Half Dollar Series,Kennedy Half Dollar,S,Choice Proof 63,$23.95,1,,,,
2,Looks like a SET — confirm if individual coin or set record,b0d5ad93-b32c-4661-a839-a8278415f1d6,1991,Kennedy Half Dollar Series,Kennedy Half Dollar,D,Uncirculated,$7.95,1,,,,
2,Looks like a SET — confirm if individual coin or set record,6713d7bb-ae19-4237-b3b8-bcecdc6908e3,1992,Kennedy Half Dollar Series,Kennedy Half Dollar,P,Uncirculated,$4.75,1,,,,
2,Looks like a SET — confirm if individual coin or set record,a1856431-4dc6-40a1-bb10-1d4bfd7d5fcd,1992,Kennedy Half Dollar Series,Kennedy Half Dollar,S,Proof-63,$9.35,1,,CN indicates Copper-Nickel,,
2,Looks like a SET — confirm if individual coin or set record,bd0b8510-e60e-4f38-afa0-91800b47ce17,1992,Kennedy Half Dollar Series,Kennedy Half Dollar,D,Uncirculated,$9.95,1,,,,
2,Looks like a SET — confirm if individual coin or set record,652b6822-f16e-4483-a917-9153186097da,1993,Kennedy Half Dollar Series,Kennedy Half Dollar,P,Uncirculated,$12.25,1,,,,
2,Looks like a SET — confirm if individual coin or set record,a82eb776-83e0-4cbe-810e-39e01f00c99f,1995,Kennedy Half Dollar Series,Kennedy Half Dollar,D,Uncirculated,$7.50,1,,,,
2,Looks like a SET — confirm if individual coin or set record,df25f0ba-89ff-4c2b-bf9b-df7065cafac4,1995,Kennedy Half Dollar Series,Kennedy Half Dollar,P,Uncirculated,$4.75,1,,,,
2,Looks like a SET — confirm if individual coin or set record,58a08afb-5da4-4f15-a6bc-f988a04b1f7c,1996,Kennedy Half Dollar Series,Kennedy Half Dollar,P,Uncirculated,$5.25,1,,,,
2,Looks like a SET — confirm if individual coin or set record,f78d890c-f78b-4b0a-b83d-b28c05e895bc,1996,Kennedy Half Dollar Series,Kennedy Half Dollar,S,Proof-63,$75.00,1,,,,
2,Looks like a SET — confirm if individual coin or set record,19b05f4a-e885-4cb4-bea7-0b91f1906760,1997,Kennedy Half Dollar Series,Kennedy Half Dollar,S,Choice Proof 63,$115.00,1,,,,
2,Looks like a SET — confirm if individual coin or set record,63c15727-a4f2-4a9e-a9e8-93b2f5810065,1997,Kennedy Half Dollar Series,Kennedy Half Dollar,P,Uncirculated,$6.95,1,,,,
2,Looks like a SET — confirm if individual coin or set record,6d6ae873-4265-494d-87a4-dc48084b796f,1997,Kennedy Half Dollar Series,Kennedy Half Dollar,D,Uncirculated,$4.25,1,,,,
2,Looks like a SET — confirm if individual coin or set record,d3f78ff7-9d45-4fb5-bf2a-0ed444ddd556,1998,Kennedy Half Dollar Series,Kennedy Half Dollar,P,Uncirculated,$5.95,1,,,,
2,Looks like a SET — confirm if individual coin or set record,9c7e9b7c-4145-4587-ad09-acf594bea0d2,1999,Kennedy Half Dollar Series,Kennedy Half Dollar,D,Uncirculated,$10.75,1,,,,
2,Looks like a SET — confirm if individual coin or set record,8d3277d9-c96a-40c3-a6ec-d9ecde9daf9a,2000,Kennedy Half Dollar Series,Kennedy Half Dollar,P,Uncirculated,$6.95,1,,,,
2,Looks like a SET — confirm if individual coin or set record,1b6a68cf-48f5-409f-86d4-11be6aa81ffd,2001,Kennedy Half Dollar Series,Kennedy Half Dollar,D,Uncirculated,$5.25,1,,,,
2,Looks like a SET — confirm if individual coin or set record,4b9e92b6-82c2-4088-a301-2b6fe28e94f2,2001,Kennedy Half Dollar Series,Kennedy Half Dollar,P,Uncirculated,points,1,,,,
2,Looks like a SET — confirm if individual coin or set record,c6eb376d-941e-48a6-8706-b48dfb4ad0bb,2001,Kennedy Half Dollar Series,Kennedy Half Dollar,P,Uncirculated,$5.25,1,,,,
2,Looks like a SET — confirm if individual coin or set record,fc702afa-a6e5-49fb-8826-f40b3ca80ca1,2001,Kennedy Half Dollar Series,Kennedy Half Dollar,S,Choice Proof 63,$12.50,1,,,,
2,Looks like a SET — confirm if individual coin or set record,a97caea8-16b5-4223-a839-891b1ee0deed,2002,Kennedy Half Dollar Series,Kennedy Half Dollar,P,Uncirculated,$5.25,1,,,,
2,Looks like a SET — confirm if individual coin or set record,c112598d-0bc9-4574-ac71-a8f21e3c549d,2003,Kennedy Half Dollar Series,Kennedy Half Dollar,P,Uncirculated,$5.25,1,,,,
2,Looks like a SET — confirm if individual coin or set record,07296777-b838-4573-b9ac-cf2ef123ee31,2004,Kennedy Half Dollar Series,Kennedy Half Dollar,D,Uncirculated,$6.75,1,,,,
2,Looks like a SET — confirm if individual coin or set record,6d104ba0-345e-462b-9019-3fce405c2acc,2004,Kennedy Half Dollar Series,Kennedy Half Dollar,P,Uncirculated,$6.75,1,,,,
2,Looks like a SET — confirm if individual coin or set record,dfc03870-3ee1-4846-884c-fd4b6bdec396,2004,Kennedy Half Dollar Series,Kennedy Half Dollar,S,Choice Proof 63,$48.00,1,,PR63 noted in description,,
2,Looks like a SET — confirm if individual coin or set record,84176130-6c7a-41b2-a66b-982dd2280513,2005,Kennedy Half Dollar Series,Kennedy Half Dollar,P,Uncirculated,$5.25,1,,,,
2,Looks like a SET — confirm if individual coin or set record,149da8f8-1e42-4f90-9e5e-38e6d16ead77,2006,Kennedy Half Dollar Series,Kennedy Half Dollar,S,Choice Proof 63,$9.50,1,,,,
2,Looks like a SET — confirm if individual coin or set record,9658671a-fd7b-41c2-8fa4-772dba64b4a9,2006,Kennedy Half Dollar Series,Kennedy Half Dollar,D,Uncirculated,$6.50,1,,,,
2,Looks like a SET — confirm if individual coin or set record,f07b07ca-596d-45b5-a506-033a987f7241,2006,Kennedy Half Dollar Series,Kennedy Half Dollar,P,Uncirculated,$6.50,1,,,,
2,Looks like a SET — confirm if individual coin or set record,21fb013e-5d1d-485c-8919-5c52e701fd6d,2007,Kennedy Half Dollar Series,Kennedy Half Dollar,P,Uncirculated,$5.50,1,,,,
2,Looks like a SET — confirm if individual coin or set record,77b02b53-ed00-4f55-b491-cc56e7ad44f4,2007,Kennedy Half Dollar Series,Kennedy Half Dollar,D,Uncirculated,$5.50,1,,,,
2,Looks like a SET — confirm if individual coin or set record,e563c4a6-5abb-47a9-9e3e-b4843c16864e,2007,Kennedy Half Dollar Series,Kennedy Half Dollar,S,Choice Proof 63,$9.95,1,,,,
2,Looks like a SET — confirm if individual coin or set record,6a6ac8d0-da9b-4759-80b6-945833a27f0e,2008,Kennedy Half Dollar Series,Kennedy Half Dollar,P,Uncirculated,$5.75,1,,,,
2,Looks like a SET — confirm if individual coin or set record,eae10b6c-088a-47a6-bc6a-30e0f8f95890,2009,Kennedy Half Dollar Series,Kennedy Half Dollar,D,Uncirculated,$4.75,1,,,,
2,Looks like a SET — confirm if individual coin or set record,f2f9d36e-b4a2-499f-b994-1d6d33785a12,2009,Kennedy Half Dollar Series,Kennedy Half Dollar,P,Uncirculated,$4.75,1,,,,
2,Looks like a SET — confirm if individual coin or set record,4d7794a8-239c-45b7-b829-e3f5d47a3eb2,2010,Kennedy Half Dollar Series,Kennedy Half Dollar,D,Uncirculated,$3.50,1,,,,
2,Looks like a SET — confirm if individual coin or set record,ccb3e0d9-7347-4266-b8d7-b262a747ae90,2010,Kennedy Half Dollar Series,Kennedy Half Dollar,S,Choice Proof 63,$58.50,1,,,,
2,Looks like a SET — confirm if individual coin or set record,fc0fb1f6-c14e-4059-95e0-834af8ef316d,2011,Kennedy Half Dollar Series,Kennedy Half Dollar,P,Uncirculated,$2.50,1,,,,
2,Looks like a SET — confirm if individual coin or set record,1c726c95-0a9d-4767-a0d4-ca2e3a79e9f5,2012,Kennedy Half Dollar Series,Kennedy Half Dollar,D,Uncirculated,$1.95,1,,,,
2,Looks like a SET — confirm if individual coin or set record,5935a2e8-17ed-4892-87c6-96f2bbc27d61,2012,Kennedy Half Dollar Series,Kennedy Half Dollar,P,Uncirculated,$1.95,1,,,,
2,Looks like a SET — confirm if individual coin or set record,9f5e89df-d386-4b0d-9090-6ec68cfd2ab2,2012,Kennedy Half Dollar Series,Kennedy Half Dollar,S,Choice Proof 63,$199.00,1,,,,
2,Looks like a SET — confirm if individual coin or set record,df82ae1f-1b1a-4ab7-821c-7ba4265cac2c,2012,Kennedy Half Dollar Series,Kennedy Half Dollar,S,Proof-63,$30.95,1,,,,
2,Looks like a SET — confirm if individual coin or set record,64e00d6d-72ef-4024-bceb-39c39559997e,2013,Kennedy Half Dollar Series,Kennedy Half Dollar,S,Choice Proof 63,$5.75,1,,,,
2,Looks like a SET — confirm if individual coin or set record,c8621a30-2d75-497a-b65c-94836b1cd453,2013,Kennedy Half Dollar Series,Kennedy Half Dollar,P,Uncirculated,$1.95,1,,,,
2,Looks like a SET — confirm if individual coin or set record,dfae0b7a-7517-4439-8169-cd91d1a5ccd9,2013,Kennedy Half Dollar Series,Kennedy Half Dollar,D,Uncirculated,$1.95,1,,,,
2,Looks like a SET — confirm if individual coin or set record,93300323-4f1f-4ae5-bd49-101739a70fef,2014,Kennedy Half Dollar Series,Kennedy Half Dollar,S,Choice Proof 63,$5.75,1,,,,
2,Looks like a SET — confirm if individual coin or set record,16f58fd8-99d8-4a9a-9cb8-76179f1b637c,2015,Kennedy Half Dollar Series,Kennedy Half Dollar,P,Uncirculated,points,1,,,,
2,Looks like a SET — confirm if individual coin or set record,6e694f12-48ff-4561-b218-f589ded549a9,2017,Kennedy Half Dollar Series,Kennedy Half Dollar,S,Choice Proof 63,$52.95,1,,,,
2,Looks like a SET — confirm if individual coin or set record,1b4510bf-3a7f-4d38-b496-fc01e3171f01,2018,Kennedy Half Dollar Series,Kennedy Half Dollar,P,Uncirculated,$4.50,1,,,,
2,Looks like a SET — confirm if individual coin or set record,781d7ed3-ed2c-411a-8e17-33d1d4ee4ae3,2018,Kennedy Half Dollar Series,Kennedy Half Dollar,P,Uncirculated,points,1,,,,
2,Looks like a SET — confirm if individual coin or set record,aa2af9a7-8342-46f0-a607-e205ef6deca7,2018,Kennedy Half Dollar Series,Kennedy Half Dollar,D,Uncirculated,$4.50,1,,,,
2,Looks like a SET — confirm if individual coin or set record,f4769243-f98f-4b76-8397-48b12966425e,2018,Kennedy Half Dollar Series,Kennedy Half Dollar,D,Uncirculated,points,1,,,,
2,Looks like a SET — confirm if individual coin or set record,1fdd4c09-c7f6-4e9d-a16b-147a36931418,2019,Kennedy Half Dollar Series,Kennedy Half Dollar,S,Choice Proof 63,$38.50,1,,,,
2,Looks like a SET — confirm if individual coin or set record,425f06e5-9a39-4e71-9d62-cad1dc6aa544,2019,Kennedy Half Dollar Series,Kennedy Half Dollar,S,Choice Proof 63,$49.50,1,,,,
2,Looks like a SET — confirm if individual coin or set record,807cc9c5-9da7-46d2-ac8f-669c08ca4eb2,2019,Kennedy Half Dollar Series,Kennedy Half Dollar,P,Uncirculated,$5.00,1,,,,
2,Looks like a SET — confirm if individual coin or set record,aeb81d30-5448-43ba-bf36-47a3160ce03d,2019,Kennedy Half Dollar Series,Kennedy Half Dollar,P,Uncirculated,$2.95,1,,,,
2,Looks like a SET — confirm if individual coin or set record,aef37e8f-f7c2-4d0d-ba32-c338015cb44a,2019,Kennedy Half Dollar Series,Kennedy Half Dollar,D,Uncirculated,$2.95,1,,,,
2,Looks like a SET — confirm if individual coin or set record,1627a518-9b2e-4767-b8df-9a5e7d23d07b,2020,Kennedy Half Dollar Series,Kennedy Half Dollar,P,Uncirculated,points,1,,,,
2,Looks like a SET — confirm if individual coin or set record,246934ec-db72-438d-a7ba-015ab1d877bf,2020,Kennedy Half Dollar Series,Kennedy Half Dollar,P,Uncirculated,$1.95,1,,,,
2,Looks like a SET — confirm if individual coin or set record,385353c4-467b-45e2-8d5b-b882c7054c6c,2020,Kennedy Half Dollar Series,Kennedy Half Dollar,S,Choice Proof 63,$6.95,1,,,,
2,Looks like a SET — confirm if individual coin or set record,3890679f-a664-4359-9e86-1c912e34f7d2,2020,Kennedy Half Dollar Series,Kennedy Half Dollar,D,Uncirculated,$3.50,1,,,,
2,Looks like a SET — confirm if individual coin or set record,fe212e21-b6e8-4890-8c7b-4cae811b4407,2020,Kennedy Half Dollar Series,Kennedy Half Dollar,D,Uncirculated,$1.95,1,,,,
2,Looks like a SET — confirm if individual coin or set record,64522791-a0c2-47ed-a76a-38fa2087c164,2021,Kennedy Half Dollar Series,Kennedy Half Dollar,D,Uncirculated,$1.95,1,,,,
2,Looks like a SET — confirm if individual coin or set record,cb905bbf-a902-43cf-a116-d434db9a18a7,2021,Kennedy Half Dollar Series,Kennedy Half Dollar,S,Choice Proof 63,$67.50,1,,,,
2,Looks like a SET — confirm if individual coin or set record,04c0a01a-463d-406d-991f-c7033a5be601,2022,Kennedy Half Dollar Series,Kennedy Half Dollar,D,Uncirculated,$1.95,1,,,,
2,Looks like a SET — confirm if individual coin or set record,8b866de1-e1cf-4032-98ff-7f6bdca353de,2022,Kennedy Half Dollar Series,Kennedy Half Dollar,S,Choice Proof 63,$14.95,1,,,,
2,Looks like a SET — confirm if individual coin or set record,e2670a88-e67d-4898-81cb-4d1992bdc6a3,2022,Kennedy Half Dollar Series,Kennedy Half Dollar,P,Uncirculated,$1.95,1,,,,
2,Looks like a SET — confirm if individual coin or set record,3221836e-e902-4d6b-a4d7-1dc8f5956842,1928,Last Seven Philadelphia Buffalo Nickels Set (1928-1937),Jefferson Nickel,,Average Circulated,$50.00,1,,The provided slang dictionary maps 'Buffalo Nickel' to 'Jeff,invoices/queue/b5cfeea3-d6ff-46f7-af0e-ee76d3c95d34_Scan_20260129 (52).pdf,
2,Missing Year,38092792-a476-4587-ac00-84637033bbd5,,Liberty Head Gold Half Eagle,$5,,AU-50,$595.00,1,,Year range provided as 1866-1908. Coin in Deluxe Holder.,,
2,Missing Year,af62b4a0-0c0f-415b-8d4b-151b90dc13ef,,Liberty Head Gold Half Eagle,$5,,AU-58,$0.00,1,,Year range provided as 1866-1909. Coin includes motto 'In Go,,
2,Missing Year,f3cdc8e8-b34b-466e-9051-fab47dec21be,,Liberty Head Gold Half Eagle,$5,,Extremely Fine,$575.00,1,,Coin in deluxe holder. Year range provided as 1866-1908.,,
2,Looks like a SET — confirm if individual coin or set record,69a6820d-51e8-4153-ab15-eddc78c9721d,N/A,"Liberty Head Half Eagle (with Motto, 1866-1908)",$5,,AU-50,$595.00,1,,Coin is housed in a deluxe holder. The specific year of the ,,
2,Year 'N/A' looks invalid,69a6820d-51e8-4153-ab15-eddc78c9721d,N/A,"Liberty Head Half Eagle (with Motto, 1866-1908)",$5,,AU-50,$595.00,1,,Coin is housed in a deluxe holder. The specific year of the ,,
2,Looks like a SET — confirm if individual coin or set record,1a19af9f-2ef4-4bb4-b8fc-55fff53fdd63,N/A,"Liberty Head Half Eagle (with motto, 1866-1908)",$5,,AU-58,$0.00,1,,Cost paid in points. The specific year of the coin is not pr,,
2,Year 'N/A' looks invalid,1a19af9f-2ef4-4bb4-b8fc-55fff53fdd63,N/A,"Liberty Head Half Eagle (with motto, 1866-1908)",$5,,AU-58,$0.00,1,,Cost paid in points. The specific year of the coin is not pr,,
2,Year 'N/A' looks invalid,229a5c32-8b00-4920-86cb-eaa95e5e0a15,N/A,Liberty Head Nickel,Nickel,,Ungraded,$159.00,15,,Lot of 15 coins from the 1883-1912 Liberty Head Nickel serie,,
2,Year 'N/A' looks invalid,2903ee22-fc82-47b8-ae0a-26cb796ea815,N/A,Liberty Head Nickel,Nickel,,Ungraded,$168.00,15,,Lot of 15 coins from the 1883-1912 Liberty Head Nickel serie,,
2,Looks like a SET — confirm if individual coin or set record,1a3b5324-6a30-4d22-8e7a-f218878a80e7,1888,Liberty Seated,Dime,,Good,$69.00,1,,U.S. DIME COLLECTION SELECTION,invoices/queue/9e213a57-793e-447f-bc76-55b1a7f1a117_Scan_20260129 (33).pdf,
2,Looks like a SET — confirm if individual coin or set record,d14aefcd-7dcb-4b1b-b8d0-bd5c9764b8fd,1891,Liberty Seated,Liberty Seated Silver Dime,S,Very Good,$72.95,1,,U.S. DIME COLLECTION SELECTION,invoices/queue/42410dbd-2e60-48e7-8148-753bf700afc3_Scan_20260202 (3).pdf,
2,Looks like a SET — confirm if individual coin or set record,9785460a-5903-46cc-9754-cbe45338dd6d,1887,Liberty Walking Half Dollar,Half Dollar,P,Extremely Fine,$49.50,1,,Note: Year 1887 is inconsistent with 'Liberty Walking Half D,,
2,Looks like a SET — confirm if individual coin or set record,b0a58589-9b79-4fb4-9cf1-d12660ef231c,1889,Liberty Walking Half Dollar,Half Dollar,P,Extremely Fine,$36.00,1,,Note: Year 1889 is inconsistent with 'Liberty Walking Half D,,
2,Looks like a SET — confirm if individual coin or set record,782d600f-041e-4d29-bb2f-819205fe4260,2009,Lincoln Bicentennial cents colorized and gold plated 8 coin set,,,,$6.95,1,Lincoln Bicentennial cents colorized and gold plated 8 coin set,,miscellaneous purchases.xlsx,
2,Looks like a SET — confirm if individual coin or set record,7d235c45-de40-4782-9848-2d1c5f338d16,1915,Lincoln Cent,Penny,,Not Graded,$0.00,1,,Lincoln Wheat Cent. Acquired as part of a set of 50.,,
2,Looks like a SET — confirm if individual coin or set record,38b6b997-9ef4-4328-8027-5ce548bbea52,1953,Lincoln Cent,Penny,,Genuine,,1,,Part of a 50-coin set.,,
2,Looks like a SET — confirm if individual coin or set record,31fd7a4b-c0a3-4998-b0ab-144384ccfca9,1909,Lincoln Cent Series,Penny,,Extremely Fine,,1,,"VDB initials, Xtra Fine #2, Paid in points",,
2,Looks like a SET — confirm if individual coin or set record,e0e87780-1698-4d37-9caa-353e52f1f1e8,1909,Lincoln Cent Series,Penny,S,Very Fine,$270.00,1,,,,
2,Looks like a SET — confirm if individual coin or set record,80c5e8f2-3e1f-4b93-bf4c-2f0b5242f762,1910,Lincoln Cent Series,Penny,,Very Good,$350.00,1,,,,
2,Looks like a SET — confirm if individual coin or set record,c4742822-8665-4be6-8807-c05c8e1a985c,1911,Lincoln Cent Series,Penny,,Average Circulated,$270.00,1,,,,
2,Looks like a SET — confirm if individual coin or set record,7ff32472-3d26-4d63-b4e5-ba6936eca046,1912,Lincoln Cent Series,Penny,S,Extremely Fine,$165.00,1,,,,
2,Looks like a SET — confirm if individual coin or set record,c7c3f99f-7d8e-408f-927d-7aa486035719,1912,Lincoln Cent Series,Penny,D,Average Circulated,$24.75,1,,,,
2,Looks like a SET — confirm if individual coin or set record,8d7c8aed-fcf9-42af-a5b9-2c6bb11c6cd3,1913,Lincoln Cent Series,Penny,S,Very Good,$55.00,1,,,,
2,Looks like a SET — confirm if individual coin or set record,d6b8c993-9f20-4324-a32e-4cdcff055d6d,1913,Lincoln Cent Series,Penny,D,Good,$14.95,1,,,,
2,Looks like a SET — confirm if individual coin or set record,ead1c9df-1b72-45b7-910d-028879591b18,1918,Lincoln Cent Series,Penny,S,Good,$2.75,1,,,,
2,Looks like a SET — confirm if individual coin or set record,a58059c5-70aa-44fe-9bd4-6162006adb2e,1920,Lincoln Cent Series,Penny,D,Average Circulated,$6.75,1,,,,
2,Looks like a SET — confirm if individual coin or set record,85417a58-af75-4c3f-b5aa-fc9f00f87fbd,1922,Lincoln Cent Series,Penny,,Fine-15,$1350.00,1,,no D,,
2,Looks like a SET — confirm if individual coin or set record,12ef94f5-55cd-4ace-b9ca-01cebb9b9313,1924,Lincoln Cent Series,Penny,D,Very Fine,$138.00,1,,,,
2,Looks like a SET — confirm if individual coin or set record,ce29432f-2208-4919-abfc-9b8a3136b0e4,1924,Lincoln Cent Series,Penny,,Extremely Fine,$23.00,1,,,,
2,Looks like a SET — confirm if individual coin or set record,fdfd82b8-a40e-4e58-9917-d5a5dcc4304f,1926,Lincoln Cent Series,Penny,S,Fine,$38.00,1,,,,
2,Looks like a SET — confirm if individual coin or set record,bbbd2f7e-646c-44b4-bc23-e7ea6e774591,1927,Lincoln Cent Series,Penny,S,Average Circulated,$8.25,1,,,,
2,Looks like a SET — confirm if individual coin or set record,486302cb-14eb-4cc7-9a5c-102901e6e7cd,1930,Lincoln Cent Series,Penny,,About Uncirculated-60,$13.50,1,,,,
2,Looks like a SET — confirm if individual coin or set record,7c12a80f-3feb-4c05-8e23-838b135790be,1931,Lincoln Cent Series,Penny,D,Very Fine,$24.75,1,,,,
2,Looks like a SET — confirm if individual coin or set record,cb861e0a-d99b-4e57-b212-6e1daab9ab8c,1932,Lincoln Cent Series,Penny,,Very Good,$11.50,1,,,,
2,Looks like a SET — confirm if individual coin or set record,da8fe261-d8ff-4a56-a147-16976a655522,1933,Lincoln Cent Series,Penny,,Fine,$12.75,1,,,,
2,Looks like a SET — confirm if individual coin or set record,af7c4d27-1357-406a-bb7d-ba01b0c02b43,1935,Lincoln Cent Series,Penny,S,Very Fine,$6.95,1,,,,
2,Looks like a SET — confirm if individual coin or set record,329d8ec3-e9d8-4cad-a480-8ad28ba2f619,1937,Lincoln Cent Series,Penny,,Uncirculated,$19.75,1,,,,
2,Looks like a SET — confirm if individual coin or set record,6eb56b20-62ae-4943-a2e4-2f47fb149ff1,1937,Lincoln Cent Series,Penny,S,Average Circulated,$1.15,1,,,,
2,Looks like a SET — confirm if individual coin or set record,a81145e7-abcc-43d9-a3c5-18000dda6b79,1937,Lincoln Cent Series,Penny,D,Average Circulated,$1.35,1,,,,
2,Looks like a SET — confirm if individual coin or set record,9732f015-a82d-4730-a168-328374a22850,1938,Lincoln Cent Series,Penny,,Uncirculated,$43.75,1,,,,
2,Looks like a SET — confirm if individual coin or set record,af5e7106-d9ae-4d0c-8928-9d893d5c9ec1,1938,Lincoln Cent Series,Penny,D,Average Circulated,$1.15,1,,,,
2,Looks like a SET — confirm if individual coin or set record,1fee85dd-c68b-48ac-a3d4-79e69b193813,1939,Lincoln Cent Series,Penny,,Average Circulated,$1.35,1,,,,
2,Looks like a SET — confirm if individual coin or set record,c157c328-11d3-44c7-b804-d8fe599e9504,1940,Lincoln Cent Series,Penny,,Average Circulated,$0.90,1,,,,
2,Looks like a SET — confirm if individual coin or set record,68bddf80-bc07-4a72-af16-bdf67603209f,1946,Lincoln Cent Series,Penny,,Average Circulated,$0.90,1,,,,
2,Looks like a SET — confirm if individual coin or set record,88898c7f-7a35-4e15-89d0-86a3c802902d,1947,Lincoln Cent Series,Penny,,Uncirculated,$21.50,1,,,,
2,Looks like a SET — confirm if individual coin or set record,9c2dc5e7-3cdf-4439-aff7-2c8f557caa4c,1952,Lincoln Cent Series,Penny,S,Average Circulated,$0.70,1,,,,
2,Looks like a SET — confirm if individual coin or set record,2bc25e0e-df84-405f-a0a7-89e6e4c89d5a,1964,Lincoln Cent Series,Penny,,Uncirculated,$0.40,1,,,,
2,Looks like a SET — confirm if individual coin or set record,d8a9ca7c-0ab2-4bf7-a844-6c379cd3fe77,1968,Lincoln Cent Series,Penny,,Uncirculated,$0.40,1,,,,
2,Looks like a SET — confirm if individual coin or set record,281d37da-58d5-47ae-aaa9-cb9fe0e9101f,1970,Lincoln Cent Series,Penny,,Uncirculated,$0.40,1,,,,
2,Looks like a SET — confirm if individual coin or set record,920fe603-5d55-42cf-8be1-1ee10a9b60f3,1970,Lincoln Cent Series,Penny,S,Uncirculated,$117.50,1,,small date,,
2,Looks like a SET — confirm if individual coin or set record,cff19726-14e3-4a8d-874c-8aee49e1e4cb,1971,Lincoln Cent Series,Penny,D,Uncirculated,$0.50,1,,,,
2,Looks like a SET — confirm if individual coin or set record,e6325b26-48af-4e6d-905f-c397b04fa6f0,1971,Lincoln Cent Series,Penny,S,Uncirculated,$1.40,1,,,,
2,Looks like a SET — confirm if individual coin or set record,de889372-170f-4e70-9391-b240aaefc3de,1973,Lincoln Cent Series,Penny,,Uncirculated,$0.40,1,,,,
2,Looks like a SET — confirm if individual coin or set record,ba356f2a-feb3-4777-8d4a-4a098a968a82,1975,Lincoln Cent Series,Penny,S,Proof-63,$7.75,1,,,,
2,Looks like a SET — confirm if individual coin or set record,4d49862d-7aa1-4ae7-8c61-7811d90ae244,1977,Lincoln Cent Series,Penny,D,Uncirculated,$0.45,1,,,,
2,Looks like a SET — confirm if individual coin or set record,c9364695-e718-4894-baaa-5361144c6218,1977,Lincoln Cent Series,Penny,,Uncirculated,$0.40,1,,,,
2,Looks like a SET — confirm if individual coin or set record,24699d63-4905-4446-b184-6c12f45e7498,1979,Lincoln Cent Series,Penny,S,Proof-63,$8.95,1,,Clear S,,
2,Looks like a SET — confirm if individual coin or set record,643329f6-e7e7-48e6-9fde-0dee358024fb,1981,Lincoln Cent Series,Penny,S,Proof-63,$85.00,1,,Clear S,,
2,Looks like a SET — confirm if individual coin or set record,aa65fce7-c5fa-4979-886c-0194aad3530f,1982,Lincoln Cent Series,Penny,,Uncirculated,$0.80,1,,Variety noted as 'large date'.,,
2,Looks like a SET — confirm if individual coin or set record,f997cace-e165-4ca1-b7c9-bf092bad9e97,1982,Lincoln Cent Series,Penny,D,Uncirculated,$1.00,1,,large date zinc,,
2,Looks like a SET — confirm if individual coin or set record,13db7e15-45fb-4efd-bab5-af200349081e,1983,Lincoln Cent Series,Penny,S,Proof-63,$5.50,1,,,,
2,Looks like a SET — confirm if individual coin or set record,a719deff-7ea8-403f-8f0c-9fc540dc683e,1984,Lincoln Cent Series,Penny,D,Uncirculated,$1.95,1,,,,
2,Looks like a SET — confirm if individual coin or set record,2f45497c-5297-4aed-9250-074b4f97d877,1985,Lincoln Cent Series,Penny,,Uncirculated,$0.95,1,,,,
2,Looks like a SET — confirm if individual coin or set record,0d204bc5-7ab1-468b-a1d7-e58ceeb5587e,1987,Lincoln Cent Series,Penny,,Uncirculated,$0.95,1,,,,
2,Looks like a SET — confirm if individual coin or set record,3b2bfc26-6162-4fd1-88d8-aa6b105606fe,1989,Lincoln Cent Series,Penny,D,Uncirculated,$0.80,1,,,,
2,Looks like a SET — confirm if individual coin or set record,b546427a-b337-4274-8470-79e5c78fe6aa,1989,Lincoln Cent Series,Penny,,Proof-63,$11.50,1,,,,
2,Looks like a SET — confirm if individual coin or set record,1912fdcd-d5b5-456b-9af5-bee8b67aaea1,1995,Lincoln Cent Series,Penny,D,Uncirculated,$0.80,1,,,,
2,Looks like a SET — confirm if individual coin or set record,45fef7b3-341f-490e-a948-97a8a15b0eed,1995,Lincoln Cent Series,Penny,S,Proof-63,$6.50,1,,,,
2,Looks like a SET — confirm if individual coin or set record,e38b7856-dcea-4d37-8b38-be0abdb71ffc,1996,Lincoln Cent Series,Penny,,Uncirculated,$0.80,1,,,,
2,Looks like a SET — confirm if individual coin or set record,33bfe326-5d5f-4957-a9ae-e70bda05835a,1997,Lincoln Cent Series,Penny,,Uncirculated,$0.50,1,,,,
2,Looks like a SET — confirm if individual coin or set record,c5273039-48cb-4d57-aa6f-b67d8e7d7541,1997,Lincoln Cent Series,Penny,D,Uncirculated,$0.50,1,,,,
2,Looks like a SET — confirm if individual coin or set record,4e22b43f-61a3-49fe-9f85-ced898063993,1999,Lincoln Cent Series,Penny,D,Uncirculated,$0.45,1,,,,
2,Looks like a SET — confirm if individual coin or set record,2b5556d8-d4b6-41b9-b7c7-f50ddbdb2698,2000,Lincoln Cent Series,Penny,D,Uncirculated,$0.25,1,,,,
2,Looks like a SET — confirm if individual coin or set record,b70bc601-4fe1-4732-8e5f-99741cceaa0c,2001,Lincoln Cent Series,Penny,,Uncirculated,$0.70,1,,,,
2,Looks like a SET — confirm if individual coin or set record,2b25d9cf-9527-4e6b-94ee-364a6cb9b468,2002,Lincoln Cent Series,Penny,D,Uncirculated,$0.55,1,,,,
2,Looks like a SET — confirm if individual coin or set record,318cfa60-1811-451b-980b-97d0d2976af3,2004,Lincoln Cent Series,Penny,,Uncirculated,$0.40,1,,,,
2,Looks like a SET — confirm if individual coin or set record,f7a6a8ef-b5c2-475c-84a2-797411de3e07,2004,Lincoln Cent Series,Penny,D,Uncirculated,$0.70,1,,,,
2,Looks like a SET — confirm if individual coin or set record,399d0bd2-523c-476e-8408-1a3172ae32e6,2006,Lincoln Cent Series,Penny,D,Uncirculated,$0.30,1,,,,
2,Looks like a SET — confirm if individual coin or set record,6a133179-5f92-42b5-b94d-4585c9d95654,2006,Lincoln Cent Series,Penny,,Uncirculated,$0.75,1,,,,
2,Looks like a SET — confirm if individual coin or set record,d045095e-ee5c-41a7-b538-736e6489b29e,2007,Lincoln Cent Series,Penny,,Uncirculated,$0.25,1,,,,
2,Looks like a SET — confirm if individual coin or set record,13f0260d-590e-4963-bcbd-680698b1c2ff,2008,Lincoln Cent Series,Penny,,Uncirculated,$0.25,1,,,,
2,Looks like a SET — confirm if individual coin or set record,b463944e-b635-4ceb-8f49-6b251f65a3ac,2008,Lincoln Cent Series,Penny,S,Proof-63,$15.95,1,,,,
2,Looks like a SET — confirm if individual coin or set record,07568748-b66c-4bc0-bd16-e22aeee00cf9,2009,Lincoln Cent Series,Penny,,Uncirculated,$0.30,1,,Features the 'Formative Years' reverse design.,,
2,Looks like a SET — confirm if individual coin or set record,104d68aa-0f24-4413-9bde-2258bc23c3bf,2009,Lincoln Cent Series,Penny,,Uncirculated,$0.30,1,,Features the 'Presidency' reverse design.,,
2,Looks like a SET — confirm if individual coin or set record,2efa1deb-bab0-4618-8b04-99412c13c295,2009,Lincoln Cent Series,Penny,D,Uncirculated,$0.30,1,,Features the 'Birth and Childhood' reverse design.,,
2,Looks like a SET — confirm if individual coin or set record,3e08cb5d-bb33-4ba2-a7b8-b1e7b556a01e,2009,Lincoln Cent Series,Penny,S,Proof-63,$13.95,1,,Features the 'Presidency' reverse design.,,
2,Looks like a SET — confirm if individual coin or set record,4a28edba-8cd1-42e9-890a-58e3bdec0e41,2009,Lincoln Cent Series,Penny,S,Proof-63,$13.95,1,,Features the 'Birth and Childhood' reverse design.,,
2,Looks like a SET — confirm if individual coin or set record,a3fbce48-45da-4a5a-a264-143a1b0aa4c6,2009,Lincoln Cent Series,Penny,S,Proof-63,$13.95,1,,Features the 'Formative Years' reverse design.,,
2,Looks like a SET — confirm if individual coin or set record,b1433774-15b6-43ff-890b-03a43d12c89d,2009,Lincoln Cent Series,Penny,S,Proof-63,$13.95,1,,Features the 'Professional Life' reverse design.,,
2,Looks like a SET — confirm if individual coin or set record,b2e730a6-8706-4e30-89b9-feccac316b3c,2009,Lincoln Cent Series,Penny,D,Uncirculated,$0.30,1,,Features the 'Professional Life' reverse design.,,
2,Looks like a SET — confirm if individual coin or set record,dbfc98ab-6620-4aa7-8a34-8567b2f456c5,2009,Lincoln Cent Series,Penny,D,Uncirculated,$0.30,1,,Features the 'Formative Years' reverse design.,,
2,Looks like a SET — confirm if individual coin or set record,f06190e1-6b79-4b2a-bcca-e119c1bf5ed0,2009,Lincoln Cent Series,Penny,,Uncirculated,$0.30,1,,Features the 'Birth and Childhood' reverse design.,,
2,Looks like a SET — confirm if individual coin or set record,f0faba51-e0ab-4cb8-af72-f35c3c81f097,2009,Lincoln Cent Series,Penny,,Uncirculated,$0.30,1,,Features the 'Professional Life' reverse design.,,
2,Looks like a SET — confirm if individual coin or set record,fd1bb1c6-f608-4a46-aa65-3a8edc1c23cd,2009,Lincoln Cent Series,Penny,D,Uncirculated,$0.30,1,,Features the 'Presidency' reverse design.,,
2,Looks like a SET — confirm if individual coin or set record,571dd329-0143-49c4-b605-9771cf371166,2012,Lincoln Cent Series,Penny,,Uncirculated,$0.25,1,,,,
2,Looks like a SET — confirm if individual coin or set record,735afb54-5a73-4632-b976-e9a84f111fb7,2012,Lincoln Cent Series,Penny,S,Uncirculated,$12.50,1,,,,
2,Looks like a SET — confirm if individual coin or set record,b9f917e0-6382-46de-89ab-35cb7e3c081f,2012,Lincoln Cent Series,Penny,D,Uncirculated,$0.25,1,,,,
2,Looks like a SET — confirm if individual coin or set record,034270f3-8db9-4576-889f-e90b5ec58504,2013,Lincoln Cent Series,Penny,,Uncirculated,$0.25,1,,,,
2,Looks like a SET — confirm if individual coin or set record,29d1cc5b-4252-4bf3-b179-0f828aae119f,2013,Lincoln Cent Series,Penny,D,Uncirculated,$0.25,1,,,,
2,Looks like a SET — confirm if individual coin or set record,ddf82b21-66ef-409f-bdb3-ef111088b2bc,2013,Lincoln Cent Series,Penny,S,Proof-63,$2.25,1,,,,
2,Missing Year,2e030e4a-0fc2-4428-ba6e-c2da70ad8ae0,,Lincoln Head Wheat Cents,Penny,,Mixed,$73.00,50,,Lot of 50 coins from years 1909-1958.,gs://studio-9101802118-8c9a8-uploads/invoices/ab37fc17-6951-406d-9bf1-51add3fa8dc5_1769971182_Scan_20260128 (16).pdf,
2,Looks like a SET — confirm if individual coin or set record,d8e0fc88-b910-4673-ba46-22d7714c31ed,1909,Lincoln Wheat Cent,Penny,,Genuine,,1,,Part of a 50-coin set. Total cost for the set: $59.95.,,
2,Looks like a SET — confirm if individual coin or set record,b27893d7-f160-4a17-aa1a-a832bf5a0462,1909-1958,Lincoln Wheat Cent,Lincoln Cent,,Ungraded,44.50,1,,Lot of 25 mixed-year Lincoln Head Wheat Cents from 1909-1958,invoices/queue/e4b6f98a-720f-4f7f-8d6d-e521bc5aee1a_Scan_20260129 (5).pdf,
2,Looks like a SET — confirm if individual coin or set record,8f073ee1-69a7-48d3-913e-24bd2529a459,1910,Lincoln Wheat Cent,Penny,S,Very Good,$429.00,1,,Part of a set of 6 coins.,,
2,Looks like a SET — confirm if individual coin or set record,eb6fb894-3ea5-4805-a265-2dacd871c11a,1910,Lincoln Wheat Cent,Penny,,Genuine,,1,,Part of a 50-coin set.,,
2,Looks like a SET — confirm if individual coin or set record,0be2188f-2438-4e6d-95b4-e84ab5da2e8d,1911,Lincoln Wheat Cent,Penny,S,Very Good,,1,,Part of a set of 6 coins. Total cost for the set was $429.00,,
2,Looks like a SET — confirm if individual coin or set record,5cd40f7c-d59c-45f8-9407-9efab573886f,1911,Lincoln Wheat Cent,Penny,,Genuine,,1,,Part of a 50-coin set.,,
2,Looks like a SET — confirm if individual coin or set record,53a6bf4b-11a8-49bb-8d50-99166a8048a6,1912,Lincoln Wheat Cent,Penny,,Genuine,,1,,Part of a 50-coin set.,,
2,Looks like a SET — confirm if individual coin or set record,bafe1eb3-0b67-438f-9efc-2c1c06719f68,1912,Lincoln Wheat Cent,Penny,S,Very Good,,1,,Part of a set of 6 coins. Total cost for the set was $429.00,,
2,Looks like a SET — confirm if individual coin or set record,2334443b-014a-4a00-8866-3dc297fb6e35,1913,Lincoln Wheat Cent,Penny,,Genuine,,1,,Part of a 50-coin set.,,
2,Looks like a SET — confirm if individual coin or set record,b83715dd-4f1c-4e04-b0de-a9d2fc33949e,1913,Lincoln Wheat Cent,Penny,S,Very Good,,1,,Part of a set of 6 coins. Total cost for the set was $429.00,,
2,Looks like a SET — confirm if individual coin or set record,9f53f600-dcb9-42f3-aeec-2819c9f9f04c,1914,Lincoln Wheat Cent,Penny,S,Very Good,,1,,Part of a set of 6 coins. Total cost for the set was $429.00,,
2,Looks like a SET — confirm if individual coin or set record,e5f9bab6-4322-44c6-83d8-c866ad763507,1914,Lincoln Wheat Cent,Penny,,Genuine,,1,,Part of a 50-coin set.,,
2,Looks like a SET — confirm if individual coin or set record,583f7a87-e11d-4ef5-91f2-b69568476281,1915,Lincoln Wheat Cent,Penny,,Genuine,,1,,Part of a 50-coin set.,,
2,Looks like a SET — confirm if individual coin or set record,bc50e40f-f013-4637-a5bf-a1e1a40defa0,1915,Lincoln Wheat Cent,Penny,S,Very Good,,1,,Part of a set of 6 coins. Total cost for the set was $429.00,,
2,Looks like a SET — confirm if individual coin or set record,fdb53103-16cf-4500-ad3b-d5bef8a70d7a,1916,Lincoln Wheat Cent,Penny,,Genuine,,1,,Part of a 50-coin set.,,
2,Looks like a SET — confirm if individual coin or set record,1324b69d-a3f7-4de6-9392-545237d6617e,1917,Lincoln Wheat Cent,Penny,,Genuine,,1,,Part of a 50-coin set.,,
2,Looks like a SET — confirm if individual coin or set record,85879512-c371-4a84-8349-76611f4dc35f,1918,Lincoln Wheat Cent,Penny,,Genuine,,1,,Part of a 50-coin set. Total cost for the set (if applicable,,
2,Looks like a SET — confirm if individual coin or set record,c10d4a63-6f03-443b-a3cf-0f1c0e089bc7,1919,Lincoln Wheat Cent,Penny,,Genuine,,1,,Part of a 50-coin set.,,
2,Looks like a SET — confirm if individual coin or set record,13ecf784-38f6-48b3-831c-58135fa61e46,1920,Lincoln Wheat Cent,Penny,,Genuine,,1,,Part of a 50-coin set.,,
2,Looks like a SET — confirm if individual coin or set record,688f52ee-75b4-4166-b3ef-2643f1c932c3,1921,Lincoln Wheat Cent,Penny,,Genuine,,1,,Part of a 50-coin set.,,
2,Looks like a SET — confirm if individual coin or set record,d1bcfb75-9715-48ca-80e7-a0c0465814f7,1922,Lincoln Wheat Cent,Penny,,Genuine,,1,,Part of a 50-coin set.,,
2,Looks like a SET — confirm if individual coin or set record,4d217db5-34eb-43f5-a630-18cc4483ce4d,1923,Lincoln Wheat Cent,Penny,,Genuine,,1,,Part of a 50-coin set.,,
2,Looks like a SET — confirm if individual coin or set record,026384a0-8178-45bb-a817-beb1adb2c873,1924,Lincoln Wheat Cent,Penny,,Genuine,,1,,Part of a 50-coin set.,,
2,Looks like a SET — confirm if individual coin or set record,6bb57f62-135e-4882-98b4-3cc768aa0def,1925,Lincoln Wheat Cent,Penny,,Genuine,,1,,Part of a 50-coin set.,,
2,Looks like a SET — confirm if individual coin or set record,0bd881f7-0178-4101-8d4e-21f1f7f8af3e,1926,Lincoln Wheat Cent,Penny,,Genuine,,1,,Part of a 50-coin set.,,
2,Looks like a SET — confirm if individual coin or set record,97203c8c-804f-4fc9-9f9a-3d25d1998563,1927,Lincoln Wheat Cent,Penny,,Genuine,,1,,Part of a 50-coin set.,,
2,Looks like a SET — confirm if individual coin or set record,8f45bd0d-d10d-4baa-90f6-71aec29d37d3,1928,Lincoln Wheat Cent,Penny,,Genuine,,1,,Part of a 50-coin set.,,
2,Looks like a SET — confirm if individual coin or set record,93c59113-1c4b-4d10-a56c-bbee45b3664a,1929,Lincoln Wheat Cent,Penny,,Genuine,,1,,Part of a 50-coin set.,,
2,Looks like a SET — confirm if individual coin or set record,14ad7a61-eed5-4acc-82de-7a498aace9f9,1930,Lincoln Wheat Cent,Penny,,Genuine,,1,,Part of a 50-coin set.,,
2,Looks like a SET — confirm if individual coin or set record,44f11c0a-be67-4f33-8cb0-450c077ab2bb,1931,Lincoln Wheat Cent,Penny,,Genuine,,1,,Part of a 50-coin set.,,
2,Looks like a SET — confirm if individual coin or set record,55c9e659-fc7a-4961-b11a-7e728c2876af,1932,Lincoln Wheat Cent,Penny,,Genuine,,1,,Part of a 50-coin set.,,
2,Looks like a SET — confirm if individual coin or set record,c75f60f1-7a39-4e9a-bf4e-7d7bb54e6f95,1933,Lincoln Wheat Cent,Penny,,Genuine,,1,,Part of a 50-coin set.,,
2,Looks like a SET — confirm if individual coin or set record,16fb03b2-d6b0-409c-96a5-5712e7f89add,1934,Lincoln Wheat Cent,Penny,,Genuine,,1,,Part of a 50-coin set.,,
2,Looks like a SET — confirm if individual coin or set record,0e1883bf-430e-4d3c-970a-154252766685,1935,Lincoln Wheat Cent,Penny,,Genuine,,1,,Part of a 50-coin set.,,
2,Looks like a SET — confirm if individual coin or set record,c7c3085d-62bc-475f-90ee-d40604e7497f,1936,Lincoln Wheat Cent,Penny,,Genuine,,1,,Part of a 50-coin set.,,
2,Looks like a SET — confirm if individual coin or set record,400d1399-109f-4523-a081-0c0a4e1e17b5,1937,Lincoln Wheat Cent,Penny,,Genuine,,1,,Part of a 50-coin set.,,
2,Looks like a SET — confirm if individual coin or set record,9c40597f-8878-4778-9005-6e87cdda0fd0,1938,Lincoln Wheat Cent,Penny,,Genuine,,1,,Part of a 50-coin set.,,
2,Looks like a SET — confirm if individual coin or set record,e6f9dfda-d001-4345-ba7a-4e6a32edca8f,1939,Lincoln Wheat Cent,Penny,,Genuine,,1,,Part of a 50-coin set.,,
2,Looks like a SET — confirm if individual coin or set record,b7d536dc-ec04-4265-8c2e-42e441b01a77,1940,Lincoln Wheat Cent,Penny,,Genuine,,1,,Part of a 50-coin set.,,
2,Looks like a SET — confirm if individual coin or set record,d14fc273-2ede-4c24-b525-6bfa54f1c8b0,1941,Lincoln Wheat Cent,Penny,,Genuine,,1,,Part of a 50-coin set.,,
2,Looks like a SET — confirm if individual coin or set record,2ceb5339-a305-4a50-95a5-f70a2220240a,1942,Lincoln Wheat Cent,Penny,,Genuine,,1,,Part of a 50-coin set.,,
2,Looks like a SET — confirm if individual coin or set record,f0f7b248-c16d-4a33-a36f-a1c76d5d84ea,1943,Lincoln Wheat Cent,Penny,,Genuine,,1,,Part of a 50-coin set. This is a steel cent (aka 'steelie' o,,
2,Looks like a SET — confirm if individual coin or set record,80afb77c-1ad0-4e7e-8fa0-252cdb34d348,1944,Lincoln Wheat Cent,Penny,,Genuine,,1,,Part of a 50-coin set.,,
2,Looks like a SET — confirm if individual coin or set record,c696a278-8953-4f0f-bf71-b1d69353ec96,1945,Lincoln Wheat Cent,Penny,,Genuine,,1,,Part of a 50-coin set.,,
2,Looks like a SET — confirm if individual coin or set record,eaad2d1c-70ac-4536-90fa-0c7a5f0c6ba0,1946,Lincoln Wheat Cent,Penny,,Genuine,,1,,Part of a 50-coin set.,,
2,Looks like a SET — confirm if individual coin or set record,60d91eb9-2ff0-4412-bd90-86e3111bd290,1947,Lincoln Wheat Cent,Penny,,Genuine,,1,,Part of a 50-coin set.,,
2,Looks like a SET — confirm if individual coin or set record,1128d6e6-7b67-4da9-9a8b-ded3fbf340e2,1948,Lincoln Wheat Cent,Penny,,Genuine,,1,,Part of a 50-coin set.,,
2,Looks like a SET — confirm if individual coin or set record,6a7aafc2-c1a5-472b-8679-3732fb35186d,1949,Lincoln Wheat Cent,Penny,,Genuine,,1,,Part of a 50-coin set.,,
2,Looks like a SET — confirm if individual coin or set record,c7116a1e-36ac-4578-b24e-ff4ad5f32bf2,1950,Lincoln Wheat Cent,Penny,,Genuine,,1,,Part of a 50-coin set.,,
2,Looks like a SET — confirm if individual coin or set record,0e62099d-9511-458e-ad36-9275cd37fd40,1951,Lincoln Wheat Cent,Penny,,Genuine,,1,,Part of a 50-coin set.,,
2,Looks like a SET — confirm if individual coin or set record,ff6ae103-eaa9-4753-a6f7-7d39bc3d7b18,1952,Lincoln Wheat Cent,Penny,,Genuine,,1,,Part of a 50-coin set.,,
2,Looks like a SET — confirm if individual coin or set record,d6dc0686-bb2c-48ea-9dd3-e7ae16cce8ee,1954,Lincoln Wheat Cent,Penny,,Genuine,,1,,Part of a 50-coin set.,,
2,Looks like a SET — confirm if individual coin or set record,75b308c1-84a3-4d50-bfe8-ecc6873c2818,1955,Lincoln Wheat Cent,Penny,,Genuine,,1,,Part of a 50-coin set.,,
2,Looks like a SET — confirm if individual coin or set record,b94b5b10-2ab8-401d-97b5-644d2013e76a,1956,Lincoln Wheat Cent,Penny,,Genuine,,1,,Part of a 50-coin set.,,
2,Looks like a SET — confirm if individual coin or set record,78729e4f-a7fc-4bde-a2ad-1929e170dc37,1957,Lincoln Wheat Cent,Penny,,Genuine,,1,,Part of a 50-coin set.,,
2,Looks like a SET — confirm if individual coin or set record,57d106b0-baef-4e7a-b262-02499054ae31,1958,Lincoln Wheat Cent,Penny,,Genuine,,1,,Part of a 50-coin set.,,
2,Looks like a SET — confirm if individual coin or set record,6a464e9a-58a4-4212-8b3d-53468348e6af,1909,Lincoln Wheat Cent Series,Penny,,Not Graded,$59.95,1,,Lincoln Wheat Cent. Acquired as part of a set of 50.,,
2,Looks like a SET — confirm if individual coin or set record,ad0a9615-f103-4bef-b919-aca19b879e63,1909,Lincoln Wheat Cent Series,Penny,,Not Graded,$59.95,1,,Acquired from a grab bag containing 50 coins.,,
2,Looks like a SET — confirm if individual coin or set record,292099e2-13a8-4bf3-b7b8-660ecda00d11,1910,Lincoln Wheat Cent Series,Penny,,Not Graded,$0.00,1,,Acquired from a grab bag containing 50 coins.,,
2,Looks like a SET — confirm if individual coin or set record,6f8d9264-a15a-4d37-a0d5-36bc5daebbec,1910,Lincoln Wheat Cent Series,Penny,S,Very Good,$429.00,1,,Lincoln Wheat Penny. Acquired as part of a set of 6.,,
2,Looks like a SET — confirm if individual coin or set record,e71604fe-c256-495e-b52f-c9f346487d12,1910,Lincoln Wheat Cent Series,Penny,,Not Graded,$0.00,1,,Lincoln Wheat Cent. Acquired as part of a set of 50.,,
2,Looks like a SET — confirm if individual coin or set record,cbcbe150-2033-430c-804b-3387cd50a419,1911,Lincoln Wheat Cent Series,Penny,,Not Graded,$0.00,1,,Lincoln Wheat Cent. Acquired as part of a set of 50.,,
2,Looks like a SET — confirm if individual coin or set record,cc62925a-6be1-45cd-90e8-7d6a0a9c2f35,1911,Lincoln Wheat Cent Series,Penny,,Not Graded,$0.00,1,,Acquired from a grab bag containing 50 coins.,,
2,Looks like a SET — confirm if individual coin or set record,e6a729d0-92b4-407d-8376-570a01dee8f4,1911,Lincoln Wheat Cent Series,Penny,S,Very Good,$0.00,1,,Lincoln Wheat Penny. Acquired as part of a set of 6.,,
2,Looks like a SET — confirm if individual coin or set record,3eb56085-eadf-49bd-bd01-7e68b967fcf8,1912,Lincoln Wheat Cent Series,Penny,S,Very Good,$0.00,1,,Lincoln Wheat Penny. Acquired as part of a set of 6.,,
2,Looks like a SET — confirm if individual coin or set record,5ea180cf-1380-453f-9b40-7ace4e045ee5,1912,Lincoln Wheat Cent Series,Penny,,Not Graded,$0.00,1,,Lincoln Wheat Cent. Acquired as part of a set of 50.,,
2,Looks like a SET — confirm if individual coin or set record,a91558da-d4f6-4290-833f-e71dbcfb839f,1912,Lincoln Wheat Cent Series,Penny,,Not Graded,$0.00,1,,Acquired from a grab bag containing 50 coins.,,
2,Looks like a SET — confirm if individual coin or set record,55b844f8-274a-4dda-b3f5-ba627cc08438,1913,Lincoln Wheat Cent Series,Penny,,Not Graded,$0.00,1,,Lincoln Wheat Cent. Acquired as part of a set of 50.,,
2,Looks like a SET — confirm if individual coin or set record,928bc592-8d49-4307-8a84-9370530931e2,1913,Lincoln Wheat Cent Series,Penny,S,Very Good,$0.00,1,,Lincoln Wheat Penny. Acquired as part of a set of 6.,,
2,Looks like a SET — confirm if individual coin or set record,e0ba7f28-0cb9-4a95-a86c-21c1d5dc5072,1913,Lincoln Wheat Cent Series,Penny,,Not Graded,$0.00,1,,Acquired from a grab bag containing 50 coins.,,
2,Looks like a SET — confirm if individual coin or set record,04afc157-35ff-4962-bb32-879858f54a47,1914,Lincoln Wheat Cent Series,Penny,,Not Graded,$0.00,1,,Lincoln Wheat Cent. Acquired as part of a set of 50.,,
2,Looks like a SET — confirm if individual coin or set record,13253d5c-a5fb-437c-b7fe-82c399b321ce,1914,Lincoln Wheat Cent Series,Penny,,Not Graded,$0.00,1,,Acquired from a grab bag containing 50 coins.,,
2,Looks like a SET — confirm if individual coin or set record,287834c1-dee1-4c87-8976-8de12012a413,1914,Lincoln Wheat Cent Series,Penny,S,Very Good,$0.00,1,,Lincoln Wheat Penny. Acquired as part of a set of 6.,,
2,Looks like a SET — confirm if individual coin or set record,3eb9315e-abdd-421f-816f-d09b559d0ff0,1915,Lincoln Wheat Cent Series,Penny,,Not Graded,$0.00,1,,Acquired from a grab bag containing 50 coins.,,
2,Looks like a SET — confirm if individual coin or set record,9a2a447d-a75c-46f0-a0e7-7ce6228d5c78,1915,Lincoln Wheat Cent Series,Penny,S,Very Good,$0.00,1,,Lincoln Wheat Penny. Acquired as part of a set of 6.,,
2,Looks like a SET — confirm if individual coin or set record,1bafc464-ca4c-4161-9412-351482ccca84,1916,Lincoln Wheat Cent Series,Penny,,Not Graded,$0.00,1,,Lincoln Wheat Cent. Acquired as part of a set of 50.,,
2,Looks like a SET — confirm if individual coin or set record,3fd94d56-6a6c-4ce7-8bb3-6526a3db5d31,1916,Lincoln Wheat Cent Series,Penny,,Not Graded,$0.00,1,,Acquired from a grab bag containing 50 coins.,,
2,Looks like a SET — confirm if individual coin or set record,4a92ad6d-ea0c-420c-b496-0ea1be0d35d6,1917,Lincoln Wheat Cent Series,Penny,,Not Graded,$0.00,1,,Lincoln Wheat Cent. Acquired as part of a set of 50.,,
2,Looks like a SET — confirm if individual coin or set record,a5c469c3-2024-4c12-8e0f-b0e6266c4d6a,1917,Lincoln Wheat Cent Series,Penny,,Not Graded,$0.00,1,,Acquired from a grab bag containing 50 coins.,,
2,Looks like a SET — confirm if individual coin or set record,b9cb6401-ecd3-4c61-a380-6fa911d785b8,1918,Lincoln Wheat Cent Series,Penny,,Not Graded,$0.00,1,,Acquired from a grab bag containing 50 coins.,,
2,Looks like a SET — confirm if individual coin or set record,c4d7d26a-496b-4b90-a6fb-ebd3e337aaf4,1918,Lincoln Wheat Cent Series,Penny,,Not Graded,$0.00,1,,Lincoln Wheat Cent. Acquired as part of a set of 50.,,
2,Looks like a SET — confirm if individual coin or set record,1e207ad8-8e71-40a5-bfb8-5b54cdec33de,1919,Lincoln Wheat Cent Series,Penny,,Not Graded,$0.00,1,,Lincoln Wheat Cent. Acquired as part of a set of 50.,,
2,Looks like a SET — confirm if individual coin or set record,060ae0b0-47ff-4b39-a517-50638aafa6aa,1920,Lincoln Wheat Cent Series,Penny,,Not Graded,$0.00,1,,Acquired from a grab bag containing 50 coins.,,
2,Looks like a SET — confirm if individual coin or set record,f8f744b6-881a-4eaf-9383-2946edd0a8df,1920,Lincoln Wheat Cent Series,Penny,,Not Graded,$0.00,1,,Lincoln Wheat Cent. Acquired as part of a set of 50.,,
2,Looks like a SET — confirm if individual coin or set record,0de09bb5-c169-46f1-8d4b-9a2a97fc4c74,1921,Lincoln Wheat Cent Series,Penny,,Not Graded,$0.00,1,,Lincoln Wheat Cent. Acquired as part of a set of 50.,,
2,Looks like a SET — confirm if individual coin or set record,33677eb6-bc5a-4d7f-b15c-42289273adc1,1921,Lincoln Wheat Cent Series,Penny,,Not Graded,$0.00,1,,Acquired from a grab bag containing 50 coins.,,
2,Looks like a SET — confirm if individual coin or set record,9eb42318-4378-4336-8f9e-1116d7ada575,1922,Lincoln Wheat Cent Series,Penny,,Not Graded,$0.00,1,,Lincoln Wheat Cent. Acquired as part of a set of 50.,,
2,Looks like a SET — confirm if individual coin or set record,e3529099-5216-4aff-9584-fd83b101f3ee,1922,Lincoln Wheat Cent Series,Penny,,Not Graded,$0.00,1,,Acquired from a grab bag containing 50 coins.,,
2,Looks like a SET — confirm if individual coin or set record,4434045b-cc2f-432a-8572-7d248bda4d91,1923,Lincoln Wheat Cent Series,Penny,,Not Graded,$0.00,1,,Lincoln Wheat Cent. Acquired as part of a set of 50.,,
2,Looks like a SET — confirm if individual coin or set record,cb9a7942-16ff-47e2-a2dc-f6cda6daffba,1923,Lincoln Wheat Cent Series,Penny,,Not Graded,$0.00,1,,Acquired from a grab bag containing 50 coins.,,
2,Looks like a SET — confirm if individual coin or set record,abe7f14e-25ed-41bf-8c00-e4306eb3d7e2,1924,Lincoln Wheat Cent Series,Penny,,Not Graded,$0.00,1,,Lincoln Wheat Cent. Acquired as part of a set of 50.,,
2,Looks like a SET — confirm if individual coin or set record,bfd90594-edb0-415a-862b-5389f69bce9e,1924,Lincoln Wheat Cent Series,Penny,,Not Graded,$0.00,1,,Acquired from a grab bag containing 50 coins.,,
2,Looks like a SET — confirm if individual coin or set record,3209567f-9850-4817-8d7e-25ded4d391ba,1925,Lincoln Wheat Cent Series,Penny,,Not Graded,$0.00,1,,Acquired from a grab bag containing 50 coins.,,
2,Looks like a SET — confirm if individual coin or set record,cf5f99dc-57cb-4c00-b868-e1f2d383c497,1925,Lincoln Wheat Cent Series,Penny,,Not Graded,$0.00,1,,Lincoln Wheat Cent. Acquired as part of a set of 50.,,
2,Looks like a SET — confirm if individual coin or set record,27c5fd7a-f4ab-4d3f-9a0f-69ad4842a8e8,1926,Lincoln Wheat Cent Series,Penny,,Not Graded,$0.00,1,,Acquired from a grab bag containing 50 coins.,,
2,Looks like a SET — confirm if individual coin or set record,973e9e5f-d781-45cc-8877-621a0a77a60b,1926,Lincoln Wheat Cent Series,Penny,,Not Graded,$0.00,1,,Lincoln Wheat Cent. Acquired as part of a set of 50.,,
2,Looks like a SET — confirm if individual coin or set record,8e262184-3922-47b1-b8c7-7d27912f1d76,1927,Lincoln Wheat Cent Series,Penny,,Not Graded,$0.00,1,,Acquired from a grab bag containing 50 coins.,,
2,Looks like a SET — confirm if individual coin or set record,fe0b2987-6bec-4ed3-9efa-7cabb1d57a35,1927,Lincoln Wheat Cent Series,Penny,,Not Graded,$0.00,1,,Lincoln Wheat Cent. Acquired as part of a set of 50.,,
2,Looks like a SET — confirm if individual coin or set record,9335e292-1dba-4db2-90f5-b9eeeb0b9926,1928,Lincoln Wheat Cent Series,Penny,,Not Graded,$0.00,1,,Lincoln Wheat Cent. Acquired as part of a set of 50.,,
2,Looks like a SET — confirm if individual coin or set record,9979d2ff-ce08-4664-b4e9-94469b1b919e,1928,Lincoln Wheat Cent Series,Penny,,Not Graded,$0.00,1,,Acquired from a grab bag containing 50 coins.,,
2,Looks like a SET — confirm if individual coin or set record,21ed97fa-5ccb-4aa4-a4af-15f6e35c71cc,1929,Lincoln Wheat Cent Series,Penny,,Not Graded,$0.00,1,,Lincoln Wheat Cent. Acquired as part of a set of 50.,,
2,Looks like a SET — confirm if individual coin or set record,f6c50446-d0c1-43db-bf0c-bd8cfe5125cd,1929,Lincoln Wheat Cent Series,Penny,,Not Graded,$0.00,1,,Acquired from a grab bag containing 50 coins.,,
2,Looks like a SET — confirm if individual coin or set record,13db4d7c-054e-49aa-a154-73214d625d4f,1930,Lincoln Wheat Cent Series,Penny,,Not Graded,$0.00,1,,Acquired from a grab bag containing 50 coins.,,
2,Looks like a SET — confirm if individual coin or set record,ed437d66-61bf-452c-a7ae-36162d67f4f9,1930,Lincoln Wheat Cent Series,Penny,,Not Graded,$0.00,1,,Lincoln Wheat Cent. Acquired as part of a set of 50.,,
2,Looks like a SET — confirm if individual coin or set record,1b494fee-98da-4493-b721-c55d967f7c3b,1931,Lincoln Wheat Cent Series,Penny,,Not Graded,$0.00,1,,Acquired from a grab bag containing 50 coins.,,
2,Looks like a SET — confirm if individual coin or set record,890ba436-17c0-4874-a7f6-5aadb38544b6,1931,Lincoln Wheat Cent Series,Penny,,Not Graded,$0.00,1,,Lincoln Wheat Cent. Acquired as part of a set of 50.,,
2,Looks like a SET — confirm if individual coin or set record,bf17cdc4-6c07-447c-9ca9-af165c9d6832,1932,Lincoln Wheat Cent Series,Penny,,Not Graded,$0.00,1,,Lincoln Wheat Cent. Acquired as part of a set of 50.,,
2,Looks like a SET — confirm if individual coin or set record,d7f96b9c-cb34-4e22-afa0-2c5fa5fb9091,1932,Lincoln Wheat Cent Series,Penny,,Not Graded,$0.00,1,,Acquired from a grab bag containing 50 coins.,,
2,Looks like a SET — confirm if individual coin or set record,852f860d-5fae-4400-9334-e7ea33c493c4,1933,Lincoln Wheat Cent Series,Penny,,Not Graded,$0.00,1,,Acquired from a grab bag containing 50 coins.,,
2,Looks like a SET — confirm if individual coin or set record,b1c2f71f-4dd6-48fd-9645-f8dc2abf0a86,1933,Lincoln Wheat Cent Series,Penny,,Not Graded,$0.00,1,,Lincoln Wheat Cent. Acquired as part of a set of 50.,,
2,Looks like a SET — confirm if individual coin or set record,407c3e2a-54d1-47b3-adcb-eb92554c3f39,1934,Lincoln Wheat Cent Series,Penny,,Not Graded,$0.00,1,,Lincoln Wheat Cent. Acquired as part of a set of 50.,,
2,Looks like a SET — confirm if individual coin or set record,2b9688f0-8ab5-4304-9895-4603bbd62cae,1935,Lincoln Wheat Cent Series,Penny,,Not Graded,$0.00,1,,Lincoln Wheat Cent. Acquired as part of a set of 50.,,
2,Looks like a SET — confirm if individual coin or set record,416c26b1-1118-4b5c-9308-f72d53c39e39,1935,Lincoln Wheat Cent Series,Penny,,Not Graded,$0.00,1,,Acquired from a grab bag containing 50 coins.,,
2,Looks like a SET — confirm if individual coin or set record,65953a6c-970d-4666-9b7b-76561bb531cb,1936,Lincoln Wheat Cent Series,Penny,,Not Graded,$0.00,1,,Lincoln Wheat Cent. Acquired as part of a set of 50.,,
2,Looks like a SET — confirm if individual coin or set record,742f2749-17a6-4b9d-b8c2-3d4efbb8417e,1936,Lincoln Wheat Cent Series,Penny,,Not Graded,$0.00,1,,Acquired from a grab bag containing 50 coins.,,
2,Looks like a SET — confirm if individual coin or set record,c01c5ef5-2ec8-482d-9722-8e698c77ce85,1937,Lincoln Wheat Cent Series,Penny,,Not Graded,$0.00,1,,Acquired from a grab bag containing 50 coins.,,
2,Looks like a SET — confirm if individual coin or set record,c7d0c584-9f4a-49fd-85a1-4be9fb035c34,1937,Lincoln Wheat Cent Series,Penny,,Not Graded,$0.00,1,,Lincoln Wheat Cent. Acquired as part of a set of 50.,,
2,Looks like a SET — confirm if individual coin or set record,b87a36ca-beff-4fc4-b620-8e8b4b0efa12,1938,Lincoln Wheat Cent Series,Penny,,Not Graded,$0.00,1,,Acquired from a grab bag containing 50 coins.,,
2,Looks like a SET — confirm if individual coin or set record,c850d959-9ece-4d8e-977b-eb6f53778736,1938,Lincoln Wheat Cent Series,Penny,,Not Graded,$0.00,1,,Lincoln Wheat Cent. Acquired as part of a set of 50.,,
2,Looks like a SET — confirm if individual coin or set record,84cbc40e-918a-4ab5-88f2-14e3576be0f7,1939,Lincoln Wheat Cent Series,Penny,,Not Graded,$0.00,1,,Acquired from a grab bag containing 50 coins.,,
2,Looks like a SET — confirm if individual coin or set record,d86a2232-5063-480b-a29e-f0197ec0c902,1939,Lincoln Wheat Cent Series,Penny,,Not Graded,$0.00,1,,Lincoln Wheat Cent. Acquired as part of a set of 50.,,
2,Looks like a SET — confirm if individual coin or set record,90d74d2a-985a-43fc-8a16-46bb4dd98b77,1940,Lincoln Wheat Cent Series,Penny,,Not Graded,$0.00,1,,Lincoln Wheat Cent. Acquired as part of a set of 50.,,
2,Looks like a SET — confirm if individual coin or set record,a9ef2d79-935a-4f24-8dbf-6dafbffeac61,1941,Lincoln Wheat Cent Series,Penny,,Not Graded,$0.00,1,,Lincoln Wheat Cent. Acquired as part of a set of 50.,,
2,Looks like a SET — confirm if individual coin or set record,aa572862-4f7c-47d8-a828-e44634862786,1942,Lincoln Wheat Cent Series,Penny,,Not Graded,$0.00,1,,Lincoln Wheat Cent. Acquired as part of a set of 50.,,
2,Looks like a SET — confirm if individual coin or set record,1eb922f2-23b6-49e8-aef7-90ceec7d6245,1943,Lincoln Wheat Cent Series,Penny,,Not Graded,$0.00,1,,Lincoln Wheat Cent. Acquired as part of a set of 50. Note: 1,,
2,Looks like a SET — confirm if individual coin or set record,804f735a-cff7-4645-a7ff-1d7d7603dd96,1944,Lincoln Wheat Cent Series,Penny,,Not Graded,$0.00,1,,Lincoln Wheat Cent. Acquired as part of a set of 50.,,
2,Looks like a SET — confirm if individual coin or set record,aa98af59-0e2f-4a84-96b4-fd6197773a4c,1945,Lincoln Wheat Cent Series,Penny,,Not Graded,$0.00,1,,Lincoln Wheat Cent. Acquired as part of a set of 50.,,
2,Looks like a SET — confirm if individual coin or set record,63c672ca-934d-47eb-a3af-0944afaa9843,1946,Lincoln Wheat Cent Series,Penny,,Not Graded,$0.00,1,,Lincoln Wheat Cent. Acquired as part of a set of 50.,,
2,Looks like a SET — confirm if individual coin or set record,f825e8f2-2e5e-41ee-903b-552284cff57d,1947,Lincoln Wheat Cent Series,Penny,,Not Graded,$0.00,1,,Lincoln Wheat Cent. Acquired as part of a set of 50.,,
2,Looks like a SET — confirm if individual coin or set record,933a0cb6-c9cb-4ec7-9ae9-cd3912dda28f,1948,Lincoln Wheat Cent Series,Penny,,Not Graded,$0.00,1,,Lincoln Wheat Cent. Acquired as part of a set of 50.,,
2,Looks like a SET — confirm if individual coin or set record,280f3af5-7403-411b-a7f4-2799b83424d6,1949,Lincoln Wheat Cent Series,Penny,,Not Graded,$0.00,1,,Lincoln Wheat Cent. Acquired as part of a set of 50.,,
2,Looks like a SET — confirm if individual coin or set record,ffc1c3c1-ab94-43b6-8d1b-eb953c002c3a,1950,Lincoln Wheat Cent Series,Penny,,Not Graded,$0.00,1,,Lincoln Wheat Cent. Acquired as part of a set of 50.,,
2,Looks like a SET — confirm if individual coin or set record,0461d3a7-06ef-4f40-ba45-1dfa5bb89e24,1951,Lincoln Wheat Cent Series,Penny,,Not Graded,$0.00,1,,Lincoln Wheat Cent. Acquired as part of a set of 50.,,
2,Looks like a SET — confirm if individual coin or set record,2d141511-abe2-41ec-8276-9a91c4076200,1952,Lincoln Wheat Cent Series,Penny,,Not Graded,$0.00,1,,Lincoln Wheat Cent. Acquired as part of a set of 50.,,
2,Looks like a SET — confirm if individual coin or set record,6bb6465d-a4b2-4816-86af-dc444ae5b866,1953,Lincoln Wheat Cent Series,Penny,,Not Graded,$0.00,1,,Lincoln Wheat Cent. Acquired as part of a set of 50.,,
2,Looks like a SET — confirm if individual coin or set record,b8974bfc-5028-424d-b69d-07ba23772566,1954,Lincoln Wheat Cent Series,Penny,,Not Graded,$0.00,1,,Lincoln Wheat Cent. Acquired as part of a set of 50.,,
2,Looks like a SET — confirm if individual coin or set record,fb0f4626-21c5-4e5d-8a27-13b333c4b8d5,1955,Lincoln Wheat Cent Series,Penny,,Not Graded,$0.00,1,,Lincoln Wheat Cent. Acquired as part of a set of 50.,,
2,Looks like a SET — confirm if individual coin or set record,85e6da23-c2b2-44a4-aa6b-64ff60cd628d,1956,Lincoln Wheat Cent Series,Penny,,Not Graded,$0.00,1,,Lincoln Wheat Cent. Acquired as part of a set of 50.,,
2,Looks like a SET — confirm if individual coin or set record,11fc103f-7a4b-4e85-afbf-b02ece6d7c7c,1957,Lincoln Wheat Cent Series,Penny,,Not Graded,$0.00,1,,Lincoln Wheat Cent. Acquired as part of a set of 50.,,
2,Looks like a SET — confirm if individual coin or set record,f3175fac-7c21-41c3-88c8-3671e255a004,1957,Lincoln Wheat Cent Series,Penny,,Not Graded,$0.00,1,,Acquired from a grab bag containing 50 coins.,,
2,Looks like a SET — confirm if individual coin or set record,32390e7b-3875-4a6a-a630-cbae3e378698,1958,Lincoln Wheat Cent Series,Penny,,Not Graded,$0.00,1,,Lincoln Wheat Cent. Acquired as part of a set of 50.,,
2,Looks like a SET — confirm if individual coin or set record,546fb70e-f071-406b-a267-e86016e3e7a0,1958,Lincoln Wheat Cent Series,Penny,,Not Graded,$0.00,1,,Acquired from a grab bag containing 50 coins.,,
2,Missing Year,5c028393-91f2-42a8-a82c-ec383720ea77,,Mercury Dime,Roosevelt Dime,D,Ungraded,$0.00,1,,"Invoice refers to 'Mercury Dime' (Winged Liberty Head Dime, ",invoices/queue/8b822b51-720d-40f1-97ff-688998d1a51f_Scan_20260129 (58).pdf,
2,Looks like a SET — confirm if individual coin or set record,a9e28882-c66d-4b36-a814-bebdebfa3959,1917,Mercury Dime,Dime,S,Genuine,$23.95,1,,U.S. Dime Collection Selection,,
2,Looks like a SET — confirm if individual coin or set record,2274d3e6-3701-4840-b720-9ff2c623bed0,1918,Mercury Dime,Dime,S,Average Circulated,$29.25,1,,U.S. Dime Collection Selection,,
2,Looks like a SET — confirm if individual coin or set record,538c6e5f-93ae-4ca0-8106-818277087753,1918,Mercury Dime,Dime,D,Good,$29.50,1,,U.S. Dime Collection Selection,,
2,Looks like a SET — confirm if individual coin or set record,514588b0-d1bb-4a3f-bf06-39f705310f8c,1920,Mercury Dime,Dime,D,Average Circulated,$26.95,1,,U.S. Dime Collection Selection,,
2,Looks like a SET — confirm if individual coin or set record,5464c172-bf48-4209-9bf5-7b3449809ce5,1924,Mercury Dime,Dime,S,Good,$29.50,1,,U.S. Dime Collection Selection,,
2,Looks like a SET — confirm if individual coin or set record,ee69b560-f6c2-4c6b-8bd5-e04f3da838f7,1924,Mercury Dime,Dime,D,Average Circulated,$29.25,1,,U.S. Dime Collection Selection,,
2,Looks like a SET — confirm if individual coin or set record,72f31bc1-e6fe-4a34-86c0-ea05cafa3ad4,1927,Mercury Dime,Dime,S,Average Circulated,$29.25,1,,U.S. Dime Collection Selection,,
2,Looks like a SET — confirm if individual coin or set record,19bf20a9-5afc-4df5-ad4f-06e09f697799,1929,Mercury Dime,Dime,D,Average Circulated,$27.00,1,,U.S. Dime Collection Selection,,
2,Looks like a SET — confirm if individual coin or set record,684a7842-9696-4f26-9bf3-613880fc8ca6,1917,Mercury Silver Dime,1 Dime,S,Genuine,$23.95,1,,U.S. Dime Collection Selection,,
2,Looks like a SET — confirm if individual coin or set record,1157cf94-2638-471a-94e7-d5398fff0918,1918,Mercury Silver Dime,1 Dime,D,Good,$29.50,1,,U.S. Dime Collection Selection,,
2,Looks like a SET — confirm if individual coin or set record,21b197ed-0ccc-4c40-8c1b-991c83fb047c,1918,Mercury Silver Dime,1 Dime,S,Average Circulated,$29.25,1,,U.S. Dime Collection Selection,,
2,Looks like a SET — confirm if individual coin or set record,21ce28c5-81f7-418a-9a9f-3e8fff73f354,1920,Mercury Silver Dime,1 Dime,D,Average Circulated,$26.95,1,,U.S. Dime Collection Selection,,
2,Looks like a SET — confirm if individual coin or set record,d812b872-eb99-47bc-8575-fccc32103e12,1924,Mercury Silver Dime,1 Dime,D,Average Circulated,$29.25,1,,U.S. Dime Collection Selection,,
2,Looks like a SET — confirm if individual coin or set record,e69293b9-a8f6-4cf1-a0e3-216ca88d3d92,1924,Mercury Silver Dime,1 Dime,S,Good,$29.50,1,,U.S. Dime Collection Selection,,
2,Looks like a SET — confirm if individual coin or set record,9cc0f0fe-e04f-4860-b5d0-8c813a6a3b65,1927,Mercury Silver Dime,1 Dime,S,Average Circulated,$29.25,1,,U.S. Dime Collection Selection,,
2,Looks like a SET — confirm if individual coin or set record,8e66acb3-778c-40a0-a375-aedbfefed27a,1929,Mercury Silver Dime,1 Dime,D,Average Circulated,$27.00,1,,U.S. Dime Collection Selection,,
2,Looks like a SET — confirm if individual coin or set record,b4024931-11e2-4f84-b297-c30293873752,,Mercury Silver Dime PDS Set 3 coins,,,average circ,points,1,Mercury Silver Dime PDS Set 3 coins,,miscellaneous purchases.xlsx,
2,Missing Year,b4024931-11e2-4f84-b297-c30293873752,,Mercury Silver Dime PDS Set 3 coins,,,average circ,points,1,Mercury Silver Dime PDS Set 3 coins,,miscellaneous purchases.xlsx,
2,Looks like a SET — confirm if individual coin or set record,48109f69-6f91-4acb-9d8d-2b05dfe969e6,,Mint Set,,,uncirculated,,1,11 coins,,Mint Sets.xlsx,
2,Missing Year,48109f69-6f91-4acb-9d8d-2b05dfe969e6,,Mint Set,,,uncirculated,,1,11 coins,,Mint Sets.xlsx,
2,Looks like a SET — confirm if individual coin or set record,5a857d52-fad3-4e5d-9c7e-bc4e13dfc6d8,2024,Mixed US Coin Programs,"Mixed (Kennedy Half Dollar, Native American $1 Coin)","P, D",Uncirculated,$0.00,1,,Showpak containing 2024 P and D Mint Kennedy Half Dollars an,gs://studio-9101802118-8c9a8-uploads/invoices/62fc125a-5f47-42bd-83a7-daa8aa3d3c1b_1769961003_Scan_20260128 (5).pdf,
2,Looks like a SET — confirm if individual coin or set record,14f4d7b1-b6ab-4d9b-9f26-ce370f843917,2023,Modern Morgan and Peace Silver Dollar Collection,Morgan Silver Dollar,,Proof,$229.00,1,,,invoices/queue/7fe907d0-0f6f-4ded-b51e-e1c833dc3993_Scan_20260129 (62).pdf,
2,Looks like a SET — confirm if individual coin or set record,c12ddd89-0e25-486b-b2e1-dd2f549d0824,2023,Modern Peace Dollar,Peace Dollar,,Ungraded,,1,,"Modern issue Peace Dollar, explicitly mentioned as part of '",invoices/queue/eea02866-ce16-4601-a817-f69cbfb0b816_Scan_20260129 (61).pdf,
2,Missing Year,9991a3b0-ff1e-43fe-9537-307bb3ab07db,,Morgan Dollar,$1,,Gem BU,4990.0,1,,Pre 1921 Morgan silver dollar Ch-Bu Roll 20 coins mexed dtes,,
2,Looks like a SET — confirm if individual coin or set record,b8365391-cd76-42bd-92f7-6a5a08f11e88,1883,Morgan Dollar Series,$1,CC,NGC MS64,3047.26,1,,GSA Hoard VAM-4,,
2,Looks like a SET — confirm if individual coin or set record,ca1ce9fb-ed56-4ddf-849c-d18398b3a332,1883,Morgan Dollar Series,$1.0,,NGC MS63,2492.37,1,,Hot 50,,
2,Missing Year,0b05d020-ed14-4617-b117-46a9f0d59ecd,,Morgan Silver Dollar,$1,,Uncirculated,695.0,1,,1883CC Morgan Silver dollar GSA Uncirculated W/Original govt,,
2,Missing Year,136dbcc9-7cd8-4161-b35b-d01fb2488708,,Morgan Silver Dollar,$1,,About Uncirculated,4995.0,1,,"1889CC Morgan silver dollar AU in display "" rarest Carson Ci",,
2,Missing Year,1524f8cb-831e-410c-bfd0-0a972cfc2416,,Morgan Silver Dollar,$1,,Uncirculated W/Original Gov't Box & COA,695.0,1,,1882CC Morgan Silver dollar GSA Uncirculated W/Original govt,,
2,Missing Year,1fae762d-5227-4d3e-8408-36230fbdc9ac,,Morgan Silver Dollar,$1,,Uncirculated,1695.0,1,,1880CC Morgan Silver dollar GSA Uncirculated W/Original govt,,
2,Missing Year,205df06f-98e7-4a38-aeaa-a5997c41effe,,Morgan Silver Dollar,$1,,Proof-62,5595.0,1,,1891 Morgan silver dollar NGC PF62CAC,,
2,Missing Year,3276fa91-d2ef-4f96-93c8-6b92939f171e,,Morgan Silver Dollar,$1,,Uncirculated,1495.0,1,,1878CC Morgan silver dollar Uncirculated W/Original Gov't Bo,,
2,Missing Year,3691ab04-d60d-417f-9345-62e375f2ed2d,,Morgan Silver Dollar,$1,,Choice AU,3995.0,1,,1892S Morgan silver dollar Ch-Au in display,,
2,Missing Year,4f0fb657-0640-495a-a4e0-b4ccb16f1f01,,Morgan Silver Dollar,Morgan Silver Dollar,D,Ungraded,$199.00,1,,,invoices/queue/5857136a-dd86-4d55-b318-4f6574bca148_Scan_20260129 (66).pdf,
2,Missing Year,6158475b-5143-45cd-8072-7f0b9757edfe,,Morgan Silver Dollar,$1,,"1879CC Morgan silver dollar AU in display ""One of the rarest dates"" and 1892 Morgan silver dollar BU in display",5495.0,1,,"1879CC Morgan silver dollar AU in display ""One of the rarest",,
2,Missing Year,662b996a-462b-43b5-8ec4-6e174634bb93,,Morgan Silver Dollar,$1,,PCGS MS66+SQ,3700.0,1,,1888 Morgan silver dollar PCGS MS66+SQ,,
2,Missing Year,76b30085-7dc5-4369-8082-528cdca9bdf4,,Morgan Silver Dollar,$1,,MS-65,1995.0,1,,1891O Morgan silver dollar Gem Bu in display,,
2,Missing Year,7e3201e1-2cce-4f5f-bdb0-3c2c62bea6e0,,Morgan Silver Dollar,1 Dollar,,Ungraded,$1818.00,3,,"3 coin set, Years: 1880-1887",,
2,Missing Year,8a794fa5-23dd-48d7-af6e-a8f53a369d8f,,Morgan Silver Dollar,$1,,Choice Uncirculated,3995.0,1,,1892S Morgan silver dollar Ch-Bu in display,,
2,Missing Year,db33a318-5089-4fc1-b5a0-43ef06e63310,,Morgan Silver Dollar,$1,,Uncirculated W/Original Gov't Box & COA,1995.0,1,,1885CC Morgan Silver dollar GSA Uncirculated W/Original govt,,
2,Looks like a SET — confirm if individual coin or set record,7c9c1f09-38f4-4ee7-a2f6-63bfdbf428d6,1921,Morgan Silver Dollar,$1,"P, D, S",MS-65,995,SET (3),,"1921PDS Morgan silver dollar Three Coin ""The end of an era"" ",,
2,Looks like a SET — confirm if individual coin or set record,603ca16a-1647-422a-8d73-e431a88858d6,1926,Morgan Silver Dollar,Morgan Silver Dollar,,Ungraded,$198.00,1,,"Invoice describes the coin as 'HIGH RELIEF'. Numismatically,",Scan_20260129 (78).pdf,
2,Looks like a SET — confirm if individual coin or set record,6b7d914d-cca6-4268-9de7-811061949965,2023,Morgan Silver Dollar,Morgan Silver Dollar,,Uncirculated,$229.00,1,,Part of 'THE ULTIMATE MODERN MORGAN AND PEACE SILVER DOLLAR ,invoices/queue/61ea50e3-4101-46a8-b5c0-2e019f3493bf_Scan_20260129 (63).pdf,
2,Looks like a SET — confirm if individual coin or set record,2b11cb2b-d8f7-4e92-aeda-09871302d46f,Multiple,Morgan Silver Dollar,$1,,Uncirculated,4990,Set (20),,Pre 1921 Morgan silver dollar Ch-Bu Roll 20 coins mixed date,,
2,Year 'Multiple' looks invalid,2b11cb2b-d8f7-4e92-aeda-09871302d46f,Multiple,Morgan Silver Dollar,$1,,Uncirculated,4990,Set (20),,Pre 1921 Morgan silver dollar Ch-Bu Roll 20 coins mixed date,,
2,Looks like a SET — confirm if individual coin or set record,320e8d05-f13a-4047-a453-0f6a04544e15,,Morgan Silver Dollar Set,$1,,MS-65,995.0,1,,"1921PDS Morgan silver dollar Three Coin ""The end of an era"" ",,
2,Missing Year,320e8d05-f13a-4047-a453-0f6a04544e15,,Morgan Silver Dollar Set,$1,,MS-65,995.0,1,,"1921PDS Morgan silver dollar Three Coin ""The end of an era"" ",,
2,Looks like a SET — confirm if individual coin or set record,62df1453-5344-471a-929b-1274a957a786,,Morgan Silver Dollar Set,$1,,"1878 Morgan silver dollar five coin st First year of issue variety Set  (1878-7TF,1878-7/8TF, 1878-8TF, 1878-S, 1878-CC)",1695.0,1,,1878 Morgan silver dollar five coin st First year of issue v,,
2,Missing Year,62df1453-5344-471a-929b-1274a957a786,,Morgan Silver Dollar Set,$1,,"1878 Morgan silver dollar five coin st First year of issue variety Set  (1878-7TF,1878-7/8TF, 1878-8TF, 1878-S, 1878-CC)",1695.0,1,,1878 Morgan silver dollar five coin st First year of issue v,,
2,Looks like a SET — confirm if individual coin or set record,b90541c6-6e7a-4652-80c2-807069aa2713,1878,Morgan Silver Dollar Set,$1,Multiple,About Uncirculated,1695,1,,1878 Morgan silver dollar five coin st First year of issue v,,
2,Looks like a SET — confirm if individual coin or set record,1b8edd54-3863-44e8-b070-67abcd004759,Multiple,Morgan Silver Dollar Set,$1,,Ungraded,1380,Multiple,,"Morgan silver dollars (7 1883 coins, 5 1884 coins, 8 1885O c",,
2,Year 'Multiple' looks invalid,1b8edd54-3863-44e8-b070-67abcd004759,Multiple,Morgan Silver Dollar Set,$1,,Ungraded,1380,Multiple,,"Morgan silver dollars (7 1883 coins, 5 1884 coins, 8 1885O c",,
2,Looks like a SET — confirm if individual coin or set record,b4c8ee37-1d97-4ff3-a9ff-98a7d39265db,Multiple,Morgan Silver Dollar Set,Multiple,,Ungraded,1380.0,1,,"Morgan silver dollars (7 1883 coins, 5 1884 coins, 8 1885O c",,
2,Year 'Multiple' looks invalid,b4c8ee37-1d97-4ff3-a9ff-98a7d39265db,Multiple,Morgan Silver Dollar Set,Multiple,,Ungraded,1380.0,1,,"Morgan silver dollars (7 1883 coins, 5 1884 coins, 8 1885O c",,
2,Looks like a SET — confirm if individual coin or set record,1754e35b-83ee-4f5e-a12f-30fc5cb6f220,2019P,National Park Quarters,quarter,,uncirculated,$1.75,1,Massachusetts Lowell National Historic Park,,National Park Quarters - 4 - B.xlsx,
2,Looks like a SET — confirm if individual coin or set record,3fcb26fa-aa11-40e1-b403-009497ca19c3,2019S,National Park Quarters,quarter,,uncirculated,$1.25,1,Massachusetts Lowell National Historic Park,,National Park Quarters - 3.xlsx,
2,Looks like a SET — confirm if individual coin or set record,e9584d04-8ac0-4bd6-a190-d3d4ec961cb6,2017S,National Park Year Set San Francisco Mint 5 coins,,,uncirculated,$15.75,1,National Park Year Set San Francisco Mint 5 coins,,miscellaneous purchases.xlsx,
2,Looks like a SET — confirm if individual coin or set record,a309093b-e598-420a-a268-b7a45fae02ff,2018S,National Park Year Set San Francisco Mint 5 coins,,,uncirculated,$11.50,1,National Park Year Set San Francisco Mint 5 coins,,miscellaneous purchases.xlsx,
2,Looks like a SET — confirm if individual coin or set record,7abcb158-4b0e-4b23-8150-4d3c8376412e,2020S,National Park quarters Silver Proof Year set 5 coins,,,ch proof 63,$74.95,1,National Park quarters Silver Proof Year set 5 coins,,miscellaneous purchases.xlsx,
2,Looks like a SET — confirm if individual coin or set record,b2c0fe1f-8a33-4c04-be98-c345682f4762,2017,Native American Dollar Series,Native American Dollar,P,Uncirculated,$8.10,1,,,,
2,Looks like a SET — confirm if individual coin or set record,0290aba9-e88a-4e35-9efe-7d3ea779efc6,2021,Native American Dollar Series,Native American Dollar,P,Uncirculated,$0.00,1,,,gs://studio-9101802118-8c9a8-uploads/invoices/e28d8a64-fa39-489b-b0c3-d356c132b097_1769970708_Scan_20260128 (13).pdf,
2,Looks like a SET — confirm if individual coin or set record,238cded8-d13c-4f50-bab0-7c1229b8d71d,2021,Native American Dollar Series,Native American Dollar,D,Uncirculated,$0.00,1,,,gs://studio-9101802118-8c9a8-uploads/invoices/e28d8a64-fa39-489b-b0c3-d356c132b097_1769970708_Scan_20260128 (13).pdf,
2,Looks like a SET — confirm if individual coin or set record,4adf4fa7-fdb0-4a45-a8ef-714ae59b0343,2022,Native American Dollar Series,Native American Dollar,D,Uncirculated,$0.00,1,,,gs://studio-9101802118-8c9a8-uploads/invoices/e28d8a64-fa39-489b-b0c3-d356c132b097_1769970708_Scan_20260128 (13).pdf,
2,Looks like a SET — confirm if individual coin or set record,73eb21bf-7545-4498-99a7-def912853e4f,2022,Native American Dollar Series,Native American Dollar,P,Uncirculated,$0.00,1,,,gs://studio-9101802118-8c9a8-uploads/invoices/e28d8a64-fa39-489b-b0c3-d356c132b097_1769970708_Scan_20260128 (13).pdf,
2,Looks like a SET — confirm if individual coin or set record,50587c4e-9fb7-4f8b-a078-8faab1a69c9c,2018-20,P&D American Innovation Set (18),,,uncirculated,$71.00,1,P&D American Innovation Set (18),,miscellaneous purchases.xlsx,
2,Looks like a SET — confirm if individual coin or set record,d6fa0ed7-ef8f-4161-beb6-3c64963fabbf,2018-20,P&D American Innovation set (18),,,uncirculated,$63.00,1,P&D American Innovation set (18),,miscellaneous purchases.xlsx,
2,Missing Year,be97654e-f07d-4c4d-aeca-43523b4e3d3b,,Peace Dollar,Dollar,,Ungraded,$0.00,1,,,,
2,Looks like a SET — confirm if individual coin or set record,43a7eab9-cc3a-4280-9609-f01225add81b,1922,Peace Dollar,Dollar,,Uncirculated,$96.75,1,,Set 1 of 4,,
2,Looks like a SET — confirm if individual coin or set record,839b599a-3489-40cf-b09e-d5c109fbfd09,1923,Peace Dollar,Dollar,,Uncirculated,$96.75,1,,Set 2 of 4,,
2,Looks like a SET — confirm if individual coin or set record,aebafca8-1dd2-49ef-a760-be698ba33cf9,1924,Peace Dollar,Dollar,,Uncirculated,$96.75,1,,Set 3 of 4,,
2,Looks like a SET — confirm if individual coin or set record,d37f8921-bd32-496c-a126-7527d818a9f2,1925,Peace Dollar,Dollar,,Uncirculated,$96.75,1,,Set 4 of 4,,
2,Looks like a SET — confirm if individual coin or set record,269ba7b1-47b7-4c08-8ac8-d7d2c35bc5c4,2023,Peace Dollar,Dollar,,Uncirculated,$229.00,1,,Part of 'THE ULTIMATE MODERN MORGAN AND PEACE SILVER DOLLAR ,invoices/queue/f69eb9c2-2299-4718-97af-46e37eb218f5_Scan_20260129 (64).pdf,
2,Looks like a SET — confirm if individual coin or set record,51ad6eab-bc69-4c67-b39f-42b28e700146,2023,Peace Dollar,Peace Dollar,,Uncirculated,$229.00,1,,Part of 'THE ULTIMATE MODERN MORGAN AND PEACE SILVER DOLLAR ,invoices/queue/f69eb9c2-2299-4718-97af-46e37eb218f5_Scan_20260129 (64).pdf,
2,Looks like a SET — confirm if individual coin or set record,91f33dfe-565b-4531-a11b-83e16abfbd16,2023,Proof,Morgan Silver Dollar,,Proof,$229.00,1,,Modern Morgan Silver Dollar Proof from 'THE ULTIMATE MODERN ,invoices/queue/dfda6cc7-7174-43c7-81e8-08efbf52d339_Scan_20260129 (62).pdf,
2,Looks like a SET — confirm if individual coin or set record,3b200a2b-4fac-4f20-86db-7d3ae3b37403,2024,Proof Set,,S,Proof-63,$39.95,1,,10 Coins,gs://studio-9101802118-8c9a8-uploads/invoices/598882a2-f591-4eea-aa3f-d763d274189a_1769971001_Scan_20260128 (14).pdf,
2,Looks like a SET — confirm if individual coin or set record,1fdf3ea5-205d-4dfa-b122-96f584450495,1957,Roosevelt Dime Series,Dime,D,Average Circulated,$0.00,1,,,gs://studio-9101802118-8c9a8-uploads/invoices/e28d8a64-fa39-489b-b0c3-d356c132b097_1769970708_Scan_20260128 (13).pdf,
2,Looks like a SET — confirm if individual coin or set record,d76615fb-2398-4f49-a718-3e46548f6fda,1962,Roosevelt Dime Series,Dime,D,Average Circ,$0.00,1,,,gs://studio-9101802118-8c9a8-uploads/invoices/e28d8a64-fa39-489b-b0c3-d356c132b097_1769970708_Scan_20260128 (13).pdf,
2,Looks like a SET — confirm if individual coin or set record,c7ead47b-7f31-481d-a54c-431d02f70db9,1963,Roosevelt Dime Series,Dime,D,Average Circulated,$0.00,1,,,gs://studio-9101802118-8c9a8-uploads/invoices/e28d8a64-fa39-489b-b0c3-d356c132b097_1769970708_Scan_20260128 (13).pdf,
2,Looks like a SET — confirm if individual coin or set record,866d0aad-018b-4107-8444-222d6cd0b743,1964,Roosevelt Dime Series,Dime,,Average Circ,$0.00,1,,,gs://studio-9101802118-8c9a8-uploads/invoices/e28d8a64-fa39-489b-b0c3-d356c132b097_1769970708_Scan_20260128 (13).pdf,
2,Looks like a SET — confirm if individual coin or set record,c1a4b008-8931-492c-8deb-abe5e48db045,2015-2024,Roosevelt Dime Set,Roosevelt Dime,P/D,Uncirculated,$4.95,1,,"Description states '2015-2024 Por D Roosevelt Dime Set', ind",invoices/queue/13ec2c3b-cd6a-49ea-9a6f-63e9dd50d4a5_Scan_20260129 (15).pdf,
2,Missing Year,8882aed7-ea7b-4281-a4cc-5c876589a58f,,Roosevelt Dimes,Dime,,Average Circulated,,1,,,,
2,Looks like a SET — confirm if individual coin or set record,3cd50285-6219-4745-8550-8c71aea23682,1879,Schoolgirl Dollar,$1,,Ungraded,59.95,1,,1879 Morgan School Girl three metal set,,
2,Looks like a SET — confirm if individual coin or set record,e8356cde-97ea-4283-93e9-b7d997269730,2001S,Silver Proof set 10 coins,,,ch proof 63,$105.00,1,Silver Proof set 10 coins,,miscellaneous purchases.xlsx,
2,Looks like a SET — confirm if individual coin or set record,3baddf53-e57c-4280-9c12-25f6aa3935b1,2006S,Silver Proof set 10 coins,,,ch proof 63,$101.00,1,Silver Proof set 10 coins,,miscellaneous purchases.xlsx,
2,Looks like a SET — confirm if individual coin or set record,344378a4-de23-41a0-ae35-b8a5e824081c,1966,Special Mint Set Hard Holder,,,uncirculated,$38.95,1,Special Mint Set Hard Holder,,miscellaneous purchases.xlsx,
2,Looks like a SET — confirm if individual coin or set record,bc6487c3-baef-4e4b-b789-59802b29d672,1967,Special Mint Set hard holder,,,uncirculated,$41.95,1,Special Mint Set hard holder,,miscellaneous purchases.xlsx,
2,Looks like a SET — confirm if individual coin or set record,e6c3cdb3-1992-44a8-96b4-a9e42b9be920,1965,Special Mint Set soft holder,,,uncirculated,$43.00,1,Special Mint Set soft holder,,miscellaneous purchases.xlsx,
2,Missing Year,4ab5f020-8ee9-420a-8ba0-a28ef7e65c8d,,Standing Liberty Quarter,Washington Quarter,P,Ungraded,$0.00,1,,Invoice refers to 'Standing Liberty Quarter' (1916-1930). De,invoices/queue/8b822b51-720d-40f1-97ff-688998d1a51f_Scan_20260129 (58).pdf,
2,Looks like a SET — confirm if individual coin or set record,cad31f3d-3385-4923-b5b4-60f1c260290b,1979-99,Susan B. Anthony 4 coin Year Set,,,uncirculated,$66.00,1,Susan B. Anthony 4 coin Year Set,,miscellaneous purchases.xlsx,
2,Looks like a SET — confirm if individual coin or set record,10861b9b-ae1e-4200-86b0-876b2d1c37ef,,The Celebrating America Coin Collection,,,Ungraded,$17.95,1,,This item represents Shipment 19 from 'The Celebrating Ameri,invoices/queue/28801121-cc53-460d-ae14-7803785bd0d3_Scan_20260129 (65).pdf,
2,Missing Year,10861b9b-ae1e-4200-86b0-876b2d1c37ef,,The Celebrating America Coin Collection,,,Ungraded,$17.95,1,,This item represents Shipment 19 from 'The Celebrating Ameri,invoices/queue/28801121-cc53-460d-ae14-7803785bd0d3_Scan_20260129 (65).pdf,
2,Looks like a SET — confirm if individual coin or set record,a7f0264e-5327-4164-a1ad-1242ec1d129f,,The Celebrating America Coin Collection,,,Ungraded,$17.95,1,,This invoice is for Shipment 21 of 'The Celebrating America ,invoices/queue/24eb4dbe-22fa-417d-b08f-cfdc097f4850_Scan_20260129 (57).pdf,
2,Missing Year,a7f0264e-5327-4164-a1ad-1242ec1d129f,,The Celebrating America Coin Collection,,,Ungraded,$17.95,1,,This invoice is for Shipment 21 of 'The Celebrating America ,invoices/queue/24eb4dbe-22fa-417d-b08f-cfdc097f4850_Scan_20260129 (57).pdf,
2,Looks like a SET — confirm if individual coin or set record,fd3c9cde-26d5-4256-99ce-a03b27f20329,,The Celebrating America Coin Collection Shipment 21,,,Ungraded,$17.95,1,,"This is a collection, specific coin details (Year, Denominat",invoices/queue/24eb4dbe-22fa-417d-b08f-cfdc097f4850_Scan_20260129 (57).pdf,
2,Missing Year,fd3c9cde-26d5-4256-99ce-a03b27f20329,,The Celebrating America Coin Collection Shipment 21,,,Ungraded,$17.95,1,,"This is a collection, specific coin details (Year, Denominat",invoices/queue/24eb4dbe-22fa-417d-b08f-cfdc097f4850_Scan_20260129 (57).pdf,
2,Missing Year,08d6845d-0557-4b67-b259-543c0d55662a,,The Half Dollar Club,Kennedy Half Dollar,,Ungraded,$407.58,1,,Invoice entry indicates an enrollment or purchase from 'The ,invoices/queue/54a3fab1-e2a4-484e-a739-87af0c4e4e4c_Scan_20260129 (41).pdf,
2,Looks like a SET — confirm if individual coin or set record,918fa741-bf52-4e1d-b55b-5728d5591aa3,1925,The U.S. Nickel Collection,Nickel,,Ungraded,$7.95,1,,,gs://studio-9101802118-8c9a8-uploads/invoices/5b17dcd1-75bf-44f1-b84a-b082f0341a27_1769970576_Scan_20260128 (12).pdf,
2,Looks like a SET — confirm if individual coin or set record,4e4b8a07-b80e-455e-9408-54521bb3e6a0,1975,The U.S. Nickel Collection,Jefferson Nickel,,Ungraded,$7.95,1,,,invoices/queue/7deb7a36-dd8d-4a07-bdfe-46ea3e50e13a_Scan_20260202 (2).pdf,
2,Looks like a SET — confirm if individual coin or set record,d934aa4b-ff9d-4b2d-a07b-c13b0ba5fc5b,1975,The U.S. Nickel Collection,Nickel,,Ungraded,$7.95,1,,,gs://studio-9101802118-8c9a8-uploads/invoices/5b17dcd1-75bf-44f1-b84a-b082f0341a27_1769970576_Scan_20260128 (12).pdf,
2,Looks like a SET — confirm if individual coin or set record,82029499-43ba-418e-a754-dc7abed17068,1993,The U.S. Nickel Collection,Jefferson Nickel,,Ungraded,$7.95,1,,,invoices/queue/7deb7a36-dd8d-4a07-bdfe-46ea3e50e13a_Scan_20260202 (2).pdf,
2,Looks like a SET — confirm if individual coin or set record,fe1f97a1-179b-47f2-9b43-efa03b2b79a0,1993,The U.S. Nickel Collection,Nickel,,Ungraded,$7.95,1,,,gs://studio-9101802118-8c9a8-uploads/invoices/5b17dcd1-75bf-44f1-b84a-b082f0341a27_1769970576_Scan_20260128 (12).pdf,
2,Looks like a SET — confirm if individual coin or set record,37bda890-269b-4fe7-9126-ceaddbfdf395,1998,The U.S. Nickel Collection,Nickel,,Ungraded,$7.95,1,,,gs://studio-9101802118-8c9a8-uploads/invoices/5b17dcd1-75bf-44f1-b84a-b082f0341a27_1769970576_Scan_20260128 (12).pdf,
2,Looks like a SET — confirm if individual coin or set record,4ea0b08c-84ad-434e-8642-c7eae8412a6d,1998,The U.S. Nickel Collection,Jefferson Nickel,,Ungraded,$7.95,1,,,invoices/queue/7deb7a36-dd8d-4a07-bdfe-46ea3e50e13a_Scan_20260202 (2).pdf,
2,Looks like a SET — confirm if individual coin or set record,1c4ed090-2f4c-4308-adc3-1eafd2da5f6f,2023,The Ultimate Modern Morgan and Peace Silver Dollar Collection,Morgan Silver Dollar,,Proof,$229.00,1,,The invoice specifies 'Peace Silver $'. Per the provided dic,invoices/queue/447bd98a-8ac8-47e3-9734-25ed3335bad9_Scan_20260129 (61).pdf,
2,Looks like a SET — confirm if individual coin or set record,22f3e94e-5268-4e03-9717-6a1bbd6fe529,2023,The Ultimate Modern Morgan and Peace Silver Dollar Collection,Peace Dollar,,Ungraded,0.00,1,,Shipment # 4 of The Ultimate Modern Morgan and Peace Silver ,invoices/queue/904e0148-d1e2-4c64-8805-1d9552feda7e_Scan_20260129 (61).pdf,
2,Looks like a SET — confirm if individual coin or set record,76b5183c-bb0b-41b7-aa8e-a073b63e2179,2023,The Ultimate Modern Morgan and Peace Silver Dollar Collection,Peace Dollar,,Uncirculated,$229.00,1,,Shipment #2.,invoices/queue/626d253b-81c9-474b-a31a-97e08accb325_Scan_20260129 (64).pdf,
2,Looks like a SET — confirm if individual coin or set record,a2dae2c3-a342-48de-9a5a-ba6cbbe7ea69,2023,The Ultimate Modern Morgan and Peace Silver Dollar Collection,Morgan Silver Dollar,,Uncirculated,$229.00,1,,Part of 'The Ultimate Modern Morgan and Peace Silver Dollar ,invoices/queue/085974cc-279b-4a78-9c73-b8f5b9dcb14c_Scan_20260129 (63).pdf,
2,Looks like a SET — confirm if individual coin or set record,f7bf3cfc-c7bf-4d32-bc3a-e3b88f5f29f7,2023,The Ultimate Modern Morgan and Peace Silver Dollar Collection,Peace Dollar,,Proof,Pending,1,,Shipped as part of Shipment #4.,invoices/queue/9d45e0fe-a47e-47fb-85a2-d87deefff383_Scan_20260129 (61).pdf,
2,Looks like a SET — confirm if individual coin or set record,0d0b22fc-fb75-4e94-a7bd-58bf1b67f4d0,1942,The World War II U.S. Coin Collection,Lincoln Cent,S,Ungraded,$0.00,1,,"Individual item cost not specified, as it is part of a colle",invoices/queue/78e15b92-f087-4fd8-9d68-45f0392527e3_Scan_20260129 (59).pdf,
2,Looks like a SET — confirm if individual coin or set record,1c711f85-1fd1-4281-892a-8064f518b378,1942,The World War II U.S. Coin Collection,Kennedy Half Dollar,S,Ungraded,$0.00,1,,"Individual item cost not specified, as it is part of a colle",invoices/queue/78e15b92-f087-4fd8-9d68-45f0392527e3_Scan_20260129 (59).pdf,
2,Looks like a SET — confirm if individual coin or set record,8be6d1b3-d519-48db-a597-373f70923e9b,1942,The World War II U.S. Coin Collection,Washington Quarter,S,Ungraded,$0.00,1,,"Individual item cost not specified, as it is part of a colle",invoices/queue/78e15b92-f087-4fd8-9d68-45f0392527e3_Scan_20260129 (59).pdf,
2,Looks like a SET — confirm if individual coin or set record,95ea9944-d446-4902-8528-7fdc824b23c2,1942,The World War II U.S. Coin Collection,Roosevelt Dime,S,Ungraded,$0.00,1,,"Individual item cost not specified, as it is part of a colle",invoices/queue/78e15b92-f087-4fd8-9d68-45f0392527e3_Scan_20260129 (59).pdf,
2,Looks like a SET — confirm if individual coin or set record,a4ecaf6a-d505-4327-8107-0b5a903e9685,1942,The World War II U.S. Coin Collection,Jefferson Nickel,S,Ungraded,$0.00,1,,"Individual item cost not specified, as it is part of a colle",invoices/queue/78e15b92-f087-4fd8-9d68-45f0392527e3_Scan_20260129 (59).pdf,
2,Looks like a SET — confirm if individual coin or set record,0f60961c-e8ef-4313-80d5-5b6c3e421326,1934,Time Capsule Year Set,5-Coin Set,,Circulated,$138.00,1,,Taxable Item,invoices/queue/374c26cd-9ec7-41d4-8cb2-2ecd4437403a_Scan_20260129 (43).pdf,
2,Looks like a SET — confirm if individual coin or set record,be4cd764-bef8-44c8-a722-ecc8755cca78,1935,Time Capsule Year Set,Mixed US Coin Set,,Circulated,$102.00,1,,This item is a 5-coin year set. Specific denominations and m,invoices/queue/edde24eb-cb59-48ec-a06b-b010de92c904_Scan_20260129 (46).pdf,
2,Looks like a SET — confirm if individual coin or set record,fcc072f1-7848-49bc-9912-9a0542897c05,1936,Time Capsule Year Set,5-Coin Set,,Circulated,$101.00,1,,"Includes typical US coins for 1936: Lincoln Cent, Buffalo Ni",invoices/queue/bf45d498-a609-4947-a9bc-4c4ce60a94e9_Scan_20260129 (48).pdf,
2,Looks like a SET — confirm if individual coin or set record,f4db515b-c4d0-4c2a-8bbe-2072b091fa67,1937,Time Capsule Year Set,5-Coin Set,,Circulated,$131.00,1,,Taxable Item,invoices/queue/374c26cd-9ec7-41d4-8cb2-2ecd4437403a_Scan_20260129 (43).pdf,
2,Looks like a SET — confirm if individual coin or set record,42fa434c-53a9-4fd1-ab89-93b4e8ddb8eb,1938,Time Capsule Year Set,5-Coin Set,,Circulated,$179.00,1,,,,
2,Looks like a SET — confirm if individual coin or set record,708a25f4-5cfc-46cd-a416-13adea5bedd0,1942,Time Capsule Year Set,Mixed US Coin Set,,Circulated,$99.00,1,,This item is a 5-coin year set. Specific denominations and m,invoices/queue/edde24eb-cb59-48ec-a06b-b010de92c904_Scan_20260129 (46).pdf,
2,Looks like a SET — confirm if individual coin or set record,1b57264c-cf7e-4571-9b0a-8b8e18e8e764,1947,Time Capsule Year Set,"5-Coin Set (Lincoln Cent, Jefferson Nickel, Roosevelt Dime, Washington Quarter, Walking Liberty Half Dollar)",,Circulated,$121.00,1,,Inferred denominations for a 5-coin US set of this year.,invoices/queue/6906eb5a-5a7e-4dc9-b5cb-a097346931b1_Scan_20260129 (42).pdf,
2,Looks like a SET — confirm if individual coin or set record,78e6773b-cf88-41bf-842c-5930b402bcae,1948,Time Capsule Year Set,5-Coin Set,,Circulated,$170.00,1,,,,
2,Looks like a SET — confirm if individual coin or set record,ec9e9bad-452a-4698-97d2-f0f9fc636a52,1949,Time Capsule Year Set,Mixed US Coin Set,,Circulated,$112.00,1,,5-Coin set,invoices/queue/28e619b3-f54e-4194-b212-51930edf3c84_Scan_20260129 (45).pdf,
2,Looks like a SET — confirm if individual coin or set record,e693a6cc-c32a-41e4-a720-771b478c2471,1950,Time Capsule Year Set,5-Coin Set,,Circulated,$167.00,1,,,,
2,Looks like a SET — confirm if individual coin or set record,4b438eca-39de-442e-abe9-017d58bc65f4,1951,Time Capsule Year Set,5-Coin Set,,Circulated,$135.00,1,,Taxable Item,invoices/queue/374c26cd-9ec7-41d4-8cb2-2ecd4437403a_Scan_20260129 (43).pdf,
2,Looks like a SET — confirm if individual coin or set record,ef7db115-b3a0-4f6c-b7e3-31681a18392b,1952,Time Capsule Year Set,"5-Coin Set (Lincoln Cent, Jefferson Nickel, Roosevelt Dime, Washington Quarter, Franklin Half Dollar)",,Circulated,$109.00,1,,Inferred denominations for a 5-coin US set of this year.,invoices/queue/6906eb5a-5a7e-4dc9-b5cb-a097346931b1_Scan_20260129 (42).pdf,
2,Looks like a SET — confirm if individual coin or set record,94d79283-e765-4513-af62-ac6316fe9107,1953,Time Capsule Year Set,Mixed US Coin Set,,Circulated,$96.00,1,,5-Coin set,invoices/queue/28e619b3-f54e-4194-b212-51930edf3c84_Scan_20260129 (45).pdf,
2,Looks like a SET — confirm if individual coin or set record,f53a7f5a-a2e6-4e8a-afa8-f4844071e9ef,1955,Time Capsule Year Set,5-Coin Set,,Circulated,$185.00,1,,,,
2,Looks like a SET — confirm if individual coin or set record,498fb5a4-54d5-4aad-b945-250b1d90c7df,1956,Time Capsule Year Set,5-Coin Set,,Circulated,$132.00,1,,Taxable Item,invoices/queue/374c26cd-9ec7-41d4-8cb2-2ecd4437403a_Scan_20260129 (43).pdf,
2,Looks like a SET — confirm if individual coin or set record,f958e79e-91eb-49ee-96c7-913ee28fbfaa,1957,Time Capsule Year Set,"5-Coin Set (Lincoln Cent, Jefferson Nickel, Roosevelt Dime, Washington Quarter, Franklin Half Dollar)",,Circulated,$109.00,1,,Inferred denominations for a 5-coin US set of this year.,invoices/queue/6906eb5a-5a7e-4dc9-b5cb-a097346931b1_Scan_20260129 (42).pdf,
2,Looks like a SET — confirm if individual coin or set record,0f8cfb3d-72a4-4b74-b3cf-947e657ddcda,1958,Time Capsule Year Set,Mixed US Coin Set,,Circulated,$94.50,1,,5-Coin set,invoices/queue/28e619b3-f54e-4194-b212-51930edf3c84_Scan_20260129 (45).pdf,
2,Looks like a SET — confirm if individual coin or set record,8dce0b7a-e303-41c3-b449-ffadf818cc9e,1960,Time Capsule Year Set,Mixed US Coin Set,,Circulated,$93.00,1,,5-Coin set,invoices/queue/28e619b3-f54e-4194-b212-51930edf3c84_Scan_20260129 (45).pdf,
2,Looks like a SET — confirm if individual coin or set record,882bd16b-8e35-4317-b0ac-9ac3e183cb3f,1961,Time Capsule Year Set,5-Coin Set,,Circulated,$91.50,1,,"Includes typical US coins for 1961: Lincoln Cent, Jefferson ",invoices/queue/bf45d498-a609-4947-a9bc-4c4ce60a94e9_Scan_20260129 (48).pdf,
2,Looks like a SET — confirm if individual coin or set record,6da80064-a092-43ba-9ae7-74802ee6c7f1,1963,Time Capsule Year Set,5-Coin Set,,Circulated,$91.50,1,,,invoices/queue/a9cd760f-4192-4e40-bad9-0af3b3e4ff71_Scan_20260129 (44).pdf,
2,Looks like a SET — confirm if individual coin or set record,c4822c01-ae7f-4de6-b345-9a756dbb3e9e,1964,Time Capsule Year Set,,,Circulated,$29.95,1,,5 Coins,gs://studio-9101802118-8c9a8-uploads/invoices/598882a2-f591-4eea-aa3f-d763d274189a_1769971001_Scan_20260128 (14).pdf,
2,Looks like a SET — confirm if individual coin or set record,0dcc6dd6-5548-4798-91f7-723c4c6b66b1,1976,U.S. Bicentennial,1 Dollar,D,UNC 63,$31.35,1,,1971-1978 Eisenhower Dollar Set with Album,,
2,Looks like a SET — confirm if individual coin or set record,182302cc-8ada-4fd8-a00f-64c463831c31,1976,U.S. Bicentennial,1 Dollar,D,MS-63,$31.35,1,,1971-1978 Eisenhower Dollar Set with Album,,
2,Looks like a SET — confirm if individual coin or set record,1fff118d-9f69-4f8e-8d6c-3c4af2bb5dda,1976,U.S. Bicentennial,Dollar,S,Proof-63,$31.35,1,,1971-1978 Eisenhower Dollar Set with Album,,
2,Looks like a SET — confirm if individual coin or set record,29aa9c54-2dc2-4ffa-94d7-48862afad42f,1976,U.S. Bicentennial,Dollar,S,Proof-63,$31.35,1,,1971-1978 Eisenhower Dollar Set with Album,,
2,Looks like a SET — confirm if individual coin or set record,38d5386b-73d1-4257-8227-1503d8cb0c34,1976,U.S. Bicentennial,1 Dollar,S,Proof-63,$31.35,1,,1971-1978 Eisenhower Dollar Set with Album,,
2,Looks like a SET — confirm if individual coin or set record,4abec370-74c8-4cc9-887b-f4db4ed8c33f,1976,U.S. Bicentennial,1 Dollar,S,UNC 63,$31.35,1,,1971-1978 Eisenhower Dollar Set with Album,,
2,Looks like a SET — confirm if individual coin or set record,4e049129-a280-447c-ae23-5ed5e7faa8cf,1976,U.S. Bicentennial,1 Dollar,,MS-63,$31.35,1,,1971-1978 Eisenhower Dollar Set with Album,,
2,Looks like a SET — confirm if individual coin or set record,5aa74d5e-4205-4f79-93a4-3bf44947c1ed,1976,U.S. Bicentennial,Dollar,S,UNC 63,$31.35,1,,1971-1978 Eisenhower Dollar Set with Album,,
2,Looks like a SET — confirm if individual coin or set record,6427eb10-4881-497a-9755-a64ff4470aa4,1976,U.S. Bicentennial,Dollar,,UNC 63,$31.35,1,,1971-1978 Eisenhower Dollar Set with Album,,
2,Looks like a SET — confirm if individual coin or set record,6649469b-2d12-423f-be89-8965da1b6886,1976,U.S. Bicentennial,1 Dollar,S,Proof-63,$31.35,1,,1971-1978 Eisenhower Dollar Set with Album,,
2,Looks like a SET — confirm if individual coin or set record,8a3ff0c2-117c-42ca-aa77-1753a9aacc39,1976,U.S. Bicentennial,1 Dollar,S,Proof-63,$31.35,1,,1971-1978 Eisenhower Dollar Set with Album,,
2,Looks like a SET — confirm if individual coin or set record,98f9667e-521d-466c-9f95-5371e0fdea4e,1976,U.S. Bicentennial,Dollar,,UNC 63,$31.35,1,,1971-1978 Eisenhower Dollar Set with Album,,
2,Looks like a SET — confirm if individual coin or set record,c59953f2-ca03-4e02-a3d0-827281da943b,1976,U.S. Bicentennial,Dollar,D,UNC 63,$31.35,1,,1971-1978 Eisenhower Dollar Set with Album,,
2,Looks like a SET — confirm if individual coin or set record,d8d9266a-89da-40a6-a720-ead171bad583,1976,U.S. Bicentennial,Dollar,S,Proof-63,$31.35,1,,1971-1978 Eisenhower Dollar Set with Album,,
2,Looks like a SET — confirm if individual coin or set record,e4a96c13-82e5-4cd7-b3f9-f810b9ff2a2d,1976,U.S. Bicentennial,Dollar,D,MS-63,$31.35,1,,1971-1978 Eisenhower Dollar Set with Album,,
2,Looks like a SET — confirm if individual coin or set record,ed45cd95-91ce-439b-b148-3bd6f2d4c09c,1976,U.S. Bicentennial,1 Dollar,,UNC 63,$31.35,1,,1971-1978 Eisenhower Dollar Set with Album,,
2,Looks like a SET — confirm if individual coin or set record,3e745714-c2f3-4be8-bceb-653c1a316a68,2023,Ultimate Modern Morgan and Peace Silver Dollar Collection,Peace Dollar,,Ungraded,$85.42,1,,Shipped as part of 'The Ultimate Modern Morgan and Peace Sil,invoices/queue/447bd98a-8ac8-47e3-9734-25ed3335bad9_Scan_20260129 (61).pdf,
2,Looks like a SET — confirm if individual coin or set record,20ad0650-00b7-4f99-9241-9f7804f946dd,1861,Walking Liberty Half Dollar,Half Dollar,P,Very Fine,$148.50,1,,Input description: no motto. Note: Year 1861 is inconsistent,,
2,Looks like a SET — confirm if individual coin or set record,19d528cd-40f6-4f03-af16-6c57a4c997e1,1872,Walking Liberty Half Dollar,Half Dollar,P,Good,$130.00,1,,Input description: motto. Note: Year 1872 is inconsistent wi,,
2,Looks like a SET — confirm if individual coin or set record,f1782ef3-d482-498c-a156-c52a38849317,1948,Walking Liberty Half Dollar,Half Dollar,O,Very Fine,$329.00,1,,Note: The year and mint mark are inconsistent with the known,,
2,Looks like a SET — confirm if individual coin or set record,80aa32b3-2227-4faf-b490-e1bc2dc4fc27,1943-46,Wartime Lincoln Head Cent Set with folder 12 coins,,,average circ,$16.95,1,Wartime Lincoln Head Cent Set with folder 12 coins,,miscellaneous purchases.xlsx,
2,Year 'multiple' looks invalid,e5a28f71-fbed-420e-bbd5-6e3a75ee3667,multiple,Wheat Cents,1 cent,,Ungraded,49.95,1,,3 Troy Pound of Wheaties approx 360 coins,,
2,Looks like a SET — confirm if individual coin or set record,bd3ae2cc-9632-4b12-8f98-d27455af431e,1941-45,World War II Coin collection,,,average circ,points,1,World War II Coin collection,,miscellaneous purchases.xlsx,
2,Looks like a SET — confirm if individual coin or set record,dbb983cb-5555-42bb-965e-4128571a6b39,1964,silver proof set 5 coins,,,ch prood 63,$67.50,1,silver proof set 5 coins,,miscellaneous purchases.xlsx,
3,Missing Denomination,85b79947-de6f-4222-8dba-edb3c9fe7fd3,,100 coins from ioo countries with treasure chest,,,uncirculated,$49.95,1,100 coins from ioo countries with treasure chest,,miscellaneous purchases.xlsx,
3,Missing Denomination,03153afb-9f63-4c3c-b30b-0973c47e679f,,"103-76BC Alexander Jannaeus Bronze Widow's Mite H469-70,72",,,fair good,$15.00,1,"103-76BC Alexander Jannaeus Bronze Widow's Mite H469-70,72",,miscellaneous purchases.xlsx,
3,Missing Denomination,2e922f8d-b9ff-4fde-8868-c40414305f4a,,2021 W ASE T-1 FDOI PF70 ULTRA CAMEO signed by John Mercanti,,,,,1,2021 W ASE T-1 FDOI PF70 ULTRA CAMEO signed by John Mercanti,,JAS Gallery invoice.xlsx,
3,Missing Denomination,b945df94-501f-44a6-9e03-da2f20791619,,2021s ase t-1 & t-2 Emergency issue set FDOI NGC MS70 signed by John Mercanti,,,,,1,2021s ase t-1 & t-2 Emergency issue set FDOI NGC MS70 signed by John Mercanti,,JAS Gallery invoice.xlsx,
3,Missing Denomination,0ae1daa6-c92a-4b2b-99c2-1c04bee4d227,1968-98,31 different US proof sets,,,ch proof 63,$599.00,1,31 different US proof sets,,miscellaneous purchases.xlsx,
3,Missing Denomination,acdfa271-9d92-428f-8625-8d7d2adf08ac,2018-20,41 Native American quarters and folder,,,circulated,$196.00,1,41 Native American quarters and folder,,miscellaneous purchases.xlsx,
3,Missing Denomination,537b08c8-95c6-4311-9599-fbd96fe5f16c,1916-1920,5 Different Mint Weat Cents,,,,$56.95,1,5 Different Mint Weat Cents,,miscellaneous purchases.xlsx,
3,Missing Denomination,cfb0ba60-51eb-43f5-8f11-9d0b9dacef5a,,50 bank notes from 50 countries with chart,,,average circ,$49.95,1,50 bank notes from 50 countries with chart,,miscellaneous purchases.xlsx,
3,Missing Denomination,31cf4601-c9b1-4da1-bfd3-da27619c50c1,2020S,AI$ Proof Set,,,ch proof 63,$80.00,1,AI$ Proof Set,,miscellaneous purchases.xlsx,
3,Missing Denomination,923fd8b8-e61d-4158-b369-8c95ac22cb01,1939,America Revisited Club; Time Capsule Year Set,,,Circulated,$103.00,1,,Contains 5 coins from 1939.,invoices/queue/96b3eb20-5ea7-4771-95fd-838413a13356_Scan_20260129 (47).pdf,
3,Missing Denomination,74c4aede-d8fa-42ce-bcf4-b838f1829e09,1954,America Revisited Club; Time Capsule Year Set,,,Circulated,$94.50,1,,Contains 5 coins from 1954.,invoices/queue/96b3eb20-5ea7-4771-95fd-838413a13356_Scan_20260129 (47).pdf,
3,Missing Denomination,65b471d0-a182-4cd5-971b-f2121e93898d,,Buffalo Nickel,,,,,1,,,BUFFALO NICKELS.xlsx,
3,Missing Denomination,740898ca-a9dc-4c46-b1a0-3b51ff2e60d9,,Buffalo Nickel,,,,,1,,,BUFFALO NICKELS.xlsx,
3,Missing Denomination,7f2ac628-7dc3-4e1f-8c1a-721e25a5a72c,,Buffalo Nickel,,,,,1,,,BUFFALO NICKELS.xlsx,
3,Missing Denomination,9ff5191f-baef-4bbf-97e2-6247b0a440d2,,Buffalo Nickel,,,,,1,,,BUFFALO NICKELS.xlsx,
3,Missing Denomination,393be615-0383-4b0d-95d6-3a9e372935df,,Buffalo Nickel 3 coin All Mint set,,,fine,points,1,Buffalo Nickel 3 coin All Mint set,,miscellaneous purchases.xlsx,
3,Missing Denomination,ed7ca15b-e10b-4f6a-bdc4-2e3ab23c394b,11914-16,Buffalo Nickel 3 coin mint set,,,average circ,points,1,Buffalo Nickel 3 coin mint set,,miscellaneous purchases.xlsx,
3,Missing Denomination,39b04e68-45a8-4b80-9c88-d0901d621e20,,Celebrating America Coin Collection,,,Ungraded,$17.95,1,,"The specific coin (year, denomination) is not explicitly sta",invoices/queue/85294d49-0af6-4251-a63b-2b94b931714a_Scan_20260129 (67).pdf,
3,Missing Denomination,5c8412e8-1bc6-48ab-8d58-73438a51be06,,Celebrating America Coin Collection,,,Ungraded,$17.95,1,,Shipment 9 of collection,invoices/queue/b248bd95-4d74-4ab4-9d7b-ae4275453762_Scan_20260129 (69).pdf,
3,Missing Denomination,a34d398d-792c-40b8-a35e-4cb895462543,2001S,Clad  Proof Set 10 coins,,,ch proog 63,$40.50,1,Clad  Proof Set 10 coins,,miscellaneous purchases.xlsx,
3,Missing Denomination,3ac52092-ab2a-454d-9823-5a62daebf5c8,2018S,Clad  Proof Set 10 coins,,,ch proog 63,$146.00,1,Clad  Proof Set 10 coins,,miscellaneous purchases.xlsx,
3,Missing Denomination,c0699946-4625-46ef-ad1e-32dec04f60f9,2004S,Clad  Proof Set 11 coins,,,ch proog 63,$40.50,1,Clad  Proof Set 11 coins,,miscellaneous purchases.xlsx,
3,Missing Denomination,c3439d5a-b9c2-497f-a6ac-21a32bc94821,2016S,Clad  Proof Set 13 coins,,,ch proog 63,$119.00,1,Clad  Proof Set 13 coins,,miscellaneous purchases.xlsx,
3,Missing Denomination,24712445-a2b9-477f-ab46-4663d5834f35,2014S,Clad  Proof Set 14 coins,,,ch proog 63,$90.95,1,Clad  Proof Set 14 coins,,miscellaneous purchases.xlsx,
3,Missing Denomination,80bdf654-7187-46cd-8b29-025af073c16d,1971S,Clad  Proof Set 5 coins,,,ch proog 63,$18.50,1,Clad  Proof Set 5 coins,,miscellaneous purchases.xlsx,
3,Missing Denomination,a51a5054-788f-457f-b29f-54d787de7acc,1982S,Clad  Proof Set 5 coins,,,ch proog 63,$22.50,1,Clad  Proof Set 5 coins,,miscellaneous purchases.xlsx,
3,Missing Denomination,d1eff7aa-7484-4297-94fd-8675609d6ccb,1985S,Clad  Proof Set 5 coins,,,ch proog 63,$22.50,1,Clad  Proof Set 5 coins,,miscellaneous purchases.xlsx,
3,Missing Denomination,07d4031a-a0bd-42a2-a702-a4e81b5b01e7,1989S,Clad  Proof Set 5 coins,,,ch proog 63,$23.95,1,Clad  Proof Set 5 coins,,miscellaneous purchases.xlsx,
3,Missing Denomination,c81c7942-47c0-49c5-a53f-b1a1a9420a68,1989S,Clad  Proof Set 5 coins,,,ch proog 63,$19.50,1,Clad  Proof Set 5 coins,,miscellaneous purchases.xlsx,
3,Missing Denomination,99046f2e-7d32-4957-acce-01f8e46399dc,1995S,Clad  Proof Set 5 coins,,,ch proog 63,$38.50,1,Clad  Proof Set 5 coins,,miscellaneous purchases.xlsx,
3,Missing Denomination,0d7b3a6d-cd7e-4faf-88f7-6d03653b08c9,1976S,Clad  Proof Set 6 coins,,,ch proog 63,$33.95,1,Clad  Proof Set 6 coins,,miscellaneous purchases.xlsx,
3,Missing Denomination,ac6bb748-b5e9-46e2-b37f-06c67b56bb20,1977S,Clad  Proof Set 6 coins,,,ch proog 63,$30.95,1,Clad  Proof Set 6 coins,,miscellaneous purchases.xlsx,
3,Missing Denomination,5620bc6b-1206-486f-bbae-5b4bec6fca5f,1978S,Clad  Proof Set 6 coins,,,ch proog 63,$28.95,1,Clad  Proof Set 6 coins,,miscellaneous purchases.xlsx,
3,Missing Denomination,9e9cc96d-e1e0-401a-b2db-3f4d324696b6,1980S,Clad  Proof Set 6 coins,,,ch proog 63,$23.95,1,Clad  Proof Set 6 coins,,miscellaneous purchases.xlsx,
3,Missing Denomination,16514dac-1400-4c41-8b91-9a22ea5c5191,1983S,Clad  Proof Set 6 coins,,,ch proog 63,$26.50,1,Clad  Proof Set 6 coins,,miscellaneous purchases.xlsx,
3,Missing Denomination,f55555a4-2e15-4551-bba4-a3f03863a97a,1999S,Clad  Proof Set 9 coins,,,ch proog 63,$34.50,1,Clad  Proof Set 9 coins,,miscellaneous purchases.xlsx,
3,Missing Denomination,3c85311b-2391-4b6f-84ba-52a2cef9d096,2000S,Clad Proof Set 10 Coins,,,ch proof 63,$25.95,1,Clad Proof Set 10 Coins,,miscellaneous purchases.xlsx,
3,Missing Denomination,b3adf0c3-5c6b-4a65-892a-accf5bc3c813,2002S,Clad Proof Set 10 Coins,,,ch proof 63,$28.50,1,Clad Proof Set 10 Coins,,miscellaneous purchases.xlsx,
3,Missing Denomination,56965cd9-fcd6-4110-9db1-1de8bd398505,2003S,Clad Proof Set 10 Coins,,,ch proof 63,$26.50,1,Clad Proof Set 10 Coins,,miscellaneous purchases.xlsx,
3,Missing Denomination,7d33a2ce-c0cd-40d8-a2d3-906cc80617cd,2006S,Clad Proof Set 10 Coins,,,ch proof 63,$32.95,1,Clad Proof Set 10 Coins,,miscellaneous purchases.xlsx,
3,Missing Denomination,cb23c3dd-b320-4b2f-8c4b-30750587340d,2017S,Clad Proof Set 10 coins,,,ch proof 63,$126.00,1,Clad Proof Set 10 coins,,miscellaneous purchases.xlsx,
3,Missing Denomination,6a4b0ac2-123e-42c4-9a0b-fe97ff49c7c4,2022S,Clad Proof Set 10 coins,,,ch proof 63,$44.95,1,Clad Proof Set 10 coins,,miscellaneous purchases.xlsx,
3,Missing Denomination,eb1510e8-07f6-4ac4-9b00-e43bce8c4f70,2019S,Clad Proof Set 11 coins,,,ch proof 63,$78.95,1,Clad Proof Set 11 coins,,miscellaneous purchases.xlsx,
3,Missing Denomination,0ae6ce64-6ec6-4599-92dc-2413ef43b60c,2006S,Clad Proof Set 14 Coins,,,ch proof 63,$92.50,1,Clad Proof Set 14 Coins,,miscellaneous purchases.xlsx,
3,Missing Denomination,767bca45-aabb-46ea-ac10-14c94118134c,2007S,Clad Proof Set 14 coins,,,ch proof 63,$56.00,1,Clad Proof Set 14 coins,,miscellaneous purchases.xlsx,
3,Missing Denomination,b97b09d3-c61a-482b-9311-63cf8cbeac7f,2008S,Clad Proof Set 14 coins,,,ch proof 63,$108.00,1,Clad Proof Set 14 coins,,miscellaneous purchases.xlsx,
3,Missing Denomination,7afa9416-4e1e-45c6-9c86-242716e90e3e,2013S,Clad Proof Set 14 coins,,,ch proof 63,$158.00,1,Clad Proof Set 14 coins,,miscellaneous purchases.xlsx,
3,Missing Denomination,83203916-5509-47aa-9131-d639ba17ed4e,2013S,Clad Proof Set 14 coins,,,ch proof 63,$90.95,1,Clad Proof Set 14 coins,,miscellaneous purchases.xlsx,
3,Missing Denomination,83ba22b0-4bb3-43cf-8560-d27e65a694bd,2015S,Clad Proof Set 14 coins,,,ch proof 63,$92.50,1,Clad Proof Set 14 coins,,miscellaneous purchases.xlsx,
3,Missing Denomination,5de66bea-05b5-4c3c-9ce4-620689d8852b,1968S,Clad Proof Set 5 coins,,,ch proof 63,$30.95,1,Clad Proof Set 5 coins,,miscellaneous purchases.xlsx,
3,Missing Denomination,e914d030-594e-4715-91a1-9b26d3820c58,1987S,Clad Proof Set 5 coins,,,ch proof 63,$20.00,1,Clad Proof Set 5 coins,,miscellaneous purchases.xlsx,
3,Missing Denomination,5bfd2a89-7bbd-4f78-b828-a88e574e340a,1998S,Clad Proof Set 5 coins,,,ch proof 63,$36.95,1,Clad Proof Set 5 coins,,miscellaneous purchases.xlsx,
3,Missing Denomination,71692645-e377-4760-b4f5-814b888016b5,1979S,Clad Proof Set 6 coins,,,ch proof 63,$33.25,1,Clad Proof Set 6 coins,,miscellaneous purchases.xlsx,
3,Missing Denomination,530211bf-d177-40a1-b84c-e759d045103b,2021S,Clad Proof Set7 coins,,,ch proof 63,$44.95,1,Clad Proof Set7 coins,,miscellaneous purchases.xlsx,
3,Missing Denomination,5cfd9020-ef60-4a9c-b8e8-6ccfc4eb1b45,2005S,Clad Proof set  11 coins,,,ch proof 63,$23.50,1,Clad Proof set  11 coins,,miscellaneous purchases.xlsx,
3,Missing Denomination,50fd7f72-4416-4779-be91-5ca3b5d82381,1972S,Clad Proof set 5 coins,,,ch proof 63,$18.50,1,Clad Proof set 5 coins,,miscellaneous purchases.xlsx,
3,Missing Denomination,dbaced33-6b8a-409a-b312-07d9d5702cd6,2021S,Clad Silver Proof Set 7 coins,,,ch proof 63,$175.00,1,Clad Silver Proof Set 7 coins,,miscellaneous purchases.xlsx,
3,Missing Denomination,b2cffe39-88c2-4dd6-b09b-cff247e99883,2009S,Clad US Mint Proof set 18 coins,,,ch proof 63,$71.95,1,Clad US Mint Proof set 18 coins,,miscellaneous purchases.xlsx,
3,Missing Denomination,594aaaef-70f6-4d77-8443-4da736df9153,1996S,Clad proof set 5 coins,,,ch proof 63,$31.50,1,Clad proof set 5 coins,,miscellaneous purchases.xlsx,
3,Missing Denomination,ac023324-941d-4407-9ba6-823f7cf84f94,2018-20,Complete 50 Native American Quarters and folder,,,uncirculated,$259.00,1,Complete 50 Native American Quarters and folder,,miscellaneous purchases.xlsx,
3,Missing Denomination,8fb30fc1-8a61-48c6-bd35-e5511ad31798,1987S,Consitution silver dollar commemorative in case79.95,,,,,1,Consitution silver dollar commemorative in case79.95,,miscellaneous purchases.xlsx,
3,Missing Denomination,4583bee5-e188-46f6-bec7-991df646c3b2,1971-78,Eisenhower Dollar set 16 coins with lbum,,,unc Proog 63,points,1,Eisenhower Dollar set 16 coins with lbum,,miscellaneous purchases.xlsx,
3,Missing Denomination,a7e2f803-1ccd-46ea-a7c1-7be33f4ee08b,1981S,Filled S Proof Set 6 Coins,,,ch proof 63,$24.95,1,Filled S Proof Set 6 Coins,,miscellaneous purchases.xlsx,
3,Missing Denomination,739baa56-197f-414a-8df1-dd40c29fdbcf,2006P,"Franklin dollar commemorative ""Scientist"" no case PR63",,,ch proof 63,$91.50,1,"Franklin dollar commemorative ""Scientist"" no case PR63",,miscellaneous purchases.xlsx,
3,Missing Denomination,c88df2f6-830f-4246-8dea-db43d5c47c42,,George Washimgtom Coin Note and stamp set,,,,$29.95,1,George Washimgtom Coin Note and stamp set,,miscellaneous purchases.xlsx,
3,Missing Denomination,d283d60b-5cb1-4632-a505-ba2dd6fbc754,1883,Hawaiian Silver Dime PCGS,,,about unc 50,$550.00,1,Hawaiian Silver Dime PCGS,,miscellaneous purchases.xlsx,
3,Missing Denomination,4b608086-063a-4f7e-870b-14538d71d791,1883,Hawaiian Silver Quarter PCGS,,,very ch unc,$742.00,1,Hawaiian Silver Quarter PCGS,,miscellaneous purchases.xlsx,
3,Missing Denomination,41a697a1-2a51-4b08-a3ba-0f6ad94e230f,19th & 20th century,Indian Head Cent 2 coin set with case,,,extra fine,points,1,Indian Head Cent 2 coin set with case,,miscellaneous purchases.xlsx,
3,Missing Denomination,47ac9913-3be2-4934-88f0-c9e88e48a010,1964-2012,Kennedy 50 cent year set  48 coins including 2005 coin,,,MS60,$450.00,1,Kennedy 50 cent year set  48 coins including 2005 coin,,miscellaneous purchases.xlsx,
3,Missing Denomination,0e48a7da-5939-45cb-a1bd-3d31bb35ce97,1936-38,Last seven Buffalo Nickels,,,genuine or B,$47.50,1,Last seven Buffalo Nickels,,miscellaneous purchases.xlsx,
3,Missing Denomination,782d600f-041e-4d29-bb2f-819205fe4260,2009,Lincoln Bicentennial cents colorized and gold plated 8 coin set,,,,$6.95,1,Lincoln Bicentennial cents colorized and gold plated 8 coin set,,miscellaneous purchases.xlsx,
3,Missing Denomination,b4024931-11e2-4f84-b297-c30293873752,,Mercury Silver Dime PDS Set 3 coins,,,average circ,points,1,Mercury Silver Dime PDS Set 3 coins,,miscellaneous purchases.xlsx,
3,Missing Denomination,48109f69-6f91-4acb-9d8d-2b05dfe969e6,,Mint Set,,,uncirculated,,1,11 coins,,Mint Sets.xlsx,
3,Missing Denomination,e9584d04-8ac0-4bd6-a190-d3d4ec961cb6,2017S,National Park Year Set San Francisco Mint 5 coins,,,uncirculated,$15.75,1,National Park Year Set San Francisco Mint 5 coins,,miscellaneous purchases.xlsx,
3,Missing Denomination,a309093b-e598-420a-a268-b7a45fae02ff,2018S,National Park Year Set San Francisco Mint 5 coins,,,uncirculated,$11.50,1,National Park Year Set San Francisco Mint 5 coins,,miscellaneous purchases.xlsx,
3,Missing Denomination,7abcb158-4b0e-4b23-8150-4d3c8376412e,2020S,National Park quarters Silver Proof Year set 5 coins,,,ch proof 63,$74.95,1,National Park quarters Silver Proof Year set 5 coins,,miscellaneous purchases.xlsx,
3,Missing Denomination,50587c4e-9fb7-4f8b-a078-8faab1a69c9c,2018-20,P&D American Innovation Set (18),,,uncirculated,$71.00,1,P&D American Innovation Set (18),,miscellaneous purchases.xlsx,
3,Missing Denomination,d6fa0ed7-ef8f-4161-beb6-3c64963fabbf,2018-20,P&D American Innovation set (18),,,uncirculated,$63.00,1,P&D American Innovation set (18),,miscellaneous purchases.xlsx,
3,Missing Denomination,3b200a2b-4fac-4f20-86db-7d3ae3b37403,2024,Proof Set,,S,Proof-63,$39.95,1,,10 Coins,gs://studio-9101802118-8c9a8-uploads/invoices/598882a2-f591-4eea-aa3f-d763d274189a_1769971001_Scan_20260128 (14).pdf,
3,Missing Denomination,e8356cde-97ea-4283-93e9-b7d997269730,2001S,Silver Proof set 10 coins,,,ch proof 63,$105.00,1,Silver Proof set 10 coins,,miscellaneous purchases.xlsx,
3,Missing Denomination,3baddf53-e57c-4280-9c12-25f6aa3935b1,2006S,Silver Proof set 10 coins,,,ch proof 63,$101.00,1,Silver Proof set 10 coins,,miscellaneous purchases.xlsx,
3,Missing Denomination,344378a4-de23-41a0-ae35-b8a5e824081c,1966,Special Mint Set Hard Holder,,,uncirculated,$38.95,1,Special Mint Set Hard Holder,,miscellaneous purchases.xlsx,
3,Missing Denomination,bc6487c3-baef-4e4b-b789-59802b29d672,1967,Special Mint Set hard holder,,,uncirculated,$41.95,1,Special Mint Set hard holder,,miscellaneous purchases.xlsx,
3,Missing Denomination,e6c3cdb3-1992-44a8-96b4-a9e42b9be920,1965,Special Mint Set soft holder,,,uncirculated,$43.00,1,Special Mint Set soft holder,,miscellaneous purchases.xlsx,
3,Missing Denomination,cad31f3d-3385-4923-b5b4-60f1c260290b,1979-99,Susan B. Anthony 4 coin Year Set,,,uncirculated,$66.00,1,Susan B. Anthony 4 coin Year Set,,miscellaneous purchases.xlsx,
3,Missing Denomination,10861b9b-ae1e-4200-86b0-876b2d1c37ef,,The Celebrating America Coin Collection,,,Ungraded,$17.95,1,,This item represents Shipment 19 from 'The Celebrating Ameri,invoices/queue/28801121-cc53-460d-ae14-7803785bd0d3_Scan_20260129 (65).pdf,
3,Missing Denomination,a7f0264e-5327-4164-a1ad-1242ec1d129f,,The Celebrating America Coin Collection,,,Ungraded,$17.95,1,,This invoice is for Shipment 21 of 'The Celebrating America ,invoices/queue/24eb4dbe-22fa-417d-b08f-cfdc097f4850_Scan_20260129 (57).pdf,
3,Missing Denomination,fd3c9cde-26d5-4256-99ce-a03b27f20329,,The Celebrating America Coin Collection Shipment 21,,,Ungraded,$17.95,1,,"This is a collection, specific coin details (Year, Denominat",invoices/queue/24eb4dbe-22fa-417d-b08f-cfdc097f4850_Scan_20260129 (57).pdf,
3,Missing Denomination,c4822c01-ae7f-4de6-b345-9a756dbb3e9e,1964,Time Capsule Year Set,,,Circulated,$29.95,1,,5 Coins,gs://studio-9101802118-8c9a8-uploads/invoices/598882a2-f591-4eea-aa3f-d763d274189a_1769971001_Scan_20260128 (14).pdf,
3,Missing Denomination,80aa32b3-2227-4faf-b490-e1bc2dc4fc27,1943-46,Wartime Lincoln Head Cent Set with folder 12 coins,,,average circ,$16.95,1,Wartime Lincoln Head Cent Set with folder 12 coins,,miscellaneous purchases.xlsx,
3,Missing Denomination,fd14d0d4-245b-4cbd-b106-7ef55afe7673,2021D,Washington Crossing the Delaware,,,uncirculated,$1.00,1,Washington Crossing the Delaware,,miscellaneous purchases.xlsx,
3,Missing Denomination,abde55bf-a51a-49be-a344-303d271e3cf1,2021P,Washington Crossing the Delaware,,,uncirculated,$1.00,1,Washington Crossing the Delaware,,miscellaneous purchases.xlsx,
3,Missing Denomination,c6f6b9b9-696c-4fc0-826a-7c0cd4dc427b,2021S,Washington Crossing the Delaware,,,proof,$6.25,1,Washington Crossing the Delaware,,miscellaneous purchases.xlsx,
3,Missing Denomination,71f71910-ff08-4582-90f3-7141811e53b4,2021S,Washington Crossing the Delaware silver,,,proof,$33.75,1,Washington Crossing the Delaware silver,,miscellaneous purchases.xlsx,
3,Missing Denomination,bd3ae2cc-9632-4b12-8f98-d27455af431e,1941-45,World War II Coin collection,,,average circ,points,1,World War II Coin collection,,miscellaneous purchases.xlsx,
3,Missing Denomination,dbb983cb-5555-42bb-965e-4128571a6b39,1964,silver proof set 5 coins,,,ch prood 63,$67.50,1,silver proof set 5 coins,,miscellaneous purchases.xlsx,
4,Missing Condition/Grade,810449e9-409a-4e40-b185-211ab9af083a,,1880-1885CC 6 piece carson city Morgan dollar set PCGS MS64,multiple,,,$3528.00,1,1880-1885CC 6 piece carson city Morgan dollar set PCGS MS64,,invoice Premier.xlsx,
4,Missing Condition/Grade,2e922f8d-b9ff-4fde-8868-c40414305f4a,,2021 W ASE T-1 FDOI PF70 ULTRA CAMEO signed by John Mercanti,,,,,1,2021 W ASE T-1 FDOI PF70 ULTRA CAMEO signed by John Mercanti,,JAS Gallery invoice.xlsx,
4,Missing Condition/Grade,b945df94-501f-44a6-9e03-da2f20791619,,2021s ase t-1 & t-2 Emergency issue set FDOI NGC MS70 signed by John Mercanti,,,,,1,2021s ase t-1 & t-2 Emergency issue set FDOI NGC MS70 signed by John Mercanti,,JAS Gallery invoice.xlsx,
4,Missing Condition/Grade,1e3ea95e-c750-4b62-90a4-01e9eaa87404,,25 Mixed Peace Dollars AU/BU,multiple,,,$714.75,1,25 Mixed Peace Dollars AU/BU,,invoice Premier.xlsx,
4,Missing Condition/Grade,537b08c8-95c6-4311-9599-fbd96fe5f16c,1916-1920,5 Different Mint Weat Cents,,,,$56.95,1,5 Different Mint Weat Cents,,miscellaneous purchases.xlsx,
4,Missing Condition/Grade,8a42c290-5d18-44b1-8581-64faaa2de24b,1911,Barber Dimes,Dime,D,,$0.00,1,,Notes,,
4,Missing Condition/Grade,65b471d0-a182-4cd5-971b-f2121e93898d,,Buffalo Nickel,,,,,1,,,BUFFALO NICKELS.xlsx,
4,Missing Condition/Grade,740898ca-a9dc-4c46-b1a0-3b51ff2e60d9,,Buffalo Nickel,,,,,1,,,BUFFALO NICKELS.xlsx,
4,Missing Condition/Grade,7f2ac628-7dc3-4e1f-8c1a-721e25a5a72c,,Buffalo Nickel,,,,,1,,,BUFFALO NICKELS.xlsx,
4,Missing Condition/Grade,9ff5191f-baef-4bbf-97e2-6247b0a440d2,,Buffalo Nickel,,,,,1,,,BUFFALO NICKELS.xlsx,
4,Missing Condition/Grade,8fb30fc1-8a61-48c6-bd35-e5511ad31798,1987S,Consitution silver dollar commemorative in case79.95,,,,,1,Consitution silver dollar commemorative in case79.95,,miscellaneous purchases.xlsx,
4,Missing Condition/Grade,c88df2f6-830f-4246-8dea-db43d5c47c42,,George Washimgtom Coin Note and stamp set,,,,$29.95,1,George Washimgtom Coin Note and stamp set,,miscellaneous purchases.xlsx,
4,Missing Condition/Grade,782d600f-041e-4d29-bb2f-819205fe4260,2009,Lincoln Bicentennial cents colorized and gold plated 8 coin set,,,,$6.95,1,Lincoln Bicentennial cents colorized and gold plated 8 coin set,,miscellaneous purchases.xlsx,
4,Missing Condition/Grade,cc9fd557-274e-4bd3-b7b7-5669c7e7d1f2,1900,Morgan Silver Dollar,$1,O & CC,,1495.0,1,,1900O/CC Morgan silver dollar in display,,
