status,doc_id,coin_label,year,denom,program,theme,match_method,matched_files,obv_files,rev_files,ambiguous_files,sample_gcs_path
TRUE_ORPHAN,00154802-4a9a-4a22-82bd-a01345ebde10,$1 - The Statehood Innovation Dollar Coin Collection (Florida,,$1,The Statehood Innovation Dollar Coin Collection,Florida,,0,0,0,0,
TRUE_ORPHAN,0023de4a-fee1-4923-8ef7-bf3e70ad2e63,1948  Jefferson Nickel - USA Invoice Import,1948,Jefferson Nickel,USA Invoice Import,,,0,0,0,0,
TRUE_ORPHAN,005799c4-dd49-4c73-9535-3face1153fd6,2023 P Washington Quarter - American Women Quarters (Jovita Idar,2023,Washington Quarter,American Women Quarters,Jovita Idar,,0,0,0,0,
TRUE_ORPHAN,00a7aafd-c601-4be7-8f37-8388802c3e6e,2024 S Washington Quarter - American Women Quarters (Pauli Murray,2024,Washington Quarter,American Women Quarters,Pauli Murray,,0,0,0,0,
TRUE_ORPHAN,0129b845-1b55-4dae-8f28-b7579c73467b,2024 S Kennedy Half Dollar - USA Invoice Import (Kennedy Half Dollar,2024,Kennedy Half Dollar,USA Invoice Import,Kennedy Half Dollar,,0,0,0,0,
TRUE_ORPHAN,0137c277-1ae2-4e4b-a127-f338e39bc1e3,2022 S Kennedy Half Dollar - USA Invoice Import (Kennedy 50C,2022,Kennedy Half Dollar,USA Invoice Import,Kennedy 50C,,0,0,0,0,
TRUE_ORPHAN,0162d870-8dfa-4b23-8822-09b0542bd6a6,$1 Innovation Dollar - Statehood Innovation Dollar Coin Collection (Missouri,,$1 Innovation Dollar,Statehood Innovation Dollar Coin Collection,Missouri,,0,0,0,0,
TRUE_ORPHAN,017c1baf-10b1-40bb-9bb5-3837d60d0acc,1973  Jefferson Nickel - The U.S. Nickel Collection,1973,Jefferson Nickel,The U.S. Nickel Collection,,,0,0,0,0,
TRUE_ORPHAN,0197b4f7-8795-4365-a0bd-98e5c60c4025,1866  Liberty Seated Half Dollar - Half Dollar Club Selection (Liberty Seated,1866,Liberty Seated Half Dollar,Half Dollar Club Selection,Liberty Seated,,0,0,0,0,
TRUE_ORPHAN,01ce05c2-c3a3-4dd8-ae04-e9a1681a1fbc,2003 P Roosevelt Dime - USA Invoice Import,2003,Roosevelt Dime,USA Invoice Import,,,0,0,0,0,
TRUE_ORPHAN,01de144f-2e8c-4c9d-a4f3-5a7b79019d58,1946   - America Revisited Selection (1946 5-Coin Time Capsule Year Set,1946,,America Revisited Selection,1946 5-Coin Time Capsule Year Set,,0,0,0,0,
TRUE_ORPHAN,023eccfd-4304-44dc-a511-ed589e7d54ce,1849  Liberty Seated Dime - U.S. Dime Collection Selection (Stars,1849,Liberty Seated Dime,U.S. Dime Collection Selection,Stars,,0,0,0,0,
TRUE_ORPHAN,02a0180b-b70d-4845-b308-575e4903bd70,2023 S Lincoln Cent - USA Invoice Import,2023,Lincoln Cent,USA Invoice Import,,,0,0,0,0,
TRUE_ORPHAN,02a1632e-df62-4e2f-a236-563c3f1d37a0,1974 S Eisenhower Dollar - USA Invoice Import,1974,Eisenhower Dollar,USA Invoice Import,,,0,0,0,0,
TRUE_ORPHAN,02ab6224-b15c-4535-87da-7c3bff4ba146,Nickel - THE U.S. NICKEL COLLECTION (SHIPMENT 6,,Nickel,THE U.S. NICKEL COLLECTION,SHIPMENT 6,,0,0,0,0,
TRUE_ORPHAN,02df0aab-c7e2-4ba6-9cf4-2a2672f1bfc7,Nickel - The U.S. Nickel Collection (Shipment 5,,Nickel,The U.S. Nickel Collection,Shipment 5,,0,0,0,0,
TRUE_ORPHAN,03033f6c-a3e0-4811-bb40-9d663b35fbee,1958  Roosevelt Dime - USA Invoice Import,1958,Roosevelt Dime,USA Invoice Import,,,0,0,0,0,
TRUE_ORPHAN,03170f77-8d20-4e19-9fec-da42a09008cd,1954  Jefferson Nickel - USA Invoice Import,1954,Jefferson Nickel,USA Invoice Import,,,0,0,0,0,
TRUE_ORPHAN,034ce35d-3e05-4e5a-89e8-9d0518874f95,2002 W Commemorative Dollar - Modern Commemorative (West Point Bicentennial,2002,Commemorative Dollar,Modern Commemorative,West Point Bicentennial,,0,0,0,0,
TRUE_ORPHAN,0352e4b5-1c14-4553-97a7-b9b174c9d319,1942 P Jefferson Nickel - USA Invoice Import (Wartime Nickel,1942,Jefferson Nickel,USA Invoice Import,Wartime Nickel,,0,0,0,0,
TRUE_ORPHAN,03cbd5ae-0fcd-4b6a-98bc-69e9d98cdeab,1863-1867  10 Cent Fractional Currency - Fractional Currency,1863-1867,10 Cent Fractional Currency,Fractional Currency,,,0,0,0,0,
TRUE_ORPHAN,040bf1d4-7b35-4869-854c-4ff3e18b97da,2025 S Washington Quarter - American Women Quarters (Juliette Gordon Low,2025,Washington Quarter,American Women Quarters,Juliette Gordon Low,,0,0,0,0,
TRUE_ORPHAN,044837d5-6886-4fad-b9bd-bb629396fcd2,2012  American Silver Eagle - The Complete Original-Design Proof Silver Eagle Dollar Collection (American Eagle,2012,American Silver Eagle,The Complete Original-Design Proof Silver Eagle Dollar Collection,American Eagle,,0,0,0,0,
TRUE_ORPHAN,04573286-7e1c-4349-9f84-81ea3e54f7fc,1976 D Eisenhower Dollar - USA Invoice Import (Type 1 & Type 2 Set,1976,Eisenhower Dollar,USA Invoice Import,Type 1 & Type 2 Set,,0,0,0,0,
TRUE_ORPHAN,04ae72f5-9c10-401e-8c6f-4ec1a59e4767,1941  Walking Liberty Half Dollar - USA Invoice Import (Liberty Walking,1941,Walking Liberty Half Dollar,USA Invoice Import,Liberty Walking,,0,0,0,0,
TRUE_ORPHAN,05039f1e-1312-490d-9512-d93dc47226f5,1949  Jefferson Nickel - The U.S. Nickel Collection,1949,Jefferson Nickel,The U.S. Nickel Collection,,,0,0,0,0,
TRUE_ORPHAN,052a7602-e922-47da-b16a-26ca51cfb72d,2024 P Washington Quarter - American Women Quarters (Pauli Murray,2024,Washington Quarter,American Women Quarters,Pauli Murray,,0,0,0,0,
TRUE_ORPHAN,05ae76f5-8bf4-430e-8a2c-8910a0ea676a,1949  Roosevelt Dime - USA Invoice Import,1949,Roosevelt Dime,USA Invoice Import,,,0,0,0,0,
TRUE_ORPHAN,063cf961-2f2a-41d9-bec5-9e978fa948ab,2023 P Innovation Dollar - U.S. Innovation Dollar (Ohio Underground Railroad,2023,Innovation Dollar,U.S. Innovation Dollar,Ohio Underground Railroad,,0,0,0,0,
TRUE_ORPHAN,06bb7180-57b6-40cf-8790-a77f54bc180b,1824  Capped Bust Half Dollar - Washington Quarter Club (Capped Bust,1824,Capped Bust Half Dollar,Washington Quarter Club,Capped Bust,,0,0,0,0,
TRUE_ORPHAN,0714af32-e8b8-42ea-8f42-0e3b2e879411,1936  Buffalo Nickel - USA Invoice Import,1936,Buffalo Nickel,USA Invoice Import,,,0,0,0,0,
TRUE_ORPHAN,079b3a10-e215-41c3-878f-d2262cb0d6f6,"2019 P, D, S Washington Quarter - National Park Quarters (America the Beautiful",2019,Washington Quarter,National Park Quarters,America the Beautiful,,0,0,0,0,
TRUE_ORPHAN,07b275f3-0dfd-493e-a709-778cd3d48fbb,2022 D Native American Dollar - Native American $1 Coin (Ely Samuel Parker,2022,Native American Dollar,Native American $1 Coin,Ely Samuel Parker,,0,0,0,0,
TRUE_ORPHAN,07bb014d-d278-4777-a7e7-4645543ed7db,2024 D Washington Quarter - American Women Quarters (Patsy Takemoto Mink,2024,Washington Quarter,American Women Quarters,Patsy Takemoto Mink,,0,0,0,0,
TRUE_ORPHAN,07e4a3cc-a9c6-49e5-96d8-e2f1a3a1b2fa,"$1 Indian Territory Note - USA Invoice Import (Haileyville, Oklahoma",,$1 Indian Territory Note,USA Invoice Import,"Haileyville, Oklahoma",,0,0,0,0,
TRUE_ORPHAN,086a3c97-0ecb-402b-887b-a873aa485009,2023 P Native American Dollar - Native American Dollar (Maria Tallchief,2023,Native American Dollar,Native American Dollar,Maria Tallchief,,0,0,0,0,
TRUE_ORPHAN,08d191ac-4797-4653-9ba8-bc3cd6fd274d,2024 P Washington Quarter - American Women Quarters (Patsy Takemoto Mink,2024,Washington Quarter,American Women Quarters,Patsy Takemoto Mink,,0,0,0,0,
TRUE_ORPHAN,09139582-5418-477e-8d68-2b8e8122ae8b,2023 D  - U.S. UNCIRCULATED COIN MINT SETS (Denver Mint Panel,2023,,U.S. UNCIRCULATED COIN MINT SETS,Denver Mint Panel,,0,0,0,0,
TRUE_ORPHAN,091630bc-8cd7-4d14-b299-cbf96ac6e68f,2023 D Washington Quarter - American Women Quarters (Jovita Idar,2023,Washington Quarter,American Women Quarters,Jovita Idar,,0,0,0,0,
TRUE_ORPHAN,0955e84f-c318-469a-a485-9670ad2d5bab,1929 D Lincoln Cent - USA Invoice Import,1929,Lincoln Cent,USA Invoice Import,,,0,0,0,0,
TRUE_ORPHAN,096ea9f7-dace-4e35-bb77-49235425c5c0,1924  Buffalo Nickel - The U.S. Nickel Collection - Shipment 9,1924,Buffalo Nickel,The U.S. Nickel Collection - Shipment 9,,,0,0,0,0,
TRUE_ORPHAN,09ae20aa-9c78-4b36-b41d-a91c2c4e3366,1923 S Peace Dollar - USA Invoice Import (Peace,1923,Peace Dollar,USA Invoice Import,Peace,,0,0,0,0,
TRUE_ORPHAN,0a0d7fe1-ae31-4d98-aa7b-f4a2da755d42,1918 S Mercury Dime - U.S. Dime Collection,1918,Mercury Dime,U.S. Dime Collection,,,0,0,0,0,
TRUE_ORPHAN,0a5d6dae-b71b-432a-8c10-80d1e30508a5,1965  Roosevelt Dime - USA Invoice Import,1965,Roosevelt Dime,USA Invoice Import,,,0,0,0,0,
TRUE_ORPHAN,0afb6f7f-1fbc-4f41-9eab-979c3a1b32e8,1990  Jefferson Nickel - The U.S. Nickel Collection - Shipment 13,1990,Jefferson Nickel,The U.S. Nickel Collection - Shipment 13,,,0,0,0,0,
TRUE_ORPHAN,0b36396b-3a62-46ca-b32e-e209cc9a3258,1928 D Mercury Dime - U.S. DIME COLLECTION SELECTION (Mercury,1928,Mercury Dime,U.S. DIME COLLECTION SELECTION,Mercury,,0,0,0,0,
TRUE_ORPHAN,0b466d55-330f-464e-9cf1-58882481960c,1931  Mercury Dime - USA Invoice Import,1931,Mercury Dime,USA Invoice Import,,,0,0,0,0,
TRUE_ORPHAN,0b5595f3-aadc-4150-93eb-70d5a70cb1b6,Half Dollar - The Half Dollar Club,,Half Dollar,The Half Dollar Club,,,0,0,0,0,
TRUE_ORPHAN,0baace15-eb30-4586-bd33-4296159088ef,1907 S Barber Dime - U.S. Dime Collection Selection (Barber,1907,Barber Dime,U.S. Dime Collection Selection,Barber,,0,0,0,0,
TRUE_ORPHAN,0bcfb572-6b80-467c-a65a-b11e7be25a17,2021 S Jefferson Nickel - USA Invoice Import,2021,Jefferson Nickel,USA Invoice Import,,,0,0,0,0,
TRUE_ORPHAN,0be75f9f-a9ac-475a-9bf1-e0046bca8582,1921 D Morgan Silver Dollar - Morgan Silver Dollar (The Only Denver Mint,1921,Morgan Silver Dollar,Morgan Silver Dollar,The Only Denver Mint,,0,0,0,0,
TRUE_ORPHAN,0c63550c-3695-44bf-a767-dcc4d5680e4a,2018  American Silver Eagle - American Eagle,2018,American Silver Eagle,American Eagle,,,0,0,0,0,
TRUE_ORPHAN,0c712edb-687c-462e-9859-e21ec566223c,1833  Capped Bust Half Dime - USA Invoice Import,1833,Capped Bust Half Dime,USA Invoice Import,,,0,0,0,0,
TRUE_ORPHAN,0cbe14c0-67e2-4db0-b862-06f71410207f,1952  Jefferson Nickel - The U.S. Nickel Collection (Thomas Jefferson,1952,Jefferson Nickel,The U.S. Nickel Collection,Thomas Jefferson,,0,0,0,0,
TRUE_ORPHAN,0cd9d58d-f238-408e-82f3-708049b52627,2024  Peace Silver Dollar - The Ultimate Modern Morgan and Peace Silver Dollar Collection (Peace Dollar,2024,Peace Silver Dollar,The Ultimate Modern Morgan and Peace Silver Dollar Collection,Peace Dollar,,0,0,0,0,
TRUE_ORPHAN,0d42966e-ca9d-4a34-8fc2-17c147861593,1971-1978  Eisenhower Dollar - Eisenhower Dollar (Ike Dollar Set,1971-1978,Eisenhower Dollar,Eisenhower Dollar,Ike Dollar Set,,0,0,0,0,
TRUE_ORPHAN,0d62e0f9-bb21-40d4-a74c-60ef991276fa,2025 S Washington Quarter - American Women Quarters (Althea Gibson,2025,Washington Quarter,American Women Quarters,Althea Gibson,,0,0,0,0,
TRUE_ORPHAN,0da7291c-8225-4d1e-ae5f-69164e106c29,2020 W American Silver Eagle - THE COMPLETE 2020 AMERICAN EAGLE NGCX SILVER DOLLAR SET (WWII 75TH ANN.,2020,American Silver Eagle,THE COMPLETE 2020 AMERICAN EAGLE NGCX SILVER DOLLAR SET,WWII 75TH ANN.,,0,0,0,0,
TRUE_ORPHAN,0de4f4f7-459e-4d47-bf0d-93e2c8a397d4,2023 S Kennedy Half Dollar - Half Dollar Club Selection (Kennedy,2023,Kennedy Half Dollar,Half Dollar Club Selection,Kennedy,,0,0,0,0,
TRUE_ORPHAN,0ded0d31-5c25-4846-9e59-d1dbe7dcc3d3,1862-1863  10C Fractional Currency - USA Invoice Import,1862-1863,10C Fractional Currency,USA Invoice Import,,,0,0,0,0,
TRUE_ORPHAN,0e2805f4-81af-4ad3-9942-4d5e5a81ea8c,1974 D Eisenhower Dollar - The Complete Collection of Eisenhower Dollar Coins (Eisenhower,1974,Eisenhower Dollar,The Complete Collection of Eisenhower Dollar Coins,Eisenhower,,0,0,0,0,
TRUE_ORPHAN,0e40716d-add7-4916-a13b-f33a7974572f,2010  American Silver Eagle - American Eagle,2010,American Silver Eagle,American Eagle,,,0,0,0,0,
TRUE_ORPHAN,0e5646f5-9e31-416a-9a93-63f7f38ac71f,1909-1958  Lincoln Cent - USA Invoice Import (Wheat Cent,1909-1958,Lincoln Cent,USA Invoice Import,Wheat Cent,,0,0,0,0,
TRUE_ORPHAN,0e56a95a-64c5-4b1a-9417-ddc4a8a3dd39,1964 D Roosevelt Dime - USA Invoice Import,1964,Roosevelt Dime,USA Invoice Import,,,0,0,0,0,
TRUE_ORPHAN,0e7b5848-1cdb-46e0-9d12-eb572a59727c,2007  Jefferson Nickel - The U.S. Nickel Collection,2007,Jefferson Nickel,The U.S. Nickel Collection,,,0,0,0,0,
TRUE_ORPHAN,0eb59270-c015-411b-803b-020770a2a1c8,2023  American Silver Eagle - American Eagle,2023,American Silver Eagle,American Eagle,,,0,0,0,0,
TRUE_ORPHAN,0eddde0a-da80-4c48-bed1-1e7f72be9f4c,2024  American Silver Eagle - American Eagle,2024,American Silver Eagle,American Eagle,,,0,0,0,0,
TRUE_ORPHAN,0efab8b0-2da0-451a-967b-76b98ffc22f1,2010-2021  Washington Quarter - National Park Quarters (56 Coins Complete Set,2010-2021,Washington Quarter,National Park Quarters,56 Coins Complete Set,,0,0,0,0,
TRUE_ORPHAN,0f0fc929-e200-4aa0-800d-3da3798b4d3e,2024  Washington Quarter - The Celebrating America Coin Collection (Dr. Mary Edwards Walker,2024,Washington Quarter,The Celebrating America Coin Collection,Dr. Mary Edwards Walker,,0,0,0,0,
TRUE_ORPHAN,0f155191-b607-435b-8289-c4e61be77dd1,1910  Liberty Head Nickel - The U.S. Nickel Collection,1910,Liberty Head Nickel,The U.S. Nickel Collection,,,0,0,0,0,
TRUE_ORPHAN,0f220d1c-a465-4e4a-9735-a93b8bb13cff,1951   - America Revisited Selection (5-Coin Time Capsule Year Set,1951,,America Revisited Selection,5-Coin Time Capsule Year Set,,0,0,0,0,
TRUE_ORPHAN,0f4e5b48-35f7-4c3e-a775-4c81bd60629d,2006 S Jefferson Nickel - USA Invoice Import (Return to Monticello,2006,Jefferson Nickel,USA Invoice Import,Return to Monticello,,0,0,0,0,
TRUE_ORPHAN,0fb7e585-a538-4336-9b4d-891a2bec08f8,2022 D Native American Dollar - USA Invoice Import (Ely Samuel Parker,2022,Native American Dollar,USA Invoice Import,Ely Samuel Parker,,0,0,0,0,
TRUE_ORPHAN,0fbf38e2-abbd-4ebb-835c-cfdc16340edc,2019 D Native American Dollar - Native American Dollar (Space Program,2019,Native American Dollar,Native American Dollar,Space Program,,0,0,0,0,
TRUE_ORPHAN,0ff231e4-6469-4d2f-8168-655d8e2cc5ba,2006 P Jefferson Nickel - Westward Journey (Return to Monticello,2006,Jefferson Nickel,Westward Journey,Return to Monticello,,0,0,0,0,
TRUE_ORPHAN,1008a407-0e01-48a8-bd5d-bb9176ddb4ac,1916 D Mercury Dime - U.S. DIME COLLECTION SELECTION (Mercury,1916,Mercury Dime,U.S. DIME COLLECTION SELECTION,Mercury,,0,0,0,0,
TRUE_ORPHAN,10a91059-347f-4f1e-86fb-dc3abcf031b5,1901-2011  Nickel - The U.S. Nickel Collection (Liberty Head and Jefferson Nickels,1901-2011,Nickel,The U.S. Nickel Collection,Liberty Head and Jefferson Nickels,,0,0,0,0,
TRUE_ORPHAN,114141ab-dc78-4079-b5bd-00f7f8579469,1985  Jefferson Nickel - THE U.S. NICKEL COLLECTION,1985,Jefferson Nickel,THE U.S. NICKEL COLLECTION,,,0,0,0,0,
TRUE_ORPHAN,1186f7f7-4290-496b-9727-acb8f86e9ac8,1957  Jefferson Nickel - The U.S. Nickel Collection - Shipment 9,1957,Jefferson Nickel,The U.S. Nickel Collection - Shipment 9,,,0,0,0,0,
TRUE_ORPHAN,126a6715-745f-4b1c-9b9f-6d36e308a944,1982 D or S Half Dollar - Advertisement Items (George Washington Commemorative,1982,Half Dollar,Advertisement Items,George Washington Commemorative,,0,0,0,0,
TRUE_ORPHAN,12b09242-9e1c-4d8f-8b84-d7970b679bf4,Innovation Dollar - The Statehood Innovation Dollar Coin Collection (Iowa,,Innovation Dollar,The Statehood Innovation Dollar Coin Collection,Iowa,,0,0,0,0,
TRUE_ORPHAN,12dc00d3-e38b-4255-a57a-e56d66548151,1935 A $1 Silver Certificate - AMERICAN PAPER MONEY CLUB SELECTION (North Africa RC Block,1935,$1 Silver Certificate,AMERICAN PAPER MONEY CLUB SELECTION,North Africa RC Block,,0,0,0,0,
TRUE_ORPHAN,134ee30e-0dd9-4a46-9726-8ab045c2aa42,The Celebrating America Coin Collection (Mayflower Compact,,,The Celebrating America Coin Collection,Mayflower Compact,,0,0,0,0,
TRUE_ORPHAN,13779030-e9fd-44c7-b8a4-13984d23b6ad,1823  Capped Bust Dime - U.S. DIME COLLECTION SELECTION,1823,Capped Bust Dime,U.S. DIME COLLECTION SELECTION,,,0,0,0,0,
TRUE_ORPHAN,1383dc0d-c811-4718-a758-1277fb22f4a8,1962 D Roosevelt Dime - USA Invoice Import,1962,Roosevelt Dime,USA Invoice Import,,,0,0,0,0,
TRUE_ORPHAN,142728b2-1111-4ded-8228-f585ffb0879f,1929  $10 Federal Reserve Bank Note - Federal Reserve Bank Note,1929,$10 Federal Reserve Bank Note,Federal Reserve Bank Note,,,0,0,0,0,
TRUE_ORPHAN,142be403-d9ab-48d3-8c24-0ee6b17e9247,Historic U.S. Silver Coins (Shipment # 4,,,Historic U.S. Silver Coins,Shipment # 4,,0,0,0,0,
TRUE_ORPHAN,15d734c9-56f6-4ce9-b9cc-0c6e16198a50,1917 S Mercury Dime - U.S. DIME COLLECTION SELECTION (Mercury,1917,Mercury Dime,U.S. DIME COLLECTION SELECTION,Mercury,,0,0,0,0,
TRUE_ORPHAN,1617b122-60b9-448b-9c8b-ddd2f97a7631,1934 A $500 Federal Reserve Note - American Paper Money Club ($500 Federal Reserve Note,1934,$500 Federal Reserve Note,American Paper Money Club,$500 Federal Reserve Note,,0,0,0,0,
TRUE_ORPHAN,163d7f30-5717-430c-be71-9bf0d0549e19,1968  Jefferson Nickel - THE U.S. NICKEL COLLECTION,1968,Jefferson Nickel,THE U.S. NICKEL COLLECTION,,,0,0,0,0,
TRUE_ORPHAN,1743465c-90e0-4de1-aa9b-6a57cd911f3a,1826  $50 - Obsolete Note (New York Marble Manufacturing NY-1705-G22,1826,$50,Obsolete Note,New York Marble Manufacturing NY-1705-G22,,0,0,0,0,
TRUE_ORPHAN,174b1ff2-8dbb-4e36-b7ce-5a316bcdb489,$1 - The Statehood Innovation Dollar Coin Collection (Illinois,,$1,The Statehood Innovation Dollar Coin Collection,Illinois,,0,0,0,0,
TRUE_ORPHAN,174c4817-2368-4c20-b1bb-ee1f62710df3,1964 D Kennedy Half Dollar - USA Invoice Import,1964,Kennedy Half Dollar,USA Invoice Import,,,0,0,0,0,
TRUE_ORPHAN,1796a9f5-fa96-492e-8795-7f90386a279b,2021  American Silver Eagle - American Eagle (Type II Reverse Design,2021,American Silver Eagle,American Eagle,Type II Reverse Design,,0,0,0,0,
TRUE_ORPHAN,17ad0010-5ef9-474f-9e71-0e0d8fc6436e,1864-1869  25C Fractional Currency - Fractional Currency,1864-1869,25C Fractional Currency,Fractional Currency,,,0,0,0,0,
TRUE_ORPHAN,17e6602f-f930-4872-b7da-1a8916a108fb,1990  Mixed - Prestige Proof Set (Eisenhower Centennial,1990,Mixed,Prestige Proof Set,Eisenhower Centennial,,0,0,0,0,
TRUE_ORPHAN,17fc9d15-7168-4af2-bb6f-69350f6ac79e,2024 S Washington Quarter - American Women Quarters (Zitkala-Sa,2024,Washington Quarter,American Women Quarters,Zitkala-Sa,,0,0,0,0,
TRUE_ORPHAN,18467af0-6f0f-4509-9ad1-540a3a6feb22,1880 CC Morgan Silver Dollar - OFFICIALLY SEALED CARSON CITY MINT MORGAN SILVER DOLLARS,1880,Morgan Silver Dollar,OFFICIALLY SEALED CARSON CITY MINT MORGAN SILVER DOLLARS,,,0,0,0,0,
TRUE_ORPHAN,186fc6bd-57d2-49c9-a351-956fd99937f9,2025 S Washington Quarter - American Women Quarters (Stacey Park Milbern,2025,Washington Quarter,American Women Quarters,Stacey Park Milbern,,0,0,0,0,
TRUE_ORPHAN,18bffd5a-47b0-4fc0-b3d6-e43b9d08b231,2025 S Roosevelt Dime - Roosevelt,2025,Roosevelt Dime,Roosevelt,,,0,0,0,0,
TRUE_ORPHAN,18fe73f2-0ca9-41cc-9b36-eea4d21d0f5a,1824  Capped Bust Dime - U.S. Dime Collection (Capped Bust,1824,Capped Bust Dime,U.S. Dime Collection,Capped Bust,,0,0,0,0,
TRUE_ORPHAN,19d2df1a-8db1-4a32-bf63-41cb6afc04e1,2024 S Washington Quarter - American Women Quarters (Zitkala-Sa,2024,Washington Quarter,American Women Quarters,Zitkala-Sa,,0,0,0,0,
TRUE_ORPHAN,1a557848-65b0-4a77-9419-9c13c2a129ff,1969  Roosevelt Dime - USA Invoice Import (Roosevelt,1969,Roosevelt Dime,USA Invoice Import,Roosevelt,,0,0,0,0,
TRUE_ORPHAN,1a70cac2-718a-446b-aa63-62419182326e,The World War II U.S. Coin Collection (Shipment # 6,,,The World War II U.S. Coin Collection,Shipment # 6,,0,0,0,0,
TRUE_ORPHAN,1a949829-fdbe-4ea7-bce0-803bf6f8dcef,2023 S Washington Quarter - American Women Quarters (Edith Kanaka'ole,2023,Washington Quarter,American Women Quarters,Edith Kanaka'ole,,0,0,0,0,
TRUE_ORPHAN,1aee8795-9e08-45ed-be16-083241e2fac3,2023 S Washington Quarter - American Women Quarters (Bessie Coleman,2023,Washington Quarter,American Women Quarters,Bessie Coleman,,0,0,0,0,
TRUE_ORPHAN,1b7234c5-2147-4a02-afc6-bea0be6b86a0,2022 D Kennedy Half Dollar - USA Invoice Import (Kennedy,2022,Kennedy Half Dollar,USA Invoice Import,Kennedy,,0,0,0,0,
TRUE_ORPHAN,1bbbd3b5-d201-4da3-b06d-270926a44f93,1958   - Time Capsule Year Set (America Revisited Selection,1958,,Time Capsule Year Set,America Revisited Selection,,0,0,0,0,
TRUE_ORPHAN,1c232dc4-6d9a-44a1-a896-6e99f73318c8,2024 P Kennedy Half Dollar - USA Invoice Import,2024,Kennedy Half Dollar,USA Invoice Import,,,0,0,0,0,
TRUE_ORPHAN,1c3ad2b8-6144-41ea-babc-b48f3d674053,1943  Roosevelt Dime - Mercury Dime,1943,Roosevelt Dime,Mercury Dime,,,0,0,0,0,
TRUE_ORPHAN,1c509ffe-fa92-4c35-880f-92a5c67d6777,2024 P $1 Innovation Dollar - American Innovation Dollars (Alabama / Saturn V Rocket,2024,$1 Innovation Dollar,American Innovation Dollars,Alabama / Saturn V Rocket,,0,0,0,0,
TRUE_ORPHAN,1d7cc665-fc65-4673-beaf-c817345d4fe8,2022 P Washington Quarter - American Women Quarters (Nina Otero-Warren,2022,Washington Quarter,American Women Quarters,Nina Otero-Warren,,0,0,0,0,
TRUE_ORPHAN,1dc6f633-98ac-4c3c-8c9b-92fc20b8302f,1940   - America Revisited Selection (5-Coin Time Capsule Year Set,1940,,America Revisited Selection,5-Coin Time Capsule Year Set,,0,0,0,0,
TRUE_ORPHAN,1e3d7b07-c9f8-4956-ae77-5c368b72dcd8,2024 D Native American Dollar - USA Invoice Import (Indian Citizenship Act 1924,2024,Native American Dollar,USA Invoice Import,Indian Citizenship Act 1924,,0,0,0,0,
TRUE_ORPHAN,1e64b2c8-5c07-498e-9dfc-d114c3d31d5e,2023 P Washington Quarter - American Women Quarters (Maria Tallchief,2023,Washington Quarter,American Women Quarters,Maria Tallchief,,0,0,0,0,
TRUE_ORPHAN,1eec81ae-6a2f-4884-a177-1d1446f61904,1845  Liberty Seated Quarter - Washington Quarter Club (Liberty Seated,1845,Liberty Seated Quarter,Washington Quarter Club,Liberty Seated,,0,0,0,0,
TRUE_ORPHAN,1f4f3ec7-bc2e-45af-a216-d1867eb6c3a7,1943   - America Revisited Selection (Time Capsule Year Set,1943,,America Revisited Selection,Time Capsule Year Set,,0,0,0,0,
TRUE_ORPHAN,1f5331de-2b2a-41f9-a26c-5d7b3cc2c3b3,1884 CC Morgan Silver Dollar - OFFICIALLY SEALED CARSON CITY MINT MORGAN SILVER DOLLARS,1884,Morgan Silver Dollar,OFFICIALLY SEALED CARSON CITY MINT MORGAN SILVER DOLLARS,,,0,0,0,0,
TRUE_ORPHAN,1f7ba50e-bc59-479d-a489-f73f0ee221e0,1953  $5 Silver Certificate - USA Invoice Import (Silver Certificate,1953,$5 Silver Certificate,USA Invoice Import,Silver Certificate,,0,0,0,0,
TRUE_ORPHAN,20060a31-2eb6-4e04-bc97-409833acabcd,1930 S Buffalo Nickel - USA Invoice Import (Buffalo / Indian Head,1930,Buffalo Nickel,USA Invoice Import,Buffalo / Indian Head,,0,0,0,0,
TRUE_ORPHAN,20130bf3-f33c-42fc-b39c-2487255dc25f,2024 P Washington Quarter - American Women Quarters (Pauli Murray,2024,Washington Quarter,American Women Quarters,Pauli Murray,,0,0,0,0,
TRUE_ORPHAN,20608ad7-b0d3-43d7-8475-e12be0a8b35b,1935 F $1 Silver Certificate - USA Invoice Import,1935,$1 Silver Certificate,USA Invoice Import,,,0,0,0,0,
TRUE_ORPHAN,20cf7433-cdde-4791-b10c-bd1a8d1460dc,1935 S Buffalo Nickel - USA Invoice Import,1935,Buffalo Nickel,USA Invoice Import,,,0,0,0,0,
TRUE_ORPHAN,20d354e3-1c93-49cd-9998-58a2f4d4d03c,2020 S Roosevelt Dime - USA Invoice Import (Roosevelt,2020,Roosevelt Dime,USA Invoice Import,Roosevelt,,0,0,0,0,
TRUE_ORPHAN,20f873d0-4a65-47b9-82e8-a224b5b326a6,Nickel - The U.S. Nickel Collection (Nickel Assortment,,Nickel,The U.S. Nickel Collection,Nickel Assortment,,0,0,0,0,
TRUE_ORPHAN,212705fa-019c-4356-b297-8d052b08659c,2018 S Kennedy Half Dollar - Half Dollar Club Selection (Kennedy,2018,Kennedy Half Dollar,Half Dollar Club Selection,Kennedy,,0,0,0,0,
TRUE_ORPHAN,212ce5f7-ad25-4a33-b751-fed9b5e1481a,2023  Morgan Silver Dollar - The Ultimate Modern Morgan and Peace Silver Dollar Collection (Morgan Silver Dollar,2023,Morgan Silver Dollar,The Ultimate Modern Morgan and Peace Silver Dollar Collection,Morgan Silver Dollar,,0,0,0,0,
TRUE_ORPHAN,21e6fa56-adcf-421f-a793-8f64d67eb936,"2022 P, D Washington Quarter - American Women Quarters (US Women Quarter Set",2022,Washington Quarter,American Women Quarters,US Women Quarter Set,,0,0,0,0,
TRUE_ORPHAN,22408bba-a196-4f97-88c8-f2160b89323a,2025 P Roosevelt Dime - USA Invoice Import,2025,Roosevelt Dime,USA Invoice Import,,,0,0,0,0,
TRUE_ORPHAN,226acd83-473c-446f-94cd-476df47bc170,1971  Jefferson Nickel - THE U.S. NICKEL COLLECTION,1971,Jefferson Nickel,THE U.S. NICKEL COLLECTION,,,0,0,0,0,
TRUE_ORPHAN,233c9bbf-23d5-41a8-95a4-e4594fb175ce,2018 W American Silver Eagle - THE WEST POINT BURNISHED AMERICAN EAGLE SILVER DOLLAR COLLECTION (American Eagle,2018,American Silver Eagle,THE WEST POINT BURNISHED AMERICAN EAGLE SILVER DOLLAR COLLECTION,American Eagle,,0,0,0,0,
TRUE_ORPHAN,2341396f-cd47-479a-b8a6-7a478eb8dcc6,Nickel - THE U.S. NICKEL COLLECTION (SHIPMENT 7,,Nickel,THE U.S. NICKEL COLLECTION,SHIPMENT 7,,0,0,0,0,
TRUE_ORPHAN,23a1fc7b-90d3-41b3-91ca-3b443744f9c1,2023 S Kennedy Half Dollar - USA Invoice Import,2023,Kennedy Half Dollar,USA Invoice Import,,,0,0,0,0,
TRUE_ORPHAN,23cab63a-9863-4236-9196-11b98259e7f1,2024 D Washington Quarter - American Women Quarters (Patsy Takemoto Mink,2024,Washington Quarter,American Women Quarters,Patsy Takemoto Mink,,0,0,0,0,
TRUE_ORPHAN,23d7c4b1-bdb9-481d-9314-30dca08e54a9,1943  Mercury Dime - USA Invoice Import,1943,Mercury Dime,USA Invoice Import,,,0,0,0,0,
TRUE_ORPHAN,24446ad3-e5d7-4c69-b1c1-7d42f3cb1cab,2023  Washington Quarter - The Celebrating America Coin Collection / American Women Quarters (Jovita Idar,2023,Washington Quarter,The Celebrating America Coin Collection / American Women Quarters,Jovita Idar,,0,0,0,0,
TRUE_ORPHAN,244c880d-1dbb-452c-aa39-5b8f2cfc0ba6,2021 S Roosevelt Dime - USA Invoice Import,2021,Roosevelt Dime,USA Invoice Import,,,0,0,0,0,
TRUE_ORPHAN,24649129-9a0e-4e04-8c84-49e509fb90a8,2023 D Washington Quarter - American Women Quarters (Maria Tallchief,2023,Washington Quarter,American Women Quarters,Maria Tallchief,,0,0,0,0,
TRUE_ORPHAN,24a2cc34-8f52-4f1e-a33a-08ccfd681bae,1907  $5 Legal Tender Note - American Paper Money Club Selection,1907,$5 Legal Tender Note,American Paper Money Club Selection,,,0,0,0,0,
TRUE_ORPHAN,24d270bf-4a89-4966-97d2-d249a93b5f06,Nickel - The U.S. Nickel Collection (Nickel Assortment,,Nickel,The U.S. Nickel Collection,Nickel Assortment,,0,0,0,0,
TRUE_ORPHAN,25174526-be22-4023-afa6-d4c0cc7f370b,2021  American Silver Eagle Dollar - USA Invoice Import,2021,American Silver Eagle Dollar,USA Invoice Import,,,0,0,0,0,
TRUE_ORPHAN,254a80a6-bae1-489d-882d-b57869fc3ac5,1892  Dime - USA Invoice Import (Barber,1892,Dime,USA Invoice Import,Barber,,0,0,0,0,
TRUE_ORPHAN,258d845f-a2b2-40c4-8dc4-eb9eba46ba8d,2023 P Kennedy Half Dollar - Kennedy Half Dollar,2023,Kennedy Half Dollar,Kennedy Half Dollar,,,0,0,0,0,
TRUE_ORPHAN,25ab944f-492a-4fb8-8545-de70ef277879,1831  Capped Bust Dime - U.S. DIME COLLECTION SELECTION (Capped Bust,1831,Capped Bust Dime,U.S. DIME COLLECTION SELECTION,Capped Bust,,0,0,0,0,
TRUE_ORPHAN,25d81768-517d-42b1-bee7-dd4df81ec460,1956  Jefferson Nickel - The U.S. Nickel Collection - Shipment 11 (Thomas Jefferson,1956,Jefferson Nickel,The U.S. Nickel Collection - Shipment 11,Thomas Jefferson,,0,0,0,0,
TRUE_ORPHAN,25d8dd1d-51da-4540-bff0-ef69f72eeee2,2025 P Washington Quarter - American Women Quarters (Ida B. Wells,2025,Washington Quarter,American Women Quarters,Ida B. Wells,,0,0,0,0,
TRUE_ORPHAN,26eb5465-2f37-4422-9370-c4389a8d4d66,2015 S Roosevelt Dime - USA Invoice Import,2015,Roosevelt Dime,USA Invoice Import,,,0,0,0,0,
TRUE_ORPHAN,26fcc14d-8803-49f4-a62e-9420f1ea8419,2017 P Native American Dollar - Native American $1 Coin (Cherokee Syllabary Sequoyah,2017,Native American Dollar,Native American $1 Coin,Cherokee Syllabary Sequoyah,,0,0,0,0,
TRUE_ORPHAN,271a7796-5fa6-49db-83be-00a5fd116383,1943  Walking Liberty Half Dollar - USA Invoice Import,1943,Walking Liberty Half Dollar,USA Invoice Import,,,0,0,0,0,
TRUE_ORPHAN,27565761-690f-4629-ba70-7b17fa06cbfa,1893  Indian Head Cent - USA Invoice Import,1893,Indian Head Cent,USA Invoice Import,,,0,0,0,0,
TRUE_ORPHAN,27653b41-f822-4107-b085-6e18a570ab8a,1964  Year Set - USA Invoice Import (Time Capsule Year Set,1964,Year Set,USA Invoice Import,Time Capsule Year Set,,0,0,0,0,
TRUE_ORPHAN,2789d921-19c5-4d31-a6d9-552cee638fe4,1837  Capped Bust Half Dime - U.S. Dime Collection Selection (Capped Bust,1837,Capped Bust Half Dime,U.S. Dime Collection Selection,Capped Bust,,0,0,0,0,
TRUE_ORPHAN,27df0b36-a935-45f9-9989-2675e48acbc2,Two-Cent Piece - The U.S. Coin Complete Denomination Set (Two-Cent Piece,,Two-Cent Piece,The U.S. Coin Complete Denomination Set,Two-Cent Piece,,0,0,0,0,
TRUE_ORPHAN,28672832-4ae2-4cb2-a564-d0dd00876425,$1 - The Statehood Innovation Dollar Coin Collection (Mississippi,,$1,The Statehood Innovation Dollar Coin Collection,Mississippi,,0,0,0,0,
TRUE_ORPHAN,28dad78b-2ffc-4640-94c1-fd4454d2a9f6,2023  Lincoln Cent - USA Invoice Import,2023,Lincoln Cent,USA Invoice Import,,,0,0,0,0,
TRUE_ORPHAN,2956ca78-f4e5-4e23-861f-c98f6951bd6f,1953   - Time Capsule Year Set (America Revisited Selection,1953,,Time Capsule Year Set,America Revisited Selection,,0,0,0,0,
TRUE_ORPHAN,297b7b2b-d6a8-4726-8f04-819bf59ec1e0,1907  Liberty Head Nickel - The U.S. Nickel Collection - Shipment 11 (Liberty Head,1907,Liberty Head Nickel,The U.S. Nickel Collection - Shipment 11,Liberty Head,,0,0,0,0,
TRUE_ORPHAN,299e9114-a969-4384-84d9-49d79f205076,2024 D Kennedy Half Dollar - USA Invoice Import (Kennedy Half Dollar,2024,Kennedy Half Dollar,USA Invoice Import,Kennedy Half Dollar,,0,0,0,0,
TRUE_ORPHAN,29ef2d78-1706-4b26-a0f0-d5d5bf54aaba,1995 S Washington Quarter - USA Invoice Import,1995,Washington Quarter,USA Invoice Import,,,0,0,0,0,
TRUE_ORPHAN,2a0ab362-6564-47a3-af76-b3a506f7eca7,1969 D $1 Federal Reserve Note - AMERICAN PAPER MONEY CLUB SELECTION (Federal Reserve Note,1969,$1 Federal Reserve Note,AMERICAN PAPER MONEY CLUB SELECTION,Federal Reserve Note,,0,0,0,0,
TRUE_ORPHAN,2a1a38e6-1fe5-43a3-91e4-287fa6483b1e,Nickel - THE U.S. NICKEL COLLECTION (Shipment 12,,Nickel,THE U.S. NICKEL COLLECTION,Shipment 12,,0,0,0,0,
TRUE_ORPHAN,2a1b08ea-2886-4b74-889c-8ab5ba1ab446,$1 - The Statehood Innovation Dollar Coin Collection (Michigan,,$1,The Statehood Innovation Dollar Coin Collection,Michigan,,0,0,0,0,
TRUE_ORPHAN,2a57691e-f3a9-44df-9119-435defb60f12,1976  $2 Federal Reserve Note - AMERICAN PAPER MONEY CLUB SELECTION (Federal Reserve Note,1976,$2 Federal Reserve Note,AMERICAN PAPER MONEY CLUB SELECTION,Federal Reserve Note,,0,0,0,0,
TRUE_ORPHAN,2a8c1216-3d15-4dfa-a282-0e5f659c65e3,1863-1867  10C Fractional Currency - USA Invoice Import (w/surcharge 0-63,1863-1867,10C Fractional Currency,USA Invoice Import,w/surcharge 0-63,,0,0,0,0,
TRUE_ORPHAN,2ad143a7-7787-4bdf-bfb1-c1db60a809b7,1982 S Roosevelt Dime - USA Invoice Import,1982,Roosevelt Dime,USA Invoice Import,,,0,0,0,0,
TRUE_ORPHAN,2b55b7f9-412d-4363-aa33-1bd1f79f7d4b,1930 S Mercury Dime - USA Invoice Import (Mercury,1930,Mercury Dime,USA Invoice Import,Mercury,,0,0,0,0,
TRUE_ORPHAN,2ba3240b-a1b3-4ba8-88e9-b60bbf4cff78,2024 D Washington Quarter - American Women Quarters (Zitkala-Sa,2024,Washington Quarter,American Women Quarters,Zitkala-Sa,,0,0,0,0,
TRUE_ORPHAN,2c357e77-0966-4316-8433-6c4c11684cc1,2024  Morgan Silver Dollar - The Ultimate Modern Morgan and Peace Silver Dollar Collection (Morgan Dollar,2024,Morgan Silver Dollar,The Ultimate Modern Morgan and Peace Silver Dollar Collection,Morgan Dollar,,0,0,0,0,
TRUE_ORPHAN,2c63c6b1-9747-4ab2-983b-4fca8a52d23b,1962   - America Revisited Selection (Time Capsule Year Set,1962,,America Revisited Selection,Time Capsule Year Set,,0,0,0,0,
TRUE_ORPHAN,2c9e3158-3b6c-4c5c-b22d-ed137f3c7ea2,2024 D Innovation Dollar - American Innovation Dollars (Missouri,2024,Innovation Dollar,American Innovation Dollars,Missouri,,0,0,0,0,
TRUE_ORPHAN,2cc7e281-0467-4553-b02f-feb23e07e343,1936 S Buffalo Nickel - USA Invoice Import,1936,Buffalo Nickel,USA Invoice Import,,,0,0,0,0,
TRUE_ORPHAN,2d797cb9-6629-4805-ad6a-8c40f364b45a,2021 W American Silver Eagle - American Eagle (Liberty,2021,American Silver Eagle,American Eagle,Liberty,,0,0,0,0,
TRUE_ORPHAN,2dc71417-97c2-4472-9df9-63fb550217ba,2024  Washington Quarter - The Celebrating America Coin Collection (Patsy Takemoto Mink,2024,Washington Quarter,The Celebrating America Coin Collection,Patsy Takemoto Mink,,0,0,0,0,
TRUE_ORPHAN,2e1c2aa5-c923-4640-852a-3ffb90a34112,1928 S Mercury Dime - U.S. DIME COLLECTION SELECTION (Mercury,1928,Mercury Dime,U.S. DIME COLLECTION SELECTION,Mercury,,0,0,0,0,
TRUE_ORPHAN,2e218efe-b04a-4e58-9310-a2ecfd55eca2,1909  Lincoln Cent - Wheat Cents,1909,Lincoln Cent,Wheat Cents,,,0,0,0,0,
TRUE_ORPHAN,2e336d21-13e1-4d7e-8771-7a89a27d3ad3,1948  Washington Quarter - USA Invoice Import,1948,Washington Quarter,USA Invoice Import,,,0,0,0,0,
TRUE_ORPHAN,2ed5c275-f277-49f3-b6ff-14437efc3a08,2025 S Washington Quarter - American Women Quarters (Stacey Park Milbern,2025,Washington Quarter,American Women Quarters,Stacey Park Milbern,,0,0,0,0,
TRUE_ORPHAN,2f357b0e-e9ed-4762-a62b-ccee9e6fc839,2024 D Washington Quarter - American Women Quarters (Pauli Murray,2024,Washington Quarter,American Women Quarters,Pauli Murray,,0,0,0,0,
TRUE_ORPHAN,2faa4d6a-725a-4988-81ee-465ac8cbaa0a,1963 D Roosevelt Dime - USA Invoice Import,1963,Roosevelt Dime,USA Invoice Import,,,0,0,0,0,
TRUE_ORPHAN,30475b72-3e1f-4f89-b128-eff25f9a87da,1924 S Mercury Dime - USA Invoice Import,1924,Mercury Dime,USA Invoice Import,,,0,0,0,0,
TRUE_ORPHAN,30778936-c55e-489f-a1d0-86b31eb95ddf,1945 S Washington Quarter - USA Invoice Import,1945,Washington Quarter,USA Invoice Import,,,0,0,0,0,
TRUE_ORPHAN,31579527-a917-40f8-9ed6-81cecfc32e32,2024  Washington Quarter - American Women Quarters / The Celebrating America Coin Collection (Dr. Mary Edwards Walker,2024,Washington Quarter,American Women Quarters / The Celebrating America Coin Collection,Dr. Mary Edwards Walker,,0,0,0,0,
TRUE_ORPHAN,3162058b-ca7a-454a-8d0f-cee233c0297a,1945 S Washington Quarter - USA Invoice Import,1945,Washington Quarter,USA Invoice Import,,,0,0,0,0,
TRUE_ORPHAN,3163e7ab-a9b3-40a4-b3f0-7ecfc8e16cb6,2001  Silver Dollar - The Complete Original-Design Proof Silver Eagle Dollar Collection (American Eagle,2001,Silver Dollar,The Complete Original-Design Proof Silver Eagle Dollar Collection,American Eagle,,0,0,0,0,
TRUE_ORPHAN,322a7a5c-0daa-4c81-8b88-f33042407436,1885  Liberty Seated Quarter - Washington Quarter Club (Liberty Seated,1885,Liberty Seated Quarter,Washington Quarter Club,Liberty Seated,,0,0,0,0,
TRUE_ORPHAN,32cc2d9f-f94e-4b2f-b5fa-6175facb1b98,2015 W American Silver Eagle - THE WEST POINT BURNISHED AMERICAN EAGLE SILVER DOLLAR COLLECTION (American Eagle,2015,American Silver Eagle,THE WEST POINT BURNISHED AMERICAN EAGLE SILVER DOLLAR COLLECTION,American Eagle,,0,0,0,0,
TRUE_ORPHAN,32fd4983-6705-4e13-bc5f-05a22ef7b3db,1940-1941 S Mixed - The World War II U.S. Coin Collection (Shipment #2,1940-1941,Mixed,The World War II U.S. Coin Collection,Shipment #2,,0,0,0,0,
TRUE_ORPHAN,3337ae45-d879-4442-8c73-4d024eb4433e,2025 S Roosevelt Dime - USA Invoice Import,2025,Roosevelt Dime,USA Invoice Import,,,0,0,0,0,
TRUE_ORPHAN,3394223d-8d7f-4ad9-9a7d-6967d0f8e9c5,2024 D Innovation Dollar - American Innovation Dollars (Maine - Direct Current Defibrillator,2024,Innovation Dollar,American Innovation Dollars,Maine - Direct Current Defibrillator,,0,0,0,0,
TRUE_ORPHAN,33bcdceb-fe01-4d96-956d-920e062090e9,1928 D Lincoln Cent - USA Invoice Import (Lincoln Head,1928,Lincoln Cent,USA Invoice Import,Lincoln Head,,0,0,0,0,
TRUE_ORPHAN,33e107ed-6d21-414c-bd2e-2deef0e1f2a1,2003 D Roosevelt Dime - USA Invoice Import,2003,Roosevelt Dime,USA Invoice Import,,,0,0,0,0,
TRUE_ORPHAN,3409a897-637f-40cd-af6d-48887e1e81d6,2025  Washington Quarter - Celebrating America Coin Collection (Ida B Wells,2025,Washington Quarter,Celebrating America Coin Collection,Ida B Wells,,0,0,0,0,
TRUE_ORPHAN,343222fc-4256-4512-b6b2-778e341c4623,2020 S American Silver Eagle - THE COMPLETE 2020 AMERICAN EAGLE NGCX SILVER DOLLAR SET (Emergency Issue,2020,American Silver Eagle,THE COMPLETE 2020 AMERICAN EAGLE NGCX SILVER DOLLAR SET,Emergency Issue,,0,0,0,0,
TRUE_ORPHAN,3490d26d-6220-4cfb-8005-b7513da11070,1882  $5 National Bank Note Large Size - USA Invoice Import (Portland Maine Brown Back,1882,$5 National Bank Note Large Size,USA Invoice Import,Portland Maine Brown Back,,0,0,0,0,
TRUE_ORPHAN,34b4bc30-6a25-47fb-b055-14809de5bd24,2024  Washington Quarter - American Women Quarters / The Celebrating America Coin Collection (Zitkala-Sa,2024,Washington Quarter,American Women Quarters / The Celebrating America Coin Collection,Zitkala-Sa,,0,0,0,0,
TRUE_ORPHAN,34b661ba-0ced-481a-8f6d-f44d6ded4f1c,1874-1876  50C Fractional Currency - USA Invoice Import,1874-1876,50C Fractional Currency,USA Invoice Import,,,0,0,0,0,
TRUE_ORPHAN,34b77373-ec98-4e4a-8b50-e000802be978,The World War II U.S. Coin Collection (Shipment # 2,,,The World War II U.S. Coin Collection,Shipment # 2,,0,0,0,0,
TRUE_ORPHAN,34cc876f-4687-4b9a-ac70-fba1feb13cfa,1941 S Walking Liberty Half Dollar - USA Invoice Import (Walking Liberty,1941,Walking Liberty Half Dollar,USA Invoice Import,Walking Liberty,,0,0,0,0,
TRUE_ORPHAN,34cf3de4-2a10-4f7c-9e6a-7817a4e3185d,1964  Jefferson Nickel - USA Invoice Import,1964,Jefferson Nickel,USA Invoice Import,,,0,0,0,0,
TRUE_ORPHAN,3505526c-0798-45fc-bd42-ba7d505639c9,1944  Jefferson Nickel - THE U.S. NICKEL COLLECTION,1944,Jefferson Nickel,THE U.S. NICKEL COLLECTION,,,0,0,0,0,
TRUE_ORPHAN,3506dd7e-8118-4b27-abfd-c55d55224cd3,1856 O Liberty Seated Dime - U.S. DIME COLLECTION SELECTION (Liberty Seated,1856,Liberty Seated Dime,U.S. DIME COLLECTION SELECTION,Liberty Seated,,0,0,0,0,
TRUE_ORPHAN,3518d8cb-6e97-40a9-bf63-4dfc3c5ac10b,2024 S Peace Silver Dollar - Peace Dollar (Peace,2024,Peace Silver Dollar,Peace Dollar,Peace,,0,0,0,0,
TRUE_ORPHAN,35345e21-18a5-46a4-8620-5fb262f2c3b5,2024 D $1 Innovation Dollar - American Innovation Dollars (Illinois,2024,$1 Innovation Dollar,American Innovation Dollars,Illinois,,0,0,0,0,
TRUE_ORPHAN,356f2d7b-4b8b-49ac-a08c-389517501dde,1909-1958  Lincoln Cent - Wheat Cents (Mixed Wheat Cents Lot,1909-1958,Lincoln Cent,Wheat Cents,Mixed Wheat Cents Lot,,0,0,0,0,
TRUE_ORPHAN,361366d0-038b-43cb-97a3-477d5d97d9b9,2023  Peace Silver Dollar - The Ultimate Modern Morgan and Peace Silver Dollar Collection (Peace Dollar,2023,Peace Silver Dollar,The Ultimate Modern Morgan and Peace Silver Dollar Collection,Peace Dollar,,0,0,0,0,
TRUE_ORPHAN,3635d89f-78fd-42ca-addf-2fcbce1e88d0,2021  American Silver Eagle - The Complete Original-Design Proof Silver Eagle Dollar Collection (American Eagle,2021,American Silver Eagle,The Complete Original-Design Proof Silver Eagle Dollar Collection,American Eagle,,0,0,0,0,
TRUE_ORPHAN,3693683b-058c-4bad-8d1b-778bdddb6b40,1963  Jefferson Nickel - THE U.S. NICKEL COLLECTION,1963,Jefferson Nickel,THE U.S. NICKEL COLLECTION,,,0,0,0,0,
TRUE_ORPHAN,369ee97c-1023-4fac-a366-7095cfd6e20b,1968 S Lincoln Cent - USA Invoice Import,1968,Lincoln Cent,USA Invoice Import,,,0,0,0,0,
TRUE_ORPHAN,370dfe7f-7ff2-499f-9ccc-9b2e469c074d,1911  Liberty Head Nickel - The U.S. Nickel Collection (Liberty Head,1911,Liberty Head Nickel,The U.S. Nickel Collection,Liberty Head,,0,0,0,0,
TRUE_ORPHAN,3713173e-7d99-41f8-95f0-f0e866667cac,2024 S Roosevelt Dime - USA Invoice Import,2024,Roosevelt Dime,USA Invoice Import,,,0,0,0,0,
TRUE_ORPHAN,373ab304-8b26-4da5-be58-1f7dc1b2bdf3,1914  $10 Federal Reserve Note - Federal Reserve Note (Large Size,1914,$10 Federal Reserve Note,Federal Reserve Note,Large Size,,0,0,0,0,
TRUE_ORPHAN,37a4f720-553d-4024-8ebc-ba07ec4a72bb,1910  Barber Dime - Barber,1910,Barber Dime,Barber,,,0,0,0,0,
TRUE_ORPHAN,37b13ca0-9ef8-4bb5-9f30-c1b871520e57,2015  Jefferson Nickel - The U.S. Nickel Collection,2015,Jefferson Nickel,The U.S. Nickel Collection,,,0,0,0,0,
TRUE_ORPHAN,37b23c58-23ba-40eb-b648-1384be8bb707,2022 D Various - U.S. Uncirculated Coin Mint Sets (Denver Mint Panel,2022,Various,U.S. Uncirculated Coin Mint Sets,Denver Mint Panel,,0,0,0,0,
TRUE_ORPHAN,37b46f07-9080-4d98-ab8c-15d18abbd1d4,2015  American Silver Eagle - American Eagle,2015,American Silver Eagle,American Eagle,,,0,0,0,0,
TRUE_ORPHAN,37f7441e-2252-4d2d-81f4-57defce571ec,1907-2013  Nickel - The U.S. Nickel Collection (Shipment 11,1907-2013,Nickel,The U.S. Nickel Collection,Shipment 11,,0,0,0,0,
TRUE_ORPHAN,37f87905-4645-4276-a853-3c86b1086509,1928 A $1 Silver Certificate - USA Invoice Import (Funnyback Star Note EPQ,1928,$1 Silver Certificate,USA Invoice Import,Funnyback Star Note EPQ,,0,0,0,0,
TRUE_ORPHAN,38025ce0-7814-4287-a5e6-08dc66a75a9d,1936  Washington Quarter - USA Invoice Import,1936,Washington Quarter,USA Invoice Import,,,0,0,0,0,
TRUE_ORPHAN,385c177d-1c26-47c4-9036-2efd3d6f1876,1979  Jefferson Nickel - The U.S. Nickel Collection - Shipment 11 (Thomas Jefferson,1979,Jefferson Nickel,The U.S. Nickel Collection - Shipment 11,Thomas Jefferson,,0,0,0,0,
TRUE_ORPHAN,386b2872-afda-4fb0-9535-eaf2a122d3f5,1927 S Mercury Dime - USA Invoice Import,1927,Mercury Dime,USA Invoice Import,,,0,0,0,0,
TRUE_ORPHAN,38f9b79a-704d-48b2-bdce-f012a11ef7c4,1896  Indian Head Cent - USA Invoice Import,1896,Indian Head Cent,USA Invoice Import,,,0,0,0,0,
TRUE_ORPHAN,3941f9c2-cf3a-4cfc-a158-75a0179dd401,1965  Jefferson Nickel - The U.S. Nickel Collection,1965,Jefferson Nickel,The U.S. Nickel Collection,,,0,0,0,0,
TRUE_ORPHAN,396ba4ea-6400-405d-9fc7-f75a89a045df,1824  Half Dollar - Capped Bust,1824,Half Dollar,Capped Bust,,,0,0,0,0,
TRUE_ORPHAN,39961831-955f-49c7-a1b3-494ee000ff11,1972  Jefferson Nickel - THE U.S. NICKEL COLLECTION,1972,Jefferson Nickel,THE U.S. NICKEL COLLECTION,,,0,0,0,0,
TRUE_ORPHAN,3a060ced-cb5f-41ec-9c1b-67c65f6a0f9d,2016  American Silver Eagle - USA Invoice Import,2016,American Silver Eagle,USA Invoice Import,,,0,0,0,0,
TRUE_ORPHAN,3a5c5f77-d8fd-4761-a0c9-e0b32d96a5f6,1914 D Barber Dime - Barber,1914,Barber Dime,Barber,,,0,0,0,0,
TRUE_ORPHAN,3a75f7af-c155-4a60-8024-a167cd6e762b,1982 S Roosevelt Dime - USA Invoice Import,1982,Roosevelt Dime,USA Invoice Import,,,0,0,0,0,
TRUE_ORPHAN,3abf86ea-313f-480a-b4e1-ec9da673b56d,1947  Jefferson Nickel - USA Invoice Import,1947,Jefferson Nickel,USA Invoice Import,,,0,0,0,0,
TRUE_ORPHAN,3ae1edd6-e3dd-450f-9be7-add6412f61b4,1957 D Roosevelt Dime - USA Invoice Import,1957,Roosevelt Dime,USA Invoice Import,,,0,0,0,0,
TRUE_ORPHAN,3b862118-e452-41d6-87f7-702f8038c98e,1989  Jefferson Nickel - The U.S. Nickel Collection - Shipment 9,1989,Jefferson Nickel,The U.S. Nickel Collection - Shipment 9,,,0,0,0,0,
TRUE_ORPHAN,3bcc39ea-e7a0-458d-9f07-f2b80afb57bb,1958 D Washington Quarter - USA Invoice Import,1958,Washington Quarter,USA Invoice Import,,,0,0,0,0,
TRUE_ORPHAN,3bd433ba-c622-4918-a7d2-1011039a0e1d,Nickel - The U.S. Nickel Collection (Shipment 2,,Nickel,The U.S. Nickel Collection,Shipment 2,,0,0,0,0,
TRUE_ORPHAN,3c5e01fb-5c60-4371-86fd-32bf0774f740,1961   - America Revisited Selection (Time Capsule Year Set,1961,,America Revisited Selection,Time Capsule Year Set,,0,0,0,0,
TRUE_ORPHAN,3c7ce9a7-8e5a-4193-bf41-aed48d3facfd,1940-1941  Mixed - The World War II U.S. Coin Collection (Shipment # 3,1940-1941,Mixed,The World War II U.S. Coin Collection,Shipment # 3,,0,0,0,0,
TRUE_ORPHAN,3cb28ac2-4512-41e6-99b9-b9b3dcc45e87,2024 D Washington Quarter - American Women Quarters (Pauli Murray,2024,Washington Quarter,American Women Quarters,Pauli Murray,,0,0,0,0,
TRUE_ORPHAN,3de5494d-1597-4a58-8176-bbae2873cc92,1907  $10 Gold Certificate - Large Size,1907,$10 Gold Certificate,Large Size,,,0,0,0,0,
TRUE_ORPHAN,3e415ee7-5237-440a-80f5-e907046a3e43,2023 D Innovation Dollar - U.S. Innovation Dollar (Indiana Automobile Industry,2023,Innovation Dollar,U.S. Innovation Dollar,Indiana Automobile Industry,,0,0,0,0,
TRUE_ORPHAN,3e42c89d-340a-4ed6-844e-3868481bc8e8,2003  Jefferson Nickel - The U.S. Nickel Collection - Shipment 9,2003,Jefferson Nickel,The U.S. Nickel Collection - Shipment 9,,,0,0,0,0,
TRUE_ORPHAN,3e58a07b-87be-42bc-a8c5-f74ede8e7e7f,Unknown  Mercury Dime - The U.S. Coin Complete Denomination Set (Mercury Dime,Unknown,Mercury Dime,The U.S. Coin Complete Denomination Set,Mercury Dime,,0,0,0,0,
TRUE_ORPHAN,3e6928de-4d41-4d5c-ac6e-d0ea4a937353,Nickel - The U.S. Nickel Collection (Shipment 4,,Nickel,The U.S. Nickel Collection,Shipment 4,,0,0,0,0,
TRUE_ORPHAN,3e6b2041-77a7-42b5-8c8a-66c57cbf14d2,2023 P Innovation Dollar - American Innovation Dollars (Ohio - Underground Railroad,2023,Innovation Dollar,American Innovation Dollars,Ohio - Underground Railroad,,0,0,0,0,
TRUE_ORPHAN,3f36e7a7-8677-4561-9bc7-e97610d70728,1982 S Kennedy Half Dollar - USA Invoice Import,1982,Kennedy Half Dollar,USA Invoice Import,,,0,0,0,0,
TRUE_ORPHAN,4080d5c2-5c84-4910-b51c-afccf565010a,Quarter - The U.S. Coin Complete Denomination Set (Barber Quarter,,Quarter,The U.S. Coin Complete Denomination Set,Barber Quarter,,0,0,0,0,
TRUE_ORPHAN,40afdde6-a494-4423-b7b8-82e50f4b52b8,1950 D Jefferson Nickel - USA Invoice Import,1950,Jefferson Nickel,USA Invoice Import,,,0,0,0,0,
TRUE_ORPHAN,410de504-b2b8-49a0-9f6c-faaddcfa4a5a,2023 D Innovation Dollar - American Innovation Dollars (Ohio - Underground Railroad,2023,Innovation Dollar,American Innovation Dollars,Ohio - Underground Railroad,,0,0,0,0,
TRUE_ORPHAN,413f8393-3100-43b2-82a4-6c234e4680ca,2023 P Kennedy Half Dollar - USA Invoice Import,2023,Kennedy Half Dollar,USA Invoice Import,,,0,0,0,0,
TRUE_ORPHAN,415f5d97-cdf0-4d4f-b76e-788c612c3195,1958  Jefferson Nickel - The U.S. Nickel Collection - Shipment 13,1958,Jefferson Nickel,The U.S. Nickel Collection - Shipment 13,,,0,0,0,0,
TRUE_ORPHAN,422bcadc-3740-4990-81ca-aafc8be4e082,1925  Buffalo Nickel - USA Invoice Import,1925,Buffalo Nickel,USA Invoice Import,,,0,0,0,0,
TRUE_ORPHAN,42cf6817-ffd2-4cd9-bdf0-bdd139f6449b,2025 S Washington Quarter - American Women Quarters (Dr. Vera Rubin,2025,Washington Quarter,American Women Quarters,Dr. Vera Rubin,,0,0,0,0,
TRUE_ORPHAN,43475492-0438-4c17-8774-e0d3f372c3f3,2024  Peace Silver Dollar - The Ultimate Modern Morgan and Peace Silver Dollar Collection (Peace Dollar,2024,Peace Silver Dollar,The Ultimate Modern Morgan and Peace Silver Dollar Collection,Peace Dollar,,0,0,0,0,
TRUE_ORPHAN,43733e6f-0319-4fc8-b521-ff27e673a81c,2024  Washington Quarter - American Women Quarters / The Celebrating America Coin Collection (Rev. Dr. Pauli Murray,2024,Washington Quarter,American Women Quarters / The Celebrating America Coin Collection,Rev. Dr. Pauli Murray,,0,0,0,0,
TRUE_ORPHAN,440f93a8-f524-4667-b025-3fffe324b2b5,2023 P Innovation Dollar - American Innovation Dollars (Indiana - Automobile Industry,2023,Innovation Dollar,American Innovation Dollars,Indiana - Automobile Industry,,0,0,0,0,
TRUE_ORPHAN,442e0601-75eb-42e4-b18d-9db1e8b8884c,1916  Barber Dime - Barber,1916,Barber Dime,Barber,,,0,0,0,0,
TRUE_ORPHAN,45a21b59-9ef7-4068-b6cf-77f6c434230d,1942-1945 S Jefferson Nickel - Historic U.S. Silver Coins (Wartime Nickel,1942-1945,Jefferson Nickel,Historic U.S. Silver Coins,Wartime Nickel,,0,0,0,0,
TRUE_ORPHAN,45a81810-1070-4859-aad1-3c1533b5fff8,1884 S Liberty Seated Dime - U.S. Dime Collection Selection,1884,Liberty Seated Dime,U.S. Dime Collection Selection,,,0,0,0,0,
TRUE_ORPHAN,4627a96b-dce2-4b3d-ae66-9c315d67e17c,1963 D Roosevelt Dime - USA Invoice Import,1963,Roosevelt Dime,USA Invoice Import,,,0,0,0,0,
TRUE_ORPHAN,46428d70-a128-497a-8c7a-62b8036b1404,1930 S Decade Set - YEAR SETS: AMERICA REVISITED SELECTION (1930's Decade Set,1930,Decade Set,YEAR SETS: AMERICA REVISITED SELECTION,1930's Decade Set,,0,0,0,0,
TRUE_ORPHAN,470a298a-d0f9-405d-91ac-e87ea160fdeb,1928 A $50 Federal Reserve Note - Federal Reserve Note,1928,$50 Federal Reserve Note,Federal Reserve Note,,,0,0,0,0,
TRUE_ORPHAN,47126224-eb48-4a4d-995f-049fcfefb928,1953  Jefferson Nickel - The U.S. Nickel Collection,1953,Jefferson Nickel,The U.S. Nickel Collection,,,0,0,0,0,
TRUE_ORPHAN,47781595-0001-423e-a8fa-f6627be70e0c,1928  Buffalo Nickel - The U.S. Nickel Collection,1928,Buffalo Nickel,The U.S. Nickel Collection,,,0,0,0,0,
TRUE_ORPHAN,47a03832-f9ce-44a2-9c9e-0f97a0df62e4,1864-1869  5C Fractional Currency - USA Invoice Import,1864-1869,5C Fractional Currency,USA Invoice Import,,,0,0,0,0,
TRUE_ORPHAN,48097620-5df8-4683-b1d3-10719b452eba,2024 S Washington Quarter - American Women Quarters (Patsy Takemoto Mink,2024,Washington Quarter,American Women Quarters,Patsy Takemoto Mink,,0,0,0,0,
TRUE_ORPHAN,4821b1e8-b84f-47dc-aed6-b3919ff5b17a,1938  Buffalo Nickel - THE U.S. NICKEL COLLECTION,1938,Buffalo Nickel,THE U.S. NICKEL COLLECTION,,,0,0,0,0,
TRUE_ORPHAN,482ffc2c-8417-4cad-9e1c-5a39fda84b31,2020 W American Silver Eagle - The Complete 2020 American Eagle NGCX Silver Dollar Set (American Eagle,2020,American Silver Eagle,The Complete 2020 American Eagle NGCX Silver Dollar Set,American Eagle,,0,0,0,0,
TRUE_ORPHAN,48853cae-7e41-4728-a588-3071da0999b8,2022 P Washington Quarter - American Women Quarters (Anna May Wong,2022,Washington Quarter,American Women Quarters,Anna May Wong,,0,0,0,0,
TRUE_ORPHAN,48b0b256-c74e-4dde-9cea-09a88fa30af2,1963   - America Revisited Selection (5-Coin Time Capsule Year Set,1963,,America Revisited Selection,5-Coin Time Capsule Year Set,,0,0,0,0,
TRUE_ORPHAN,49118d5d-bacb-4653-b4b5-cc2510d43a6b,1931 D Mercury Dime - Mercury,1931,Mercury Dime,Mercury,,,0,0,0,0,
TRUE_ORPHAN,49bd3a0b-acea-45f0-949c-eacae20b6a02,1926  Peace Dollar - RARELY SEEN PEACE SILVER DOLLARS,1926,Peace Dollar,RARELY SEEN PEACE SILVER DOLLARS,,,0,0,0,0,
TRUE_ORPHAN,4a2a1631-38fe-44e7-bb88-12d38fbd2c5c,1952   - America Revisited Selection (5-Coin Time Capsule Year Set,1952,,America Revisited Selection,5-Coin Time Capsule Year Set,,0,0,0,0,
TRUE_ORPHAN,4a58f9a6-e40d-44e2-beac-d894975ea762,1912 D Barber Dime - Barber,1912,Barber Dime,Barber,,,0,0,0,0,
TRUE_ORPHAN,4a71fddd-d126-4b2f-ae14-31867a6396b8,2024 P Innovation Dollar - American Innovation Dollars (Maine - Direct Current Defibrillator,2024,Innovation Dollar,American Innovation Dollars,Maine - Direct Current Defibrillator,,0,0,0,0,
TRUE_ORPHAN,4b334440-6bb1-4fef-b758-e982e694c1ee,1943  Jefferson Nickel - THE U.S. NICKEL COLLECTION,1943,Jefferson Nickel,THE U.S. NICKEL COLLECTION,,,0,0,0,0,
TRUE_ORPHAN,4b75c815-2b62-4827-b1b9-d496bb37b232,2024 D Washington Quarter - American Women Quarters (Celia Cruz,2024,Washington Quarter,American Women Quarters,Celia Cruz,,0,0,0,0,
TRUE_ORPHAN,4bf3a6ae-1fab-4190-aa84-c623bcf54a7a,1920 S Mercury Dime - U.S. DIME COLLECTION SELECTION (Mercury,1920,Mercury Dime,U.S. DIME COLLECTION SELECTION,Mercury,,0,0,0,0,
TRUE_ORPHAN,4d57bf8a-cdcf-4f36-b19e-463319f68e11,2021 S Jefferson Nickel - USA Invoice Import,2021,Jefferson Nickel,USA Invoice Import,,,0,0,0,0,
TRUE_ORPHAN,4d69bab7-ff7e-44e0-a2c3-66573c510999,1877  Liberty Seated Dime - U.S. DIME COLLECTION SELECTION (Liberty Seated,1877,Liberty Seated Dime,U.S. DIME COLLECTION SELECTION,Liberty Seated,,0,0,0,0,
TRUE_ORPHAN,4d8ba60a-47fe-43e0-94c7-6cb2b2127622,1960   - Time Capsule Year Set (America Revisited Selection,1960,,Time Capsule Year Set,America Revisited Selection,,0,0,0,0,
TRUE_ORPHAN,4dd5b864-fd8c-4e4b-9a9e-d94b9ee5e074,The World War II U.S. Coin Collection (Shipment # 4,,,The World War II U.S. Coin Collection,Shipment # 4,,0,0,0,0,
TRUE_ORPHAN,4e8ea486-f616-49f7-b747-5fc3ac6108e5,1946  Washington Quarter - USA Invoice Import,1946,Washington Quarter,USA Invoice Import,,,0,0,0,0,
TRUE_ORPHAN,4eaea0ae-4d65-4f1b-8b96-ba31f68eecff,1897  Barber Dime - USA Invoice Import,1897,Barber Dime,USA Invoice Import,,,0,0,0,0,
TRUE_ORPHAN,4f0396fa-cd5d-44a7-8e22-c62d716bcb6f,1778  $50 Continental Currency - USA Invoice Import,1778,$50 Continental Currency,USA Invoice Import,,,0,0,0,0,
TRUE_ORPHAN,4f03f916-c623-48d4-9bd3-f09b50cea0a8,1963  Jefferson Nickel - USA Invoice Import (Proof Roll,1963,Jefferson Nickel,USA Invoice Import,Proof Roll,,0,0,0,0,
TRUE_ORPHAN,4f29a0cd-3d3f-4c20-8cfb-5b9991c9b464,2024 S Washington Quarter - American Women Quarters (Patsy Takemoto Mink,2024,Washington Quarter,American Women Quarters,Patsy Takemoto Mink,,0,0,0,0,
TRUE_ORPHAN,4f2f82f1-958a-4b63-9dac-ff432bfbc50c,1942 D Mercury Dime - USA Invoice Import,1942,Mercury Dime,USA Invoice Import,,,0,0,0,0,
TRUE_ORPHAN,4f8c2bba-54e7-415a-b21f-9e1b9b04b952,1923  Buffalo Nickel - USA Invoice Import,1923,Buffalo Nickel,USA Invoice Import,,,0,0,0,0,
TRUE_ORPHAN,516696f3-e98a-4816-95e1-a41d8a31de1e,1869  Liberty Seated Half Dollar - Half Dollar Club Selection (Liberty Seated,1869,Liberty Seated Half Dollar,Half Dollar Club Selection,Liberty Seated,,0,0,0,0,
TRUE_ORPHAN,5178b172-48fb-4240-8dd0-12b58429e5f8,1935  $1 Silver Certificate - Silver Certificate,1935,$1 Silver Certificate,Silver Certificate,,,0,0,0,0,
TRUE_ORPHAN,51ac4dc3-35d3-470d-8bda-c50bfa481975,1985 S Kennedy Half Dollar - USA Invoice Import,1985,Kennedy Half Dollar,USA Invoice Import,,,0,0,0,0,
TRUE_ORPHAN,51d275d7-fa78-4e27-986f-b7350d8c9b78,1899  $1 Silver Certificate - USA Invoice Import (Eagle Large Size,1899,$1 Silver Certificate,USA Invoice Import,Eagle Large Size,,0,0,0,0,
TRUE_ORPHAN,522797ed-82cc-4ca2-937a-d92fd312f778,1954  5-Coin Set - America Revisited Club (Time Capsule Year Set,1954,5-Coin Set,America Revisited Club,Time Capsule Year Set,,0,0,0,0,
TRUE_ORPHAN,52c1a951-ab01-43ae-99cf-36cbc52cdab1,1906  Liberty Head Nickel - THE U.S. NICKEL COLLECTION,1906,Liberty Head Nickel,THE U.S. NICKEL COLLECTION,,,0,0,0,0,
TRUE_ORPHAN,52dd36ca-9026-4ea6-b9c1-362bda67fa6d,1937   - America Revisited Selection (5-Coin Time Capsule Year Set,1937,,America Revisited Selection,5-Coin Time Capsule Year Set,,0,0,0,0,
TRUE_ORPHAN,534bc4d5-e1f0-4acc-a0e6-b8e93e97ac8e,2020 W American Silver Eagle - THE COMPLETE 2020 AMERICAN EAGLE NGCX SILVER DOLLAR SET,2020,American Silver Eagle,THE COMPLETE 2020 AMERICAN EAGLE NGCX SILVER DOLLAR SET,,,0,0,0,0,
TRUE_ORPHAN,53ad78c9-06e1-41a5-9ca4-bd164f6da7f3,2022 P Native American Dollar - Native American $1 Coin Program (Ely Samuel Parker,2022,Native American Dollar,Native American $1 Coin Program,Ely Samuel Parker,,0,0,0,0,
TRUE_ORPHAN,53e6fb84-74c2-4e7d-b461-e3ab60d47038,1959  5-Coin Set - YEAR SETS: AMERICA REVISITED SELECTION (Time Capsule Year Set,1959,5-Coin Set,YEAR SETS: AMERICA REVISITED SELECTION,Time Capsule Year Set,,0,0,0,0,
TRUE_ORPHAN,540622be-3c55-413d-b0fe-4997b9188590,1892  Barber Dime - USA Invoice Import (Barber,1892,Barber Dime,USA Invoice Import,Barber,,0,0,0,0,
TRUE_ORPHAN,541f10d8-5e8f-4729-b061-2d28996e577e,2024 P Washington Quarter - American Women Quarters (Patsy Takemoto Mink,2024,Washington Quarter,American Women Quarters,Patsy Takemoto Mink,,0,0,0,0,
TRUE_ORPHAN,548f5f6a-e300-41e1-ac15-1ea38804b4b2,1891  Morgan Silver Dollar - USA Invoice Import,1891,Morgan Silver Dollar,USA Invoice Import,,,0,0,0,0,
TRUE_ORPHAN,54b8df7e-6fb3-40cf-b9d7-8d4c1043308b,1923  Buffalo Nickel - THE U.S. NICKEL COLLECTION,1923,Buffalo Nickel,THE U.S. NICKEL COLLECTION,,,0,0,0,0,
TRUE_ORPHAN,550b2e89-1620-49ba-ad79-016ff26160f4,2006 W American Silver Eagle - The West Point Burnished American Eagle Silver Dollar Collection (American Eagle,2006,American Silver Eagle,The West Point Burnished American Eagle Silver Dollar Collection,American Eagle,,0,0,0,0,
TRUE_ORPHAN,553df176-e76b-4621-8006-938fc9e1ea14,1945 S Washington Quarter - USA Invoice Import (Washington,1945,Washington Quarter,USA Invoice Import,Washington,,0,0,0,0,
TRUE_ORPHAN,55f1bafd-dd46-49ae-b130-d833ce46445e,1942  Various - Time Capsule Year Set (1942 Year Set,1942,Various,Time Capsule Year Set,1942 Year Set,,0,0,0,0,
TRUE_ORPHAN,562475db-62cb-420a-b0c9-7906b789b476,1937  Buffalo Nickel - THE U.S. NICKEL COLLECTION,1937,Buffalo Nickel,THE U.S. NICKEL COLLECTION,,,0,0,0,0,
TRUE_ORPHAN,56581115-3fb2-4e14-b4a7-b35b7fb919cb,Three Cent Nickel - The U.S. Coin Complete Denomination Set (Nickel Three-Cent,,Three Cent Nickel,The U.S. Coin Complete Denomination Set,Nickel Three-Cent,,0,0,0,0,
TRUE_ORPHAN,5703e430-c402-4b00-8b0b-8b9ba1d6a163,1919  Mercury Dime - USA Invoice Import (Mercury,1919,Mercury Dime,USA Invoice Import,Mercury,,0,0,0,0,
TRUE_ORPHAN,572a6433-b6e3-4a40-9218-4a24f69e2f0c,2023 P  - U.S. Uncirculated Coin Mint Sets (Philadelphia Mint Panel,2023,,U.S. Uncirculated Coin Mint Sets,Philadelphia Mint Panel,,0,0,0,0,
TRUE_ORPHAN,573d6d49-6f0c-492a-9a76-f4886beaddb6,2025  Washington Quarter - Celebrating America Coin Collection (Dr Vera Rubin,2025,Washington Quarter,Celebrating America Coin Collection,Dr Vera Rubin,,0,0,0,0,
TRUE_ORPHAN,57d5806f-284e-4a48-a467-3d8959514f1d,1808  Capped Bust Half Dollar - The Half Dollar Club Selection (Capped Bust Silver Half Dollar,1808,Capped Bust Half Dollar,The Half Dollar Club Selection,Capped Bust Silver Half Dollar,,0,0,0,0,
TRUE_ORPHAN,593c2668-e363-4f42-9896-b8f6ebfab2d5,1834  Capped Bust Dime - U.S. Dime Collection,1834,Capped Bust Dime,U.S. Dime Collection,,,0,0,0,0,
TRUE_ORPHAN,596ca5b5-cf6c-4bf2-b96e-ba5824d2fe86,1936  Buffalo Nickel - The U.S. Nickel Collection,1936,Buffalo Nickel,The U.S. Nickel Collection,,,0,0,0,0,
TRUE_ORPHAN,59a3493d-c926-46bd-83ed-e683e4edc8d1,2024 D Innovation Dollar - American Innovation Dollars (Illinois,2024,Innovation Dollar,American Innovation Dollars,Illinois,,0,0,0,0,
TRUE_ORPHAN,59d375bb-a68c-4099-a938-9c77aa21991f,1950  Jefferson Nickel - THE U.S. NICKEL COLLECTION,1950,Jefferson Nickel,THE U.S. NICKEL COLLECTION,,,0,0,0,0,
TRUE_ORPHAN,59daa1c0-092f-4d72-899f-c25a40babe0c,1838  Liberty Seated Quarter - Liberty Seated (No Motto,1838,Liberty Seated Quarter,Liberty Seated,No Motto,,0,0,0,0,
TRUE_ORPHAN,5a38bc0e-094e-4cdf-a4c8-ac1f5b9d0840,1888  Liberty Seated Dime - U.S. Dime Collection Selection (Liberty Seated,1888,Liberty Seated Dime,U.S. Dime Collection Selection,Liberty Seated,,0,0,0,0,
TRUE_ORPHAN,5a3df726-cb91-42c5-a47d-7a04dfc3fd1e,1997  Jefferson Nickel - THE U.S. NICKEL COLLECTION,1997,Jefferson Nickel,THE U.S. NICKEL COLLECTION,,,0,0,0,0,
TRUE_ORPHAN,5a8135fd-a9c0-4de5-88bd-ec1313c6d3c5,1941   - America Revisited Selection (Time Capsule Year Set,1941,,America Revisited Selection,Time Capsule Year Set,,0,0,0,0,
TRUE_ORPHAN,5b0e227f-48f5-455f-826f-7369743e0373,1942-1943 S Mixed - The World War II U.S. Coin Collection (Shipment # 6,1942-1943,Mixed,The World War II U.S. Coin Collection,Shipment # 6,,0,0,0,0,
TRUE_ORPHAN,5b13cbdc-6cb4-4595-91e7-65475ff4e52a,1961  5-Coin Set - Time Capsule Year Set,1961,5-Coin Set,Time Capsule Year Set,,,0,0,0,0,
TRUE_ORPHAN,5b2391ae-44f9-43d3-9c99-2f784a9095b0,1920 D Mercury Dime - U.S. DIME COLLECTION SELECTION (Mercury,1920,Mercury Dime,U.S. DIME COLLECTION SELECTION,Mercury,,0,0,0,0,
TRUE_ORPHAN,5b577912-33ec-48fe-ab70-3453d830a725,1947   - America Revisited Selection (5-Coin Time Capsule Year Set,1947,,America Revisited Selection,5-Coin Time Capsule Year Set,,0,0,0,0,
TRUE_ORPHAN,5b64a7b3-3b7f-4f75-b234-ab1daf966b28,2024 P  - U.S. Uncirculated Coin Mint Sets (Philadelphia Mint Panel,2024,,U.S. Uncirculated Coin Mint Sets,Philadelphia Mint Panel,,0,0,0,0,
TRUE_ORPHAN,5bc529a5-7d8a-4c90-8869-4ae229ee436c,2024 S Proof Set - USA Invoice Import (Clad Proof Set,2024,Proof Set,USA Invoice Import,Clad Proof Set,,0,0,0,0,
TRUE_ORPHAN,5bdc2adc-85d6-4afe-90a0-e214f7da674b,2025  Washington Quarter - American Women Quarters / The Celebrating America Coin Collection (Althea Gibson,2025,Washington Quarter,American Women Quarters / The Celebrating America Coin Collection,Althea Gibson,,0,0,0,0,
TRUE_ORPHAN,5be92e3b-a928-4835-8625-a7d2fd8e3c5c,$1 - The Statehood Innovation Dollar Coin Collection (Alabama,,$1,The Statehood Innovation Dollar Coin Collection,Alabama,,0,0,0,0,
TRUE_ORPHAN,5c5f47aa-ede8-4cf3-bcd3-6056b2429e74,1954 D Jefferson Nickel - USA Invoice Import,1954,Jefferson Nickel,USA Invoice Import,,,0,0,0,0,
TRUE_ORPHAN,5c67ea8b-eed0-4e3f-a00d-caa7a1d68a66,1918  $1 Federal Reserve Bank Note - USA Invoice Import (Large Size,1918,$1 Federal Reserve Bank Note,USA Invoice Import,Large Size,,0,0,0,0,
TRUE_ORPHAN,5c71eaf2-5a2c-42d9-8040-9f8b4854aa67,1921  Mercury Dime - U.S. Dime Collection (Mercury,1921,Mercury Dime,U.S. Dime Collection,Mercury,,0,0,0,0,
TRUE_ORPHAN,5c8bd99f-cdbc-40bf-9f0e-d20747f0c685,1942  Birth Year Set - Birth Year Sets (1942 Birth Year Coin and Silver Commemorative Set,1942,Birth Year Set,Birth Year Sets,1942 Birth Year Coin and Silver Commemorative Set,,0,0,0,0,
TRUE_ORPHAN,5cf16cff-f704-418f-96e8-3aff585cb859,1837  Capped Bust Dime - U.S. DIME COLLECTION SELECTION (Capped Bust,1837,Capped Bust Dime,U.S. DIME COLLECTION SELECTION,Capped Bust,,0,0,0,0,
TRUE_ORPHAN,5da7c607-ca11-483f-802f-54f73e8fef93,$1 - The Statehood Innovation Dollar Coin Collection (Maine,,$1,The Statehood Innovation Dollar Coin Collection,Maine,,0,0,0,0,
TRUE_ORPHAN,5e971ece-d417-4376-9809-05faa7cf26c0,2020 W American Silver Eagle - THE COMPLETE 2020 AMERICAN EAGLE NGCX SILVER DOLLAR SET,2020,American Silver Eagle,THE COMPLETE 2020 AMERICAN EAGLE NGCX SILVER DOLLAR SET,,,0,0,0,0,
TRUE_ORPHAN,5edb5533-83a1-42df-bb53-9db4a7292f2c,Historic U.S. Silver Coins (Shipment # 3,,,Historic U.S. Silver Coins,Shipment # 3,,0,0,0,0,
TRUE_ORPHAN,5f29df5a-a99a-44ae-9fa3-8307e4a22613,Historic U.S. Silver Coins (Shipment # 2,,,Historic U.S. Silver Coins,Shipment # 2,,0,0,0,0,
TRUE_ORPHAN,5fa0d24f-5c00-4c06-ac82-08cdb9df3c79,1776  $1/6 Continental Currency - USA Invoice Import,1776,$1/6 Continental Currency,USA Invoice Import,,,0,0,0,0,
TRUE_ORPHAN,6005b75d-a8d9-4327-bd48-2ea8fbf84897,1810  Capped Bust Half Dollar - Half Dollar Club Selection (Lettered Edge,1810,Capped Bust Half Dollar,Half Dollar Club Selection,Lettered Edge,,0,0,0,0,
TRUE_ORPHAN,6058838a-af63-42da-9dbf-95d3d21d36fd,2024  Washington Quarter - American Women Quarters / The Celebrating America Coin Collection (Patsy Takemoto Mink,2024,Washington Quarter,American Women Quarters / The Celebrating America Coin Collection,Patsy Takemoto Mink,,0,0,0,0,
TRUE_ORPHAN,611b2815-02c1-4daa-83d0-43b2230d530c,1942   - America Revisited Selection (5-Coin Time Capsule Year Set,1942,,America Revisited Selection,5-Coin Time Capsule Year Set,,0,0,0,0,
TRUE_ORPHAN,6150fcfe-989e-460f-86d2-32aa27a89ab9,2020 W American Silver Eagle - THE WEST POINT BURNISHED AMERICAN EAGLE SILVER DOLLAR COLLECTION (American Eagle,2020,American Silver Eagle,THE WEST POINT BURNISHED AMERICAN EAGLE SILVER DOLLAR COLLECTION,American Eagle,,0,0,0,0,
TRUE_ORPHAN,6153dcbc-551b-4e49-93cc-2cc0cbf7d645,1930  Buffalo Nickel - The U.S. Nickel Collection,1930,Buffalo Nickel,The U.S. Nickel Collection,,,0,0,0,0,
TRUE_ORPHAN,6160361d-1478-40e5-aa04-3982e43ffaae,1899  $1 Silver Certificate - USA Invoice Import (Large Size Eagle,1899,$1 Silver Certificate,USA Invoice Import,Large Size Eagle,,0,0,0,0,
TRUE_ORPHAN,61695e5b-8d03-4a65-81e0-583438f96532,2023 D Innovation Dollar - American Innovation Dollars (Louisiana - The Higgins Boat,2023,Innovation Dollar,American Innovation Dollars,Louisiana - The Higgins Boat,,0,0,0,0,
TRUE_ORPHAN,6174bf13-d764-40bc-91f7-dd7b2e49977b,2021  Silver Eagle - The Complete Original-Design Proof Silver Eagle Dollar Collection (American Eagle,2021,Silver Eagle,The Complete Original-Design Proof Silver Eagle Dollar Collection,American Eagle,,0,0,0,0,
TRUE_ORPHAN,61d8e3f1-a64c-4f97-bfcf-4fa0e57b9ec7,1990 D Roosevelt Dime - USA Invoice Import,1990,Roosevelt Dime,USA Invoice Import,,,0,0,0,0,
TRUE_ORPHAN,622ee8e1-ac75-41a1-a5bb-cc0312a7f5d4,1955   - America Revisited Selection (Time Capsule Year Set,1955,,America Revisited Selection,Time Capsule Year Set,,0,0,0,0,
TRUE_ORPHAN,62e4be92-2e5e-4e0b-ba20-ac328074e3c1,1926  Buffalo Nickel - USA Invoice Import,1926,Buffalo Nickel,USA Invoice Import,,,0,0,0,0,
TRUE_ORPHAN,62f0a79b-61ed-4fd5-b828-1ee4e8d2b54b,2010  Jefferson Nickel - THE U.S. NICKEL COLLECTION,2010,Jefferson Nickel,THE U.S. NICKEL COLLECTION,,,0,0,0,0,
TRUE_ORPHAN,6348ff8b-f8c5-4b00-a2d5-dae97b1881f7,2009  Jefferson Nickel - THE U.S. NICKEL COLLECTION,2009,Jefferson Nickel,THE U.S. NICKEL COLLECTION,,,0,0,0,0,
TRUE_ORPHAN,63698d2f-c0f4-447f-ae9d-169733515d85,1942   - The World War II U.S. Coin Collection (Shipment #4,1942,,The World War II U.S. Coin Collection,Shipment #4,,0,0,0,0,
TRUE_ORPHAN,637c230a-1b07-4526-b9d1-9fc4a9c8c17e,2024 W American Silver Eagle Dollar - American Eagle (Walking Liberty,2024,American Silver Eagle Dollar,American Eagle,Walking Liberty,,0,0,0,0,
TRUE_ORPHAN,63b497e6-a61d-4520-b4bd-b587f0761c14,1942 P Jefferson Nickel - USA Invoice Import (Wartime Nickel,1942,Jefferson Nickel,USA Invoice Import,Wartime Nickel,,0,0,0,0,
TRUE_ORPHAN,64eef68e-07d0-4550-99e4-d246dce04da2,2024 D Innovation Dollar - American Innovation Dollars (Alabama - Saturn V Rocket,2024,Innovation Dollar,American Innovation Dollars,Alabama - Saturn V Rocket,,0,0,0,0,
TRUE_ORPHAN,65596277-cdc8-4be1-86ea-2eaf31870b66,1939   - America Revisited Selection (Time Capsule Year Set,1939,,America Revisited Selection,Time Capsule Year Set,,0,0,0,0,
TRUE_ORPHAN,655db376-c711-4e43-a3eb-1190cabc97b1,2011  American Silver Eagle - THE COMPLETE ORIGINAL-DESIGN PROOF SILVER EAGLE DOLLAR COLLECTION (American Eagle,2011,American Silver Eagle,THE COMPLETE ORIGINAL-DESIGN PROOF SILVER EAGLE DOLLAR COLLECTION,American Eagle,,0,0,0,0,
TRUE_ORPHAN,65e13dd2-6f69-4637-9442-9987b95f05ff,1929 D Mercury Dime - Mercury Dime (Winged Liberty Head,1929,Mercury Dime,Mercury Dime,Winged Liberty Head,,0,0,0,0,
TRUE_ORPHAN,6601b0b5-e527-4310-af73-e2aced18395f,2024 P Washington Quarter - American Women Quarters (Zitkala-Sa,2024,Washington Quarter,American Women Quarters,Zitkala-Sa,,0,0,0,0,
TRUE_ORPHAN,66337686-4b68-4879-8a72-92c3f1bc1aff,USA Invoice Import (21st Century Penny and Nickel Transition Set,,,USA Invoice Import,21st Century Penny and Nickel Transition Set,,0,0,0,0,
TRUE_ORPHAN,6679685f-c4fa-44ff-b219-52af7d145902,1956  Roosevelt Dime - USA Invoice Import,1956,Roosevelt Dime,USA Invoice Import,,,0,0,0,0,
TRUE_ORPHAN,66a04b65-f60c-466f-9387-4937a0160687,"$1 - American Paper Money Club Selection (Indian Territory Note Lutie, Oklahoma",,$1,American Paper Money Club Selection,"Indian Territory Note Lutie, Oklahoma",,0,0,0,0,
TRUE_ORPHAN,66e85fe5-ff1a-45aa-9bd8-ea21ae7dc96a,2024 P $1 Innovation Dollar - American Innovation Dollars (Illinois / Steel Plow,2024,$1 Innovation Dollar,American Innovation Dollars,Illinois / Steel Plow,,0,0,0,0,
TRUE_ORPHAN,66f7a44b-88cd-46b9-9fce-5c89dc292dd2,2024 D $1 Innovation Dollar - American Innovation Dollars (Alabama / Saturn V Rocket,2024,$1 Innovation Dollar,American Innovation Dollars,Alabama / Saturn V Rocket,,0,0,0,0,
TRUE_ORPHAN,6704e91e-32dc-420b-8a58-977bff9ff8b8,2020 W American Silver Eagle - American Eagle NGCX Silver Dollar Set (West Point American Eagle,2020,American Silver Eagle,American Eagle NGCX Silver Dollar Set,West Point American Eagle,,0,0,0,0,
TRUE_ORPHAN,67fe88c8-23f3-4cda-8b67-32cc15fd2914,2022 D Washington Quarter - American Women Quarters (Nina Otero-Warren,2022,Washington Quarter,American Women Quarters,Nina Otero-Warren,,0,0,0,0,
TRUE_ORPHAN,688f0722-d124-4da3-92e4-933f7da57f41,1868  Liberty Seated Half Dollar - 20TH CENT. HALF DOLLAR CLUB SELECTION (With Motto,1868,Liberty Seated Half Dollar,20TH CENT. HALF DOLLAR CLUB SELECTION,With Motto,,0,0,0,0,
TRUE_ORPHAN,68976a60-54a8-4c3c-85da-710ba89a11ea,1960  Jefferson Nickel - The U.S. Nickel Collection,1960,Jefferson Nickel,The U.S. Nickel Collection,,,0,0,0,0,
TRUE_ORPHAN,68d1ece9-2bd2-4657-a766-a1534c7e0892,1928  $2 Legal Tender Note - USA Invoice Import,1928,$2 Legal Tender Note,USA Invoice Import,,,0,0,0,0,
TRUE_ORPHAN,69789817-6f09-4111-aaf6-9f85a51ecf77,1963 D Franklin Half Dollar - USA Invoice Import,1963,Franklin Half Dollar,USA Invoice Import,,,0,0,0,0,
TRUE_ORPHAN,6b598da3-9cde-4569-95a3-8fdfcadae9ce,2024  American Silver Eagle Dollar - American Eagle,2024,American Silver Eagle Dollar,American Eagle,,,0,0,0,0,
TRUE_ORPHAN,6be165b7-0b58-4cbd-b69b-8e444dea624b,2019 W American Silver Eagle - THE WEST POINT BURNISHED AMERICAN EAGLE SILVER DOLLAR COLLECTION (American Eagle,2019,American Silver Eagle,THE WEST POINT BURNISHED AMERICAN EAGLE SILVER DOLLAR COLLECTION,American Eagle,,0,0,0,0,
TRUE_ORPHAN,6bfe04c1-aba3-4435-87d0-662fed3c97b8,2019  Silver Eagle - The Complete Original-Design Proof Silver Eagle Dollar Collection (American Eagle,2019,Silver Eagle,The Complete Original-Design Proof Silver Eagle Dollar Collection,American Eagle,,0,0,0,0,
TRUE_ORPHAN,6c070630-a27e-4e46-a90f-f21f091f912e,1978  Eisenhower Dollar - USA Invoice Import (Eisenhower,1978,Eisenhower Dollar,USA Invoice Import,Eisenhower,,0,0,0,0,
TRUE_ORPHAN,6c791d58-4689-4bc3-b6a6-67a25b85ed9a,1929 D Lincoln Head Cent - USA Invoice Import,1929,Lincoln Head Cent,USA Invoice Import,,,0,0,0,0,
TRUE_ORPHAN,6ce029b6-d299-4329-8257-157df85eefb4,1883 O Morgan Silver Dollar - GSA Hoard (Morgan Dollar,1883,Morgan Silver Dollar,GSA Hoard,Morgan Dollar,,0,0,0,0,
TRUE_ORPHAN,6d1ef746-c2ce-448d-9e91-c2af534f1d5a,2007 P Presidential Dollar - Presidential Dollars (George Washington 1789-1797,2007,Presidential Dollar,Presidential Dollars,George Washington 1789-1797,,0,0,0,0,
TRUE_ORPHAN,6d55dd2e-6249-4321-ae55-0f6a8ecd96a5,2024 D $1 Innovation Dollar - American Innovation Dollars (Missouri,2024,$1 Innovation Dollar,American Innovation Dollars,Missouri,,0,0,0,0,
TRUE_ORPHAN,6dff997a-b582-415b-93cf-7fb3b9c73aef,1944 D Walking Liberty Half Dollar - USA Invoice Import,1944,Walking Liberty Half Dollar,USA Invoice Import,,,0,0,0,0,
TRUE_ORPHAN,6e3c0dcc-db1b-4306-bb1c-07b7159e5ce3,2024 D Mint Set - U.S. Uncirculated Coin Mint Sets (Denver Mint Panel,2024,Mint Set,U.S. Uncirculated Coin Mint Sets,Denver Mint Panel,,0,0,0,0,
TRUE_ORPHAN,6e7fab24-2152-4a97-87fb-9e187d6ca67d,Barber Quarter - THE U.S. COIN COMPLETE DENOMINATION SET (Barber Quarter,,Barber Quarter,THE U.S. COIN COMPLETE DENOMINATION SET,Barber Quarter,,0,0,0,0,
TRUE_ORPHAN,6f57ab6d-4c70-45e3-b0b8-b04eb8f827f5,1825  Capped Bust Half Dollar - Half Dollar Club Selection (Capped Bust,1825,Capped Bust Half Dollar,Half Dollar Club Selection,Capped Bust,,0,0,0,0,
TRUE_ORPHAN,6f58bdb9-cfeb-4e3e-9c23-c7c786f6f445,$5 Bank Note - West River Bank Note (VT Jamaica,,$5 Bank Note,West River Bank Note,VT Jamaica,,0,0,0,0,
TRUE_ORPHAN,6f8bc82d-4724-4932-b906-b3f5be354d2f,1883 CC Morgan Silver Dollar - OFFICIALLY SEALED CARSON CITY MINT MORGAN SILVER DOLLARS,1883,Morgan Silver Dollar,OFFICIALLY SEALED CARSON CITY MINT MORGAN SILVER DOLLARS,,,0,0,0,0,
TRUE_ORPHAN,70f7cbf3-ea54-4028-b472-f235309147c4,2023  Washington Quarter - American Women Quarters / The Celebrating America Coin Collection (Eleanor Roosevelt,2023,Washington Quarter,American Women Quarters / The Celebrating America Coin Collection,Eleanor Roosevelt,,0,0,0,0,
TRUE_ORPHAN,72419132-1651-4209-b91e-9c97c63774ed,1885 O Morgan Silver Dollar - Premier Morgan Dollar Society Selection,1885,Morgan Silver Dollar,Premier Morgan Dollar Society Selection,,,0,0,0,0,
TRUE_ORPHAN,729600da-8a78-457c-994f-8469dc6c27b9,2015-2024 P or D Roosevelt Dime - USA Invoice Import,2015-2024,Roosevelt Dime,USA Invoice Import,,,0,0,0,0,
TRUE_ORPHAN,736b9458-86cb-4bfc-a17a-756c80e6d213,1944  Jefferson Nickel - The U.S. Nickel Collection (Wartime Silver,1944,Jefferson Nickel,The U.S. Nickel Collection,Wartime Silver,,0,0,0,0,
TRUE_ORPHAN,73e83d27-3b6b-4128-8b81-83ef39336974,1966  Jefferson Nickel - THE U.S. NICKEL COLLECTION,1966,Jefferson Nickel,THE U.S. NICKEL COLLECTION,,,0,0,0,0,
TRUE_ORPHAN,746def72-aff9-407f-bc82-d2fe5d402845,1903  Liberty Head Nickel - THE U.S. NICKEL COLLECTION,1903,Liberty Head Nickel,THE U.S. NICKEL COLLECTION,,,0,0,0,0,
TRUE_ORPHAN,7473ec9f-d452-4299-85ce-42f4954cec75,2007  Jefferson Nickel - THE U.S. NICKEL COLLECTION,2007,Jefferson Nickel,THE U.S. NICKEL COLLECTION,,,0,0,0,0,
TRUE_ORPHAN,7511d92d-e71d-430b-83a9-1838a8332fed,1929  $20 Federal Reserve Bank Note - Federal Reserve Bank Note,1929,$20 Federal Reserve Bank Note,Federal Reserve Bank Note,,,0,0,0,0,
TRUE_ORPHAN,7610d5ee-2e66-4fe3-94cd-8b51f2c79e1a,1934 C $10 Federal Reserve Note - AMERICAN PAPER MONEY CLUB SELECTION (Federal Reserve Note,1934,$10 Federal Reserve Note,AMERICAN PAPER MONEY CLUB SELECTION,Federal Reserve Note,,0,0,0,0,
TRUE_ORPHAN,7669c6c6-d6cf-42fd-971c-2ee266812015,1907  $5 Legal Tender Note Large Size - AMERICAN PAPER MONEY CLUB SELECTION (Legal Tender Note,1907,$5 Legal Tender Note Large Size,AMERICAN PAPER MONEY CLUB SELECTION,Legal Tender Note,,0,0,0,0,
TRUE_ORPHAN,769de267-4b57-4805-b9dd-a3b17040b77e,2010-2021   - National Park Quarters,2010-2021,,National Park Quarters,,,0,0,0,0,
TRUE_ORPHAN,76a4a0de-89e4-4deb-92e3-bd1589e3b94f,2020 P Silver Dollar - The Complete 2020 American Eagle NGCX Silver Dollar Set (American Eagle,2020,Silver Dollar,The Complete 2020 American Eagle NGCX Silver Dollar Set,American Eagle,,0,0,0,0,
TRUE_ORPHAN,77029ebb-676c-4a17-bc1a-22ed8eddcb24,1908  Liberty Head Nickel - The U.S. Nickel Collection - Shipment 13,1908,Liberty Head Nickel,The U.S. Nickel Collection - Shipment 13,,,0,0,0,0,
TRUE_ORPHAN,775483fd-f96c-42ba-80f0-eaa25023a0a3,1863-1867  25C Fractional Currency - USA Invoice Import,1863-1867,25C Fractional Currency,USA Invoice Import,,,0,0,0,0,
TRUE_ORPHAN,7801a6e0-cade-4ebb-bd41-8a98be94c8b5,2016  American Silver Eagle - The Complete Original-Design Proof Silver Eagle Dollar Collection (American Eagle Silver Dollar,2016,American Silver Eagle,The Complete Original-Design Proof Silver Eagle Dollar Collection,American Eagle Silver Dollar,,0,0,0,0,
TRUE_ORPHAN,78a06797-dadc-4138-b211-3a2834388351,1946  Walking Liberty Half Dollar - Half Dollar Club Selection (Liberty Walking,1946,Walking Liberty Half Dollar,Half Dollar Club Selection,Liberty Walking,,0,0,0,0,
TRUE_ORPHAN,78b46b4d-d7ce-4db4-b70c-ffc652d083a5,2025 P Roosevelt Dime - USA Invoice Import (Roosevelt,2025,Roosevelt Dime,USA Invoice Import,Roosevelt,,0,0,0,0,
TRUE_ORPHAN,78e3d28c-0755-41ca-ac0d-896482d2fa8d,2024  Innovation Dollar - THE STATEHOOD INNOVATION DOLLAR COIN COLLECTION (Illinois,2024,Innovation Dollar,THE STATEHOOD INNOVATION DOLLAR COIN COLLECTION,Illinois,,0,0,0,0,
TRUE_ORPHAN,7a0e7fb5-2738-4615-a28c-456145484cbe,1957 D Franklin Half Dollar - USA Invoice Import,1957,Franklin Half Dollar,USA Invoice Import,,,0,0,0,0,
TRUE_ORPHAN,7a5dcf6a-33b0-48a2-b1a6-83f73f9a0774,1871  Liberty Seated Quarter - Washington Quarter Club Selection (Liberty Seated,1871,Liberty Seated Quarter,Washington Quarter Club Selection,Liberty Seated,,0,0,0,0,
TRUE_ORPHAN,7a8506aa-01e6-44e0-a75d-d3ab4e02afce,1916  Buffalo Nickel - THE U.S. NICKEL COLLECTION,1916,Buffalo Nickel,THE U.S. NICKEL COLLECTION,,,0,0,0,0,
TRUE_ORPHAN,7ae2d08e-2c9c-4b8b-9b62-b97f2dc30099,1837  Liberty Seated Half Dime - U.S. DIME COLLECTION SELECTION (Liberty Seated,1837,Liberty Seated Half Dime,U.S. DIME COLLECTION SELECTION,Liberty Seated,,0,0,0,0,
TRUE_ORPHAN,7b317c21-aa36-491a-affb-ecd3edd830c2,1934  Buffalo Nickel - The U.S. Nickel Collection,1934,Buffalo Nickel,The U.S. Nickel Collection,,,0,0,0,0,
TRUE_ORPHAN,7ca7496e-24f5-4d6d-a414-0dfedbd049e0,1906  Barber Dime - Barber,1906,Barber Dime,Barber,,,0,0,0,0,
TRUE_ORPHAN,7caccd8e-7feb-444d-832b-0f9aee8071fc,2023  Morgan Silver Dollar - The Ultimate Modern Morgan and Peace Silver Dollar Collection (Morgan Dollar,2023,Morgan Silver Dollar,The Ultimate Modern Morgan and Peace Silver Dollar Collection,Morgan Dollar,,0,0,0,0,
TRUE_ORPHAN,7cde94e8-483f-44af-ab10-e40a84bd5849,2024  Washington Quarter - The Celebrating America Coin Collection (Rev. Dr. Pauli Murray,2024,Washington Quarter,The Celebrating America Coin Collection,Rev. Dr. Pauli Murray,,0,0,0,0,
TRUE_ORPHAN,7d3495f3-d1eb-4878-b6df-042d5ceae5d1,1934 A $100 Federal Reserve Note - Federal Reserve Note,1934,$100 Federal Reserve Note,Federal Reserve Note,,,0,0,0,0,
TRUE_ORPHAN,7d47d5d4-95c7-4161-a62a-25614c5adf85,1934 A $10 Silver Certificate - American Paper Money Club Selection (Yellow Seal BA Block,1934,$10 Silver Certificate,American Paper Money Club Selection,Yellow Seal BA Block,,0,0,0,0,
TRUE_ORPHAN,7d9660cf-9b6d-4bda-9cc8-65cb3c14b901,1944   - America Revisited Selection (Time Capsule Year Set,1944,,America Revisited Selection,Time Capsule Year Set,,0,0,0,0,
TRUE_ORPHAN,7df6a3df-f97f-4b23-87b6-5a54569f01b7,1995 S Washington Quarter - USA Invoice Import,1995,Washington Quarter,USA Invoice Import,,,0,0,0,0,
TRUE_ORPHAN,7e07d8a3-0260-4e10-8a0d-fa30667096f9,1939  5-Coin Set - America Revisited Club (Time Capsule Year Set,1939,5-Coin Set,America Revisited Club,Time Capsule Year Set,,0,0,0,0,
TRUE_ORPHAN,7f19e971-5b6b-48f3-846d-3fef79b2616e,1936   - America Revisited Selection (Time Capsule Year Set,1936,,America Revisited Selection,Time Capsule Year Set,,0,0,0,0,
TRUE_ORPHAN,7f7f5654-1738-4f21-b1bc-1eaaa8c2275d,2025 P Washington Quarter - American Women Quarters (Dr. Vera Rubin,2025,Washington Quarter,American Women Quarters,Dr. Vera Rubin,,0,0,0,0,
TRUE_ORPHAN,7fa7ff5b-77e5-46a6-868f-69ce3c74f368,1882 CC Morgan Silver Dollar - USA Invoice Import,1882,Morgan Silver Dollar,USA Invoice Import,,,0,0,0,0,
TRUE_ORPHAN,807bd1ea-d0ae-4b16-8ead-3a8da252b6f9,1943 D  - The World War II U.S. Coin Collection (World War II,1943,,The World War II U.S. Coin Collection,World War II,,0,0,0,0,
TRUE_ORPHAN,80bf650a-e6a6-43bb-b276-eff16ff95f6f,2024  Kennedy Half Dollar & Native American Dollar - USA Invoice Import,2024,Kennedy Half Dollar & Native American Dollar,USA Invoice Import,,,0,0,0,0,
TRUE_ORPHAN,80d45681-e5bb-41e4-8191-dfaf53555a04,2024 P Silver Dollar - MODERN COMMEMORATIVE CLUB SELECTION (Greatest Generation Commemorative,2024,Silver Dollar,MODERN COMMEMORATIVE CLUB SELECTION,Greatest Generation Commemorative,,0,0,0,0,
TRUE_ORPHAN,80ff541f-3745-4862-b6fe-78802b4a8865,2023 D Kennedy Half Dollar - USA Invoice Import,2023,Kennedy Half Dollar,USA Invoice Import,,,0,0,0,0,
TRUE_ORPHAN,81ddc723-c827-45c7-962d-1e3ffc8e7854,2024 P $1 Innovation Dollar - American Innovation Dollars (Missouri / George Washington Carver,2024,$1 Innovation Dollar,American Innovation Dollars,Missouri / George Washington Carver,,0,0,0,0,
TRUE_ORPHAN,81e326be-ff2e-4239-8214-649fbbd6471c,1957   - America Revisited Selection (5-Coin Time Capsule Year Set,1957,,America Revisited Selection,5-Coin Time Capsule Year Set,,0,0,0,0,
TRUE_ORPHAN,81e38078-e4a9-41bf-93e7-0d31d47c710a,1982 S Kennedy Half Dollar - USA Invoice Import (Kennedy,1982,Kennedy Half Dollar,USA Invoice Import,Kennedy,,0,0,0,0,
TRUE_ORPHAN,82643c21-8e12-40e4-8ed8-7ee1a9c77902,1819  Capped Bust Half Dollar - Half Dollar Club Selection (Capped Bust,1819,Capped Bust Half Dollar,Half Dollar Club Selection,Capped Bust,,0,0,0,0,
TRUE_ORPHAN,82920b53-26da-46d7-8cd9-127f0e1d94cd,2024 P Native American Dollar - USA Invoice Import (Indian Citizenship Act 1924,2024,Native American Dollar,USA Invoice Import,Indian Citizenship Act 1924,,0,0,0,0,
TRUE_ORPHAN,832aa84c-9c38-4a9c-87a4-b5dc167e29e2,2022 D Mint Set - U.S. Uncirculated Coin Mint Sets (Denver Mint Panel,2022,Mint Set,U.S. Uncirculated Coin Mint Sets,Denver Mint Panel,,0,0,0,0,
TRUE_ORPHAN,8350fb79-863f-4242-acc4-b04f359ba426,1910-2005  Nickel - The U.S. Nickel Collection (Shipment 10,1910-2005,Nickel,The U.S. Nickel Collection,Shipment 10,,0,0,0,0,
TRUE_ORPHAN,83bd153d-6845-4b6a-8386-8cdf15cdccc6,American Innovation Dollar - Statehood Innovation Dollar Coin Collection (Texas,,American Innovation Dollar,Statehood Innovation Dollar Coin Collection,Texas,,0,0,0,0,
TRUE_ORPHAN,83c3f2a9-a51f-4d6d-b8ff-a0cfda76819f,2023 D Mint Set - U.S. Uncirculated Coin Mint Sets (Denver Mint Panel,2023,Mint Set,U.S. Uncirculated Coin Mint Sets,Denver Mint Panel,,0,0,0,0,
TRUE_ORPHAN,83d0c5f8-f585-4f89-8c12-1588f1dbe1be,1943 D Mercury Dime - USA Invoice Import,1943,Mercury Dime,USA Invoice Import,,,0,0,0,0,
TRUE_ORPHAN,854c08cc-f40b-4524-b2ed-3fe912deb60f,1999  Jefferson Nickel - The U.S. Nickel Collection,1999,Jefferson Nickel,The U.S. Nickel Collection,,,0,0,0,0,
TRUE_ORPHAN,85da41ca-de40-4ce6-bc57-960f60b15fcb,1912-1992  Nickel - The U.S. Nickel Collection (Shipment 12,1912-1992,Nickel,The U.S. Nickel Collection,Shipment 12,,0,0,0,0,
TRUE_ORPHAN,8621db5f-243f-4509-b3ad-1aea83370e18,1934  $1 Silver Certificate - Silver Certificate (Funnyback,1934,$1 Silver Certificate,Silver Certificate,Funnyback,,0,0,0,0,
TRUE_ORPHAN,86541977-4af2-45f9-a90e-6810223ecda6,Dollar Coin - Statehood Innovation Dollar Coin Collection (Maine,,Dollar Coin,Statehood Innovation Dollar Coin Collection,Maine,,0,0,0,0,
TRUE_ORPHAN,86f060d8-d0b1-4df9-8f13-ec6b4cc54718,1927-2004  Nickel - The U.S. Nickel Collection (Shipment 4,1927-2004,Nickel,The U.S. Nickel Collection,Shipment 4,,0,0,0,0,
TRUE_ORPHAN,86fb5fbc-5519-474e-a9d3-9116da5551dc,1944  Washington Quarter - USA Invoice Import,1944,Washington Quarter,USA Invoice Import,,,0,0,0,0,
TRUE_ORPHAN,86ff1b19-990d-4eb0-9ad1-b6f91be7805c,2024  Lincoln Head Cent - USA Invoice Import,2024,Lincoln Head Cent,USA Invoice Import,,,0,0,0,0,
TRUE_ORPHAN,87719d47-19c9-4e8f-aab2-3887d00830c9,2024 W American Silver Eagle - American Eagle (Walking Liberty,2024,American Silver Eagle,American Eagle,Walking Liberty,,0,0,0,0,
TRUE_ORPHAN,87bd4fd1-738a-4370-a596-597dd064a459,1942 P Jefferson Nickel - USA Invoice Import (Jefferson,1942,Jefferson Nickel,USA Invoice Import,Jefferson,,0,0,0,0,
TRUE_ORPHAN,89330453-b34b-480e-a63d-408f807293d7,1882  $5 National Bank Note - USA Invoice Import (Large Size Portland Maine Brown Back,1882,$5 National Bank Note,USA Invoice Import,Large Size Portland Maine Brown Back,,0,0,0,0,
TRUE_ORPHAN,8997156a-6382-4c45-bad2-420153107094,1901  Liberty Head Nickel - THE U.S. NICKEL COLLECTION,1901,Liberty Head Nickel,THE U.S. NICKEL COLLECTION,,,0,0,0,0,
TRUE_ORPHAN,89ab8856-3824-4cf6-b159-a6929df45c95,2020 S American Silver Eagle - American Eagle (San Francisco Emergency Issue,2020,American Silver Eagle,American Eagle,San Francisco Emergency Issue,,0,0,0,0,
TRUE_ORPHAN,8a46a318-9448-46f5-ad51-261258eabf02,Liberty Seated Half Dime - The U.S. Coin Complete Denomination Set (Seated Liberty,,Liberty Seated Half Dime,The U.S. Coin Complete Denomination Set,Seated Liberty,,0,0,0,0,
TRUE_ORPHAN,8ad83f57-8c92-473c-b482-78513b92b282,2018  $1 Silver Eagle - American Silver Eagle (Walking Liberty,2018,$1 Silver Eagle,American Silver Eagle,Walking Liberty,,0,0,0,0,
TRUE_ORPHAN,8b78d6f3-02ff-4c39-af8f-f301d98b43c0,1957  Washington Quarter - USA Invoice Import,1957,Washington Quarter,USA Invoice Import,,,0,0,0,0,
TRUE_ORPHAN,8cb161dc-b392-4b8d-8bb4-e6f7ad9a9573,1926  Buffalo Nickel - USA Invoice Import,1926,Buffalo Nickel,USA Invoice Import,,,0,0,0,0,
TRUE_ORPHAN,8cc01cf4-2b46-43ee-8d87-fc48fc37c9e3,The Complete Collection of Eisenhower Dollar Coins (Eisenhower Dollar and Stamp,,,The Complete Collection of Eisenhower Dollar Coins,Eisenhower Dollar and Stamp,,0,0,0,0,
TRUE_ORPHAN,8d6ed456-4a97-482b-b65a-75302817e7b8,2024 D Lincoln Head Cent - USA Invoice Import,2024,Lincoln Head Cent,USA Invoice Import,,,0,0,0,0,
TRUE_ORPHAN,8ddeca4d-31b2-4d8e-91e5-24f8ffd7600d,1902-2009  Nickel - The U.S. Nickel Collection (Shipment 18,1902-2009,Nickel,The U.S. Nickel Collection,Shipment 18,,0,0,0,0,
TRUE_ORPHAN,8e499d3c-48b2-439d-9f82-b1dee89a73f0,1891  $1 Treasury Note - USA Invoice Import (Large Size,1891,$1 Treasury Note,USA Invoice Import,Large Size,,0,0,0,0,
TRUE_ORPHAN,8f3dc5cf-4b49-423c-b43f-bcac64ff6134,2023  Washington Quarter - The Celebrating America Coin Collection (Maria Tallchief,2023,Washington Quarter,The Celebrating America Coin Collection,Maria Tallchief,,0,0,0,0,
TRUE_ORPHAN,8fcbd7a7-e1b8-4f51-9e64-43e3d9b368f3,2025 S Washington Quarter - American Women Quarters (Juliette Gordon Low,2025,Washington Quarter,American Women Quarters,Juliette Gordon Low,,0,0,0,0,
TRUE_ORPHAN,9019c225-39ee-4688-9a54-6244640c21f4,1959 D Washington Quarter - USA Invoice Import,1959,Washington Quarter,USA Invoice Import,,,0,0,0,0,
TRUE_ORPHAN,90cdf0bc-aa63-46c0-86fa-e1a51767bef4,2024 P Innovation Dollar - American Innovation Dollars (Alabama - Saturn V Rocket,2024,Innovation Dollar,American Innovation Dollars,Alabama - Saturn V Rocket,,0,0,0,0,
TRUE_ORPHAN,90f4729a-0141-4017-9b87-bd79dc21c9a7,2002  Jefferson Nickel - The U.S. Nickel Collection,2002,Jefferson Nickel,The U.S. Nickel Collection,,,0,0,0,0,
TRUE_ORPHAN,913843cd-501f-4313-99ea-0cee59036aa3,1956   - America Revisited Selection (5-Coin Time Capsule Year Set,1956,,America Revisited Selection,5-Coin Time Capsule Year Set,,0,0,0,0,
TRUE_ORPHAN,9142c0e6-b65f-425b-83f7-f5a3d43e4c6a,2024 P Innovation Dollar - American Innovation Dollars (Illinois - Steel Plow,2024,Innovation Dollar,American Innovation Dollars,Illinois - Steel Plow,,0,0,0,0,
TRUE_ORPHAN,91ef5863-3131-4614-af12-187572933fb6,1849  Liberty Seated Quarter - Liberty Seated (No Motto,1849,Liberty Seated Quarter,Liberty Seated,No Motto,,0,0,0,0,
TRUE_ORPHAN,93f15a3e-c69d-4172-ae04-a834556472f4,1978 P Eisenhower Dollar - The Complete Collection of Eisenhower Dollar Coins (Eisenhower,1978,Eisenhower Dollar,The Complete Collection of Eisenhower Dollar Coins,Eisenhower,,0,0,0,0,
TRUE_ORPHAN,94069a2b-af8e-4afa-90bc-ff2165595d9f,1882 CC Morgan Silver Dollar - OFFICIALLY SEALED CARSON CITY MINT MORGAN SILVER DOLLARS,1882,Morgan Silver Dollar,OFFICIALLY SEALED CARSON CITY MINT MORGAN SILVER DOLLARS,,,0,0,0,0,
TRUE_ORPHAN,949178bd-c05b-4094-a942-726885e3d891,1940  Jefferson Nickel - THE U.S. NICKEL COLLECTION,1940,Jefferson Nickel,THE U.S. NICKEL COLLECTION,,,0,0,0,0,
TRUE_ORPHAN,94ac5a57-d9ee-4fc5-adb2-f2713bf4f030,1824  Capped Bust Half Dollar - Half Dollar Club Selection (Over Various Dates,1824,Capped Bust Half Dollar,Half Dollar Club Selection,Over Various Dates,,0,0,0,0,
TRUE_ORPHAN,95ad1add-24cc-4912-8baa-388999705a3a,1929 S Buffalo Nickel - USA Invoice Import (Buffalo / Indian Head,1929,Buffalo Nickel,USA Invoice Import,Buffalo / Indian Head,,0,0,0,0,
TRUE_ORPHAN,95ae0eca-2568-4a7a-a252-df15f939182c,2024 D $1 Innovation Dollar - American Innovation Dollars (Maine / Direct Current Defibrillator,2024,$1 Innovation Dollar,American Innovation Dollars,Maine / Direct Current Defibrillator,,0,0,0,0,
TRUE_ORPHAN,95b10bc9-3db4-4956-b338-0e40c10ebb60,1909  Lincoln Cent - USA Invoice Import (Lincoln Head,1909,Lincoln Cent,USA Invoice Import,Lincoln Head,,0,0,0,0,
TRUE_ORPHAN,9628ad20-f869-4d70-94ad-5118180aabf0,$5 West River Bank Note - USA Invoice Import (VT Jamaica,,$5 West River Bank Note,USA Invoice Import,VT Jamaica,,0,0,0,0,
TRUE_ORPHAN,968ab961-6578-45b2-8b0d-2d40c48e67e5,1962  Jefferson Nickel - The U.S. Nickel Collection,1962,Jefferson Nickel,The U.S. Nickel Collection,,,0,0,0,0,
TRUE_ORPHAN,969a60d2-2a28-4cd6-9a2a-3691390a9c71,2024  Washington Quarter - American Women Quarters / The Celebrating America Coin Collection (Celia Cruz,2024,Washington Quarter,American Women Quarters / The Celebrating America Coin Collection,Celia Cruz,,0,0,0,0,
TRUE_ORPHAN,96aa62bb-ba4e-40c7-9b9d-2d12d29bfbe6,2025 D Washington Quarter - American Women Quarters (Juliette Gordon Low,2025,Washington Quarter,American Women Quarters,Juliette Gordon Low,,0,0,0,0,
TRUE_ORPHAN,96e6ce84-5a4a-449d-93bf-cb1ae92c8f59,1983 S  - Proof Set,1983,,Proof Set,,,0,0,0,0,
TRUE_ORPHAN,96eefcca-2926-4da1-9f43-2c225016518e,2025 S Washington Quarter - American Women Quarters (Dr. Vera Rubin,2025,Washington Quarter,American Women Quarters,Dr. Vera Rubin,,0,0,0,0,
TRUE_ORPHAN,97d65bee-d812-424b-8fe2-17b1a1ff23bb,2004  Jefferson Nickel - THE U.S. NICKEL COLLECTION (Peace Medal,2004,Jefferson Nickel,THE U.S. NICKEL COLLECTION,Peace Medal,,0,0,0,0,
TRUE_ORPHAN,982835fc-3eb6-494e-977e-e780a5819179,1926  Buffalo Nickel - THE U.S. NICKEL COLLECTION,1926,Buffalo Nickel,THE U.S. NICKEL COLLECTION,,,0,0,0,0,
TRUE_ORPHAN,982eca4c-8d07-447e-bbda-176c20c39e93,1934 A $500 Federal Reserve Note - AMERICAN PAPER MONEY CLUB SELECTION (Federal Reserve Note,1934,$500 Federal Reserve Note,AMERICAN PAPER MONEY CLUB SELECTION,Federal Reserve Note,,0,0,0,0,
TRUE_ORPHAN,9831e233-1a10-498e-b3e6-7208c1f37bd5,Nickel - THE U.S. NICKEL COLLECTION (SHIPMENT 8,,Nickel,THE U.S. NICKEL COLLECTION,SHIPMENT 8,,0,0,0,0,
TRUE_ORPHAN,989e1b03-0b36-422e-8754-7389ff1c01c4,1945 S Washington Quarter - USA Invoice Import,1945,Washington Quarter,USA Invoice Import,,,0,0,0,0,
TRUE_ORPHAN,992afadb-10f3-46c6-867f-1b928eeca937,2025  Quarter - The Celebrating America Coin Collection (Althea Gibson,2025,Quarter,The Celebrating America Coin Collection,Althea Gibson,,0,0,0,0,
TRUE_ORPHAN,99b9b27b-9926-4c39-99e8-849c73a561d8,1990  Prestige Proof Set - USA Invoice Import (Eisenhower Centennial,1990,Prestige Proof Set,USA Invoice Import,Eisenhower Centennial,,0,0,0,0,
TRUE_ORPHAN,9a76690a-bf14-4476-8853-ccc5496ae1c4,2023  American Silver Eagle - American Eagle,2023,American Silver Eagle,American Eagle,,,0,0,0,0,
TRUE_ORPHAN,9c1aa94b-a035-4dce-81bc-9f7e2bbb0230,2020 S American Silver Eagle - American Eagle (THE COMPLETE 2020 AMERICAN EAGLE NGCX SILVER DOLLAR SET - SHIPMENT # 5,2020,American Silver Eagle,American Eagle,THE COMPLETE 2020 AMERICAN EAGLE NGCX SILVER DOLLAR SET - SHIPMENT # 5,,0,0,0,0,
TRUE_ORPHAN,9c21cf75-0cbf-4916-9b09-e42d050fa582,2016  Silver Eagle - The Complete Original-Design Proof Silver Eagle Dollar Collection (American Eagle,2016,Silver Eagle,The Complete Original-Design Proof Silver Eagle Dollar Collection,American Eagle,,0,0,0,0,
TRUE_ORPHAN,9c24e74d-2766-4113-baea-9aae431b93b5,2001  Silver Eagle - The Complete Original-Design Proof Silver Eagle Dollar Collection (American Eagle,2001,Silver Eagle,The Complete Original-Design Proof Silver Eagle Dollar Collection,American Eagle,,0,0,0,0,
TRUE_ORPHAN,9caa9df1-62be-476f-8b8c-934eb78e89f1,1948   - America Revisited Selection (Time Capsule Year Set,1948,,America Revisited Selection,Time Capsule Year Set,,0,0,0,0,
TRUE_ORPHAN,9cacb545-f682-4f1d-849d-4893f41a764d,1881 CC Morgan Silver Dollar - OFFICIALLY SEALED CARSON CITY MINT MORGAN SILVER DOLLARS,1881,Morgan Silver Dollar,OFFICIALLY SEALED CARSON CITY MINT MORGAN SILVER DOLLARS,,,0,0,0,0,
TRUE_ORPHAN,9d048351-32b7-416f-90c7-eb9849122612,1902  Liberty Head Nickel - THE U.S. NICKEL COLLECTION,1902,Liberty Head Nickel,THE U.S. NICKEL COLLECTION,,,0,0,0,0,
TRUE_ORPHAN,9d614c2b-e900-4a7e-927d-209af4090250,1918  Mercury Dime - U.S. Dime Collection Selection (Mercury,1918,Mercury Dime,U.S. Dime Collection Selection,Mercury,,0,0,0,0,
TRUE_ORPHAN,9d8a41ed-ea68-43e9-a7fe-41dbc704e5b7,Nickel - THE U.S. NICKEL COLLECTION (Shipment 13,,Nickel,THE U.S. NICKEL COLLECTION,Shipment 13,,0,0,0,0,
TRUE_ORPHAN,9e227c76-aac2-4739-8e8c-553c6e3f03a0,2024 P Mint Set - U.S. Uncirculated Coin Mint Sets (Philadelphia Mint Panel,2024,Mint Set,U.S. Uncirculated Coin Mint Sets,Philadelphia Mint Panel,,0,0,0,0,
TRUE_ORPHAN,9e308217-3d57-4fd1-bfeb-c6e7d9d7fe57,1935 C $1 Silver Certificate - USA Invoice Import,1935,$1 Silver Certificate,USA Invoice Import,,,0,0,0,0,
TRUE_ORPHAN,a09e372d-c4dd-4ae3-89ed-2d21b3ff2e0e,2023  American Innovation Dollar - The Statehood Innovation Dollar Coin Collection (Mississippi,2023,American Innovation Dollar,The Statehood Innovation Dollar Coin Collection,Mississippi,,0,0,0,0,
TRUE_ORPHAN,a0cec5da-d7bc-4450-a01b-5aefc1d00194,1986  Silver Eagle - The Complete Original-Design Proof Silver Eagle Dollar Collection (American Eagle,1986,Silver Eagle,The Complete Original-Design Proof Silver Eagle Dollar Collection,American Eagle,,0,0,0,0,
TRUE_ORPHAN,a146abe6-4abd-4371-81f1-ab74dd0b9c11,Three-Cent Nickel - The U.S. Coin Complete Denomination Set (Nickel Three-Cent,,Three-Cent Nickel,The U.S. Coin Complete Denomination Set,Nickel Three-Cent,,0,0,0,0,
TRUE_ORPHAN,a1637fdd-11b7-4447-9c6b-7971e9cce64d,The American Independence Coin and Stamp Collection (American Independence,,,The American Independence Coin and Stamp Collection,American Independence,,0,0,0,0,
TRUE_ORPHAN,a1b3365c-87a8-431a-aee1-bb850ab9ec38,1983 S Proof Set - USA Invoice Import (Clad Proof Set 5 Coins,1983,Proof Set,USA Invoice Import,Clad Proof Set 5 Coins,,0,0,0,0,
TRUE_ORPHAN,a21f8395-029b-4251-831b-fd5f955d8ee3,1934   - America Revisited Selection (5-Coin Time Capsule Year Set,1934,,America Revisited Selection,5-Coin Time Capsule Year Set,,0,0,0,0,
TRUE_ORPHAN,a43babbc-b4bf-494c-9152-a62eab38f1a8,2005  Jefferson Nickel - The U.S. Nickel Collection (Ocean in View,2005,Jefferson Nickel,The U.S. Nickel Collection,Ocean in View,,0,0,0,0,
TRUE_ORPHAN,a6356219-98a3-4f2c-90c8-d51f06d8973b,1936  Mixed - YEAR SETS: AMERICA REVISITED SELECTION (5-Coin Year Set,1936,Mixed,YEAR SETS: AMERICA REVISITED SELECTION,5-Coin Year Set,,0,0,0,0,
TRUE_ORPHAN,a71c2853-651f-44ec-90d4-36d0e8014b84,$500 3rd Bank of the United States - American Paper Money Club Selection (Philadelphia PA Haxby 3-G14,,$500 3rd Bank of the United States,American Paper Money Club Selection,Philadelphia PA Haxby 3-G14,,0,0,0,0,
TRUE_ORPHAN,a72e3346-283a-4227-918b-b5704c95e470,Half Dollar - The U.S. Coin Complete Denomination Set (Walking Liberty Half-Dollar,,Half Dollar,The U.S. Coin Complete Denomination Set,Walking Liberty Half-Dollar,,0,0,0,0,
TRUE_ORPHAN,a9981b16-48ba-4125-a26d-14bcef77b1b2,Dime - The U.S. Coin Complete Denomination Set (Mercury Dime,,Dime,The U.S. Coin Complete Denomination Set,Mercury Dime,,0,0,0,0,
TRUE_ORPHAN,aa3645c1-620f-478d-978f-28633cd02b70,2005  Jefferson Nickel - The U.S. Nickel Collection (American Bison,2005,Jefferson Nickel,The U.S. Nickel Collection,American Bison,,0,0,0,0,
TRUE_ORPHAN,aa9be0fd-f8a2-439b-8408-e3611bc85909,$1 - The Statehood Innovation Dollar Coin Collection (Texas,,$1,The Statehood Innovation Dollar Coin Collection,Texas,,0,0,0,0,
TRUE_ORPHAN,aad32b06-d5a5-4bb6-8bc2-ce3e4815166d,2025 D Washington Quarter - American Women Quarters (Dr. Vera Rubin,2025,Washington Quarter,American Women Quarters,Dr. Vera Rubin,,0,0,0,0,
TRUE_ORPHAN,aae86576-cab1-41b1-a869-1618eb1b3172,1927  Buffalo Nickel - USA Invoice Import,1927,Buffalo Nickel,USA Invoice Import,,,0,0,0,0,
TRUE_ORPHAN,aba9c78e-dd1f-4c6d-b141-5ad291ffdebe,1956  5-Coin Set - Time Capsule Year Set,1956,5-Coin Set,Time Capsule Year Set,,,0,0,0,0,
TRUE_ORPHAN,abbb1c16-024d-49ff-b101-e03681dd56ca,1919  Buffalo Nickel - THE U.S. NICKEL COLLECTION,1919,Buffalo Nickel,THE U.S. NICKEL COLLECTION,,,0,0,0,0,
TRUE_ORPHAN,acee4c63-bb8c-4317-913d-8545b6c79260,2024  Washington Quarter - The Celebrating America Coin Collection (Zitkala-Sa (American Women Quarters,2024,Washington Quarter,The Celebrating America Coin Collection,Zitkala-Sa (American Women Quarters),,0,0,0,0,
TRUE_ORPHAN,ad701844-5b2d-4944-82b2-0bee24dd122a,2023 D Kennedy Half Dollar - Kennedy Half Dollar,2023,Kennedy Half Dollar,Kennedy Half Dollar,,,0,0,0,0,
TRUE_ORPHAN,adff4edd-2203-471e-b938-0b78dc10bb55,1925  Buffalo Nickel - USA Invoice Import,1925,Buffalo Nickel,USA Invoice Import,,,0,0,0,0,
TRUE_ORPHAN,ae6dd0e8-5f2c-4a49-9b70-01f05e35c9d4,The World War II U.S. Coin Collection (Shipment # 7,,,The World War II U.S. Coin Collection,Shipment # 7,,0,0,0,0,
TRUE_ORPHAN,ae6e1169-6e44-4504-beb0-31d437f08bd7,$1 - The Statehood Innovation Dollar Coin Collection (Arkansas,,$1,The Statehood Innovation Dollar Coin Collection,Arkansas,,0,0,0,0,
TRUE_ORPHAN,ae978a92-7fd9-4d80-aee8-39f000f06015,2012 W American Silver Eagle - American Eagle Silver Dollar Collection (Burnished Silver Eagle,2012,American Silver Eagle,American Eagle Silver Dollar Collection,Burnished Silver Eagle,,0,0,0,0,
TRUE_ORPHAN,aea35072-c05d-47c8-8af2-fbb67a008564,2023 P Mint Set - U.S. Uncirculated Coin Mint Sets (Philadelphia Mint Panel,2023,Mint Set,U.S. Uncirculated Coin Mint Sets,Philadelphia Mint Panel,,0,0,0,0,
TRUE_ORPHAN,af6b37ba-961b-40e9-8d70-c6865dedd3d2,1923 S Peace Silver Dollar - USA Invoice Import,1923,Peace Silver Dollar,USA Invoice Import,,,0,0,0,0,
TRUE_ORPHAN,b039e590-cd12-4aa6-aade-aff2e5fe839a,1881 CC Morgan Silver Dollar - USA Invoice Import (Carson City Mint,1881,Morgan Silver Dollar,USA Invoice Import,Carson City Mint,,0,0,0,0,
TRUE_ORPHAN,b0681e2c-68b2-4698-85a7-887ba5a3a4f8,1839 O Liberty Seated Dime - U.S. DIME COLLECTION SELECTION (Liberty Seated,1839,Liberty Seated Dime,U.S. DIME COLLECTION SELECTION,Liberty Seated,,0,0,0,0,
TRUE_ORPHAN,b1859771-e4e7-4c4a-b629-78a8765f85d1,2018 W American Silver Eagle - THE WEST POINT BURNISHED AMERICAN EAGLE SILVER DOLLAR COLLECTION (American Eagle,2018,American Silver Eagle,THE WEST POINT BURNISHED AMERICAN EAGLE SILVER DOLLAR COLLECTION,American Eagle,,0,0,0,0,
TRUE_ORPHAN,b1e7a783-b769-4aea-8e2a-59b77c9d2649,1920  Buffalo Nickel - The U.S. Nickel Collection,1920,Buffalo Nickel,The U.S. Nickel Collection,,,0,0,0,0,
TRUE_ORPHAN,b1f30da6-dba6-4d38-bfa4-61fcc3b947ea,2023  Washington Quarter - American Women Quarters / The Celebrating America Coin Collection (Maria Tallchief,2023,Washington Quarter,American Women Quarters / The Celebrating America Coin Collection,Maria Tallchief,,0,0,0,0,
TRUE_ORPHAN,b25c8741-0651-4791-91d7-bcc644100337,Dollar - Statehood Innovation Dollar Coin Collection (Arkansas,,Dollar,Statehood Innovation Dollar Coin Collection,Arkansas,,0,0,0,0,
TRUE_ORPHAN,b3099711-12dc-4f17-b3c6-0122afaaba6f,2023 D Innovation Dollar - American Innovation Dollars (Ohio - Underground Railroad,2023,Innovation Dollar,American Innovation Dollars,Ohio - Underground Railroad,,0,0,0,0,
TRUE_ORPHAN,b35c1323-9b92-4eb9-85ac-0a231b7cd0c7,1952 D Franklin Half Dollar - Franklin Half Dollars (Benjamin Franklin / Liberty Bell,1952,Franklin Half Dollar,Franklin Half Dollars,Benjamin Franklin / Liberty Bell,,0,0,0,0,
TRUE_ORPHAN,b3be322d-bc8e-4e45-8aa5-6e81d4f7fa7d,2012  Silver Eagle - The Complete Original-Design Proof Silver Eagle Dollar Collection (American Eagle,2012,Silver Eagle,The Complete Original-Design Proof Silver Eagle Dollar Collection,American Eagle,,0,0,0,0,
TRUE_ORPHAN,b40aa06f-eccb-4144-b1d9-706c28e50e8a,1807  Draped Bust Quarter - USA Invoice Import (Draped Bust,1807,Draped Bust Quarter,USA Invoice Import,Draped Bust,,0,0,0,0,
TRUE_ORPHAN,b446b89a-dd46-4467-8afa-2a21d36ef593,1990  American Silver Eagle - American Eagle (Silver Eagle,1990,American Silver Eagle,American Eagle,Silver Eagle,,0,0,0,0,
TRUE_ORPHAN,b5f022fc-c920-4053-9fb7-603f1d597b32,2024 S Washington Quarter - American Women Quarters (Celia Cruz,2024,Washington Quarter,American Women Quarters,Celia Cruz,,0,0,0,0,
TRUE_ORPHAN,b63a6b75-4fe3-41fc-a5d2-0bb2110745bf,$1 - The Statehood Innovation Dollar Coin Collection (Missouri,,$1,The Statehood Innovation Dollar Coin Collection,Missouri,,0,0,0,0,
TRUE_ORPHAN,b757ef9f-7576-48bf-9d81-1b9129a70e5b,2024 P Innovation Dollar - American Innovation Dollars (Missouri - George Washington Carver,2024,Innovation Dollar,American Innovation Dollars,Missouri - George Washington Carver,,0,0,0,0,
TRUE_ORPHAN,b7b05393-971d-481a-90d7-b5e889b287d4,1951  5-Coin Set - Time Capsule Year Set,1951,5-Coin Set,Time Capsule Year Set,,,0,0,0,0,
TRUE_ORPHAN,b8853f79-c0df-4169-a00c-0ec10dbb52b1,1920  Buffalo Nickel - THE U.S. NICKEL COLLECTION,1920,Buffalo Nickel,THE U.S. NICKEL COLLECTION,,,0,0,0,0,
TRUE_ORPHAN,b89c6024-4454-4083-9719-4fc235300fed,1907  $5 Legal Tender Note - American Paper Money Club (Large Size,1907,$5 Legal Tender Note,American Paper Money Club,Large Size,,0,0,0,0,
TRUE_ORPHAN,b9272c1d-c8cf-4e58-a187-72e49d967f6b,1970  Jefferson Nickel - The U.S. Nickel Collection,1970,Jefferson Nickel,The U.S. Nickel Collection,,,0,0,0,0,
TRUE_ORPHAN,b942c930-b24e-4894-acb7-132eff17220d,2023  Morgan Silver Dollar - The Ultimate Modern Morgan and Peace Silver Dollar Collection (Morgan Dollar,2023,Morgan Silver Dollar,The Ultimate Modern Morgan and Peace Silver Dollar Collection,Morgan Dollar,,0,0,0,0,
TRUE_ORPHAN,b94699a9-af2d-45cf-a003-5706264e23d0,2025 D Washington Quarter - American Women Quarters (Ida B. Wells,2025,Washington Quarter,American Women Quarters,Ida B. Wells,,0,0,0,0,
TRUE_ORPHAN,b9d7a918-2598-48c1-bd77-6341f78a0c93,1976  Jefferson Nickel - THE U.S. NICKEL COLLECTION,1976,Jefferson Nickel,THE U.S. NICKEL COLLECTION,,,0,0,0,0,
TRUE_ORPHAN,ba20bbb2-f351-4086-a9d5-aa9d8d907a36,1936 S Jefferson Nickel - Buffalo Nickel,1936,Jefferson Nickel,Buffalo Nickel,,,0,0,0,0,
TRUE_ORPHAN,ba559d94-b718-411f-b253-8e2cb168afe4,1943  Walking Liberty Half Dollar - USA Invoice Import (Liberty Walking,1943,Walking Liberty Half Dollar,USA Invoice Import,Liberty Walking,,0,0,0,0,
TRUE_ORPHAN,baffc605-b87f-4fab-82a2-942bca78d13d,1979 S Roosevelt Dime - USA Invoice Import,1979,Roosevelt Dime,USA Invoice Import,,,0,0,0,0,
TRUE_ORPHAN,bb8e982d-39b5-4616-bcce-6d5f283be3de,$500 - American Paper Money Club (3rd Bank of the United States Philadelphia PA,,$500,American Paper Money Club,3rd Bank of the United States Philadelphia PA,,0,0,0,0,
TRUE_ORPHAN,bba4c81c-aaa8-4865-97f3-9df132365b66,1955  Jefferson Nickel - THE U.S. NICKEL COLLECTION,1955,Jefferson Nickel,THE U.S. NICKEL COLLECTION,,,0,0,0,0,
TRUE_ORPHAN,bd01a289-a127-4ef1-8da7-f682d93eb177,1945  Jefferson Nickel - THE U.S. NICKEL COLLECTION,1945,Jefferson Nickel,THE U.S. NICKEL COLLECTION,,,0,0,0,0,
TRUE_ORPHAN,be388231-c41b-43fc-bc8c-ff9d6d16e381,2025  Washington Quarter - American Women Quarters / The Celebrating America Coin Collection (Dr. Vera Rubin,2025,Washington Quarter,American Women Quarters / The Celebrating America Coin Collection,Dr. Vera Rubin,,0,0,0,0,
TRUE_ORPHAN,bf4154b9-1542-420e-b20e-3a0b11340ad3,1963 A $1 Federal Reserve Note - AMERICAN PAPER MONEY CLUB SELECTION (Federal Reserve Note,1963,$1 Federal Reserve Note,AMERICAN PAPER MONEY CLUB SELECTION,Federal Reserve Note,,0,0,0,0,
TRUE_ORPHAN,bfdc5a14-a3f5-4c8e-be8f-698780df6403,1865  Liberty Seated Half Dollar - THE HALF DOLLAR CLUB SELECTION (Liberty Seated,1865,Liberty Seated Half Dollar,THE HALF DOLLAR CLUB SELECTION,Liberty Seated,,0,0,0,0,
TRUE_ORPHAN,c0f3e041-8454-47f0-9a23-2b4b7f745cbf,1937-2004  Nickel - The U.S. Nickel Collection (Shipment 1,1937-2004,Nickel,The U.S. Nickel Collection,Shipment 1,,0,0,0,0,
TRUE_ORPHAN,c10d0ac4-5373-43ed-a44d-b7d286b7f9c7,1937  Buffalo Nickel - USA Invoice Import,1937,Buffalo Nickel,USA Invoice Import,,,0,0,0,0,
TRUE_ORPHAN,c10f3083-3a74-4996-99eb-bf897215636d,1963  $1 Federal Reserve Note - AMERICAN PAPER MONEY CLUB SELECTION (Federal Reserve Note,1963,$1 Federal Reserve Note,AMERICAN PAPER MONEY CLUB SELECTION,Federal Reserve Note,,0,0,0,0,
TRUE_ORPHAN,c231c242-961a-4248-98e5-0085539a5ed5,2000  Jefferson Nickel - The U.S. Nickel Collection,2000,Jefferson Nickel,The U.S. Nickel Collection,,,0,0,0,0,
TRUE_ORPHAN,c2ef28b9-0e76-4571-828f-c69447493252,1906-2010  Nickel - The U.S. Nickel Collection (Liberty Head and Jefferson Nickels,1906-2010,Nickel,The U.S. Nickel Collection,Liberty Head and Jefferson Nickels,,0,0,0,0,
TRUE_ORPHAN,c4ad9f20-a4c3-4e90-a832-374c2ddfa339,2023  Washington Quarter - American Women Quarters / The Celebrating America Coin Collection (Jovita Idar,2023,Washington Quarter,American Women Quarters / The Celebrating America Coin Collection,Jovita Idar,,0,0,0,0,
TRUE_ORPHAN,c4c98dbf-920d-4680-8456-9e5ce003f3de,1900-2014  Nickel - The U.S. Nickel Collection (Shipment 14,1900-2014,Nickel,The U.S. Nickel Collection,Shipment 14,,0,0,0,0,
TRUE_ORPHAN,c5f8c830-58bf-4d28-88dc-42ea11cb5a56,1862  $3 State Note - State of Missouri Note (Jefferson City,1862,$3 State Note,State of Missouri Note,Jefferson City,,0,0,0,0,
TRUE_ORPHAN,c67a8010-df43-4097-934f-8ad2354594e5,2024 D  - U.S. Uncirculated Coin Mint Sets (2024 Denver Mint Panel,2024,,U.S. Uncirculated Coin Mint Sets,2024 Denver Mint Panel,,0,0,0,0,
TRUE_ORPHAN,c6f793ce-d6b4-4f74-b39e-244cd5c273e3,1934 A $10 Federal Reserve Note - AMERICAN PAPER MONEY CLUB SELECTION (Federal Reserve Note,1934,$10 Federal Reserve Note,AMERICAN PAPER MONEY CLUB SELECTION,Federal Reserve Note,,0,0,0,0,
TRUE_ORPHAN,c741c2da-410a-48a0-9288-f5080eeee287,1970  Mixed - YEAR SETS: AMERICA REVISITED SELECTION (5-Coin Year Set,1970,Mixed,YEAR SETS: AMERICA REVISITED SELECTION,5-Coin Year Set,,0,0,0,0,
TRUE_ORPHAN,c77b5f4f-90f8-4a72-8dfd-3cb2d4e2c369,2025 S Washington Quarter - American Women Quarters (Althea Gibson,2025,Washington Quarter,American Women Quarters,Althea Gibson,,0,0,0,0,
TRUE_ORPHAN,c7878604-95ea-43e2-b5ba-a48ae1acede8,1943 P Jefferson Nickel - USA Invoice Import (Wartime Nickel,1943,Jefferson Nickel,USA Invoice Import,Wartime Nickel,,0,0,0,0,
TRUE_ORPHAN,c7c0683e-88f6-48e4-a4d9-c2b2c162bf23,2020 P American Silver Eagle - THE COMPLETE 2020 AMERICAN EAGLE NGCX SILVER DOLLAR SET (Emergency Issue,2020,American Silver Eagle,THE COMPLETE 2020 AMERICAN EAGLE NGCX SILVER DOLLAR SET,Emergency Issue,,0,0,0,0,
TRUE_ORPHAN,c7e46443-c51b-4f05-a1d8-08925a23ef68,1807  Capped Bust Half Dollar - Capped Bust,1807,Capped Bust Half Dollar,Capped Bust,,,0,0,0,0,
TRUE_ORPHAN,c8386587-c397-4628-915b-50649a807f7c,2011 W American Eagle Silver Dollar - American Eagle Silver Dollar Collection (American Eagle,2011,American Eagle Silver Dollar,American Eagle Silver Dollar Collection,American Eagle,,0,0,0,0,
TRUE_ORPHAN,c8dbbbe8-88dc-49d3-ab9d-fb4447af90b6,1935  Peace Dollar - Rarely Seen Peace Silver Dollars (Peace Dollar,1935,Peace Dollar,Rarely Seen Peace Silver Dollars,Peace Dollar,,0,0,0,0,
TRUE_ORPHAN,c8f6721d-d259-4fa3-8588-2b8b04637fa2,1935   - America Revisited Selection (5-Coin Time Capsule Year Set,1935,,America Revisited Selection,5-Coin Time Capsule Year Set,,0,0,0,0,
TRUE_ORPHAN,c91b9369-59c0-482a-a500-164ce3216d03,2023  Peace Dollar - The Ultimate Modern Morgan and Peace Silver Dollar Collection (Peace,2023,Peace Dollar,The Ultimate Modern Morgan and Peace Silver Dollar Collection,Peace,,0,0,0,0,
TRUE_ORPHAN,c9793074-8c3a-45ce-91fe-e068cedea3e4,2025  Washington Quarter - American Women Quarters / The Celebrating America Coin Collection (J Juliette Gordon Low,2025,Washington Quarter,American Women Quarters / The Celebrating America Coin Collection,J Juliette Gordon Low,,0,0,0,0,
TRUE_ORPHAN,c9aac7d9-6b59-4e28-bc35-9a1ef3e78eda,2013  Jefferson Nickel - The U.S. Nickel Collection - Shipment 11 (Thomas Jefferson,2013,Jefferson Nickel,The U.S. Nickel Collection - Shipment 11,Thomas Jefferson,,0,0,0,0,
TRUE_ORPHAN,ca2a9490-a609-4f6d-9fb2-c42ebf6c1d55,2020 W American Silver Eagle - THE COMPLETE 2020 AMERICAN EAGLE NGCX SILVER DOLLAR SET,2020,American Silver Eagle,THE COMPLETE 2020 AMERICAN EAGLE NGCX SILVER DOLLAR SET,,,0,0,0,0,
TRUE_ORPHAN,caca2ea5-9a84-4712-8483-0cc88c581b5f,1993  Silver Eagle Dollar - THE COMPLETE ORIGINAL-DESIGN PROOF SILVER EAGLE DOLLAR COLLECTION (American Eagle,1993,Silver Eagle Dollar,THE COMPLETE ORIGINAL-DESIGN PROOF SILVER EAGLE DOLLAR COLLECTION,American Eagle,,0,0,0,0,
TRUE_ORPHAN,cb631b12-8aa5-4889-ba31-9defe96f50f9,Nickel - THE U.S. NICKEL COLLECTION (Shipment 14,,Nickel,THE U.S. NICKEL COLLECTION,Shipment 14,,0,0,0,0,
TRUE_ORPHAN,cd93968c-8901-4592-8d26-6b934687daec,1850  Liberty Seated Half Dollar - THE HALF DOLLAR CLUB SELECTION (Liberty Seated,1850,Liberty Seated Half Dollar,THE HALF DOLLAR CLUB SELECTION,Liberty Seated,,0,0,0,0,
TRUE_ORPHAN,cdd279a3-9722-443f-bf12-00691a81a70e,1935-2006  Nickel - The U.S. Nickel Collection (Shipment 2,1935-2006,Nickel,The U.S. Nickel Collection,Shipment 2,,0,0,0,0,
TRUE_ORPHAN,cdde36b9-b3ec-4265-82f6-46c2f284a366,1991  Jefferson Nickel - THE U.S. NICKEL COLLECTION,1991,Jefferson Nickel,THE U.S. NICKEL COLLECTION,,,0,0,0,0,
TRUE_ORPHAN,cdf71a7c-8d57-4682-9e9e-089dddfe2347,1857  Liberty Seated Dime - U.S. DIME COLLECTION SELECTION (Liberty Seated,1857,Liberty Seated Dime,U.S. DIME COLLECTION SELECTION,Liberty Seated,,0,0,0,0,
TRUE_ORPHAN,ce88ba2a-7c90-455d-b5f5-7d439e65522a,2023  Peace Dollar - THE ULTIMATE MODERN MORGAN AND PEACE SILVER DOLLAR COLLECTION,2023,Peace Dollar,THE ULTIMATE MODERN MORGAN AND PEACE SILVER DOLLAR COLLECTION,,,0,0,0,0,
TRUE_ORPHAN,cead7fad-f295-41f9-861a-aa0072cdda11,1964  Roosevelt Dime - USA Invoice Import,1964,Roosevelt Dime,USA Invoice Import,,,0,0,0,0,
TRUE_ORPHAN,cef2c9f4-3816-406b-ada0-50cae6d6aa3b,1973 S Eisenhower Dollar - USA Invoice Import,1973,Eisenhower Dollar,USA Invoice Import,,,0,0,0,0,
TRUE_ORPHAN,cf0e4726-329b-4dcc-847e-287e5bd51ecc,2010  Silver Eagle - The Complete Original-Design Proof Silver Eagle Dollar Collection (American Eagle,2010,Silver Eagle,The Complete Original-Design Proof Silver Eagle Dollar Collection,American Eagle,,0,0,0,0,
TRUE_ORPHAN,d0dec64a-724d-4ed2-a696-fd005be9f70c,1982 D Half Dollar - MODERN COMMEMORATIVE CLUB SELECTION (George Washington,1982,Half Dollar,MODERN COMMEMORATIVE CLUB SELECTION,George Washington,,0,0,0,0,
TRUE_ORPHAN,d118748f-1d97-41f0-9ae7-bce86f73d92f,2023 D Native American Dollar - Native American Dollar (Maria Tallchief,2023,Native American Dollar,Native American Dollar,Maria Tallchief,,0,0,0,0,
TRUE_ORPHAN,d1cf5e30-e5ea-4b11-9584-8b021f986127,S Barber Quarter - Historic U.S. Silver Coins (Barber,,Barber Quarter,Historic U.S. Silver Coins,Barber,,0,0,0,0,
TRUE_ORPHAN,d29bae56-37de-4518-8bb5-ed695e19ff06,1884 CC Morgan Silver Dollar - Officially Sealed Carson City Mint Morgan Silver Dollars,1884,Morgan Silver Dollar,Officially Sealed Carson City Mint Morgan Silver Dollars,,,0,0,0,0,
TRUE_ORPHAN,d2df689d-b1c5-4196-a01e-448c4dfc50eb,1926  Peace Silver Dollar - Rarely Seen Peace Silver Dollars (Liberty / Eagle,1926,Peace Silver Dollar,Rarely Seen Peace Silver Dollars,Liberty / Eagle,,0,0,0,0,
TRUE_ORPHAN,d32e2153-6e7e-448b-a990-dc15f52492f7,1935  Various - Time Capsule Year Set (America Revisited Selection,1935,Various,Time Capsule Year Set,America Revisited Selection,,0,0,0,0,
TRUE_ORPHAN,d37df64c-0498-4373-9366-40ab847dffeb,1924-2003  Nickel - The U.S. Nickel Collection (Shipment 9,1924-2003,Nickel,The U.S. Nickel Collection,Shipment 9,,0,0,0,0,
TRUE_ORPHAN,d3bc3487-7b48-415b-b9ae-9375b6a17955,2015 W $1 American Silver Eagle - The West Point Burnished American Eagle Silver Dollar Collection (Walking Liberty / Heraldic Eagle,2015,$1 American Silver Eagle,The West Point Burnished American Eagle Silver Dollar Collection,Walking Liberty / Heraldic Eagle,,0,0,0,0,
TRUE_ORPHAN,d41fb674-4b19-4723-81b0-04d8e889fea0,2023  Morgan Silver Dollar - Modern Morgan and Peace Silver Dollar Collection (Morgan Dollar,2023,Morgan Silver Dollar,Modern Morgan and Peace Silver Dollar Collection,Morgan Dollar,,0,0,0,0,
TRUE_ORPHAN,d4acddfd-a46c-478e-b836-16f4616ce4f4,1954   - America Revisited Selection (Time Capsule Year Set,1954,,America Revisited Selection,Time Capsule Year Set,,0,0,0,0,
TRUE_ORPHAN,d4e5d1f8-a9ee-440a-9df3-308516adc979,1869-1875  15C Fractional Currency - Fractional Currency,1869-1875,15C Fractional Currency,Fractional Currency,,,0,0,0,0,
TRUE_ORPHAN,d5437568-5288-4395-a69d-3a0b125ce026,2020  Silver Eagle - The Complete Original-Design Proof Silver Eagle Dollar Collection (American Eagle,2020,Silver Eagle,The Complete Original-Design Proof Silver Eagle Dollar Collection,American Eagle,,0,0,0,0,
TRUE_ORPHAN,d558dc75-35f4-40a1-8085-e340bf78cf0a,1945   - America Revisited Selection (Time Capsule Year Set,1945,,America Revisited Selection,Time Capsule Year Set,,0,0,0,0,
TRUE_ORPHAN,d5b4a00a-8824-4d2f-be09-8e004a9b6608,1988  Jefferson Nickel - The U.S. Nickel Collection,1988,Jefferson Nickel,The U.S. Nickel Collection,,,0,0,0,0,
TRUE_ORPHAN,d6da1cff-9604-477d-9e27-d684d8d9409b,2023  Peace Silver Dollar - The Ultimate Modern Morgan and Peace Silver Dollar Collection (Peace Dollar,2023,Peace Silver Dollar,The Ultimate Modern Morgan and Peace Silver Dollar Collection,Peace Dollar,,0,0,0,0,
TRUE_ORPHAN,d77e90b2-ad96-4f45-9fb9-2c4658e489ca,1826  $20 Obsolete Note - American Paper Money Club Selection (New York Marble Manufacturing NY-1705-G20,1826,$20 Obsolete Note,American Paper Money Club Selection,New York Marble Manufacturing NY-1705-G20,,0,0,0,0,
TRUE_ORPHAN,d7844735-849e-4484-a30a-9a1773b32bdf,1942  Birth Year Set - Birth Year Set (1942 Birth Yr Coin and Silver Comm. Set,1942,Birth Year Set,Birth Year Set,1942 Birth Yr Coin and Silver Comm. Set,,0,0,0,0,
TRUE_ORPHAN,d795e958-f37b-4c25-b2e1-5e49ece223ea,"$1 Indian Territory Note - American Paper Money Club Selection (Lutie, Oklahoma",,$1 Indian Territory Note,American Paper Money Club Selection,"Lutie, Oklahoma",,0,0,0,0,
TRUE_ORPHAN,d83f9c09-3920-419b-bffb-fa10e03e7b49,1937  5-Coin Set - Time Capsule Year Set,1937,5-Coin Set,Time Capsule Year Set,,,0,0,0,0,
TRUE_ORPHAN,d86a46eb-68c8-4ecf-859e-6bdc026e68a9,1934 D Peace Dollar - RARELY SEEN PEACE SILVER DOLLARS,1934,Peace Dollar,RARELY SEEN PEACE SILVER DOLLARS,,,0,0,0,0,
TRUE_ORPHAN,d8d5119b-e495-4f22-a581-dc117106c382,1780  $7 - USA Invoice Import (Massachusetts Colonial Currency Hole Cancelled,1780,$7,USA Invoice Import,Massachusetts Colonial Currency Hole Cancelled,,0,0,0,0,
TRUE_ORPHAN,d98905f1-133a-492b-9fc0-bc3a3fe5a610,1819  Half Dollar - Half Dollar Club (Capped Bust,1819,Half Dollar,Half Dollar Club,Capped Bust,,0,0,0,0,
TRUE_ORPHAN,da048974-b23f-47ef-8b68-2d8ec2d402cb,2019  American Silver Eagle - THE COMPLETE ORIGINAL-DESIGN PROOF SILVER EAGLE DOLLAR COLLECTION (American Eagle,2019,American Silver Eagle,THE COMPLETE ORIGINAL-DESIGN PROOF SILVER EAGLE DOLLAR COLLECTION,American Eagle,,0,0,0,0,
TRUE_ORPHAN,da1515b3-eea1-479d-a1e8-cc4d36b92300,1969  Jefferson Nickel - THE U.S. NICKEL COLLECTION,1969,Jefferson Nickel,THE U.S. NICKEL COLLECTION,,,0,0,0,0,
TRUE_ORPHAN,da9f6104-d828-4ca1-bb39-2c57103a61c3,19th Century  Obsolete Currency - AMERICAN PAPER MONEY CLUB SELECTION (Obsolete Currency,19th Century,Obsolete Currency,AMERICAN PAPER MONEY CLUB SELECTION,Obsolete Currency,,0,0,0,0,
TRUE_ORPHAN,db0c3d97-1446-4291-aaf3-78d90509a6ca,1947  Jefferson Nickel - The U.S. Nickel Collection,1947,Jefferson Nickel,The U.S. Nickel Collection,,,0,0,0,0,
TRUE_ORPHAN,dcadaab2-7a87-44a9-9a37-16fd892044ad,2023  Washington Quarter - The Celebrating America Coin Collection / American Women Quarters (Eleanor Roosevelt,2023,Washington Quarter,The Celebrating America Coin Collection / American Women Quarters,Eleanor Roosevelt,,0,0,0,0,
TRUE_ORPHAN,dd4844e0-25d4-4d5b-a2bc-809771b24aa7,2005 P Silver Dollar - MODERN COMMEMORATIVE CLUB SELECTION (Marines,2005,Silver Dollar,MODERN COMMEMORATIVE CLUB SELECTION,Marines,,0,0,0,0,
TRUE_ORPHAN,dd51e623-ff37-449f-840c-fdf009fd7b2d,2018   - Jamul Indian Nation (Hawaiians,2018,,Jamul Indian Nation,Hawaiians,,0,0,0,0,
TRUE_ORPHAN,ddfff604-7593-4b45-bc60-0e4edbb4a6db,1969  $1 Federal Reserve Note - AMERICAN PAPER MONEY CLUB SELECTION (Federal Reserve Note,1969,$1 Federal Reserve Note,AMERICAN PAPER MONEY CLUB SELECTION,Federal Reserve Note,,0,0,0,0,
TRUE_ORPHAN,de1add8b-403a-4a9e-acdb-9ec3b75c0a77,2023 P Innovation Dollar - U.S. Innovation Dollar (Louisiana Higgins Boat,2023,Innovation Dollar,U.S. Innovation Dollar,Louisiana Higgins Boat,,0,0,0,0,
TRUE_ORPHAN,de474dee-9f0c-401d-9637-bcd1e5fe749c,2024 P Washington Quarter - American Women Quarters (Celia Cruz,2024,Washington Quarter,American Women Quarters,Celia Cruz,,0,0,0,0,
TRUE_ORPHAN,de799156-477d-4c07-8783-ffdb691a4e23,2008  Jefferson Nickel - THE U.S. NICKEL COLLECTION,2008,Jefferson Nickel,THE U.S. NICKEL COLLECTION,,,0,0,0,0,
TRUE_ORPHAN,ded41555-810f-441f-8451-1c418aa8f073,1939  Jefferson Nickel - THE U.S. NICKEL COLLECTION,1939,Jefferson Nickel,THE U.S. NICKEL COLLECTION,,,0,0,0,0,
TRUE_ORPHAN,e0e8c7f5-0fa8-4fe9-9ac5-b88c96683246,2024 P $1 Innovation Dollar - American Innovation Dollars (Maine / Direct Current Defibrillator,2024,$1 Innovation Dollar,American Innovation Dollars,Maine / Direct Current Defibrillator,,0,0,0,0,
TRUE_ORPHAN,e200e8e6-0fa0-411b-8711-0fa5233bad45,2018  American Silver Eagle - USA Invoice Import,2018,American Silver Eagle,USA Invoice Import,,,0,0,0,0,
TRUE_ORPHAN,e22ecafd-4dfd-4e8b-9ad2-f8d11c305c1d,1924 D Mercury Dime - USA Invoice Import,1924,Mercury Dime,USA Invoice Import,,,0,0,0,0,
TRUE_ORPHAN,e23917f1-c1e6-46f6-97cd-0f01c9f15fce,1949   - Time Capsule Year Set (America Revisited Selection,1949,,Time Capsule Year Set,America Revisited Selection,,0,0,0,0,
TRUE_ORPHAN,e399d20d-bf40-46e0-b560-c2264ec8bf5f,2020 W American Silver Eagle - THE COMPLETE 2020 AMERICAN EAGLE NGCX SILVER DOLLAR SET (WWII 75th Anniversary,2020,American Silver Eagle,THE COMPLETE 2020 AMERICAN EAGLE NGCX SILVER DOLLAR SET,WWII 75th Anniversary,,0,0,0,0,
TRUE_ORPHAN,e3e0e0f1-515d-4036-b4a2-d53b06acc716,1986  American Eagle Silver Dollar - The Complete Original-Design Proof Silver Eagle Dollar Collection,1986,American Eagle Silver Dollar,The Complete Original-Design Proof Silver Eagle Dollar Collection,,,0,0,0,0,
TRUE_ORPHAN,e4d96a53-0dbe-40cf-9e14-c7126bb784ce,1906  Barber Dime - Barber,1906,Barber Dime,Barber,,,0,0,0,0,
TRUE_ORPHAN,e51474e4-40e0-4e8b-99af-4a488f7bb392,1934  5-Coin Set - Time Capsule Year Set (AMERICA REVISITED SELECTION,1934,5-Coin Set,Time Capsule Year Set,AMERICA REVISITED SELECTION,,0,0,0,0,
TRUE_ORPHAN,e64f61d6-cf3a-4611-95b3-47ca59a60e3c,2021 S Native American Dollar - Native American Dollar (Military Service,2021,Native American Dollar,Native American Dollar,Military Service,,0,0,0,0,
TRUE_ORPHAN,e64f7d64-616f-42c1-b61d-714fff452b49,$1 Innovation Dollar - The Statehood Innovation Dollar Coin Collection (Florida,,$1 Innovation Dollar,The Statehood Innovation Dollar Coin Collection,Florida,,0,0,0,0,
TRUE_ORPHAN,e663e1a4-3c6e-49c9-a390-224840809a27,1925-1998  Nickel - THE U.S. NICKEL COLLECTION (Shipment 23,1925-1998,Nickel,THE U.S. NICKEL COLLECTION,Shipment 23,,0,0,0,0,
TRUE_ORPHAN,e6afb093-3b6f-4de8-875f-a708c58db2af,1964  Jefferson Nickel - The U.S. Nickel Collection,1964,Jefferson Nickel,The U.S. Nickel Collection,,,0,0,0,0,
TRUE_ORPHAN,e78ec90c-534f-40fc-87ad-aebfc06ed5df,1934 A $10 - AMERICAN PAPER MONEY CLUB SELECTION (Federal Reserve Note,1934,$10,AMERICAN PAPER MONEY CLUB SELECTION,Federal Reserve Note,,0,0,0,0,
TRUE_ORPHAN,e890d7de-51bc-4e39-b103-21f3fb1f59d7,1824  Half Dollar - Capped Bust,1824,Half Dollar,Capped Bust,,,0,0,0,0,
TRUE_ORPHAN,e9f5e05c-f0d1-46f2-90ed-ad256c095371,2020 W Silver Eagle - The Complete 2020 American Eagle NGCX Silver Dollar Set (American Eagle,2020,Silver Eagle,The Complete 2020 American Eagle NGCX Silver Dollar Set,American Eagle,,0,0,0,0,
TRUE_ORPHAN,ebf2f84c-06ff-4dff-a24d-a8909e6d3d72,1864-1869  50C Fractional Currency - Fractional Currency (Spinner Reverse Red Black Specimen,1864-1869,50C Fractional Currency,Fractional Currency,Spinner Reverse Red Black Specimen,,0,0,0,0,
TRUE_ORPHAN,ece76e02-45e3-4537-9865-8a49a01aaf52,1833  Capped Bust Quarter - Washington Quarter Club (Capped Bust,1833,Capped Bust Quarter,Washington Quarter Club,Capped Bust,,0,0,0,0,
TRUE_ORPHAN,edb88b85-9d8d-4452-82a8-d0674524090e,2024 S Washington Quarter - American Women Quarters (Ida B. Wells,2024,Washington Quarter,American Women Quarters,Ida B. Wells,,0,0,0,0,
TRUE_ORPHAN,edd9625b-56b4-4602-828f-85a80b864d4c,2012 W American Silver Eagle - THE WEST POINT BURNISHED AMERICAN EAGLE SILVER DOLLAR COLLECTION (American Eagle,2012,American Silver Eagle,THE WEST POINT BURNISHED AMERICAN EAGLE SILVER DOLLAR COLLECTION,American Eagle,,0,0,0,0,
TRUE_ORPHAN,ee3912c5-f7a2-45f2-8a46-d7420bcff678,2025 S Washington Quarter - American Women Quarters (Ida B. Wells,2025,Washington Quarter,American Women Quarters,Ida B. Wells,,0,0,0,0,
TRUE_ORPHAN,eebb01eb-ce78-489d-b7f7-2389fb89a39b,2016  $1 Silver Eagle - American Silver Eagle (Walking Liberty,2016,$1 Silver Eagle,American Silver Eagle,Walking Liberty,,0,0,0,0,
TRUE_ORPHAN,ef4e3c7c-280c-4585-99b8-f684024ade8e,1964  5-Coin Set - Time Capsule Year Set (Year Set,1964,5-Coin Set,Time Capsule Year Set,Year Set,,0,0,0,0,
TRUE_ORPHAN,ef7980b6-28f8-4b27-a6f1-d9f45bdaec27,$1 - The Statehood Innovation Dollar Coin Collection (Alabama,,$1,The Statehood Innovation Dollar Coin Collection,Alabama,,0,0,0,0,
TRUE_ORPHAN,efe820fc-be48-4403-8e86-6f1e02f5c3e4,1993  Silver Eagle - The Complete Original-Design Proof Silver Eagle Dollar Collection (American Eagle,1993,Silver Eagle,The Complete Original-Design Proof Silver Eagle Dollar Collection,American Eagle,,0,0,0,0,
TRUE_ORPHAN,f039e1e5-c84d-484f-9023-fb3c4a383f50,1857-1858  Flying Eagle Cent - AMERICA'S FIRST SMALL-SIZE ONE-CENT COINS (Flying Eagle,1857-1858,Flying Eagle Cent,AMERICA'S FIRST SMALL-SIZE ONE-CENT COINS,Flying Eagle,,0,0,0,0,
TRUE_ORPHAN,f06c7195-4b96-4a75-bce7-6788e0f79089,2025 P Washington Quarter - American Women Quarters (Juliette Gordon Low,2025,Washington Quarter,American Women Quarters,Juliette Gordon Low,,0,0,0,0,
TRUE_ORPHAN,f0b82c55-c8c7-45fc-a40e-3bfdc8f997ab,1976  $2 Federal Reserve Note - USA Invoice Import (1st Day of Issue with Stamp,1976,$2 Federal Reserve Note,USA Invoice Import,1st Day of Issue with Stamp,,0,0,0,0,
TRUE_ORPHAN,f16aba0a-3c33-49af-8351-54183168b321,2011  Silver Eagle - The Complete Original-Design Proof Silver Eagle Dollar Collection (American Eagle,2011,Silver Eagle,The Complete Original-Design Proof Silver Eagle Dollar Collection,American Eagle,,0,0,0,0,
TRUE_ORPHAN,f1cdaea7-c2ee-43d1-8f28-608c0d0e9f8e,2011  Jefferson Nickel - THE U.S. NICKEL COLLECTION,2011,Jefferson Nickel,THE U.S. NICKEL COLLECTION,,,0,0,0,0,
TRUE_ORPHAN,f2105ad3-cce2-4651-aefa-039b67f3295f,1943  Walking Liberty Half Dollar - Historic U.S. Silver Half-Dollars (Walking Liberty,1943,Walking Liberty Half Dollar,Historic U.S. Silver Half-Dollars,Walking Liberty,,0,0,0,0,
TRUE_ORPHAN,f2390946-f278-4030-af2a-88af8701c04a,1986 S Half Dollar - Coins-on-Approval (Statue of Liberty Commemorative,1986,Half Dollar,Coins-on-Approval,Statue of Liberty Commemorative,,0,0,0,0,
TRUE_ORPHAN,f2448d79-5395-4b9b-bf38-f8bc1708ad89,1938   - America Revisited Selection (Time Capsule Year Set,1938,,America Revisited Selection,Time Capsule Year Set,,0,0,0,0,
TRUE_ORPHAN,f2a232c5-f4ff-47f6-a74d-9a64c2ca307c,1826  $50 Obsolete Note - USA Invoice Import (New York Marble Manufacturing NY-1705-G22,1826,$50 Obsolete Note,USA Invoice Import,New York Marble Manufacturing NY-1705-G22,,0,0,0,0,
TRUE_ORPHAN,f2d3002d-cf20-4eea-87b3-173fdb78832f,1946  Jefferson Nickel - THE U.S. NICKEL COLLECTION,1946,Jefferson Nickel,THE U.S. NICKEL COLLECTION,,,0,0,0,0,
TRUE_ORPHAN,f2ee335a-916f-4763-ab63-40be111ccf2d,The Celebrating America Coin Collection (J Gordon Low,,,The Celebrating America Coin Collection,J Gordon Low,,0,0,0,0,
TRUE_ORPHAN,f3e7aa47-040d-4733-9843-f54ee74d1b1f,1948  Jefferson Nickel - The U.S. Nickel Collection - Shipment 13,1948,Jefferson Nickel,The U.S. Nickel Collection - Shipment 13,,,0,0,0,0,
TRUE_ORPHAN,f3fa5482-fa41-43a4-ae62-7ed6f8cb2109,2024 S Washington Quarter - American Women Quarters (Dr. Mary Edwards Walker,2024,Washington Quarter,American Women Quarters,Dr. Mary Edwards Walker,,0,0,0,0,
TRUE_ORPHAN,f4b8d75e-24db-4ed3-a883-d83589f4ef99,2022 D Washington Quarter - American Women Quarters (Anna May Wong,2022,Washington Quarter,American Women Quarters,Anna May Wong,,0,0,0,0,
TRUE_ORPHAN,f51db57a-771d-4b93-8e42-f5b07fc2cbfd,1862  $3 State of Missouri Note - USA Invoice Import (Jefferson City,1862,$3 State of Missouri Note,USA Invoice Import,Jefferson City,,0,0,0,0,
TRUE_ORPHAN,f62a939b-9bf3-4fd8-942e-2eec56681d73,Walking Liberty Half Dollar - The U.S. Coin Complete Denomination Set (Walking Liberty,,Walking Liberty Half Dollar,The U.S. Coin Complete Denomination Set,Walking Liberty,,0,0,0,0,
TRUE_ORPHAN,f6acd1e3-3ee6-4dc2-9c61-1aa3f2a1b1ce,2024  Washington Quarter - The Celebrating America Coin Collection (Celia Cruz,2024,Washington Quarter,The Celebrating America Coin Collection,Celia Cruz,,0,0,0,0,
TRUE_ORPHAN,f73d776b-98d6-4c5a-b00f-cfb42185cbd4,The World War II U.S. Coin Collection (Shipment # 3,,,The World War II U.S. Coin Collection,Shipment # 3,,0,0,0,0,
TRUE_ORPHAN,f9036e66-e599-4322-8ecb-71e846bf6771,1780  $7 Massachusetts Colonial Currency - USA Invoice Import (Hole Cancelled,1780,$7 Massachusetts Colonial Currency,USA Invoice Import,Hole Cancelled,,0,0,0,0,
TRUE_ORPHAN,f931ee39-6d41-4367-9316-9da2c2e4fbc4,1950   - America Revisited Selection (Time Capsule Year Set,1950,,America Revisited Selection,Time Capsule Year Set,,0,0,0,0,
TRUE_ORPHAN,f955323e-1c68-4313-8276-28f0df6dc4f7,Innovation Dollar - The Statehood Innovation Dollar Coin Collection (Michigan,,Innovation Dollar,The Statehood Innovation Dollar Coin Collection,Michigan,,0,0,0,0,
TRUE_ORPHAN,f96d5100-d91d-4f39-b70f-da00b027ea61,1907  $5 - AMERICAN PAPER MONEY CLUB SELECTION (Legal Tender Note Large Size,1907,$5,AMERICAN PAPER MONEY CLUB SELECTION,Legal Tender Note Large Size,,0,0,0,0,
TRUE_ORPHAN,f9f60ee6-5b97-4195-b36c-6af70e4397c0,2025  Washington Quarter - American Women Quarters / The Celebrating America Coin Collection (Ida B Wells,2025,Washington Quarter,American Women Quarters / The Celebrating America Coin Collection,Ida B Wells,,0,0,0,0,
TRUE_ORPHAN,fa1d7fc5-2db8-4a30-8fe2-8bafcebf91d4,2020 S American Silver Eagle - THE COMPLETE 2020 AMERICAN EAGLE NGCX SILVER DOLLAR SET,2020,American Silver Eagle,THE COMPLETE 2020 AMERICAN EAGLE NGCX SILVER DOLLAR SET,,,0,0,0,0,
TRUE_ORPHAN,fa8be842-f86f-4eb0-af33-99dbea3ac70c,1864-1869  10C Fractional Currency - USA Invoice Import,1864-1869,10C Fractional Currency,USA Invoice Import,,,0,0,0,0,
TRUE_ORPHAN,faa6f5ec-467e-4657-b06d-3a3be047c78e,"2000-2099  Lincoln Cent, Jefferson Nickel - Transition Set (21st Century Penny and Nickel",2000-2099,"Lincoln Cent, Jefferson Nickel",Transition Set,21st Century Penny and Nickel,,0,0,0,0,
TRUE_ORPHAN,fc5b1bb6-6a65-4b7c-bed5-68133a3ff125,1986  Half Dollar - Proof U.S. Half-Dollars (Statue of Liberty Centennial,1986,Half Dollar,Proof U.S. Half-Dollars,Statue of Liberty Centennial,,0,0,0,0,
TRUE_ORPHAN,fcffa3d4-4dbe-4bf8-aa9c-2f6d48f6a298,1936  5-Coin Set - Time Capsule Year Set (America Revisited Selection,1936,5-Coin Set,Time Capsule Year Set,America Revisited Selection,,0,0,0,0,
TRUE_ORPHAN,fd4d05db-df02-4f2e-8836-9334425a14f3,2003  American Eagle Silver Dollar - The Complete Original-Design Proof Silver Eagle Dollar Collection (American Eagle,2003,American Eagle Silver Dollar,The Complete Original-Design Proof Silver Eagle Dollar Collection,American Eagle,,0,0,0,0,
TRUE_ORPHAN,fe0d64d5-5746-4372-897f-4b2c67e17dc7,1903-1991  Nickel - The U.S. Nickel Collection (Shipment 16,1903-1991,Nickel,The U.S. Nickel Collection,Shipment 16,,0,0,0,0,
