doc_id,dry_run,raw_denom,raw_program,raw_category,changes,updates_applied,source_document_name,source_type,import_session_id,invoice_number,original_description
00154802-4a9a-4a22-82bd-a01345ebde10,False,$1,The Statehood Innovation Dollar Coin Collection,paper_currency,no change,,Receipt_2026-06-03_100133.pdf,PDF Invoice,lcc-aj-batch-20260626-181154,389188129,THE STATEHOOD INNOVATION DOLLAR COIN COLLECTION SHIPMENT 28 FLORIDA
0023de4a-fee1-4923-8ef7-bf3e70ad2e63,False,Five Cents,USA Invoice Import,,no change,,Receipt_2026-06-03_092205.pdf,PDF Invoice,lcc-aj-batch-20260626-181154,67000001,1948 Jefferson Nickel Average Circ
005799c4-dd49-4c73-9535-3face1153fd6,False,Quarter Dollar,American Women Quarters,,no change,,Receipt_2026-06-03_091429.pdf,PDF Invoice,lcc-aj-batch-20260626-181154,66520055,WASHINGTON QUARTER CLUB SELECTION 2023-P Jovita Idar Quarter Taxable Item
00a7aafd-c601-4be7-8f37-8388802c3e6e,False,Quarter Dollar,American Women Quarters,,no change,,Receipt_2026-06-03_091429.pdf,PDF Invoice,lcc-aj-batch-20260626-181154,66520055,2024-S Pauli Murray Quarter Taxable Item
0129b845-1b55-4dae-8f28-b7579c73467b,False,Half Dollar,USA Invoice Import,,no change,,Scan_20260129 (36).pdf,PDF Invoice,lcc-aj-batch-20260626-181154,66327175,2024-S Kennedy Half Dollar Tax Free Item
0137c277-1ae2-4e4b-a127-f338e39bc1e3,False,Half Dollar,USA Invoice Import,,no change,,Scan_20260129 (36).pdf,PDF Invoice,lcc-aj-batch-20260626-181154,66327175,2022-S Kennedy 50C 99.9% Silver Tax Free Item
0162d870-8dfa-4b23-8822-09b0542bd6a6,False,Dollar,Statehood Innovation Dollar Coin Collection,,no change,,Scan_20260129 (114).pdf,PDF Invoice,lcc-aj-batch-20260626-181154,389188129,THE STATEHOOD INNOVATION DOLLAR COIN COLLECTION SHIPMENT 25 MISSOURI
017c1baf-10b1-40bb-9bb5-3837d60d0acc,False,Five Cents,The U.S. Nickel Collection,,no change,,Scan_20260129 (109)_Part2.pdf,PDF Invoice,lcc-aj-batch-20260626-181154,405213042,1973 JEFFERSON NICKEL
0197b4f7-8795-4365-a0bd-98e5c60c4025,False,Half Dollar,Half Dollar Club Selection,,no change,,Scan_20260129 (6).pdf,PDF Invoice,lcc-aj-batch-20260626-181154,67874238,THE HALF DOLLAR CLUB SELECTION 1866 Liberty Seated Silver Half Dollar Motto PCGS VF35 Taxable Item Very Fine 35
01ce05c2-c3a3-4dd8-ae04-e9a1681a1fbc,False,Dime,USA Invoice Import,,no change,,Receipt_2026-06-03_094010.pdf,PDF Invoice,lcc-aj-retry-20260626-201949,66151496,2003-P Roosevelt Dime Tax Free Item
01de144f-2e8c-4c9d-a4f3-5a7b79019d58,False,,America Revisited Selection,,no change,,Scan_20260129 (44).pdf,PDF Invoice,lcc-aj-batch-20260626-181154,67671020,YEAR SETS: AMERICA REVISITED SELECTION 1946 5-Coin Time Capsule Year Set Taxable Item Circulated o
023eccfd-4304-44dc-a511-ed589e7d54ce,False,Dime,U.S. Dime Collection Selection,,no change,,Receipt_2026-06-03_094010.pdf,PDF Invoice,lcc-aj-batch-20260626-181154,67593420,"U.S. DIME COLLECTION SELECTION
1849 Liberty Seated Silver Dime
Stars
Taxable Item"
02a0180b-b70d-4845-b308-575e4903bd70,False,Cent,USA Invoice Import,,no change,,Receipt_2026-06-03_091509.pdf,PDF Invoice,lcc-aj-batch-20260626-181154,67054670,2023-S Lincoln Head Cent Ch Proof-63
02a1632e-df62-4e2f-a236-563c3f1d37a0,False,Dollar,USA Invoice Import,,no change,,Scan_20260128 (8).pdf,PDF Invoice,lcc-aj-batch-20260626-181154,65712953,1974-S Eisenhower Dollar Silver Clad Ch Proof-63
02ab6224-b15c-4535-87da-7c3bff4ba146,False,Nickel,THE U.S. NICKEL COLLECTION,,Denomination: 'Nickel' → 'Five Cents' | Program/Series casing: 'THE U.S. NICKEL COLLECTION' → 'The U.S. Nickel Collection',"{'Denomination': 'Five Cents', 'Program/Series': 'The U.S. Nickel Collection'}",Receipt_2026-06-03_095612_Part3.pdf,PDF Invoice,lcc-aj-batch-20260626-181154,405213042,THE U.S. NICKEL COLLECTION SHIPMENT 6 FOUR COINS AT $7.95 EACH PLUS $.95 EACH SHIPPING AND SERVICE 1930 BUFFALO NICKEL 2002 JEFFERSON NICKEL 1947 JEFFERSON NICKEL 2005 JEFFERSON NICKEL - OCEAN IN VIEW
02df0aab-c7e2-4ba6-9cf4-2a2672f1bfc7,False,Nickel,The U.S. Nickel Collection,,Denomination: 'Nickel' → 'Five Cents',{'Denomination': 'Five Cents'},Receipt_2026-06-03_095612_Part4.pdf,PDF Invoice,lcc-aj-batch-20260626-181154,405213042,"SHIPMENT 5
FOUR COINS AT $7.95 EACH PLUS $.95 EACH SHIPPING AND SERVICE
1934 BUFFALO NICKEL
2000 JEFFERSON NICKEL
1962 JEFFERSON NICKEL
1949 JEFFERSON NICKEL"
03033f6c-a3e0-4811-bb40-9d663b35fbee,False,Roosevelt Dime,USA Invoice Import,,Denomination: 'Roosevelt Dime' → 'Dime',{'Denomination': 'Dime'},Receipt_2026-06-03_094010.pdf,PDF Invoice,lcc-aj-batch-20260626-181154,66151496,"1958 Roosevelt Silver Dime
Tax Free Item"
03170f77-8d20-4e19-9fec-da42a09008cd,False,Jefferson Nickel,USA Invoice Import,,Denomination: 'Jefferson Nickel' → 'Five Cents',{'Denomination': 'Five Cents'},Receipt_2026-01-28_161342.pdf,PDF Invoice,lcc-aj-batch-20260626-180919,67000001,1954 Jefferson Nickel
034ce35d-3e05-4e5a-89e8-9d0518874f95,False,Commemorative Dollar,Modern Commemorative,,Denomination: 'Commemorative Dollar' → 'Dollar',{'Denomination': 'Dollar'},Receipt_2026-06-03_092551.pdf,PDF Invoice,lcc-aj-batch-20260626-181154,2009939656,2002-W West Point Silver Commemorative Dollar MS63
0352e4b5-1c14-4553-97a7-b9b174c9d319,False,Jefferson Nickel,USA Invoice Import,,Denomination: 'Jefferson Nickel' → 'Five Cents',{'Denomination': 'Five Cents'},Receipt_2026-06-03_092205.pdf,PDF Invoice,lcc-aj-batch-20260626-181154,67000001,"1942-P Jefferson Wartime Nickel
Silver Alloy
Average Circ"
03cbd5ae-0fcd-4b6a-98bc-69e9d98cdeab,False,10 Cent Fractional Currency,Fractional Currency,,category: '' → 'paper_currency',{'category': 'paper_currency'},Scan_20260129 (7).pdf,PDF Invoice,lcc-aj-batch-20260626-181154,67750430,1863-1867 10C Frac w/surchrge 0-63 Taxable Item
040bf1d4-7b35-4869-854c-4ff3e18b97da,False,Washington Quarter,American Women Quarters,,Denomination: 'Washington Quarter' → 'Quarter Dollar',{'Denomination': 'Quarter Dollar'},Receipt_2026-06-03_094507.pdf,PDF Invoice,lcc-aj-batch-20260626-181154,67556776,2025-S Juliette Gordon Low Quarter Silver Bullion Taxable Item
044837d5-6886-4fad-b9bd-bb629396fcd2,False,American Silver Eagle,The Complete Original-Design Proof Silver Eagle Dollar Collection,,Denomination: 'American Silver Eagle' → 'Dollar',{'Denomination': 'Dollar'},Scan_20260129 (105).pdf,PDF Invoice,lcc-aj-batch-20260626-181154,401581731,2012 PROOF AMERICAN EAGLE SILVER DOLLAR
04573286-7e1c-4349-9f84-81ea3e54f7fc,False,Eisenhower Dollar,USA Invoice Import,,Denomination: 'Eisenhower Dollar' → 'Dollar',{'Denomination': 'Dollar'},2026-06-03_091725.pdf,PDF Invoice,lcc-aj-batch-20260626-181154,65804568,"1976-D Type 1 & Type 2 Eisenhower Dollar Set, 2 Coins Items below are included in BB43 1 - 1404.60 1976-D Variety 1 Eisenhower Copper Nickel Clad 1 - 1405.60 1976-D Variety 2 Eisenhower Copper Nickel Clad Uncirculated"
04ae72f5-9c10-401e-8c6f-4ec1a59e4767,False,Walking Liberty Half Dollar,USA Invoice Import,,Denomination: 'Walking Liberty Half Dollar' → 'Half Dollar',{'Denomination': 'Half Dollar'},2026-06-03_091555.pdf,PDF Invoice,lcc-aj-batch-20260626-181154,67576317,1941 Liberty Walking Silver Half Dollar Very Good
05039f1e-1312-490d-9512-d93dc47226f5,False,Jefferson Nickel,The U.S. Nickel Collection,,Denomination: 'Jefferson Nickel' → 'Five Cents',{'Denomination': 'Five Cents'},Scan_20260129 (121)_Part4.pdf,PDF Invoice,lcc-aj-batch-20260626-181154,405213042,THE U.S. NICKEL COLLECTION SHIPMENT 5 FOUR COINS AT $7.95 EACH - 1949 JEFFERSON NICKEL
052a7602-e922-47da-b16a-26ca51cfb72d,False,Washington Quarter,American Women Quarters,,Denomination: 'Washington Quarter' → 'Quarter Dollar',{'Denomination': 'Quarter Dollar'},Receipt_2026-06-03_091429.pdf,PDF Invoice,lcc-aj-batch-20260626-181154,66520055,2024-P Pauli Murray Quarter Taxable Item
05ae76f5-8bf4-430e-8a2c-8910a0ea676a,False,Roosevelt Dime,USA Invoice Import,,Denomination: 'Roosevelt Dime' → 'Dime',{'Denomination': 'Dime'},Scan_20260129 (28).pdf,PDF Invoice,lcc-aj-batch-20260626-181154,66466063,1949 Roosevelt Silver Dime Tax Free Item
063cf961-2f2a-41d9-bec5-9e978fa948ab,False,Innovation Dollar,U.S. Innovation Dollar,,Denomination: 'Innovation Dollar' → 'Dollar',{'Denomination': 'Dollar'},Scan_20260128 (18).pdf,PDF Invoice,lcc-aj-batch-20260626-181154,65741545,2023-P Ohio U.S. Innovation Dollar Underground Railroad Uncirculated
06bb7180-57b6-40cf-8790-a77f54bc180b,False,Capped Bust Half Dollar,Washington Quarter Club,,Denomination: 'Capped Bust Half Dollar' → 'Half Dollar',{'Denomination': 'Half Dollar'},Receipt_2026-06-03_094402.pdf,PDF Invoice,lcc-aj-batch-20260626-181154,65696398,WASHINGTON QUARTER CLUB SELECTION 1824 Capped Bust Silver Half Dollar Normal Date Ovt# 106A NGC Taxable Item
0714af32-e8b8-42ea-8f42-0e3b2e879411,False,Buffalo Nickel,USA Invoice Import,,Denomination: 'Buffalo Nickel' → 'Five Cents',{'Denomination': 'Five Cents'},Scan_20260128 (13).pdf,PDF Invoice,lcc-aj-batch-20260626-181154,65712953,1936 Buffalo Nickel Very Fine
079b3a10-e215-41c3-878f-d2262cb0d6f6,False,Washington Quarter,National Park Quarters,,Denomination: 'Washington Quarter' → 'Quarter Dollar',{'Denomination': 'Quarter Dollar'},Receipt_2026-06-03_092353.pdf,PDF Invoice,lcc-aj-batch-20260626-181154,68291695,2019 PDS National Park Quarter Set 15 Coins
07b275f3-0dfd-493e-a709-778cd3d48fbb,False,Native American Dollar,Native American $1 Coin,,Denomination: 'Native American Dollar' → 'Dollar',{'Denomination': 'Dollar'},Receipt_2026-06-03_091916.pdf,PDF Invoice,lcc-aj-batch-20260626-181154,65712953,2022-D Native American Dollar Ely Samuel Parker Uncirculated
07bb014d-d278-4777-a7e7-4645543ed7db,False,Washington Quarter,American Women Quarters,,Denomination: 'Washington Quarter' → 'Quarter Dollar',{'Denomination': 'Quarter Dollar'},Receipt_2026-06-03_091429.pdf,PDF Invoice,lcc-aj-batch-20260626-181154,66520055,2024-D Patsy Takemoto Mink Quarter Taxable Item
07e4a3cc-a9c6-49e5-96d8-e2f1a3a1b2fa,False,$1 Indian Territory Note,USA Invoice Import,,category: '' → 'paper_currency',{'category': 'paper_currency'},Receipt_2026-06-03_101701_Part3.pdf,PDF Invoice,lcc-aj-batch-20260626-181154,67892115,"$1 Indian Territory Note Haileyville, Oklahoma Crisp Unused Taxable Item"
086a3c97-0ecb-402b-887b-a873aa485009,False,Native American Dollar,Native American Dollar,,Denomination: 'Native American Dollar' → 'Dollar',{'Denomination': 'Dollar'},2026-06-03_091725.pdf,PDF Invoice,lcc-aj-batch-20260626-181154,65741545,2023-P Native American Dollar - Maria Tallchief Uncirculated
08d191ac-4797-4653-9ba8-bc3cd6fd274d,False,Washington Quarter,American Women Quarters,,Denomination: 'Washington Quarter' → 'Quarter Dollar',{'Denomination': 'Quarter Dollar'},Scan_20260129 (50).pdf,PDF Invoice,lcc-aj-batch-20260626-181154,67576317,2024-P Patsy Takemoto Mink Quarter Uncirculated
09139582-5418-477e-8d68-2b8e8122ae8b,False,,U.S. UNCIRCULATED COIN MINT SETS,,Program/Series casing: 'U.S. UNCIRCULATED COIN MINT SETS' → 'U.S. Uncirculated Coin Mint Sets',{'Program/Series': 'U.S. Uncirculated Coin Mint Sets'},Scan_20260129 (122)_Part3.pdf,PDF Invoice,lcc-aj-batch-20260626-181154,362308793,U.S. UNCIRCULATED COIN MINT SETS SHIPMENT 82 2023 DENVER MINT PANEL
091630bc-8cd7-4d14-b299-cbf96ac6e68f,False,Washington Quarter,American Women Quarters,,Denomination: 'Washington Quarter' → 'Quarter Dollar',{'Denomination': 'Quarter Dollar'},Scan_20260129 (2).pdf,PDF Invoice,lcc-aj-batch-20260626-181154,66520055,2023-D Jovita Idar Quarter Taxable Item
0955e84f-c318-469a-a485-9670ad2d5bab,False,Lincoln Cent,USA Invoice Import,,Denomination: 'Lincoln Cent' → 'Cent',{'Denomination': 'Cent'},Receipt_2026-01-28_161342.pdf,PDF Invoice,lcc-aj-batch-20260626-181154,67000001,1929-D Lincoln Head Cent Average Circ
096ea9f7-dace-4e35-bb77-49235425c5c0,False,Buffalo Nickel,The U.S. Nickel Collection - Shipment 9,,Denomination: 'Buffalo Nickel' → 'Five Cents',{'Denomination': 'Five Cents'},Scan_20260129 (109)_Part3.pdf,PDF Invoice,lcc-aj-batch-20260626-181154,405213042,1924 BUFFALO NICKEL
09ae20aa-9c78-4b36-b41d-a91c2c4e3366,False,Peace Dollar,USA Invoice Import,,Denomination: 'Peace Dollar' → 'Dollar',{'Denomination': 'Dollar'},2026-06-03_091555.pdf,PDF Invoice,lcc-aj-batch-20260626-181154,67576317,1923-S Peace Silver Dollar Very Fine
0a0d7fe1-ae31-4d98-aa7b-f4a2da755d42,False,Mercury Dime,U.S. Dime Collection,,Denomination: 'Mercury Dime' → 'Dime',{'Denomination': 'Dime'},Receipt_2026-06-03_094249.pdf,PDF Invoice,lcc-aj-stubborn-20260626-203600,68120397,U.S. DIME COLLECTION SELECTION 1918-S Mercury Silver Dime Taxable Item
0a5d6dae-b71b-432a-8c10-80d1e30508a5,False,Roosevelt Dime,USA Invoice Import,,Denomination: 'Roosevelt Dime' → 'Dime',{'Denomination': 'Dime'},Scan_20260129 (24).pdf,PDF Invoice,lcc-aj-retry-20260626-201949,66151496,1965 Roosevelt Dime Tax Free Item Uncirculated
0afb6f7f-1fbc-4f41-9eab-979c3a1b32e8,False,Jefferson Nickel,The U.S. Nickel Collection - Shipment 13,,Denomination: 'Jefferson Nickel' → 'Five Cents',{'Denomination': 'Five Cents'},Scan_20260129 (121)_Part3.pdf,PDF Invoice,lcc-aj-batch-20260626-181154,405213042,1990 JEFFERSON NICKEL
0b36396b-3a62-46ca-b32e-e209cc9a3258,False,Mercury Dime,U.S. DIME COLLECTION SELECTION,,Denomination: 'Mercury Dime' → 'Dime' | Program/Series casing: 'U.S. DIME COLLECTION SELECTION' → 'U.S. Dime Collection Selection',"{'Denomination': 'Dime', 'Program/Series': 'U.S. Dime Collection Selection'}",Receipt_2026-06-03_102735.pdf,PDF Invoice,lcc-aj-batch-20260626-181154,68408703,U.S. DIME COLLECTION SELECTION 1928-D Mercury Silver Dime Taxable Item
0b466d55-330f-464e-9cf1-58882481960c,False,Mercury Dime,USA Invoice Import,,Denomination: 'Mercury Dime' → 'Dime',{'Denomination': 'Dime'},Receipt_2026-06-03_094010.pdf,PDF Invoice,lcc-aj-batch-20260626-181154,67825620,"1931 Mercury Silver Dime
Taxable Item"
0b5595f3-aadc-4150-93eb-70d5a70cb1b6,False,Half Dollar,The Half Dollar Club,,no change,,Scan_20260129 (41).pdf,PDF Invoice,lcc-aj-batch-20260626-181154,67268238,THE HALF DOLLAR CLUB
0baace15-eb30-4586-bd33-4296159088ef,False,Barber Dime,U.S. Dime Collection Selection,,Denomination: 'Barber Dime' → 'Dime',{'Denomination': 'Dime'},Scan_20260129 (33).pdf,PDF Invoice,lcc-aj-batch-20260626-181154,67825620,1907-S Barber Silver Dime Taxable Item
0bcfb572-6b80-467c-a65a-b11e7be25a17,False,Jefferson Nickel,USA Invoice Import,,Denomination: 'Jefferson Nickel' → 'Five Cents',{'Denomination': 'Five Cents'},Receipt_2026-06-03_093306.pdf,PDF Invoice,lcc-aj-batch-20260626-181154,67576317,2021-S Jefferson Nickel Ch Proof-63
0be75f9f-a9ac-475a-9bf1-e0046bca8582,False,Morgan Silver Dollar,Morgan Silver Dollar,,Denomination: 'Morgan Silver Dollar' → 'Dollar',{'Denomination': 'Dollar'},Scan_20260129 (66).pdf,PDF Invoice,lcc-aj-batch-20260626-181154,405503137,THE ONLY DENVER MINT U.S. MORGAN SILVER DOLLAR
0c63550c-3695-44bf-a767-dcc4d5680e4a,False,American Silver Eagle,American Eagle,,Denomination: 'American Silver Eagle' → 'Dollar',{'Denomination': 'Dollar'},Scan_20260128 (18).pdf,PDF Invoice,lcc-aj-batch-20260626-181154,65741545,2018 American Silver Eagle Dollar Uncirculated
0c712edb-687c-462e-9859-e21ec566223c,False,Capped Bust Half Dime,USA Invoice Import,,Denomination: 'Capped Bust Half Dime' → 'Half Dime',{'Denomination': 'Half Dime'},Receipt_2026-06-03_093719.pdf,PDF Invoice,lcc-aj-batch-20260626-181154,66803791,1833 Capped Bust Silver Half Dime Tax Free Item BL Unc-58 #2
0cbe14c0-67e2-4db0-b862-06f71410207f,False,Jefferson Nickel,The U.S. Nickel Collection,,Denomination: 'Jefferson Nickel' → 'Five Cents',{'Denomination': 'Five Cents'},Scan_20260129 (120)_Part3.pdf,PDF Invoice,lcc-aj-batch-20260626-181154,405213042,1952 JEFFERSON NICKEL
0cd9d58d-f238-408e-82f3-708049b52627,False,Peace Silver Dollar,The Ultimate Modern Morgan and Peace Silver Dollar Collection,,Denomination: 'Peace Silver Dollar' → 'Dollar',{'Denomination': 'Dollar'},Receipt_2026-06-03_100549.pdf,PDF Invoice,lcc-aj-retry-20260626-201949,405887043,2024 PEACE SILVER $ REVERSE PROOF
0d42966e-ca9d-4a34-8fc2-17c147861593,False,Eisenhower Dollar,Eisenhower Dollar,,Denomination: 'Eisenhower Dollar' → 'Dollar',{'Denomination': 'Dollar'},Scan_20260128 (10).pdf,PDF Invoice,lcc-aj-batch-20260626-180919,68291684,1971-1978 Ike $ Set in Album Unc & Proof Unc/Proof-63
0d62e0f9-bb21-40d4-a74c-60ef991276fa,False,Washington Quarter,American Women Quarters,,Denomination: 'Washington Quarter' → 'Quarter Dollar',{'Denomination': 'Quarter Dollar'},Receipt_2026-06-03_094507.pdf,PDF Invoice,lcc-aj-batch-20260626-181154,67617368,2025-S Althea Gibson Quarter Silver Bullion Taxable Item
0da7291c-8225-4d1e-ae5f-69164e106c29,False,American Silver Eagle,THE COMPLETE 2020 AMERICAN EAGLE NGCX SILVER DOLLAR SET,,Denomination: 'American Silver Eagle' → 'Dollar' | Program/Series casing: 'THE COMPLETE 2020 AMERICAN EAGLE NGCX SILVER DOLLAR SET' → 'The Complete 2020 American Eagle NGCX Silver Dollar Set',"{'Denomination': 'Dollar', 'Program/Series': 'The Complete 2020 American Eagle NGCX Silver Dollar Set'}",Scan_20260129 (86).pdf,PDF Invoice,lcc-aj-batch-20260626-181154,404995094,THE COMPLETE 2020 AMERICAN EAGLE NGCX SILVER DOLLAR SET ENCLOSED IS SHIPMENT # 7 PROOF W. POINT WWII 75TH ANN. AMER EAGLE
0de4f4f7-459e-4d47-bf0d-93e2c8a397d4,False,Kennedy Half Dollar,Half Dollar Club Selection,,Denomination: 'Kennedy Half Dollar' → 'Half Dollar',{'Denomination': 'Half Dollar'},Receipt_2026-06-03_093603.pdf,PDF Invoice,lcc-aj-batch-20260626-181154,66327175,THE HALF DOLLAR CLUB SELECTION 2023-S Kennedy Half Dollar Tax Free Item
0ded0d31-5c25-4846-9e59-d1dbe7dcc3d3,False,10C Fractional Currency,USA Invoice Import,,category: '' → 'paper_currency',{'category': 'paper_currency'},Receipt_2026-06-03_101701_Part2.pdf,PDF Invoice,lcc-aj-batch-20260626-181154,65812949,1862-1863 10C Fractional Currency Taxable Item
0e2805f4-81af-4ad3-9942-4d5e5a81ea8c,False,Eisenhower Dollar,The Complete Collection of Eisenhower Dollar Coins,,Denomination: 'Eisenhower Dollar' → 'Dollar',{'Denomination': 'Dollar'},Receipt_2026-06-03_102331.pdf,PDF Invoice,lcc-aj-batch-20260626-181154,407786581,THE COMPLETE COLLECTION OF EISENHOWER DOLLAR COINS ENCLOSED IS SHIPMENT # 2 1974-D UNCIRCULATED EISENHOWER DOLLAR
0e40716d-add7-4916-a13b-f33a7974572f,False,American Silver Eagle,American Eagle,,Denomination: 'American Silver Eagle' → 'Dollar',{'Denomination': 'Dollar'},Scan_20260128 (18).pdf,PDF Invoice,lcc-aj-batch-20260626-181154,65741545,2010 American Silver Eagle Dollar Uncirculated
0e5646f5-9e31-416a-9a93-63f7f38ac71f,False,Lincoln Cent,USA Invoice Import,,Denomination: 'Lincoln Cent' → 'Cent',{'Denomination': 'Cent'},Receipt_2026-06-03_092353.pdf,PDF Invoice,lcc-aj-batch-20260626-181154,2009914111,1909-1958 Lincoln Head Wheat Cents (25)
0e56a95a-64c5-4b1a-9417-ddc4a8a3dd39,False,Roosevelt Dime,USA Invoice Import,,Denomination: 'Roosevelt Dime' → 'Dime',{'Denomination': 'Dime'},Receipt_2026-06-03_091509.pdf,PDF Invoice,lcc-aj-batch-20260626-181154,67054670,1964-D Roosevelt Silver Dime Uncirculated
0e7b5848-1cdb-46e0-9d12-eb572a59727c,False,Jefferson Nickel,The U.S. Nickel Collection,,Denomination: 'Jefferson Nickel' → 'Five Cents',{'Denomination': 'Five Cents'},Scan_20260129 (128)_Part5.pdf,PDF Invoice,lcc-aj-batch-20260626-181154,405213042,2007 JEFFERSON NICKEL
0eb59270-c015-411b-803b-020770a2a1c8,False,American Silver Eagle,American Eagle,,Denomination: 'American Silver Eagle' → 'Dollar',{'Denomination': 'Dollar'},2026-06-03_091725.pdf,PDF Invoice,lcc-aj-batch-20260626-181154,65804568,2023 American Silver Eagle Dollar Uncirculated
0eddde0a-da80-4c48-bed1-1e7f72be9f4c,False,American Silver Eagle,American Eagle,,Denomination: 'American Silver Eagle' → 'Dollar',{'Denomination': 'Dollar'},Scan_20260129 (50).pdf,PDF Invoice,lcc-aj-batch-20260626-181154,67576317,2024 American Silver Eagle Dollar Uncirculated
0efab8b0-2da0-451a-967b-76b98ffc22f1,False,Washington Quarter,National Park Quarters,,Denomination: 'Washington Quarter' → 'Quarter Dollar',{'Denomination': 'Quarter Dollar'},Receipt_2026-01-28_161141.pdf,PDF Invoice,lcc-aj-batch-20260626-180919,67226944,2010-2021 National Park Quarter Set 56 Coins
0f0fc929-e200-4aa0-800d-3da3798b4d3e,False,Washington Quarter,The Celebrating America Coin Collection,,Denomination: 'Washington Quarter' → 'Quarter Dollar',{'Denomination': 'Quarter Dollar'},Scan_20260129 (70).pdf,PDF Invoice,lcc-aj-batch-20260626-181154,398953570,"THE CELEBRATING AMERICA COIN COLLECTION
SHIPMENT 14
DR. MARY EDWARDS WALKER"
0f155191-b607-435b-8289-c4e61be77dd1,False,Liberty Head Nickel,The U.S. Nickel Collection,,Denomination: 'Liberty Head Nickel' → 'Five Cents',{'Denomination': 'Five Cents'},Scan_20260129 (109)_Part2.pdf,PDF Invoice,lcc-aj-batch-20260626-181154,405213042,1910 LIBERTY HEAD NICKEL
0f220d1c-a465-4e4a-9735-a93b8bb13cff,False,,America Revisited Selection,,no change,,Receipt_2026-06-03_092916.pdf,PDF Invoice,lcc-aj-batch-20260626-181154,68120353,1951 5-Coin Time Capsule Year Set Taxable Item
0f4e5b48-35f7-4c3e-a775-4c81bd60629d,False,Jefferson Nickel,USA Invoice Import,,Denomination: 'Jefferson Nickel' → 'Five Cents',{'Denomination': 'Five Cents'},Receipt_2026-06-03_092205.pdf,PDF Invoice,lcc-aj-batch-20260626-181154,67000001,2006-S J5C-Return to Monticello Ch Proof-63
0fb7e585-a538-4336-9b4d-891a2bec08f8,False,Native American Dollar,USA Invoice Import,,Denomination: 'Native American Dollar' → 'Dollar',{'Denomination': 'Dollar'},Receipt_2026-06-03_093306.pdf,PDF Invoice,lcc-aj-batch-20260626-181154,67576317,"2022-D Native American Dollar 
 Ely Samuel Parker 
 Uncirculated"
0fbf38e2-abbd-4ebb-835c-cfdc16340edc,False,Native American Dollar,Native American Dollar,,Denomination: 'Native American Dollar' → 'Dollar',{'Denomination': 'Dollar'},Receipt_2026-06-03_091829.pdf,PDF Invoice,lcc-aj-batch-20260626-181154,67290645,2019-D Native American Dollar Space Program
0ff231e4-6469-4d2f-8168-655d8e2cc5ba,False,Jefferson Nickel,Westward Journey,,Denomination: 'Jefferson Nickel' → 'Five Cents',{'Denomination': 'Five Cents'},Receipt_2026-01-28_161342.pdf,PDF Invoice,lcc-aj-batch-20260626-180919,67000001,"2006-P Jefferson Nickel- Return to
Monticello"
1008a407-0e01-48a8-bd5d-bb9176ddb4ac,False,Mercury Dime,U.S. DIME COLLECTION SELECTION,,Denomination: 'Mercury Dime' → 'Dime' | Program/Series casing: 'U.S. DIME COLLECTION SELECTION' → 'U.S. Dime Collection Selection',"{'Denomination': 'Dime', 'Program/Series': 'U.S. Dime Collection Selection'}",Receipt_2026-06-03_102735.pdf,PDF Invoice,lcc-aj-batch-20260626-181154,68484853,U.S. DIME COLLECTION SELECTION 1916-D Mercury Silver Dime NGC Tax Free Item
10a91059-347f-4f1e-86fb-dc3abcf031b5,False,Nickel,The U.S. Nickel Collection,,Denomination: 'Nickel' → 'Five Cents',{'Denomination': 'Five Cents'},Scan_20260129 (109)_Part1.pdf,PDF Invoice,lcc-aj-batch-20260626-181154,405213042,THE U.S. NICKEL COLLECTION SHIPMENT 17 FOUR COINS AT $7.95 EACH PLUS $.95 EACH SHIPPING AND SERVICE 1901 LIBERTY HEAD NICKEL 1969 JEFFERSON NICKEL 1976 JEFFERSON NICKEL 2011 JEFFERSON NICKEL
114141ab-dc78-4079-b5bd-00f7f8579469,False,Jefferson Nickel,THE U.S. NICKEL COLLECTION,,Denomination: 'Jefferson Nickel' → 'Five Cents' | Program/Series casing: 'THE U.S. NICKEL COLLECTION' → 'The U.S. Nickel Collection',"{'Denomination': 'Five Cents', 'Program/Series': 'The U.S. Nickel Collection'}",Receipt_2026-06-03_095349.pdf,PDF Invoice,lcc-aj-retry-20260626-201949,405213042,SHIPMENT 21 FOUR COINS AT $7.95 EACH PLUS $.95 EACH SHIPPING AND SERVICE 1985 JEFFERSON NICKEL
1186f7f7-4290-496b-9727-acb8f86e9ac8,False,Jefferson Nickel,The U.S. Nickel Collection - Shipment 9,,Denomination: 'Jefferson Nickel' → 'Five Cents',{'Denomination': 'Five Cents'},Scan_20260129 (109)_Part3.pdf,PDF Invoice,lcc-aj-batch-20260626-181154,405213042,1957 JEFFERSON NICKEL
126a6715-745f-4b1c-9b9f-6d36e308a944,False,Half Dollar,Advertisement Items,,no change,,Receipt_2026-06-03_102540.pdf,PDF Invoice,lcc-aj-stubborn-final,68564410,"Advertisement Items
1982-D or S George Washington Silver
Commemorative Half Dollar"
12b09242-9e1c-4d8f-8b84-d7970b679bf4,False,Innovation Dollar,The Statehood Innovation Dollar Coin Collection,,Denomination: 'Innovation Dollar' → 'Dollar',{'Denomination': 'Dollar'},Receipt_2026-06-03_102135.pdf,PDF Invoice,lcc-aj-batch-20260626-181154,389188129,THE STATEHOOD INNOVATION DOLLAR COIN COLLECTION SHIPMENT 30 IOWA
12dc00d3-e38b-4255-a57a-e56d66548151,False,$1 Silver Certificate,AMERICAN PAPER MONEY CLUB SELECTION,,category: '' → 'paper_currency' | Program/Series casing: 'AMERICAN PAPER MONEY CLUB SELECTION' → 'American Paper Money Club Selection',"{'category': 'paper_currency', 'Program/Series': 'American Paper Money Club Selection'}",Receipt_2026-06-03_101701_Part3.pdf,PDF Invoice,lcc-aj-batch-20260626-181154,67892115,AMERICAN PAPER MONEY CLUB SELECTION 1935A $1 Silver Certificate North Africa RC Block PMG EPQ65 Taxable Item
134ee30e-0dd9-4a46-9726-8ab045c2aa42,False,,The Celebrating America Coin Collection,,no change,,Receipt_2026-06-03_102135.pdf,PDF Invoice,lcc-aj-batch-20260626-181154,398953570,THE CELEBRATING AMERICA COIN COLLECTION SHIPMENT 22 MAYFLOWER COMPACT
13779030-e9fd-44c7-b8a4-13984d23b6ad,False,Capped Bust Dime,U.S. DIME COLLECTION SELECTION,,Denomination: 'Capped Bust Dime' → 'Dime' | Program/Series casing: 'U.S. DIME COLLECTION SELECTION' → 'U.S. Dime Collection Selection',"{'Denomination': 'Dime', 'Program/Series': 'U.S. Dime Collection Selection'}",Scan_20260129 (31).pdf,PDF Invoice,lcc-aj-batch-20260626-181154,66819730,U.S. DIME COLLECTION SELECTION 1823 3/2 Capped Bust Silver Dime Large E's PCGS Taxable Item
1383dc0d-c811-4718-a758-1277fb22f4a8,False,Roosevelt Dime,USA Invoice Import,,Denomination: 'Roosevelt Dime' → 'Dime',{'Denomination': 'Dime'},Receipt_2026-06-03_091916.pdf,PDF Invoice,lcc-aj-batch-20260626-181154,65712953,1962-D Roosevelt Silver Dime Average Circ
142728b2-1111-4ded-8228-f585ffb0879f,False,$10 Federal Reserve Bank Note,Federal Reserve Bank Note,,category: '' → 'paper_currency',{'category': 'paper_currency'},Receipt_2026-06-03_093201.pdf,PDF Invoice,lcc-aj-batch-20260626-181154,64963243,1929 $10 Federal Reserve Bank Note Taxable Item
142be403-d9ab-48d3-8c24-0ee6b17e9247,False,,Historic U.S. Silver Coins,,no change,,Receipt_2026-06-03_101100.pdf,PDF Invoice,lcc-aj-batch-20260626-181154,407172071,HISTORIC U.S. SILVER COINS ENCLOSED IS SHIPMENT # 4 WALKING LIBERTY HALF-DOLLAR (D MINT) WASHINGTON BICEN 40% SILV QTR (S - UNC)
15d734c9-56f6-4ce9-b9cc-0c6e16198a50,False,Mercury Dime,U.S. DIME COLLECTION SELECTION,,Denomination: 'Mercury Dime' → 'Dime' | Program/Series casing: 'U.S. DIME COLLECTION SELECTION' → 'U.S. Dime Collection Selection',"{'Denomination': 'Dime', 'Program/Series': 'U.S. Dime Collection Selection'}",Scan_20260129 (18).pdf,PDF Invoice,lcc-aj-batch-20260626-181154,68065135,U.S. DIME COLLECTION SELECTION 1917-S Mercury Silver Dime Taxable Item Genuine
1617b122-60b9-448b-9c8b-ddd2f97a7631,False,$500 Federal Reserve Note,American Paper Money Club,,category: '' → 'paper_currency',{'category': 'paper_currency'},Scan_20260129 (9).pdf,PDF Invoice,lcc-aj-batch-20260626-181154,67585806,AMERICAN PAPER MONEY CLUB SELECTION 1934A $500 Federal Reserve Note Taxable Item
163d7f30-5717-430c-be71-9bf0d0549e19,False,Jefferson Nickel,THE U.S. NICKEL COLLECTION,,Denomination: 'Jefferson Nickel' → 'Five Cents' | Program/Series casing: 'THE U.S. NICKEL COLLECTION' → 'The U.S. Nickel Collection',"{'Denomination': 'Five Cents', 'Program/Series': 'The U.S. Nickel Collection'}",Receipt_2026-06-03_095349.pdf,PDF Invoice,lcc-aj-retry-20260626-201949,405213042,SHIPMENT 18 FOUR COINS AT $7.95 EACH PLUS $.95 EACH SHIPPING AND SERVICE 1968 JEFFERSON NICKEL
1743465c-90e0-4de1-aa9b-6a57cd911f3a,False,$50,Obsolete Note,,category: '' → 'paper_currency',{'category': 'paper_currency'},Receipt_2026-06-03_101701_Part1.pdf,PDF Invoice,lcc-aj-batch-20260626-181154,67670995,1826 $50 New York Marble Manufacturing Obsolete Note NY-1705-G22 Taxable Item
174b1ff2-8dbb-4e36-b7ce-5a316bcdb489,False,$1,The Statehood Innovation Dollar Coin Collection,,category: '' → 'paper_currency',{'category': 'paper_currency'},Receipt_2026-06-03_100133.pdf,PDF Invoice,lcc-aj-batch-20260626-181154,389188129,THE STATEHOOD INNOVATION DOLLAR COIN COLLECTION SHIPMENT 22 ILLINOIS
174c4817-2368-4c20-b1bb-ee1f62710df3,False,Kennedy Half Dollar,USA Invoice Import,,Denomination: 'Kennedy Half Dollar' → 'Half Dollar',{'Denomination': 'Half Dollar'},Receipt_2026-06-03_092205.pdf,PDF Invoice,lcc-aj-batch-20260626-181154,65712953,1964-D Kennedy Silver Half Dollar Uncirculated
1796a9f5-fa96-492e-8795-7f90386a279b,False,American Silver Eagle,American Eagle,,Denomination: 'American Silver Eagle' → 'Dollar',{'Denomination': 'Dollar'},Scan_20260129 (50).pdf,PDF Invoice,lcc-aj-batch-20260626-181154,67576317,2021 New American Silver Eagle Dollar Type II Reverse Design Uncirculated
17ad0010-5ef9-474f-9e71-0e0d8fc6436e,False,25C Fractional Currency,Fractional Currency,,category: '' → 'paper_currency',{'category': 'paper_currency'},Receipt_2026-06-03_093201.pdf,PDF Invoice,lcc-aj-batch-20260626-181154,64963243,1864-1869 25C Fractional Currency Taxable Item
17e6602f-f930-4872-b7da-1a8916a108fb,False,Mixed,Prestige Proof Set,,no change,,Scan_20260129 (52).pdf,PDF Invoice,lcc-aj-batch-20260626-181154,67343149,1990 6 Coin Prest Prf Set Ike$ Ch Proof-63
17fc9d15-7168-4af2-bb6f-69350f6ac79e,False,Washington Quarter,American Women Quarters,,Denomination: 'Washington Quarter' → 'Quarter Dollar',{'Denomination': 'Quarter Dollar'},Scan_20260129 (2).pdf,PDF Invoice,lcc-aj-batch-20260626-181154,66520055,2024-S Zitkala-Sa Quarter Taxable Item
18467af0-6f0f-4509-9ad1-540a3a6feb22,False,Morgan Silver Dollar,OFFICIALLY SEALED CARSON CITY MINT MORGAN SILVER DOLLARS,,Denomination: 'Morgan Silver Dollar' → 'Dollar' | Program/Series casing: 'OFFICIALLY SEALED CARSON CITY MINT MORGAN SILVER DOLLARS' → 'Officially Sealed Carson City Mint Morgan Silver Dollars',"{'Denomination': 'Dollar', 'Program/Series': 'Officially Sealed Carson City Mint Morgan Silver Dollars'}",Receipt_2026-06-03_095047.pdf,PDF Invoice,lcc-aj-batch-20260626-181154,407021617,1880 CARSON CITY MORGAN SILVER DOLLAR
186fc6bd-57d2-49c9-a351-956fd99937f9,False,Washington Quarter,American Women Quarters,,Denomination: 'Washington Quarter' → 'Quarter Dollar',{'Denomination': 'Quarter Dollar'},Receipt_2026-06-03_094507.pdf,PDF Invoice,lcc-aj-batch-20260626-181154,67556776,2025-S Stacey Park Milbern Quarter Taxable Item
18bffd5a-47b0-4fc0-b3d6-e43b9d08b231,False,Roosevelt Dime,Roosevelt,,Denomination: 'Roosevelt Dime' → 'Dime',{'Denomination': 'Dime'},Scan_20260129 (23).pdf,PDF Invoice,lcc-aj-batch-20260626-181154,67869569,2025-S Roosevelt Dime 99.9% Silver Taxable Item Ch Proof-63
18fe73f2-0ca9-41cc-9b36-eea4d21d0f5a,False,Capped Bust Dime,U.S. Dime Collection,,Denomination: 'Capped Bust Dime' → 'Dime',{'Denomination': 'Dime'},Scan_20260129 (30).pdf,PDF Invoice,lcc-aj-batch-20260626-181154,66925003,U.S. DIME COLLECTION SELECTION 1824 4 Over 2 Capped Bust Silver Dime PCGS Taxable Item
19d2df1a-8db1-4a32-bf63-41cb6afc04e1,False,Washington Quarter,American Women Quarters,,Denomination: 'Washington Quarter' → 'Quarter Dollar',{'Denomination': 'Quarter Dollar'},Scan_20260129 (4).pdf,PDF Invoice,lcc-aj-batch-20260626-181154,66533669,2024-S Zitkala-Sa Quarter Silver Bullion Taxable Item Ch Proof-63
1a557848-65b0-4a77-9419-9c13c2a129ff,False,Roosevelt Dime,USA Invoice Import,,Denomination: 'Roosevelt Dime' → 'Dime',{'Denomination': 'Dime'},Scan_20260128 (6).pdf,PDF Invoice,lcc-aj-stubborn-20260626-203600,67000011,1969 Roosevelt Dime Uncirculated
1a70cac2-718a-446b-aa63-62419182326e,False,,The World War II U.S. Coin Collection,,no change,,Receipt_2026-06-03_100745.pdf,PDF Invoice,lcc-aj-batch-20260626-181154,406380469,THE WORLD WAR II U.S. COIN COLLECTION ENCLOSED IS SHIPMENT # 6 1942-S LINCOLN PENNY 1942-S JEFFERSON WARTIME SILVER NICKEL 1942-S MERC. DIME & WASHINGTON QUARTER 1942-S WALKING LIBERTY HALF-DOLLAR 1943 1C FOUR FREEDOMS STAMP (6)
1a949829-fdbe-4ea7-bce0-803bf6f8dcef,False,Washington Quarter,American Women Quarters,,Denomination: 'Washington Quarter' → 'Quarter Dollar',{'Denomination': 'Quarter Dollar'},2026-06-03_091337.pdf,PDF Invoice,lcc-aj-batch-20260626-181154,66533669,"2023-S Edith Kanaka'ole
99.9% Silver Quarter
Taxable Item"
1aee8795-9e08-45ed-be16-083241e2fac3,False,Washington Quarter,American Women Quarters,,Denomination: 'Washington Quarter' → 'Quarter Dollar',{'Denomination': 'Quarter Dollar'},2026-06-03_091337.pdf,PDF Invoice,lcc-aj-batch-20260626-181154,66533669,"WASHINGTON QUARTER CLUB SELECTION
2023-S Bessie Coleman
99.9% Silver Quarter
Taxable Item"
1b7234c5-2147-4a02-afc6-bea0be6b86a0,False,Kennedy Half Dollar,USA Invoice Import,,Denomination: 'Kennedy Half Dollar' → 'Half Dollar',{'Denomination': 'Half Dollar'},Scan_20260128 (6).pdf,PDF Invoice,lcc-aj-stubborn-20260626-203600,67000011,2022-D Kennedy Half Dollar Uncirculated
1bbbd3b5-d201-4da3-b06d-270926a44f93,False,,Time Capsule Year Set,,no change,,Scan_20260129 (45).pdf,PDF Invoice,lcc-aj-batch-20260626-181154,67977741,YEAR SETS: AMERICA REVISITED SELECTION 1958 5-Coin Time Capsule Year Set Taxable Item
1c232dc4-6d9a-44a1-a896-6e99f73318c8,False,Kennedy Half Dollar,USA Invoice Import,,Denomination: 'Kennedy Half Dollar' → 'Half Dollar',{'Denomination': 'Half Dollar'},Scan_20260129 (50).pdf,PDF Invoice,lcc-aj-batch-20260626-181154,67576317,2024-P Kennedy Half Dollar Uncirculated
1c3ad2b8-6144-41ea-babc-b48f3d674053,False,Roosevelt Dime,Mercury Dime,,Denomination: 'Roosevelt Dime' → 'Dime',{'Denomination': 'Dime'},Receipt_2026-01-28_161141.pdf,PDF Invoice,lcc-aj-batch-20260626-180919,67226944,1943 Mercury Silver Dime Tax Free Item
1c509ffe-fa92-4c35-880f-92a5c67d6777,False,$1 Innovation Dollar,American Innovation Dollars,,Denomination: '$1 Innovation Dollar' → 'Dollar',{'Denomination': 'Dollar'},2026-06-03_091555.pdf,PDF Invoice,lcc-aj-batch-20260626-181154,67576317,2024-P Alabama U.S. Innovation Dollar Saturn V Rocket Uncirculated
1d7cc665-fc65-4673-beaf-c817345d4fe8,False,Washington Quarter,American Women Quarters,,Denomination: 'Washington Quarter' → 'Quarter Dollar',{'Denomination': 'Quarter Dollar'},Receipt_2026-06-03_093201.pdf,PDF Invoice,lcc-aj-batch-20260626-181154,65119068,2022-P Nina Otero-Warren Quarter Taxable Item
1dc6f633-98ac-4c3c-8c9b-92fc20b8302f,False,,America Revisited Selection,,no change,,Scan_20260129 (42).pdf,PDF Invoice,lcc-aj-batch-20260626-181154,67750428,YEAR SETS: AMERICA REVISITED SELECTION 1940 5-Coin Time Capsule Year Set Taxable Item
1e3d7b07-c9f8-4956-ae77-5c368b72dcd8,False,Native American Dollar,USA Invoice Import,,Denomination: 'Native American Dollar' → 'Dollar',{'Denomination': 'Dollar'},Receipt_2026-06-03_093306.pdf,PDF Invoice,lcc-aj-batch-20260626-181154,67576317,"2024-D Native American Dollar 
 Indian Citizenship Act 1924 
 Uncirculated"
1e64b2c8-5c07-498e-9dfc-d114c3d31d5e,False,Washington Quarter,American Women Quarters,,Denomination: 'Washington Quarter' → 'Quarter Dollar',{'Denomination': 'Quarter Dollar'},Scan_20260129 (2).pdf,PDF Invoice,lcc-aj-batch-20260626-181154,66520055,2023-P Maria Tallchief Quarter Taxable Item
1eec81ae-6a2f-4884-a177-1d1446f61904,False,Liberty Seated Quarter,Washington Quarter Club,,Denomination: 'Liberty Seated Quarter' → 'Quarter Dollar',{'Denomination': 'Quarter Dollar'},Receipt_2026-06-03_094402.pdf,PDF Invoice,lcc-aj-batch-20260626-181154,67040077,WASHINGTON QUARTER CLUB SELECTION 1845 Liberty Seated Silver Quarter No Motto Taxable Item
1f4f3ec7-bc2e-45af-a216-d1867eb6c3a7,False,,America Revisited Selection,,no change,,Receipt_2026-06-03_092716.pdf,PDF Invoice,lcc-aj-batch-20260626-181154,68370158,1943 5-Coin Time Capsule Year Set Taxable Item
1f5331de-2b2a-41f9-a26c-5d7b3cc2c3b3,False,Morgan Silver Dollar,OFFICIALLY SEALED CARSON CITY MINT MORGAN SILVER DOLLARS,,Denomination: 'Morgan Silver Dollar' → 'Dollar' | Program/Series casing: 'OFFICIALLY SEALED CARSON CITY MINT MORGAN SILVER DOLLARS' → 'Officially Sealed Carson City Mint Morgan Silver Dollars',"{'Denomination': 'Dollar', 'Program/Series': 'Officially Sealed Carson City Mint Morgan Silver Dollars'}",Receipt_2026-06-03_095047.pdf,PDF Invoice,lcc-aj-batch-20260626-181154,406183541,1884 CARSON CITY MORGAN SILVER DOLLAR
1f7ba50e-bc59-479d-a489-f73f0ee221e0,False,$5 Silver Certificate,USA Invoice Import,,category: '' → 'paper_currency',{'category': 'paper_currency'},Receipt_2026-06-03_101701_Part3.pdf,PDF Invoice,lcc-aj-batch-20260626-181154,67892115,1953 $5 Silver Certificate Interior Gutter Fold Taxable Item
20060a31-2eb6-4e04-bc97-409833acabcd,False,Buffalo Nickel,USA Invoice Import,,Denomination: 'Buffalo Nickel' → 'Five Cents',{'Denomination': 'Five Cents'},2026-06-03_091555.pdf,PDF Invoice,lcc-aj-batch-20260626-181154,67576317,1930-S Buffalo Nickel Average Circ
20130bf3-f33c-42fc-b39c-2487255dc25f,False,Washington Quarter,American Women Quarters,,Denomination: 'Washington Quarter' → 'Quarter Dollar',{'Denomination': 'Quarter Dollar'},Scan_20260129 (50).pdf,PDF Invoice,lcc-aj-batch-20260626-181154,67576317,2024-P Pauli Murray Quarter Uncirculated
20608ad7-b0d3-43d7-8475-e12be0a8b35b,False,$1 Silver Certificate,USA Invoice Import,,category: '' → 'paper_currency',{'category': 'paper_currency'},Receipt_2026-06-03_101701_Part2.pdf,PDF Invoice,lcc-aj-batch-20260626-181154,65812949,1935F $1 Silver Certificate Star Note Taxable Item
20cf7433-cdde-4791-b10c-bd1a8d1460dc,False,Buffalo Nickel,USA Invoice Import,,Denomination: 'Buffalo Nickel' → 'Five Cents',{'Denomination': 'Five Cents'},Scan_20260129 (53).pdf,PDF Invoice,lcc-aj-batch-20260626-181154,67576317,1935-S Buffalo Nickel
20d354e3-1c93-49cd-9998-58a2f4d4d03c,False,Roosevelt Dime,USA Invoice Import,,Denomination: 'Roosevelt Dime' → 'Dime',{'Denomination': 'Dime'},Receipt_2026-06-03_094122.pdf,PDF Invoice,lcc-aj-batch-20260626-181154,66819730,2020-S Roosevelt Dime Taxable Item
20f873d0-4a65-47b9-82e8-a224b5b326a6,False,Nickel,The U.S. Nickel Collection,,Denomination: 'Nickel' → 'Five Cents',{'Denomination': 'Five Cents'},Receipt_2026-06-03_102135.pdf,PDF Invoice,lcc-aj-batch-20260626-181154,405213042,THE U.S. NICKEL COLLECTION SHIPMENT 26 FOUR COINS AT $7.95 EACH PLUS $.95 EACH SHIPPING AND SERVICE 1883-89 LIBERTY HEAD NICKEL 1996 JEFFERSON NICKEL 1921 BUFFALO NICKEL 1994 JEFFERSON NICKEL
212705fa-019c-4356-b297-8d052b08659c,False,Kennedy Half Dollar,Half Dollar Club Selection,,Denomination: 'Kennedy Half Dollar' → 'Half Dollar',{'Denomination': 'Half Dollar'},Receipt_2026-06-03_093603.pdf,PDF Invoice,lcc-aj-batch-20260626-181154,66441817,THE HALF DOLLAR CLUB SELECTION 2018-S Kennedy Half Dollar Taxable Item
212ce5f7-ad25-4a33-b751-fed9b5e1481a,False,Morgan Silver Dollar,The Ultimate Modern Morgan and Peace Silver Dollar Collection,,Denomination: 'Morgan Silver Dollar' → 'Dollar',{'Denomination': 'Dollar'},Scan_20260129 (63).pdf,PDF Invoice,lcc-aj-batch-20260626-181154,405887043,THE ULTIMATE MODERN MORGAN AND PEACE SILVER DOLLAR COLLECTION ENCLOSED IS SHIPMENT # 3 2023 MORGAN SILVER $ UNC
21e6fa56-adcf-421f-a793-8f64d67eb936,False,Washington Quarter,American Women Quarters,,Denomination: 'Washington Quarter' → 'Quarter Dollar',{'Denomination': 'Quarter Dollar'},Scan_20260128 (8).pdf,PDF Invoice,lcc-aj-batch-20260626-181154,65712953,2022 P and D Mint US Women Quarter Set 10 Coins Uncirculated
22408bba-a196-4f97-88c8-f2160b89323a,False,Roosevelt Dime,USA Invoice Import,,Denomination: 'Roosevelt Dime' → 'Dime',{'Denomination': 'Dime'},Receipt_2026-06-03_094010.pdf,PDF Invoice,lcc-aj-retry-20260626-201949,67593420,2025-P Roosevelt Dime Taxable Item
226acd83-473c-446f-94cd-476df47bc170,False,Jefferson Nickel,THE U.S. NICKEL COLLECTION,,Denomination: 'Jefferson Nickel' → 'Five Cents' | Program/Series casing: 'THE U.S. NICKEL COLLECTION' → 'The U.S. Nickel Collection',"{'Denomination': 'Five Cents', 'Program/Series': 'The U.S. Nickel Collection'}",Receipt_2026-06-03_095349.pdf,PDF Invoice,lcc-aj-retry-20260626-201949,405213042,SHIPMENT 25 FOUR COINS AT $7.95 EACH PLUS $.95 EACH SHIPPING AND SERVICE 1971 JEFFERSON NICKEL
233c9bbf-23d5-41a8-95a4-e4594fb175ce,False,American Silver Eagle,THE WEST POINT BURNISHED AMERICAN EAGLE SILVER DOLLAR COLLECTION,,Denomination: 'American Silver Eagle' → 'Dollar' | Program/Series casing: 'THE WEST POINT BURNISHED AMERICAN EAGLE SILVER DOLLAR COLLECTION' → 'The West Point Burnished American Eagle Silver Dollar Collection',"{'Denomination': 'Dollar', 'Program/Series': 'The West Point Burnished American Eagle Silver Dollar Collection'}",Receipt_2026-06-03_094929.pdf,PDF Invoice,lcc-aj-batch-20260626-181154,402904254,2018 BURNISHED WEST POINT AMERICAN EAGLE
2341396f-cd47-479a-b8a6-7a478eb8dcc6,False,Nickel,THE U.S. NICKEL COLLECTION,,Denomination: 'Nickel' → 'Five Cents' | Program/Series casing: 'THE U.S. NICKEL COLLECTION' → 'The U.S. Nickel Collection',"{'Denomination': 'Five Cents', 'Program/Series': 'The U.S. Nickel Collection'}",Receipt_2026-06-03_095612_Part3.pdf,PDF Invoice,lcc-aj-batch-20260626-181154,405213042,THE U.S. NICKEL COLLECTION SHIPMENT 7 FOUR COINS AT $7.95 EACH PLUS $.95 EACH SHIPPING AND SERVICE 1911 LIBERTY HEAD NICKEL 1952 JEFFERSON NICKEL 2001 JEFFERSON NICKEL 1980 JEFFERSON NICKEL
23a1fc7b-90d3-41b3-91ca-3b443744f9c1,False,Kennedy Half Dollar,USA Invoice Import,,Denomination: 'Kennedy Half Dollar' → 'Half Dollar',{'Denomination': 'Half Dollar'},Scan_20260129 (35).pdf,PDF Invoice,lcc-aj-batch-20260626-181154,66441817,"2023-S Kennedy 50C 99.9% Silver
Taxable Item"
23cab63a-9863-4236-9196-11b98259e7f1,False,Washington Quarter,American Women Quarters,,Denomination: 'Washington Quarter' → 'Quarter Dollar',{'Denomination': 'Quarter Dollar'},Scan_20260129 (50).pdf,PDF Invoice,lcc-aj-batch-20260626-181154,67576317,2024-D Patsy Takemoto Mink Quarter Uncirculated
23d7c4b1-bdb9-481d-9314-30dca08e54a9,False,Mercury Dime,USA Invoice Import,,Denomination: 'Mercury Dime' → 'Dime',{'Denomination': 'Dime'},Receipt_2026-06-03_092052.pdf,PDF Invoice,lcc-aj-batch-20260626-181154,67226944,"1943 Mercury Silver Dime
Tax Free Item"
24446ad3-e5d7-4c69-b1c1-7d42f3cb1cab,False,Washington Quarter,The Celebrating America Coin Collection / American Women Quarters,,Denomination: 'Washington Quarter' → 'Quarter Dollar',{'Denomination': 'Quarter Dollar'},Scan_20260129 (74).pdf,PDF Invoice,lcc-aj-batch-20260626-181154,398953570,THE CELEBRATING AMERICA COIN COLLECTION SHIPMENT 10 JOVITA IDAR
244c880d-1dbb-452c-aa39-5b8f2cfc0ba6,False,Roosevelt Dime,USA Invoice Import,,Denomination: 'Roosevelt Dime' → 'Dime',{'Denomination': 'Dime'},Scan_20260129 (51).pdf,PDF Invoice,lcc-aj-batch-20260626-181154,67054670,2021-S Roosevelt Dime Ch Proof-63
24649129-9a0e-4e04-8c84-49e509fb90a8,False,Washington Quarter,American Women Quarters,,Denomination: 'Washington Quarter' → 'Quarter Dollar',{'Denomination': 'Quarter Dollar'},Scan_20260129 (2).pdf,PDF Invoice,lcc-aj-batch-20260626-181154,66520055,2023-D Maria Tallchief Quarter Taxable Item
24a2cc34-8f52-4f1e-a33a-08ccfd681bae,False,$5 Legal Tender Note,American Paper Money Club Selection,,category: '' → 'paper_currency',{'category': 'paper_currency'},Scan_20260129 (11).pdf,PDF Invoice,lcc-aj-batch-20260626-181154,65812949,"AMERICAN PAPER MONEY CLUB SELECTION 1907 $5 Legal Tender Note ""PCBLIC"" Engraving Error Reverse Taxable Item V. Fine/E. F"
24d270bf-4a89-4966-97d2-d249a93b5f06,False,Nickel,The U.S. Nickel Collection,,Denomination: 'Nickel' → 'Five Cents',{'Denomination': 'Five Cents'},Receipt_2026-06-03_102135.pdf,PDF Invoice,lcc-aj-batch-20260626-181154,405213042,THE U.S. NICKEL COLLECTION SHIPMENT 27 FOUR COINS AT $7.95 EACH PLUS $.95 EACH SHIPPING AND SERVICE 1917 BUFFALO NICKEL 1890-99 LIBERTY HEAD NICKEL 1942 JEFFERSON NICKEL - WARTIME SILVER 1986 JEFFERSON NICKEL
25174526-be22-4023-afa6-d4c0cc7f370b,False,American Silver Eagle Dollar,USA Invoice Import,,Denomination: 'American Silver Eagle Dollar' → 'Dollar',{'Denomination': 'Dollar'},Receipt_2026-06-03_093306.pdf,PDF Invoice,lcc-aj-batch-20260626-181154,67576317,"2021 New American Silver Eagle Dollar 
 Type II Reverse Design 
 Uncirculated"
254a80a6-bae1-489d-882d-b57869fc3ac5,False,Dime,USA Invoice Import,,no change,,Scan_20260129 (32).pdf,PDF Invoice,lcc-aj-batch-20260626-181154,65773987,1892 Barber Silver Dime Tax Free Item Good
258d845f-a2b2-40c4-8dc4-eb9eba46ba8d,False,Kennedy Half Dollar,Kennedy Half Dollar,,Denomination: 'Kennedy Half Dollar' → 'Half Dollar',{'Denomination': 'Half Dollar'},Receipt_2026-06-03_093201.pdf,PDF Invoice,lcc-aj-batch-20260626-181154,65158106,2023-P Kennedy Half Dollar Taxable Item
25ab944f-492a-4fb8-8545-de70ef277879,False,Capped Bust Dime,U.S. DIME COLLECTION SELECTION,,Denomination: 'Capped Bust Dime' → 'Dime' | Program/Series casing: 'U.S. DIME COLLECTION SELECTION' → 'U.S. Dime Collection Selection',"{'Denomination': 'Dime', 'Program/Series': 'U.S. Dime Collection Selection'}",Receipt_2026-06-03_102540.pdf,PDF Invoice,lcc-aj-stubborn-final,68562222,"1831 Capped Bust Silver Dime
Taxable Item Extra Fine"
25d81768-517d-42b1-bee7-dd4df81ec460,False,Jefferson Nickel,The U.S. Nickel Collection - Shipment 11,,Denomination: 'Jefferson Nickel' → 'Five Cents',{'Denomination': 'Five Cents'},Scan_20260129 (128)_Part6.pdf,PDF Invoice,lcc-aj-batch-20260626-181154,405213042,1956 JEFFERSON NICKEL
25d8dd1d-51da-4540-bff0-ef69f72eeee2,False,Washington Quarter,American Women Quarters,,Denomination: 'Washington Quarter' → 'Quarter Dollar',{'Denomination': 'Quarter Dollar'},Scan_20260129 (17).pdf,PDF Invoice,lcc-aj-batch-20260626-181154,67040077,2025-P Ida B. Wells Quarter Taxable Item Uncirculated
26eb5465-2f37-4422-9370-c4389a8d4d66,False,Roosevelt Dime,USA Invoice Import,,Denomination: 'Roosevelt Dime' → 'Dime',{'Denomination': 'Dime'},Scan_20260129 (24).pdf,PDF Invoice,lcc-aj-retry-20260626-201949,66151496,2015-S Roosevelt Dime 90% Silver Tax Free Item Ch Proof-63
26fcc14d-8803-49f4-a62e-9420f1ea8419,False,Native American Dollar,Native American $1 Coin,,Denomination: 'Native American Dollar' → 'Dollar',{'Denomination': 'Dollar'},Receipt_2026-01-28_161141.pdf,PDF Invoice,lcc-aj-batch-20260626-181154,67226944,2017-P Native American Dollar Cherokee Syllabary Sequoyah Tax Free Item Uncirculated
271a7796-5fa6-49db-83be-00a5fd116383,False,Walking Liberty Half Dollar,USA Invoice Import,,Denomination: 'Walking Liberty Half Dollar' → 'Half Dollar',{'Denomination': 'Half Dollar'},Receipt_2026-06-03_091829.pdf,PDF Invoice,lcc-aj-batch-20260626-181154,67290645,1943 Liberty Walking Silver 50C
27565761-690f-4629-ba70-7b17fa06cbfa,False,Indian Head Cent,USA Invoice Import,,Denomination: 'Indian Head Cent' → 'Cent',{'Denomination': 'Cent'},Scan_20260129 (51).pdf,PDF Invoice,lcc-aj-batch-20260626-181154,67054670,1893 Indian Head Cent Good
27653b41-f822-4107-b085-6e18a570ab8a,False,Year Set,USA Invoice Import,,no change,,2026-06-03_091725.pdf,PDF Invoice,lcc-aj-batch-20260626-181154,67305371,1964 5-Coin Time Capsule Year Set Tax Free Item Circulated
2789d921-19c5-4d31-a6d9-552cee638fe4,False,Capped Bust Half Dime,U.S. Dime Collection Selection,,Denomination: 'Capped Bust Half Dime' → 'Half Dime',{'Denomination': 'Half Dime'},Scan_20260129 (29).pdf,PDF Invoice,lcc-aj-batch-20260626-181154,66803791,U.S. DIME COLLECTION SELECTION 1837 Capped Bust Silver Half Dime Large 5C Tax Free Item About Unc-50
27df0b36-a935-45f9-9989-2675e48acbc2,False,Two-Cent Piece,The U.S. Coin Complete Denomination Set,,Denomination: 'Two-Cent Piece' → 'Two Cents',{'Denomination': 'Two Cents'},Receipt_2026-06-03_095754.pdf,PDF Invoice,lcc-aj-batch-20260626-181154,406368555,THE U.S. COIN COMPLETE DENOMINATION SET ENCLOSED IS SHIPMENT # 7 TWO-CENT PIECE
28672832-4ae2-4cb2-a564-d0dd00876425,False,$1,The Statehood Innovation Dollar Coin Collection,,category: '' → 'paper_currency',{'category': 'paper_currency'},Receipt_2026-06-03_100133.pdf,PDF Invoice,lcc-aj-batch-20260626-181154,389188129,THE STATEHOOD INNOVATION DOLLAR COIN COLLECTION SHIPMENT 21 MISSISSIPPI
28dad78b-2ffc-4640-94c1-fd4454d2a9f6,False,Lincoln Cent,USA Invoice Import,,Denomination: 'Lincoln Cent' → 'Cent',{'Denomination': 'Cent'},Receipt_2026-06-03_091509.pdf,PDF Invoice,lcc-aj-batch-20260626-181154,67054670,2023 Lincoln Head Cent Uncirculated
2956ca78-f4e5-4e23-861f-c98f6951bd6f,False,,Time Capsule Year Set,,no change,,Scan_20260129 (45).pdf,PDF Invoice,lcc-aj-batch-20260626-181154,67977741,YEAR SETS: AMERICA REVISITED SELECTION 1953 5-Coin Time Capsule Year Set Taxable Item
297b7b2b-d6a8-4726-8f04-819bf59ec1e0,False,Liberty Head Nickel,The U.S. Nickel Collection - Shipment 11,,Denomination: 'Liberty Head Nickel' → 'Five Cents',{'Denomination': 'Five Cents'},Scan_20260129 (128)_Part6.pdf,PDF Invoice,lcc-aj-batch-20260626-181154,405213042,1907 LIBERTY HEAD NICKEL
299e9114-a969-4384-84d9-49d79f205076,False,Kennedy Half Dollar,USA Invoice Import,,Denomination: 'Kennedy Half Dollar' → 'Half Dollar',{'Denomination': 'Half Dollar'},Scan_20260129 (36).pdf,PDF Invoice,lcc-aj-batch-20260626-181154,66327175,2024-D Kennedy Half Dollar Tax Free Item
29ef2d78-1706-4b26-a0f0-d5d5bf54aaba,False,Washington Quarter,USA Invoice Import,,Denomination: 'Washington Quarter' → 'Quarter Dollar',{'Denomination': 'Quarter Dollar'},Scan_20260129 (55).pdf,PDF Invoice,lcc-aj-batch-20260626-181154,67506820,1995-S Washington Quarter Copper-Nickel
2a0ab362-6564-47a3-af76-b3a506f7eca7,False,$1 Federal Reserve Note,AMERICAN PAPER MONEY CLUB SELECTION,,category: '' → 'paper_currency' | Program/Series casing: 'AMERICAN PAPER MONEY CLUB SELECTION' → 'American Paper Money Club Selection',"{'category': 'paper_currency', 'Program/Series': 'American Paper Money Club Selection'}",Receipt_2026-06-03_102735.pdf,PDF Invoice,lcc-aj-batch-20260626-181154,68392428,AMERICAN PAPER MONEY CLUB SELECTION 1969D $1 Federal Reserve Note Taxable Item
2a1a38e6-1fe5-43a3-91e4-287fa6483b1e,False,Nickel,THE U.S. NICKEL COLLECTION,,Denomination: 'Nickel' → 'Five Cents' | Program/Series casing: 'THE U.S. NICKEL COLLECTION' → 'The U.S. Nickel Collection',"{'Denomination': 'Five Cents', 'Program/Series': 'The U.S. Nickel Collection'}",Receipt_2026-06-03_095612_Part1.pdf,PDF Invoice,lcc-aj-batch-20260626-181154,405213042,SHIPMENT 12 FOUR COINS AT $7.95 EACH PLUS $.95 EACH SHIPPING AND SERVICE 1912 LIBERTY HEAD NICKEL 1981 JEFFERSON NICKEL 1961 JEFFERSON NICKEL 1992 JEFFERSON NICKEL
2a1b08ea-2886-4b74-889c-8ab5ba1ab446,False,$1,The Statehood Innovation Dollar Coin Collection,,category: '' → 'paper_currency',{'category': 'paper_currency'},Receipt_2026-06-03_100133.pdf,PDF Invoice,lcc-aj-batch-20260626-181154,389188129,THE STATEHOOD INNOVATION DOLLAR COIN COLLECTION SHIPMENT 27 MICHIGAN
2a57691e-f3a9-44df-9119-435defb60f12,False,$2 Federal Reserve Note,AMERICAN PAPER MONEY CLUB SELECTION,,category: '' → 'paper_currency' | Program/Series casing: 'AMERICAN PAPER MONEY CLUB SELECTION' → 'American Paper Money Club Selection',"{'category': 'paper_currency', 'Program/Series': 'American Paper Money Club Selection'}",Receipt_2026-06-03_102735.pdf,PDF Invoice,lcc-aj-batch-20260626-181154,68392428,AMERICAN PAPER MONEY CLUB SELECTION 1976 $2 Federal Reserve Note Taxable Item
2a8c1216-3d15-4dfa-a282-0e5f659c65e3,False,10C Fractional Currency,USA Invoice Import,,category: '' → 'paper_currency',{'category': 'paper_currency'},Receipt_2026-06-03_101701_Part4.pdf,PDF Invoice,lcc-aj-batch-20260626-181154,67750430,1863-1867 10C Frac w/surchrge 0-63 Taxable Item
2ad143a7-7787-4bdf-bfb1-c1db60a809b7,False,Roosevelt Dime,USA Invoice Import,,Denomination: 'Roosevelt Dime' → 'Dime',{'Denomination': 'Dime'},Scan_20260129 (51).pdf,PDF Invoice,lcc-aj-batch-20260626-181154,67054670,1982-S Roosevelt Dime Ch Proof-63
2b55b7f9-412d-4363-aa33-1bd1f79f7d4b,False,Mercury Dime,USA Invoice Import,,Denomination: 'Mercury Dime' → 'Dime',{'Denomination': 'Dime'},Receipt_2026-06-03_094122.pdf,PDF Invoice,lcc-aj-batch-20260626-181154,67869569,1930-S Mercury Silver Dime Taxable Item
2ba3240b-a1b3-4ba8-88e9-b60bbf4cff78,False,Washington Quarter,American Women Quarters,,Denomination: 'Washington Quarter' → 'Quarter Dollar',{'Denomination': 'Quarter Dollar'},Scan_20260129 (50).pdf,PDF Invoice,lcc-aj-batch-20260626-181154,67576317,2024-D Zitkala-Sa Quarter Uncirculated
2c357e77-0966-4316-8433-6c4c11684cc1,False,Morgan Silver Dollar,The Ultimate Modern Morgan and Peace Silver Dollar Collection,,Denomination: 'Morgan Silver Dollar' → 'Dollar',{'Denomination': 'Dollar'},Receipt_2026-06-03_100549.pdf,PDF Invoice,lcc-aj-retry-20260626-201949,405887043,2024 MORGAN SILVER $ REVERSE PROOF
2c63c6b1-9747-4ab2-983b-4fca8a52d23b,False,,America Revisited Selection,,no change,,Receipt_2026-06-03_092716.pdf,PDF Invoice,lcc-aj-batch-20260626-181154,67390500,YEAR SETS: AMERICA REVISITED SELECTION 1962 5-Coin Time Capsule Year Set Taxable Item
2c9e3158-3b6c-4c5c-b22d-ed137f3c7ea2,False,Innovation Dollar,American Innovation Dollars,,Denomination: 'Innovation Dollar' → 'Dollar',{'Denomination': 'Dollar'},Scan_20260129 (53).pdf,PDF Invoice,lcc-aj-batch-20260626-181154,67576317,2024-D Missouri U.S. Innovation Dollar
2cc7e281-0467-4553-b02f-feb23e07e343,False,Buffalo Nickel,USA Invoice Import,,Denomination: 'Buffalo Nickel' → 'Five Cents',{'Denomination': 'Five Cents'},Receipt_2026-01-28_161141.pdf,PDF Invoice,lcc-aj-batch-20260626-181154,67226944,1936-S Buffalo Nickel Tax Free Item Average Circ
2d797cb9-6629-4805-ad6a-8c40f364b45a,False,American Silver Eagle,American Eagle,,Denomination: 'American Silver Eagle' → 'Dollar',{'Denomination': 'Dollar'},Scan_20260129 (51).pdf,PDF Invoice,lcc-aj-batch-20260626-181154,67054670,2021-W American Silver Eagle Dollar Mercanti Signed Label NGC Superb Gem P
2dc71417-97c2-4472-9df9-63fb550217ba,False,Washington Quarter,The Celebrating America Coin Collection,,Denomination: 'Washington Quarter' → 'Quarter Dollar',{'Denomination': 'Quarter Dollar'},Scan_20260129 (71).pdf,PDF Invoice,lcc-aj-batch-20260626-181154,398953570,THE CELEBRATING AMERICA COIN COLLECTION SHIPMENT 13 PATSY TAKEMOTO MINK
2e1c2aa5-c923-4640-852a-3ffb90a34112,False,Mercury Dime,U.S. DIME COLLECTION SELECTION,,Denomination: 'Mercury Dime' → 'Dime' | Program/Series casing: 'U.S. DIME COLLECTION SELECTION' → 'U.S. Dime Collection Selection',"{'Denomination': 'Dime', 'Program/Series': 'U.S. Dime Collection Selection'}",Receipt_2026-06-03_094122.pdf,PDF Invoice,lcc-aj-batch-20260626-181154,67379713,U.S. DIME COLLECTION SELECTION 1928-S Mercury Silver Dime Taxable Item
2e218efe-b04a-4e58-9310-a2ecfd55eca2,False,Lincoln Cent,Wheat Cents,,Denomination: 'Lincoln Cent' → 'Cent',{'Denomination': 'Cent'},Scan_20260128 (16).pdf,PDF Invoice,lcc-aj-batch-20260626-181154,65804568,1909 VDB Lincoln Head Cent
2e336d21-13e1-4d7e-8771-7a89a27d3ad3,False,Washington Quarter,USA Invoice Import,,Denomination: 'Washington Quarter' → 'Quarter Dollar',{'Denomination': 'Quarter Dollar'},Scan_20260128 (8).pdf,PDF Invoice,lcc-aj-batch-20260626-181154,65712953,1948 Washington Silver Quarter Average Circ
2ed5c275-f277-49f3-b6ff-14437efc3a08,False,Washington Quarter,American Women Quarters,,Denomination: 'Washington Quarter' → 'Quarter Dollar',{'Denomination': 'Quarter Dollar'},Receipt_2026-06-03_094507.pdf,PDF Invoice,lcc-aj-batch-20260626-181154,67617368,2025-S Stacey Park Milbern Quarter Silver Bullion Taxable Item
2f357b0e-e9ed-4762-a62b-ccee9e6fc839,False,Washington Quarter,American Women Quarters,,Denomination: 'Washington Quarter' → 'Quarter Dollar',{'Denomination': 'Quarter Dollar'},Scan_20260129 (2).pdf,PDF Invoice,lcc-aj-batch-20260626-181154,66520055,2024-D Pauli Murray Quarter Taxable Item
2faa4d6a-725a-4988-81ee-465ac8cbaa0a,False,Roosevelt Dime,USA Invoice Import,,Denomination: 'Roosevelt Dime' → 'Dime',{'Denomination': 'Dime'},Receipt_2026-06-03_092052.pdf,PDF Invoice,lcc-aj-batch-20260626-181154,67000011,1963-D Roosevelt Silver Dime
30475b72-3e1f-4f89-b128-eff25f9a87da,False,Mercury Dime,USA Invoice Import,,Denomination: 'Mercury Dime' → 'Dime',{'Denomination': 'Dime'},Receipt_2026-06-03_094249.pdf,PDF Invoice,lcc-aj-stubborn-20260626-203600,68065135,1924-S Mercury Silver Dime Taxable Item
30778936-c55e-489f-a1d0-86b31eb95ddf,False,Washington Quarter,USA Invoice Import,,Denomination: 'Washington Quarter' → 'Quarter Dollar',{'Denomination': 'Quarter Dollar'},Receipt_2026-06-03_091509.pdf,PDF Invoice,lcc-aj-batch-20260626-181154,67054670,1945-S Washington Silver Quarter Average Circ
31579527-a917-40f8-9ed6-81cecfc32e32,False,Washington Quarter,American Women Quarters / The Celebrating America Coin Collection,,Denomination: 'Washington Quarter' → 'Quarter Dollar',{'Denomination': 'Quarter Dollar'},Receipt_2026-06-03_100400.pdf,PDF Invoice,lcc-aj-batch-20260626-181154,398953570,THE CELEBRATING AMERICA COIN COLLECTION SHIPMENT 14 DR. MARY EDWARDS WALKER
3162058b-ca7a-454a-8d0f-cee233c0297a,False,Washington Quarter,USA Invoice Import,,Denomination: 'Washington Quarter' → 'Quarter Dollar',{'Denomination': 'Quarter Dollar'},Receipt_2026-06-03_101701_Part1.pdf,PDF Invoice,lcc-aj-batch-20260626-181154,67506820,1945-S Washington Silver Quarter
3163e7ab-a9b3-40a4-b3f0-7ecfc8e16cb6,False,Silver Dollar,The Complete Original-Design Proof Silver Eagle Dollar Collection,,Denomination: 'Silver Dollar' → 'Dollar',{'Denomination': 'Dollar'},Scan_20260129 (108).pdf,PDF Invoice,lcc-aj-batch-20260626-181154,401581731,THE COMPLETE ORIGINAL-DESIGN PROOF SILVER EAGLE DOLLAR COLLECTION 2001 PROOF AMERICAN EAGLE SILVER DOLLAR
322a7a5c-0daa-4c81-8b88-f33042407436,False,Liberty Seated Quarter,Washington Quarter Club,,Denomination: 'Liberty Seated Quarter' → 'Quarter Dollar',{'Denomination': 'Quarter Dollar'},Receipt_2026-06-03_094402.pdf,PDF Invoice,lcc-aj-batch-20260626-181154,65943495,WASHINGTON QUARTER CLUB SELECTION 1885 Liberty Seated Silver Quarter NGC Tax Free Item
32cc2d9f-f94e-4b2f-b5fa-6175facb1b98,False,American Silver Eagle,THE WEST POINT BURNISHED AMERICAN EAGLE SILVER DOLLAR COLLECTION,,Denomination: 'American Silver Eagle' → 'Dollar' | Program/Series casing: 'THE WEST POINT BURNISHED AMERICAN EAGLE SILVER DOLLAR COLLECTION' → 'The West Point Burnished American Eagle Silver Dollar Collection',"{'Denomination': 'Dollar', 'Program/Series': 'The West Point Burnished American Eagle Silver Dollar Collection'}",Receipt_2026-06-03_094929.pdf,PDF Invoice,lcc-aj-batch-20260626-181154,402904254,2015 BURNISHED WEST POINT AMERICAN EAGLE
32fd4983-6705-4e13-bc5f-05a22ef7b3db,False,Mixed,The World War II U.S. Coin Collection,,no change,,Scan_20260129 (102).pdf,PDF Invoice,lcc-aj-batch-20260626-181154,406380469,"THE WORLD WAR II U.S. COIN COLLECTION
ENCLOSED IS SHIPMENT # 2
1941-S LINCOLN PENNY
1941-S JEFFERSON NICKEL
1941-S MERC. DIME & WASHINGTON QUARTER
1941-S WALKING LIBERTY HALF-DOLLAR
1940 3C TORCH OF ENLIGHTENMENT STAMP (5)"
3337ae45-d879-4442-8c73-4d024eb4433e,False,Roosevelt Dime,USA Invoice Import,,Denomination: 'Roosevelt Dime' → 'Dime',{'Denomination': 'Dime'},Receipt_2026-06-03_094010.pdf,PDF Invoice,lcc-aj-batch-20260626-181154,67593420,"2025-S Roosevelt Dime
Taxable Item"
3394223d-8d7f-4ad9-9a7d-6967d0f8e9c5,False,Innovation Dollar,American Innovation Dollars,,Denomination: 'Innovation Dollar' → 'Dollar',{'Denomination': 'Dollar'},Scan_20260129 (53).pdf,PDF Invoice,lcc-aj-batch-20260626-181154,67576317,2024-D Maine U.S. Innovation Dollar Direct Current Defibrillator
33bcdceb-fe01-4d96-956d-920e062090e9,False,Lincoln Cent,USA Invoice Import,,Denomination: 'Lincoln Cent' → 'Cent',{'Denomination': 'Cent'},Receipt_2026-01-28_161342.pdf,PDF Invoice,lcc-aj-batch-20260626-180919,67000001,1928-D Lincoln Head Cent
33e107ed-6d21-414c-bd2e-2deef0e1f2a1,False,Roosevelt Dime,USA Invoice Import,,Denomination: 'Roosevelt Dime' → 'Dime',{'Denomination': 'Dime'},Scan_20260129 (24).pdf,PDF Invoice,lcc-aj-retry-20260626-201949,66151496,2003-D Roosevelt Dime Tax Free Item Uncirculated
3409a897-637f-40cd-af6d-48887e1e81d6,False,Washington Quarter,Celebrating America Coin Collection,,Denomination: 'Washington Quarter' → 'Quarter Dollar',{'Denomination': 'Quarter Dollar'},Scan_20260129 (77).pdf,PDF Invoice,lcc-aj-batch-20260626-181154,398953570,THE CELEBRATING AMERICA COIN COLLECTION SHIPMENT 17 IDA B WELLS
343222fc-4256-4512-b6b2-778e341c4623,False,American Silver Eagle,THE COMPLETE 2020 AMERICAN EAGLE NGCX SILVER DOLLAR SET,,Denomination: 'American Silver Eagle' → 'Dollar' | Program/Series casing: 'THE COMPLETE 2020 AMERICAN EAGLE NGCX SILVER DOLLAR SET' → 'The Complete 2020 American Eagle NGCX Silver Dollar Set',"{'Denomination': 'Dollar', 'Program/Series': 'The Complete 2020 American Eagle NGCX Silver Dollar Set'}",Receipt_2026-06-03_100928.pdf,PDF Invoice,lcc-aj-batch-20260626-181154,404995094,"THE COMPLETE 2020 AMERICAN EAGLE NGCX SILVER DOLLAR SET
ENCLOSED IS SHIPMENT # 2
UNC. SAN FRANCISCO EMERGENCY ISSUE EAGLE"
3490d26d-6220-4cfb-8005-b7513da11070,False,$5 National Bank Note Large Size,USA Invoice Import,,category: '' → 'paper_currency',{'category': 'paper_currency'},Receipt_2026-06-03_101701_Part3.pdf,PDF Invoice,lcc-aj-batch-20260626-181154,67892115,1882 $5 National Bank Note Large Size Portland Maine Brown Back PMG #1060 Taxable Item
34b4bc30-6a25-47fb-b055-14809de5bd24,False,Washington Quarter,American Women Quarters / The Celebrating America Coin Collection,,Denomination: 'Washington Quarter' → 'Quarter Dollar',{'Denomination': 'Quarter Dollar'},Receipt_2026-06-03_100400.pdf,PDF Invoice,lcc-aj-batch-20260626-181154,398953570,THE CELEBRATING AMERICA COIN COLLECTION SHIPMENT 16 ZITKALA-SA
34b661ba-0ced-481a-8f6d-f44d6ded4f1c,False,50C Fractional Currency,USA Invoice Import,,category: '' → 'paper_currency',{'category': 'paper_currency'},Receipt_2026-06-03_101701_Part1.pdf,PDF Invoice,lcc-aj-batch-20260626-181154,67670995,1874-1876 50C Fractional Currency Taxable Item
34b77373-ec98-4e4a-8b50-e000802be978,False,,The World War II U.S. Coin Collection,,no change,,Receipt_2026-06-03_100745.pdf,PDF Invoice,lcc-aj-batch-20260626-181154,406380469,THE WORLD WAR II U.S. COIN COLLECTION ENCLOSED IS SHIPMENT # 2 1941-S LINCOLN PENNY 1941-S JEFFERSON NICKEL 1941-S MERC. DIME & WASHINGTON QUARTER 1941-S WALKING LIBERTY HALF-DOLLAR 1940 3C TORCH OF ENLIGHTENMENT STAMP (5)
34cc876f-4687-4b9a-ac70-fba1feb13cfa,False,Walking Liberty Half Dollar,USA Invoice Import,,Denomination: 'Walking Liberty Half Dollar' → 'Half Dollar',{'Denomination': 'Half Dollar'},Scan_20260128 (6).pdf,PDF Invoice,lcc-aj-stubborn-20260626-203600,67000011,1941-S Liberty Walking Silver 50C Average Circ
34cf3de4-2a10-4f7c-9e6a-7817a4e3185d,False,Jefferson Nickel,USA Invoice Import,,Denomination: 'Jefferson Nickel' → 'Five Cents',{'Denomination': 'Five Cents'},Receipt_2026-06-03_092205.pdf,PDF Invoice,lcc-aj-batch-20260626-181154,67000001,1964 Jefferson Nickel Average Circ
3505526c-0798-45fc-bd42-ba7d505639c9,False,Jefferson Nickel,THE U.S. NICKEL COLLECTION,,Denomination: 'Jefferson Nickel' → 'Five Cents' | Program/Series casing: 'THE U.S. NICKEL COLLECTION' → 'The U.S. Nickel Collection',"{'Denomination': 'Five Cents', 'Program/Series': 'The U.S. Nickel Collection'}",Receipt_2026-06-03_095349.pdf,PDF Invoice,lcc-aj-retry-20260626-201949,405213042,SHIPMENT 22 FOUR COINS AT $7.95 EACH PLUS $.95 EACH SHIPPING AND SERVICE 1944 JEFFERSON NICKEL - WARTIME SILVER
3506dd7e-8118-4b27-abfd-c55d55224cd3,False,Liberty Seated Dime,U.S. DIME COLLECTION SELECTION,,Denomination: 'Liberty Seated Dime' → 'Dime' | Program/Series casing: 'U.S. DIME COLLECTION SELECTION' → 'U.S. Dime Collection Selection',"{'Denomination': 'Dime', 'Program/Series': 'U.S. Dime Collection Selection'}",Receipt_2026-06-03_102735.pdf,PDF Invoice,lcc-aj-batch-20260626-181154,68408703,U.S. DIME COLLECTION SELECTION 1856-O Liberty Seated Silver Dime Stars Taxable Item
3518d8cb-6e97-40a9-bf63-4dfc3c5ac10b,False,Peace Silver Dollar,Peace Dollar,,Denomination: 'Peace Silver Dollar' → 'Dollar',{'Denomination': 'Dollar'},Receipt_2026-06-03_092551.pdf,PDF Invoice,lcc-aj-batch-20260626-181154,2009662107,2024-S Peace Silver Dollar
35345e21-18a5-46a4-8620-5fb262f2c3b5,False,$1 Innovation Dollar,American Innovation Dollars,,Denomination: '$1 Innovation Dollar' → 'Dollar',{'Denomination': 'Dollar'},2026-06-03_091555.pdf,PDF Invoice,lcc-aj-batch-20260626-181154,67576317,2024-D Illinois U.S. Innovation Dollar Uncirculated
356f2d7b-4b8b-49ac-a08c-389517501dde,False,Lincoln Cent,Wheat Cents,,Denomination: 'Lincoln Cent' → 'Cent',{'Denomination': 'Cent'},Scan_20260128 (16).pdf,PDF Invoice,lcc-aj-batch-20260626-181154,65804568,1909-1958 Lincoln Head Wheat Cents 50 Coins
361366d0-038b-43cb-97a3-477d5d97d9b9,False,Peace Silver Dollar,The Ultimate Modern Morgan and Peace Silver Dollar Collection,,Denomination: 'Peace Silver Dollar' → 'Dollar',{'Denomination': 'Dollar'},Receipt_2026-06-03_100549.pdf,PDF Invoice,lcc-aj-retry-20260626-201949,405887043,2023 PEACE SILVER $ REVERSE PROOF
3635d89f-78fd-42ca-addf-2fcbce1e88d0,False,American Silver Eagle,The Complete Original-Design Proof Silver Eagle Dollar Collection,,Denomination: 'American Silver Eagle' → 'Dollar',{'Denomination': 'Dollar'},Scan_20260129 (107).pdf,PDF Invoice,lcc-aj-batch-20260626-181154,401581731,2021 PROOF AMERICAN EAGLE SILVER DOLLAR
3693683b-058c-4bad-8d1b-778bdddb6b40,False,Jefferson Nickel,THE U.S. NICKEL COLLECTION,,Denomination: 'Jefferson Nickel' → 'Five Cents' | Program/Series casing: 'THE U.S. NICKEL COLLECTION' → 'The U.S. Nickel Collection',"{'Denomination': 'Five Cents', 'Program/Series': 'The U.S. Nickel Collection'}",Scan_20260129 (121)_Part1.pdf,PDF Invoice,lcc-aj-batch-20260626-181154,405213042,1963 JEFFERSON NICKEL
369ee97c-1023-4fac-a366-7095cfd6e20b,False,Lincoln Cent,USA Invoice Import,,Denomination: 'Lincoln Cent' → 'Cent',{'Denomination': 'Cent'},Receipt_2026-06-03_091509.pdf,PDF Invoice,lcc-aj-batch-20260626-181154,67054670,1968-S Lincoln Head Cent Uncirculated
370dfe7f-7ff2-499f-9ccc-9b2e469c074d,False,Liberty Head Nickel,The U.S. Nickel Collection,,Denomination: 'Liberty Head Nickel' → 'Five Cents',{'Denomination': 'Five Cents'},Scan_20260129 (120)_Part3.pdf,PDF Invoice,lcc-aj-batch-20260626-181154,405213042,1911 LIBERTY HEAD NICKEL
3713173e-7d99-41f8-95f0-f0e866667cac,False,Roosevelt Dime,USA Invoice Import,,Denomination: 'Roosevelt Dime' → 'Dime',{'Denomination': 'Dime'},Scan_20260129 (31).pdf,PDF Invoice,lcc-aj-batch-20260626-181154,66819730,2024-S Roosevelt Dime Taxable Item
373ab304-8b26-4da5-be58-1f7dc1b2bdf3,False,$10 Federal Reserve Note,Federal Reserve Note,,category: '' → 'paper_currency',{'category': 'paper_currency'},Receipt_2026-06-03_093201.pdf,PDF Invoice,lcc-aj-batch-20260626-181154,64963243,1914 $10 Federal Reserve Note Large Size Taxable Item
37a4f720-553d-4024-8ebc-ba07ec4a72bb,False,Barber Dime,Barber,,Denomination: 'Barber Dime' → 'Dime',{'Denomination': 'Dime'},Scan_20260129 (51).pdf,PDF Invoice,lcc-aj-batch-20260626-181154,67054670,1910 Barber Silver Dime Good
37b13ca0-9ef8-4bb5-9f30-c1b871520e57,False,Jefferson Nickel,The U.S. Nickel Collection,,Denomination: 'Jefferson Nickel' → 'Five Cents',{'Denomination': 'Five Cents'},Scan_20260129 (128)_Part1.pdf,PDF Invoice,lcc-aj-batch-20260626-181154,405213042,2015 JEFFERSON NICKEL
37b23c58-23ba-40eb-b648-1384be8bb707,False,Various,U.S. Uncirculated Coin Mint Sets,,no change,,Scan_20260129 (122)_Part4.pdf,PDF Invoice,lcc-aj-batch-20260626-181154,362308793,U.S. UNCIRCULATED COIN MINT SETS SHIPMENT 81 2022 DENVER MINT PANEL
37b46f07-9080-4d98-ab8c-15d18abbd1d4,False,American Silver Eagle,American Eagle,,Denomination: 'American Silver Eagle' → 'Dollar',{'Denomination': 'Dollar'},Scan_20260128 (18).pdf,PDF Invoice,lcc-aj-batch-20260626-181154,65741545,2015 American Silver Eagle Dollar Uncirculated
37f7441e-2252-4d2d-81f4-57defce571ec,False,Nickel,The U.S. Nickel Collection,,Denomination: 'Nickel' → 'Five Cents',{'Denomination': 'Five Cents'},Receipt_2026-06-03_095612_Part2.pdf,PDF Invoice,lcc-aj-batch-20260626-181154,405213042,"THE U.S. NICKEL COLLECTION SHIPMENT 11 FOUR COINS AT $7.95 EACH PLUS $.95 EACH SHIPPING AND SERVICE
1907 LIBERTY HEAD NICKEL
1956 JEFFERSON NICKEL
1979 JEFFERSON NICKEL
2013 JEFFERSON NICKEL"
37f87905-4645-4276-a853-3c86b1086509,False,$1 Silver Certificate,USA Invoice Import,,category: '' → 'paper_currency',{'category': 'paper_currency'},Receipt_2026-06-03_101701_Part4.pdf,PDF Invoice,lcc-aj-batch-20260626-181154,67589980,1928A $1 Silver Certificate Funnyback Star Note PMG EPQ Taxable Item
38025ce0-7814-4287-a5e6-08dc66a75a9d,False,Washington Quarter,USA Invoice Import,,Denomination: 'Washington Quarter' → 'Quarter Dollar',{'Denomination': 'Quarter Dollar'},Scan_20260128 (8).pdf,PDF Invoice,lcc-aj-batch-20260626-181154,65712953,1936 Washington Silver Quarter Average Circ
385c177d-1c26-47c4-9036-2efd3d6f1876,False,Jefferson Nickel,The U.S. Nickel Collection - Shipment 11,,Denomination: 'Jefferson Nickel' → 'Five Cents',{'Denomination': 'Five Cents'},Scan_20260129 (128)_Part6.pdf,PDF Invoice,lcc-aj-batch-20260626-181154,405213042,1979 JEFFERSON NICKEL
386b2872-afda-4fb0-9535-eaf2a122d3f5,False,Mercury Dime,USA Invoice Import,,Denomination: 'Mercury Dime' → 'Dime',{'Denomination': 'Dime'},Receipt_2026-06-03_094249.pdf,PDF Invoice,lcc-aj-stubborn-20260626-203600,68120397,1927-S Mercury Silver Dime Taxable Item
38f9b79a-704d-48b2-bdce-f012a11ef7c4,False,Indian Head Cent,USA Invoice Import,,Denomination: 'Indian Head Cent' → 'Cent',{'Denomination': 'Cent'},Receipt_2026-06-03_091509.pdf,PDF Invoice,lcc-aj-batch-20260626-181154,67054670,1896 Indian Head Cent Average Circ
3941f9c2-cf3a-4cfc-a158-75a0179dd401,False,Jefferson Nickel,The U.S. Nickel Collection,,Denomination: 'Jefferson Nickel' → 'Five Cents',{'Denomination': 'Five Cents'},Scan_20260129 (128)_Part4.pdf,PDF Invoice,lcc-aj-batch-20260626-181154,405213042,1965 JEFFERSON NICKEL
396ba4ea-6400-405d-9fc7-f75a89a045df,False,Half Dollar,Capped Bust,,no change,,Scan_20260129 (Train with).pdf,PDF Invoice,lcc-aj-batch-20260626-181154,65696398,WASHINGTON QUARTER CLUB SELECTION 1824 Capped Bust Silver Half Dollar Normal Date Ovt# 106A NGC Taxable Item Extra Fine 4
39961831-955f-49c7-a1b3-494ee000ff11,False,Jefferson Nickel,THE U.S. NICKEL COLLECTION,,Denomination: 'Jefferson Nickel' → 'Five Cents' | Program/Series casing: 'THE U.S. NICKEL COLLECTION' → 'The U.S. Nickel Collection',"{'Denomination': 'Five Cents', 'Program/Series': 'The U.S. Nickel Collection'}",Receipt_2026-06-03_095349.pdf,PDF Invoice,lcc-aj-retry-20260626-201949,405213042,SHIPMENT 16 FOUR COINS AT $7.95 EACH PLUS $.95 EACH SHIPPING AND SERVICE 1972 JEFFERSON NICKEL
3a060ced-cb5f-41ec-9c1b-67c65f6a0f9d,False,American Silver Eagle,USA Invoice Import,,Denomination: 'American Silver Eagle' → 'Dollar',{'Denomination': 'Dollar'},Scan_20260129 (53).pdf,PDF Invoice,lcc-aj-batch-20260626-181154,67576317,2016 American Silver Eagle Dollar
3a5c5f77-d8fd-4761-a0c9-e0b32d96a5f6,False,Barber Dime,Barber,,Denomination: 'Barber Dime' → 'Dime',{'Denomination': 'Dime'},Receipt_2026-06-03_091509.pdf,PDF Invoice,lcc-aj-batch-20260626-181154,67054670,1914-D Barber Silver Dime Good
3a75f7af-c155-4a60-8024-a167cd6e762b,False,Roosevelt Dime,USA Invoice Import,,Denomination: 'Roosevelt Dime' → 'Dime',{'Denomination': 'Dime'},Receipt_2026-06-03_091509.pdf,PDF Invoice,lcc-aj-batch-20260626-181154,67054670,1982-S Roosevelt Dime Ch Proof-63
3abf86ea-313f-480a-b4e1-ec9da673b56d,False,Jefferson Nickel,USA Invoice Import,,Denomination: 'Jefferson Nickel' → 'Five Cents',{'Denomination': 'Five Cents'},Receipt_2026-01-28_161342.pdf,PDF Invoice,lcc-aj-batch-20260626-181154,67000001,1947 Jefferson Nickel Average Circ
3ae1edd6-e3dd-450f-9be7-add6412f61b4,False,Roosevelt Dime,USA Invoice Import,,Denomination: 'Roosevelt Dime' → 'Dime',{'Denomination': 'Dime'},Scan_20260128 (13).pdf,PDF Invoice,lcc-aj-batch-20260626-181154,65712953,1957-D Roosevelt Silver Dime Average Circ
3b862118-e452-41d6-87f7-702f8038c98e,False,Jefferson Nickel,The U.S. Nickel Collection - Shipment 9,,Denomination: 'Jefferson Nickel' → 'Five Cents',{'Denomination': 'Five Cents'},Scan_20260129 (109)_Part3.pdf,PDF Invoice,lcc-aj-batch-20260626-181154,405213042,1989 JEFFERSON NICKEL
3bcc39ea-e7a0-458d-9f07-f2b80afb57bb,False,Washington Quarter,USA Invoice Import,,Denomination: 'Washington Quarter' → 'Quarter Dollar',{'Denomination': 'Quarter Dollar'},Receipt_2026-06-03_092205.pdf,PDF Invoice,lcc-aj-batch-20260626-181154,65712953,1958-D Washington Silver Quarter Average Circ
3bd433ba-c622-4918-a7d2-1011039a0e1d,False,Nickel,The U.S. Nickel Collection,,Denomination: 'Nickel' → 'Five Cents',{'Denomination': 'Five Cents'},Receipt_2026-06-03_095612_Part4.pdf,PDF Invoice,lcc-aj-batch-20260626-181154,405213042,"SHIPMENT 2
FOUR COINS AT $7.95 EACH PLUS $.95 EACH SHIPPING AND SERVICE
1935 BUFFALO NICKEL
1974 JEFFERSON NICKEL
1959 JEFFERSON NICKEL
2006 JEFFERSON NICKEL"
3c5e01fb-5c60-4371-86fd-32bf0774f740,False,,America Revisited Selection,,no change,,Receipt_2026-06-03_092716.pdf,PDF Invoice,lcc-aj-batch-20260626-181154,67521147,1961 5-Coin Time Capsule Year Set Taxable Item
3c7ce9a7-8e5a-4193-bf41-aed48d3facfd,False,Mixed,The World War II U.S. Coin Collection,,no change,,Scan_20260129 (101).pdf,PDF Invoice,lcc-aj-batch-20260626-181154,406380469,"THE WORLD WAR II U.S. COIN COLLECTION ENCLOSED IS SHIPMENT # 3: 1941-D LINCOLN PENNY, 1941-D JEFFERSON NICKEL, 1941-D MERC. DIME & WASHINGTON QUARTER, 1941-D WALKING LIBERTY HALF-DOLLAR, 1940 2C 90MM ANTI-AIRCRAFT GUN STAMP (9)"
3cb28ac2-4512-41e6-99b9-b9b3dcc45e87,False,Washington Quarter,American Women Quarters,,Denomination: 'Washington Quarter' → 'Quarter Dollar',{'Denomination': 'Quarter Dollar'},Receipt_2026-06-03_093306.pdf,PDF Invoice,lcc-aj-batch-20260626-181154,67576317,"2024-D Pauli Murray Quarter 
 Uncirculated"
3de5494d-1597-4a58-8176-bbae2873cc92,False,$10 Gold Certificate,Large Size,,category: '' → 'paper_currency',{'category': 'paper_currency'},Scan_20260129 (14).pdf,PDF Invoice,lcc-aj-batch-20260626-181154,67670995,1907 $10 Gold Certificate Large Size PMG Taxable Item EF45 Premium
3e415ee7-5237-440a-80f5-e907046a3e43,False,Innovation Dollar,U.S. Innovation Dollar,,Denomination: 'Innovation Dollar' → 'Dollar',{'Denomination': 'Dollar'},Scan_20260128 (18).pdf,PDF Invoice,lcc-aj-batch-20260626-181154,65741545,2023-D Indiana U.S. Innovation Dollar Automobile Industry Uncirculated
3e42c89d-340a-4ed6-844e-3868481bc8e8,False,Jefferson Nickel,The U.S. Nickel Collection - Shipment 9,,Denomination: 'Jefferson Nickel' → 'Five Cents',{'Denomination': 'Five Cents'},Scan_20260129 (109)_Part3.pdf,PDF Invoice,lcc-aj-batch-20260626-181154,405213042,2003 JEFFERSON NICKEL
3e58a07b-87be-42bc-a8c5-f74ede8e7e7f,False,Mercury Dime,The U.S. Coin Complete Denomination Set,,Denomination: 'Mercury Dime' → 'Dime',{'Denomination': 'Dime'},Scan_20260129 (84).pdf,PDF Invoice,lcc-aj-batch-20260626-181154,406368555,THE U.S. COIN COMPLETE DENOMINATION SET ENCLOSED IS SHIPMENT # 2 MERCURY DIME
3e6928de-4d41-4d5c-ac6e-d0ea4a937353,False,Nickel,The U.S. Nickel Collection,,Denomination: 'Nickel' → 'Five Cents',{'Denomination': 'Five Cents'},Receipt_2026-06-03_095612_Part4.pdf,PDF Invoice,lcc-aj-batch-20260626-181154,405213042,"SHIPMENT 4
FOUR COINS AT $7.95 EACH PLUS $.95 EACH SHIPPING AND SERVICE
1927 BUFFALO NICKEL
1954 JEFFERSON NICKEL
1977 JEFFERSON NICKEL
2004 JEFFERSON NICKEL - KEELBOAT"
3e6b2041-77a7-42b5-8c8a-66c57cbf14d2,False,Innovation Dollar,American Innovation Dollars,,Denomination: 'Innovation Dollar' → 'Dollar',{'Denomination': 'Dollar'},2026-06-03_091725.pdf,PDF Invoice,lcc-aj-batch-20260626-181154,65804568,2023-P Ohio U.S. Innovation Dollar Underground Railroad Uncirculated
3f36e7a7-8677-4561-9bc7-e97610d70728,False,Kennedy Half Dollar,USA Invoice Import,,Denomination: 'Kennedy Half Dollar' → 'Half Dollar',{'Denomination': 'Half Dollar'},Receipt_2026-06-03_091509.pdf,PDF Invoice,lcc-aj-batch-20260626-181154,67054670,1982-S Kennedy Half Dollar Ch Proof-63
4080d5c2-5c84-4910-b51c-afccf565010a,False,Quarter,The U.S. Coin Complete Denomination Set,,Denomination: 'Quarter' → 'Quarter Dollar',{'Denomination': 'Quarter Dollar'},Receipt_2026-06-03_095754.pdf,PDF Invoice,lcc-aj-batch-20260626-181154,406368555,THE U.S. COIN COMPLETE DENOMINATION SET ENCLOSED IS SHIPMENT # 4 BARBER QUARTER
40afdde6-a494-4423-b7b8-82e50f4b52b8,False,Jefferson Nickel,USA Invoice Import,,Denomination: 'Jefferson Nickel' → 'Five Cents',{'Denomination': 'Five Cents'},2026-06-03_091725.pdf,PDF Invoice,lcc-aj-batch-20260626-181154,65804568,1950-D Jefferson Nickel Uncirculated
410de504-b2b8-49a0-9f6c-faaddcfa4a5a,False,Innovation Dollar,American Innovation Dollars,,Denomination: 'Innovation Dollar' → 'Dollar',{'Denomination': 'Dollar'},2026-06-03_091725.pdf,PDF Invoice,lcc-aj-batch-20260626-181154,65804568,2023-D Ohio U.S. Innovation Dollar Underground Railroad Uncirculated
413f8393-3100-43b2-82a4-6c234e4680ca,False,Kennedy Half Dollar,USA Invoice Import,,Denomination: 'Kennedy Half Dollar' → 'Half Dollar',{'Denomination': 'Half Dollar'},Scan_20260128 (18).pdf,PDF Invoice,lcc-aj-batch-20260626-181154,65741545,2023-P Kennedy Half Dollar Uncirculated
415f5d97-cdf0-4d4f-b76e-788c612c3195,False,Jefferson Nickel,The U.S. Nickel Collection - Shipment 13,,Denomination: 'Jefferson Nickel' → 'Five Cents',{'Denomination': 'Five Cents'},Scan_20260129 (121)_Part3.pdf,PDF Invoice,lcc-aj-batch-20260626-181154,405213042,1958 JEFFERSON NICKEL
422bcadc-3740-4990-81ca-aafc8be4e082,False,Buffalo Nickel,USA Invoice Import,,Denomination: 'Buffalo Nickel' → 'Five Cents',{'Denomination': 'Five Cents'},Scan_20260128 (8).pdf,PDF Invoice,lcc-aj-batch-20260626-181154,65712953,1925 Buffalo Nickel Average Circ
42cf6817-ffd2-4cd9-bdf0-bdd139f6449b,False,Washington Quarter,American Women Quarters,,Denomination: 'Washington Quarter' → 'Quarter Dollar',{'Denomination': 'Quarter Dollar'},Receipt_2026-06-03_094507.pdf,PDF Invoice,lcc-aj-batch-20260626-181154,67617368,2025-S Dr. Vera Rubin Quarter Silver Bullion Taxable Item
43475492-0438-4c17-8774-e0d3f372c3f3,False,Peace Silver Dollar,The Ultimate Modern Morgan and Peace Silver Dollar Collection,,Denomination: 'Peace Silver Dollar' → 'Dollar',{'Denomination': 'Dollar'},Receipt_2026-06-03_102135.pdf,PDF Invoice,lcc-aj-batch-20260626-181154,405887043,THE ULTIMATE MODERN MORGAN AND PEACE SILVER DOLLAR COLLECTION ENCLOSED IS SHIPMENT # 7 2024 PEACE SILVER $ UNC
43733e6f-0319-4fc8-b521-ff27e673a81c,False,Washington Quarter,American Women Quarters / The Celebrating America Coin Collection,,Denomination: 'Washington Quarter' → 'Quarter Dollar',{'Denomination': 'Quarter Dollar'},Receipt_2026-06-03_100400.pdf,PDF Invoice,lcc-aj-batch-20260626-181154,398953570,THE CELEBRATING AMERICA COIN COLLECTION SHIPMENT 12 REV. DR. PAULI MURRAY
440f93a8-f524-4667-b025-3fffe324b2b5,False,Innovation Dollar,American Innovation Dollars,,Denomination: 'Innovation Dollar' → 'Dollar',{'Denomination': 'Dollar'},2026-06-03_091725.pdf,PDF Invoice,lcc-aj-batch-20260626-181154,65741545,2023-P Indiana U.S. Innovation Dollar Automobile Industry Uncirculated
442e0601-75eb-42e4-b18d-9db1e8b8884c,False,Barber Dime,Barber,,Denomination: 'Barber Dime' → 'Dime',{'Denomination': 'Dime'},Scan_20260129 (51).pdf,PDF Invoice,lcc-aj-batch-20260626-181154,67054670,1916 Barber Silver Dime Good
45a21b59-9ef7-4068-b6cf-77f6c434230d,False,Jefferson Nickel,Historic U.S. Silver Coins,,Denomination: 'Jefferson Nickel' → 'Five Cents',{'Denomination': 'Five Cents'},Receipt_2026-06-03_102331.pdf,PDF Invoice,lcc-aj-batch-20260626-181154,407172071,HISTORIC U.S. SILVER COINS ENCLOSED IS SHIPMENT # 5 JEFFERSON WARTIME NICKEL (S MINT)
45a81810-1070-4859-aad1-3c1533b5fff8,False,Liberty Seated Dime,U.S. Dime Collection Selection,,Denomination: 'Liberty Seated Dime' → 'Dime',{'Denomination': 'Dime'},Receipt_2026-06-03_094010.pdf,PDF Invoice,lcc-aj-batch-20260626-181154,66466063,"U.S. DIME COLLECTION SELECTION
1884-S Liberty Seated Silver Dime NGC
Tax Free Item"
4627a96b-dce2-4b3d-ae66-9c315d67e17c,False,Roosevelt Dime,USA Invoice Import,,Denomination: 'Roosevelt Dime' → 'Dime',{'Denomination': 'Dime'},Receipt_2026-06-03_091916.pdf,PDF Invoice,lcc-aj-batch-20260626-181154,65712953,1963-D Roosevelt Silver Dime Average Circ
46428d70-a128-497a-8c7a-62b8036b1404,False,Decade Set,YEAR SETS: AMERICA REVISITED SELECTION,,Program/Series casing: 'YEAR SETS: AMERICA REVISITED SELECTION' → 'Year Sets: America Revisited Selection',{'Program/Series': 'Year Sets: America Revisited Selection'},Receipt_2026-06-03_102735.pdf,PDF Invoice,lcc-aj-batch-20260626-181154,68530664,YEAR SETS: AMERICA REVISITED SELECTION 1930's Decade Set Taxable Item
470a298a-d0f9-405d-91ac-e87ea160fdeb,False,$50 Federal Reserve Note,Federal Reserve Note,,category: '' → 'paper_currency',{'category': 'paper_currency'},Receipt_2026-06-03_093201.pdf,PDF Invoice,lcc-aj-batch-20260626-181154,64963243,1928A $50 Federal Reserve Note Taxable Item
47126224-eb48-4a4d-995f-049fcfefb928,False,Jefferson Nickel,The U.S. Nickel Collection,,Denomination: 'Jefferson Nickel' → 'Five Cents',{'Denomination': 'Five Cents'},Scan_20260129 (109)_Part4.pdf,PDF Invoice,lcc-aj-batch-20260626-181154,405213042,1953 JEFFERSON NICKEL
47781595-0001-423e-a8fa-f6627be70e0c,False,Buffalo Nickel,The U.S. Nickel Collection,,Denomination: 'Buffalo Nickel' → 'Five Cents',{'Denomination': 'Five Cents'},Scan_20260129 (109)_Part4.pdf,PDF Invoice,lcc-aj-batch-20260626-181154,405213042,1928 BUFFALO NICKEL
47a03832-f9ce-44a2-9c9e-0f97a0df62e4,False,5C Fractional Currency,USA Invoice Import,,category: '' → 'paper_currency',{'category': 'paper_currency'},Scan_20260129 (14).pdf,PDF Invoice,lcc-aj-batch-20260626-181154,67670995,1864-1869 5C Fractional Currency PMG Taxable Item Choice AU-58
48097620-5df8-4683-b1d3-10719b452eba,False,Washington Quarter,American Women Quarters,,Denomination: 'Washington Quarter' → 'Quarter Dollar',{'Denomination': 'Quarter Dollar'},Scan_20260129 (4).pdf,PDF Invoice,lcc-aj-batch-20260626-181154,66533669,2024-S Patsy Takemoto Mink Quarter Silver Bullion Taxable Item Ch Proof-63
4821b1e8-b84f-47dc-aed6-b3919ff5b17a,False,Buffalo Nickel,THE U.S. NICKEL COLLECTION,,Denomination: 'Buffalo Nickel' → 'Five Cents' | Program/Series casing: 'THE U.S. NICKEL COLLECTION' → 'The U.S. Nickel Collection',"{'Denomination': 'Five Cents', 'Program/Series': 'The U.S. Nickel Collection'}",Receipt_2026-06-03_095349.pdf,PDF Invoice,lcc-aj-retry-20260626-201949,405213042,SHIPMENT 20 FOUR COINS AT $7.95 EACH PLUS $.95 EACH SHIPPING AND SERVICE 1938 BUFFALO NICKEL
482ffc2c-8417-4cad-9e1c-5a39fda84b31,False,American Silver Eagle,The Complete 2020 American Eagle NGCX Silver Dollar Set,,Denomination: 'American Silver Eagle' → 'Dollar',{'Denomination': 'Dollar'},Scan_20260129 (92).pdf,PDF Invoice,lcc-aj-batch-20260626-181154,404995094,THE COMPLETE 2020 AMERICAN EAGLE NGCX SILVER DOLLAR SET ENCLOSED IS SHIPMENT # 6 PROOF WEST POINT AMERICAN EAGLE
48853cae-7e41-4728-a588-3071da0999b8,False,Washington Quarter,American Women Quarters,,Denomination: 'Washington Quarter' → 'Quarter Dollar',{'Denomination': 'Quarter Dollar'},Receipt_2026-06-03_093201.pdf,PDF Invoice,lcc-aj-batch-20260626-181154,65119068,2022-P Anna May Wong Quarter Taxable Item
48b0b256-c74e-4dde-9cea-09a88fa30af2,False,,America Revisited Selection,,no change,,Receipt_2026-06-03_092916.pdf,PDF Invoice,lcc-aj-batch-20260626-181154,67671020,1963 5-Coin Time Capsule Year Set Taxable Item
49118d5d-bacb-4653-b4b5-cc2510d43a6b,False,Mercury Dime,Mercury,,Denomination: 'Mercury Dime' → 'Dime',{'Denomination': 'Dime'},Scan_20260129 (23).pdf,PDF Invoice,lcc-aj-batch-20260626-181154,67869569,1931-D Mercury Silver Dime Taxable Item Fine
49bd3a0b-acea-45f0-949c-eacae20b6a02,False,Peace Dollar,RARELY SEEN PEACE SILVER DOLLARS,,Denomination: 'Peace Dollar' → 'Dollar' | Program/Series casing: 'RARELY SEEN PEACE SILVER DOLLARS' → 'Rarely Seen Peace Silver Dollars',"{'Denomination': 'Dollar', 'Program/Series': 'Rarely Seen Peace Silver Dollars'}",Receipt_2026-06-03_101203.pdf,PDF Invoice,lcc-aj-batch-20260626-181154,407224385,"1926 HIGH RELIEF ""GOD"" PEACE SILVER $"
4a2a1631-38fe-44e7-bb88-12d38fbd2c5c,False,,America Revisited Selection,,no change,,Scan_20260129 (42).pdf,PDF Invoice,lcc-aj-batch-20260626-181154,67750428,1952 5-Coin Time Capsule Year Set Taxable Item
4a58f9a6-e40d-44e2-beac-d894975ea762,False,Barber Dime,Barber,,Denomination: 'Barber Dime' → 'Dime',{'Denomination': 'Dime'},Receipt_2026-06-03_091509.pdf,PDF Invoice,lcc-aj-batch-20260626-181154,67054670,1912-D Barber Silver Dime Good
4a71fddd-d126-4b2f-ae14-31867a6396b8,False,Innovation Dollar,American Innovation Dollars,,Denomination: 'Innovation Dollar' → 'Dollar',{'Denomination': 'Dollar'},Scan_20260129 (53).pdf,PDF Invoice,lcc-aj-batch-20260626-181154,67576317,2024-P Maine U.S. Innovation Dollar Direct Current Defibrillator
4b334440-6bb1-4fef-b758-e982e694c1ee,False,Jefferson Nickel,THE U.S. NICKEL COLLECTION,,Denomination: 'Jefferson Nickel' → 'Five Cents' | Program/Series casing: 'THE U.S. NICKEL COLLECTION' → 'The U.S. Nickel Collection',"{'Denomination': 'Five Cents', 'Program/Series': 'The U.S. Nickel Collection'}",Receipt_2026-06-03_095349.pdf,PDF Invoice,lcc-aj-retry-20260626-201949,405213042,SHIPMENT 18 FOUR COINS AT $7.95 EACH PLUS $.95 EACH SHIPPING AND SERVICE 1943 JEFFERSON NICKEL - WARTIME SILVER
4b75c815-2b62-4827-b1b9-d496bb37b232,False,Washington Quarter,American Women Quarters,,Denomination: 'Washington Quarter' → 'Quarter Dollar',{'Denomination': 'Quarter Dollar'},Receipt_2026-06-03_094402.pdf,PDF Invoice,lcc-aj-batch-20260626-181154,67040077,2024-D Celia Cruz Quarter Taxable Item
4bf3a6ae-1fab-4190-aa84-c623bcf54a7a,False,Mercury Dime,U.S. DIME COLLECTION SELECTION,,Denomination: 'Mercury Dime' → 'Dime' | Program/Series casing: 'U.S. DIME COLLECTION SELECTION' → 'U.S. Dime Collection Selection',"{'Denomination': 'Dime', 'Program/Series': 'U.S. Dime Collection Selection'}",Receipt_2026-06-03_102735.pdf,PDF Invoice,lcc-aj-batch-20260626-181154,68408703,U.S. DIME COLLECTION SELECTION 1920-S Mercury Silver Dime Taxable Item
4d57bf8a-cdcf-4f36-b19e-463319f68e11,False,Jefferson Nickel,USA Invoice Import,,Denomination: 'Jefferson Nickel' → 'Five Cents',{'Denomination': 'Five Cents'},Receipt_2026-06-03_091509.pdf,PDF Invoice,lcc-aj-batch-20260626-181154,67054670,2021-S Jefferson Nickel Ch Proof-63
4d69bab7-ff7e-44e0-a2c3-66573c510999,False,Liberty Seated Dime,U.S. DIME COLLECTION SELECTION,,Denomination: 'Liberty Seated Dime' → 'Dime' | Program/Series casing: 'U.S. DIME COLLECTION SELECTION' → 'U.S. Dime Collection Selection',"{'Denomination': 'Dime', 'Program/Series': 'U.S. Dime Collection Selection'}",Receipt_2026-06-03_102735.pdf,PDF Invoice,lcc-aj-batch-20260626-181154,68408703,U.S. DIME COLLECTION SELECTION 1877 Liberty Seated Silver Dime Taxable Item
4d8ba60a-47fe-43e0-94c7-6cb2b2127622,False,,Time Capsule Year Set,,no change,,Scan_20260129 (45).pdf,PDF Invoice,lcc-aj-batch-20260626-181154,67977741,YEAR SETS: AMERICA REVISITED SELECTION 1960 5-Coin Time Capsule Year Set Taxable Item
4dd5b864-fd8c-4e4b-9a9e-d94b9ee5e074,False,,The World War II U.S. Coin Collection,,no change,,Receipt_2026-06-03_100745.pdf,PDF Invoice,lcc-aj-batch-20260626-181154,406380469,THE WORLD WAR II U.S. COIN COLLECTION ENCLOSED IS SHIPMENT # 4 1942-P LINCOLN PENNY 1942-P JEFFERSON WARTIME SILVER NICKEL 1942-P MERC. DIME & WASHINGTON QUARTER 1942-P WALKING LIBERTY HALF-DOLLAR 1942 3C WIN THE WAR STAMP (4)
4e8ea486-f616-49f7-b747-5fc3ac6108e5,False,Washington Quarter,USA Invoice Import,,Denomination: 'Washington Quarter' → 'Quarter Dollar',{'Denomination': 'Quarter Dollar'},Scan_20260128 (8).pdf,PDF Invoice,lcc-aj-batch-20260626-181154,65712953,1946 Washington Silver Quarter Average Circ
4eaea0ae-4d65-4f1b-8b96-ba31f68eecff,False,Barber Dime,USA Invoice Import,,Denomination: 'Barber Dime' → 'Dime',{'Denomination': 'Dime'},Receipt_2026-06-03_094010.pdf,PDF Invoice,lcc-aj-batch-20260626-181154,66151496,"1897 Barber Silver Dime PCGS
Tax Free Item"
4f0396fa-cd5d-44a7-8e22-c62d716bcb6f,False,$50 Continental Currency,USA Invoice Import,,category: '' → 'paper_currency',{'category': 'paper_currency'},Scan_20260129 (8).pdf,PDF Invoice,lcc-aj-batch-20260626-181154,67892115,1778 $50 Continental Currency Taxable Item Fine
4f03f916-c623-48d4-9bd3-f09b50cea0a8,False,Jefferson Nickel,USA Invoice Import,,Denomination: 'Jefferson Nickel' → 'Five Cents',{'Denomination': 'Five Cents'},Receipt_2026-06-03_094557.pdf,PDF Invoice,lcc-aj-batch-20260626-181154,JS051019,1963 Jefferson Nickel Gem Proof Roll
4f29a0cd-3d3f-4c20-8cfb-5b9991c9b464,False,Washington Quarter,American Women Quarters,,Denomination: 'Washington Quarter' → 'Quarter Dollar',{'Denomination': 'Quarter Dollar'},Receipt_2026-06-03_091429.pdf,PDF Invoice,lcc-aj-batch-20260626-181154,66520055,2024-S Patsy Takemoto Mink Quarter Taxable Item
4f2f82f1-958a-4b63-9dac-ff432bfbc50c,False,Mercury Dime,USA Invoice Import,,Denomination: 'Mercury Dime' → 'Dime',{'Denomination': 'Dime'},Receipt_2026-06-03_092052.pdf,PDF Invoice,lcc-aj-batch-20260626-181154,67000011,1942-D Mercury Silver Dime
4f8c2bba-54e7-415a-b21f-9e1b9b04b952,False,Buffalo Nickel,USA Invoice Import,,Denomination: 'Buffalo Nickel' → 'Five Cents',{'Denomination': 'Five Cents'},Scan_20260128 (8).pdf,PDF Invoice,lcc-aj-batch-20260626-181154,65712953,1923 Buffalo Nickel Average Circ
516696f3-e98a-4816-95e1-a41d8a31de1e,False,Liberty Seated Half Dollar,Half Dollar Club Selection,,Denomination: 'Liberty Seated Half Dollar' → 'Half Dollar',{'Denomination': 'Half Dollar'},Receipt_2026-06-03_093603.pdf,PDF Invoice,lcc-aj-batch-20260626-181154,66999993,THE HALF DOLLAR CLUB SELECTION 1869 Liberty Seated Silver Half Dollar Motto Taxable Item
5178b172-48fb-4240-8dd0-12b58429e5f8,False,$1 Silver Certificate,Silver Certificate,,category: '' → 'paper_currency',{'category': 'paper_currency'},Scan_20260129 (52).pdf,PDF Invoice,lcc-aj-batch-20260626-181154,67343149,1935 $1 Silver Certificate Crisp Unc
51ac4dc3-35d3-470d-8bda-c50bfa481975,False,Kennedy Half Dollar,USA Invoice Import,,Denomination: 'Kennedy Half Dollar' → 'Half Dollar',{'Denomination': 'Half Dollar'},Receipt_2026-06-03_092205.pdf,PDF Invoice,lcc-aj-batch-20260626-181154,65712953,1985-S Kennedy Half Dollar Ch Proof-63
51d275d7-fa78-4e27-986f-b7350d8c9b78,False,$1 Silver Certificate,USA Invoice Import,,category: '' → 'paper_currency',{'category': 'paper_currency'},Receipt_2026-06-03_101701_Part2.pdf,PDF Invoice,lcc-aj-batch-20260626-181154,65574055,1899 $1 Silver Certificate Eagle Large Size PCGS PPQ58 Taxable Item
522797ed-82cc-4ca2-937a-d92fd312f778,False,5-Coin Set,America Revisited Club,,no change,,Scan_20260129 (47).pdf,PDF Invoice,lcc-aj-batch-20260626-181154,67573806,1954 5-Coin Time Capsule Year Set Taxable Item
52c1a951-ab01-43ae-99cf-36cbc52cdab1,False,Liberty Head Nickel,THE U.S. NICKEL COLLECTION,,Denomination: 'Liberty Head Nickel' → 'Five Cents' | Program/Series casing: 'THE U.S. NICKEL COLLECTION' → 'The U.S. Nickel Collection',"{'Denomination': 'Five Cents', 'Program/Series': 'The U.S. Nickel Collection'}",Receipt_2026-06-03_095349.pdf,PDF Invoice,lcc-aj-retry-20260626-201949,405213042,SHIPMENT 15 FOUR COINS AT $7.95 EACH PLUS $.95 EACH SHIPPING AND SERVICE 1906 LIBERTY HEAD NICKEL
52dd36ca-9026-4ea6-b9c1-362bda67fa6d,False,,America Revisited Selection,,no change,,Receipt_2026-06-03_092916.pdf,PDF Invoice,lcc-aj-batch-20260626-181154,68120353,1937 5-Coin Time Capsule Year Set Taxable Item
534bc4d5-e1f0-4acc-a0e6-b8e93e97ac8e,False,American Silver Eagle,THE COMPLETE 2020 AMERICAN EAGLE NGCX SILVER DOLLAR SET,,Denomination: 'American Silver Eagle' → 'Dollar' | Program/Series casing: 'THE COMPLETE 2020 AMERICAN EAGLE NGCX SILVER DOLLAR SET' → 'The Complete 2020 American Eagle NGCX Silver Dollar Set',"{'Denomination': 'Dollar', 'Program/Series': 'The Complete 2020 American Eagle NGCX Silver Dollar Set'}",Receipt_2026-06-03_100928.pdf,PDF Invoice,lcc-aj-batch-20260626-181154,404995094,"THE COMPLETE 2020 AMERICAN EAGLE NGCX SILVER DOLLAR SET
ENCLOSED IS SHIPMENT # 4
BURNISHED WEST POINT AMERICAN EAGLE"
53ad78c9-06e1-41a5-9ca4-bd164f6da7f3,False,Native American Dollar,Native American $1 Coin Program,,Denomination: 'Native American Dollar' → 'Dollar',{'Denomination': 'Dollar'},Scan_20260128 (13).pdf,PDF Invoice,lcc-aj-batch-20260626-181154,65712953,2022-P Native American Dollar Ely Samuel Parker Uncirculated
53e6fb84-74c2-4e7d-b461-e3ab60d47038,False,5-Coin Set,YEAR SETS: AMERICA REVISITED SELECTION,,Program/Series casing: 'YEAR SETS: AMERICA REVISITED SELECTION' → 'Year Sets: America Revisited Selection',{'Program/Series': 'Year Sets: America Revisited Selection'},Receipt_2026-06-03_102735.pdf,PDF Invoice,lcc-aj-batch-20260626-181154,68443262,YEAR SETS: AMERICA REVISITED SELECTION 1959 5-Coin Time Capsule Year Set Taxable Item
540622be-3c55-413d-b0fe-4997b9188590,False,Barber Dime,USA Invoice Import,,Denomination: 'Barber Dime' → 'Dime',{'Denomination': 'Dime'},Receipt_2026-06-03_094122.pdf,PDF Invoice,lcc-aj-batch-20260626-181154,65773987,1892 Barber Silver Dime Tax Free Item
541f10d8-5e8f-4729-b061-2d28996e577e,False,Washington Quarter,American Women Quarters,,Denomination: 'Washington Quarter' → 'Quarter Dollar',{'Denomination': 'Quarter Dollar'},Receipt_2026-06-03_091429.pdf,PDF Invoice,lcc-aj-batch-20260626-181154,66520055,2024-P Patsy Takemoto Mink Quarter Taxable Item
548f5f6a-e300-41e1-ac15-1ea38804b4b2,False,Morgan Silver Dollar,USA Invoice Import,,Denomination: 'Morgan Silver Dollar' → 'Dollar',{'Denomination': 'Dollar'},Receipt_2026-06-03_094557.pdf,PDF Invoice,lcc-aj-batch-20260626-181154,JS051019,1891 Morgan Silver Dollar NGC PF62CAC
54b8df7e-6fb3-40cf-b9d7-8d4c1043308b,False,Buffalo Nickel,THE U.S. NICKEL COLLECTION,,Denomination: 'Buffalo Nickel' → 'Five Cents' | Program/Series casing: 'THE U.S. NICKEL COLLECTION' → 'The U.S. Nickel Collection',"{'Denomination': 'Five Cents', 'Program/Series': 'The U.S. Nickel Collection'}",Receipt_2026-06-03_095349.pdf,PDF Invoice,lcc-aj-retry-20260626-201949,405213042,SHIPMENT 21 FOUR COINS AT $7.95 EACH PLUS $.95 EACH SHIPPING AND SERVICE 1923 BUFFALO NICKEL
550b2e89-1620-49ba-ad79-016ff26160f4,False,American Silver Eagle,The West Point Burnished American Eagle Silver Dollar Collection,,Denomination: 'American Silver Eagle' → 'Dollar',{'Denomination': 'Dollar'},Scan_20260129 (98).pdf,PDF Invoice,lcc-aj-batch-20260626-181154,402904254,2006 BURNISHED WEST POINT AMERICAN EAGLE
553df176-e76b-4621-8006-938fc9e1ea14,False,Washington Quarter,USA Invoice Import,,Denomination: 'Washington Quarter' → 'Quarter Dollar',{'Denomination': 'Quarter Dollar'},2026-06-03_091555.pdf,PDF Invoice,lcc-aj-batch-20260626-181154,67576317,1945-S Washington Silver Quarter Average Circ
55f1bafd-dd46-49ae-b130-d833ce46445e,False,Various,Time Capsule Year Set,,no change,,Scan_20260129 (46).pdf,PDF Invoice,lcc-aj-batch-20260626-181154,67417854,1942 5-Coin Time Capsule Year Set Taxable Item Circulated o
562475db-62cb-420a-b0c9-7906b789b476,False,Buffalo Nickel,THE U.S. NICKEL COLLECTION,,Denomination: 'Buffalo Nickel' → 'Five Cents' | Program/Series casing: 'THE U.S. NICKEL COLLECTION' → 'The U.S. Nickel Collection',"{'Denomination': 'Five Cents', 'Program/Series': 'The U.S. Nickel Collection'}",Scan_20260129 (121)_Part1.pdf,PDF Invoice,lcc-aj-batch-20260626-181154,405213042,1937 BUFFALO NICKEL
56581115-3fb2-4e14-b4a7-b35b7fb919cb,False,Three Cent Nickel,The U.S. Coin Complete Denomination Set,,Denomination: 'Three Cent Nickel' → 'Three Cents',{'Denomination': 'Three Cents'},Scan_20260129 (82).pdf,PDF Invoice,lcc-aj-batch-20260626-181154,406368555,THE U.S. COIN COMPLETE DENOMINATION SET ENCLOSED IS SHIPMENT # 6 NICKEL THREE-CENT
5703e430-c402-4b00-8b0b-8b9ba1d6a163,False,Mercury Dime,USA Invoice Import,,Denomination: 'Mercury Dime' → 'Dime',{'Denomination': 'Dime'},Scan_20260129 (30).pdf,PDF Invoice,lcc-aj-batch-20260626-181154,66925003,1919 Mercury Silver Dime Taxable Item
572a6433-b6e3-4a40-9218-4a24f69e2f0c,False,,U.S. Uncirculated Coin Mint Sets,,no change,,Scan_20260129 (122)_Part5.pdf,PDF Invoice,lcc-aj-batch-20260626-181154,362308793,U.S. UNCIRCULATED COIN MINT SETS SHIPMENT 83 2023 PHILADELPHIA MINT PANEL
573d6d49-6f0c-492a-9a76-f4886beaddb6,False,Washington Quarter,Celebrating America Coin Collection,,Denomination: 'Washington Quarter' → 'Quarter Dollar',{'Denomination': 'Quarter Dollar'},Scan_20260129 (65).pdf,PDF Invoice,lcc-aj-batch-20260626-181154,398953570,THE CELEBRATING AMERICA COIN COLLECTION SHIPMENT 19 DR VERA RUBIN
57d5806f-284e-4a48-a467-3d8959514f1d,False,Capped Bust Half Dollar,The Half Dollar Club Selection,,Denomination: 'Capped Bust Half Dollar' → 'Half Dollar',{'Denomination': 'Half Dollar'},Scan_20260129 (36).pdf,PDF Invoice,lcc-aj-batch-20260626-181154,66327175,THE HALF DOLLAR CLUB SELECTION 1808 Capped Bust Silver Half Dollar Variety 1 ANACS Tax Free Item
593c2668-e363-4f42-9896-b8f6ebfab2d5,False,Capped Bust Dime,U.S. Dime Collection,,Denomination: 'Capped Bust Dime' → 'Dime',{'Denomination': 'Dime'},Receipt_2026-06-03_094249.pdf,PDF Invoice,lcc-aj-stubborn-20260626-203600,67056145,U.S. DIME COLLECTION SELECTION 1834 Capped Bust Silver Dime Large 4 Taxable Item
596ca5b5-cf6c-4bf2-b96e-ba5824d2fe86,False,Buffalo Nickel,The U.S. Nickel Collection,,Denomination: 'Buffalo Nickel' → 'Five Cents',{'Denomination': 'Five Cents'},Scan_20260129 (128)_Part3.pdf,PDF Invoice,lcc-aj-batch-20260626-181154,405213042,1936 BUFFALO NICKEL
59a3493d-c926-46bd-83ed-e683e4edc8d1,False,Innovation Dollar,American Innovation Dollars,,Denomination: 'Innovation Dollar' → 'Dollar',{'Denomination': 'Dollar'},Scan_20260129 (53).pdf,PDF Invoice,lcc-aj-batch-20260626-181154,67576317,2024-D Illinois U.S. Innovation Dollar
59d375bb-a68c-4099-a938-9c77aa21991f,False,Jefferson Nickel,THE U.S. NICKEL COLLECTION,,Denomination: 'Jefferson Nickel' → 'Five Cents' | Program/Series casing: 'THE U.S. NICKEL COLLECTION' → 'The U.S. Nickel Collection',"{'Denomination': 'Five Cents', 'Program/Series': 'The U.S. Nickel Collection'}",Receipt_2026-06-03_095349.pdf,PDF Invoice,lcc-aj-retry-20260626-201949,405213042,SHIPMENT 19 FOUR COINS AT $7.95 EACH PLUS $.95 EACH SHIPPING AND SERVICE 1950 JEFFERSON NICKEL
59daa1c0-092f-4d72-899f-c25a40babe0c,False,Liberty Seated Quarter,Liberty Seated,,Denomination: 'Liberty Seated Quarter' → 'Quarter Dollar',{'Denomination': 'Quarter Dollar'},Receipt_2026-06-03_093201.pdf,PDF Invoice,lcc-aj-batch-20260626-181154,65119068,WASHINGTON QUARTER CLUB SELECTION 1838 Liberty Seated Silver Quarter No Motto Taxable Item
5a38bc0e-094e-4cdf-a4c8-ac1f5b9d0840,False,Liberty Seated Dime,U.S. Dime Collection Selection,,Denomination: 'Liberty Seated Dime' → 'Dime',{'Denomination': 'Dime'},Scan_20260129 (33).pdf,PDF Invoice,lcc-aj-batch-20260626-181154,67825620,U.S. DIME COLLECTION SELECTION 1888 Liberty Seated Silver Dime Taxable Item
5a3df726-cb91-42c5-a47d-7a04dfc3fd1e,False,Jefferson Nickel,THE U.S. NICKEL COLLECTION,,Denomination: 'Jefferson Nickel' → 'Five Cents' | Program/Series casing: 'THE U.S. NICKEL COLLECTION' → 'The U.S. Nickel Collection',"{'Denomination': 'Five Cents', 'Program/Series': 'The U.S. Nickel Collection'}",Receipt_2026-06-03_095349.pdf,PDF Invoice,lcc-aj-retry-20260626-201949,405213042,SHIPMENT 20 FOUR COINS AT $7.95 EACH PLUS $.95 EACH SHIPPING AND SERVICE 1997 JEFFERSON NICKEL
5a8135fd-a9c0-4de5-88bd-ec1313c6d3c5,False,,America Revisited Selection,,no change,,Receipt_2026-06-03_092716.pdf,PDF Invoice,lcc-aj-batch-20260626-181154,68370158,YEAR SETS: AMERICA REVISITED SELECTION 1941 5-Coin Time Capsule Year Set Taxable Item
5b0e227f-48f5-455f-826f-7369743e0373,False,Mixed,The World War II U.S. Coin Collection,,no change,,Scan_20260129 (59).pdf,PDF Invoice,lcc-aj-batch-20260626-181154,406380469,"THE WORLD WAR II U.S. COIN COLLECTION
ENCLOSED IS SHIPMENT # 6
1942-S LINCOLN PENNY
1942-S JEFFERSON WARTIME SILVER NICKEL
1942-S MERC. DIME & WASHINGTON QUARTER
1942-S WALKING LIBERTY HALF-DOLLAR
1943 1C FOUR FREEDOMS STAMP (6)"
5b13cbdc-6cb4-4595-91e7-65475ff4e52a,False,5-Coin Set,Time Capsule Year Set,,no change,,Scan_20260129 (48).pdf,PDF Invoice,lcc-aj-batch-20260626-181154,67521147,1961 5-Coin Time Capsule Year Set Taxable Item
5b2391ae-44f9-43d3-9c99-2f784a9095b0,False,Mercury Dime,U.S. DIME COLLECTION SELECTION,,Denomination: 'Mercury Dime' → 'Dime' | Program/Series casing: 'U.S. DIME COLLECTION SELECTION' → 'U.S. Dime Collection Selection',"{'Denomination': 'Dime', 'Program/Series': 'U.S. Dime Collection Selection'}",Scan_20260129 (18).pdf,PDF Invoice,lcc-aj-batch-20260626-181154,68065135,1920-D Mercury Silver Dime Taxable Item Average Circ
5b577912-33ec-48fe-ab70-3453d830a725,False,,America Revisited Selection,,no change,,Scan_20260129 (42).pdf,PDF Invoice,lcc-aj-batch-20260626-181154,67750428,1947 5-Coin Time Capsule Year Set Taxable Item
5b64a7b3-3b7f-4f75-b234-ab1daf966b28,False,,U.S. Uncirculated Coin Mint Sets,,no change,,Scan_20260129 (122)_Part1.pdf,PDF Invoice,lcc-aj-retry-20260626-201949,362308793,U.S. UNCIRCULATED COIN MINT SETS SHIPMENT 85 2024 PHILADELPHIA MINT PANEL
5bc529a5-7d8a-4c90-8869-4ae229ee436c,False,Proof Set,USA Invoice Import,,no change,,2026-06-03_091725.pdf,PDF Invoice,lcc-aj-batch-20260626-181154,67305371,2024-S Clad Proof Set 10 Coins Ch Proof-63
5bdc2adc-85d6-4afe-90a0-e214f7da674b,False,Washington Quarter,American Women Quarters / The Celebrating America Coin Collection,,Denomination: 'Washington Quarter' → 'Quarter Dollar',{'Denomination': 'Quarter Dollar'},Receipt_2026-06-03_100400.pdf,PDF Invoice,lcc-aj-batch-20260626-181154,398953570,THE CELEBRATING AMERICA COIN COLLECTION SHIPMENT 21 ALTHEA GIBSON
5be92e3b-a928-4835-8625-a7d2fd8e3c5c,False,$1,The Statehood Innovation Dollar Coin Collection,,category: '' → 'paper_currency',{'category': 'paper_currency'},Receipt_2026-06-03_100133.pdf,PDF Invoice,lcc-aj-batch-20260626-181154,389188129,THE STATEHOOD INNOVATION DOLLAR COIN COLLECTION SHIPMENT 23 ALABAMA
5c5f47aa-ede8-4cf3-bcd3-6056b2429e74,False,Jefferson Nickel,USA Invoice Import,,Denomination: 'Jefferson Nickel' → 'Five Cents',{'Denomination': 'Five Cents'},Receipt_2026-01-28_161342.pdf,PDF Invoice,lcc-aj-batch-20260626-181154,67000001,1954-D Jefferson Nickel Average Circ
5c67ea8b-eed0-4e3f-a00d-caa7a1d68a66,False,$1 Federal Reserve Bank Note,USA Invoice Import,,category: '' → 'paper_currency',{'category': 'paper_currency'},Receipt_2026-06-03_101701_Part2.pdf,PDF Invoice,lcc-aj-batch-20260626-181154,65812949,1918 $1 Federal Reserve Bank Note Large Size Taxable Item
5c71eaf2-5a2c-42d9-8040-9f8b4854aa67,False,Mercury Dime,U.S. Dime Collection,,Denomination: 'Mercury Dime' → 'Dime',{'Denomination': 'Dime'},Scan_20260128 (2).pdf,PDF Invoice,lcc-aj-batch-20260626-181154,68229723,U.S. DIME COLLECTION SELECTION 1921 Mercury Silver Dime Taxable Item
5c8bd99f-cdbc-40bf-9f0e-d20747f0c685,False,Birth Year Set,Birth Year Sets,,no change,,Scan_20260128.pdf,PDF Invoice,lcc-aj-batch-20260626-181154,71802670-1,1942 Birth Yr Coin and Silver Comm. Set
5cf16cff-f704-418f-96e8-3aff585cb859,False,Capped Bust Dime,U.S. DIME COLLECTION SELECTION,,Denomination: 'Capped Bust Dime' → 'Dime' | Program/Series casing: 'U.S. DIME COLLECTION SELECTION' → 'U.S. Dime Collection Selection',"{'Denomination': 'Dime', 'Program/Series': 'U.S. Dime Collection Selection'}",Receipt_2026-06-03_094122.pdf,PDF Invoice,lcc-aj-batch-20260626-181154,67869569,U.S. DIME COLLECTION SELECTION 1837 Capped Bust Silver Dime Taxable Item
5da7c607-ca11-483f-802f-54f73e8fef93,False,$1,The Statehood Innovation Dollar Coin Collection,,category: '' → 'paper_currency',{'category': 'paper_currency'},Receipt_2026-06-03_100133.pdf,PDF Invoice,lcc-aj-batch-20260626-181154,389188129,THE STATEHOOD INNOVATION DOLLAR COIN COLLECTION SHIPMENT 24 MAINE
5e971ece-d417-4376-9809-05faa7cf26c0,False,American Silver Eagle,THE COMPLETE 2020 AMERICAN EAGLE NGCX SILVER DOLLAR SET,,Denomination: 'American Silver Eagle' → 'Dollar' | Program/Series casing: 'THE COMPLETE 2020 AMERICAN EAGLE NGCX SILVER DOLLAR SET' → 'The Complete 2020 American Eagle NGCX Silver Dollar Set',"{'Denomination': 'Dollar', 'Program/Series': 'The Complete 2020 American Eagle NGCX Silver Dollar Set'}",Receipt_2026-06-03_100928.pdf,PDF Invoice,lcc-aj-batch-20260626-181154,404995094,"THE COMPLETE 2020 AMERICAN EAGLE NGCX SILVER DOLLAR SET
ENCLOSED IS SHIPMENT # 1
UNCIRCULATED WEST POINT AMERICAN EAGLE"
5edb5533-83a1-42df-bb53-9db4a7292f2c,False,,Historic U.S. Silver Coins,,no change,,Receipt_2026-06-03_101100.pdf,PDF Invoice,lcc-aj-batch-20260626-181154,407172071,HISTORIC U.S. SILVER COINS ENCLOSED IS SHIPMENT # 3 BARBER QUARTER (P MINT) ROOSEVELT DIME UNCIRC (D MINT)
5f29df5a-a99a-44ae-9fa3-8307e4a22613,False,,Historic U.S. Silver Coins,,no change,,Scan_20260129 (58).pdf,PDF Invoice,lcc-aj-batch-20260626-181154,407172071,HISTORIC U.S. SILVER COINS ENCLOSED IS SHIPMENT # 2 MERCURY DIME (D MINT) STANDING LIBERTY QUARTER (P MINT)
5fa0d24f-5c00-4c06-ac82-08cdb9df3c79,False,$1/6 Continental Currency,USA Invoice Import,,category: '' → 'paper_currency',{'category': 'paper_currency'},Scan_20260129 (11).pdf,PDF Invoice,lcc-aj-batch-20260626-181154,65812949,1776 $1/6 Continental Currency Taxable Item Circulated
6005b75d-a8d9-4327-bd48-2ea8fbf84897,False,Capped Bust Half Dollar,Half Dollar Club Selection,,Denomination: 'Capped Bust Half Dollar' → 'Half Dollar',{'Denomination': 'Half Dollar'},Receipt_2026-06-03_093719.pdf,PDF Invoice,lcc-aj-batch-20260626-181154,67268238,THE HALF DOLLAR CLUB SELECTION 1810 CB Silver 50C Ltrd Edge Taxable Item Very Fine
6058838a-af63-42da-9dbf-95d3d21d36fd,False,Washington Quarter,American Women Quarters / The Celebrating America Coin Collection,,Denomination: 'Washington Quarter' → 'Quarter Dollar',{'Denomination': 'Quarter Dollar'},Receipt_2026-06-03_100400.pdf,PDF Invoice,lcc-aj-batch-20260626-181154,398953570,THE CELEBRATING AMERICA COIN COLLECTION SHIPMENT 13 PATSY TAKEMOTO MINK
611b2815-02c1-4daa-83d0-43b2230d530c,False,,America Revisited Selection,,no change,,Receipt_2026-06-03_092916.pdf,PDF Invoice,lcc-aj-batch-20260626-181154,67417854,1942 5-Coin Time Capsule Year Set Taxable Item
6150fcfe-989e-460f-86d2-32aa27a89ab9,False,American Silver Eagle,THE WEST POINT BURNISHED AMERICAN EAGLE SILVER DOLLAR COLLECTION,,Denomination: 'American Silver Eagle' → 'Dollar' | Program/Series casing: 'THE WEST POINT BURNISHED AMERICAN EAGLE SILVER DOLLAR COLLECTION' → 'The West Point Burnished American Eagle Silver Dollar Collection',"{'Denomination': 'Dollar', 'Program/Series': 'The West Point Burnished American Eagle Silver Dollar Collection'}",Receipt_2026-06-03_094929.pdf,PDF Invoice,lcc-aj-batch-20260626-181154,402904254,2020 BURNISHED WEST POINT AMERICAN EAGLE
6153dcbc-551b-4e49-93cc-2cc0cbf7d645,False,Buffalo Nickel,The U.S. Nickel Collection,,Denomination: 'Buffalo Nickel' → 'Five Cents',{'Denomination': 'Five Cents'},Scan_20260129 (109)_Part5.pdf,PDF Invoice,lcc-aj-batch-20260626-181154,405213042,1930 BUFFALO NICKEL
6160361d-1478-40e5-aa04-3982e43ffaae,False,$1 Silver Certificate,USA Invoice Import,,category: '' → 'paper_currency',{'category': 'paper_currency'},Receipt_2026-06-03_101701_Part4.pdf,PDF Invoice,lcc-aj-batch-20260626-181154,67589980,1899 $1 Silver Certificate Large Size Eagle Taxable Item
61695e5b-8d03-4a65-81e0-583438f96532,False,Innovation Dollar,American Innovation Dollars,,Denomination: 'Innovation Dollar' → 'Dollar',{'Denomination': 'Dollar'},2026-06-03_091725.pdf,PDF Invoice,lcc-aj-batch-20260626-181154,65741545,2023-D Louisiana U.S. Innovation Dollar The Higgins Boat Uncirculated
6174bf13-d764-40bc-91f7-dd7b2e49977b,False,Silver Eagle,The Complete Original-Design Proof Silver Eagle Dollar Collection,,Denomination: 'Silver Eagle' → 'Dollar',{'Denomination': 'Dollar'},Receipt_2026-06-03_101410.pdf,PDF Invoice,lcc-aj-batch-20260626-181154,401581731,THE COMPLETE ORIGINAL-DESIGN PROOF SILVER EAGLE DOLLAR COLLECTION ENCLOSED IS SHIPMENT # 9 2021 PROOF AMERICAN EAGLE SILVER DOLLAR
61d8e3f1-a64c-4f97-bfcf-4fa0e57b9ec7,False,Roosevelt Dime,USA Invoice Import,,Denomination: 'Roosevelt Dime' → 'Dime',{'Denomination': 'Dime'},Scan_20260129 (24).pdf,PDF Invoice,lcc-aj-retry-20260626-201949,66151496,U.S. DIME COLLECTION SELECTION 1990-D Roosevelt Dime Tax Free Item Uncirculated
622ee8e1-ac75-41a1-a5bb-cc0312a7f5d4,False,,America Revisited Selection,,no change,,Receipt_2026-06-03_092716.pdf,PDF Invoice,lcc-aj-batch-20260626-181154,68229728,1955 5-Coin Time Capsule Year Set Taxable Item
62e4be92-2e5e-4e0b-ba20-ac328074e3c1,False,Buffalo Nickel,USA Invoice Import,,Denomination: 'Buffalo Nickel' → 'Five Cents',{'Denomination': 'Five Cents'},Receipt_2026-06-03_092205.pdf,PDF Invoice,lcc-aj-batch-20260626-181154,65712953,1926 Buffalo Nickel Fine
62f0a79b-61ed-4fd5-b828-1ee4e8d2b54b,False,Jefferson Nickel,THE U.S. NICKEL COLLECTION,,Denomination: 'Jefferson Nickel' → 'Five Cents' | Program/Series casing: 'THE U.S. NICKEL COLLECTION' → 'The U.S. Nickel Collection',"{'Denomination': 'Five Cents', 'Program/Series': 'The U.S. Nickel Collection'}",Receipt_2026-06-03_095349.pdf,PDF Invoice,lcc-aj-retry-20260626-201949,405213042,SHIPMENT 15 FOUR COINS AT $7.95 EACH PLUS $.95 EACH SHIPPING AND SERVICE 2010 JEFFERSON NICKEL
6348ff8b-f8c5-4b00-a2d5-dae97b1881f7,False,Jefferson Nickel,THE U.S. NICKEL COLLECTION,,Denomination: 'Jefferson Nickel' → 'Five Cents' | Program/Series casing: 'THE U.S. NICKEL COLLECTION' → 'The U.S. Nickel Collection',"{'Denomination': 'Five Cents', 'Program/Series': 'The U.S. Nickel Collection'}",Receipt_2026-06-03_095349.pdf,PDF Invoice,lcc-aj-retry-20260626-201949,405213042,SHIPMENT 18 FOUR COINS AT $7.95 EACH PLUS $.95 EACH SHIPPING AND SERVICE 2009 JEFFERSON NICKEL
63698d2f-c0f4-447f-ae9d-169733515d85,False,,The World War II U.S. Coin Collection,,no change,,Scan_20260129 (99).pdf,PDF Invoice,lcc-aj-batch-20260626-181154,406380469,"THE WORLD WAR II U.S. COIN COLLECTION ENCLOSED IS SHIPMENT # 4
1942-P LINCOLN PENNY
1942-P JEFFERSON WARTIME SILVER NICKEL
1942-P MERC. DIME & WASHINGTON QUARTER
1942-P WALKING LIBERTY HALF-DOLLAR
1942 3C WIN THE WAR STAMP (4)"
637c230a-1b07-4526-b9d1-9fc4a9c8c17e,False,American Silver Eagle Dollar,American Eagle,,Denomination: 'American Silver Eagle Dollar' → 'Dollar',{'Denomination': 'Dollar'},Scan_20260128 (20).pdf,PDF Invoice,lcc-aj-batch-20260626-181154,66976241,2024-W American Silver Eagle Dollar Ch Proof-63
63b497e6-a61d-4520-b4bd-b587f0761c14,False,Jefferson Nickel,USA Invoice Import,,Denomination: 'Jefferson Nickel' → 'Five Cents',{'Denomination': 'Five Cents'},Receipt_2026-06-03_101701_Part1.pdf,PDF Invoice,lcc-aj-batch-20260626-181154,67506820,1942-P Jefferson Wartime Nickel Silver Alloy
64eef68e-07d0-4550-99e4-d246dce04da2,False,Innovation Dollar,American Innovation Dollars,,Denomination: 'Innovation Dollar' → 'Dollar',{'Denomination': 'Dollar'},Scan_20260129 (53).pdf,PDF Invoice,lcc-aj-batch-20260626-181154,67576317,2024-D Alabama U.S. Innovation Dollar Saturn V Rocket
65596277-cdc8-4be1-86ea-2eaf31870b66,False,,America Revisited Selection,,no change,,Receipt_2026-06-03_092716.pdf,PDF Invoice,lcc-aj-batch-20260626-181154,67573806,YEAR SETS: AMERICA REVISITED SELECTION 1939 5-Coin Time Capsule Year Set Taxable Item
655db376-c711-4e43-a3eb-1190cabc97b1,False,American Silver Eagle,THE COMPLETE ORIGINAL-DESIGN PROOF SILVER EAGLE DOLLAR COLLECTION,,Denomination: 'American Silver Eagle' → 'Dollar' | Program/Series casing: 'THE COMPLETE ORIGINAL-DESIGN PROOF SILVER EAGLE DOLLAR COLLECTION' → 'The Complete Original-Design Proof Silver Eagle Dollar Collection',"{'Denomination': 'Dollar', 'Program/Series': 'The Complete Original-Design Proof Silver Eagle Dollar Collection'}",Scan_20260129 (104).pdf,PDF Invoice,lcc-aj-batch-20260626-181154,401581731,2011 PROOF AMERICAN EAGLE SILVER DOLLAR
65e13dd2-6f69-4637-9442-9987b95f05ff,False,Mercury Dime,Mercury Dime,,Denomination: 'Mercury Dime' → 'Dime',{'Denomination': 'Dime'},Scan_20260129 (16).pdf,PDF Invoice,lcc-aj-batch-20260626-181154,68120397,1929-D Mercury Silver Dime Taxable Item Average Circ
6601b0b5-e527-4310-af73-e2aced18395f,False,Washington Quarter,American Women Quarters,,Denomination: 'Washington Quarter' → 'Quarter Dollar',{'Denomination': 'Quarter Dollar'},Receipt_2026-06-03_093306.pdf,PDF Invoice,lcc-aj-batch-20260626-181154,67576317,"2024-P Zitkala-Sa Quarter 
 Uncirculated"
66337686-4b68-4879-8a72-92c3f1bc1aff,False,,USA Invoice Import,,no change,,Receipt_2026-06-03_092052.pdf,PDF Invoice,lcc-aj-batch-20260626-181154,67226944,"21st Century Penny and Nickel
Transition Set
Tax Free Item"
6679685f-c4fa-44ff-b219-52af7d145902,False,Roosevelt Dime,USA Invoice Import,,Denomination: 'Roosevelt Dime' → 'Dime',{'Denomination': 'Dime'},Receipt_2026-06-03_094010.pdf,PDF Invoice,lcc-aj-retry-20260626-201949,66151496,1956 Roosevelt Silver Dime Tax Free Item
66a04b65-f60c-466f-9387-4937a0160687,False,$1,American Paper Money Club Selection,,category: '' → 'paper_currency',{'category': 'paper_currency'},Receipt_2026-06-03_101701_Part1.pdf,PDF Invoice,lcc-aj-batch-20260626-181154,67670995,"AMERICAN PAPER MONEY CLUB SELECTION $1 Indian Territory Note Lutie, Oklahoma Taxable Item"
66e85fe5-ff1a-45aa-9bd8-ea21ae7dc96a,False,$1 Innovation Dollar,American Innovation Dollars,,Denomination: '$1 Innovation Dollar' → 'Dollar',{'Denomination': 'Dollar'},2026-06-03_091555.pdf,PDF Invoice,lcc-aj-batch-20260626-181154,67576317,2024-P Illinois U.S. Innovation Dollar Steel Plow Uncirculated
66f7a44b-88cd-46b9-9fce-5c89dc292dd2,False,$1 Innovation Dollar,American Innovation Dollars,,Denomination: '$1 Innovation Dollar' → 'Dollar',{'Denomination': 'Dollar'},2026-06-03_091555.pdf,PDF Invoice,lcc-aj-batch-20260626-181154,67576317,2024-D Alabama U.S. Innovation Dollar Saturn V Rocket Uncirculated
6704e91e-32dc-420b-8a58-977bff9ff8b8,False,American Silver Eagle,American Eagle NGCX Silver Dollar Set,,Denomination: 'American Silver Eagle' → 'Dollar',{'Denomination': 'Dollar'},Scan_20260129 (91).pdf,PDF Invoice,lcc-aj-batch-20260626-181154,404995094,THE COMPLETE 2020 AMERICAN EAGLE NGCX SILVER DOLLAR SET ENCLOSED IS SHIPMENT # 1 UNCIRCULATED WEST POINT AMERICAN EAGLE
67fe88c8-23f3-4cda-8b67-32cc15fd2914,False,Washington Quarter,American Women Quarters,,Denomination: 'Washington Quarter' → 'Quarter Dollar',{'Denomination': 'Quarter Dollar'},Receipt_2026-06-03_093201.pdf,PDF Invoice,lcc-aj-batch-20260626-181154,65119068,2022-D Nina Otero-Warren Quarter Taxable Item
688f0722-d124-4da3-92e4-933f7da57f41,False,Liberty Seated Half Dollar,20TH CENT. HALF DOLLAR CLUB SELECTION,,Denomination: 'Liberty Seated Half Dollar' → 'Half Dollar' | Program/Series casing: '20TH CENT. HALF DOLLAR CLUB SELECTION' → '20th Century Half Dollar Club Selection',"{'Denomination': 'Half Dollar', 'Program/Series': '20th Century Half Dollar Club Selection'}",Receipt_2026-06-03_092551.pdf,PDF Invoice,lcc-aj-batch-20260626-181154,65222228,20TH CENT. HALF DOLLAR CLUB SELECTION 1868 Liberty Seated Silver Half Dollar Motto Taxable Item
68976a60-54a8-4c3c-85da-710ba89a11ea,False,Jefferson Nickel,The U.S. Nickel Collection,,Denomination: 'Jefferson Nickel' → 'Five Cents',{'Denomination': 'Five Cents'},Scan_20260129 (109)_Part2.pdf,PDF Invoice,lcc-aj-batch-20260626-181154,405213042,1960 JEFFERSON NICKEL
68d1ece9-2bd2-4657-a766-a1534c7e0892,False,$2 Legal Tender Note,USA Invoice Import,,category: '' → 'paper_currency',{'category': 'paper_currency'},Scan_20260129 (11).pdf,PDF Invoice,lcc-aj-batch-20260626-181154,65812949,1928 $2 Legal Tender Note Taxable Item Choice Crisp
69789817-6f09-4111-aaf6-9f85a51ecf77,False,Franklin Half Dollar,USA Invoice Import,,Denomination: 'Franklin Half Dollar' → 'Half Dollar',{'Denomination': 'Half Dollar'},Scan_20260128 (18).pdf,PDF Invoice,lcc-aj-batch-20260626-181154,65741545,1963-D Franklin Silver Half Dollar Very Fine
6b598da3-9cde-4569-95a3-8fdfcadae9ce,False,American Silver Eagle Dollar,American Eagle,,Denomination: 'American Silver Eagle Dollar' → 'Dollar',{'Denomination': 'Dollar'},Receipt_2026-06-03_091829.pdf,PDF Invoice,lcc-aj-batch-20260626-181154,67290645,2024 American Silver Eagle Dollar
6be165b7-0b58-4cbd-b69b-8e444dea624b,False,American Silver Eagle,THE WEST POINT BURNISHED AMERICAN EAGLE SILVER DOLLAR COLLECTION,,Denomination: 'American Silver Eagle' → 'Dollar' | Program/Series casing: 'THE WEST POINT BURNISHED AMERICAN EAGLE SILVER DOLLAR COLLECTION' → 'The West Point Burnished American Eagle Silver Dollar Collection',"{'Denomination': 'Dollar', 'Program/Series': 'The West Point Burnished American Eagle Silver Dollar Collection'}",Receipt_2026-06-03_094929.pdf,PDF Invoice,lcc-aj-batch-20260626-181154,402904254,2019 BURNISHED WEST POINT AMERICAN EAGLE
6bfe04c1-aba3-4435-87d0-662fed3c97b8,False,Silver Eagle,The Complete Original-Design Proof Silver Eagle Dollar Collection,,Denomination: 'Silver Eagle' → 'Dollar',{'Denomination': 'Dollar'},Receipt_2026-06-03_101410.pdf,PDF Invoice,lcc-aj-batch-20260626-181154,401581731,THE COMPLETE ORIGINAL-DESIGN PROOF SILVER EAGLE DOLLAR COLLECTION ENCLOSED IS SHIPMENT # 14 2019 PROOF AMERICAN EAGLE SILVER DOLLAR
6c070630-a27e-4e46-a90f-f21f091f912e,False,Eisenhower Dollar,USA Invoice Import,,Denomination: 'Eisenhower Dollar' → 'Dollar',{'Denomination': 'Dollar'},Scan_20260128 (4).pdf,PDF Invoice,lcc-aj-batch-20260626-181154,68344210,1978 Eisenhower Dollar Copper Nickel Clad Uncirculated
6c791d58-4689-4bc3-b6a6-67a25b85ed9a,False,Lincoln Head Cent,USA Invoice Import,,Denomination: 'Lincoln Head Cent' → 'Cent',{'Denomination': 'Cent'},Scan_20260129 (55).pdf,PDF Invoice,lcc-aj-batch-20260626-181154,67506820,1929-D Lincoln Head Cent
6ce029b6-d299-4329-8257-157df85eefb4,False,Morgan Silver Dollar,GSA Hoard,,Denomination: 'Morgan Silver Dollar' → 'Dollar',{'Denomination': 'Dollar'},Receipt_2026-06-03_094704.pdf,PDF Invoice,lcc-aj-batch-20260626-181154,JS050119,1883-O Morgan Silver Dollar Uncirculated GSA W/ Original Gov't Box
6d1ef746-c2ce-448d-9e91-c2af534f1d5a,False,Presidential Dollar,Presidential Dollars,,Denomination: 'Presidential Dollar' → 'Dollar',{'Denomination': 'Dollar'},Receipt_2026-06-03_102540.pdf,PDF Invoice,lcc-aj-stubborn-final,68653612,"2007-P Geo Washington Dollar 1789-1797
Edge Letters Up or Down MS60
Tax Free Item Uncirculated Free"
6d55dd2e-6249-4321-ae55-0f6a8ecd96a5,False,$1 Innovation Dollar,American Innovation Dollars,,Denomination: '$1 Innovation Dollar' → 'Dollar',{'Denomination': 'Dollar'},2026-06-03_091555.pdf,PDF Invoice,lcc-aj-batch-20260626-181154,67576317,2024-D Missouri U.S. Innovation Dollar Uncirculated
6dff997a-b582-415b-93cf-7fb3b9c73aef,False,Walking Liberty Half Dollar,USA Invoice Import,,Denomination: 'Walking Liberty Half Dollar' → 'Half Dollar',{'Denomination': 'Half Dollar'},Scan_20260129 (53).pdf,PDF Invoice,lcc-aj-batch-20260626-181154,67576317,1944-D Liberty Walking Silver 50C
6e3c0dcc-db1b-4306-bb1c-07b7159e5ce3,False,Mint Set,U.S. Uncirculated Coin Mint Sets,,no change,,Receipt_2026-06-03_095940.pdf,PDF Invoice,lcc-aj-batch-20260626-181154,362308793,U.S. UNCIRCULATED COIN MINT SETS SHIPMENT 84 ONE PANEL AT $39.95 PLUS $4.50 SHIPPING AND SERVICE 2024 DENVER MINT PANEL
6e7fab24-2152-4a97-87fb-9e187d6ca67d,False,Barber Quarter,THE U.S. COIN COMPLETE DENOMINATION SET,,Denomination: 'Barber Quarter' → 'Quarter Dollar' | Program/Series casing: 'THE U.S. COIN COMPLETE DENOMINATION SET' → 'The U.S. Coin Complete Denomination Set',"{'Denomination': 'Quarter Dollar', 'Program/Series': 'The U.S. Coin Complete Denomination Set'}",Scan_20260129 (83).pdf,PDF Invoice,lcc-aj-batch-20260626-181154,406368555,THE U.S. COIN COMPLETE DENOMINATION SET ENCLOSED IS SHIPMENT # 4 BARBER QUARTER
6f57ab6d-4c70-45e3-b0b8-b04eb8f827f5,False,Capped Bust Half Dollar,Half Dollar Club Selection,,Denomination: 'Capped Bust Half Dollar' → 'Half Dollar',{'Denomination': 'Half Dollar'},Receipt_2026-06-03_093603.pdf,PDF Invoice,lcc-aj-batch-20260626-181154,66327175,THE HALF DOLLAR CLUB SELECTION 1825 Capped Bust Silver Half Dollar Lettered Edge ANACS Tax Free Item
6f58bdb9-cfeb-4e3e-9c23-c7c786f6f445,False,$5 Bank Note,West River Bank Note,,category: '' → 'paper_currency',{'category': 'paper_currency'},Scan_20260129 (54).pdf,PDF Invoice,lcc-aj-batch-20260626-181154,67589980,$5 West River Bank Note VT Jamaica Taxable Item
6f8bc82d-4724-4932-b906-b3f5be354d2f,False,Morgan Silver Dollar,OFFICIALLY SEALED CARSON CITY MINT MORGAN SILVER DOLLARS,,Denomination: 'Morgan Silver Dollar' → 'Dollar' | Program/Series casing: 'OFFICIALLY SEALED CARSON CITY MINT MORGAN SILVER DOLLARS' → 'Officially Sealed Carson City Mint Morgan Silver Dollars',"{'Denomination': 'Dollar', 'Program/Series': 'Officially Sealed Carson City Mint Morgan Silver Dollars'}",Scan_20260129 (80).pdf,PDF Invoice,lcc-aj-batch-20260626-181154,406183541,1883 CARSON CITY MORGAN SILVER DOLLAR
70f7cbf3-ea54-4028-b472-f235309147c4,False,Washington Quarter,American Women Quarters / The Celebrating America Coin Collection,,Denomination: 'Washington Quarter' → 'Quarter Dollar',{'Denomination': 'Quarter Dollar'},Receipt_2026-06-03_100400.pdf,PDF Invoice,lcc-aj-batch-20260626-181154,398953570,THE CELEBRATING AMERICA COIN COLLECTION SHIPMENT 9 ELEANOR ROOSEVELT
72419132-1651-4209-b91e-9c97c63774ed,False,Morgan Silver Dollar,Premier Morgan Dollar Society Selection,,Denomination: 'Morgan Silver Dollar' → 'Dollar',{'Denomination': 'Dollar'},Scan_20260128 (9).pdf,PDF Invoice,lcc-aj-batch-20260626-181154,65998313,PREMIER MORGAN DOLLAR SOCIETY SELECTION 1885-O Morgan Silver Dollar in Deluxe Holder Taxable Item
729600da-8a78-457c-994f-8469dc6c27b9,False,Roosevelt Dime,USA Invoice Import,,Denomination: 'Roosevelt Dime' → 'Dime',{'Denomination': 'Dime'},Receipt_2026-06-03_092443.pdf,PDF Invoice,lcc-aj-batch-20260626-181154,67877370,2015-2024 P or D Roosevelt Dime Set 10 - Coins
736b9458-86cb-4bfc-a17a-756c80e6d213,False,Jefferson Nickel,The U.S. Nickel Collection,,Denomination: 'Jefferson Nickel' → 'Five Cents',{'Denomination': 'Five Cents'},Scan_20260129 (128)_Part1.pdf,PDF Invoice,lcc-aj-batch-20260626-181154,405213042,1944 JEFFERSON NICKEL - WARTIME SILVER
73e83d27-3b6b-4128-8b81-83ef39336974,False,Jefferson Nickel,THE U.S. NICKEL COLLECTION,,Denomination: 'Jefferson Nickel' → 'Five Cents' | Program/Series casing: 'THE U.S. NICKEL COLLECTION' → 'The U.S. Nickel Collection',"{'Denomination': 'Five Cents', 'Program/Series': 'The U.S. Nickel Collection'}",Receipt_2026-06-03_095349.pdf,PDF Invoice,lcc-aj-retry-20260626-201949,405213042,SHIPMENT 15 FOUR COINS AT $7.95 EACH PLUS $.95 EACH SHIPPING AND SERVICE 1966 JEFFERSON NICKEL
746def72-aff9-407f-bc82-d2fe5d402845,False,Liberty Head Nickel,THE U.S. NICKEL COLLECTION,,Denomination: 'Liberty Head Nickel' → 'Five Cents' | Program/Series casing: 'THE U.S. NICKEL COLLECTION' → 'The U.S. Nickel Collection',"{'Denomination': 'Five Cents', 'Program/Series': 'The U.S. Nickel Collection'}",Receipt_2026-06-03_095349.pdf,PDF Invoice,lcc-aj-retry-20260626-201949,405213042,SHIPMENT 16 FOUR COINS AT $7.95 EACH PLUS $.95 EACH SHIPPING AND SERVICE 1903 LIBERTY HEAD NICKEL
7473ec9f-d452-4299-85ce-42f4954cec75,False,Jefferson Nickel,THE U.S. NICKEL COLLECTION,,Denomination: 'Jefferson Nickel' → 'Five Cents' | Program/Series casing: 'THE U.S. NICKEL COLLECTION' → 'The U.S. Nickel Collection',"{'Denomination': 'Five Cents', 'Program/Series': 'The U.S. Nickel Collection'}",Receipt_2026-06-03_095349.pdf,PDF Invoice,lcc-aj-retry-20260626-201949,405213042,SHIPMENT 19 FOUR COINS AT $7.95 EACH PLUS $.95 EACH SHIPPING AND SERVICE 2007 JEFFERSON NICKEL
7511d92d-e71d-430b-83a9-1838a8332fed,False,$20 Federal Reserve Bank Note,Federal Reserve Bank Note,,category: '' → 'paper_currency',{'category': 'paper_currency'},Scan_20260129 (13).pdf,PDF Invoice,lcc-aj-batch-20260626-181154,68053922,AMERICAN PAPER MONEY CLUB SELECTION 1929 $20 Federal Reserve Bank Note Taxable Item Fine
7610d5ee-2e66-4fe3-94cd-8b51f2c79e1a,False,$10 Federal Reserve Note,AMERICAN PAPER MONEY CLUB SELECTION,,category: '' → 'paper_currency' | Program/Series casing: 'AMERICAN PAPER MONEY CLUB SELECTION' → 'American Paper Money Club Selection',"{'category': 'paper_currency', 'Program/Series': 'American Paper Money Club Selection'}",Receipt_2026-06-03_102735.pdf,PDF Invoice,lcc-aj-batch-20260626-181154,68392428,AMERICAN PAPER MONEY CLUB SELECTION 1934C $10 Federal Reserve Note Taxable Item
7669c6c6-d6cf-42fd-971c-2ee266812015,False,$5 Legal Tender Note Large Size,AMERICAN PAPER MONEY CLUB SELECTION,,category: '' → 'paper_currency' | Program/Series casing: 'AMERICAN PAPER MONEY CLUB SELECTION' → 'American Paper Money Club Selection',"{'category': 'paper_currency', 'Program/Series': 'American Paper Money Club Selection'}",Receipt_2026-06-03_101701_Part3.pdf,PDF Invoice,lcc-aj-batch-20260626-181154,68169014,AMERICAN PAPER MONEY CLUB SELECTION 1907 $5 Legal Tender Note Large Size PMG Taxable Item
769de267-4b57-4805-b9dd-a3b17040b77e,False,,National Park Quarters,,no change,,Receipt_2026-06-03_092052.pdf,PDF Invoice,lcc-aj-batch-20260626-181154,67226944,"2010-2021 National Park Quarter Set
56 Coins"
76a4a0de-89e4-4deb-92e3-bd1589e3b94f,False,Silver Dollar,The Complete 2020 American Eagle NGCX Silver Dollar Set,,Denomination: 'Silver Dollar' → 'Dollar',{'Denomination': 'Dollar'},Scan_20260129 (88).pdf,PDF Invoice,lcc-aj-batch-20260626-181154,404995094,THE COMPLETE 2020 AMERICAN EAGLE NGCX SILVER DOLLAR SET ENCLOSED IS SHIPMENT # 3 UNC. PHILADELPHIA EMERGENCY ISSUE EAGLE
77029ebb-676c-4a17-bc1a-22ed8eddcb24,False,Liberty Head Nickel,The U.S. Nickel Collection - Shipment 13,,Denomination: 'Liberty Head Nickel' → 'Five Cents',{'Denomination': 'Five Cents'},Scan_20260129 (121)_Part3.pdf,PDF Invoice,lcc-aj-batch-20260626-181154,405213042,1908 LIBERTY HEAD NICKEL
775483fd-f96c-42ba-80f0-eaa25023a0a3,False,25C Fractional Currency,USA Invoice Import,,category: '' → 'paper_currency',{'category': 'paper_currency'},Scan_20260129 (14).pdf,PDF Invoice,lcc-aj-batch-20260626-181154,67670995,1863-1867 25C Fractional Currency PMG/EPQ Taxable Item Unc-64 Prem
7801a6e0-cade-4ebb-bd41-8a98be94c8b5,False,American Silver Eagle,The Complete Original-Design Proof Silver Eagle Dollar Collection,,Denomination: 'American Silver Eagle' → 'Dollar',{'Denomination': 'Dollar'},Scan_20260129 (106).pdf,PDF Invoice,lcc-aj-batch-20260626-181154,401581731,"THE COMPLETE ORIGINAL-DESIGN PROOF SILVER EAGLE DOLLAR COLLECTION
2016 PROOF AMERICAN EAGLE SILVER DOLLAR"
78a06797-dadc-4138-b211-3a2834388351,False,Walking Liberty Half Dollar,Half Dollar Club Selection,,Denomination: 'Walking Liberty Half Dollar' → 'Half Dollar',{'Denomination': 'Half Dollar'},Receipt_2026-06-03_093603.pdf,PDF Invoice,lcc-aj-batch-20260626-181154,66441817,THE HALF DOLLAR CLUB SELECTION 1946 Liberty Walking Silver Half Dollar Double Die Reverse Taxable Item
78b46b4d-d7ce-4db4-b70c-ffc652d083a5,False,Roosevelt Dime,USA Invoice Import,,Denomination: 'Roosevelt Dime' → 'Dime',{'Denomination': 'Dime'},Receipt_2026-06-03_094122.pdf,PDF Invoice,lcc-aj-batch-20260626-181154,67379713,2025-P Roosevelt Dime Taxable Item
78e3d28c-0755-41ca-ac0d-896482d2fa8d,False,Innovation Dollar,THE STATEHOOD INNOVATION DOLLAR COIN COLLECTION,,Denomination: 'Innovation Dollar' → 'Dollar' | Program/Series casing: 'THE STATEHOOD INNOVATION DOLLAR COIN COLLECTION' → 'The Statehood Innovation Dollar Coin Collection',"{'Denomination': 'Dollar', 'Program/Series': 'The Statehood Innovation Dollar Coin Collection'}",Scan_20260129 (118).pdf,PDF Invoice,lcc-aj-batch-20260626-181154,389188129,THE STATEHOOD INNOVATION DOLLAR COIN COLLECTION SHIPMENT 22 ILLINOIS
7a0e7fb5-2738-4615-a28c-456145484cbe,False,Franklin Half Dollar,USA Invoice Import,,Denomination: 'Franklin Half Dollar' → 'Half Dollar',{'Denomination': 'Half Dollar'},2026-06-03_091725.pdf,PDF Invoice,lcc-aj-batch-20260626-181154,65741545,1957-D Franklin Silver Half Dollar Good
7a5dcf6a-33b0-48a2-b1a6-83f73f9a0774,False,Liberty Seated Quarter,Washington Quarter Club Selection,,Denomination: 'Liberty Seated Quarter' → 'Quarter Dollar',{'Denomination': 'Quarter Dollar'},Receipt_2026-06-03_094810.pdf,PDF Invoice,lcc-aj-batch-20260626-181154,68519205,WASHINGTON QUARTER CLUB SELECTION 1871 Liberty Seated Silver Quarter ANACS Taxable Item
7a8506aa-01e6-44e0-a75d-d3ab4e02afce,False,Buffalo Nickel,THE U.S. NICKEL COLLECTION,,Denomination: 'Buffalo Nickel' → 'Five Cents' | Program/Series casing: 'THE U.S. NICKEL COLLECTION' → 'The U.S. Nickel Collection',"{'Denomination': 'Five Cents', 'Program/Series': 'The U.S. Nickel Collection'}",Receipt_2026-06-03_095349.pdf,PDF Invoice,lcc-aj-retry-20260626-201949,405213042,SHIPMENT 25 FOUR COINS AT $7.95 EACH PLUS $.95 EACH SHIPPING AND SERVICE 1916 BUFFALO NICKEL
7ae2d08e-2c9c-4b8b-9b62-b97f2dc30099,False,Liberty Seated Half Dime,U.S. DIME COLLECTION SELECTION,,Denomination: 'Liberty Seated Half Dime' → 'Half Dime' | Program/Series casing: 'U.S. DIME COLLECTION SELECTION' → 'U.S. Dime Collection Selection',"{'Denomination': 'Half Dime', 'Program/Series': 'U.S. Dime Collection Selection'}",Receipt_2026-06-03_094122.pdf,PDF Invoice,lcc-aj-batch-20260626-181154,65773987,U.S. DIME COLLECTION SELECTION 1837 Liberty Seated Silver Half Dime No Stars Small Date PCGS Tax Free Item
7b317c21-aa36-491a-affb-ecd3edd830c2,False,Buffalo Nickel,The U.S. Nickel Collection,,Denomination: 'Buffalo Nickel' → 'Five Cents',{'Denomination': 'Five Cents'},Scan_20260129 (121)_Part4.pdf,PDF Invoice,lcc-aj-batch-20260626-181154,405213042,THE U.S. NICKEL COLLECTION SHIPMENT 5 FOUR COINS AT $7.95 EACH - 1934 BUFFALO NICKEL
7ca7496e-24f5-4d6d-a414-0dfedbd049e0,False,Barber Dime,Barber,,Denomination: 'Barber Dime' → 'Dime',{'Denomination': 'Dime'},Scan_20260129 (51).pdf,PDF Invoice,lcc-aj-batch-20260626-181154,67054670,1906 Barber Silver Dime Good
7caccd8e-7feb-444d-832b-0f9aee8071fc,False,Morgan Silver Dollar,The Ultimate Modern Morgan and Peace Silver Dollar Collection,,Denomination: 'Morgan Silver Dollar' → 'Dollar',{'Denomination': 'Dollar'},Receipt_2026-06-03_100549.pdf,PDF Invoice,lcc-aj-retry-20260626-201949,405887043,2023 MORGAN SILVER $ UNC
7cde94e8-483f-44af-ab10-e40a84bd5849,False,Washington Quarter,The Celebrating America Coin Collection,,Denomination: 'Washington Quarter' → 'Quarter Dollar',{'Denomination': 'Quarter Dollar'},Scan_20260129 (72).pdf,PDF Invoice,lcc-aj-batch-20260626-181154,398953570,THE CELEBRATING AMERICA COIN COLLECTION SHIPMENT 12 REV. DR. PAULI MURRAY
7d3495f3-d1eb-4878-b6df-042d5ceae5d1,False,$100 Federal Reserve Note,Federal Reserve Note,,category: '' → 'paper_currency',{'category': 'paper_currency'},Receipt_2026-06-03_093201.pdf,PDF Invoice,lcc-aj-batch-20260626-181154,64963243,1934A $100 Federal Reserve Note Taxable Item
7d47d5d4-95c7-4161-a62a-25614c5adf85,False,$10 Silver Certificate,American Paper Money Club Selection,,category: '' → 'paper_currency',{'category': 'paper_currency'},Receipt_2026-06-03_101701_Part2.pdf,PDF Invoice,lcc-aj-batch-20260626-181154,65574055,AMERICAN PAPER MONEY CLUB SELECTION 1934A $10 Silver Certificate Yellow Seal BA Block PMG EPQ66 Taxable Item
7d9660cf-9b6d-4bda-9cc8-65cb3c14b901,False,,America Revisited Selection,,no change,,Receipt_2026-06-03_092716.pdf,PDF Invoice,lcc-aj-batch-20260626-181154,68370158,1944 5-Coin Time Capsule Year Set Taxable Item
7df6a3df-f97f-4b23-87b6-5a54569f01b7,False,Washington Quarter,USA Invoice Import,,Denomination: 'Washington Quarter' → 'Quarter Dollar',{'Denomination': 'Quarter Dollar'},Scan_20260129 (51).pdf,PDF Invoice,lcc-aj-batch-20260626-181154,67054670,1995-S Washington Quarter Copper-Nickel Ch Proof-63
7e07d8a3-0260-4e10-8a0d-fa30667096f9,False,5-Coin Set,America Revisited Club,,no change,,Scan_20260129 (47).pdf,PDF Invoice,lcc-aj-batch-20260626-181154,67573806,YEAR SETS: AMERICA REVISITED SELECTION 1939 5-Coin Time Capsule Year Set Taxable Item
7f19e971-5b6b-48f3-846d-3fef79b2616e,False,,America Revisited Selection,,no change,,Receipt_2026-06-03_092716.pdf,PDF Invoice,lcc-aj-batch-20260626-181154,67521147,YEAR SETS: AMERICA REVISITED SELECTION 1936 5-Coin Time Capsule Year Set Taxable Item
7f7f5654-1738-4f21-b1bc-1eaaa8c2275d,False,Washington Quarter,American Women Quarters,,Denomination: 'Washington Quarter' → 'Quarter Dollar',{'Denomination': 'Quarter Dollar'},Receipt_2026-06-03_094507.pdf,PDF Invoice,lcc-aj-batch-20260626-181154,67617368,WASHINGTON QUARTER CLUB SELECTION 2025-P Dr. Vera Rubin Quarter Taxable Item
7fa7ff5b-77e5-46a6-868f-69ce3c74f368,False,Morgan Silver Dollar,USA Invoice Import,,Denomination: 'Morgan Silver Dollar' → 'Dollar',{'Denomination': 'Dollar'},Scan_20260129 (125).pdf,PDF Invoice,lcc-aj-batch-20260626-181154,406183541,1882 CARSON CITY MORGAN SILVER DOLLAR
807bd1ea-d0ae-4b16-8ead-3a8da252b6f9,False,,The World War II U.S. Coin Collection,,no change,,Receipt_2026-06-03_102135.pdf,PDF Invoice,lcc-aj-batch-20260626-181154,406380469,THE WORLD WAR II U.S. COIN COLLECTION ENCLOSED IS SHIPMENT # 8 1943-D LINCOLN STEEL PENNY 1943-D JEFFERSON WARTIME SILVER NICKEL 1943-D MERC. DIME & WASHINGTON QUARTER 1943-D WALKING LIBERTY HALF-DOLLAR 1945 IWO JIMA (MARINES) STAMP (11)
80bf650a-e6a6-43bb-b276-eff16ff95f6f,False,Kennedy Half Dollar & Native American Dollar,USA Invoice Import,,no change,,Receipt_2026-06-03_091829.pdf,PDF Invoice,lcc-aj-batch-20260626-181154,67290645,2024 P and D Mint Kennedy Half Dollars and Native American Dollars in Showpak
80d45681-e5bb-41e4-8191-dfaf53555a04,False,Silver Dollar,MODERN COMMEMORATIVE CLUB SELECTION,,Denomination: 'Silver Dollar' → 'Dollar' | Program/Series casing: 'MODERN COMMEMORATIVE CLUB SELECTION' → 'Modern Commemorative Club Selection',"{'Denomination': 'Dollar', 'Program/Series': 'Modern Commemorative Club Selection'}",Receipt_2026-06-03_102540.pdf,PDF Invoice,lcc-aj-stubborn-final,68628378,"2024-P Greatest Generation Commemorative
Silver Dollar
Taxable Item Ch Proof-63"
80ff541f-3745-4862-b6fe-78802b4a8865,False,Kennedy Half Dollar,USA Invoice Import,,Denomination: 'Kennedy Half Dollar' → 'Half Dollar',{'Denomination': 'Half Dollar'},Scan_20260128 (18).pdf,PDF Invoice,lcc-aj-batch-20260626-181154,65741545,2023-D Kennedy Half Dollar Uncirculated
81ddc723-c827-45c7-962d-1e3ffc8e7854,False,$1 Innovation Dollar,American Innovation Dollars,,Denomination: '$1 Innovation Dollar' → 'Dollar',{'Denomination': 'Dollar'},2026-06-03_091555.pdf,PDF Invoice,lcc-aj-batch-20260626-181154,67576317,2024-P Missouri U.S. Innovation Dollar George Washington Carver Uncirculated
81e326be-ff2e-4239-8214-649fbbd6471c,False,,America Revisited Selection,,no change,,Scan_20260129 (42).pdf,PDF Invoice,lcc-aj-batch-20260626-181154,67750428,1957 5-Coin Time Capsule Year Set Taxable Item
81e38078-e4a9-41bf-93e7-0d31d47c710a,False,Kennedy Half Dollar,USA Invoice Import,,Denomination: 'Kennedy Half Dollar' → 'Half Dollar',{'Denomination': 'Half Dollar'},Scan_20260128 (6).pdf,PDF Invoice,lcc-aj-stubborn-20260626-203600,67000011,1982-S Kennedy Half Dollar Ch Proof-63
82643c21-8e12-40e4-8ed8-7ee1a9c77902,False,Capped Bust Half Dollar,Half Dollar Club Selection,,Denomination: 'Capped Bust Half Dollar' → 'Half Dollar',{'Denomination': 'Half Dollar'},Receipt_2026-06-03_093603.pdf,PDF Invoice,lcc-aj-batch-20260626-181154,68120369,THE HALF DOLLAR CLUB SELECTION 1819 9/8 Capped Bust Silver Half Dollar Small 9/8 NGC Taxable Item
82920b53-26da-46d7-8cd9-127f0e1d94cd,False,Native American Dollar,USA Invoice Import,,Denomination: 'Native American Dollar' → 'Dollar',{'Denomination': 'Dollar'},Receipt_2026-06-03_093306.pdf,PDF Invoice,lcc-aj-batch-20260626-181154,67576317,"2024-P Native American Dollar 
 Indian Citizenship Act 1924 
 Uncirculated"
832aa84c-9c38-4a9c-87a4-b5dc167e29e2,False,Mint Set,U.S. Uncirculated Coin Mint Sets,,no change,,Receipt_2026-06-03_095940.pdf,PDF Invoice,lcc-aj-batch-20260626-181154,362308793,U.S. UNCIRCULATED COIN MINT SETS SHIPMENT 81 2022 DENVER MINT PANEL
8350fb79-863f-4242-acc4-b04f359ba426,False,Nickel,The U.S. Nickel Collection,,Denomination: 'Nickel' → 'Five Cents',{'Denomination': 'Five Cents'},Receipt_2026-06-03_095612_Part2.pdf,PDF Invoice,lcc-aj-batch-20260626-181154,405213042,"THE U.S. NICKEL COLLECTION SHIPMENT 10 FOUR COINS AT $7.95 EACH PLUS $.95 EACH SHIPPING AND SERVICE
1910 LIBERTY HEAD NICKEL
1960 JEFFERSON NICKEL
1973 JEFFERSON NICKEL
2005 JEFFERSON NICKEL - AMERICAN BISON"
83bd153d-6845-4b6a-8386-8cdf15cdccc6,False,American Innovation Dollar,Statehood Innovation Dollar Coin Collection,,Denomination: 'American Innovation Dollar' → 'Dollar',{'Denomination': 'Dollar'},Scan_20260129 (56).pdf,PDF Invoice,lcc-aj-retry-20260626-201949,389188129,THE STATEHOOD INNOVATION DOLLAR COIN COLLECTION SHIPMENT 29 TEXAS
83c3f2a9-a51f-4d6d-b8ff-a0cfda76819f,False,Mint Set,U.S. Uncirculated Coin Mint Sets,,no change,,Receipt_2026-06-03_095940.pdf,PDF Invoice,lcc-aj-batch-20260626-181154,362308793,U.S. UNCIRCULATED COIN MINT SETS SHIPMENT 82 2023 DENVER MINT PANEL
83d0c5f8-f585-4f89-8c12-1588f1dbe1be,False,Mercury Dime,USA Invoice Import,,Denomination: 'Mercury Dime' → 'Dime',{'Denomination': 'Dime'},Receipt_2026-06-03_092052.pdf,PDF Invoice,lcc-aj-batch-20260626-181154,67000011,1943-D Mercury Silver Dime
854c08cc-f40b-4524-b2ed-3fe912deb60f,False,Jefferson Nickel,The U.S. Nickel Collection,,Denomination: 'Jefferson Nickel' → 'Five Cents',{'Denomination': 'Five Cents'},Scan_20260129 (128)_Part4.pdf,PDF Invoice,lcc-aj-batch-20260626-181154,405213042,1999 JEFFERSON NICKEL
85da41ca-de40-4ce6-bc57-960f60b15fcb,False,Nickel,The U.S. Nickel Collection,,Denomination: 'Nickel' → 'Five Cents',{'Denomination': 'Five Cents'},Scan_20260129 (120)_Part2.pdf,PDF Invoice,lcc-aj-batch-20260626-181154,405213042,THE U.S. NICKEL COLLECTION SHIPMENT 12 FOUR COINS AT $7.95 EACH PLUS $.95 EACH SHIPPING AND SERVICE 1912 LIBERTY HEAD NICKEL 1981 JEFFERSON NICKEL 1961 JEFFERSON NICKEL 1992 JEFFERSON NICKEL
8621db5f-243f-4509-b3ad-1aea83370e18,False,$1 Silver Certificate,Silver Certificate,,category: '' → 'paper_currency',{'category': 'paper_currency'},Receipt_2026-06-03_093201.pdf,PDF Invoice,lcc-aj-batch-20260626-181154,64963243,1934 $1 Silver Certificate Funnyback Star Note Taxable Item
86541977-4af2-45f9-a90e-6810223ecda6,False,Dollar Coin,Statehood Innovation Dollar Coin Collection,,Denomination: 'Dollar Coin' → 'Dollar',{'Denomination': 'Dollar'},Scan_20260129 (115).pdf,PDF Invoice,lcc-aj-retry-20260626-201949,389188129,THE STATEHOOD INNOVATION DOLLAR COIN COLLECTION SHIPMENT 24 MAINE
86f060d8-d0b1-4df9-8f13-ec6b4cc54718,False,Nickel,The U.S. Nickel Collection,,Denomination: 'Nickel' → 'Five Cents',{'Denomination': 'Five Cents'},Scan_20260129 (120)_Part4.pdf,PDF Invoice,lcc-aj-batch-20260626-181154,405213042,THE U.S. NICKEL COLLECTION SHIPMENT 4 FOUR COINS AT $7.95 EACH PLUS $.95 EACH SHIPPING AND SERVICE 1927 BUFFALO NICKEL 1954 JEFFERSON NICKEL 1977 JEFFERSON NICKEL 2004 JEFFERSON NICKEL - KEELBOAT
86fb5fbc-5519-474e-a9d3-9116da5551dc,False,Washington Quarter,USA Invoice Import,,Denomination: 'Washington Quarter' → 'Quarter Dollar',{'Denomination': 'Quarter Dollar'},Scan_20260128 (8).pdf,PDF Invoice,lcc-aj-batch-20260626-181154,65712953,1944 Washington Silver Quarter Average Circ
86ff1b19-990d-4eb0-9ad1-b6f91be7805c,False,Lincoln Head Cent,USA Invoice Import,,Denomination: 'Lincoln Head Cent' → 'Cent',{'Denomination': 'Cent'},Scan_20260129 (55).pdf,PDF Invoice,lcc-aj-batch-20260626-181154,67506820,2024 Lincoln Head Cent
87719d47-19c9-4e8f-aab2-3887d00830c9,False,American Silver Eagle,American Eagle,,Denomination: 'American Silver Eagle' → 'Dollar',{'Denomination': 'Dollar'},Receipt_2026-06-03_092353.pdf,PDF Invoice,lcc-aj-batch-20260626-181154,66976241,2024-W American Silver Eagle Dollar Ch Proof-63
87bd4fd1-738a-4370-a596-597dd064a459,False,Jefferson Nickel,USA Invoice Import,,Denomination: 'Jefferson Nickel' → 'Five Cents',{'Denomination': 'Five Cents'},2026-06-03_091555.pdf,PDF Invoice,lcc-aj-batch-20260626-181154,67576317,1942-P Jefferson Wartime Nickel Silver Alloy Average Circ
89330453-b34b-480e-a63d-408f807293d7,False,$5 National Bank Note,USA Invoice Import,,category: '' → 'paper_currency',{'category': 'paper_currency'},Scan_20260129 (8).pdf,PDF Invoice,lcc-aj-batch-20260626-181154,67892115,1882 $5 National Bank Note Large Size Portland Maine Brown Back PMG #1060 Taxable Item Fine/Very Fi
8997156a-6382-4c45-bad2-420153107094,False,Liberty Head Nickel,THE U.S. NICKEL COLLECTION,,Denomination: 'Liberty Head Nickel' → 'Five Cents' | Program/Series casing: 'THE U.S. NICKEL COLLECTION' → 'The U.S. Nickel Collection',"{'Denomination': 'Five Cents', 'Program/Series': 'The U.S. Nickel Collection'}",Receipt_2026-06-03_095349.pdf,PDF Invoice,lcc-aj-retry-20260626-201949,405213042,SHIPMENT 17 FOUR COINS AT $7.95 EACH PLUS $.95 EACH SHIPPING AND SERVICE 1901 LIBERTY HEAD NICKEL
89ab8856-3824-4cf6-b159-a6929df45c95,False,American Silver Eagle,American Eagle,,Denomination: 'American Silver Eagle' → 'Dollar',{'Denomination': 'Dollar'},Scan_20260129 (89).pdf,PDF Invoice,lcc-aj-batch-20260626-181154,404995094,THE COMPLETE 2020 AMERICAN EAGLE NGCX SILVER DOLLAR SET ENCLOSED IS SHIPMENT # 2 UNC. SAN FRANCISCO EMERGENCY ISSUE EAGLE
8a46a318-9448-46f5-ad51-261258eabf02,False,Liberty Seated Half Dime,The U.S. Coin Complete Denomination Set,,Denomination: 'Liberty Seated Half Dime' → 'Half Dime',{'Denomination': 'Half Dime'},Receipt_2026-06-03_102135.pdf,PDF Invoice,lcc-aj-batch-20260626-181154,406368555,THE U.S. COIN COMPLETE DENOMINATION SET ENCLOSED IS SHIPMENT # 8 SEATED LIBERTY HALF-DIME
8ad83f57-8c92-473c-b482-78513b92b282,False,$1 Silver Eagle,American Silver Eagle,,category: '' → 'paper_currency',{'category': 'paper_currency'},2026-06-03_091555.pdf,PDF Invoice,lcc-aj-batch-20260626-181154,67576317,2018 American Silver Eagle Dollar Uncirculated
8b78d6f3-02ff-4c39-af8f-f301d98b43c0,False,Washington Quarter,USA Invoice Import,,Denomination: 'Washington Quarter' → 'Quarter Dollar',{'Denomination': 'Quarter Dollar'},Scan_20260128 (8).pdf,PDF Invoice,lcc-aj-batch-20260626-181154,65712953,1957 Washington Silver Quarter Average Circ
8cb161dc-b392-4b8d-8bb4-e6f7ad9a9573,False,Buffalo Nickel,USA Invoice Import,,Denomination: 'Buffalo Nickel' → 'Five Cents',{'Denomination': 'Five Cents'},Receipt_2026-06-03_092205.pdf,PDF Invoice,lcc-aj-batch-20260626-181154,65712953,1926 Buffalo Nickel Very Good
8cc01cf4-2b46-43ee-8d87-fc48fc37c9e3,False,,The Complete Collection of Eisenhower Dollar Coins,,no change,,Receipt_2026-06-03_102135.pdf,PDF Invoice,lcc-aj-batch-20260626-181154,407786581,THE COMPLETE COLLECTION OF EISENHOWER DOLLAR COINS ENCLOSED IS SHIPMENT # 1 1976-P UNCIRCULATED EISENHOWER DOLLAR 1990 25c DWIGHT D. EISENHOWER (13)
8d6ed456-4a97-482b-b65a-75302817e7b8,False,Lincoln Head Cent,USA Invoice Import,,Denomination: 'Lincoln Head Cent' → 'Cent',{'Denomination': 'Cent'},Scan_20260129 (55).pdf,PDF Invoice,lcc-aj-batch-20260626-181154,67506820,2024-D Lincoln Head Cent
8ddeca4d-31b2-4d8e-91e5-24f8ffd7600d,False,Nickel,The U.S. Nickel Collection,,Denomination: 'Nickel' → 'Five Cents',{'Denomination': 'Five Cents'},Scan_20260129 (128)_Part2.pdf,PDF Invoice,lcc-aj-batch-20260626-181154,405213042,THE U.S. NICKEL COLLECTION SHIPMENT 18 FOUR COINS AT $7.95 EACH PLUS $.95 EACH SHIPPING AND SERVICE 1902 LIBERTY HEAD NICKEL 2009 JEFFERSON NICKEL 1968 JEFFERSON NICKEL 1943 JEFFERSON NICKEL - WARTIME SILVER
8e499d3c-48b2-439d-9f82-b1dee89a73f0,False,$1 Treasury Note,USA Invoice Import,,category: '' → 'paper_currency',{'category': 'paper_currency'},Scan_20260129 (11).pdf,PDF Invoice,lcc-aj-batch-20260626-181154,65812949,1891 $1 Treasury Note Large Size PMG Taxable Item Fine 15
8f3dc5cf-4b49-423c-b43f-bcac64ff6134,False,Washington Quarter,The Celebrating America Coin Collection,,Denomination: 'Washington Quarter' → 'Quarter Dollar',{'Denomination': 'Quarter Dollar'},Scan_20260129 (73).pdf,PDF Invoice,lcc-aj-batch-20260626-181154,398953570,THE CELEBRATING AMERICA COIN COLLECTION SHIPMENT 11 MARIA TALLCHIEF
8fcbd7a7-e1b8-4f51-9e64-43e3d9b368f3,False,Washington Quarter,American Women Quarters,,Denomination: 'Washington Quarter' → 'Quarter Dollar',{'Denomination': 'Quarter Dollar'},Receipt_2026-06-03_094507.pdf,PDF Invoice,lcc-aj-batch-20260626-181154,67556776,2025-S Juliette Gordon Low Quarter Taxable Item
9019c225-39ee-4688-9a54-6244640c21f4,False,Washington Quarter,USA Invoice Import,,Denomination: 'Washington Quarter' → 'Quarter Dollar',{'Denomination': 'Quarter Dollar'},Receipt_2026-06-03_092205.pdf,PDF Invoice,lcc-aj-batch-20260626-181154,65712953,1959-D Washington Silver Quarter Average Circ
90cdf0bc-aa63-46c0-86fa-e1a51767bef4,False,Innovation Dollar,American Innovation Dollars,,Denomination: 'Innovation Dollar' → 'Dollar',{'Denomination': 'Dollar'},Scan_20260129 (53).pdf,PDF Invoice,lcc-aj-batch-20260626-181154,67576317,2024-P Alabama U.S. Innovation Dollar Saturn V Rocket
90f4729a-0141-4017-9b87-bd79dc21c9a7,False,Jefferson Nickel,The U.S. Nickel Collection,,Denomination: 'Jefferson Nickel' → 'Five Cents',{'Denomination': 'Five Cents'},Scan_20260129 (109)_Part5.pdf,PDF Invoice,lcc-aj-batch-20260626-181154,405213042,2002 JEFFERSON NICKEL
913843cd-501f-4313-99ea-0cee59036aa3,False,,America Revisited Selection,,no change,,Receipt_2026-06-03_092916.pdf,PDF Invoice,lcc-aj-batch-20260626-181154,68120353,1956 5-Coin Time Capsule Year Set Taxable Item
9142c0e6-b65f-425b-83f7-f5a3d43e4c6a,False,Innovation Dollar,American Innovation Dollars,,Denomination: 'Innovation Dollar' → 'Dollar',{'Denomination': 'Dollar'},Scan_20260129 (53).pdf,PDF Invoice,lcc-aj-batch-20260626-181154,67576317,2024-P Illinois U.S. Innovation Dollar Steel Plow
91ef5863-3131-4614-af12-187572933fb6,False,Liberty Seated Quarter,Liberty Seated,,Denomination: 'Liberty Seated Quarter' → 'Quarter Dollar',{'Denomination': 'Quarter Dollar'},Receipt_2026-06-03_093201.pdf,PDF Invoice,lcc-aj-batch-20260626-181154,65222230,WASHINGTON QUARTER CLUB SELECTION 1849 Liberty Seated Silver Quarter No Motto Taxable Item
93f15a3e-c69d-4172-ae04-a834556472f4,False,Eisenhower Dollar,The Complete Collection of Eisenhower Dollar Coins,,Denomination: 'Eisenhower Dollar' → 'Dollar',{'Denomination': 'Dollar'},Receipt_2026-06-03_102331.pdf,PDF Invoice,lcc-aj-batch-20260626-181154,407786581,THE COMPLETE COLLECTION OF EISENHOWER DOLLAR COINS ENCLOSED IS SHIPMENT # 2 1978-P UNCIRCULATED EISENHOWER DOLLAR
94069a2b-af8e-4afa-90bc-ff2165595d9f,False,Morgan Silver Dollar,OFFICIALLY SEALED CARSON CITY MINT MORGAN SILVER DOLLARS,,Denomination: 'Morgan Silver Dollar' → 'Dollar' | Program/Series casing: 'OFFICIALLY SEALED CARSON CITY MINT MORGAN SILVER DOLLARS' → 'Officially Sealed Carson City Mint Morgan Silver Dollars',"{'Denomination': 'Dollar', 'Program/Series': 'Officially Sealed Carson City Mint Morgan Silver Dollars'}",Receipt_2026-06-03_095047.pdf,PDF Invoice,lcc-aj-batch-20260626-181154,406183541,1882 CARSON CITY MORGAN SILVER DOLLAR
949178bd-c05b-4094-a942-726885e3d891,False,Jefferson Nickel,THE U.S. NICKEL COLLECTION,,Denomination: 'Jefferson Nickel' → 'Five Cents' | Program/Series casing: 'THE U.S. NICKEL COLLECTION' → 'The U.S. Nickel Collection',"{'Denomination': 'Five Cents', 'Program/Series': 'The U.S. Nickel Collection'}",Receipt_2026-06-03_095349.pdf,PDF Invoice,lcc-aj-retry-20260626-201949,405213042,SHIPMENT 15 FOUR COINS AT $7.95 EACH PLUS $.95 EACH SHIPPING AND SERVICE 1940 JEFFERSON NICKEL
94ac5a57-d9ee-4fc5-adb2-f2713bf4f030,False,Capped Bust Half Dollar,Half Dollar Club Selection,,Denomination: 'Capped Bust Half Dollar' → 'Half Dollar',{'Denomination': 'Half Dollar'},Receipt_2026-06-03_093719.pdf,PDF Invoice,lcc-aj-batch-20260626-181154,66803808,THE HALF DOLLAR CLUB SELECTION 1824 Capped Bust Silver Half Dollar Over Various Dates Tax Free Item About Unc #2
95ad1add-24cc-4912-8baa-388999705a3a,False,Buffalo Nickel,USA Invoice Import,,Denomination: 'Buffalo Nickel' → 'Five Cents',{'Denomination': 'Five Cents'},2026-06-03_091555.pdf,PDF Invoice,lcc-aj-batch-20260626-181154,67576317,1929-S Buffalo Nickel Average Circ
95ae0eca-2568-4a7a-a252-df15f939182c,False,$1 Innovation Dollar,American Innovation Dollars,,Denomination: '$1 Innovation Dollar' → 'Dollar',{'Denomination': 'Dollar'},2026-06-03_091555.pdf,PDF Invoice,lcc-aj-batch-20260626-181154,67576317,2024-D Maine U.S. Innovation Dollar Direct Current Defibrillator Uncirculated
95b10bc9-3db4-4956-b338-0e40c10ebb60,False,Lincoln Cent,USA Invoice Import,,Denomination: 'Lincoln Cent' → 'Cent',{'Denomination': 'Cent'},Receipt_2026-06-03_091829.pdf,PDF Invoice,lcc-aj-batch-20260626-181154,67290645,1909 Lincoln Head Cent in Dlx Hldr
9628ad20-f869-4d70-94ad-5118180aabf0,False,$5 West River Bank Note,USA Invoice Import,,category: '' → 'paper_currency',{'category': 'paper_currency'},Receipt_2026-06-03_101701_Part4.pdf,PDF Invoice,lcc-aj-batch-20260626-181154,67589980,$5 West River Bank Note VT Jamaica Taxable Item
968ab961-6578-45b2-8b0d-2d40c48e67e5,False,Jefferson Nickel,The U.S. Nickel Collection,,Denomination: 'Jefferson Nickel' → 'Five Cents',{'Denomination': 'Five Cents'},Scan_20260129 (121)_Part4.pdf,PDF Invoice,lcc-aj-batch-20260626-181154,405213042,THE U.S. NICKEL COLLECTION SHIPMENT 5 FOUR COINS AT $7.95 EACH - 1962 JEFFERSON NICKEL
969a60d2-2a28-4cd6-9a2a-3691390a9c71,False,Washington Quarter,American Women Quarters / The Celebrating America Coin Collection,,Denomination: 'Washington Quarter' → 'Quarter Dollar',{'Denomination': 'Quarter Dollar'},Receipt_2026-06-03_100400.pdf,PDF Invoice,lcc-aj-batch-20260626-181154,398953570,THE CELEBRATING AMERICA COIN COLLECTION SHIPMENT 15 CELIA CRUZ
96aa62bb-ba4e-40c7-9b9d-2d12d29bfbe6,False,Washington Quarter,American Women Quarters,,Denomination: 'Washington Quarter' → 'Quarter Dollar',{'Denomination': 'Quarter Dollar'},Receipt_2026-06-03_094507.pdf,PDF Invoice,lcc-aj-batch-20260626-181154,67556776,2025-D Juliette Gordon Low Quarter Taxable Item
96e6ce84-5a4a-449d-93bf-cb1ae92c8f59,False,,Proof Set,,no change,,Scan_20260129 (55).pdf,PDF Invoice,lcc-aj-batch-20260626-181154,67506820,1983-S Clad Proof Set 5 Coins
96eefcca-2926-4da1-9f43-2c225016518e,False,Washington Quarter,American Women Quarters,,Denomination: 'Washington Quarter' → 'Quarter Dollar',{'Denomination': 'Quarter Dollar'},Receipt_2026-06-03_094507.pdf,PDF Invoice,lcc-aj-batch-20260626-181154,67556776,2025-S Dr. Vera Rubin Quarter Taxable Item
97d65bee-d812-424b-8fe2-17b1a1ff23bb,False,Jefferson Nickel,THE U.S. NICKEL COLLECTION,,Denomination: 'Jefferson Nickel' → 'Five Cents' | Program/Series casing: 'THE U.S. NICKEL COLLECTION' → 'The U.S. Nickel Collection',"{'Denomination': 'Five Cents', 'Program/Series': 'The U.S. Nickel Collection'}",Scan_20260129 (121)_Part1.pdf,PDF Invoice,lcc-aj-batch-20260626-181154,405213042,2004 JEFFERSON NICKEL - PEACE MEDAL
982835fc-3eb6-494e-977e-e780a5819179,False,Buffalo Nickel,THE U.S. NICKEL COLLECTION,,Denomination: 'Buffalo Nickel' → 'Five Cents' | Program/Series casing: 'THE U.S. NICKEL COLLECTION' → 'The U.S. Nickel Collection',"{'Denomination': 'Five Cents', 'Program/Series': 'The U.S. Nickel Collection'}",Receipt_2026-06-03_095349.pdf,PDF Invoice,lcc-aj-retry-20260626-201949,405213042,SHIPMENT 25 FOUR COINS AT $7.95 EACH PLUS $.95 EACH SHIPPING AND SERVICE 1926 BUFFALO NICKEL
982eca4c-8d07-447e-bbda-176c20c39e93,False,$500 Federal Reserve Note,AMERICAN PAPER MONEY CLUB SELECTION,,category: '' → 'paper_currency' | Program/Series casing: 'AMERICAN PAPER MONEY CLUB SELECTION' → 'American Paper Money Club Selection',"{'category': 'paper_currency', 'Program/Series': 'American Paper Money Club Selection'}",Receipt_2026-06-03_101701_Part3.pdf,PDF Invoice,lcc-aj-batch-20260626-181154,67585893,AMERICAN PAPER MONEY CLUB SELECTION 1934A $500 Federal Reserve Note Taxable Item
9831e233-1a10-498e-b3e6-7208c1f37bd5,False,Nickel,THE U.S. NICKEL COLLECTION,,Denomination: 'Nickel' → 'Five Cents' | Program/Series casing: 'THE U.S. NICKEL COLLECTION' → 'The U.S. Nickel Collection',"{'Denomination': 'Five Cents', 'Program/Series': 'The U.S. Nickel Collection'}",Receipt_2026-06-03_095612_Part3.pdf,PDF Invoice,lcc-aj-batch-20260626-181154,405213042,THE U.S. NICKEL COLLECTION SHIPMENT 8 FOUR COINS AT $7.95 EACH PLUS $.95 EACH SHIPPING AND SERVICE 1928 BUFFALO NICKEL 1988 JEFFERSON NICKEL 1953 JEFFERSON NICKEL 1964 JEFFERSON NICKEL
989e1b03-0b36-422e-8754-7389ff1c01c4,False,Washington Quarter,USA Invoice Import,,Denomination: 'Washington Quarter' → 'Quarter Dollar',{'Denomination': 'Quarter Dollar'},2026-06-03_091725.pdf,PDF Invoice,lcc-aj-batch-20260626-181154,66999999,1945-S Washington Silver Quarter Average Circ
992afadb-10f3-46c6-867f-1b928eeca937,False,Quarter,The Celebrating America Coin Collection,,Denomination: 'Quarter' → 'Quarter Dollar',{'Denomination': 'Quarter Dollar'},Scan_20260129 (57).pdf,PDF Invoice,lcc-aj-batch-20260626-181154,398953570,THE CELEBRATING AMERICA COIN COLLECTION SHIPMENT 21 ALTHEA GIBSON
99b9b27b-9926-4c39-99e8-849c73a561d8,False,Prestige Proof Set,USA Invoice Import,,no change,,Receipt_2026-06-03_101701_Part1.pdf,PDF Invoice,lcc-aj-batch-20260626-181154,67343149,1990 6 Coin Prest Prf Set Ike$
9a76690a-bf14-4476-8853-ccc5496ae1c4,False,American Silver Eagle,American Eagle,,Denomination: 'American Silver Eagle' → 'Dollar',{'Denomination': 'Dollar'},Scan_20260128 (18).pdf,PDF Invoice,lcc-aj-batch-20260626-181154,65741545,2023 American Silver Eagle Dollar Uncirculated Future communication regarding this invoice may be via email
9c1aa94b-a035-4dce-81bc-9f7e2bbb0230,False,American Silver Eagle,American Eagle,,Denomination: 'American Silver Eagle' → 'Dollar',{'Denomination': 'Dollar'},Scan_20260129 (90).pdf,PDF Invoice,lcc-aj-batch-20260626-181154,404995094,THE COMPLETE 2020 AMERICAN EAGLE NGCX SILVER DOLLAR SET ENCLOSED IS SHIPMENT # 5 PROOF SAN FRANCISCO AMERICAN EAGLE
9c21cf75-0cbf-4916-9b09-e42d050fa582,False,Silver Eagle,The Complete Original-Design Proof Silver Eagle Dollar Collection,,Denomination: 'Silver Eagle' → 'Dollar',{'Denomination': 'Dollar'},Receipt_2026-06-03_101410.pdf,PDF Invoice,lcc-aj-batch-20260626-181154,401581731,THE COMPLETE ORIGINAL-DESIGN PROOF SILVER EAGLE DOLLAR COLLECTION 2016 PROOF AMERICAN EAGLE SILVER DOLLAR
9c24e74d-2766-4113-baea-9aae431b93b5,False,Silver Eagle,The Complete Original-Design Proof Silver Eagle Dollar Collection,,Denomination: 'Silver Eagle' → 'Dollar',{'Denomination': 'Dollar'},Receipt_2026-06-03_101410.pdf,PDF Invoice,lcc-aj-batch-20260626-181154,401581731,THE COMPLETE ORIGINAL-DESIGN PROOF SILVER EAGLE DOLLAR COLLECTION 2001 PROOF AMERICAN EAGLE SILVER DOLLAR
9caa9df1-62be-476f-8b8c-934eb78e89f1,False,,America Revisited Selection,,no change,,Receipt_2026-06-03_092716.pdf,PDF Invoice,lcc-aj-batch-20260626-181154,68229728,1948 5-Coin Time Capsule Year Set Taxable Item
9cacb545-f682-4f1d-849d-4893f41a764d,False,Morgan Silver Dollar,OFFICIALLY SEALED CARSON CITY MINT MORGAN SILVER DOLLARS,,Denomination: 'Morgan Silver Dollar' → 'Dollar' | Program/Series casing: 'OFFICIALLY SEALED CARSON CITY MINT MORGAN SILVER DOLLARS' → 'Officially Sealed Carson City Mint Morgan Silver Dollars',"{'Denomination': 'Dollar', 'Program/Series': 'Officially Sealed Carson City Mint Morgan Silver Dollars'}",Receipt_2026-06-03_095047.pdf,PDF Invoice,lcc-aj-batch-20260626-181154,407021617,1881 CARSON CITY MORGAN SILVER DOLLAR
9d048351-32b7-416f-90c7-eb9849122612,False,Liberty Head Nickel,THE U.S. NICKEL COLLECTION,,Denomination: 'Liberty Head Nickel' → 'Five Cents' | Program/Series casing: 'THE U.S. NICKEL COLLECTION' → 'The U.S. Nickel Collection',"{'Denomination': 'Five Cents', 'Program/Series': 'The U.S. Nickel Collection'}",Receipt_2026-06-03_095349.pdf,PDF Invoice,lcc-aj-retry-20260626-201949,405213042,SHIPMENT 18 FOUR COINS AT $7.95 EACH PLUS $.95 EACH SHIPPING AND SERVICE 1902 LIBERTY HEAD NICKEL
9d614c2b-e900-4a7e-927d-209af4090250,False,Mercury Dime,U.S. Dime Collection Selection,,Denomination: 'Mercury Dime' → 'Dime',{'Denomination': 'Dime'},Scan_20260129 (33).pdf,PDF Invoice,lcc-aj-batch-20260626-181154,67825620,1918 Mercury Silver Dime Taxable Item
9d8a41ed-ea68-43e9-a7fe-41dbc704e5b7,False,Nickel,THE U.S. NICKEL COLLECTION,,Denomination: 'Nickel' → 'Five Cents' | Program/Series casing: 'THE U.S. NICKEL COLLECTION' → 'The U.S. Nickel Collection',"{'Denomination': 'Five Cents', 'Program/Series': 'The U.S. Nickel Collection'}",Receipt_2026-06-03_095612_Part1.pdf,PDF Invoice,lcc-aj-batch-20260626-181154,405213042,SHIPMENT 13 FOUR COINS AT $7.95 EACH PLUS $.95 EACH SHIPPING AND SERVICE 1908 LIBERTY HEAD NICKEL 1948 JEFFERSON NICKEL 1990 JEFFERSON NICKEL 1958 JEFFERSON NICKEL
9e227c76-aac2-4739-8e8c-553c6e3f03a0,False,Mint Set,U.S. Uncirculated Coin Mint Sets,,no change,,Receipt_2026-06-03_095940.pdf,PDF Invoice,lcc-aj-batch-20260626-181154,362308793,U.S. UNCIRCULATED COIN MINT SETS SHIPMENT 85 2024 PHILADELPHIA MINT PANEL
9e308217-3d57-4fd1-bfeb-c6e7d9d7fe57,False,$1 Silver Certificate,USA Invoice Import,,category: '' → 'paper_currency',{'category': 'paper_currency'},Scan_20260129 (55).pdf,PDF Invoice,lcc-aj-batch-20260626-181154,67506820,1935C $1 Silver Certificate
a09e372d-c4dd-4ae3-89ed-2d21b3ff2e0e,False,American Innovation Dollar,The Statehood Innovation Dollar Coin Collection,,Denomination: 'American Innovation Dollar' → 'Dollar',{'Denomination': 'Dollar'},Scan_20260129 (119).pdf,PDF Invoice,lcc-aj-batch-20260626-181154,389188129,THE STATEHOOD INNOVATION DOLLAR COIN COLLECTION SHIPMENT 21 MISSISSIPPI
a0cec5da-d7bc-4450-a01b-5aefc1d00194,False,Silver Eagle,The Complete Original-Design Proof Silver Eagle Dollar Collection,,Denomination: 'Silver Eagle' → 'Dollar',{'Denomination': 'Dollar'},Receipt_2026-06-03_101410.pdf,PDF Invoice,lcc-aj-batch-20260626-181154,401581731,THE COMPLETE ORIGINAL-DESIGN PROOF SILVER EAGLE DOLLAR COLLECTION ENCLOSED IS SHIPMENT # 11 1986 PROOF AMERICAN EAGLE SILVER DOLLAR
a146abe6-4abd-4371-81f1-ab74dd0b9c11,False,Three-Cent Nickel,The U.S. Coin Complete Denomination Set,,Denomination: 'Three-Cent Nickel' → 'Three Cents',{'Denomination': 'Three Cents'},Receipt_2026-06-03_095754.pdf,PDF Invoice,lcc-aj-batch-20260626-181154,406368555,THE U.S. COIN COMPLETE DENOMINATION SET ENCLOSED IS SHIPMENT # 6 NICKEL THREE-CENT
a1637fdd-11b7-4447-9c6b-7971e9cce64d,False,,The American Independence Coin and Stamp Collection,,no change,,Receipt_2026-06-03_102135.pdf,PDF Invoice,lcc-aj-batch-20260626-181154,407578996,THE AMERICAN INDEPENDENCE COIN AND STAMP COLLECTION ENCLOSED IS SHIPMENT # 2 1932-64 WASHINGTON SILVER QUARTER 1989 CONGRESS BICENTENNIAL HALF-DOLLAR 1975 10C LEXINGTON & CONCORD STAMP (1)
a1b3365c-87a8-431a-aee1-bb850ab9ec38,False,Proof Set,USA Invoice Import,,no change,,Receipt_2026-06-03_101701_Part1.pdf,PDF Invoice,lcc-aj-batch-20260626-181154,67506820,1983-S Clad Proof Set 5 Coins
a21f8395-029b-4251-831b-fd5f955d8ee3,False,,America Revisited Selection,,no change,,Receipt_2026-06-03_092916.pdf,PDF Invoice,lcc-aj-batch-20260626-181154,68120353,YEAR SETS: AMERICA REVISITED SELECTION 1934 5-Coin Time Capsule Year Set Taxable Item
a43babbc-b4bf-494c-9152-a62eab38f1a8,False,Jefferson Nickel,The U.S. Nickel Collection,,Denomination: 'Jefferson Nickel' → 'Five Cents',{'Denomination': 'Five Cents'},Scan_20260129 (109)_Part5.pdf,PDF Invoice,lcc-aj-batch-20260626-181154,405213042,2005 JEFFERSON NICKEL - OCEAN IN VIEW
a6356219-98a3-4f2c-90c8-d51f06d8973b,False,Mixed,YEAR SETS: AMERICA REVISITED SELECTION,,Program/Series casing: 'YEAR SETS: AMERICA REVISITED SELECTION' → 'Year Sets: America Revisited Selection',{'Program/Series': 'Year Sets: America Revisited Selection'},Receipt_2026-06-03_102540.pdf,PDF Invoice,lcc-aj-stubborn-final,68592941,"YEAR SETS: AMERICA REVISITED SELECTION
1936 5-Coin Year Set
Taxable Item Circulated"
a71c2853-651f-44ec-90d4-36d0e8014b84,False,$500 3rd Bank of the United States,American Paper Money Club Selection,,category: '' → 'paper_currency',{'category': 'paper_currency'},Receipt_2026-06-03_101701_Part4.pdf,PDF Invoice,lcc-aj-batch-20260626-181154,67750430,AMERICAN PAPER MONEY CLUB SELECTION $500 3rd Bank of the United States Philadelphia PA Haxby 3-G14 PCGS Taxable Item
a72e3346-283a-4227-918b-b5704c95e470,False,Half Dollar,The U.S. Coin Complete Denomination Set,,no change,,Receipt_2026-06-03_095754.pdf,PDF Invoice,lcc-aj-batch-20260626-181154,406368555,THE U.S. COIN COMPLETE DENOMINATION SET ENCLOSED IS SHIPMENT # 3 WALKING LIBERTY HALF-DOLLAR
a9981b16-48ba-4125-a26d-14bcef77b1b2,False,Dime,The U.S. Coin Complete Denomination Set,,no change,,Receipt_2026-06-03_095754.pdf,PDF Invoice,lcc-aj-batch-20260626-181154,406368555,THE U.S. COIN COMPLETE DENOMINATION SET ENCLOSED IS SHIPMENT # 2 MERCURY DIME
aa3645c1-620f-478d-978f-28633cd02b70,False,Jefferson Nickel,The U.S. Nickel Collection,,Denomination: 'Jefferson Nickel' → 'Five Cents',{'Denomination': 'Five Cents'},Scan_20260129 (109)_Part2.pdf,PDF Invoice,lcc-aj-batch-20260626-181154,405213042,2005 JEFFERSON NICKEL - AMERICAN BISON
aa9be0fd-f8a2-439b-8408-e3611bc85909,False,$1,The Statehood Innovation Dollar Coin Collection,,category: '' → 'paper_currency',{'category': 'paper_currency'},Receipt_2026-06-03_100133.pdf,PDF Invoice,lcc-aj-batch-20260626-181154,389188129,THE STATEHOOD INNOVATION DOLLAR COIN COLLECTION SHIPMENT 29 TEXAS
aad32b06-d5a5-4bb6-8bc2-ce3e4815166d,False,Washington Quarter,American Women Quarters,,Denomination: 'Washington Quarter' → 'Quarter Dollar',{'Denomination': 'Quarter Dollar'},Receipt_2026-06-03_094507.pdf,PDF Invoice,lcc-aj-batch-20260626-181154,67617368,2025-D Dr. Vera Rubin Quarter Taxable Item
aae86576-cab1-41b1-a869-1618eb1b3172,False,Buffalo Nickel,USA Invoice Import,,Denomination: 'Buffalo Nickel' → 'Five Cents',{'Denomination': 'Five Cents'},Scan_20260128 (8).pdf,PDF Invoice,lcc-aj-batch-20260626-181154,65712953,1927 Buffalo Nickel Fine
aba9c78e-dd1f-4c6d-b141-5ad291ffdebe,False,5-Coin Set,Time Capsule Year Set,,no change,,Scan_20260129 (43).pdf,PDF Invoice,lcc-aj-batch-20260626-181154,68120353,1956 5-Coin Time Capsule Year Set Taxable Item
abbb1c16-024d-49ff-b101-e03681dd56ca,False,Buffalo Nickel,THE U.S. NICKEL COLLECTION,,Denomination: 'Buffalo Nickel' → 'Five Cents' | Program/Series casing: 'THE U.S. NICKEL COLLECTION' → 'The U.S. Nickel Collection',"{'Denomination': 'Five Cents', 'Program/Series': 'The U.S. Nickel Collection'}",Receipt_2026-06-03_095349.pdf,PDF Invoice,lcc-aj-retry-20260626-201949,405213042,SHIPMENT 22 FOUR COINS AT $7.95 EACH PLUS $.95 EACH SHIPPING AND SERVICE 1919 BUFFALO NICKEL
acee4c63-bb8c-4317-913d-8545b6c79260,False,Washington Quarter,The Celebrating America Coin Collection,,Denomination: 'Washington Quarter' → 'Quarter Dollar',{'Denomination': 'Quarter Dollar'},Scan_20260129 (67).pdf,PDF Invoice,lcc-aj-batch-20260626-181154,398953570,THE CELEBRATING AMERICA COIN COLLECTION SHIPMENT 16 ZITKALA-SA
ad701844-5b2d-4944-82b2-0bee24dd122a,False,Kennedy Half Dollar,Kennedy Half Dollar,,Denomination: 'Kennedy Half Dollar' → 'Half Dollar',{'Denomination': 'Half Dollar'},Receipt_2026-06-03_093201.pdf,PDF Invoice,lcc-aj-batch-20260626-181154,65158106,2023-D Kennedy Half Dollar Taxable Item
adff4edd-2203-471e-b938-0b78dc10bb55,False,Buffalo Nickel,USA Invoice Import,,Denomination: 'Buffalo Nickel' → 'Five Cents',{'Denomination': 'Five Cents'},Receipt_2026-06-03_092205.pdf,PDF Invoice,lcc-aj-batch-20260626-181154,65712953,1925 Buffalo Nickel Average Circ
ae6dd0e8-5f2c-4a49-9b70-01f05e35c9d4,False,,The World War II U.S. Coin Collection,,no change,,Receipt_2026-06-03_100745.pdf,PDF Invoice,lcc-aj-batch-20260626-181154,406380469,THE WORLD WAR II U.S. COIN COLLECTION ENCLOSED IS SHIPMENT # 7 1943-P LINCOLN STEEL PENNY 1943-P JEFFERSON WARTIME SILVER NICKEL 1943-P MERC. DIME & WASHINGTON QUARTER 1943-P WALKING LIBERTY HALF-DOLLAR 1944 PHILIPPINES (CORREGIDOR) STAMP (15)
ae6e1169-6e44-4504-beb0-31d437f08bd7,False,$1,The Statehood Innovation Dollar Coin Collection,,category: '' → 'paper_currency',{'category': 'paper_currency'},Receipt_2026-06-03_100133.pdf,PDF Invoice,lcc-aj-batch-20260626-181154,389188129,THE STATEHOOD INNOVATION DOLLAR COIN COLLECTION SHIPMENT 26 ARKANSAS
ae978a92-7fd9-4d80-aee8-39f000f06015,False,American Silver Eagle,American Eagle Silver Dollar Collection,,Denomination: 'American Silver Eagle' → 'Dollar',{'Denomination': 'Dollar'},Scan_20260129 (94).pdf,PDF Invoice,lcc-aj-batch-20260626-181154,402904254,2012 BURNISHED WEST POINT AMERICAN EAGLE
aea35072-c05d-47c8-8af2-fbb67a008564,False,Mint Set,U.S. Uncirculated Coin Mint Sets,,no change,,Receipt_2026-06-03_095940.pdf,PDF Invoice,lcc-aj-batch-20260626-181154,362308793,U.S. UNCIRCULATED COIN MINT SETS SHIPMENT 83 2023 PHILADELPHIA MINT PANEL
af6b37ba-961b-40e9-8d70-c6865dedd3d2,False,Peace Silver Dollar,USA Invoice Import,,Denomination: 'Peace Silver Dollar' → 'Dollar',{'Denomination': 'Dollar'},Receipt_2026-06-03_101701_Part1.pdf,PDF Invoice,lcc-aj-batch-20260626-181154,67506820,1923-S Peace Silver Dollar
b039e590-cd12-4aa6-aade-aff2e5fe839a,False,Morgan Silver Dollar,USA Invoice Import,,Denomination: 'Morgan Silver Dollar' → 'Dollar',{'Denomination': 'Dollar'},Scan_20260129 (127).pdf,PDF Invoice,lcc-aj-batch-20260626-181154,407021617,OFFICIALLY SEALED CARSON CITY MINT MORGAN SILVER DOLLARS / 1881 CARSON CITY MORGAN SILVER DOLLAR
b0681e2c-68b2-4698-85a7-887ba5a3a4f8,False,Liberty Seated Dime,U.S. DIME COLLECTION SELECTION,,Denomination: 'Liberty Seated Dime' → 'Dime' | Program/Series casing: 'U.S. DIME COLLECTION SELECTION' → 'U.S. Dime Collection Selection',"{'Denomination': 'Dime', 'Program/Series': 'U.S. Dime Collection Selection'}",Receipt_2026-06-03_102540.pdf,PDF Invoice,lcc-aj-stubborn-final,68562222,"U.S. DIME COLLECTION SELECTION
1839-0 Liberty Seated Silver Dime
Stars No Drapery
Taxable Item Very Fine"
b1859771-e4e7-4c4a-b629-78a8765f85d1,False,American Silver Eagle,THE WEST POINT BURNISHED AMERICAN EAGLE SILVER DOLLAR COLLECTION,,Denomination: 'American Silver Eagle' → 'Dollar' | Program/Series casing: 'THE WEST POINT BURNISHED AMERICAN EAGLE SILVER DOLLAR COLLECTION' → 'The West Point Burnished American Eagle Silver Dollar Collection',"{'Denomination': 'Dollar', 'Program/Series': 'The West Point Burnished American Eagle Silver Dollar Collection'}",Scan_20260129 (96).pdf,PDF Invoice,lcc-aj-batch-20260626-181154,402904254,2018 BURNISHED WEST POINT AMERICAN EAGLE
b1e7a783-b769-4aea-8e2a-59b77c9d2649,False,Buffalo Nickel,The U.S. Nickel Collection,,Denomination: 'Buffalo Nickel' → 'Five Cents',{'Denomination': 'Five Cents'},Scan_20260129 (128)_Part5.pdf,PDF Invoice,lcc-aj-batch-20260626-181154,405213042,1920 BUFFALO NICKEL
b1f30da6-dba6-4d38-bfa4-61fcc3b947ea,False,Washington Quarter,American Women Quarters / The Celebrating America Coin Collection,,Denomination: 'Washington Quarter' → 'Quarter Dollar',{'Denomination': 'Quarter Dollar'},Receipt_2026-06-03_100400.pdf,PDF Invoice,lcc-aj-batch-20260626-181154,398953570,THE CELEBRATING AMERICA COIN COLLECTION SHIPMENT 11 MARIA TALLCHIEF
b25c8741-0651-4791-91d7-bcc644100337,False,Dollar,Statehood Innovation Dollar Coin Collection,,no change,,Scan_20260129 (116).pdf,PDF Invoice,lcc-aj-batch-20260626-181154,389188129,THE STATEHOOD INNOVATION DOLLAR COIN COLLECTION SHIPMENT 26 ARKANSAS
b3099711-12dc-4f17-b3c6-0122afaaba6f,False,Innovation Dollar,American Innovation Dollars,,Denomination: 'Innovation Dollar' → 'Dollar',{'Denomination': 'Dollar'},2026-06-03_091725.pdf,PDF Invoice,lcc-aj-batch-20260626-181154,65741545,2023-D Ohio U.S. Innovation Dollar Underground Railroad Uncirculated
b35c1323-9b92-4eb9-85ac-0a231b7cd0c7,False,Franklin Half Dollar,Franklin Half Dollars,,Denomination: 'Franklin Half Dollar' → 'Half Dollar',{'Denomination': 'Half Dollar'},Scan_20260128 (15).pdf,PDF Invoice,lcc-aj-batch-20260626-181154,66999999,1952-D Franklin Silver Half Dollar Fine
b3be322d-bc8e-4e45-8aa5-6e81d4f7fa7d,False,Silver Eagle,The Complete Original-Design Proof Silver Eagle Dollar Collection,,Denomination: 'Silver Eagle' → 'Dollar',{'Denomination': 'Dollar'},Receipt_2026-06-03_101410.pdf,PDF Invoice,lcc-aj-batch-20260626-181154,401581731,THE COMPLETE ORIGINAL-DESIGN PROOF SILVER EAGLE DOLLAR COLLECTION ENCLOSED IS SHIPMENT # 13 2012 PROOF AMERICAN EAGLE SILVER DOLLAR
b40aa06f-eccb-4144-b1d9-706c28e50e8a,False,Draped Bust Quarter,USA Invoice Import,,Denomination: 'Draped Bust Quarter' → 'Quarter Dollar',{'Denomination': 'Quarter Dollar'},Receipt_2026-06-03_094402.pdf,PDF Invoice,lcc-aj-batch-20260626-181154,65850581,1807 Draped Bust Silver Quarter Taxable Item
b446b89a-dd46-4467-8afa-2a21d36ef593,False,American Silver Eagle,American Eagle,,Denomination: 'American Silver Eagle' → 'Dollar',{'Denomination': 'Dollar'},Receipt_2026-06-03_094704.pdf,PDF Invoice,lcc-aj-batch-20260626-181154,JS050119,1990 American Silver Eagle NGC MS70
b5f022fc-c920-4053-9fb7-603f1d597b32,False,Washington Quarter,American Women Quarters,,Denomination: 'Washington Quarter' → 'Quarter Dollar',{'Denomination': 'Quarter Dollar'},Scan_20260129 (2).pdf,PDF Invoice,lcc-aj-batch-20260626-181154,66520055,2024-S Celia Cruz Quarter Taxable Item
b63a6b75-4fe3-41fc-a5d2-0bb2110745bf,False,$1,The Statehood Innovation Dollar Coin Collection,,category: '' → 'paper_currency',{'category': 'paper_currency'},Receipt_2026-06-03_100133.pdf,PDF Invoice,lcc-aj-batch-20260626-181154,389188129,THE STATEHOOD INNOVATION DOLLAR COIN COLLECTION SHIPMENT 25 MISSOURI
b757ef9f-7576-48bf-9d81-1b9129a70e5b,False,Innovation Dollar,American Innovation Dollars,,Denomination: 'Innovation Dollar' → 'Dollar',{'Denomination': 'Dollar'},Scan_20260129 (53).pdf,PDF Invoice,lcc-aj-batch-20260626-181154,67576317,2024-P Missouri U.S. Innovation Dollar George Washington Carver
b7b05393-971d-481a-90d7-b5e889b287d4,False,5-Coin Set,Time Capsule Year Set,,no change,,Scan_20260129 (43).pdf,PDF Invoice,lcc-aj-batch-20260626-181154,68120353,1951 5-Coin Time Capsule Year Set Taxable Item
b8853f79-c0df-4169-a00c-0ec10dbb52b1,False,Buffalo Nickel,THE U.S. NICKEL COLLECTION,,Denomination: 'Buffalo Nickel' → 'Five Cents' | Program/Series casing: 'THE U.S. NICKEL COLLECTION' → 'The U.S. Nickel Collection',"{'Denomination': 'Five Cents', 'Program/Series': 'The U.S. Nickel Collection'}",Receipt_2026-06-03_095349.pdf,PDF Invoice,lcc-aj-retry-20260626-201949,405213042,SHIPMENT 19 FOUR COINS AT $7.95 EACH PLUS $.95 EACH SHIPPING AND SERVICE 1920 BUFFALO NICKEL
b89c6024-4454-4083-9719-4fc235300fed,False,$5 Legal Tender Note,American Paper Money Club,,category: '' → 'paper_currency',{'category': 'paper_currency'},Scan_20260129 (10).pdf,PDF Invoice,lcc-aj-batch-20260626-181154,68169014,AMERICAN PAPER MONEY CLUB SELECTION 1907 $5 Legal Tender Note Large Size PMG Taxable Item
b9272c1d-c8cf-4e58-a187-72e49d967f6b,False,Jefferson Nickel,The U.S. Nickel Collection,,Denomination: 'Jefferson Nickel' → 'Five Cents',{'Denomination': 'Five Cents'},Scan_20260129 (128)_Part3.pdf,PDF Invoice,lcc-aj-batch-20260626-181154,405213042,1970 JEFFERSON NICKEL
b942c930-b24e-4894-acb7-132eff17220d,False,Morgan Silver Dollar,The Ultimate Modern Morgan and Peace Silver Dollar Collection,,Denomination: 'Morgan Silver Dollar' → 'Dollar',{'Denomination': 'Dollar'},Receipt_2026-06-03_100549.pdf,PDF Invoice,lcc-aj-retry-20260626-201949,405887043,2023 MORGAN SILVER $ PROOF
b94699a9-af2d-45cf-a003-5706264e23d0,False,Washington Quarter,American Women Quarters,,Denomination: 'Washington Quarter' → 'Quarter Dollar',{'Denomination': 'Quarter Dollar'},Receipt_2026-06-03_094402.pdf,PDF Invoice,lcc-aj-batch-20260626-181154,67040077,2025-D Ida B. Wells Quarter Taxable Item
b9d7a918-2598-48c1-bd77-6341f78a0c93,False,Jefferson Nickel,THE U.S. NICKEL COLLECTION,,Denomination: 'Jefferson Nickel' → 'Five Cents' | Program/Series casing: 'THE U.S. NICKEL COLLECTION' → 'The U.S. Nickel Collection',"{'Denomination': 'Five Cents', 'Program/Series': 'The U.S. Nickel Collection'}",Receipt_2026-06-03_095349.pdf,PDF Invoice,lcc-aj-retry-20260626-201949,405213042,SHIPMENT 17 FOUR COINS AT $7.95 EACH PLUS $.95 EACH SHIPPING AND SERVICE 1976 JEFFERSON NICKEL
ba20bbb2-f351-4086-a9d5-aa9d8d907a36,False,Jefferson Nickel,Buffalo Nickel,,Denomination: 'Jefferson Nickel' → 'Five Cents',{'Denomination': 'Five Cents'},Receipt_2026-01-28_161141.pdf,PDF Invoice,lcc-aj-batch-20260626-180919,67226944,1936-S Buffalo Nickel Tax Free Item
ba559d94-b718-411f-b253-8e2cb168afe4,False,Walking Liberty Half Dollar,USA Invoice Import,,Denomination: 'Walking Liberty Half Dollar' → 'Half Dollar',{'Denomination': 'Half Dollar'},2026-06-03_091555.pdf,PDF Invoice,lcc-aj-batch-20260626-181154,67576317,1943 Liberty Walking Silver 50C Extra Fine
baffc605-b87f-4fab-82a2-942bca78d13d,False,Roosevelt Dime,USA Invoice Import,,Denomination: 'Roosevelt Dime' → 'Dime',{'Denomination': 'Dime'},Receipt_2026-06-03_094010.pdf,PDF Invoice,lcc-aj-retry-20260626-201949,66151496,1979-S Roosevelt Dime T1 (Filled) Tax Free Item
bb8e982d-39b5-4616-bcce-6d5f283be3de,False,$500,American Paper Money Club,,category: '' → 'paper_currency',{'category': 'paper_currency'},Scan_20260129 (7).pdf,PDF Invoice,lcc-aj-batch-20260626-181154,67750430,AMERICAN PAPER MONEY CLUB SELECTION $500 3rd Bank of the United States Philadelphia PA Haxby 3-G14 PCGS Taxable Item
bba4c81c-aaa8-4865-97f3-9df132365b66,False,Jefferson Nickel,THE U.S. NICKEL COLLECTION,,Denomination: 'Jefferson Nickel' → 'Five Cents' | Program/Series casing: 'THE U.S. NICKEL COLLECTION' → 'The U.S. Nickel Collection',"{'Denomination': 'Five Cents', 'Program/Series': 'The U.S. Nickel Collection'}",Scan_20260129 (121)_Part1.pdf,PDF Invoice,lcc-aj-batch-20260626-181154,405213042,1955 JEFFERSON NICKEL
bd01a289-a127-4ef1-8da7-f682d93eb177,False,Jefferson Nickel,THE U.S. NICKEL COLLECTION,,Denomination: 'Jefferson Nickel' → 'Five Cents' | Program/Series casing: 'THE U.S. NICKEL COLLECTION' → 'The U.S. Nickel Collection',"{'Denomination': 'Five Cents', 'Program/Series': 'The U.S. Nickel Collection'}",Receipt_2026-06-03_095349.pdf,PDF Invoice,lcc-aj-retry-20260626-201949,405213042,SHIPMENT 25 FOUR COINS AT $7.95 EACH PLUS $.95 EACH SHIPPING AND SERVICE 1945 JEFFERSON NICKEL - WARTIME SILVER
be388231-c41b-43fc-bc8c-ff9d6d16e381,False,Washington Quarter,American Women Quarters / The Celebrating America Coin Collection,,Denomination: 'Washington Quarter' → 'Quarter Dollar',{'Denomination': 'Quarter Dollar'},Receipt_2026-06-03_100400.pdf,PDF Invoice,lcc-aj-batch-20260626-181154,398953570,THE CELEBRATING AMERICA COIN COLLECTION SHIPMENT 19 DR VERA RUBIN
bf4154b9-1542-420e-b20e-3a0b11340ad3,False,$1 Federal Reserve Note,AMERICAN PAPER MONEY CLUB SELECTION,,category: '' → 'paper_currency' | Program/Series casing: 'AMERICAN PAPER MONEY CLUB SELECTION' → 'American Paper Money Club Selection',"{'category': 'paper_currency', 'Program/Series': 'American Paper Money Club Selection'}",Receipt_2026-06-03_102735.pdf,PDF Invoice,lcc-aj-batch-20260626-181154,68392428,AMERICAN PAPER MONEY CLUB SELECTION 1963A $1 Federal Reserve Note Taxable Item
bfdc5a14-a3f5-4c8e-be8f-698780df6403,False,Liberty Seated Half Dollar,THE HALF DOLLAR CLUB SELECTION,,Denomination: 'Liberty Seated Half Dollar' → 'Half Dollar' | Program/Series casing: 'THE HALF DOLLAR CLUB SELECTION' → 'The Half Dollar Club Selection',"{'Denomination': 'Half Dollar', 'Program/Series': 'The Half Dollar Club Selection'}",Scan_20260129 (40).pdf,PDF Invoice,lcc-aj-batch-20260626-181154,67671018,THE HALF DOLLAR CLUB SELECTION 1865 Liberty Seated Silver Half Dollar No Motto Taxable Item Fine #2 Qual
c0f3e041-8454-47f0-9a23-2b4b7f745cbf,False,Nickel,The U.S. Nickel Collection,,Denomination: 'Nickel' → 'Five Cents',{'Denomination': 'Five Cents'},Receipt_2026-06-03_095612_Part5.pdf,PDF Invoice,lcc-aj-batch-20260626-181154,405213042,THE U.S. NICKEL COLLECTION SHIPMENT 1 FOUR COINS AT $7.95 EACH PLUS $.95 EACH SHIPPING AND SERVICE 1937 BUFFALO NICKEL 1955 JEFFERSON NICKEL 1963 JEFFERSON NICKEL 2004 JEFFERSON NICKEL - PEACE MEDAL
c10d0ac4-5373-43ed-a44d-b7d286b7f9c7,False,Buffalo Nickel,USA Invoice Import,,Denomination: 'Buffalo Nickel' → 'Five Cents',{'Denomination': 'Five Cents'},Scan_20260128 (13).pdf,PDF Invoice,lcc-aj-batch-20260626-181154,65712953,1937 Buffalo Nickel Very Fine
c10f3083-3a74-4996-99eb-bf897215636d,False,$1 Federal Reserve Note,AMERICAN PAPER MONEY CLUB SELECTION,,category: '' → 'paper_currency' | Program/Series casing: 'AMERICAN PAPER MONEY CLUB SELECTION' → 'American Paper Money Club Selection',"{'category': 'paper_currency', 'Program/Series': 'American Paper Money Club Selection'}",Receipt_2026-06-03_102735.pdf,PDF Invoice,lcc-aj-batch-20260626-181154,68392428,AMERICAN PAPER MONEY CLUB SELECTION 1963 $1 Federal Reserve Note Taxable Item
c231c242-961a-4248-98e5-0085539a5ed5,False,Jefferson Nickel,The U.S. Nickel Collection,,Denomination: 'Jefferson Nickel' → 'Five Cents',{'Denomination': 'Five Cents'},Scan_20260129 (121)_Part4.pdf,PDF Invoice,lcc-aj-batch-20260626-181154,405213042,THE U.S. NICKEL COLLECTION SHIPMENT 5 FOUR COINS AT $7.95 EACH - 2000 JEFFERSON NICKEL
c2ef28b9-0e76-4571-828f-c69447493252,False,Nickel,The U.S. Nickel Collection,,Denomination: 'Nickel' → 'Five Cents',{'Denomination': 'Five Cents'},Scan_20260129 (121)_Part2.pdf,PDF Invoice,lcc-aj-batch-20260626-181154,405213042,THE U.S. NICKEL COLLECTION SHIPMENT 15 FOUR COINS AT $7.95 EACH PLUS $.95 EACH SHIPPING AND SERVICE 1906 LIBERTY HEAD NICKEL 1966 JEFFERSON NICKEL 1940 JEFFERSON NICKEL 2010 JEFFERSON NICKEL
c4ad9f20-a4c3-4e90-a832-374c2ddfa339,False,Washington Quarter,American Women Quarters / The Celebrating America Coin Collection,,Denomination: 'Washington Quarter' → 'Quarter Dollar',{'Denomination': 'Quarter Dollar'},Receipt_2026-06-03_100400.pdf,PDF Invoice,lcc-aj-batch-20260626-181154,398953570,THE CELEBRATING AMERICA COIN COLLECTION SHIPMENT 10 JOVITA IDAR
c4c98dbf-920d-4680-8456-9e5ce003f3de,False,Nickel,The U.S. Nickel Collection,,Denomination: 'Nickel' → 'Five Cents',{'Denomination': 'Five Cents'},Scan_20260129 (120)_Part1.pdf,PDF Invoice,lcc-aj-batch-20260626-181154,405213042,"SHIPMENT 14 FOUR COINS AT $7.95 EACH PLUS $.95 EACH SHIPPING AND SERVICE
1900 LIBERTY HEAD NICKEL
2012 JEFFERSON NICKEL
1941 JEFFERSON NICKEL
2014 JEFFERSON NICKEL"
c5f8c830-58bf-4d28-88dc-42ea11cb5a56,False,$3 State Note,State of Missouri Note,,category: '' → 'paper_currency',{'category': 'paper_currency'},Scan_20260129 (54).pdf,PDF Invoice,lcc-aj-batch-20260626-181154,67589980,1862 $3 State of Missouri Note - Jefferson City Taxable Item
c67a8010-df43-4097-934f-8ad2354594e5,False,,U.S. Uncirculated Coin Mint Sets,,no change,,Scan_20260129 (122)_Part2.pdf,PDF Invoice,lcc-aj-batch-20260626-181154,362308793,U.S. UNCIRCULATED COIN MINT SETS SHIPMENT 84 ONE PANEL AT $39.95 PLUS $4.50 SHIPPING AND SERVICE 2024 DENVER MINT PANEL
c6f793ce-d6b4-4f74-b39e-244cd5c273e3,False,$10 Federal Reserve Note,AMERICAN PAPER MONEY CLUB SELECTION,,category: '' → 'paper_currency' | Program/Series casing: 'AMERICAN PAPER MONEY CLUB SELECTION' → 'American Paper Money Club Selection',"{'category': 'paper_currency', 'Program/Series': 'American Paper Money Club Selection'}",Receipt_2026-06-03_102735.pdf,PDF Invoice,lcc-aj-batch-20260626-181154,68392428,AMERICAN PAPER MONEY CLUB SELECTION 1934A $10 Federal Reserve Note Taxable Item
c741c2da-410a-48a0-9288-f5080eeee287,False,Mixed,YEAR SETS: AMERICA REVISITED SELECTION,,Program/Series casing: 'YEAR SETS: AMERICA REVISITED SELECTION' → 'Year Sets: America Revisited Selection',{'Program/Series': 'Year Sets: America Revisited Selection'},Receipt_2026-06-03_102540.pdf,PDF Invoice,lcc-aj-stubborn-final,68592941,"1970 5-Coin Year Set
Taxable Item Uncirculated"
c77b5f4f-90f8-4a72-8dfd-3cb2d4e2c369,False,Washington Quarter,American Women Quarters,,Denomination: 'Washington Quarter' → 'Quarter Dollar',{'Denomination': 'Quarter Dollar'},Receipt_2026-06-03_094507.pdf,PDF Invoice,lcc-aj-batch-20260626-181154,67556776,2025-S Althea Gibson Quarter Taxable Item
c7878604-95ea-43e2-b5ba-a48ae1acede8,False,Jefferson Nickel,USA Invoice Import,,Denomination: 'Jefferson Nickel' → 'Five Cents',{'Denomination': 'Five Cents'},Receipt_2026-01-28_161342.pdf,PDF Invoice,lcc-aj-batch-20260626-180919,67000001,"1943-P Jefferson Wartime Nickel
Silver Alloy"
c7c0683e-88f6-48e4-a4d9-c2b2c162bf23,False,American Silver Eagle,THE COMPLETE 2020 AMERICAN EAGLE NGCX SILVER DOLLAR SET,,Denomination: 'American Silver Eagle' → 'Dollar' | Program/Series casing: 'THE COMPLETE 2020 AMERICAN EAGLE NGCX SILVER DOLLAR SET' → 'The Complete 2020 American Eagle NGCX Silver Dollar Set',"{'Denomination': 'Dollar', 'Program/Series': 'The Complete 2020 American Eagle NGCX Silver Dollar Set'}",Receipt_2026-06-03_100928.pdf,PDF Invoice,lcc-aj-batch-20260626-181154,404995094,"THE COMPLETE 2020 AMERICAN EAGLE NGCX SILVER DOLLAR SET
ENCLOSED IS SHIPMENT # 3
UNC. PHILADELPHIA EMERGENCY ISSUE EAGLE"
c7e46443-c51b-4f05-a1d8-08925a23ef68,False,Capped Bust Half Dollar,Capped Bust,,Denomination: 'Capped Bust Half Dollar' → 'Half Dollar',{'Denomination': 'Half Dollar'},Receipt_2026-06-03_093201.pdf,PDF Invoice,lcc-aj-batch-20260626-181154,65158106,20TH CENT. HALF DOLLAR CLUB SELECTION 1807 Capped Bust Silver Half Dollar Variety 1 Large Star PCGS Taxable Item
c8386587-c397-4628-915b-50649a807f7c,False,American Eagle Silver Dollar,American Eagle Silver Dollar Collection,,Denomination: 'American Eagle Silver Dollar' → 'Dollar',{'Denomination': 'Dollar'},Receipt_2026-06-03_102331.pdf,PDF Invoice,lcc-aj-batch-20260626-181154,407840347,THE MYSTERY MINT AMERICAN EAGLE SILVER DOLLAR COLLECTION ENCLOSED IS SHIPMENT # 1 2011 WEST POINT AMERICAN EAGLE
c8dbbbe8-88dc-49d3-ab9d-fb4447af90b6,False,Peace Dollar,Rarely Seen Peace Silver Dollars,,Denomination: 'Peace Dollar' → 'Dollar',{'Denomination': 'Dollar'},Receipt_2026-06-03_102331.pdf,PDF Invoice,lcc-aj-batch-20260626-181154,407224385,RARELY SEEN PEACE SILVER DOLLARS ENCLOSED IS SHIPMENT # 3 1935 FOUR RAYS PEACE SILVER DOLLAR
c8f6721d-d259-4fa3-8588-2b8b04637fa2,False,,America Revisited Selection,,no change,,Receipt_2026-06-03_092916.pdf,PDF Invoice,lcc-aj-batch-20260626-181154,67417854,YEAR SETS: AMERICA REVISITED SELECTION 1935 5-Coin Time Capsule Year Set Taxable Item
c91b9369-59c0-482a-a500-164ce3216d03,False,Peace Dollar,The Ultimate Modern Morgan and Peace Silver Dollar Collection,,Denomination: 'Peace Dollar' → 'Dollar',{'Denomination': 'Dollar'},Scan_20260129 (64).pdf,PDF Invoice,lcc-aj-batch-20260626-181154,405887043,THE ULTIMATE MODERN MORGAN AND PEACE SILVER DOLLAR COLLECTION / ENCLOSED IS SHIPMENT # 2 / 2023 PEACE SILVER $ UNC
c9793074-8c3a-45ce-91fe-e068cedea3e4,False,Washington Quarter,American Women Quarters / The Celebrating America Coin Collection,,Denomination: 'Washington Quarter' → 'Quarter Dollar',{'Denomination': 'Quarter Dollar'},Receipt_2026-06-03_100400.pdf,PDF Invoice,lcc-aj-batch-20260626-181154,398953570,THE CELEBRATING AMERICA COIN COLLECTION SHIPMENT 18 J GORDON LOW
c9aac7d9-6b59-4e28-bc35-9a1ef3e78eda,False,Jefferson Nickel,The U.S. Nickel Collection - Shipment 11,,Denomination: 'Jefferson Nickel' → 'Five Cents',{'Denomination': 'Five Cents'},Scan_20260129 (128)_Part6.pdf,PDF Invoice,lcc-aj-batch-20260626-181154,405213042,2013 JEFFERSON NICKEL
ca2a9490-a609-4f6d-9fb2-c42ebf6c1d55,False,American Silver Eagle,THE COMPLETE 2020 AMERICAN EAGLE NGCX SILVER DOLLAR SET,,Denomination: 'American Silver Eagle' → 'Dollar' | Program/Series casing: 'THE COMPLETE 2020 AMERICAN EAGLE NGCX SILVER DOLLAR SET' → 'The Complete 2020 American Eagle NGCX Silver Dollar Set',"{'Denomination': 'Dollar', 'Program/Series': 'The Complete 2020 American Eagle NGCX Silver Dollar Set'}",Receipt_2026-06-03_100928.pdf,PDF Invoice,lcc-aj-batch-20260626-181154,404995094,"THE COMPLETE 2020 AMERICAN EAGLE NGCX SILVER DOLLAR SET
ENCLOSED IS SHIPMENT # 6
PROOF WEST POINT AMERICAN EAGLE"
caca2ea5-9a84-4712-8483-0cc88c581b5f,False,Silver Eagle Dollar,THE COMPLETE ORIGINAL-DESIGN PROOF SILVER EAGLE DOLLAR COLLECTION,,Denomination: 'Silver Eagle Dollar' → 'Dollar' | Program/Series casing: 'THE COMPLETE ORIGINAL-DESIGN PROOF SILVER EAGLE DOLLAR COLLECTION' → 'The Complete Original-Design Proof Silver Eagle Dollar Collection',"{'Denomination': 'Dollar', 'Program/Series': 'The Complete Original-Design Proof Silver Eagle Dollar Collection'}",Scan_20260129 (103).pdf,PDF Invoice,lcc-aj-batch-20260626-181154,401581731,1993 PROOF AMERICAN EAGLE SILVER DOLLAR
cb631b12-8aa5-4889-ba31-9defe96f50f9,False,Nickel,THE U.S. NICKEL COLLECTION,,Denomination: 'Nickel' → 'Five Cents' | Program/Series casing: 'THE U.S. NICKEL COLLECTION' → 'The U.S. Nickel Collection',"{'Denomination': 'Five Cents', 'Program/Series': 'The U.S. Nickel Collection'}",Receipt_2026-06-03_095612_Part1.pdf,PDF Invoice,lcc-aj-batch-20260626-181154,405213042,SHIPMENT 14 FOUR COINS AT $7.95 EACH PLUS $.95 EACH SHIPPING AND SERVICE 1900 LIBERTY HEAD NICKEL 2012 JEFFERSON NICKEL 1941 JEFFERSON NICKEL 2014 JEFFERSON NICKEL
cd93968c-8901-4592-8d26-6b934687daec,False,Liberty Seated Half Dollar,THE HALF DOLLAR CLUB SELECTION,,Denomination: 'Liberty Seated Half Dollar' → 'Half Dollar' | Program/Series casing: 'THE HALF DOLLAR CLUB SELECTION' → 'The Half Dollar Club Selection',"{'Denomination': 'Half Dollar', 'Program/Series': 'The Half Dollar Club Selection'}",Receipt_2026-06-03_102540.pdf,PDF Invoice,lcc-aj-stubborn-final,68626106,"THE HALF DOLLAR CLUB SELECTION
1850 Lib Seated Silver 50C No Mot
Tax Free Item BL Unc-58 #2"
cdd279a3-9722-443f-bf12-00691a81a70e,False,Nickel,The U.S. Nickel Collection,,Denomination: 'Nickel' → 'Five Cents',{'Denomination': 'Five Cents'},Scan_20260129 (120)_Part5.pdf,PDF Invoice,lcc-aj-batch-20260626-181154,405213042,THE U.S. NICKEL COLLECTION SHIPMENT 2 FOUR COINS AT $7.95 EACH PLUS $.95 EACH SHIPPING AND SERVICE 1935 BUFFALO NICKEL 1974 JEFFERSON NICKEL 1959 JEFFERSON NICKEL 2006 JEFFERSON NICKEL
cdde36b9-b3ec-4265-82f6-46c2f284a366,False,Jefferson Nickel,THE U.S. NICKEL COLLECTION,,Denomination: 'Jefferson Nickel' → 'Five Cents' | Program/Series casing: 'THE U.S. NICKEL COLLECTION' → 'The U.S. Nickel Collection',"{'Denomination': 'Five Cents', 'Program/Series': 'The U.S. Nickel Collection'}",Receipt_2026-06-03_095349.pdf,PDF Invoice,lcc-aj-retry-20260626-201949,405213042,SHIPMENT 16 FOUR COINS AT $7.95 EACH PLUS $.95 EACH SHIPPING AND SERVICE 1991 JEFFERSON NICKEL
cdf71a7c-8d57-4682-9e9e-089dddfe2347,False,Liberty Seated Dime,U.S. DIME COLLECTION SELECTION,,Denomination: 'Liberty Seated Dime' → 'Dime' | Program/Series casing: 'U.S. DIME COLLECTION SELECTION' → 'U.S. Dime Collection Selection',"{'Denomination': 'Dime', 'Program/Series': 'U.S. Dime Collection Selection'}",Receipt_2026-06-03_102735.pdf,PDF Invoice,lcc-aj-batch-20260626-181154,68408703,U.S. DIME COLLECTION SELECTION 1857 Liberty Seated Silver Dime Stars Taxable Item
ce88ba2a-7c90-455d-b5f5-7d439e65522a,False,Peace Dollar,THE ULTIMATE MODERN MORGAN AND PEACE SILVER DOLLAR COLLECTION,,Denomination: 'Peace Dollar' → 'Dollar' | Program/Series casing: 'THE ULTIMATE MODERN MORGAN AND PEACE SILVER DOLLAR COLLECTION' → 'The Ultimate Modern Morgan and Peace Silver Dollar Collection',"{'Denomination': 'Dollar', 'Program/Series': 'The Ultimate Modern Morgan and Peace Silver Dollar Collection'}",Scan_20260129 (61).pdf,PDF Invoice,lcc-aj-stubborn-20260626-203600,405887043,2023 PEACE SILVER $ REVERSE PROOF
cead7fad-f295-41f9-861a-aa0072cdda11,False,Roosevelt Dime,USA Invoice Import,,Denomination: 'Roosevelt Dime' → 'Dime',{'Denomination': 'Dime'},Receipt_2026-06-03_091916.pdf,PDF Invoice,lcc-aj-batch-20260626-181154,65712953,1964 Roosevelt Silver Dime Average Circ
cef2c9f4-3816-406b-ada0-50cae6d6aa3b,False,Eisenhower Dollar,USA Invoice Import,,Denomination: 'Eisenhower Dollar' → 'Dollar',{'Denomination': 'Dollar'},Scan_20260128 (8).pdf,PDF Invoice,lcc-aj-batch-20260626-181154,65712953,1973-S Eisenhower Dollar Silver Clad Uncirculated
cf0e4726-329b-4dcc-847e-287e5bd51ecc,False,Silver Eagle,The Complete Original-Design Proof Silver Eagle Dollar Collection,,Denomination: 'Silver Eagle' → 'Dollar',{'Denomination': 'Dollar'},Receipt_2026-06-03_101410.pdf,PDF Invoice,lcc-aj-batch-20260626-181154,401581731,THE COMPLETE ORIGINAL-DESIGN PROOF SILVER EAGLE DOLLAR COLLECTION ENCLOSED IS SHIPMENT # 12 2010 PROOF AMERICAN EAGLE SILVER DOLLAR
d0dec64a-724d-4ed2-a696-fd005be9f70c,False,Half Dollar,MODERN COMMEMORATIVE CLUB SELECTION,,Program/Series casing: 'MODERN COMMEMORATIVE CLUB SELECTION' → 'Modern Commemorative Club Selection',{'Program/Series': 'Modern Commemorative Club Selection'},Receipt_2026-06-03_102540.pdf,PDF Invoice,lcc-aj-stubborn-final,68653612,"1982-D George Washington Silver
Commemorative Half Dollar
Taxable Item Ch Unc-63"
d118748f-1d97-41f0-9ae7-bce86f73d92f,False,Native American Dollar,Native American Dollar,,Denomination: 'Native American Dollar' → 'Dollar',{'Denomination': 'Dollar'},2026-06-03_091725.pdf,PDF Invoice,lcc-aj-batch-20260626-181154,65741545,2023-D Native American Dollar - Maria Tallchief Uncirculated
d1cf5e30-e5ea-4b11-9584-8b021f986127,False,Barber Quarter,Historic U.S. Silver Coins,,Denomination: 'Barber Quarter' → 'Quarter Dollar',{'Denomination': 'Quarter Dollar'},Receipt_2026-06-03_102331.pdf,PDF Invoice,lcc-aj-batch-20260626-181154,407172071,HISTORIC U.S. SILVER COINS ENCLOSED IS SHIPMENT # 5 BARBER QUARTER (S MINT)
d29bae56-37de-4518-8bb5-ed695e19ff06,False,Morgan Silver Dollar,Officially Sealed Carson City Mint Morgan Silver Dollars,,Denomination: 'Morgan Silver Dollar' → 'Dollar',{'Denomination': 'Dollar'},Scan_20260129 (79).pdf,PDF Invoice,lcc-aj-batch-20260626-181154,406183541,1884 CARSON CITY MORGAN SILVER DOLLAR
d2df689d-b1c5-4196-a01e-448c4dfc50eb,False,Peace Silver Dollar,Rarely Seen Peace Silver Dollars,,Denomination: 'Peace Silver Dollar' → 'Dollar',{'Denomination': 'Dollar'},Scan_20260129 (78).pdf,PDF Invoice,lcc-aj-batch-20260626-181154,407224385,"RARELY SEEN PEACE SILVER DOLLARS ENCLOSED IS SHIPMENT # 1 1926 HIGH RELIEF ""GOD"" PEACE SILVER $"
d32e2153-6e7e-448b-a990-dc15f52492f7,False,Various,Time Capsule Year Set,,no change,,Scan_20260129 (46).pdf,PDF Invoice,lcc-aj-batch-20260626-181154,67417854,YEAR SETS: AMERICA REVISITED SELECTION 1935 5-Coin Time Capsule Year Set Taxable Item Circulated o
d37df64c-0498-4373-9366-40ab847dffeb,False,Nickel,The U.S. Nickel Collection,,Denomination: 'Nickel' → 'Five Cents',{'Denomination': 'Five Cents'},Receipt_2026-06-03_095612_Part2.pdf,PDF Invoice,lcc-aj-batch-20260626-181154,405213042,"THE U.S. NICKEL COLLECTION SHIPMENT 9 FOUR COINS AT $7.95 EACH PLUS $.95 EACH SHIPPING AND SERVICE
1924 BUFFALO NICKEL
2003 JEFFERSON NICKEL
1957 JEFFERSON NICKEL
1989 JEFFERSON NICKEL"
d3bc3487-7b48-415b-b9ae-9375b6a17955,False,$1 American Silver Eagle,The West Point Burnished American Eagle Silver Dollar Collection,,Denomination: '$1 American Silver Eagle' → 'Dollar',{'Denomination': 'Dollar'},Scan_20260129 (93).pdf,PDF Invoice,lcc-aj-batch-20260626-181154,402904254,2015 BURNISHED WEST POINT AMERICAN EAGLE
d41fb674-4b19-4723-81b0-04d8e889fea0,False,Morgan Silver Dollar,Modern Morgan and Peace Silver Dollar Collection,,Denomination: 'Morgan Silver Dollar' → 'Dollar',{'Denomination': 'Dollar'},Scan_20260129 (62).pdf,PDF Invoice,lcc-aj-batch-20260626-181154,405887043,THE ULTIMATE MODERN MORGAN AND PEACE SILVER DOLLAR COLLECTION - ENCLOSED IS SHIPMENT # 1 - 2023 MORGAN SILVER $ PROOF
d4acddfd-a46c-478e-b836-16f4616ce4f4,False,,America Revisited Selection,,no change,,Receipt_2026-06-03_092716.pdf,PDF Invoice,lcc-aj-batch-20260626-181154,67573806,1954 5-Coin Time Capsule Year Set Taxable Item
d4e5d1f8-a9ee-440a-9df3-308516adc979,False,15C Fractional Currency,Fractional Currency,,category: '' → 'paper_currency',{'category': 'paper_currency'},Receipt_2026-06-03_093201.pdf,PDF Invoice,lcc-aj-batch-20260626-181154,64963243,1869-1875 15C Fractional Currency Taxable Item
d5437568-5288-4395-a69d-3a0b125ce026,False,Silver Eagle,The Complete Original-Design Proof Silver Eagle Dollar Collection,,Denomination: 'Silver Eagle' → 'Dollar',{'Denomination': 'Dollar'},Receipt_2026-06-03_101410.pdf,PDF Invoice,lcc-aj-batch-20260626-181154,401581731,THE COMPLETE ORIGINAL-DESIGN PROOF SILVER EAGLE DOLLAR COLLECTION ENCLOSED IS SHIPMENT # 17 2020 PROOF AMERICAN EAGLE SILVER DOLLAR
d558dc75-35f4-40a1-8085-e340bf78cf0a,False,,America Revisited Selection,,no change,,Receipt_2026-06-03_092716.pdf,PDF Invoice,lcc-aj-batch-20260626-181154,68370158,1945 5-Coin Time Capsule Year Set Taxable Item
d5b4a00a-8824-4d2f-be09-8e004a9b6608,False,Jefferson Nickel,The U.S. Nickel Collection,,Denomination: 'Jefferson Nickel' → 'Five Cents',{'Denomination': 'Five Cents'},Scan_20260129 (109)_Part4.pdf,PDF Invoice,lcc-aj-batch-20260626-181154,405213042,1988 JEFFERSON NICKEL
d6da1cff-9604-477d-9e27-d684d8d9409b,False,Peace Silver Dollar,The Ultimate Modern Morgan and Peace Silver Dollar Collection,,Denomination: 'Peace Silver Dollar' → 'Dollar',{'Denomination': 'Dollar'},Receipt_2026-06-03_100549.pdf,PDF Invoice,lcc-aj-retry-20260626-201949,405887043,2023 PEACE SILVER $ UNC
d77e90b2-ad96-4f45-9fb9-2c4658e489ca,False,$20 Obsolete Note,American Paper Money Club Selection,,category: '' → 'paper_currency',{'category': 'paper_currency'},Receipt_2026-06-03_101701_Part4.pdf,PDF Invoice,lcc-aj-batch-20260626-181154,67589980,AMERICAN PAPER MONEY CLUB SELECTION 1826 $20 New York Marble Manufacturing Obsolete Note NY-1705-G20 Taxable Item
d7844735-849e-4484-a30a-9a1773b32bdf,False,Birth Year Set,Birth Year Set,,no change,,Receipt_2026-06-03_091154.pdf,PDF Invoice,lcc-aj-batch-20260626-181154,71802670-1,1942 Birth Yr Coin and Silver Comm. Set
d795e958-f37b-4c25-b2e1-5e49ece223ea,False,$1 Indian Territory Note,American Paper Money Club Selection,,category: '' → 'paper_currency',{'category': 'paper_currency'},Scan_20260129 (14).pdf,PDF Invoice,lcc-aj-batch-20260626-181154,67670995,"AMERICAN PAPER MONEY CLUB SELECTION $1 Indian Territory Note Lutie, Oklahoma Taxable Item Crisp Unused"
d83f9c09-3920-419b-bffb-fa10e03e7b49,False,5-Coin Set,Time Capsule Year Set,,no change,,Scan_20260129 (43).pdf,PDF Invoice,lcc-aj-batch-20260626-181154,68120353,1937 5-Coin Time Capsule Year Set Taxable Item
d86a46eb-68c8-4ecf-859e-6bdc026e68a9,False,Peace Dollar,RARELY SEEN PEACE SILVER DOLLARS,,Denomination: 'Peace Dollar' → 'Dollar' | Program/Series casing: 'RARELY SEEN PEACE SILVER DOLLARS' → 'Rarely Seen Peace Silver Dollars',"{'Denomination': 'Dollar', 'Program/Series': 'Rarely Seen Peace Silver Dollars'}",Receipt_2026-06-03_101203.pdf,PDF Invoice,lcc-aj-batch-20260626-181154,407224385,1934 MICRO D MINT MARK PEACE SILVER $
d8d5119b-e495-4f22-a581-dc117106c382,False,$7,USA Invoice Import,,category: '' → 'paper_currency',{'category': 'paper_currency'},Scan_20260129 (12).pdf,PDF Invoice,lcc-aj-batch-20260626-181154,65574055,1780 $7 Massachusetts Colonial Currency Hole Cancelled Taxable Item
d98905f1-133a-492b-9fc0-bc3a3fe5a610,False,Half Dollar,Half Dollar Club,,no change,,Scan_20260129 (49).pdf,PDF Invoice,lcc-aj-batch-20260626-181154,68120369,THE HALF DOLLAR CLUB SELECTION 1819 9/8 Capped Bust Silver Half Dollar Small 9/8 NGC XFineDetails Taxable Item
da048974-b23f-47ef-8b68-2d8ec2d402cb,False,American Silver Eagle,THE COMPLETE ORIGINAL-DESIGN PROOF SILVER EAGLE DOLLAR COLLECTION,,Denomination: 'American Silver Eagle' → 'Dollar' | Program/Series casing: 'THE COMPLETE ORIGINAL-DESIGN PROOF SILVER EAGLE DOLLAR COLLECTION' → 'The Complete Original-Design Proof Silver Eagle Dollar Collection',"{'Denomination': 'Dollar', 'Program/Series': 'The Complete Original-Design Proof Silver Eagle Dollar Collection'}",Scan_20260129 (111).pdf,PDF Invoice,lcc-aj-batch-20260626-181154,401581731,2019 PROOF AMERICAN EAGLE SILVER DOLLAR
da1515b3-eea1-479d-a1e8-cc4d36b92300,False,Jefferson Nickel,THE U.S. NICKEL COLLECTION,,Denomination: 'Jefferson Nickel' → 'Five Cents' | Program/Series casing: 'THE U.S. NICKEL COLLECTION' → 'The U.S. Nickel Collection',"{'Denomination': 'Five Cents', 'Program/Series': 'The U.S. Nickel Collection'}",Receipt_2026-06-03_095349.pdf,PDF Invoice,lcc-aj-retry-20260626-201949,405213042,SHIPMENT 17 FOUR COINS AT $7.95 EACH PLUS $.95 EACH SHIPPING AND SERVICE 1969 JEFFERSON NICKEL
da9f6104-d828-4ca1-bb39-2c57103a61c3,False,Obsolete Currency,AMERICAN PAPER MONEY CLUB SELECTION,,category: '' → 'paper_currency' | Program/Series casing: 'AMERICAN PAPER MONEY CLUB SELECTION' → 'American Paper Money Club Selection',"{'category': 'paper_currency', 'Program/Series': 'American Paper Money Club Selection'}",Receipt_2026-06-03_102735.pdf,PDF Invoice,lcc-aj-batch-20260626-181154,68392428,AMERICAN PAPER MONEY CLUB SELECTION 19th Century Obsolete Currency Taxable Item
db0c3d97-1446-4291-aaf3-78d90509a6ca,False,Jefferson Nickel,The U.S. Nickel Collection,,Denomination: 'Jefferson Nickel' → 'Five Cents',{'Denomination': 'Five Cents'},Scan_20260129 (109)_Part5.pdf,PDF Invoice,lcc-aj-batch-20260626-181154,405213042,1947 JEFFERSON NICKEL
dcadaab2-7a87-44a9-9a37-16fd892044ad,False,Washington Quarter,The Celebrating America Coin Collection / American Women Quarters,,Denomination: 'Washington Quarter' → 'Quarter Dollar',{'Denomination': 'Quarter Dollar'},Scan_20260129 (69).pdf,PDF Invoice,lcc-aj-batch-20260626-181154,398953570,THE CELEBRATING AMERICA COIN COLLECTION SHIPMENT 9 ELEANOR ROOSEVELT
dd4844e0-25d4-4d5b-a2bc-809771b24aa7,False,Silver Dollar,MODERN COMMEMORATIVE CLUB SELECTION,,Denomination: 'Silver Dollar' → 'Dollar' | Program/Series casing: 'MODERN COMMEMORATIVE CLUB SELECTION' → 'Modern Commemorative Club Selection',"{'Denomination': 'Dollar', 'Program/Series': 'Modern Commemorative Club Selection'}",Receipt_2026-06-03_102540.pdf,PDF Invoice,lcc-aj-stubborn-final,68653612,"MODERN COMMEMORATIVE CLUB SELECTION
2005-P Marines Silver $1
Commemorative No Case PR63
Taxable Item Ch Proof-63"
dd51e623-ff37-449f-840c-fdf009fd7b2d,False,,Jamul Indian Nation,,category: '' → 'paper_currency',{'category': 'paper_currency'},Scan_20260129 (51).pdf,PDF Invoice,lcc-aj-batch-20260626-181154,67054670,2018 Jamul Indian Coin Set Hawaiians Uncirculated
ddfff604-7593-4b45-bc60-0e4edbb4a6db,False,$1 Federal Reserve Note,AMERICAN PAPER MONEY CLUB SELECTION,,category: '' → 'paper_currency' | Program/Series casing: 'AMERICAN PAPER MONEY CLUB SELECTION' → 'American Paper Money Club Selection',"{'category': 'paper_currency', 'Program/Series': 'American Paper Money Club Selection'}",Receipt_2026-06-03_102735.pdf,PDF Invoice,lcc-aj-batch-20260626-181154,68392428,AMERICAN PAPER MONEY CLUB SELECTION 1969 $1 Federal Reserve Note Taxable Item
de1add8b-403a-4a9e-acdb-9ec3b75c0a77,False,Innovation Dollar,U.S. Innovation Dollar,,Denomination: 'Innovation Dollar' → 'Dollar',{'Denomination': 'Dollar'},Scan_20260128 (18).pdf,PDF Invoice,lcc-aj-batch-20260626-181154,65741545,2023-P Louisiana U.S. Innovation Dollar Higgins Boat Uncirculated
de474dee-9f0c-401d-9637-bcd1e5fe749c,False,Washington Quarter,American Women Quarters,,Denomination: 'Washington Quarter' → 'Quarter Dollar',{'Denomination': 'Quarter Dollar'},Receipt_2026-06-03_094402.pdf,PDF Invoice,lcc-aj-batch-20260626-181154,67040077,2024-P Celia Cruz Quarter Taxable Item
de799156-477d-4c07-8783-ffdb691a4e23,False,Jefferson Nickel,THE U.S. NICKEL COLLECTION,,Denomination: 'Jefferson Nickel' → 'Five Cents' | Program/Series casing: 'THE U.S. NICKEL COLLECTION' → 'The U.S. Nickel Collection',"{'Denomination': 'Five Cents', 'Program/Series': 'The U.S. Nickel Collection'}",Receipt_2026-06-03_095349.pdf,PDF Invoice,lcc-aj-retry-20260626-201949,405213042,SHIPMENT 22 FOUR COINS AT $7.95 EACH PLUS $.95 EACH SHIPPING AND SERVICE 2008 JEFFERSON NICKEL
ded41555-810f-441f-8451-1c418aa8f073,False,Jefferson Nickel,THE U.S. NICKEL COLLECTION,,Denomination: 'Jefferson Nickel' → 'Five Cents' | Program/Series casing: 'THE U.S. NICKEL COLLECTION' → 'The U.S. Nickel Collection',"{'Denomination': 'Five Cents', 'Program/Series': 'The U.S. Nickel Collection'}",Receipt_2026-06-03_095349.pdf,PDF Invoice,lcc-aj-retry-20260626-201949,405213042,SHIPMENT 19 FOUR COINS AT $7.95 EACH PLUS $.95 EACH SHIPPING AND SERVICE 1939 JEFFERSON NICKEL
e0e8c7f5-0fa8-4fe9-9ac5-b88c96683246,False,$1 Innovation Dollar,American Innovation Dollars,,Denomination: '$1 Innovation Dollar' → 'Dollar',{'Denomination': 'Dollar'},2026-06-03_091555.pdf,PDF Invoice,lcc-aj-batch-20260626-181154,67576317,2024-P Maine U.S. Innovation Dollar Direct Current Defibrillator Uncirculated
e200e8e6-0fa0-411b-8711-0fa5233bad45,False,American Silver Eagle,USA Invoice Import,,Denomination: 'American Silver Eagle' → 'Dollar',{'Denomination': 'Dollar'},Scan_20260129 (53).pdf,PDF Invoice,lcc-aj-batch-20260626-181154,67576317,2018 American Silver Eagle Dollar
e22ecafd-4dfd-4e8b-9ad2-f8d11c305c1d,False,Mercury Dime,USA Invoice Import,,Denomination: 'Mercury Dime' → 'Dime',{'Denomination': 'Dime'},Receipt_2026-06-03_094249.pdf,PDF Invoice,lcc-aj-stubborn-20260626-203600,68120397,1924-D Mercury Silver Dime Taxable Item
e23917f1-c1e6-46f6-97cd-0f01c9f15fce,False,,Time Capsule Year Set,,no change,,Scan_20260129 (45).pdf,PDF Invoice,lcc-aj-batch-20260626-181154,67977741,YEAR SETS: AMERICA REVISITED SELECTION 1949 5-Coin Time Capsule Year Set Taxable Item
e399d20d-bf40-46e0-b560-c2264ec8bf5f,False,American Silver Eagle,THE COMPLETE 2020 AMERICAN EAGLE NGCX SILVER DOLLAR SET,,Denomination: 'American Silver Eagle' → 'Dollar' | Program/Series casing: 'THE COMPLETE 2020 AMERICAN EAGLE NGCX SILVER DOLLAR SET' → 'The Complete 2020 American Eagle NGCX Silver Dollar Set',"{'Denomination': 'Dollar', 'Program/Series': 'The Complete 2020 American Eagle NGCX Silver Dollar Set'}",Receipt_2026-06-03_100928.pdf,PDF Invoice,lcc-aj-batch-20260626-181154,404995094,"THE COMPLETE 2020 AMERICAN EAGLE NGCX SILVER DOLLAR SET
ENCLOSED IS SHIPMENT # 7
PROOF W. POINT WWII 75TH ANN. AMER EAGLE"
e3e0e0f1-515d-4036-b4a2-d53b06acc716,False,American Eagle Silver Dollar,The Complete Original-Design Proof Silver Eagle Dollar Collection,,Denomination: 'American Eagle Silver Dollar' → 'Dollar',{'Denomination': 'Dollar'},Scan_20260129 (110).pdf,PDF Invoice,lcc-aj-batch-20260626-181154,401581731,1986 PROOF AMERICAN EAGLE SILVER DOLLAR
e4d96a53-0dbe-40cf-9e14-c7126bb784ce,False,Barber Dime,Barber,,Denomination: 'Barber Dime' → 'Dime',{'Denomination': 'Dime'},Receipt_2026-06-03_091509.pdf,PDF Invoice,lcc-aj-batch-20260626-181154,67054670,1906 Barber Silver Dime Good
e51474e4-40e0-4e8b-99af-4a488f7bb392,False,5-Coin Set,Time Capsule Year Set,,no change,,Scan_20260129 (43).pdf,PDF Invoice,lcc-aj-batch-20260626-181154,68120353,YEAR SETS: AMERICA REVISITED SELECTION 1934 5-Coin Time Capsule Year Set Taxable Item
e64f61d6-cf3a-4611-95b3-47ca59a60e3c,False,Native American Dollar,Native American Dollar,,Denomination: 'Native American Dollar' → 'Dollar',{'Denomination': 'Dollar'},Receipt_2026-06-03_091829.pdf,PDF Invoice,lcc-aj-batch-20260626-181154,67290645,2021-S Native American Dollar Military Service
e64f7d64-616f-42c1-b61d-714fff452b49,False,$1 Innovation Dollar,The Statehood Innovation Dollar Coin Collection,,Denomination: '$1 Innovation Dollar' → 'Dollar',{'Denomination': 'Dollar'},Scan_20260129 (113).pdf,PDF Invoice,lcc-aj-batch-20260626-181154,389188129,THE STATEHOOD INNOVATION DOLLAR COIN COLLECTION SHIPMENT 28 FLORIDA
e663e1a4-3c6e-49c9-a390-224840809a27,False,Nickel,THE U.S. NICKEL COLLECTION,,Denomination: 'Nickel' → 'Five Cents' | Program/Series casing: 'THE U.S. NICKEL COLLECTION' → 'The U.S. Nickel Collection',"{'Denomination': 'Five Cents', 'Program/Series': 'The U.S. Nickel Collection'}",Scan_20260128 (12).pdf,PDF Invoice,lcc-aj-batch-20260626-181154,405213042,THE U.S. NICKEL COLLECTION SHIPMENT 23 FOUR COINS AT $7.95 EACH PLUS $.95 EACH SHIPPING AND SERVICE 1925 BUFFALO NICKEL 1998 JEFFERSON NICKEL 1975 JEFFERSON NICKEL 1993 JEFFERSON NICKEL
e6afb093-3b6f-4de8-875f-a708c58db2af,False,Jefferson Nickel,The U.S. Nickel Collection,,Denomination: 'Jefferson Nickel' → 'Five Cents',{'Denomination': 'Five Cents'},Scan_20260129 (109)_Part4.pdf,PDF Invoice,lcc-aj-batch-20260626-181154,405213042,1964 JEFFERSON NICKEL
e78ec90c-534f-40fc-87ad-aebfc06ed5df,False,$10,AMERICAN PAPER MONEY CLUB SELECTION,,category: '' → 'paper_currency' | Program/Series casing: 'AMERICAN PAPER MONEY CLUB SELECTION' → 'American Paper Money Club Selection',"{'category': 'paper_currency', 'Program/Series': 'American Paper Money Club Selection'}",Receipt_2026-06-03_102540.pdf,PDF Invoice,lcc-aj-stubborn-final,68193886,"AMERICAN PAPER MONEY CLUB SELECTION
1934A $10 Federal Reserve Note
Taxable Item Fine"
e890d7de-51bc-4e39-b103-21f3fb1f59d7,False,Half Dollar,Capped Bust,,no change,,Scan_20260129 (38).pdf,PDF Invoice,lcc-aj-batch-20260626-181154,66803808,THE HALF DOLLAR CLUB SELECTION 1824 Capped Bust Silver Half Dollar Over Various Dates Tax Free Item
e9f5e05c-f0d1-46f2-90ed-ad256c095371,False,Silver Eagle,The Complete 2020 American Eagle NGCX Silver Dollar Set,,Denomination: 'Silver Eagle' → 'Dollar',{'Denomination': 'Dollar'},Scan_20260129 (87).pdf,PDF Invoice,lcc-aj-batch-20260626-181154,404995094,THE COMPLETE 2020 AMERICAN EAGLE NGCX SILVER DOLLAR SET ENCLOSED IS SHIPMENT # 4 BURNISHED WEST POINT AMERICAN EAGLE
ebf2f84c-06ff-4dff-a24d-a8909e6d3d72,False,50C Fractional Currency,Fractional Currency,,category: '' → 'paper_currency',{'category': 'paper_currency'},Receipt_2026-06-03_093201.pdf,PDF Invoice,lcc-aj-batch-20260626-181154,64963243,AMERICAN PAPER MONEY CLUB SELECTION 1864-69 50C Fractional Currency Spinner Reverse Red Black Specimen (FR1330) Taxable Item
ece76e02-45e3-4537-9865-8a49a01aaf52,False,Capped Bust Quarter,Washington Quarter Club,,Denomination: 'Capped Bust Quarter' → 'Quarter Dollar',{'Denomination': 'Quarter Dollar'},Receipt_2026-06-03_094402.pdf,PDF Invoice,lcc-aj-batch-20260626-181154,65850581,WASHINGTON QUARTER CLUB SELECTION 1833 Capped Bust Silver Quarter Variety 2 Taxable Item
edb88b85-9d8d-4452-82a8-d0674524090e,False,Washington Quarter,American Women Quarters,,Denomination: 'Washington Quarter' → 'Quarter Dollar',{'Denomination': 'Quarter Dollar'},Receipt_2026-06-03_094507.pdf,PDF Invoice,lcc-aj-batch-20260626-181154,67556776,WASHINGTON QUARTER CLUB SELECTION 2024-S Ida B. Wells Quarter Taxable Item
edd9625b-56b4-4602-828f-85a80b864d4c,False,American Silver Eagle,THE WEST POINT BURNISHED AMERICAN EAGLE SILVER DOLLAR COLLECTION,,Denomination: 'American Silver Eagle' → 'Dollar' | Program/Series casing: 'THE WEST POINT BURNISHED AMERICAN EAGLE SILVER DOLLAR COLLECTION' → 'The West Point Burnished American Eagle Silver Dollar Collection',"{'Denomination': 'Dollar', 'Program/Series': 'The West Point Burnished American Eagle Silver Dollar Collection'}",Receipt_2026-06-03_094929.pdf,PDF Invoice,lcc-aj-batch-20260626-181154,402904254,2012 BURNISHED WEST POINT AMERICAN EAGLE
ee3912c5-f7a2-45f2-8a46-d7420bcff678,False,Washington Quarter,American Women Quarters,,Denomination: 'Washington Quarter' → 'Quarter Dollar',{'Denomination': 'Quarter Dollar'},Receipt_2026-06-03_094507.pdf,PDF Invoice,lcc-aj-batch-20260626-181154,67556776,2025-S Ida B. Wells Quarter Silver Bullion Taxable Item
eebb01eb-ce78-489d-b7f7-2389fb89a39b,False,$1 Silver Eagle,American Silver Eagle,,category: '' → 'paper_currency',{'category': 'paper_currency'},2026-06-03_091555.pdf,PDF Invoice,lcc-aj-batch-20260626-181154,67576317,2016 American Silver Eagle Dollar Uncirculated
ef4e3c7c-280c-4585-99b8-f684024ade8e,False,5-Coin Set,Time Capsule Year Set,,no change,,Scan_20260128 (14).pdf,PDF Invoice,lcc-aj-batch-20260626-181154,67305371,"1964 5-Coin Time Capsule Year Set
Tax Free Item"
ef7980b6-28f8-4b27-a6f1-d9f45bdaec27,False,$1,The Statehood Innovation Dollar Coin Collection,,category: '' → 'paper_currency',{'category': 'paper_currency'},Scan_20260129 (117).pdf,PDF Invoice,lcc-aj-batch-20260626-181154,389188129,THE STATEHOOD INNOVATION DOLLAR COIN COLLECTION SHIPMENT 23 ALABAMA
efe820fc-be48-4403-8e86-6f1e02f5c3e4,False,Silver Eagle,The Complete Original-Design Proof Silver Eagle Dollar Collection,,Denomination: 'Silver Eagle' → 'Dollar',{'Denomination': 'Dollar'},Receipt_2026-06-03_101410.pdf,PDF Invoice,lcc-aj-batch-20260626-181154,401581731,THE COMPLETE ORIGINAL-DESIGN PROOF SILVER EAGLE DOLLAR COLLECTION ENCLOSED IS SHIPMENT # 16 1993 PROOF AMERICAN EAGLE SILVER DOLLAR
f039e1e5-c84d-484f-9023-fb3c4a383f50,False,Flying Eagle Cent,AMERICA'S FIRST SMALL-SIZE ONE-CENT COINS,,"Denomination: 'Flying Eagle Cent' → 'Cent' | Program/Series casing: ""AMERICA'S FIRST SMALL-SIZE ONE-CENT COINS"" → ""America's First Small-Size One-Cent Coins""","{'Denomination': 'Cent', 'Program/Series': ""America's First Small-Size One-Cent Coins""}",Scan_20260129 (60).pdf,PDF Invoice,lcc-aj-batch-20260626-181154,405353897,INSTALLMENT 3 OF 3 AMERICA'S FIRST SMALL-SIZE ONE-CENT COINS
f06c7195-4b96-4a75-bce7-6788e0f79089,False,Washington Quarter,American Women Quarters,,Denomination: 'Washington Quarter' → 'Quarter Dollar',{'Denomination': 'Quarter Dollar'},Receipt_2026-06-03_094507.pdf,PDF Invoice,lcc-aj-batch-20260626-181154,67556776,2025-P Juliette Gordon Low Quarter Taxable Item
f0b82c55-c8c7-45fc-a40e-3bfdc8f997ab,False,$2 Federal Reserve Note,USA Invoice Import,,category: '' → 'paper_currency',{'category': 'paper_currency'},Receipt_2026-06-03_091829.pdf,PDF Invoice,lcc-aj-batch-20260626-181154,67290645,1976 $2 Federal Reserve Note 1st Day of Issue with Stamp
f16aba0a-3c33-49af-8351-54183168b321,False,Silver Eagle,The Complete Original-Design Proof Silver Eagle Dollar Collection,,Denomination: 'Silver Eagle' → 'Dollar',{'Denomination': 'Dollar'},Receipt_2026-06-03_101410.pdf,PDF Invoice,lcc-aj-batch-20260626-181154,401581731,THE COMPLETE ORIGINAL-DESIGN PROOF SILVER EAGLE DOLLAR COLLECTION ENCLOSED IS SHIPMENT # 15 2011 PROOF AMERICAN EAGLE SILVER DOLLAR
f1cdaea7-c2ee-43d1-8f28-608c0d0e9f8e,False,Jefferson Nickel,THE U.S. NICKEL COLLECTION,,Denomination: 'Jefferson Nickel' → 'Five Cents' | Program/Series casing: 'THE U.S. NICKEL COLLECTION' → 'The U.S. Nickel Collection',"{'Denomination': 'Five Cents', 'Program/Series': 'The U.S. Nickel Collection'}",Receipt_2026-06-03_095349.pdf,PDF Invoice,lcc-aj-retry-20260626-201949,405213042,SHIPMENT 17 FOUR COINS AT $7.95 EACH PLUS $.95 EACH SHIPPING AND SERVICE 2011 JEFFERSON NICKEL
f2105ad3-cce2-4651-aefa-039b67f3295f,False,Walking Liberty Half Dollar,Historic U.S. Silver Half-Dollars,,Denomination: 'Walking Liberty Half Dollar' → 'Half Dollar',{'Denomination': 'Half Dollar'},Receipt_2026-06-03_102135.pdf,PDF Invoice,lcc-aj-batch-20260626-181154,407475847,HISTORIC U.S. SILVER HALF-DOLLARS ENCLOSED IS SHIPMENT # 2 1943 WALKING LIBERTY HALF DOLLAR
f2390946-f278-4030-af2a-88af8701c04a,False,Half Dollar,Coins-on-Approval,,no change,,Receipt_2026-06-03_102540.pdf,PDF Invoice,lcc-aj-stubborn-final,68564410,"1986-S Statue of Liberty
Commemorative Half Dollar
Taxable Item Ch Proof-63"
f2448d79-5395-4b9b-bf38-f8bc1708ad89,False,,America Revisited Selection,,no change,,Receipt_2026-06-03_092716.pdf,PDF Invoice,lcc-aj-batch-20260626-181154,68229728,YEAR SETS: AMERICA REVISITED SELECTION 1938 5-Coin Time Capsule Year Set Taxable Item
f2a232c5-f4ff-47f6-a74d-9a64c2ca307c,False,$50 Obsolete Note,USA Invoice Import,,category: '' → 'paper_currency',{'category': 'paper_currency'},Scan_20260129 (14).pdf,PDF Invoice,lcc-aj-batch-20260626-181154,67670995,1826 $50 New York Marble Manufacturing Obsolete Note NY-1705-G22 Taxable Item E Fine or Be
f2d3002d-cf20-4eea-87b3-173fdb78832f,False,Jefferson Nickel,THE U.S. NICKEL COLLECTION,,Denomination: 'Jefferson Nickel' → 'Five Cents' | Program/Series casing: 'THE U.S. NICKEL COLLECTION' → 'The U.S. Nickel Collection',"{'Denomination': 'Five Cents', 'Program/Series': 'The U.S. Nickel Collection'}",Receipt_2026-06-03_095349.pdf,PDF Invoice,lcc-aj-retry-20260626-201949,405213042,SHIPMENT 16 FOUR COINS AT $7.95 EACH PLUS $.95 EACH SHIPPING AND SERVICE 1946 JEFFERSON NICKEL
f2ee335a-916f-4763-ab63-40be111ccf2d,False,,The Celebrating America Coin Collection,,no change,,Scan_20260129 (76).pdf,PDF Invoice,lcc-aj-retry-20260626-201949,398953570,THE CELEBRATING AMERICA COIN COLLECTION SHIPMENT 18 J GORDON LOW
f3e7aa47-040d-4733-9843-f54ee74d1b1f,False,Jefferson Nickel,The U.S. Nickel Collection - Shipment 13,,Denomination: 'Jefferson Nickel' → 'Five Cents',{'Denomination': 'Five Cents'},Scan_20260129 (121)_Part3.pdf,PDF Invoice,lcc-aj-batch-20260626-181154,405213042,1948 JEFFERSON NICKEL
f3fa5482-fa41-43a4-ae62-7ed6f8cb2109,False,Washington Quarter,American Women Quarters,,Denomination: 'Washington Quarter' → 'Quarter Dollar',{'Denomination': 'Quarter Dollar'},Scan_20260129 (2).pdf,PDF Invoice,lcc-aj-batch-20260626-181154,66520055,2024-S Dr. Mary Edwards Walker Quarter Taxable Item
f4b8d75e-24db-4ed3-a883-d83589f4ef99,False,Washington Quarter,American Women Quarters,,Denomination: 'Washington Quarter' → 'Quarter Dollar',{'Denomination': 'Quarter Dollar'},Receipt_2026-06-03_093201.pdf,PDF Invoice,lcc-aj-batch-20260626-181154,65119068,2022-D Anna May Wong Quarter Taxable Item
f51db57a-771d-4b93-8e42-f5b07fc2cbfd,False,$3 State of Missouri Note,USA Invoice Import,,category: '' → 'paper_currency',{'category': 'paper_currency'},Receipt_2026-06-03_101701_Part4.pdf,PDF Invoice,lcc-aj-batch-20260626-181154,67589980,1862 $3 State of Missouri Note - Jefferson City Taxable Item
f62a939b-9bf3-4fd8-942e-2eec56681d73,False,Walking Liberty Half Dollar,The U.S. Coin Complete Denomination Set,,Denomination: 'Walking Liberty Half Dollar' → 'Half Dollar',{'Denomination': 'Half Dollar'},Scan_20260129 (85).pdf,PDF Invoice,lcc-aj-batch-20260626-181154,406368555,THE U.S. COIN COMPLETE DENOMINATION SET ENCLOSED IS SHIPMENT # 3 WALKING LIBERTY HALF-DOLLAR
f6acd1e3-3ee6-4dc2-9c61-1aa3f2a1b1ce,False,Washington Quarter,The Celebrating America Coin Collection,,Denomination: 'Washington Quarter' → 'Quarter Dollar',{'Denomination': 'Quarter Dollar'},Scan_20260129 (68).pdf,PDF Invoice,lcc-aj-batch-20260626-181154,398953570,THE CELEBRATING AMERICA COIN COLLECTION SHIPMENT 15 CELIA CRUZ
f73d776b-98d6-4c5a-b00f-cfb42185cbd4,False,,The World War II U.S. Coin Collection,,no change,,Receipt_2026-06-03_100745.pdf,PDF Invoice,lcc-aj-batch-20260626-181154,406380469,THE WORLD WAR II U.S. COIN COLLECTION ENCLOSED IS SHIPMENT # 3 1941-D LINCOLN PENNY 1941-D JEFFERSON NICKEL 1941-D MERC. DIME & WASHINGTON QUARTER 1941-D WALKING LIBERTY HALF-DOLLAR 1940 2C 90MM ANTI-AIRCRAFT GUN STAMP (9)
f9036e66-e599-4322-8ecb-71e846bf6771,False,$7 Massachusetts Colonial Currency,USA Invoice Import,,category: '' → 'paper_currency',{'category': 'paper_currency'},Receipt_2026-06-03_101701_Part2.pdf,PDF Invoice,lcc-aj-batch-20260626-181154,65574055,1780 $7 Massachusetts Colonial Currency Hole Cancelled Taxable Item
f931ee39-6d41-4367-9316-9da2c2e4fbc4,False,,America Revisited Selection,,no change,,Receipt_2026-06-03_092716.pdf,PDF Invoice,lcc-aj-batch-20260626-181154,68229728,1950 5-Coin Time Capsule Year Set Taxable Item
f955323e-1c68-4313-8276-28f0df6dc4f7,False,Innovation Dollar,The Statehood Innovation Dollar Coin Collection,,Denomination: 'Innovation Dollar' → 'Dollar',{'Denomination': 'Dollar'},Scan_20260129 (112).pdf,PDF Invoice,lcc-aj-batch-20260626-181154,389188129,THE STATEHOOD INNOVATION DOLLAR COIN COLLECTION SHIPMENT 27 MICHIGAN
f96d5100-d91d-4f39-b70f-da00b027ea61,False,$5,AMERICAN PAPER MONEY CLUB SELECTION,,category: '' → 'paper_currency' | Program/Series casing: 'AMERICAN PAPER MONEY CLUB SELECTION' → 'American Paper Money Club Selection',"{'category': 'paper_currency', 'Program/Series': 'American Paper Money Club Selection'}",Receipt_2026-06-03_102540.pdf,PDF Invoice,lcc-aj-stubborn-final,68193886,"1907 $5 Legal Tender Note Lg Sz
Taxable Item Fine #2 Qual"
f9f60ee6-5b97-4195-b36c-6af70e4397c0,False,Washington Quarter,American Women Quarters / The Celebrating America Coin Collection,,Denomination: 'Washington Quarter' → 'Quarter Dollar',{'Denomination': 'Quarter Dollar'},Receipt_2026-06-03_100400.pdf,PDF Invoice,lcc-aj-batch-20260626-181154,398953570,THE CELEBRATING AMERICA COIN COLLECTION SHIPMENT 17 IDA B WELLS
fa1d7fc5-2db8-4a30-8fe2-8bafcebf91d4,False,American Silver Eagle,THE COMPLETE 2020 AMERICAN EAGLE NGCX SILVER DOLLAR SET,,Denomination: 'American Silver Eagle' → 'Dollar' | Program/Series casing: 'THE COMPLETE 2020 AMERICAN EAGLE NGCX SILVER DOLLAR SET' → 'The Complete 2020 American Eagle NGCX Silver Dollar Set',"{'Denomination': 'Dollar', 'Program/Series': 'The Complete 2020 American Eagle NGCX Silver Dollar Set'}",Receipt_2026-06-03_100928.pdf,PDF Invoice,lcc-aj-batch-20260626-181154,404995094,"THE COMPLETE 2020 AMERICAN EAGLE NGCX SILVER DOLLAR SET
ENCLOSED IS SHIPMENT # 5
PROOF SAN FRANCISCO AMERICAN EAGLE"
fa8be842-f86f-4eb0-af33-99dbea3ac70c,False,10C Fractional Currency,USA Invoice Import,,category: '' → 'paper_currency',{'category': 'paper_currency'},Scan_20260129 (8).pdf,PDF Invoice,lcc-aj-batch-20260626-181154,67892115,1864-1869 10C Fractional Currency PMG Taxable Item Ch Unc-63
faa6f5ec-467e-4657-b06d-3a3be047c78e,False,"Lincoln Cent, Jefferson Nickel",Transition Set,,no change,,Receipt_2026-01-28_161141.pdf,PDF Invoice,lcc-aj-batch-20260626-180919,67226944,21st Century Penny and Nickel Transition Set Tax Free Item
fc5b1bb6-6a65-4b7c-bed5-68133a3ff125,False,Half Dollar,Proof U.S. Half-Dollars,,no change,,Receipt_2026-06-03_102331.pdf,PDF Invoice,lcc-aj-batch-20260626-181154,407840339,PROOF U.S. HALF-DOLLARS ENCLOSED IS SHIPMENT # 1 1986 STATUE OF LIBERTY CENTENNIAL
fcffa3d4-4dbe-4bf8-aa9c-2f6d48f6a298,False,5-Coin Set,Time Capsule Year Set,,no change,,Scan_20260129 (48).pdf,PDF Invoice,lcc-aj-batch-20260626-181154,67521147,YEAR SETS: AMERICA REVISITED SELECTION 1936 5-Coin Time Capsule Year Set Taxable Item
fd4d05db-df02-4f2e-8836-9334425a14f3,False,American Eagle Silver Dollar,The Complete Original-Design Proof Silver Eagle Dollar Collection,,Denomination: 'American Eagle Silver Dollar' → 'Dollar',{'Denomination': 'Dollar'},Receipt_2026-06-03_102331.pdf,PDF Invoice,lcc-aj-batch-20260626-181154,401581731,THE COMPLETE ORIGINAL-DESIGN PROOF SILVER EAGLE DOLLAR COLLECTION ENCLOSED IS SHIPMENT # 18 2003 PROOF AMERICAN EAGLE SILVER DOLLAR
fe0d64d5-5746-4372-897f-4b2c67e17dc7,False,Nickel,The U.S. Nickel Collection,,Denomination: 'Nickel' → 'Five Cents',{'Denomination': 'Five Cents'},Scan_20260129 (121)_Part5.pdf,PDF Invoice,lcc-aj-batch-20260626-181154,405213042,THE U.S. NICKEL COLLECTION SHIPMENT 16 FOUR COINS AT $7.95 EACH PLUS $.95 EACH SHIPPING AND SERVICE 1903 LIBERTY HEAD NICKEL 1946 JEFFERSON NICKEL 1972 JEFFERSON NICKEL 1991 JEFFERSON NICKEL
