year,mint,series,name,denom,est_value,index_key,coin_id
1989,W,Gold American Eagle,50,50,"$6,000 - $7,500",,db37a3ab-2b83-4d0b-a082-9ed7115d8017
1926,,US Commemorative Gold Coinage,2.5,2.5,"$3,800 - $4,500",,b0db4df7-d921-4897-b304-29daff76b2d3
1883,CC,Morgan Dollar Series,1,1,"$3,200 - $4,500",,b8365391-cd76-42bd-92f7-6a5a08f11e88
1883,CC,Morgan Dollar Series,1,1,"$1,100 - $1,600",,7de16752-bf56-4a41-9aa9-dbe9cf1c349d
1879,,Schoolgirl Dollar,1,1,$65 - $120,,3cd50285-6219-4745-8550-8c71aea23682
1869,MOTTO,Half Dollar Clib,Liberty Seated Silver Half Dollar,Liberty Seated Silver Half Dollar,$60 - $90,,891e9e30-0597-4468-a018-dba04ff087a9
1970,S,Lincoln Cent,Penny,Penny,$8.00 - $18.00,,2a18bb20-beda-4a62-a9c2-99b98fdb25f9
1971,S,Lincoln Cent,Penny,Penny,$5.00 - $12.00,,79be2dfd-0413-4a29-873c-28724ef15000
1982,D,Lincoln Cent,Penny,Penny,$0.50 - $2.50,,4502f240-52bc-4580-b28b-ba9b4d7144d4
1982,P,Lincoln Cent,Penny,Penny,$0.50 - $2.50,,4be0c50e-4d54-40f2-904a-32e910816ffe
1982,P,Lincoln Cent,Penny,Penny,$0.50 - $3.00,,99409031-3242-441b-a344-165266b36c9c
1960,D,Lincoln Cent,Penny,Penny,$0.25 - $1.00,,4e1950c5-ed85-4dfd-b91f-b517deede74c
1949,D,Lincoln Cent,Penny,Penny,$0.15 - $0.50,,05102409-fc78-46bc-9c8f-425628916f9f
1941,,Lincoln Cent,Penny,Penny,$0.15 - $0.75,,4614f9ab-99cf-49ff-a007-71c1c88950bc
1955,,Lincoln Cent,Penny,Penny,$0.15 - $0.75,,4dcfbbc4-bd07-4458-ad8b-aad84f9d2fd3
1942,,Lincoln Cent,Penny,Penny,$0.15 - $0.75,,61e359ed-cfde-4f76-9b82-29711967e113
1940,,Lincoln Cent,Penny,Penny,$0.15 - $0.75,,76cdf8aa-fa53-49cd-b83e-e872c7ccc82c
1944,,Lincoln Cent,Penny,Penny,$0.15 - $0.75,,fa5bc995-60cb-4d68-8da5-0fa005ef4e06
2012,D,Lincoln Cent,Penny,Penny,$0.10 - $0.50,,0175a08d-061a-425f-b64d-64203f2b7ba0
1953,,Lincoln Cent,Penny,Penny,$0.10 - $0.50,,03898fe3-f055-4401-abdd-7a7c3a938a67
1948,,Lincoln Cent,Penny,Penny,$0.10 - $0.50,,060aeea4-8938-45ca-aab8-1290ee0f0b2d
1949,,Lincoln Cent,Penny,Penny,$0.10 - $0.50,,0b51f8b0-b49a-4847-94d6-9c5d935aecab
1952,,Lincoln Cent,Penny,Penny,$0.10 - $0.50,,0d3f24a1-9d30-494b-ba7b-e726238827e7
2008,D,Lincoln Cent,Penny,Penny,$0.10 - $0.50,,0dbf4648-15e1-4ec6-9053-fb3b810479bf
1947,,Lincoln Cent,Penny,Penny,$0.10 - $0.50,,0fcf8a50-513b-4f1b-871b-d392c14be51c
1956,,Lincoln Cent,Penny,Penny,$0.10 - $0.50,,1e14ddc2-1ca1-4bb4-954d-af1b71085e7b
1974,D,Lincoln Cent,Penny,Penny,$0.10 - $0.75,,2b2be5f9-1cd8-42e0-a5a3-71c0dc20ff1e
1954,,Lincoln Cent,Penny,Penny,$0.10 - $0.50,,2d441901-8616-4bcf-9da6-ebff5bdd930d
1946,,Lincoln Cent,Penny,Penny,$0.10 - $0.50,,319e621e-2c4b-4f0f-90d6-598b0d5fd305
1977,D,Lincoln Cent,Penny,Penny,$0.10 - $0.75,,3c69ca05-e9ab-4f0b-9982-f796c9d1f63e
1945,,Lincoln Cent,Penny,Penny,$0.10 - $0.50,,3ff76060-8ea7-48f7-8fb5-33d22c7fb14a
2013,D,Lincoln Cent,Penny,Penny,$0.10 - $0.50,,632c0620-0819-4460-8a46-84ae97dc1023
1999,D,Lincoln Cent,Penny,Penny,$0.10 - $0.50,,6f00e52a-e0fc-4bf2-9ff1-2a1ec2240a4f
1979,D,Lincoln Cent,Penny,Penny,$0.10 - $0.75,,841d653a-c4cd-4570-bb45-fa5cd17e1b2e
1998,D,Lincoln Cent,Penny,Penny,$0.10 - $0.50,,86e86c62-9bee-4564-ae03-7f7ea67b23ba
2011,D,Lincoln Cent,Penny,Penny,$0.10 - $0.50,,95e3b07f-261b-4b5b-b91b-1eadfb573679
2010,D,Lincoln Cent,Penny,Penny,$0.10 - $0.50,,9b311a61-9eca-46f8-9326-ba654e8091c3
2014,D,Lincoln Cent,Penny,Penny,$0.10 - $0.50,,a9c53f01-82b2-4611-a4a0-3cbb9dc5198c
1951,,Lincoln Cent,Penny,Penny,$0.10 - $0.50,,b75214a6-ebd3-471b-9900-c58489b521af
2004,D,Lincoln Cent,Penny,Penny,$0.10 - $0.50,,c34be820-20ee-4c27-81e2-f0d087f1a1d4
2002,D,Lincoln Cent,Penny,Penny,$0.10 - $0.50,,c460fbba-8886-49fd-abec-624fb6f47fb0
1975,D,Lincoln Cent,Penny,Penny,$0.10 - $0.75,,cba8afa2-542e-4a09-a441-70d6f504d053
2006,D,Lincoln Cent,Penny,Penny,$0.10 - $0.50,,d20c986e-e6bd-4d07-9bad-c4fa6c0445e6
1950,,Lincoln Cent,Penny,Penny,$0.10 - $0.50,,db57aa1b-0155-4e1e-bbf0-a85558f71be6
1954,S,Franklin Half Dollar,Half Dollar,Half Dollar,Pending,,0002c0f9-9ea5-42d7-8697-a31353ffcb6d
2010,D,Lincoln Cent,Penny,Penny,Pending,,001e17fe-b783-417a-9897-f1593dc32a35
1903,,Barber,Half Dollar,Half Dollar,Pending,,003b311d-ec8b-45b2-bbb8-08815a6aea56
1873,,Trade Dollar,1 Dollar,1 Dollar,Pending,,00782b45-c57a-4a62-be7f-c3165034b325
2024,P,Kennedy Half Dollar,Kennedy Half Dollar,Kennedy Half Dollar,Pending,,00834217-976a-435d-ab0f-5f72cd299cb1
1867,S,Liberty Seated,Half Dollar,Half Dollar,Pending,,008da8c2-349a-4327-a64d-60696e583824
2023,P,Native American Dollar Program,Native American Dollar,Native American Dollar,Pending,,00b0f765-479a-4c36-ae37-4a1cf94d15ae
1978D,,Roosevelt Dimes,Dime,Dime,Pending,,00b202e4-aad0-42d2-a571-6440a4fccc96
1925,,Lincoln Head Cent,Penny,Penny,Pending,,00bcdde6-9da3-4dd6-9be2-e5e76eb6d6d2
1939,,Lincoln Cent,Penny,Penny,Pending,,00c9997d-0fbd-4f67-a4a5-5cb6ad941be3
1958,,Washington Silver Quarter,Quarter,Quarter,Pending,,00f122aa-468d-4e58-8770-b566d27d33d5
1980,D,Lincoln Memorial Cent,Penny,Penny,Pending,,011f4f37-26ee-43bd-8419-008fbcbd623a
1981,S,Susan B. Anthony Dollar,Susan B. Anthony Dollar,Susan B. Anthony Dollar,Pending,,0128d3d8-2ab7-4782-b480-553f7e99b9cb
1974,S,Lincoln Head Penny,Penny,Penny,Pending,,013c156f-cb19-4578-8a00-4ddd203ee360
2022,D,US Women's Quarters,Quarter,Quarter,Pending,,0142355d-fdd7-4c56-9c35-4b01adca5544
1915,S,Lincoln Head Cent,Penny,Penny,Pending,,0160bde5-a6cf-471f-acf4-db8ebefcfd2d
1954,S,Jefferson Nickel Series,Nickel,Nickel,Pending,,0168beb3-599a-4697-838e-806d2d622277
2009S,,Roosevelt Dimes,Dime,Dime,Pending,,018a4a5a-d907-46a3-841a-10756a5c48b7
1893,CC,Morgan Silver Dollar,Dollar,Dollar,Pending,,019ddf99-a6e4-4483-9769-aa8d1aa8357b
1980,S,Kennedy Half Dollar Series,Kennedy Half Dollar,Kennedy Half Dollar,Pending,,01a22bda-0254-40d8-8c63-c9c9efb8df96
1959,,Lincoln Head Penny,Penny,Penny,Pending,,01a46b11-f133-4116-af69-bf553d5c6705
1971,,Eisenhower Dollar,Dollar,Dollar,Pending,,01b1a978-68f3-4aa8-980c-26c5b9f386b0
2006S,,State and Territory Quarters,Quarter,Quarter,Pending,,01b63ba4-ee81-4708-aa96-e9e39beb08a9
1959D,,Washington Silver Quarter,Quarter,Quarter,Pending,,01cbe0fe-d000-4f30-9acf-aa818b3512d8
2000S,,State and Territory Quarters,Quarter,Quarter,Pending,,01fc4a2a-b688-4346-b821-70e5766671a2
2015P,,Roosevelt Dimes,Dime,Dime,Pending,,020dc9cd-7274-435b-8cc3-74c878ede964
1819,,Capped Bust Half Dollar,Capped Bust Silver Half Dollar,Capped Bust Silver Half Dollar,Pending,,0228b3c9-7819-4d43-b7ac-a41ee5206345
1838,,Coronet Head Large Cent,Penny,Penny,Pending,,022afaf3-ed23-4438-8c74-367d12971cab
2016P,,Presidential Dollars,1,1,Pending,,025d43fc-1ba2-4b7c-a1a2-02e8a7f2bc6d
2007D,,State and Territory Quarters,Quarter,Quarter,Pending,,0262c3ba-ff61-408c-8e36-9b89b03987cd
1924,,Lincoln Wheat Cent,Penny,Penny,Pending,,026384a0-8178-45bb-a817-beb1adb2c873
2015,D,America the Beautiful Quarters,Quarter,Quarter,Pending,,028baac3-1ae7-4103-ba2c-4bf7baf81fe1
2021,P,Native American Dollar Series,Native American Dollar,Native American Dollar,Pending,,0290aba9-e88a-4e35-9efe-7d3ea779efc6
2004,S,Sacagawea Dollar,1 Dollar,1 Dollar,Pending,,0292753a-f249-48b1-a7dc-bee0c167b0a0
1864,O,Liberty Seated,Half Dollar,Half Dollar,Pending,,02b81895-c48a-4998-8b67-abc6787939f1
1957,,Lincoln Head Cent,Penny,Penny,Pending,,02c44141-c07f-411c-84e0-b78fc40a8679
2018,D,National Park Quarters,Quarter,Quarter,Pending,,02dee8e0-e443-4da0-9e3c-5102ffcfc6dc
1976S,,Roosevelt Dimes,Dime,Dime,Pending,,02e88fd5-f3b4-4c0e-b249-36d5835d3726
2022,P,Native American Dollar,1 Dollar,1 Dollar,Pending,,0315369f-a8b5-4518-b137-4a9d5ea73ff9
1972,D,Kennedy Half Dollar Series,Kennedy Half Dollar,Kennedy Half Dollar,Pending,,0328c217-7311-4fd0-8dfc-2598d23ec605
1972,S,Eisenhower Dollar,Dollar,Dollar,Pending,,03368cca-ca64-4136-880f-eb79343fa80e
2014P,,Roosevelt Dimes,Dime,Dime,Pending,,033fd7af-bb33-4867-991c-ea4c7dbe0f6c
2013,,Lincoln Cent Series,Penny,Penny,Pending,,034270f3-8db9-4576-889f-e90b5ec58504
2001D,,Roosevelt Dimes,Dime,Dime,Pending,,035b2081-765d-48b5-aa7b-96d768179d5c
2000S,,State and Territory Quarters,Quarter,Quarter,Pending,,0361606e-d790-4ee5-9f6b-f4bf5459cf03
1992,,American Eagle,Dollar,Dollar,Pending,,0391fb3c-2971-4e49-919a-3d1c6ae92ce1
2003P,,State and Territory Quarters,Quarter,Quarter,Pending,,039caf76-d82d-4bd3-b275-b8daa6550df4
1925,,Buffalo Nickel,Nickel,Nickel,Pending,,03b000ab-6b06-4f5f-9065-4d6b0d219088
1963,D,,Dime,Dime,Pending,,03c8fc5c-c3c5-46d1-ab72-47713cbe1289
1974S,,Washington Silver Quarter,Quarter,Quarter,Pending,,03f05e3f-fea9-4291-bfc1-6b37b0956c62
1849,O,Liberty Seated,Half Dollar,Half Dollar,Pending,,040ab6db-378a-4e36-aff7-ee12f6cfc6c2
1997S,,Washington Silver Quarter,Quarter,Quarter,Pending,,040dbb75-ca27-49b8-9340-3d8c67eed861
1979,,Kennedy Half Dollar,Kennedy Half Dollar,Kennedy Half Dollar,Pending,,042783eb-301e-429f-9982-e9f5d4bc3688
1951,,Lincoln Wheat Cent Series,Penny,Penny,Pending,,0461d3a7-06ef-4f40-ba45-1dfa5bb89e24
1938,D,Liberty Walking Half Dollar,Half Dollar,Half Dollar,Pending,,047a6fd4-c186-4f9d-b5b5-98d28c6370af
1930,,Standing Liberty Silver Quarter,Quarter,Quarter,Pending,,0484d4e3-8679-4c9c-8a9d-5298fe0a1eef
1900,O/CC,Morgan Silver Dollar,Dollar,Dollar,Pending,,04876333-ae18-45be-92aa-5b891ebe44dc
1980,S,Kennedy Half Dollar,Kennedy Half Dollar,Kennedy Half Dollar,Pending,,04954a65-0be9-46a8-a115-5e33e72adf3a
1914,,Lincoln Wheat Cent Series,Penny,Penny,Pending,,04afc157-35ff-4962-bb32-879858f54a47
2022,D,Kennedy Half Dollar Series,Kennedy Half Dollar,Kennedy Half Dollar,Pending,,04c0a01a-463d-406d-991f-c7033a5be601
1957,D,Lincoln Cent,Penny,Penny,Pending,,04cdb343-2a74-49b2-94c6-5568e09cd40f
1829,,Capped Bust,Nickel,Nickel,Pending,,04ce9a3f-6541-435c-a7a9-9c9f61a43d24
2024,,,Lincoln Cent,Lincoln Cent,Pending,,04cec483-c64f-4873-b423-f7779b2ea634
2001S,,State and Territory Quarters,Quarter,Quarter,Pending,,04d29224-14f1-45af-a02a-28d6b290ac65
2024,W,American Silver Eagle,Dollar,Dollar,Pending,,04d755b7-4772-4440-a6b2-dc071327c360
2018,D,America the Beautiful Quarters,Quarter,Quarter,Pending,,04ebba68-168d-4d42-9b83-99e2834d9da5
1962,,Roosevelt Dimes,Dime,Dime,Pending,,04fa8a2b-1f99-4c62-af04-1b7a33bf2c0f
1897,O,Morgan Silver Dollars,1 Dollar,1 Dollar,Pending,,052a2b6b-26ef-4c0a-b22e-5de56eaa9003
1998,P,Kennedy Half Dollar,Kennedy Half Dollar,Kennedy Half Dollar,Pending,,0555d26a-d746-4bab-af7d-aa3848bf78fc
1892,S,Morgan Silver Dollar,1,1,Pending,,056790d9-97b7-481a-984a-9fcaf9ea4174
1979S,,Washington Silver Quarter,Quarter,Quarter,Pending,,05bbede0-c0ac-4d99-b0e8-7b0213f9341a
2019,W,Destination silver eagle signed by Tom Cleveland,1,1,Pending,,05e24b62-a3a9-4fb9-b1fa-5e6c671aae1e
1920,,Lincoln Wheat Cent Series,Penny,Penny,Pending,,060ae0b0-47ff-4b39-a517-50638aafa6aa
2012,S,National Park Quarters,Quarter,Quarter,Pending,,063ce872-f0b7-4c7d-9736-c90c2718c8a4
1958,,Washington Silver Quarter,Quarter,Quarter,Pending,,064a2644-04ac-4a4f-baf0-3507b54f2985
1840,O,Seated Liberty Half Dollar,Seated Liberty Silver Half Dollar,Seated Liberty Silver Half Dollar,Pending,,064e838a-57a5-4182-8414-5b859f4c7502
1827,,Capped Bust Dime,Capped Bust Silver Dime,Capped Bust Silver Dime,Pending,,0675bf13-ed9e-4fc2-b09d-7c81cd94ed9a
1881,CC,Morgan Silver Dollars,1 Dollar,1 Dollar,Pending,,069072ab-8e57-4f3b-a74f-aa08a78b80a5
1872,S,,Nickel,Nickel,Pending,,06a59662-67b3-4882-9fef-2ad8e6fbf439
1907,O,Barber,Half Dollar,Half Dollar,Pending,,06ab5f2c-3a56-466d-9f76-d3639e3bdd17
2004D,,State and Territory Quarters,Quarter,Quarter,Pending,,06ab9d59-59bb-40b5-9e17-671e46c05dab
1830,,Capped Bust Half Dollar,Capped Bust Silver Half Dollar,Capped Bust Silver Half Dollar,Pending,,06ad0831-cbb6-4013-8729-9cd6fe719eaf
2013,S,America the Beautiful Quarters,Quarter,Quarter,Pending,,06bef47f-31b0-4364-968a-f9ea1c9a2e2a
2016,D,Lincoln Shield Cent,Penny,Penny,Pending,,06c2e073-7364-46d8-879c-158c1327f557
1921,S,Lincoln Cent,Penny,Penny,Pending,,06cf3236-39ea-47c7-a0cc-65f10923ef7c
2017,D,National Park Quarters,Quarter,Quarter,Pending,,06ee208a-0c09-435a-86d8-c177187be309
1973,D,Eisenhower Dollar,Dollar,Dollar,Pending,,06f087dd-e2d0-45d4-af45-1658ee22b9a9
2004,D,Kennedy Half Dollar Series,Kennedy Half Dollar,Kennedy Half Dollar,Pending,,07296777-b838-4573-b9ac-cf2ef123ee31
1935,,Washington Silver Quarter,Quarter,Quarter,Pending,,0734eace-1bff-4190-a5ff-b9aa3a88ca9c
2023,P,U.S. Innovation Dollar Program,U.S. Innovation Dollar,U.S. Innovation Dollar,Pending,,0772deaf-946d-4ffa-adce-6bdbf66b5d80
1973,S,Eisenhower Dollar,Dollar,Dollar,Pending,,077931ce-b10c-4c80-8e4f-b0e52335a759
2015,S,National Park Quarters,Quarter,Quarter,Pending,,07995067-a080-4db4-a0fc-a12873c2b3f8
1846,O,Liberty Seated,Half Dollar,Half Dollar,Pending,,07b952d2-a867-4c50-a8f1-c0b61eedaed7
1883,CC,Morgan Silver Dollar,Morgan Silver Dollar,Morgan Silver Dollar,Pending,,07bb1599-7e3d-4b44-8aba-bd6d6ce8f6c2
2012S,,Presidential Dollars,1,1,Pending,,0800eb55-bdad-498a-9f93-438745e1cd18
1877,S,Trade Dollar,1 Dollar,1 Dollar,Pending,,083bb99a-0d9a-4017-a900-b8786705272d
2017,S,National Park Quarters,Quarter,Quarter,Pending,,084051f8-5e2f-4934-9cc4-e8dc5e9045ff
2003P,,State and Territory Quarters,Quarter,Quarter,Pending,,0845d9ea-b7a4-4735-bb6b-77fab2a5622b
1952S,,Washington Silver Quarter,Quarter,Quarter,Pending,,08b816ae-18ae-49a8-9683-3826ba654466
,,The Half Dollar Club,Kennedy Half Dollar,Kennedy Half Dollar,Pending,,08d6845d-0557-4b67-b259-543c0d55662a
2003S,,State and Territory Quarters,Quarter,Quarter,Pending,,091870ef-6aa0-4c41-9b90-1200ebf2ac92
1922,D,Lincoln Head Penny,Penny,Penny,Pending,,091ae224-dabd-4913-8813-1c0bd4f40486
1875,S,Liberty Seated,Half Dollar,Half Dollar,Pending,,09238b0b-e8df-4fef-9124-a9dc6c049ac7
1985,P,Kennedy Half Dollar Series,Kennedy Half Dollar,Kennedy Half Dollar,Pending,,0924c3d7-a35f-449d-b359-2b7aba7ec78d
1938S,,Washington Silver Quarter,Quarter,Quarter,Pending,,09437b69-d50b-46ff-a6ed-17f99ffb0122
1907,O,Barber Dimes,Barber Silver Dimes,Barber Silver Dimes,Pending,,094a1155-bafe-4a8d-8a9c-b0238b8cd6c3
1997,,American Eagle,Dollar,Dollar,Pending,,094ee33e-6e42-4896-8884-205f737290f2
1920,S,Liberty Walking Half Dollar,Half Dollar,Half Dollar,Pending,,09769e05-e97a-40a9-a40a-ac85d7530f76
1970,D,Kennedy Half Dollar,Kennedy Half Dollar,Kennedy Half Dollar,Pending,,098160b4-4aa6-44ee-9300-8832098e8d1a
1953,D,Lincoln Head Cent,Penny,Penny,Pending,,0983ccc8-c09b-4345-95bb-48d2fb6b2fe4
1911,S,Barber,Half Dollar,Half Dollar,Pending,,09b327a0-12c5-40ae-8477-5313a22317d3
1911,P,Barber Dimes,Barber Silver Dimes,Barber Silver Dimes,Pending,,09b67b4f-28ec-4c2f-ad22-e0a2d0c0b89f
1853,,Liberty Seated Silver Dime,Dime,Dime,Pending,,09bcd5e1-759c-4570-8fba-8b2a87a8379a
2022,P,US Women's Quarters,Quarter,Quarter,Pending,,09cee99a-e846-4abc-9b76-4434f89e8929
1930,D,Lincoln Head Cent,Penny,Penny,Pending,,09d6e25d-c9ce-442f-a791-e97d55de685d
2009S,,State and Territory Quarters,Quarter,Quarter,Pending,,09d8a267-cee2-47c1-a9da-fac38b124964
1947,P,Liberty Walking Half Dollar,Half Dollar,Half Dollar,Pending,,09da4dca-c164-45bd-b5fa-a7508e69b419
1911,,Barber Silver Quarters,25 Cents,25 Cents,Pending,,09f9ae67-0a24-4f63-8ff7-ebfed3cd6eed
1862,,Liberty Seated,Quarter,Quarter,Pending,,09fe0421-fbea-49be-b5e2-dd67845f49d6
1904,S,Morgan Silver Dollars,1 Dollar,1 Dollar,Pending,,0a15583e-8232-494a-b45e-10005821cf1d
2024,,,Morgan silver dollar,Morgan silver dollar,Pending,,0a23b38d-d086-4cca-81b6-983c14f49995
2018,D,National Park Quarters,Quarter,Quarter,Pending,,0a252113-dfc5-4379-bde4-7349369252f1
2007D,,Presidential Dollars,1,1,Pending,,0a4c14f9-3e34-47d8-9757-5e365ca27457
1959D,,Roosevelt Dimes,Dime,Dime,Pending,,0a4d18f3-c08f-4ad7-b4f5-d76744b1b436
1936S,,Washington Silver Quarter,Quarter,Quarter,Pending,,0a577706-ec05-441f-8572-662b5d38aae9
2022,D,Native American Dollar,1 Dollar,1 Dollar,Pending,,0a58e3af-b897-427f-b3c9-7dde22cf2d2d
2020,,American Innovation Dollar,Dollar,Dollar,Pending,,0a63ee8f-ecd2-4684-ae0a-cb0d12dc4492
1993S,,Roosevelt Dimes,Dime,Dime,Pending,,0a756c5d-b588-4985-8793-9fadcbec18d9
2003P,,State and Territory Quarters,Quarter,Quarter,Pending,,0a87151f-735e-4fab-9be3-3a21a727e3ef
2010,S,America the Beautiful Quarters,Quarter,Quarter,Pending,,0a8e1bd8-247f-46fc-a4a6-80a62e61f05a
2015P,,Presidential Dollars,1,1,Pending,,0a9a6a0e-5959-405f-8218-fc24d4eccf63
1977,,Roosevelt Dimes,Dime,Dime,Pending,,0a9f303d-715f-4696-84cf-bb184181c2d0
1936D,,Washington Silver Quarter,Quarter,Quarter,Pending,,0aa9e58b-bcd8-4f53-bcc9-00f3cef4199c
1972,D,Jefferson Nickel Series,Nickel,Nickel,Pending,,0aaf3833-8eb9-439c-9fb8-adabef3a4bc6
1952D,,Washington Silver Quarter,Quarter,Quarter,Pending,,0abe8591-00a1-45eb-bc8a-b8ab7334f230
1973,S,,Dollar,Dollar,Pending,,0adb6a72-ba33-4843-8ee1-14422217f0d6
1898,,Morgan Silver Dollar,Dollar,Dollar,Pending,,0aea51be-b4a0-404e-8d2c-28bbdd4c1b6c
2006D,,Roosevelt Dimes,Dime,Dime,Pending,,0b01dca8-9894-4410-b5f0-19dad76019b1
1964D,,Washington Silver Quarter,Quarter,Quarter,Pending,,0b057de6-cd17-4077-813d-d00293b45359
,,Morgan Silver Dollar,1,1,Pending,,0b05d020-ed14-4617-b117-46a9f0d59ecd
1994,S,Lincoln Memorial Cent,Penny,Penny,Pending,,0b1da053-c1d2-4401-b527-1a01c819c57e
1942,D,,Dime,Dime,Pending,,0b25974f-ad87-4ad5-bf38-e4562d568dcc
1911,,Lincoln Head Cent,Penny,Penny,Pending,,0b574132-834d-429e-9c36-c0d0a8e46e78
1821,,Capped Bust Half Dollar,Capped Bust Silver Half Dollar,Capped Bust Silver Half Dollar,Pending,,0b611b95-3074-4edc-8201-425131d826a9
2023,D,U.S. Innovation Dollar Program,U.S. Innovation Dollar,U.S. Innovation Dollar,Pending,,0ba1ad3c-0c0d-4b1f-aa19-b1e4862acc32
1908,S,Barber Silver Quarters,25 Cents,25 Cents,Pending,,0ba688eb-107b-4f17-b2a9-d56bbed3a2b3
1914,PENDING,Barber Series,Dime,Dime,Pending,,0bb5b09e-67f3-4834-94e2-58922165d47f
2001S,,State and Territory Quarters,Quarter,Quarter,Pending,,0bd3cdfd-2e53-44b8-8950-cc194063f161
1926,,Lincoln Wheat Cent,Penny,Penny,Pending,,0bd881f7-0178-4101-8d4e-21f1f7f8af3e
1911,S,Lincoln Wheat Cent,Penny,Penny,Pending,,0be2188f-2438-4e6d-95b4-e84ab5da2e8d
2017,D,National Park Quarters,Quarter,Quarter,Pending,,0be93993-8018-4c2c-84bf-ba372707e711
1825,,,Capped Bust Silver Quarter,Capped Bust Silver Quarter,Pending,,0bf6bbd0-e486-4b3b-b2c9-73f4aaecfc0b
1905,S,Barber Series,Dime,Dime,Pending,,0bf90be2-3306-46d6-ab5b-b01a0e6c6783
2019,P,America the Beautiful Quarters,Quarter,Quarter,Pending,,0c370f79-91b3-4a2a-ba5d-c790fec1645b
2023,D,US Women's Quarters,Quarter,Quarter,Pending,,0c479256-8ac4-48e7-bae2-37009d82f78e
1944,D,Lincoln Head Penny,Penny,Penny,Pending,,0c63383c-4250-4767-853c-9199c12b2485
1908,,Indian Head Cent,Penny,Penny,Pending,,0c65ea8c-90f2-4c7c-9d2d-5cf435d85181
1880,,Morgan Silver Dollar,Dollar,Dollar,Pending,,0c70b390-1cb0-448e-8eda-ce66b5f90f30
1996S,,Roosevelt Dimes,Dime,Dime,Pending,,0c75fed9-cc6f-4bf4-a666-ef99a7845fc8
1946,S,Mercury Dime,Dime,Dime,Pending,,0c989f04-3d6d-4ed2-b33a-253428c3d060
1915,P,Barber Dimes,Barber Silver Dimes,Barber Silver Dimes,Pending,,0c9fc9c8-139f-4bf0-855f-b4c82aa796a5
1915,,Barber Silver Quarters,25 Cents,25 Cents,Pending,,0ca1a5c8-7700-45db-bc45-1a9e4b7d5fe5
2019,S,America the Beautiful Quarters,Quarter,Quarter,Pending,,0cd5931b-aa13-441b-8055-5016f6437d8a
2010P,,Roosevelt Dimes,Dime,Dime,Pending,,0cd8e3ed-2796-4828-a1dd-b81649a04b4e
2008S,,State and Territory Quarters,Quarter,Quarter,Pending,,0ce3f6f6-81b1-4c26-8ce3-165417eb0c7a
2006D,,State and Territory Quarters,Quarter,Quarter,Pending,,0ceef253-03c5-4b42-87b0-7ec0b539684c
1940,S,Liberty Walking Half Dollar,Half Dollar,Half Dollar,Pending,,0cf9f7e7-f3fa-44f1-959e-67f2bb8e8ce7
1916,S,Barber Dimes,Barber Silver Dimes,Barber Silver Dimes,Pending,,0cfab2fa-0247-4da2-bc64-f2c801675b7f
1905,O,Barber Dimes,Barber Silver Dimes,Barber Silver Dimes,Pending,,0d06f0d9-0c05-488e-b02e-49e8f213d3a2
1928,,Lincoln Head Cent,Penny,Penny,Pending,,0d086656-6a71-40c7-996c-f76c27f4dc1a
1942,S,The World War II U.S. Coin Collection,Lincoln Cent,Lincoln Cent,Pending,,0d0b22fc-fb75-4e94-a7bd-58bf1b67f4d0
1987,,Lincoln Cent Series,Penny,Penny,Pending,,0d204bc5-7ab1-468b-a1d7-e58ceeb5587e
1975D,,Roosevelt Dimes,Dime,Dime,Pending,,0d2dbc3e-8055-4fa9-90ee-5b4a0ecef868
2013,D,Lincoln Head Penny,Penny,Penny,Pending,,0d45c9d9-bcc7-4a67-abfb-fa20e5ed8982
1878,,Liberty Seated,Quarter,Quarter,Pending,,0d51929b-270a-48f4-b841-c4eb966d1e60
1976,D,U.S. Bicentennial,1 Dollar,1 Dollar,Pending,,0dcc6dd6-5548-4798-91f7-723c4c6b66b1
1921,,Lincoln Wheat Cent Series,Penny,Penny,Pending,,0de09bb5-c169-46f1-8d4b-9a2a97fc4c74
1955,D,Jefferson Nickel Series,Nickel,Nickel,Pending,,0df66aea-659f-44a6-b8fc-e2cd4a8bb6aa
1959,,Washington Silver Quarter,Quarter,Quarter,Pending,,0e10f21c-d085-4894-a93d-5edd3ee858f8
1935,,Lincoln Wheat Cent,Penny,Penny,Pending,,0e1883bf-430e-4d3c-970a-154252766685
2014S,,Presidential Dollars,1,1,Pending,,0e315295-ee6b-4c8a-b976-fa2143adc724
1843,,Liberty Seated,Dollar,Dollar,Pending,,0e3b7e6f-f8ee-429b-a0ca-ffb527e19ac9
1857,O,,Nickel,Nickel,Pending,,0e41d691-2f12-48d0-b8de-00f8571c53d7
1877,CC,Liberty Seated,Half Dollar,Half Dollar,Pending,,0e4d3f87-dbce-402f-9a5c-03331393d002
1951,,Lincoln Wheat Cent,Penny,Penny,Pending,,0e62099d-9511-458e-ad36-9275cd37fd40
2004,W,American Eagle,Dollar,Dollar,Pending,,0e6addf9-43b7-46bd-a85f-541d94263d05
1940,S,Mercury Dime,Dime,Dime,Pending,,0e6cef49-dfc0-4f9e-a710-4fe9e0a0088a
2004S,,State and Territory Quarters,Quarter,Quarter,Pending,,0ea66dce-0212-4a2f-9dba-12d7e02faa38
1906,,,Barber Silver Dime,Barber Silver Dime,Pending,,0eb3910d-667f-4d91-859c-c791e7eadee6
2013D,,Presidential Dollars,1,1,Pending,,0ecab5cb-c8d7-4593-839d-1c8166c83b66
2020,S,National Park Quarters,Quarter,Quarter,Pending,,0ed59663-61f8-4905-b0f9-3ea21316feed
1952S,,Roosevelt Dimes,Dime,Dime,Pending,,0f12fcac-476e-4464-bafc-1119861b15fb
1879,CC,Morgan Silver Dollars,1 Dollar,1 Dollar,Pending,,0f38b0d6-0805-4074-9347-5e5f0b3ca4c5
1860,,,Nickel,Nickel,Pending,,0f56bc59-ba74-4d0a-9c3a-fdc4c14338c1
1934,,Time Capsule Year Set,5-Coin Set,5-Coin Set,Pending,,0f60961c-e8ef-4313-80d5-5b6c3e421326
1958,,Time Capsule Year Set,Mixed US Coin Set,Mixed US Coin Set,Pending,,0f8cfb3d-72a4-4b74-b3cf-947e657ddcda
1965,,Washington Silver Quarter,Quarter,Quarter,Pending,,0f9716e5-80b4-472f-b7dc-3cbe647010b6
1923,S,Peace Dollar,Dollar,Dollar,Pending,,0f98cb0a-1f81-4318-a7f1-993ff8872799
2015P,,Presidential Dollars,1,1,Pending,,0f9d665c-8a3b-4487-b5a5-0e8094819e3e
2015S,,Presidential Dollars,1,1,Pending,,0fb05f5b-89b9-4703-af2d-f68a6788d1e3
2018,S,National Park Quarters,Quarter,Quarter,Pending,,0fdb83c0-3f51-4206-a424-ab687791f9bb
1980,S,Susan B. Anthony Dollar,Susan B. Anthony Dollar,Susan B. Anthony Dollar,Pending,,1005bddf-0a05-4688-9d3e-4e6080b1c9c5
1961,,Lincoln Cent,Penny,Penny,Pending,,100cf36c-b56f-4124-a967-f5cb93f85bd4
1964,D,Lincoln Cent,Penny,Penny,Pending,,10321ddd-b767-4b53-bc7a-d9ff86be789f
1841,O,Liberty Seated,Half Dollar,Half Dollar,Pending,,10338f44-a2ef-454d-a499-0e4c5f7f67b1
1989,W,,1,1,Pending,,103e01b4-4960-424c-aed9-1ebbb5682b37
2018,S,National Park Quarters,Quarter,Quarter,Pending,,1064a1f0-0ab7-471d-b8e5-d96dcbabec71
,,The Celebrating America Coin Collection, The Celebrating America Coin Collection,,Pending,,10861b9b-ae1e-4200-86b0-876b2d1c37ef
1857,O,Liberty Seated,Half Dollar,Half Dollar,Pending,,10901cb9-5432-4ae3-9b4f-028bb8a99ee0
1917,S,Standing Liberty Silver Quarter (Type 1),Quarter,Quarter,Pending,,10a6e294-9c05-4afc-9c33-e4842d26fe28
2018,S,National Park Quarters,Quarter,Quarter,Pending,,10abdb42-7061-4daf-95f5-cf9f1a6dc826
1982S,,Washington Silver Quarter,Quarter,Quarter,Pending,,10cd3085-8ecc-4ff5-a9a8-1143a73f8b21
1890,O,Morgan Silver Dollars,1 Dollar,1 Dollar,Pending,,10d0de18-e15a-423d-a588-c4482482c7dc
1854,,,Nickel,Nickel,Pending,,10fd1c4f-8fbf-434d-9a54-07706823c8bc
2005D,,State and Territory Quarters,Quarter,Quarter,Pending,,1116fcff-b1b9-4780-9f56-baa6eaa297a8
2009S,,State and Territory Quarters,Quarter,Quarter,Pending,,111b585a-d45c-4172-9e38-6f609e1c3137
1978S,,Roosevelt Dimes,Dime,Dime,Pending,,11277c31-43d1-4d43-b88a-66e429e0deff
1948,,Lincoln Wheat Cent,Penny,Penny,Pending,,1128d6e6-7b67-4da9-9a8b-ded3fbf340e2
2012,S,National Park Quarters,Quarter,Quarter,Pending,,11291dbb-f554-48e3-a070-45bad82e82a5
1918,D,Mercury Silver Dime,1 Dime,1 Dime,Pending,,1157cf94-2638-471a-94e7-d5398fff0918
1915,S,Barber Series,Dime,Dime,Pending,,118a821c-54ba-4b99-8840-9e43ba2f2a5e
1992S,,Roosevelt Dimes,Dime,Dime,Pending,,11c076ff-d2ad-44dc-a8e0-690d5316361a
2024,P,U.S. Innovation Dollar,Dollar,Dollar,Pending,,11e74a1b-ab87-4ad6-a8ed-2e4338e07721
1958,,Washington Silver Quarter,Quarter,Quarter,Pending,,11f23ee9-13a4-4d8a-86e2-8d28151f6942
1892,CC,Morgan Silver Dollars,1 Dollar,1 Dollar,Pending,,11f80363-7c80-4483-93f2-d1ad6b6ec73b
1957,,Lincoln Wheat Cent Series,Penny,Penny,Pending,,11fc103f-7a4b-4e85-afbf-b02ece6d7c7c
1951,S,Lincoln Cent,Penny,Penny,Pending,,11ffb501-7770-4bc8-a66e-fcd7bdec29a3
2019,S,America the Beautiful Quarters,Quarter,Quarter,Pending,,12083c7f-78ea-49e0-abe4-5efa3fcd8e6b
1943,P,Liberty Walking Half Dollar,Half Dollar,Half Dollar,Pending,,120a59ac-d012-4e11-b02f-55ac634bee85
1840,,,Nickel,Nickel,Pending,,1216af14-059a-4a1c-8820-25d4753401be
1934D,,Washington Silver Quarter,Quarter,Quarter,Pending,,12190262-7315-47dd-b106-afdadc79d5a3
1924,D,Buffalo Nickel,Nickel,Nickel,Pending,,125c5b46-8371-4d95-b891-b1c3bbe68252
1978,D,Eisenhower Dollar,1 Dollar,1 Dollar,Pending,,1266e7a0-a18b-40aa-b34a-8a9631567043
2006S,,State and Territory Quarters,Quarter,Quarter,Pending,,12754dba-38c4-4a1c-9721-cc80f1543b27
1910,S,Lincoln Head Penny,Penny,Penny,Pending,,127a17a3-32a2-44dc-8b9b-1764fcb238eb
2003S,,State and Territory Quarters,Quarter,Quarter,Pending,,128150b9-162a-421b-9c69-e7af2d736900
2001P,,Roosevelt Dimes,Dime,Dime,Pending,,128e2cc1-a46d-40e9-a43a-056cce6fe107
1926,,,Nickel,Nickel,Pending,,12c08a83-5f77-49ee-aeff-6deae21d677a
1930,P,Standing Liberty Silver Quarter,Quarter,Quarter,Pending,,12cbe3f6-60ca-477d-a0c3-a801ab50a913
1898,O,Barber,Half Dollar,Half Dollar,Pending,,12e73345-f73a-44ed-ab88-7f434de60da0
1915,D,Barber,Half Dollar,Half Dollar,Pending,,12e8b0ac-b4df-4c05-b802-5c0029022a06
1924,D,Lincoln Cent Series,Penny,Penny,Pending,,12ef94f5-55cd-4ace-b9ca-01cebb9b9313
1974,D,Eisenhower Dollar,Dollar,Dollar,Pending,,12f2f133-92ac-4e29-8253-940b2ae05210
1958D,,Washington Silver Quarter,Quarter,Quarter,Pending,,13149482-1954-4661-8fc5-0fcb48d10877
2011,D,Lincoln Head Penny,Penny,Penny,Pending,,131917f8-9456-4cab-8545-3432613d7253
1917,,Lincoln Wheat Cent,Penny,Penny,Pending,,1324b69d-a3f7-4de6-9392-545237d6617e
1914,,Lincoln Wheat Cent Series,Penny,Penny,Pending,,13253d5c-a5fb-437c-b7fe-82c399b321ce
1937S,,Washington Silver Quarter,Quarter,Quarter,Pending,,1331d8fb-cc46-43dc-afbf-463ce22218fc
1960,D,Lincoln Cent,Penny,Penny,Pending,,134bd05c-70b1-44cf-8432-429cdc52652b
2024,W,American Silver Eagle,Dollar,Dollar,Pending,,1357c449-02f4-40a8-9571-13fcddecfe6b
2020,S,National Park Quarters,Quarter,Quarter,Pending,,1359b204-9b19-4326-bf86-58b38fca2b72
,,Morgan Silver Dollar,1,1,Pending,,136dbcc9-7cd8-4161-b35b-d01fb2488708
2011,D,National Park Quarters,Quarter,Quarter,Pending,,136fc4ac-e8f0-4a67-98cd-ef860f9f60a6
1917,,Lincoln Cent,Penny,Penny,Pending,,1385d695-906d-486e-96ce-01cf76acb2b7
2019S,,Roosevelt Dimes,Dime,Dime,Pending,,138ffdca-f354-49fe-8f0f-3d0cd21dac6e
1967,,Kennedy Half Dollar Series,Kennedy Half Dollar,Kennedy Half Dollar,Pending,,1393f4cc-d0d2-4ca8-ac04-adeddb140cfa
1927,,,Nickel,Nickel,Pending,,13a074b2-ce24-4f26-ad41-ca8eb651b627
1956,,Washington Silver Quarter,Quarter,Quarter,Pending,,13b3c0a2-56f1-456d-be8c-0611adf29681
1911,,Lincoln Head Penny,Penny,Penny,Pending,,13cc226c-5c64-4f89-b42e-d6ec7eb056a6
1930,,Lincoln Wheat Cent Series,Penny,Penny,Pending,,13db4d7c-054e-49aa-a154-73214d625d4f
1983,S,Lincoln Cent Series,Penny,Penny,Pending,,13db7e15-45fb-4efd-bab5-af200349081e
1920,,Lincoln Wheat Cent,Penny,Penny,Pending,,13ecf784-38f6-48b3-831c-58135fa61e46
1902,,Indian Head Cent,Penny,Penny,Pending,,13eea016-bf1f-4d74-91ab-c0d80aca2373
2008,,Lincoln Cent Series,Penny,Penny,Pending,,13f0260d-590e-4963-bcbd-680698b1c2ff
1966,,Kennedy Half Dollar Series,Kennedy Half Dollar,Kennedy Half Dollar,Pending,,13f2d690-ecbf-4753-9aba-1313835e2c3e
1905,,Barber Silver Quarters,25 Cents,25 Cents,Pending,,13fe8327-8109-4c25-95f8-d7f1c99b9915
1980P,,Roosevelt Dimes,Dime,Dime,Pending,,1401f977-a392-446b-a9a4-e554cd32f25f
1974,S,Eisenhower Dollar,Dollar,Dollar,Pending,,141f24d4-34e8-4bd8-9dc9-22b302e8adbf
1969,,Roosevelt Dimes,Dime,Dime,Pending,,1428deb9-2caf-49ab-8722-1091f88cf8f3
1988,D,Lincoln Cent,Penny,Penny,Pending,,14463910-bd09-4886-a466-39b8f8030ea5
1978D,,Roosevelt Dimes,Dime,Dime,Pending,,144c63cc-0d31-41a2-9d5d-0a66b1192a8d
1912,S,Barber Series,Dime,Dime,Pending,,1450b3c7-8114-443d-8ee9-65f56acf403e
2022D,,Roosevelt Dimes,Dime,Dime,Pending,,1473a962-4de2-4e0e-b03d-675bec5795ce
1925,,Lincoln Head Penny,Penny,Penny,Pending,,148adc64-b485-4e31-9805-592b251a26fa
1860,O,,Nickel,Nickel,Pending,,149c95c5-e2ac-4454-87f9-e0b77b11d8fd
2006,S,Kennedy Half Dollar Series,Kennedy Half Dollar,Kennedy Half Dollar,Pending,,149da8f8-1e42-4f90-9e5e-38e6d16ead77
1990D,,Washington Silver Quarter,Quarter,Quarter,Pending,,14a11786-b91d-487f-a077-4f113aa39752
1930,,Lincoln Wheat Cent,Penny,Penny,Pending,,14ad7a61-eed5-4acc-82de-7a498aace9f9
2017,S,Kennedy Half Dollar,Kennedy Half Dollar,Kennedy Half Dollar,Pending,,14bc9446-de8e-4391-932a-fc87cc817fe5
1893,CC,Morgan Silver Dollar,1,1,Pending,,14c3284c-3f2f-494e-910a-f421bf40558c
2008P,,Presidential Dollars,1,1,Pending,,14dd37b9-9211-4077-9a90-7ddca1605140
1950D,,Roosevelt Dimes,Dime,Dime,Pending,,14f3b16e-0a46-4470-b0a6-37f2fe0e5fe9
2023,,Modern Morgan and Peace Silver Dollar Collection,Morgan Silver Dollar,Morgan Silver Dollar,Pending,,14f4d7b1-b6ab-4d9b-9f26-ce370f843917
1872,,Shield Nickel,Nickel,Nickel,Pending,,14f982cf-bc74-4e8c-96e3-9fba9c5c46b1
1999D,,State and Territory Quarters,Quarter,Quarter,Pending,,1504187c-0667-4348-87dc-e2666ce09e1e
1980,D,Kennedy Half Dollar,Kennedy Half Dollar,Kennedy Half Dollar,Pending,,150a2445-dc2b-4f08-b595-122f4203866c
2012,D,National Park Quarters,Quarter,Quarter,Pending,,1512518b-888f-4487-8e17-4ea654c31680
,,Morgan Silver Dollar,1,1,Pending,,1524f8cb-831e-410c-bfd0-0a972cfc2416
1929,S,Buffalo Nickel,Nickel,Nickel,Pending,,15555871-e536-42c2-9cef-063ca5417443
1943,S,Jefferson Nickel Series,Nickel,Nickel,Pending,,1562fab4-d5a4-44bf-8cef-2bb4a026d7fe
1828,,Capped Bust Half Dollar,Capped Bust Silver Half Dollar,Capped Bust Silver Half Dollar,Pending,,159edd15-fc88-45b6-8682-f414378b3e6a
1937,,Lincoln Cent,Penny,Penny,Pending,,15a83ee2-a4e0-4f21-b32b-17cf48ee7cff
1953S,,Roosevelt Dimes,Dime,Dime,Pending,,15ae8d8c-6287-4700-bd2c-63a77900d888
1999D,,State and Territory Quarters,Quarter,Quarter,Pending,,15b7e8bd-7312-439d-b90c-9e9d0fba311e
2009P,,Roosevelt Dimes,Dime,Dime,Pending,,15c15b85-960a-4f20-a999-0eab542e7683
1985,D,Kennedy Half Dollar Series,Kennedy Half Dollar,Kennedy Half Dollar,Pending,,15c8842d-f568-4a37-a894-c9025e328d93
1984D,,Washington Silver Quarter,Quarter,Quarter,Pending,,15f29496-d4d9-4f96-a82a-50a810b88f15
1846,,Braided Hair Large Cents,Large Cent,Large Cent,Pending,,15fea9af-e00c-42b2-bacd-329aaaa370d5
2020,P,Kennedy Half Dollar Series,Kennedy Half Dollar,Kennedy Half Dollar,Pending,,1627a518-9b2e-4767-b8df-9a5e7d23d07b
2006P,,Roosevelt Dimes,Dime,Dime,Pending,,162c3fcf-3769-4c01-80a3-f4af0d4c26f7
1989D,,Roosevelt Dimes,Dime,Dime,Pending,,16388273-9035-42f4-903e-e72033d69926
2023,D,U.S. Innovation Dollar Program,U.S. Innovation Dollar,U.S. Innovation Dollar,Pending,,1643a9ba-6859-4334-a63d-093be628ec8e
1918,,Mercury Dime,Dime,Dime,Pending,,165c8edc-4d0a-4020-8b0a-9504eca83933
1959,,Lincoln Memorial Cent,Penny,Penny,Pending,,1690bd8b-4954-4d5b-a928-0a869a10838f
2001S,,State and Territory Quarters,Quarter,Quarter,Pending,,1694f919-9f10-4aab-ab94-7df29260768a
1904,O,Barber,Half Dollar,Half Dollar,Pending,,169b0456-5dc6-4456-981e-a167d538a9a5
2020,S,National Park Quarters,Quarter,Quarter,Pending,,16ac2ba3-fbfe-43f4-811c-5f7c69188a67
1905,S,Barber,Half Dollar,Half Dollar,Pending,,16c36b9b-e231-4c18-aa51-1d72fe5f7774
2007P,,Presidential Dollars,1,1,Pending,,16c8bee2-12e4-40a0-a557-e82dee6f76dc
2004,D,Lincoln Head Penny,Penny,Penny,Pending,,16de5950-7b9a-44bb-85f9-5ef1f1282e0c
1934,,Lincoln Wheat Cent,Penny,Penny,Pending,,16fb03b2-d6b0-409c-96a5-5712e7f89add
1993,S,Lincoln Cent,Penny,Penny,Pending,,1704ed2b-c39d-40be-b302-b8944b0120d7
1826,,Capped Bust Half Dollar,Capped Bust Silver Half Dollar,Capped Bust Silver Half Dollar,Pending,,172db58d-1598-4dc4-aff2-b7062c82de58
2016P,,Presidential Dollars,1,1,Pending,,1744c2a4-a8af-4988-81c6-c5f072d67478
1946,,Washington Silver Quarter,Quarter,Quarter,Pending,,17469fb3-b724-4662-a728-92614cafefcb
2005S,,State and Territory Quarters,Quarter,Quarter,Pending,,1778e90b-94e2-4942-89a1-ae311e33b881
2007D,,Presidential Dollars,1,1,Pending,,177f55ad-f9ac-4e32-89d3-c98b1ee924a9
2017,S,National Park Quarters,Quarter,Quarter,Pending,,1788de90-afd8-42b3-9912-471d6d44da9c
1999,,American Eagle,Dollar,Dollar,Pending,,17968d0b-d5f2-409b-bd34-9f3cef574912
1973,,Eisenhower Dollar,1 Dollar,1 Dollar,Pending,,17992107-9860-4de2-a7c0-cdec46b65a17
1950,,Franklin Half Dollar,Half Dollar,Half Dollar,Pending,,1799d416-4243-4618-9ed9-0c2e1b0548ba
1884,CC,Morgan Silver Dollar,1,1,Pending,,179fba52-4885-4c8e-9709-31d2d8475d38
2023,P,Native American Dollar Program,Native American Dollar,Native American Dollar,Pending,,179fd2cc-c12e-4145-b4fb-97ac0bac264c
1958,,America Revisited Selection: Time Capsule Year Set,Assorted US Coins,Assorted US Coins,Pending,,17a4d23a-55d7-4cd9-b848-ec8bf6c2d3b8
1911,,Lincoln Cent,Penny,Penny,Pending,,17a8d7bf-aeaa-4c1b-97a9-85dbd77857e5
1859,O,,Nickel,Nickel,Pending,,17d482a1-c5f0-4e6b-b382-08dccefa8205
1954,P,Jefferson Nickel Series,Nickel,Nickel,Pending,,17d50bda-7095-425e-b575-dc5c80869a49
1918,P,Liberty Walking Half Dollar,Half Dollar,Half Dollar,Pending,,17ff781c-e1a8-40d3-8d58-a22fd851cb12
2015D,,Presidential Dollars,1,1,Pending,,18088f05-3e5d-4f20-9068-6c9bbc9a0e74
2005,D,Sacagawea Dollar,1 Dollar,1 Dollar,Pending,,180b3e53-6b29-4bf2-8c19-f03539e62355
1945,S,Washington Quarter,Quarter,Quarter,Pending,,180d24bd-eb57-490f-bc76-e3811a357d4c
1976,D,U.S. Bicentennial,1 Dollar,1 Dollar,Pending,,182302cc-8ada-4fd8-a00f-64c463831c31
2011,P,National Park Quarters,Quarter,Quarter,Pending,,18363910-2d16-4b1c-8df3-f7fcff290b5d
2007S,,Roosevelt Dimes,Dime,Dime,Pending,,185c8093-c128-4d7d-8cc2-c25186b93dc3
2022,D,Native American Dollar,Native American Dollar,Native American Dollar,Pending,,18934e80-36ba-46ec-be5e-4a884daa3845
2004S,,State and Territory Quarters,Quarter,Quarter,Pending,,189df78b-c0f2-46e0-b320-8a9cae2160ec
1887,S,Morgan Silver Dollars,1 Dollar,1 Dollar,Pending,,18e5f9b9-6240-4598-8bbd-515c57cf82af
1935,D,Liberty Walking Half Dollar,Half Dollar,Half Dollar,Pending,,18f22875-669d-4ed7-8c96-983dc00b69d6
2023,S,US Women's Quarters,Quarter,Quarter,Pending,,1905879e-8743-46b1-8533-6b2b720e99ad
1929,,Standing Liberty Silver Quarter,Quarter,Quarter,Pending,,1908a60b-538a-4599-8a5c-b2b28e8e881f
1995,D,Lincoln Cent Series,Penny,Penny,Pending,,1912fdcd-d5b5-456b-9af5-bee8b67aaea1
2021S,,Roosevelt Dimes,Dime,Dime,Pending,,1940190d-6fb5-439a-9134-a45e322a9401
1870,,Liberty Seated,Quarter,Quarter,Pending,,194f9172-68ae-4e19-a4b6-c5236449c154
1965,,Lincoln Cent,Penny,Penny,Pending,,195c736c-ed08-4b1e-b03e-a5e25466bf78
1942,S,Lincoln Cent,Penny,Penny,Pending,,196ea0ca-1181-437b-9f63-3c4c616e31c4
1973,D,Eisenhower Dollar,1 Dollar,1 Dollar,Pending,,196f9db1-34c0-41ed-b693-ddfce9ed6ec2
1920,D,Standing Liberty Silver Quarter,Quarter,Quarter,Pending,,19716adf-1408-4315-a62d-d052967769a1
2014,S,National Park Quarters,Quarter,Quarter,Pending,,1980357e-c41f-47ce-abe2-02cdb9c74b52
2016,S,America the Beautiful Quarters,Quarter,Quarter,Pending,,19951e1e-3b9c-4f86-871a-6d5789968c12
2003S,,State and Territory Quarters,Quarter,Quarter,Pending,,19aa9c89-76d6-44dc-b6ff-58c0fa986e00
1997,S,Kennedy Half Dollar Series,Kennedy Half Dollar,Kennedy Half Dollar,Pending,,19b05f4a-e885-4cb4-bea7-0b91f1906760
1929,D,Mercury Dime,Dime,Dime,Pending,,19bf20a9-5afc-4df5-ad4f-06e09f697799
1966,,Roosevelt Dimes,Dime,Dime,Pending,,19ca3abe-01f1-4a66-b574-f0aab0cbf9f3
1872,P,Liberty Walking Half Dollar,Half Dollar,Half Dollar,Pending,,19d528cd-40f6-4f03-af16-6c57a4c997e1
1898,S,Barber,Half Dollar,Half Dollar,Pending,,19d89d72-81b1-4433-b4e4-13b67949cc93
2008,D,Lincoln Cent,Penny,Penny,Pending,,1a046bf4-fc89-4edd-bd17-b16b961c65f4
2005D,,State and Territory Quarters,Quarter,Quarter,Pending,,1a0543cc-9d7b-49c7-a4de-53438602de20
N/A,,"Liberty Head Half Eagle (with motto, 1866-1908)",$5 ,$5 ,Pending,,1a19af9f-2ef4-4bb4-b8fc-55fff53fdd63
1941,D,Mercury Dime,Dime,Dime,Pending,,1a2dc37b-d180-464b-a5c6-e612448b432c
1958,,Lincoln Cent,Penny,Penny,Pending,,1a35e256-f0fe-4f17-85c1-8283c928f357
1888,,Liberty Seated,Dime,Dime,Pending,,1a3b5324-6a30-4d22-8e7a-f218878a80e7
1834,,Capped Bust,Dime,Dime,Pending,,1a453167-169c-4cc1-8fec-a9b09a9b9a3a
2015D,,Presidential Dollars,1,1,Pending,,1a8d9f50-d20b-4002-9fb1-ac495c9f0068
1979,,Lincoln Memorial Cent,Penny,Penny,Pending,,1a95a88c-2d19-4cea-8a8d-5848e6ac1505
1984,S,Lincoln Cent,Penny,Penny,Pending,,1aaf639d-acdd-47a2-b4db-1dd56c6a8604
1882,,Liberty Seated,Liberty Seated Dime,Liberty Seated Dime,Pending,,1ab9bcaa-9d36-4bb6-b450-92ec2bcc1d99
2016,S,America the Beautiful Quarters,Quarter,Quarter,Pending,,1af08d54-18e0-4b1f-bd0f-b9f1fdd957cf
1992,,Lincoln Head Penny,Penny,Penny,Pending,,1b2c5288-50d3-4b68-95de-a824c96d1c37
1992P,,Washington Silver Quarter,Quarter,Quarter,Pending,,1b3b8645-eb21-4152-ac2c-053ce11ef5d3
2011,S,America the Beautiful Quarters,Quarter,Quarter,Pending,,1b41489f-48ad-4f59-a8c0-2735d6bcd3e0
2018,P,Kennedy Half Dollar Series,Kennedy Half Dollar,Kennedy Half Dollar,Pending,,1b4510bf-3a7f-4d38-b496-fc01e3171f01
1931,,Lincoln Wheat Cent Series,Penny,Penny,Pending,,1b494fee-98da-4493-b721-c55d967f7c3b
1947,,Time Capsule Year Set,"5-Coin Set (Lincoln Cent, Jefferson Nickel, Roosevelt Dime, Washington Quarter, Walking Liberty Half Dollar)","5-Coin Set (Lincoln Cent, Jefferson Nickel, Roosevelt Dime, Washington Quarter, Walking Liberty Half Dollar)",Pending,,1b57264c-cf7e-4571-9b0a-8b8e18e8e764
1974,S,Eisenhower Dollar,Dollar,Dollar,Pending,,1b71d373-6a38-471d-8ea4-2d3fc0c69eff
Multiple,,Morgan Silver Dollar SET,1,1,Pending,,1b8edd54-3863-44e8-b070-67abcd004759
1916,,Lincoln Wheat Cent Series,Penny,Penny,Pending,,1bafc464-ca4c-4161-9412-351482ccca84
1978,,Roosevelt Dimes,Dime,Dime,Pending,,1bd5b828-fc3e-48ae-a77f-9fcc6de5a1a8
1934D,,Washington Silver Quarter,Quarter,Quarter,Pending,,1bf1c80a-7704-4fa1-8aef-f8e8f1ba232d
1962,,Washington Silver Quarter,Quarter,Quarter,Pending,,1c033369-f815-4e0f-8e58-d15a242b6148
1875,S,20 Cent Piece,20 Cents,20 Cents,Pending,,1c11627b-b948-4497-b68a-16786e9e0dce
1934,S,Liberty Walking Half Dollar,Half Dollar,Half Dollar,Pending,,1c266110-2745-4ebe-aa17-6d60b21b9f15
2023,,The Ultimate Modern Morgan and Peace Silver Dollar Collection,Morgan Silver Dollar,Morgan Silver Dollar,Pending,,1c4ed090-2f4c-4308-adc3-1eafd2da5f6f
2012D,,Roosevelt Dimes,Dime,Dime,Pending,,1c5feae5-f2c0-4715-87a1-2c3309409d3e
1942,S,The World War II U.S. Coin Collection,Kennedy Half Dollar,Kennedy Half Dollar,Pending,,1c711f85-1fd1-4281-892a-8064f518b378
2012,D,Kennedy Half Dollar Series,Kennedy Half Dollar,Kennedy Half Dollar,Pending,,1c726c95-0a9d-4767-a0d4-ca2e3a79e9f5
1866,,,1866,,Pending,,1c8e7e49-e355-49b6-a922-a3d96b1ad113
2009D,,State and Territory Quarters,Quarter,Quarter,Pending,,1ca03005-9789-47bc-bf36-f953e0f9d1dd
1935,,Mercury Dime,Dime,Dime,Pending,,1cd2ed52-02c7-41b9-a2ba-40794057fe32
1932,,Lincoln Cent,Penny,Penny,Pending,,1cd9f2fc-9fa7-4d30-ac54-6ca04cae6645
2001,,American Eagle,Dollar,Dollar,Pending,,1cde3996-0ad5-4550-94f6-8219a0b60927
1942,,Washington Silver Quarter,Quarter,Quarter,Pending,,1d17919c-fd60-42d8-9e12-53b2f46f010f
1824,,Capped Bust,Dime,Dime,Pending,,1d3bc837-160f-4ed4-9408-4f30eb116de4
1810,,Capped Bust Half Dollar,Half Dollar,Half Dollar,Pending,,1d41b27f-79c7-4a7b-92c7-45c0846344f0
1876,S,Liberty Seated,Quarter,Quarter,Pending,,1d71bc86-1259-439e-ba4f-fc8c31b868d5
1950S,,Washington Silver Quarter,Quarter,Quarter,Pending,,1d7e9437-befe-45af-9734-70aae4175e33
1923,S,Lincoln Head Penny,Penny,Penny,Pending,,1dc5b9e6-f94f-47b9-9b6f-d8cc04f61b8d
1990S,,Roosevelt Dimes,Dime,Dime,Pending,,1ddf6ed4-4627-40fc-bd6c-15f0dcccf730
1919,,Lincoln Wheat Cent Series,Penny,Penny,Pending,,1e207ad8-8e71-40a5-bfb8-5b54cdec33de
1911,D,Barber,Half Dollar,Half Dollar,Pending,,1e49928f-4091-4288-b505-30e0be514dc9
1824,,THE HALF DOLLAR CLUB SELECTION,Capped Bust Silver Half Dollar,Capped Bust Silver Half Dollar,Pending,,1e57ed56-167d-43ae-a89d-e99d6065fb95
1891,,Liberty Seated Silver Dime,Dime,Dime,Pending,,1e6912c4-78b4-48f0-bd90-da3a5e86a9f3
2021,D,Native American Dollar,Native American Dollar,Native American Dollar,Pending,,1e7a096d-533d-48c8-8de3-5e38a0b3c70c
1957D,,Washington Silver Quarter,Quarter,Quarter,Pending,,1e830e99-4be2-4c9d-836c-0556d572b826
1847,O,Liberty Seated,Half Dollar,Half Dollar,Pending,,1e9037e5-4164-4138-a210-59838977e1f6
2022,S,US Women's Quarters,Quarter,Quarter,Pending,,1e942b54-5b89-414b-9b26-313aea0c4d5f
1900,,Barber Silver Quarters,25 Cents,25 Cents,Pending,,1e9f312c-9579-42a7-93cd-bc44dc3d4ae5
1954,,Franklin Half Dollar,Half Dollar,Half Dollar,Pending,,1ec360ec-726f-45b6-904a-5238ad694562
1914,S,Buffalo Nickel,Nickel,Nickel,Pending,,1ef22837-d815-40e8-a197-e9e179220c05
1998,S,Kennedy Half Dollar,Kennedy Half Dollar,Kennedy Half Dollar,Pending,,1f4f85cb-9d67-402d-9949-c5c8af0bf8d3
1909,D,Indian Head Gold Half Eagle,$5 ,$5 ,Pending,,1f57f944-3f54-4aa3-89d5-255648153771
1922,S,Peace Dollar,Dollar,Dollar,Pending,,1f6e4e14-dba6-4e73-9ff3-80b7cafaccbd
2001D,,State and Territory Quarters,Quarter,Quarter,Pending,,1f731848-7dd5-408b-b066-f3895e3c5aad
,,Morgan Silver Dollar,1,1,Pending,,1fae762d-5227-4d3e-8408-36230fbdc9ac
2012,D,Native American Dollar,1 Dollar,1 Dollar,Pending,,1fb2cf01-a9ae-4b6f-839e-e55415bee689
1971,,Eisenhower Dollar,Dollar,Dollar,Pending,,1fd98ac1-c81a-4282-af63-fb7d669574c5
1957,D,Roosevelt Dime Series,Dime,Dime,Pending,,1fdf3ea5-205d-4dfa-b122-96f584450495
1860,O,Liberty Seated,Half Dollar,Half Dollar,Pending,,1fe91205-41d3-4c37-81f9-4ddb73a0c51c
1939,,Lincoln Cent Series,Penny,Penny,Pending,,1fee85dd-c68b-48ac-a3d4-79e69b193813
1842,,,Nickel,Nickel,Pending,,1ffd4b34-6f92-4fb7-84e9-435a515a7b0b
1976,S,U.S. Bicentennial,Dollar,Dollar,Pending,,1fff118d-9f69-4f8e-8d6c-3c4af2bb5dda
1823,,Capped Bust,Dime,Dime,Pending,,2002fe8a-bf82-4376-8db0-0cada9a9a0fb
1981,,Lincoln Memorial Cent,Penny,Penny,Pending,,2019f123-cccb-4631-928d-7caec1e42c31
1896,O,Morgan Silver Dollars,1 Dollar,1 Dollar,Pending,,202c5f63-5585-4211-ab97-5b9198ff3a98
1892,CC,Morgan Silver Dollars,1 Dollar,1 Dollar,Pending,,20406fb1-7067-48dc-8f17-b9d737e83e7e
2002D,,State and Territory Quarters,Quarter,Quarter,Pending,,20487702-d9e1-40ac-a830-7c34f6504fd9
,,Morgan Silver Dollar,1,1,Pending,,205df06f-98e7-4a38-aeaa-a5997c41effe
1949,D,Mercury Dime,Dime,Dime,Pending,,20724cf8-47bd-4934-a682-4dd2e0f39765
1861,P,Liberty Walking Half Dollar,Half Dollar,Half Dollar,Pending,,20ad0650-00b7-4f99-9241-9f7804f946dd
1894,,Liberty Head Nickel,5 Cents,5 Cents,Pending,,20b7551e-455f-4754-899c-76932993a809
1990,,6-Coin Prestige Proof Set,Proof Set,Proof Set,Pending,,20d8b92d-4de8-4859-9981-b975fe07f83d
2008S,,State and Territory Quarters,Quarter,Quarter,Pending,,20ed0449-3058-460e-b4ff-ac44ca231062
2000D,,State and Territory Quarters,Quarter,Quarter,Pending,,21043874-9aad-449b-b9a8-9e958ef71c21
1865,S,Liberty Seated,Half Dollar,Half Dollar,Pending,,2113b86f-a2c9-4781-b8fd-efb6c7c1a9f6
1923,S,Liberty Walking Half Dollar,Half Dollar,Half Dollar,Pending,,211a90b6-cf6d-46fa-86cc-4cf5283852cf
1894,,Barber,Barber Dime,Barber Dime,Pending,,211ae598-3379-44f2-b0e8-5ee2e7f5b15f
1877,,Liberty Seated,Half Dollar,Half Dollar,Pending,,21235820-8485-449d-a600-0d404af2fb98
1916,PENDING,Barber Series,Dime,Dime,Pending,,2129dcac-2799-4d38-bff0-8900f5b17c59
,,American Gold Eagle,$10 ,$10 ,Pending,,213d6d81-55d3-4d29-bfcf-4929630b5a64
1991S,,Washington Silver Quarter,Quarter,Quarter,Pending,,2169e7dc-4710-4a1a-85df-2a940ecb1cfb
Pending,PENDING,Barber Series,Dime,Dime,Pending,,216a48f3-cf16-4e8a-98d4-820c45e6f93f
1898,S,Morgan Silver Dollar,Dollar,Dollar,Pending,,2177e1a4-e1fd-463a-8ba5-b568180cb8f1
1836,,Capped Bust Dime,Capped Bust Silver Dime,Capped Bust Silver Dime,Pending,,2186f0d2-ad66-4b1e-9e73-5c2a175074f8
1963D,,Washington Silver Quarter,Quarter,Quarter,Pending,,219e4054-93c9-42f5-94c1-c272a228902b
1918,S,Mercury Silver Dime,1 Dime,1 Dime,Pending,,21b197ed-0ccc-4c40-8c1b-991c83fb047c
1920,D,Mercury Silver Dime,1 Dime,1 Dime,Pending,,21ce28c5-81f7-418a-9a9f-3e8fff73f354
1929,,Lincoln Wheat Cent Series,Penny,Penny,Pending,,21ed97fa-5ccb-4aa4-a4af-15f6e35c71cc
1938,,Mercury Dime,Dime,Dime,Pending,,21ef5142-969f-44c5-84dd-0cfb75acee50
1936,,Washington Silver Quarter,Quarter,Quarter,Pending,,21f58810-4c3b-46ae-9f49-d185f60362be
2007,P,Kennedy Half Dollar Series,Kennedy Half Dollar,Kennedy Half Dollar,Pending,,21fb013e-5d1d-485c-8919-5c52e701fd6d
1981,P,Kennedy Half Dollar Series,Kennedy Half Dollar,Kennedy Half Dollar,Pending,,220c1abc-a416-47d6-81de-a0710f3488ec
2015,D,America the Beautiful Quarters,Quarter,Quarter,Pending,,220dc983-230d-41d1-9111-d7f663e21c37
1944,P,Jefferson Nickel Series,Nickel,Nickel,Pending,,220ef447-7e93-4d47-9a49-8f3f8b072fe7
1921,P,Morgan Silver Dollars,1 Dollar,1 Dollar,Pending,,2217f94f-827e-48e5-8e25-9094b019d773
1883,O,Morgan silver dollar,1,1,Pending,,221931be-389e-4c73-936b-6e24c91fe5bc
1903,,Indian Head Cent,Penny,Penny,Pending,,2220ddce-4ae1-4446-be2a-ff972155ae7e
2016S,,Presidential Dollars,1,1,Pending,,222209f5-ac47-4569-a329-ef84ddebe56a
1928,S,Lincoln Head Penny,Penny,Penny,Pending,,222d1563-ba87-4085-ab50-6ae9414dce04
2011D,,Presidential Dollars,1,1,Pending,,223ed2fb-86c4-49df-8bfe-21b45a7b519f
2015,,Lincoln Shield Cent,Penny,Penny,Pending,,22538fe4-f412-4cfa-b846-e00400d64f88
,,American Gold Eagle,$5 ,$5 ,Pending,,225eff64-3701-433c-a59e-58202bb20c05
1918,S,Mercury Dime,Dime,Dime,Pending,,2274d3e6-3701-4840-b720-9ff2c623bed0
2010S,,Presidential Dollars,1,1,Pending,,22839adb-f0ca-44d3-86b5-a2a0b039ce89
N/A,,Liberty Head Nickel,Nickel,Nickel,Pending,,229a5c32-8b00-4920-86cb-eaa95e5e0a15
2013,P,America the Beautiful Quarters,Quarter,Quarter,Pending,,22b179af-ef0b-4f22-97ec-1fb81cf08f3b
1953,,Washington Silver Quarter,Quarter,Quarter,Pending,,22bdaec7-1c14-411b-b287-6d776904f567
2000P,,State and Territory Quarters,Quarter,Quarter,Pending,,22c5d94e-6112-475c-a3ec-9be5c02ea9ab
1975,D,Lincoln Head Penny,Penny,Penny,Pending,,22f3e1a1-dc82-42af-b09a-fb4f79ca6d81
2023,,The Ultimate Modern Morgan and Peace Silver Dollar Collection,Peace Dollar,Peace Dollar,Pending,,22f3e94e-5268-4e03-9717-6a1bbd6fe529
1912,P,Barber Dimes,Barber Silver Dimes,Barber Silver Dimes,Pending,,22f7b0bd-bbab-4659-b240-75d9f8c2156e
1999S,,State and Territory Quarters,Quarter,Quarter,Pending,,22fcb52d-6abc-42ad-9996-5c7faa12569d
1934,,Washington Silver Quarter,Quarter,Quarter,Pending,,23151f3e-e3ba-4e72-a609-d781cb559897
1868,S,Liberty Seated,Half Dollar,Half Dollar,Pending,,2317282b-4c64-403e-ba2c-54ac25c94dba
2012S,,Roosevelt Dimes,Dime,Dime,Pending,,23251af9-9bbc-4441-91f3-10e28bb47249
1850,,Liberty Seated,Quarter,Quarter,Pending,,2332ced5-3bb3-4f5a-bb28-fc6a207a48f9
1913,,Lincoln Wheat Cent,Penny,Penny,Pending,,2334443b-014a-4a00-8866-3dc297fb6e35
2003D,,State and Territory Quarters,Quarter,Quarter,Pending,,235af960-0ecd-4e20-947e-93a69e360719
1949D,,Washington Silver Quarter,Quarter,Quarter,Pending,,2361cbed-d5aa-45a2-bd6c-03fdb3df852c
1961,D,Franklin Half Dollar,Half Dollar,Half Dollar,Pending,,2362f3c3-e293-4c6b-bf14-82f686abf9e5
1974,D,Kennedy Half Dollar,Kennedy Half Dollar,Kennedy Half Dollar,Pending,,236a963d-50c6-4c09-bd2b-63fda33c072a
1986D,,Washington Silver Quarter,Quarter,Quarter,Pending,,238756d9-a43e-4884-8e4a-451a99738d82
2021,D,Native American Dollar Series,Native American Dollar,Native American Dollar,Pending,,238cded8-d13c-4f50-bab0-7c1229b8d71d
2007D,,State and Territory Quarters,Quarter,Quarter,Pending,,238e6fa2-6586-4701-958a-319f94f7a820
2009S,,Presidential Dollars,1,1,Pending,,23ac0e2f-0863-4ea3-b36a-c543958d8eb1
1956,,Roosevelt Dimes,Dime,Dime,Pending,,23bd8882-2dc9-42b1-a696-78fc6c91ed19
1960,D,Lincoln Head Penny,Penny,Penny,Pending,,23c9bc1a-2454-4d22-8e26-4274c8cea405
1893,,Barber,Half Dollar,Half Dollar,Pending,,23eff835-95d6-4b6a-b868-bf3d17ebdf9d
1923,,Lincoln Cent,Penny,Penny,Pending,,23fd496e-963f-4675-9f4b-bc3da9d5a710
1956D,,Washington Silver Quarter,Quarter,Quarter,Pending,,242a9a27-5aed-4379-886b-c2b46b7cb476
1965,,Kennedy Half Dollar,Kennedy Half Dollar,Kennedy Half Dollar,Pending,,2451e503-cd13-493d-8f6e-864b69b6b6a3
2020,P,Kennedy Half Dollar Series,Kennedy Half Dollar,Kennedy Half Dollar,Pending,,246934ec-db72-438d-a7ba-015ab1d877bf
1979,S,Lincoln Cent Series,Penny,Penny,Pending,,24699d63-4905-4446-b184-6c12f45e7498
1962,,Roosevelt Dimes,Dime,Dime,Pending,,246c9744-d94e-4d29-984a-6fd522f47d59
1972,,Washington Silver Quarter,Quarter,Quarter,Pending,,24933757-4b57-4454-8402-4d4304e8f714
1988D,,Washington Silver Quarter,Quarter,Quarter,Pending,,2496b1cc-157c-4470-9fed-dcbc8661709c
1944,,Washington Silver Quarter,Quarter,Quarter,Pending,,24c0a9a3-3367-452f-a43d-66d5432476da
1992S,,Washington Silver Quarter,Quarter,Quarter,Pending,,24c4247d-1d43-4fb7-8cdc-ecc95557d058
1909,P,Barber Dimes,Barber Silver Dimes,Barber Silver Dimes,Pending,,24c4cb97-aacd-42f2-8ec9-edcee04f6013
1937,P,Liberty Walking Half Dollar,Half Dollar,Half Dollar,Pending,,24cda680-36d5-4013-94d4-b9e74a566740
2007P,,Presidential Dollars,1,1,Pending,,24d9f122-13b5-4a19-b9a8-9627dad2ebd0
1977,D,Eisenhower Dollar,Dollar,Dollar,Pending,,24e8e7f2-bb17-423e-adf9-a3be9d278680
1870,CC,Liberty Seated,Dollar,Dollar,Pending,,24f85315-acf8-44a3-b605-67ab92a867a3
1912,,Lincoln Head Penny,Penny,Penny,Pending,,2538f313-d034-48e5-a6d1-3ae557b432d6
1856,,Braided Hair Large Cents,Large Cent,Large Cent,Pending,,255925eb-9af1-4839-b916-36a7c676f88d
2024,D,,Lincoln Cent,Lincoln Cent,Pending,,25ba6091-f3d7-4a88-934c-fbe041465c5a
1994S,,Washington Silver Quarter,Quarter,Quarter,Pending,,25cafeeb-da97-4cc8-aaf5-e9daab3347bc
1893,,Liberty Head Gold Half Eagle,$5 ,$5 ,Pending,,25e4fcd7-1017-4d40-ad47-59a5ad8359b5
2011D,,Presidential Dollars,1,1,Pending,,260481e6-d765-4734-99b8-c5dac968c92f
1976,,Washington Silver Quarter,Quarter,Quarter,Pending,,263202c6-caa7-46e6-b097-6c811eaf8dc7
2001S,,State and Territory Quarters,Quarter,Quarter,Pending,,26547e41-f3af-4430-bd53-389059ca4140
1980,P,Kennedy Half Dollar Series,Kennedy Half Dollar,Kennedy Half Dollar,Pending,,2682303f-3cb8-4306-b4f4-40e3c53e6496
2013,W,American Eagle Two-Coin Set,Dollar,Dollar,Pending,,2690738f-5bf3-4b72-9370-03a0b2b1601a
2023,,Peace Dollar,Dollar,Dollar,Pending,,269ba7b1-47b7-4c08-8ac8-d7d2c35bc5c4
1935,,Mercury Dime,Dime,Dime,Pending,,26b5043d-de47-42b6-9d6e-3da5ceaba4c1
1917,D,Lincoln Head Penny,Penny,Penny,Pending,,26e0e287-05c8-4108-9b01-43943bea7a96
1944,S,Liberty Walking Half Dollar,Half Dollar,Half Dollar,Pending,,270eeb9f-ec62-4843-aa70-ea2eaccc75a8
multiple,,Flying Eagle Cent,Flying Eagle cent,Flying Eagle cent,Pending,,27321715-bc5e-4dff-965a-e405d126bed9
1947D,,Roosevelt Dimes,Dime,Dime,Pending,,2748c765-92ea-4eb8-9355-e990c77c7924
1914,,Barber,Half Dollar,Half Dollar,Pending,,274b9715-da4b-4cf2-9efd-1796d04fb078
1957,,Washington Silver Quarter,Quarter,Quarter,Pending,,2766234a-c5f0-4b57-a90c-f156685501d7
1996S,,Washington Silver Quarter,Quarter,Quarter,Pending,,27857588-04de-414b-a122-9d7fd089ace3
1926,,Lincoln Wheat Cent Series,Penny,Penny,Pending,,27c5fd7a-f4ab-4d3f-9a0f-69ad4842a8e8
1953,,Lincoln Cent,Penny,Penny,Pending,,27da5de0-9165-4dfc-9ae0-c41f181a45b5
1957,,Franklin Half Dollar,Half Dollar,Half Dollar,Pending,,27e1fc13-99ad-44c6-976d-63543b2cf0df
1953,D,Franklin Half Dollar,Half Dollar,Half Dollar,Pending,,27e8f5f6-8598-473e-aad5-e2fbcfffe74b
2015,,Lincoln Head Penny,Penny,Penny,Pending,,280c3088-a880-44c8-9aa9-dc46f4bd696c
1949,,Lincoln Wheat Cent Series,Penny,Penny,Pending,,280f3af5-7403-411b-a7f4-2799b83424d6
2015,S,National Park Quarters,Quarter,Quarter,Pending,,28120cc9-a348-4068-85bf-196bf508ec18
1843,,Liberty Seated,Quarter,Quarter,Pending,,281a4d51-2f24-43a3-9e48-f7932c066f26
2006,,American Gold Eagle,5,5,Pending,,281ba0e9-69f6-432e-816e-654438ba6fd4
1970,,Lincoln Cent Series,Penny,Penny,Pending,,281d37da-58d5-47ae-aaa9-cb9fe0e9101f
1980,P,Susan B. Anthony Dollar,Susan B. Anthony Dollar,Susan B. Anthony Dollar,Pending,,2828568d-08e6-4445-917e-e5d00fb83103
1946D,,Roosevelt Dimes,Dime,Dime,Pending,,282e9065-73fa-4666-93d5-f66696f83df7
1984D,,Roosevelt Dimes,Dime,Dime,Pending,,283007b8-7db3-429c-94e8-679c0a60ae8a
2015D,,Presidential Dollars,1,1,Pending,,283320f8-5da2-4a01-997e-904214e4ee9a
1906,D,Barber Silver Quarters,25 Cents,25 Cents,Pending,,2854ad97-ac57-4eb9-b2d1-b7f6ff2dd714
2013D,,Presidential Dollars,1,1,Pending,,286bc607-acf6-4731-814f-25e0411e3a22
1877,CC,Liberty Seated,Quarter,Quarter,Pending,,2874952d-f5f2-4fdd-9e59-c1d65c868b3a
1914,S,Lincoln Wheat Cent Series,Penny,Penny,Pending,,287834c1-dee1-4c87-8976-8de12012a413
2005P,,State and Territory Quarters,Quarter,Quarter,Pending,,28840db9-661e-4c4d-a3fb-5223f3cb610d
2016,P,Native American Dollar,1 Dollar,1 Dollar,Pending,,28ce6579-6024-4e27-85d7-ee12e5a975e1
2019,P,National Park Quarters,Quarter,Quarter,Pending,,28de3be3-cc57-497b-a745-ab1d86d8586a
2020D,,Roosevelt Dimes,Dime,Dime,Pending,,28e4ccae-bde7-4d6c-96c8-d62f98f17fcc
2024,,American Innovation Dollar,Dollar,Dollar,Pending,,28fbdb6d-d11f-41e8-ac07-21dfe1b704a0
2023,D,Native American Dollar,Native American Dollar,Native American Dollar,Pending,,28fdabe8-0c9e-47fa-ae9b-19c9586a1001
N/A,,Liberty Head Nickel,Nickel,Nickel,Pending,,2903ee22-fc82-47b8-ae0a-26cb796ea815
2020,,American Innovation Dollar,Dollar,Dollar,Pending,,290fa2de-beb3-4fa8-95f4-5b106ed87a1d
2003,W,American Eagle,Dollar,Dollar,Pending,,2910b2ba-9580-40a5-b65c-2d75d086a297
1955,,Roosevelt Dimes,Dime,Dime,Pending,,291b8ce1-0a7c-469b-a2fd-94716017424e
2000,S,Lincoln Cent,Penny,Penny,Pending,,29204d2a-6e66-4840-a64a-e228ed9ee570
1910,,Lincoln Wheat Cent Series,Penny,Penny,Pending,,292099e2-13a8-4bf3-b7b8-660ecda00d11
1893,CC,Morgan Silver Dollar,1,1,Pending,,292277f9-a2c9-42a8-98fb-7c1ae46ccfe2
1972,S,Lincoln Cent,Penny,Penny,Pending,,292560fe-a29e-46c8-a722-1138d09a768c
1920,S,Standing Liberty Silver Quarter,Quarter,Quarter,Pending,,29260314-7422-4e39-8e8a-4f8a425ba862
2012,P,National Park Quarters,Quarter,Quarter,Pending,,296a3918-8caf-42a1-bdf1-0ae6bf14bd86
1971,,Roosevelt Dimes,Dime,Dime,Pending,,297279cf-5d20-489e-a99d-1975865d6dab
1971,D,Eisenhower Dollar,1 Dollar,1 Dollar,Pending,,29789c64-8014-4b8b-9554-193654d70512
1976,S,U.S. Bicentennial,Dollar,Dollar,Pending,,29aa9c54-2dc2-4ffa-94d7-48862afad42f
2015S,,Presidential Dollars,1,1,Pending,,29bbd0ea-8897-4c28-a48f-5810ea4818c0
2013,D,Lincoln Cent Series,Penny,Penny,Pending,,29d1cc5b-4252-4bf3-b179-0f828aae119f
1964,,Washington Silver Quarter,Quarter,Quarter,Pending,,29e9cc61-a096-4e48-a1ec-49da25aa56c8
2004D,,Roosevelt Dimes,Dime,Dime,Pending,,29ea8a85-c7b8-4aad-a31e-0431ae4e1d0d
1960,,Lincoln Memorial Cent,Penny,Penny,Pending,,29ea9792-6697-4b04-9d10-ec7bf11e2ad5
1920,,Lincoln Head Penny,Penny,Penny,Pending,,2a1f8847-c6b4-41d6-a2a8-b7b5bb0e265b
1898,,Morgan Silver Dollar,Dollar,Dollar,Pending,,2a514e0f-bf56-45ad-ac55-bbb140804cdb
2016D,,Presidential Dollars,1,1,Pending,,2a5c0572-d3ec-4f4f-850e-2cab0358115b
1952,S,Franklin Half Dollar,Half Dollar,Half Dollar,Pending,,2a988ead-6cca-4e24-9233-43b2ccacda17
1974,D,Lincoln Memorial Cent,Penny,Penny,Pending,,2a99b097-cb55-4c37-a8f4-a965e1622b65
1858,O,Liberty Seated,Half Dollar,Half Dollar,Pending,,2a9acc48-17e6-4aeb-a00c-1f782aa368cf
1951,,Franklin Half Dollar,Half Dollar,Half Dollar,Pending,,2aaff4f2-ece4-4520-8868-c8d46f2031a7
1951,,Franklin Half Dollar,Half Dollar,Half Dollar,Pending,,2abaf2e4-1b09-4373-836d-4e34cb775e31
2008D,,Presidential Dollars,1,1,Pending,,2ac8a049-7029-4cb5-a10d-9841de769db6
1937,,Washington Silver Quarter,Quarter,Quarter,Pending,,2b11171d-8921-43c6-86b7-9b28e349ff17
Multiple,,Morgan Silver Dollar,1,1,Pending,,2b11cb2b-d8f7-4e92-aeda-09871302d46f
1819,,THE HALF DOLLAR CLUB SELECTION,Capped Bust Silver Half Dollar,Capped Bust Silver Half Dollar,Pending,,2b164dc6-2369-442d-9045-8ac8d2d7633a
1958,,Roosevelt Dimes,Dime,Dime,Pending,,2b1cde37-dcc5-4278-a0b3-ea22be921ee6
2002,D,Lincoln Cent Series,Penny,Penny,Pending,,2b25d9cf-9527-4e6b-94ee-364a6cb9b468
1871,,,Nickel,Nickel,Pending,,2b46d48b-ae23-4d7f-81ed-b8e89c460955
2018,,American Silver Eagle,American Silver Eagle Dollar,American Silver Eagle Dollar,Pending,,2b4d2813-8cdd-4732-89df-61050bfcdce8
2000,D,Lincoln Cent Series,Penny,Penny,Pending,,2b5556d8-d4b6-41b9-b7c7-f50ddbdb2698
1918,D,Mercury Dime,Roosevelt Dime,Roosevelt Dime,Pending,,2b893a11-ede4-4540-99ca-d130f786a34a
1935,,Lincoln Wheat Cent Series,Penny,Penny,Pending,,2b9688f0-8ab5-4304-9895-4603bbd62cae
2000S,,State and Territory Quarters,Quarter,Quarter,Pending,,2bb3be68-4146-4cd6-bfac-a4c524f0a18a
1964,,Lincoln Cent Series,Penny,Penny,Pending,,2bc25e0e-df84-405f-a0a7-89e6e4c89d5a
1901,PENDING,Barber Series,Dime,Dime,Pending,,2bc83e64-87e7-43bf-8cfd-a8b70448d1e7
1974,,Lincoln Cent,Penny,Penny,Pending,,2c010734-1c67-4a39-bc3c-f2780416f51a
1938,D,Mercury Dime,Dime,Dime,Pending,,2c20c5bd-160b-4aa7-82fe-55639415c085
2007,W,American Eagle,Dollar,Dollar,Pending,,2c454a9e-17e6-41d6-9a7b-5d1780e054c0
1912,S,Barber Dimes,Barber Silver Dimes,Barber Silver Dimes,Pending,,2c68f0d4-86af-42d1-862e-9907fe01a488
2018,P,America the Beautiful Quarters,Quarter,Quarter,Pending,,2c94d14b-da3b-423e-a9bd-a24dc6f1db81
1913,P,Barber Dimes,Barber Silver Dimes,Barber Silver Dimes,Pending,,2cb78b7e-871f-439e-bbc6-09d41790ab5b
1825,,,Capped Bust Silver Quarter,Capped Bust Silver Quarter,Pending,,2cbd679d-811e-401c-b8db-86a3425faa12
1911,,Barber,Half Dollar,Half Dollar,Pending,,2cbd7ad0-dbec-4798-9b19-88ffa734309c
2012P,,Presidential Dollars,1,1,Pending,,2cc11853-760a-497a-99e0-466a0d3f49ca
1924,,Lincoln Cent,Penny,Penny,Pending,,2cc470ae-dbef-4905-8484-13202e567200
1849,O,,Nickel,Nickel,Pending,,2ce59c63-0597-471e-ae56-84f0e1fd707a
1942,,Lincoln Wheat Cent,Penny,Penny,Pending,,2ceb5339-a305-4a50-95a5-f70a2220240a
2018,,"silver eagles ,1 of 1000 set, FDOI signed by Tom Cleveland",1,1,Pending,,2cf3151b-be8a-45e1-8d98-b335a1edcf9b
1942,P,Liberty Walking Half Dollar,Half Dollar,Half Dollar,Pending,,2d0dfeb9-bcaf-47eb-9027-ccc976d71f6f
1952,,Lincoln Wheat Cent Series,Penny,Penny,Pending,,2d141511-abe2-41ec-8276-9a91c4076200
2009D,,Presidential Dollars,1,1,Pending,,2d42d603-2cdd-4322-bdfa-c69d20163bb8
2024,,Celebrating America Coin Collection,Washington Quarter,Washington Quarter,Pending,,2d47f4dc-2893-44d3-8d35-33d6ecf215fb
1999P,,Roosevelt Dimes,Dime,Dime,Pending,,2d542fc4-7e29-4559-a430-3a52f20bcadc
2003S,,State and Territory Quarters,Quarter,Quarter,Pending,,2d5bafac-d0ca-4ae8-a4df-07915b735dae
2007,,American Eagle,Dollar,Dollar,Pending,,2de49444-0c6c-46ea-9e4b-9066f0459978
1905,PENDING,Barber Series,Dime,Dime,Pending,,2de72925-d0e7-465e-ba2b-46ac94ad9812
1935D,,Washington Silver Quarter,Quarter,Quarter,Pending,,2df1b84c-e20e-4021-b081-18e4fd323bc4
,,Lincoln Head Wheat Cents,Penny,Penny,Pending,,2e030e4a-0fc2-4428-ba6e-c2da70ad8ae0
1974,S,Eisenhower Dollar,Dollar,Dollar,Pending,,2e17b559-4eb3-4a77-8a21-8e3161dae699
1945D,,Washington Silver Quarter,Quarter,Quarter,Pending,,2e236018-5c73-470c-8bda-084ae7332aac
2011P,,Presidential Dollars,1,1,Pending,,2e333ec1-bf2d-4228-b535-5cdc2608b0e7
2007P,,Presidential Dollars,1,1,Pending,,2e3e25f3-0f54-4e17-9ffd-ee8466fa0a24
2006,W,American Eagle,Dollar,Dollar,Pending,,2e570c38-aba5-4a59-870e-b9056c167548
2007D,,Presidential Dollars,1,1,Pending,,2e662442-0da2-49b9-ad80-9d3c5acaba2d
2022,P,Native American Dollar,Native American Dollar,Native American Dollar,Pending,,2e6f3ee9-3d89-4b1b-bb8a-de623895d7d6
1870,,,1870,,Pending,,2e822906-c26a-4dd3-8fda-d61d10989660
1912,,Barber Silver Quarters,25 Cents,25 Cents,Pending,,2e8b3129-2b53-4976-946d-445589aad881
1988S,,Washington Silver Quarter,Quarter,Quarter,Pending,,2e8bcae3-0b46-4571-b580-73552b004676
1907,,Barber,Half Dollar,Half Dollar,Pending,,2ec5d431-cbde-402a-84bd-e457c7833f63
1996D,,Washington Silver Quarter,Quarter,Quarter,Pending,,2f1d2421-e5ef-4db7-b86e-c157f110657d
1853,,,Nickel,Nickel,Pending,,2f366b4e-ae0d-4039-9045-b3dfd6043471
1979,,Washington Silver Quarter,Quarter,Quarter,Pending,,2f3e1d8a-1f8f-41f4-a5bf-7f0dfe8d66d1
1985,,Lincoln Cent Series,Penny,Penny,Pending,,2f45497c-5297-4aed-9250-074b4f97d877
1989S,,Washington Silver Quarter,Quarter,Quarter,Pending,,2f48a4d1-4435-47f8-8e36-f3fbcb96df1d
1901,,Indian Head Cent,Penny,Penny,Pending,,2f527d26-67b6-4173-81c4-3dfd37e1b07c
1927,S,Lincoln Head Penny,Penny,Penny,Pending,,2f598dd6-c9bf-42db-a507-1980f3366130
1891,CC,Morgan Silver Dollars,1 Dollar,1 Dollar,Pending,,2f624e0e-eb11-4933-89ac-ec497b7bffb9
1904,O,Morgan Silver Dollars,1 Dollar,1 Dollar,Pending,,2f64460f-3da8-4ee4-be4c-3c704a85d57b
1937,,Mercury Dime,Dime,Dime,Pending,,2f935aec-7ddf-447a-8219-6c6026d6e880
1890,,Liberty Seated Silver Dime,Dime,Dime,Pending,,2f967d19-6f28-4716-adc5-36677edd9ddf
1905,,Barber,Half Dollar,Half Dollar,Pending,,2fb46b9d-c8c5-4f85-84d6-7c2dc643aa68
1951D,,Washington Silver Quarter,Quarter,Quarter,Pending,,2fcd2445-e8c9-440f-a543-d5b2513288b1
1983S,,Roosevelt Dimes,Dime,Dime,Pending,,3012e2a8-806c-4569-80c8-5acdc3f8ab67
1981,S,Eisenhower Dollar,Dollar,Dollar,Pending,,302240a8-5f37-43ce-b215-9a00349cfddf
1896,,Liberty Head Nickel,Nickel,Nickel,Pending,,302787c1-3a2e-4dfe-ad3e-aa189638d5a8
1887,,Morgan Silver Dollars,1 Dollar,1 Dollar,Pending,,30315426-7b3c-4656-b6a1-8997d5f6c1da
1894,S,Barber,Half Dollar,Half Dollar,Pending,,30396902-ceb8-4c12-93b5-53f160840340
1840,,Liberty Seated,Quarter,Quarter,Pending,,303e6dae-d2a7-4e39-b2c5-72ea2c80d1db
2019,D,Native American $1 Coin Program,Native American $1 Coin,Native American $1 Coin,Pending,,304dd485-fe36-479a-985d-bf726fad9f17
1978,S,Eisenhower Dollar,Dollar,Dollar,Pending,,306ac562-2c2e-4138-afae-0c598a9d9893
1925,D,Buffalo Nickel,Nickel,Nickel,Pending,,306edde0-d975-4588-ad25-623d9a989e26
2014P,,Presidential Dollars,1,1,Pending,,30934720-0378-4b5e-9a81-12fed087f57f
1869,,,1869,,Pending,,30a88fa5-4791-4d49-89bf-d40d45bc5a3e
2017,P,National Park Quarters,Quarter,Quarter,Pending,,30c3df79-5e92-4cfe-af2d-c1d6955c1cb7
1828,,Capped Bust Half Dollar,Capped Bust Silver Half Dollar,Capped Bust Silver Half Dollar,Pending,,30f95196-427e-42f3-be13-2317a01066e6
1982D,,Washington Silver Quarter,Quarter,Quarter,Pending,,312923b4-c33a-444e-b307-d4f2ca13e042
1923,,Peace Dollar,Dollar,Dollar,Pending,,316038e5-6b32-4644-87a5-12026218861c
2021,D,Native American Dollar,1 Dollar,1 Dollar,Pending,,31644c75-7dbc-46df-ab45-80817ac0778c
1858,O,Liberty Seated,Quarter,Quarter,Pending,,31855e30-0e36-4678-ad31-bc75ce44c144
2004,,Lincoln Cent Series,Penny,Penny,Pending,,318cfa60-1811-451b-980b-97d0d2976af3
2021,,American Silver Eagle Program,American Silver Eagle Dollar,American Silver Eagle Dollar,Pending,,31b0719b-f54a-4c54-8ade-66f83e8aaa6b
2019,P,National Park Quarters,Quarter,Quarter,Pending,,31ba1d27-08ed-4e5e-aa68-43230fef5644
1914,,Barber Silver Quarters,25 Cents,25 Cents,Pending,,31e09259-47e9-4e39-83cf-7116eb3a98fa
1925,S,Lincoln Cent,Penny,Penny,Pending,,31e227e8-66b5-4aa2-9d2a-599ef1ff65c3
2008D,,Presidential Dollars,1,1,Pending,,31eeab3b-7767-413e-b32f-50b60f232828
1925,,Lincoln Wheat Cent Series,Penny,Penny,Pending,,3209567f-9850-4817-8d7e-25ded4d391ba
,,Morgan Silver Dollar SET,1,1,Pending,,320e8d05-f13a-4047-a453-0f6a04544e15
1907,P,Barber Dimes,Barber Silver Dimes,Barber Silver Dimes,Pending,,321139d1-3f1f-4202-8116-be3cadf01f6d
2019,P,National Park Quarters,Quarter,Quarter,Pending,,321cd46a-d181-48f9-9d81-ed410a08a7cd
1842,,Braided Hair Large Cents,Large Cent,Large Cent,Pending,,321eae49-755a-4711-8f5c-375d26ca5931
1928,,Last Seven Philadelphia Buffalo Nickels Set (1928-1937),Jefferson Nickel,Jefferson Nickel,Pending,,3221836e-e902-4d6b-a4d7-1dc8f5956842
2011P,,Presidential Dollars,1,1,Pending,,322743ff-7ef0-43ac-b1b1-b880e7aa426a
1890,CC,Morgan Silver Dollar,1,1,Pending,,32305d77-733b-4d1f-b029-48fba1daf6bf
1958,,Lincoln Wheat Cent Series,Penny,Penny,Pending,,32390e7b-3875-4a6a-a630-cbae3e378698
2022,S,US Women's Quarters,Quarter,Quarter,Pending,,325680d6-cf8d-40ad-9067-12ba64e34cf8
1934O,,Washington Silver Quarter,Quarter,Quarter,Pending,,3270ee2a-917a-4467-896b-058afbeefd93
,,Morgan Silver Dollar,1,1,Pending,,3276fa91-d2ef-4f96-93c8-6b92939f171e
1842,,Liberty Seated,Dollar,Dollar,Pending,,328e5c4f-756f-4f39-9493-7a740720ac64
1937,,Lincoln Cent Series,Penny,Penny,Pending,,329d8ec3-e9d8-4cad-a480-8ad28ba2f619
2020,P,Kennedy Half Dollar Series,Kennedy Half Dollar,Kennedy Half Dollar,Pending,,32b05aff-3c03-419e-aa5c-69f92c9bd35b
1871,P,Liberty Walking Half Dollar,Half Dollar,Half Dollar,Pending,,32b0a5fb-dd54-4d75-af6f-f17428bb0561
1990,S,Kennedy Half Dollar Series,Kennedy Half Dollar,Kennedy Half Dollar,Pending,,32c0fa3d-ed36-4422-98e0-885e34110695
2002P,,State and Territory Quarters,Quarter,Quarter,Pending,,32c580a9-1248-49db-a1ee-98eb46f5a456
1999P,,State and Territory Quarters,Quarter,Quarter,Pending,,32cd06d8-1a80-469b-ae09-cfbc5f1d2d6d
2016D,,Roosevelt Dimes,Dime,Dime,Pending,,32df45cf-59e2-4396-adde-ef9ae51c814a
2012P,,Presidential Dollars,1,1,Pending,,32df4c4e-a913-46db-a84f-f061a276177b
2007D,,Presidential Dollars,1,1,Pending,,32e4e658-a1c1-444f-a7f6-6b296bda2bdc
1882,CC,Morgan Silver Dollar,1,1,Pending,,32e96aca-94db-46a4-89af-90f0ebd6bc16
1960,,Lincoln Cent,Penny,Penny,Pending,,32ef37c1-68e2-4552-9717-e7204cdd3bb8
1998S,,Roosevelt Dimes,Dime,Dime,Pending,,32f46181-01ce-43ef-a4a4-e381720e0be4
1972,D,Eisenhower Dollar,1 Dollar,1 Dollar,Pending,,33213e3a-7b75-453c-9434-284c348c6bfa
2013,S,America the Beautiful Quarters,Quarter,Quarter,Pending,,332d02ec-73bf-4db4-a5fc-27f094aafb4b
2006,S,Sacagawea Dollar,1 Dollar,1 Dollar,Pending,,3335816b-f54b-4691-8fee-a105fadb11bf
1996,D,Lincoln Cent,Penny,Penny,Pending,,33361209-cd7e-481b-89ad-23d5b4923b08
2010,S,America the Beautiful Quarters,Quarter,Quarter,Pending,,334fb77b-a493-4f03-b1d9-cf6dc7d450c3
2019,P,National Park Quarters,Quarter,Quarter,Pending,,33657049-825b-4ef2-82a1-2d3af617a226
1921,,Lincoln Wheat Cent Series,Penny,Penny,Pending,,33677eb6-bc5a-4d7f-b15c-42289273adc1
2012,P,National Park Quarters,Quarter,Quarter,Pending,,336df822-edf4-4fdd-92fb-c6ce35884ea8
1885,,,1885,,Pending,,3396a17b-ded9-4c84-ad61-1b6b0dd00d5f
1947S,,Roosevelt Dimes,Dime,Dime,Pending,,33bdb81a-9b6e-47af-8db9-54b4b97e3736
1997,,Lincoln Cent Series,Penny,Penny,Pending,,33bfe326-5d5f-4957-a9ae-e70bda05835a
1936,,Lincoln Cent,Penny,Penny,Pending,,33d259d5-b3f4-4a69-a9e2-1de5ca422d6f
1935,,Washington Silver Quarter,Quarter,Quarter,Pending,,33e5b5e1-521d-4571-bbb5-94bcc44110ca
2013S,,Presidential Dollars,1,1,Pending,,33f4d06b-744f-48bb-a5a1-f8f9c42df1f1
1941,S,Mercury Dime,Dime,Dime,Pending,,342b7a52-0877-4327-97ef-137872e4d84c
2014,P,America the Beautiful Quarters,Quarter,Quarter,Pending,,343df895-1dfb-490a-b111-0fc9e7105921
2010D,,Presidential Dollars,1,1,Pending,,3469db6f-adce-4de1-a98e-476cf9d13c85
1948,S,Lincoln Cent,Penny,Penny,Pending,,3484e92d-0977-4eae-8adb-b4cea2c4de3e
1998,,Lincoln Head Penny,Penny,Penny,Pending,,34990626-4a49-4c3d-8522-17d49f85c5c6
1844,,Liberty Seated,Quarter,Quarter,Pending,,349ec531-33c3-4417-ab4e-e616db8f9d02
1957,,Washington Silver Quarter,Quarter,Quarter,Pending,,34b6d2b2-482a-48b5-8a7b-5044c0364d3e
1929,D,,Lincoln Cent,Lincoln Cent,Pending,,34c99831-4488-48ca-ab0e-0d93ac3a8b49
2007,W,American Eagle,Dollar,Dollar,Pending,,34cdd79c-e85f-4683-a98d-e3a8534637d1
1948D,,Washington Silver Quarter,Quarter,Quarter,Pending,,34dae2b4-7824-4002-a8f0-12c15dd3302b
1933,,Lincoln Cent,Penny,Penny,Pending,,34ebdc4a-a202-4c39-bcc4-0d4138c01ee6
1928,,Standing Liberty Silver Quarter,Quarter,Quarter,Pending,,34f95486-2d87-4ad0-9989-c80a749089c7
1854,,Liberty Seated Silver Dime,Dime,Dime,Pending,,3516dbdf-d703-40f2-a57f-014b7e2a4cb4
1966,,Jefferson Nickel Series,Nickel,Nickel,Pending,,351ec8e1-9436-4f2f-aa94-db01a667dcb2
1984,S,Kennedy Half Dollar,Kennedy Half Dollar,Kennedy Half Dollar,Pending,,353f7e79-5f5e-4881-8f9b-2d9f8d96a4ea
1954,D,Franklin Half Dollar,Half Dollar,Half Dollar,Pending,,35403675-d504-4e83-999d-3a93c7ad8f63
1924,S,Lincoln Head Penny,Penny,Penny,Pending,,354ef63f-4ea8-45c5-a4ae-393e3b8ad864
2017,S,Kennedy Half Dollar,Kennedy Half Dollar,Kennedy Half Dollar,Pending,,35551020-fdfd-4961-bda3-c2a282a2b86d
1911,,Liberty Head Nickel,Nickel,Nickel,Pending,,359a31ed-e8ca-4c71-a97b-cf994c818946
1849,,Braided Hair Large Cents,Large Cent,Large Cent,Pending,,35a6d98f-9967-4545-b101-5ef2f5901edf
1902,,Morgan Silver Dollars,1 Dollar,1 Dollar,Pending,,35c248d9-da91-4308-9af9-eb3b2b207303
1958,D,Franklin Half Dollar,Half Dollar,Half Dollar,Pending,,35c6320e-710d-4c71-9a01-5891ec81df52
1937,S,Mercury Dime,Dime,Dime,Pending,,35d38f40-7963-4843-969c-5e32fbdc5ca4
1859,,Liberty Seated,Half Dollar,Half Dollar,Pending,,35dcb6b6-eac9-4e50-a298-16918331dff7
1895,S,Barber,Half Dollar,Half Dollar,Pending,,35e23aac-ae36-4ff6-b3b9-90b712967baf
1938,,Liberty Seated Silver Dime,Dime,Dime,Pending,,35e67ace-9ffa-48fe-bb3c-fbc4ef684da4
1936,S,Mercury Dime,Dime,Dime,Pending,,35edbe7e-4d21-411a-9892-5a4e792b6f79
2024,S,Kennedy Half Dollar,Kennedy Half Dollar,Kennedy Half Dollar,Pending,,35eeb0f5-08ff-4b89-83ea-dc89af973778
1895,O,Barber,Half Dollar,Half Dollar,Pending,,35efb2ec-6022-415e-bbc4-7aa1caefab68
1930,S,Mercury,Mercury Dime,Mercury Dime,Pending,,360267eb-0cf5-4fc0-bc08-a2349beb6a5f
1999S,,State and Territory Quarters,Quarter,Quarter,Pending,,36052e0a-9cc5-49d6-9b9c-874c08e1069e
1982,D,Lincoln Head Penny,Penny,Penny,Pending,,36069d6d-908e-4a3d-9e58-edd1108f24de
2015D,,Presidential Dollars,1,1,Pending,,360bb6d3-17d3-4ce3-9854-e4cb0a177f0b
1893,O,Morgan Silver Dollars,1 Dollar,1 Dollar,Pending,,3612e7f5-1264-4272-b524-eab6a5f92088
1939,D,Mercury Dime,Dime,Dime,Pending,,3614408d-f5b8-403a-806d-3ac1b1160336
1971,S,Lincoln Cent,Penny,Penny,Pending,,361b9c2f-35ca-4e07-b9ac-02d77208a30b
2005,S,Sacagawea Dollar,1 Dollar,1 Dollar,Pending,,361f5d87-7458-4d3b-b24c-4cebccc1d33b
2008S,,Presidential Dollars,1,1,Pending,,3626d16e-8ad5-499a-8d00-a315ae6e2934
1835,,Capped Bust Half Dollar,Capped Bust Silver Half Dollar,Capped Bust Silver Half Dollar,Pending,,363420bf-07ea-4c09-a74e-43f7aaecdb90
1906,D,Barber Half Dollar,Half Dollar,Half Dollar,Pending,,3644bc22-7314-4e82-a0ef-148f4d7a4f80
2007P,,State and Territory Quarters,Quarter,Quarter,Pending,,3644d778-7a15-4273-90a6-4a85c7d0d229
1974,S,Eisenhower Dollar,1 Dollar,1 Dollar,Pending,,36500840-9116-423f-ba94-fb64292f98e1
2003S,,State and Territory Quarters,Quarter,Quarter,Pending,,3666fadf-111c-49a8-827a-a85b8c69b58e
2013,P,America the Beautiful Quarters,Quarter,Quarter,Pending,,366719e0-88ff-401d-a548-81a2ba355ab7
1969D,,Roosevelt Dimes,Dime,Dime,Pending,,3670a0f4-e967-4292-bfd4-9b70934ded5c
1972,,Lincoln Cent,Penny,Penny,Pending,,367f1865-6738-48af-98a4-12e6dc72a0bb
1903,S,Barber,Half Dollar,Half Dollar,Pending,,368c92d7-e86a-476b-8935-49d2e4c035c5
,,Morgan Silver Dollar,1,1,Pending,,3691ab04-d60d-417f-9345-62e375f2ed2d
2003S,,Roosevelt Dimes,Dime,Dime,Pending,,369c8dd4-f42e-4fe1-83a3-cccfc9d8990e
2007,D,Sacagawea Dollar,1 Dollar,1 Dollar,Pending,,36b9e59b-ed78-416c-ac25-99c77740183b
2007S,,State and Territory Quarters,Quarter,Quarter,Pending,,370932b7-8893-4a8a-b035-f85dd39e932c
1953,P,Jefferson Nickel Series,Nickel,Nickel,Pending,,371f933a-a077-49b4-9c08-9bcf1da93fb9
1965,,Jefferson Nickel Series,Nickel,Nickel,Pending,,37304346-c079-40fa-852b-4e2d672ed6e7
2020,S,National Park Quarters,Quarter,Quarter,Pending,,3740b837-06ee-4aea-8a79-e420b9956d6f
2008D,,Presidential Dollars,1,1,Pending,,37500ef1-6faa-4b48-b4f5-e1b9569b045c
1914,D,Barber Dimes,Barber Silver Dimes,Barber Silver Dimes,Pending,,37757e3c-42d8-411a-aeed-6615db5a9f84
2019,S,National Park Quarters,Quarter,Quarter,Pending,,3780f4f9-383d-45bc-beb9-5df9ca3f9931
1843,,,Nickel,Nickel,Pending,,37b9d1dc-e231-4792-a862-4ac9b9736a44
1998,,THE U.S. NICKEL COLLECTION,Nickel,Nickel,Pending,,37bda890-269b-4fe7-9126-ceaddbfdf395
1883,,Morgan silver dollar,1,1,Pending,,37becb41-f213-4d15-831e-93a53ff29227
,,Morgan Silver Dollar,1,1,Pending,,37c24eaf-656e-491f-ac75-798b930551cf
1891,S,Morgan Silver Dollars,1 Dollar,1 Dollar,Pending,,37d1bf17-ebc4-4698-ab8e-eef05e556e34
1972,S,Lincoln Cent Series,Penny,Penny,Pending,,37ddd823-9949-4d84-82c2-9b202da62eb7
1919,D,Lincoln Head Cent,Penny,Penny,Pending,,37f5d82f-77ed-4220-a90f-6ad2f6b257b5
,,Liberty Head Gold Half Eagle,$5 ,$5 ,Pending,,38092792-a476-4587-ac00-84637033bbd5
1883,CC,Morgan Silver Dollars,1 Dollar,1 Dollar,Pending,,3809f46d-223d-4c7f-b9e5-5b4f262ead49
1861,,,Nickel,Nickel,Pending,,3819614f-cad1-4640-9075-c37873fd420d
1926,D,Standing Liberty Silver Quarter,Quarter,Quarter,Pending,,381e4c8a-bcb5-4a5c-ad36-048c9c76035e
1882,O,Morgan Silver Dollar,Dollar,Dollar,Pending,,382abccb-3fbd-4f1b-8f3d-99b9234f3e16
2007,W,American Eagle,Dollar,Dollar,Pending,,38302cb3-a4ea-4d63-91cc-fd2a40ffd5a5
2020,S,Kennedy Half Dollar Series,Kennedy Half Dollar,Kennedy Half Dollar,Pending,,385353c4-467b-45e2-8d5b-b882c7054c6c
1935,P,Liberty Walking Half Dollar,Half Dollar,Half Dollar,Pending,,385624ac-869a-4776-80d4-104ac86057d7
1889,O,Morgan Silver Dollar,Dollar,Dollar,Pending,,385cf028-82a4-4dd8-9605-e87d5495800d
2021,S,Native American $1 Coin Program,Native American $1 Coin,Native American $1 Coin,Pending,,3885ba86-1c74-4024-b6d7-4ef257566ffa
2020,D,Kennedy Half Dollar Series,Kennedy Half Dollar,Kennedy Half Dollar,Pending,,3890679f-a664-4359-9e86-1c912e34f7d2
1870,,Shield Nickel,Nickel,Nickel,Pending,,38b1db44-5636-4ed8-acb5-530c30052210
1953,,Lincoln Wheat Cent,Penny,Penny,Pending,,38b6b997-9ef4-4328-8027-5ce548bbea52
1976,S,U.S. Bicentennial,1 Dollar,1 Dollar,Pending,,38d5386b-73d1-4257-8227-1503d8cb0c34
1993,D,Lincoln Cent,Penny,Penny,Pending,,39022734-0253-45f9-a1a0-89610c785137
2017,S,National Park Quarters,Quarter,Quarter,Pending,,3916f36a-10a6-49dc-b5dd-b21d8ce13c4b
1941,S,Lincoln Head Penny,Penny,Penny,Pending,,3921708f-cbeb-45c6-95b3-8f31749ea70c
2019,S,National Park Quarters,Quarter,Quarter,Pending,,39276fe9-d9c5-4c00-a3e0-562be7bdadf2
1969,S,Lincoln Cent,Penny,Penny,Pending,,392acb67-784d-422b-a927-e024b0193d80
2011,D,Lincoln Cent Series,Penny,Penny,Pending,,39326d0a-bf42-44f1-b0de-173aee31258e
1925,D,Lincoln Cent,Penny,Penny,Pending,,394a805d-fc92-4c7e-a5da-e97d23383c7c
2000,S,Kennedy Half Dollar,Kennedy Half Dollar,Kennedy Half Dollar,Pending,,39520341-c049-4558-a7dd-60ae0d5b78a0
2024,S,,Roosevelt Dime,Roosevelt Dime,Pending,,3992a76a-5289-484e-bacc-96a507a83f20
2006,D,Lincoln Cent Series,Penny,Penny,Pending,,399d0bd2-523c-476e-8408-1a3172ae32e6
1978S,,Washington Silver Quarter,Quarter,Quarter,Pending,,39a76417-03c5-4e2e-8038-fdeeff5ba996
1913,S,Barber Series,Dime,Dime,Pending,,39b03bc7-175f-4ad0-bab6-859ee90aa73d
,,Celebrating America Coin Collection, Celebrating America Coin Collection,,Pending,,39b04e68-45a8-4b80-9c88-d0901d621e20
1943,,Mercury Dime,Dime,Dime,Pending,,39b9c6d7-69c9-4b67-bae1-5f0a75f8f670
1923,,Lincoln Cent,Penny,Penny,Pending,,39c32ea4-3481-4a72-ad4a-37225bff0e40
1934,,Lincoln Wheat Cent Series,Penny,Penny,Pending,,39c4f879-3f4b-44f5-8e71-005b3e41c867
1845,,Liberty Seated Quarter,Quarter,Quarter,Pending,,39ece764-5fe9-459e-b1e2-e4174b8fe542
2015P,,Presidential Dollars,1,1,Pending,,39efb58e-f431-4074-bab9-f9764611a0bf
2009D,,State and Territory Quarters,Quarter,Quarter,Pending,,3a037cef-7c42-4da5-8fdb-1a2a8e5d7e70
1992,D,Lincoln Head Penny,Penny,Penny,Pending,,3a0cb83d-f33c-44db-8151-63b1fa11143a
1958,D,Lincoln Cent,Penny,Penny,Pending,,3a23ee17-ecc9-4413-b686-e4a391c019f9
1859,,Liberty Seated,Half Dollar,Half Dollar,Pending,,3a29edab-5514-4e6c-9702-7c18c8bb1cc5
2009S,,State and Territory Quarters,Quarter,Quarter,Pending,,3a4fe65f-4381-4e9b-bd99-4a5126ef1cda
1999,P,Kennedy Half Dollar Series,Kennedy Half Dollar,Kennedy Half Dollar,Pending,,3a80a991-a654-4ba9-86b2-3f366200304c
1889,S,Morgan Silver Dollars,1 Dollar,1 Dollar,Pending,,3aabda57-5738-4603-b566-535874db940a
1947,,Roosevelt Dimes,Dime,Dime,Pending,,3ab07ad9-84a4-4590-9ed0-9d1d8c9ee7df
1964,D,,Kennedy Half Dollar,Kennedy Half Dollar,Pending,,3afe347a-e58c-4104-a80c-6c711c6be604
1997,,Washington Silver Quarter,Quarter,Quarter,Pending,,3afe4bee-aabe-4728-b843-a4727bbda015
2024,S,Proof Set,2024 Proof Set,,Pending,,3b200a2b-4fac-4f20-86db-7d3ae3b37403
1989,D,Lincoln Cent Series,Penny,Penny,Pending,,3b2bfc26-6162-4fd1-88d8-aa6b105606fe
1924,D,Lincoln Head Penny,Penny,Penny,Pending,,3b2f1cda-48b1-4faf-9ef7-8b3c1d747565
1934,D,Mercury Dime,Dime,Dime,Pending,,3b3c955e-ea9c-43f5-94ea-feea93bb8ece
1952D,,Roosevelt Dimes,Dime,Dime,Pending,,3b80a540-c0dc-4c10-b2d2-670bc823391e
1920,,Mercury Dime,Dime,Dime,Pending,,3b86ee81-3c58-4f2e-85e0-1ad46e566aef
1862,,Liberty Seated,Half Dollar,Half Dollar,Pending,,3ba6a5b6-c863-4711-918e-04f4459ba652
1964,,Historic U.S. Silver Half-Dollars,Kennedy Half Dollar,Kennedy Half Dollar,Pending,,3ba91d40-d1e1-49c6-a59d-68d2a3df87b7
2008D,,State and Territory Quarters,Quarter,Quarter,Pending,,3bd17145-b823-4c8f-9aeb-a3dc1868f587
1964,,Kennedy Half Dollar,Kennedy Half Dollar,Kennedy Half Dollar,Pending,,3bdb6eb5-bb5e-41bd-a4fd-67d39e6fd76b
2016P,,Presidential Dollars,1,1,Pending,,3be9d555-6b0f-49c3-ae67-135f78e9b22e
1911,D,Barber Dimes,Barber Silver Dimes,Barber Silver Dimes,Pending,,3beb3978-b129-49d9-95e9-f085ba5f4122
1996P,,Washington Silver Quarter,Quarter,Quarter,Pending,,3bec512f-2df5-4908-b928-494d060d4677
1936,,Buffalo Nickel Series,Nickel,Nickel,Pending,,3bf1560c-b7db-44e8-8ef2-bbb13a400c66
1856,O,Liberty Seated,Half Dollar,Half Dollar,Pending,,3bf1f012-6ef7-4024-9022-3e3d79f1f62e
1915,,Lincoln Cent,Penny,Penny,Pending,,3bf95909-13ba-41a6-ad68-10e00c5f8f9a
1907,O,Barber Silver Quarters,25 Cents,25 Cents,Pending,,3c0c32a8-b908-4a74-b6ef-cb0ed561b6f2
1999,S,Kennedy Half Dollar,Kennedy Half Dollar,Kennedy Half Dollar,Pending,,3c38c571-25ee-4b37-ad3c-9b113c3cf618
2015,S,National Park Quarters,Quarter,Quarter,Pending,,3c479e5f-cbb2-4af8-876d-ae3e418d043d
1990,P,Kennedy Half Dollar,Kennedy Half Dollar,Kennedy Half Dollar,Pending,,3ca085d9-dfde-4881-bb76-c88d0087d959
2013,S,National Park Quarters,Quarter,Quarter,Pending,,3ca707b0-8183-420e-896f-be8353a9fe7f
1952,D,Jefferson Nickel Series,Nickel,Nickel,Pending,,3cc14ac3-f71b-4a17-8a83-d3f0255d30d4
1977,D,Eisenhower Dollar,Dollar,Dollar,Pending,,3ccaa52d-b1b3-40f6-a70e-521036a70716
1916,,Lincoln Head Penny,Penny,Penny,Pending,,3cd9d661-8a5e-4f42-b34f-7fbf6d2d0517
1911,S,Lincoln Cent,Penny,Penny,Pending,,3cda7299-d418-4763-8a51-363fbcd0e834
2014D,,Presidential Dollars,1,1,Pending,,3d19f9d7-acd9-4cfb-9d34-fc9fe45c9b62
1973,S,Eisenhower Dollar,1 Dollar,1 Dollar,Pending,,3d890897-dc2e-406e-a4e2-1a4873eda5d3
1913,PENDING,Barber Series,Dime,Dime,Pending,,3d8ab15e-b121-475e-85ea-6fff7588db75
2011,,Lincoln Head Penny,Penny,Penny,Pending,,3d92b96c-57e3-4726-81d4-69d3fb4cae23
1882,O,Morgan Silver Dollars,1 Dollar,1 Dollar,Pending,,3da45a87-b5af-42da-bee0-283c80390033
2020,S,National Park Quarters,Quarter,Quarter,Pending,,3da4bccd-5859-4be1-9294-4dbff51706cf
1957,D,,Franklin Silver Half Dollar,Franklin Silver Half Dollar,Pending,,3db02d6f-6c72-4582-8020-df2774e6eeb8
1999S,,Roosevelt Dimes,Dime,Dime,Pending,,3ddf65fe-4e72-4a60-b48e-b5b162b11868
1869,S,Liberty Seated,Half Dollar,Half Dollar,Pending,,3de9519e-5648-4074-ac56-9ec1a22613c4
2017,,Silver eagle signed by Tom Cleveland,1,1,Pending,,3df3e2fd-f041-4893-94f9-51843388bb94
1906,,Barber,Half Dollar,Half Dollar,Pending,,3df3ed5f-89c2-4bdc-a829-ff428a014a27
2001,P,Sacagawea Dollar,1 Dollar,1 Dollar,Pending,,3dfc73bb-574c-4154-9c1c-89ba89e888a1
1977S,,Roosevelt Dimes,Dime,Dime,Pending,,3e3c16ea-b2be-4b2f-b739-a3daa9c00ebb
2021,D,American Innovation Dollars,1 Dollar,1 Dollar,Pending,,3e4233e8-1b06-439f-917c-958112ffc5ca
1832,,Capped Bust Half Dollar,Capped Bust Silver Half Dollar,Capped Bust Silver Half Dollar,Pending,,3e432e18-af65-4b04-9bbf-e45122905eb7
1995,D,Lincoln Cent Series,Penny,Penny,Pending,,3e45b67d-2381-441c-bff4-6b0992d1611e
1907,S,Barber Silver Quarters,25 Cents,25 Cents,Pending,,3e59bb11-a315-4ab2-8354-b2219e898215
2021,D,Native American Dollar,1 Dollar,1 Dollar,Pending,,3e5c0bb5-6625-4923-b0ad-a8667216f8ca
1996S,,Washington Silver Quarter,Quarter,Quarter,Pending,,3e713a72-293c-4201-8b65-2598f92a6f73
2023,,Ultimate Modern Morgan and Peace Silver Dollar Collection,Peace Dollar,Peace Dollar,Pending,,3e745714-c2f3-4be8-bceb-653c1a316a68
1912,S,Lincoln Wheat Cent Series,Penny,Penny,Pending,,3eb56085-eadf-49bd-bd01-7e68b967fcf8
1915,,Lincoln Wheat Cent Series,Penny,Penny,Pending,,3eb9315e-abdd-421f-816f-d09b559d0ff0
1914,D,Lincoln Cent,Penny,Penny,Pending,,3f1342f0-69af-4efc-aa17-d056fe7798ca
1926,S,Peace Dollar,Dollar,Dollar,Pending,,3f27cb7d-53e0-43f8-8542-d699264d0a99
1894,S,Morgan Silver Dollar,Dollar,Dollar,Pending,,3f4e3972-e228-4dc5-bc79-667f3156ffab
1998D,,Washington Silver Quarter,Quarter,Quarter,Pending,,3f749ecc-964c-4a34-977a-6ccca5872e9a
1943,S,Jefferson Nickel Series,Nickel,Nickel,Pending,,3f841744-7bd5-418e-9b8a-85196763c5d1
2011,P,National Park Quarters,Quarter,Quarter,Pending,,3f8713d3-2b72-4615-8121-c9a56ce6338c
2018,S,,Kennedy Half Dollar,Kennedy Half Dollar,Pending,,3f99c59a-5426-4282-9a0c-219d1d697ed8
1887,,Morgan Silver Dollar,Dollar,Dollar,Pending,,3fbe4c82-6b76-494c-8a82-56f2f7b3d1b6
1829,,Classic Head,Half Cent,Half Cent,Pending,,3fd1fca6-5d49-4023-991d-ec2289e3486f
1916,,Lincoln Wheat Cent Series,Penny,Penny,Pending,,3fd94d56-6a6c-4ce7-8bb3-6526a3db5d31
1938,P,Liberty Walking Half Dollar,Half Dollar,Half Dollar,Pending,,3fec61a4-d657-437f-b6ba-834d23d009f8
2020,S,,Roosevelt Dime,Roosevelt Dime,Pending,,4008a904-d23c-4b6b-980c-9ea0875ffda6
1937,,Lincoln Wheat Cent,Penny,Penny,Pending,,400d1399-109f-4523-a081-0c0a4e1e17b5
1856,O,Liberty Seated,Quarter,Quarter,Pending,,4015e7f9-7aa7-445f-a328-3eebcccda5e8
2023,P,U.S. Innovation Dollar,Dollar,Dollar,Pending,,401772a5-df24-467e-b4eb-eb8365400237
1996D,,Roosevelt Dimes,Dime,Dime,Pending,,403dde24-130b-4c9c-9b34-9985a313a72d
1935,S,Liberty Walking Half Dollar,Half Dollar,Half Dollar,Pending,,403e1342-5686-4491-92ee-29a222362f1b
2020,P,National Park Quarters,Quarter,Quarter,Pending,,4059a970-dea6-47a3-bfd2-3068d9a30b26
1857,O,Liberty Seated,Quarter,Quarter,Pending,,4068878e-d8e3-48bd-bc47-fa23fc536660
1934,,Lincoln Wheat Cent Series,Penny,Penny,Pending,,407c3e2a-54d1-47b3-adcb-eb92554c3f39
2022,P AND D,US Women Quarters,Quarter,Quarter,Pending,,40ac4547-9b04-4b66-81d9-f5d9b577c662
2006S,,Roosevelt Dimes,Dime,Dime,Pending,,40bf8e07-ee1b-4498-a7e8-13b4d3893d0f
2018,S,,Kennedy Half Dollar,Kennedy Half Dollar,Pending,,40d4f6d8-e58b-4d8b-a403-a3b340bd418c
2020,S,National Park Quarters,Quarter,Quarter,Pending,,40ed22a3-c14d-4c40-b656-7706bf85eb25
1907,S,Barber Dime,Dime,Dime,Pending,,411f77bc-9d0c-48da-a996-3f8b68cb0a6b
,,America's First Small-Size,Lincoln Cent,Lincoln Cent,Pending,,41311159-536d-4c3b-acd8-62597572cc8f
1898,S,Barber Silver Quarters,25 Cents,25 Cents,Pending,,4137c801-5c29-417e-b506-a507ac1d1216
2017,P,National Park Quarters,Quarter,Quarter,Pending,,413b115b-4060-4ff6-bc39-87fb642be067
2014D,,Presidential Dollars,1,1,Pending,,4155d72b-1922-40f2-81db-3eab34723128
1930,S,Lincoln Cent,Penny,Penny,Pending,,4161c299-6b4f-4c27-a225-e39772cbafa9
1935,,Lincoln Wheat Cent Series,Penny,Penny,Pending,,416c26b1-1118-4b5c-9308-f72d53c39e39
1895,S,Barber Silver Quarters,25 Cents,25 Cents,Pending,,41764e2e-1c06-4970-91bb-ba8a84cbf2da
1927,D,Standing Liberty Silver Quarter,Quarter,Quarter,Pending,,417c0900-b437-452c-8ba3-e78fe9386b25
1972,S,Kennedy Half Dollar,Kennedy Half Dollar,Kennedy Half Dollar,Pending,,4198d208-a2dd-4ac7-a69e-025dc3857289
1964,,Lincoln Head Penny,Penny,Penny,Pending,,41a14d48-0655-48c0-89c5-7079968b75ea
1987,,American Eagle,Dollar,Dollar,Pending,,41b85a0f-58e9-40bc-9bb2-1b66431bdbbd
1973,,Eisenhower Dollar,Dollar,Dollar,Pending,,41c3b012-0737-4180-a883-632ceb413d31
1978,,Lincoln Head Penny,Penny,Penny,Pending,,41f35ea4-dcac-4ee6-b646-626891fd42c7
2007D,,State and Territory Quarters,Quarter,Quarter,Pending,,42175ccc-6af2-45ca-85c1-9992344aabd4
1971,S,Eisenhower Dollar,1 Dollar,1 Dollar,Pending,,4228ebd9-8618-45ae-ade0-cd249c7eeb45
1930,D,Lincoln Cent,Penny,Penny,Pending,,4239fd06-d4bb-4dfb-a03d-c47c503f3811
1985P,,Roosevelt Dimes,Dime,Dime,Pending,,4259e61e-9598-4dce-bd87-ccaa4750740e
1859,S,Liberty Seated,Quarter,Quarter,Pending,,42661a8a-778e-4088-a48d-5742281f3744
2023D,,Roosevelt Dimes,Dime,Dime,Pending,,426b8f52-67c6-4d63-b147-57f8700f46c5
1968,S,Lincoln Cent,Penny,Penny,Pending,,427cde1a-6c58-4781-a751-e66de94e4eff
2021,P,Kennedy Half Dollar Series,Kennedy Half Dollar,Kennedy Half Dollar,Pending,,4288c747-c456-48bc-a93c-3a5502e57fad
2005S,,State and Territory Quarters,Quarter,Quarter,Pending,,428dd278-f2ec-4630-9399-4f18a63b0bc7
1952,,Franklin Half Dollar,Half Dollar,Half Dollar,Pending,,428fbeec-d95c-42f9-9ab3-199ba6edcbe1
1894,O,Morgan Silver Dollars,1 Dollar,1 Dollar,Pending,,4293fc6d-33d2-4049-8347-ddbb450431e2
2019,S,America the Beautiful Quarters,Quarter,Quarter,Pending,,42a592a2-34e3-470f-85d1-f2af37877db5
1850,O,Liberty Seated,Half Dollar,Half Dollar,Pending,,42adeea3-3f5d-4b13-a821-fa2dfa28081d
1936,D,Mercury Dime,Dime,Dime,Pending,,42b6ca74-6780-404e-a0dc-5dc03afff87c
1973,D,Eisenhower Dollar,Dollar,Dollar,Pending,,42c00cb2-5e26-4157-bbe8-e0c1bd019836
1846,,Liberty Seated,Quarter,Quarter,Pending,,42c9ad26-e840-491a-a27d-c9b1ecd7d4d5
2010D,,Roosevelt Dimes,Dime,Dime,Pending,,42f51adb-46c6-46f2-a37b-53b986ddb6d3
1938,,Time Capsule Year Set,5-Coin Set,5-Coin Set,Pending,,42fa434c-53a9-4fd1-ab89-93b4e8ddb8eb
1903,O,Barber Series,Dime,Dime,Pending,,4308c6be-27b1-4c6d-9f1d-851518b05617
2011,S,Lincoln Cent,Penny,Penny,Pending,,43139662-205a-4f73-b151-5a4e573e92e7
1964,D,,Kennedy Half Dollar,Kennedy Half Dollar,Pending,,43369c95-eef6-424a-a545-718ee1275677
2010P,,Presidential Dollars,1,1,Pending,,433caeae-9a8f-4dad-a412-4d66ad000627
2007D,,Presidential Dollars,1,1,Pending,,43476ff1-3cd7-447b-9e75-61cc449a636c
1945,S,Jefferson Nickel Series,Nickel,Nickel,Pending,,435ee6ce-f932-4838-ae84-85a594b41091
1988,S,Lincoln Cent,Penny,Penny,Pending,,435f97aa-4c88-4189-9ea7-3aaf89e38c43
2008S,,State and Territory Quarters,Quarter,Quarter,Pending,,4362793e-80f2-4450-ba99-dfbdd193ad42
1902,,Barber Silver Quarters,25 Cents,25 Cents,Pending,,436961bf-6fc0-48fa-9ae5-699428cec050
2022,S,US Women's Quarters,Quarter,Quarter,Pending,,436b9142-8544-4922-b0e3-083b25681753
1922,,Peace Dollar,Dollar,Dollar,Pending,,43a7eab9-cc3a-4280-9609-f01225add81b
2013P,,Presidential Dollars,1,1,Pending,,43c0e83b-65fe-4ee8-b385-f7a875743359
2017,S,National Park Quarters,Quarter,Quarter,Pending,,44112a00-1d83-4fe3-a707-07f65249773f
2024,S,Kennedy Half Dollar,Kennedy Half Dollar,Kennedy Half Dollar,Pending,,44327617-0c6a-4144-83dd-aae5e5bea99c
1923,,Lincoln Wheat Cent Series,Penny,Penny,Pending,,4434045b-cc2f-432a-8572-7d248bda4d91
1886,S,Morgan Silver Dollars,1 Dollar,1 Dollar,Pending,,44a6f55c-0638-4446-b8fc-b14aa43fd660
2010,P,Native American Dollar,1 Dollar,1 Dollar,Pending,,44b5bbeb-a072-43f4-90eb-d4b373daa727
1979,,Roosevelt Dimes,Dime,Dime,Pending,,44cafdc9-9b00-41c5-9fbc-7331a76bf1e2
2010P,,Presidential Dollars,1,1,Pending,,44cb56e4-78fa-4190-bf15-037d15fd3bd3
1887,,,1887,,Pending,,44d81853-f14f-472d-bfb1-f6682e5a98a1
1931,,Lincoln Wheat Cent,Penny,Penny,Pending,,44f11c0a-be67-4f33-8cb0-450c077ab2bb
1897,,Morgan Silver Dollars,1 Dollar,1 Dollar,Pending,,44fc009a-2736-4d2a-9c51-47bde2e7cdd5
1971,S,Eisenhower Dollar,Dollar,Dollar,Pending,,4534f6bd-0833-4ee1-8b7c-d03a090e1e73
1952,D,Franklin Half Dollar,Franklin Half Dollar,Franklin Half Dollar,Pending,,4545090d-34f0-4337-8fec-220a33ae98ef
1949,D,Franklin Half Dollar,Half Dollar,Half Dollar,Pending,,454e5e8a-ac71-4d04-846a-b28fb5c57a8e
1976,,Lincoln Head Penny,Penny,Penny,Pending,,454ec607-a6f4-445a-915e-9ec46546323c
2018,P,National Park Quarters,Quarter,Quarter,Pending,,456713d7-12bc-4c97-aa75-b1e9b42cbd2a
1937,D,Mercury Dime,Dime,Dime,Pending,,457f2758-8b47-4d2f-a934-60a3152fd9a9
1880,,Liberty Head Gold Half Eagle,$5 ,$5 ,Pending,,4599d1ab-fd58-44c6-ad2f-82d72c4a704e
1964D,,Washington Silver Quarter,Quarter,Quarter,Pending,,45c5efc3-10e7-4c89-8992-d7f19284e9e0
1916,S,Lincoln Head Penny,Penny,Penny,Pending,,45c5f177-a896-415e-88c4-21fc6ac3a8cd
1920,D,Liberty Walking Half Dollar,Half Dollar,Half Dollar,Pending,,45c751dc-8a89-4522-b742-9fab6929c20d
2001S,,Roosevelt Dimes,Dime,Dime,Pending,,45ce0522-9587-40cc-b272-1221edea3aa8
1946,D,Lincoln Head Cent,Penny,Penny,Pending,,45dd28b7-9448-4e1c-b192-2a0407835dc1
1908,D,Barber Series,Dime,Dime,Pending,,45e34115-3d28-48d8-a1a9-5ff835a0c6d4
1880,CC,Morgan Silver Dollars,1 Dollar,1 Dollar,Pending,,45f213d8-d441-4d71-9148-23ccd1427632
2023,,American Silver Eagle,Dollar,Dollar,Pending,,45fd10f1-05a3-43d4-aa3a-f3ce78cc59ac
1981,S,Lincoln Head Penny,Penny,Penny,Pending,,45fe4c88-4b85-4a6a-8704-47fda9b9b516
1995,S,Lincoln Cent Series,Penny,Penny,Pending,,45fef7b3-341f-490e-a948-97a8a15b0eed
1917,,Lincoln Head Penny,Penny,Penny,Pending,,4606353d-63ef-48ab-a285-cef9e895ccfc
1845,,Liberty Seated Silver Quarter,1/4 Dollar,1/4 Dollar,Pending,,461d6017-a131-461c-90ab-970f41a29783
1878,CC,Liberty Seated,Quarter,Quarter,Pending,,46235144-bc2b-4e53-9747-30e3c8594a9e
1818,,Large Cent,Penny,Penny,Pending,,4628781c-219f-40fd-b5be-5cee7a372def
1926,,2.50 American Sesquicentennial Gold,2.5,2.5,Pending,,4648dbc9-96d4-42fe-abc7-4a6885784cf6
2014,D,America the Beautiful Quarters,Quarter,Quarter,Pending,,46506d7a-63a6-4a94-a8fd-a8cf44aaaf21
1855,,Liberty Seated,Quarter,Quarter,Pending,,465b7110-1548-4b18-b794-b4756f7f799c
1987D,,Washington Silver Quarter,Quarter,Quarter,Pending,,4660b122-8bd7-4712-b433-6c79ff3c2b30
1858,S,Liberty Seated,Half Dollar,Half Dollar,Pending,,468f97df-b410-4eea-83ee-28b3eb9bf90f
2015P,,Presidential Dollars,1,1,Pending,,46a8a2b2-fe61-4a84-b451-90b037de13c9
1905,P,Barber Dimes,Barber Silver Dimes,Barber Silver Dimes,Pending,,46ae04d6-ece2-4009-a901-e3f72a6eeea8
1911,D,Barber Series,Dime,Dime,Pending,,46e801eb-b730-4548-862b-eef548c7e075
2019,S,America the Beautiful Quarters,Quarter,Quarter,Pending,,46f8e358-a311-4445-afe6-e156a354cdb5
1922,D,Buffalo Nickel,Nickel,Nickel,Pending,,47375770-14fb-4de1-9553-f3f64e72d23e
2018S,,Roosevelt Dimes,Dime,Dime,Pending,,4743fb5b-8d41-46d8-b75e-379914aea73b
1883,O,Morgan Silver Dollars,1 Dollar,1 Dollar,Pending,,47608acd-28e5-491e-9ef5-04608d84d536
1942,,Lincoln Cent,Penny,Penny,Pending,,477f6fe4-5cd9-4717-ae97-d7cf54a8a46d
1951,,Roosevelt Dimes,Dime,Dime,Pending,,47997c9e-c2fc-4f13-a177-ce456f8e7f96
2015P,,Presidential Dollars,1,1,Pending,,47ebf9d0-13dd-4432-91cb-adda1ead8532
1881,,Liberty Seated Silver Dime,Dime,Dime,Pending,,481750ac-57df-4a48-bedf-f2c833454425
1902,,Liberty Head Nickel,Nickel,Nickel,Pending,,48223f36-2668-4250-8146-0a3358b3400f
1955,S,Lincoln Cent,Penny,Penny,Pending,,4827bbb0-2dfe-4a33-995f-7a40d265285e
1988D,,Roosevelt Dimes,Dime,Dime,Pending,,483734a3-2aa5-41cb-b410-3a62e4cf3431
1948,D,Liberty Walking Half Dollar,Half Dollar,Half Dollar,Pending,,483ac568-7c15-442b-a0a6-16e55ca9784d
1971,,Washington Silver Quarter,Quarter,Quarter,Pending,,483b3e46-1851-4ca4-b325-e12787f6dd5a
1930,,Lincoln Cent Series,Penny,Penny,Pending,,486302cb-14eb-4cc7-9a5c-102901e6e7cd
1853,,Liberty Seated,Quarter,Quarter,Pending,,4882ad8d-05b6-4ef6-8829-cafa16310346
1959,,Washington Silver Quarter,Quarter,Quarter,Pending,,489470b4-93ab-404e-a336-d2126019152d
1934,,Washington Silver Quarter,Quarter,Quarter,Pending,,48990634-2c4d-4ae0-8261-aeff85ca24f2
1873,,Liberty Seated Silver Dime,Dime,Dime,Pending,,48abd19e-3181-48dc-b261-8512414f414d
1838,,,Nickel,Nickel,Pending,,48b2efb4-433d-4487-a3bb-eb48ecaafc8b
1921,,Lincoln Head Penny,Penny,Penny,Pending,,48d99bc1-6447-4798-b9eb-3ea43b1b14c6
1982P,,Roosevelt Dimes,Dime,Dime,Pending,,48fbe991-cda6-419a-9ce0-e6dacb2036a2
2023,D,U.S. Innovation Dollar,Dollar,Dollar,Pending,,4912fde7-e7ea-494a-a9ec-a2685d0e6a68
1987,P,Kennedy Half Dollar,Kennedy Half Dollar,Kennedy Half Dollar,Pending,,491b3864-3319-432a-812b-ebe3aed3c2ec
1837,,Liberty Seated,Half Dime,Half Dime,Pending,,493cf925-c763-4d17-ae2d-5a306a3cdcb0
1950D,,Washington Silver Quarter,Quarter,Quarter,Pending,,49747b5e-3b66-4fca-8227-d35197fdd21b
,,Morgan Silver Dollar,1,1,Pending,,498a9adf-54b3-4946-97e0-5b226095c608
1956,,Time Capsule Year Set,5-Coin Set,5-Coin Set,Pending,,498fb5a4-54d5-4aad-b945-250b1d90c7df
1972,,Eisenhower Dollar,Dollar,Dollar,Pending,,499d5bc3-5484-4c9d-be39-90a722a7ebbc
1985,D,Lincoln Cent,Penny,Penny,Pending,,49d3b9df-0b2c-468a-bb53-23a51c8ea224
1921,,Lincoln Cent Series,Penny,Penny,Pending,,49f02843-fb81-4b99-b25d-0992e6d4d761
1828,,,Capped Bust Silver Quarter,Capped Bust Silver Quarter,Pending,,49fa041d-325d-4cb7-b2cf-82e24d7add33
1946,S,Lincoln Head Penny,Penny,Penny,Pending,,4a209231-430a-4f10-afa1-c8cb217d0ee0
1932,D,Buffalo Nickel,Nickel,Nickel,Pending,,4a25a201-83d0-4c69-9c04-7574f9d5bdf7
1905,S,Barber Silver Quarters,25 Cents,25 Cents,Pending,,4a44a8e0-524b-4e64-a1b5-2546498a9aba
1949,,Franklin Half Dollar,Half Dollar,Half Dollar,Pending,,4a574699-1062-46e4-9982-ff9bd6f6618b
2013,S,America the Beautiful Quarters,Quarter,Quarter,Pending,,4a57e74a-74c9-49b3-b669-f40f2e04b185
1874,,Liberty Seated,Quarter,Quarter,Pending,,4a60665c-a320-475a-8e6b-ef81e7c224b5
1917,,Lincoln Wheat Cent Series,Penny,Penny,Pending,,4a92ad6d-ea0c-420c-b496-0ea1be0d35d6
1938,,Lincoln Cent,Penny,Penny,Pending,,4a94d72c-9f84-4632-b71c-1544b4777cc8
1955,S,Lincoln Cent,Penny,Penny,Pending,,4a98c754-a572-4d5e-8e2b-4cb0650655d9
2023,S,Kennedy Half Dollar,Kennedy Half Dollar,Kennedy Half Dollar,Pending,,4a9f25ba-5e00-4a23-9f70-038f603d3031
1940,,Washington Silver Quarter,Quarter,Quarter,Pending,,4ab3e096-391a-4d3b-8e45-fe78dc9ff405
2017D,,Roosevelt Dimes,Dime,Dime,Pending,,4ab4957b-4dfd-48d0-9c0a-f02e04ae73fb
,P,Standing Liberty Quarter,Washington Quarter,Washington Quarter,Pending,,4ab5f020-8ee9-420a-8ba0-a28ef7e65c8d
1882,P,Morgan Silver Dollars,1 Dollar,1 Dollar,Pending,,4abb8dad-395e-4fd0-815d-e7253ca98b4d
1976,S,U.S. Bicentennial,1 Dollar,1 Dollar,Pending,,4abec370-74c8-4cc9-887b-f4db4ed8c33f
2015,D,America the Beautiful Quarters,Quarter,Quarter,Pending,,4ad67d22-a6d5-41bc-b724-f77d969da15b
2022,D,Native American Dollar Series,Native American Dollar,Native American Dollar,Pending,,4adf4fa7-fdb0-4a45-a8ef-714ae59b0343
1951,,Lincoln Cent,Penny,Penny,Pending,,4af2385e-4153-4d83-9fb1-b528ff310722
1901,P,Barber Dimes,Barber Silver Dimes,Barber Silver Dimes,Pending,,4af893e6-e25a-4f52-9d60-97745fde37c5
1952,S,Lincoln Head Penny,Penny,Penny,Pending,,4b1fb3a6-365b-4e08-9fdd-c63e6606529b
2003D,,State and Territory Quarters,Quarter,Quarter,Pending,,4b376e82-bb7c-494a-ae76-eb29b3ea507a
2023,,,Lincoln Cent,Lincoln Cent,Pending,,4b3ac2e4-cad1-40ff-b57a-6ce994ff93f6
2016,S,America the Beautiful Quarters,Quarter,Quarter,Pending,,4b4018de-4649-4832-83f8-f34957114349
1951,,Time Capsule Year Set,5-Coin Set,5-Coin Set,Pending,,4b438eca-39de-442e-abe9-017d58bc65f4
1935,,Lincoln Cent,Penny,Penny,Pending,,4b50a63d-413f-4eb5-aac2-fe6a3f0096de
1867,,,1867,,Pending,,4b8a2d7e-29d9-4616-853a-0cd69e8acec0
1942,D,Lincoln Cent,Penny,Penny,Pending,,4b8a4398-3256-4cc4-bd04-44d3c5cb89f1
2021,S,,Roosevelt Dime,Roosevelt Dime,Pending,,4b8c1589-4b43-4a6f-b4ae-f0a0784a1b7d
1971,D,Eisenhower Dollar,Dollar,Dollar,Pending,,4b9cf4c8-18e1-4be6-9924-bd42e51c401e
1968D,,Roosevelt Dimes,Dime,Dime,Pending,,4b9e1e1c-4e1e-492f-adb9-57e397d8977b
1991,,Lincoln Head Penny,Penny,Penny,Pending,,4baf979f-a9fc-48f5-adec-0bcaf497e4ea
1943,D,Liberty Walking Half Dollar,Half Dollar,Half Dollar,Pending,,4bd01c49-bf42-4b44-9a9e-c0eddc2dc10e
1947D,,Washington Silver Quarter,Quarter,Quarter,Pending,,4bd94748-eae9-45c9-bc6f-75dc70514fd2
1843,,Braided Hair Large Cents,Large Cent,Large Cent,Pending,,4be611bb-3891-44d6-abdd-a4ae1b8963a6
2007D,,State and Territory Quarters,Quarter,Quarter,Pending,,4be9421c-4bcc-46bc-a614-349469761a61
1924,D,Mercury Dime,Dime,Dime,Pending,,4c0fa702-5fc2-45bd-a7d2-636f76901309
1998,D,Lincoln Head Penny,Penny,Penny,Pending,,4c24a4f1-f2b9-4fdb-9749-b237c30fcc2b
1995D,,Roosevelt Dimes,Dime,Dime,Pending,,4c454eef-9a53-4105-bdc4-cddbe0e74259
1982,,Lincoln Head Penny,Penny,Penny,Pending,,4c4d09af-9044-4bb3-80b9-7de1d8166eeb
2006S,,State and Territory Quarters,Quarter,Quarter,Pending,,4c797441-59e8-491b-b910-18c983fefc81
1903,P,Morgan Silver Dollars,1 Dollar,1 Dollar,Pending,,4cc92637-36f8-4d44-9dfe-01634c50f67f
1904,O,Barber Silver Quarters,25 Cents,25 Cents,Pending,,4cdfc993-da20-44a0-a0c5-1f8d88100913
1976,,Roosevelt Dimes,Dime,Dime,Pending,,4cfcc03a-1078-4770-8fc7-d342008a437b
1970S,,Washington Silver Quarter,Quarter,Quarter,Pending,,4d05ca0c-b496-4f88-96c6-556e37df9649
1923,,Lincoln Wheat Cent,Penny,Penny,Pending,,4d217db5-34eb-43f5-a630-18cc4483ce4d
1977,D,Lincoln Cent Series,Penny,Penny,Pending,,4d49862d-7aa1-4ae7-8c61-7811d90ae244
1972,S,Eisenhower Dollar,Dollar,Dollar,Pending,,4d5fb81a-5c84-48d4-8c00-c6b52ed477cd
2010,D,Kennedy Half Dollar Series,Kennedy Half Dollar,Kennedy Half Dollar,Pending,,4d7794a8-239c-45b7-b829-e3f5d47a3eb2
1982,S,,Kennedy Half Dollar,Kennedy Half Dollar,Pending,,4d7bface-2af9-485b-ba12-ca1c6a80226c
1937,D,Liberty Walking Half Dollar,Half Dollar,Half Dollar,Pending,,4da120fd-dd26-467e-bf70-47271a747000
2016,S,Lincoln Shield Cent,Penny,Penny,Pending,,4de1aaf4-47de-4453-bace-d20c6a8a1761
2004D,,State and Territory Quarters,Quarter,Quarter,Pending,,4de766d7-f150-4372-aaf2-aabbff858abc
1976,,U.S. Bicentennial,1 Dollar,1 Dollar,Pending,,4e049129-a280-447c-ae23-5ed5e7faa8cf
2005D,,State and Territory Quarters,Quarter,Quarter,Pending,,4e064d98-7126-42d8-b87a-89b256b59975
1931,D,Mercury,Mercury Dime,Mercury Dime,Pending,,4e122dd7-6cab-497d-a11a-0e5195447656
1876,CC,Liberty Seated,Quarter,Quarter,Pending,,4e16f09d-74bd-455f-8e38-e259e19171c6
1981,S,Susan B. Anthony Dollar,Susan B. Anthony Dollar,Susan B. Anthony Dollar,Pending,,4e205c1d-2939-454c-bf6e-e8bd73ea3faa
1999,D,Lincoln Cent Series,Penny,Penny,Pending,,4e22b43f-61a3-49fe-9f85-ced898063993
2024,,American Silver Eagle,American Silver Eagle Dollar,American Silver Eagle Dollar,Pending,,4e33bd45-614e-42b6-b046-23ac6dbfa75b
2010,D,National Park Quarters,Quarter,Quarter,Pending,,4e3577de-57c4-409f-b1a4-6fb1e86bc645
1974,,Kennedy Half Dollar Series,Kennedy Half Dollar,Kennedy Half Dollar,Pending,,4e40be2f-dbb6-41bd-818d-5dbc01fea4e5
2001,D,Lincoln Cent,Penny,Penny,Pending,,4e46a29d-0fb3-4d19-8258-18d8ddac565f
1975,,THE U.S. NICKEL COLLECTION,Jefferson Nickel,Jefferson Nickel,Pending,,4e4b8a07-b80e-455e-9408-54521bb3e6a0
1911,D,Lincoln Head Penny,Penny,Penny,Pending,,4e4d9038-fa84-4ba0-a514-16065329e5b4
2013,S,National Park Quarters,Quarter,Quarter,Pending,,4e737aa9-9c1c-42c8-80e9-dd60ed172fd1
2014,S,National Park Quarters,Quarter,Quarter,Pending,,4e737d38-cad3-4af3-b2a3-3691845c3812
2015,S,America the Beautiful Quarters,Quarter,Quarter,Pending,,4e88dd8d-1b2b-49f3-991c-c83509e486aa
1998,,THE U.S. NICKEL COLLECTION,Jefferson Nickel,Jefferson Nickel,Pending,,4ea0b08c-84ad-434e-8642-c7eae8412a6d
2001P,,State and Territory Quarters,Quarter,Quarter,Pending,,4ea174c9-d1cc-420e-b9cc-dff619387783
1944D,,Washington Silver Quarter,Quarter,Quarter,Pending,,4ed2ad7e-3cae-47c8-b0b4-65788d2c6122
2012,S,National Park Quarters,Quarter,Quarter,Pending,,4ee3adab-6a05-4a66-8a9b-cd2dbbc0c970
1950S,,Roosevelt Dimes,Dime,Dime,Pending,,4ee5beac-9ca1-4ad1-a58d-86c53a2828ec
1897,,Indian Head Cent,Penny,Penny,Pending,,4ee8b016-5897-44a7-aef8-c549cc88cd98
1923,D,Peace Dollar,Dollar,Dollar,Pending,,4eea631a-979f-41fe-89af-31260870def9
2009D,,Roosevelt Dimes,Dime,Dime,Pending,,4ef73622-9959-451a-93d7-1ac3cfc96b8c
,D,Morgan Silver Dollar,Morgan Silver Dollar,Morgan Silver Dollar,Pending,,4f0fb657-0640-495a-a4e0-b4ccb16f1f01
2004D,,State and Territory Quarters,Quarter,Quarter,Pending,,4f13c23c-e87d-4fdb-b225-72de7baadbb3
2014,D,Lincoln Head Penny,Penny,Penny,Pending,,4f1849e1-169e-4e71-96be-0647060c3dca
1875,CC,20 Cent Piece,20 Cents,20 Cents,Pending,,4f35d38b-a20f-4baa-883c-ec9a54803e17
2015P,,Presidential Dollars,1,1,Pending,,4f3e1583-d3ce-4625-bc31-1e5b30d13e8a
2014,P,Native American Dollar,1 Dollar,1 Dollar,Pending,,4f417af1-68d0-4370-827b-d2380d64b250
2010,P,America the Beautiful Quarters,Quarter,Quarter,Pending,,4f43f55c-9239-4ead-be02-f7e41a12d11b
1921,,Lincoln Head Cent,Penny,Penny,Pending,,4f87b602-5f25-427e-9984-e385133832dd
2011P,,Presidential Dollars,1,1,Pending,,4fb374b0-110b-44ff-a91d-18adce66df59
1973D,,Washington Silver Quarter,Quarter,Quarter,Pending,,4fb91c6c-58ce-4f9e-9569-1974a8c89acf
2003,,American Eagle,Dollar,Dollar,Pending,,4fc22e4b-6c2d-4f0e-95b2-10cf1d5b59e6
2000D,,State and Territory Quarters,Quarter,Quarter,Pending,,4fe0a920-1524-4219-822d-538ce6bef5d4
1897,,Barber Silver Quarters,25 Cents,25 Cents,Pending,,4fe32fe3-4d44-4663-8b9b-328f719e964e
1981,S,Susan B. Anthony Dollar,Susan B. Anthony Dollar,Susan B. Anthony Dollar,Pending,,5012bd66-1b26-4074-abb4-437146563ce8
1829,,Capped Bust,Nickel,Nickel,Pending,,5013243a-5f35-4b8b-a8f1-93aa7fe7bd65
1951,S,Lincoln Head Penny,Penny,Penny,Pending,,5019a43a-9113-4012-a14b-1b238e42c59f
2024,P,Kennedy Half Dollar,Kennedy Half Dollar,Kennedy Half Dollar,Pending,,501f372e-4d14-4b9b-a622-9650809078d6
2022P,,Roosevelt Dimes,Dime,Dime,Pending,,502c6c8f-3600-4d63-b762-41953263e301
1981,D,Susan B. Anthony Dollar,Susan B. Anthony Dollar,Susan B. Anthony Dollar,Pending,,5031ebe7-e263-457b-b081-582669a1abf5
1951,,Franklin Half Dollar,Half Dollar,Half Dollar,Pending,,504b7f46-40a1-4725-9648-d42f27fab519
1861,O,Liberty Seated,Half Dollar,Half Dollar,Pending,,508eeb0e-ef78-4ae9-89dc-252a624d65bb
2016,S,America the Beautiful Quarters,Quarter,Quarter,Pending,,50971734-d4f4-4646-9fbc-aa3b66fba8ef
1914,S,Lincoln Head Penny,Penny,Penny,Pending,,50b8b91f-38f7-47d0-a093-08a6c069f81d
1948,D,Lincoln Head Penny,Penny,Penny,Pending,,50bde5cd-a7aa-412b-8759-7bbfb706e186
1921,S,Morgan Silver Dollars,1 Dollar,1 Dollar,Pending,,50e323f5-1a25-4ff1-aba9-a5dc204b2fe9
2011,D,America the Beautiful Quarters,Quarter,Quarter,Pending,,50e999af-6abc-43fd-a485-33de11f388cf
1968S,,Washington Silver Quarter,Quarter,Quarter,Pending,,50eba2d3-fe10-4581-b501-7f35c00be2b5
1956,,Washington Silver Quarter,Quarter,Quarter,Pending,,50f90a11-8770-4bcb-b177-dfd10e05686d
1884,,Morgan Silver Dollar,Dollar,Dollar,Pending,,51148c66-6540-4535-8ab7-f48b47ae004d
1978,S,Eisenhower Dollar,1 Dollar,1 Dollar,Pending,,513eecef-c1ab-4c9a-a385-d7fe87cd1e09
1920,D,Mercury Dime,Dime,Dime,Pending,,514588b0-d1bb-4a3f-bf06-39f705310f8c
1878,S,Liberty Seated,Quarter,Quarter,Pending,,517de8d2-a01d-4506-ad96-e5b42b0b1f2d
2013,P,America the Beautiful Quarters,Quarter,Quarter,Pending,,5181ca54-6013-467f-bd89-10d84f7fde47
1927,,Lincoln Cent,Penny,Penny,Pending,,518bfeeb-387a-4dab-83c3-5bdfb91e60a4
2001P,,State and Territory Quarters,Quarter,Quarter,Pending,,519a34a3-746a-446d-8c1f-82b92a1ff69a
2012S,,Presidential Dollars,1,1,Pending,,519f2535-e339-4cf9-a0e6-0858a81fb302
1830,,Capped Bust,Nickel,Nickel,Pending,,519fae2c-0913-4998-b76d-7fcf7d25cbc4
2015,W,American Eagle,Dollar,Dollar,Pending,,51a31411-f0f4-4ca1-9786-3a50fe8920fc
2016,D,America the Beautiful Quarters,Quarter,Quarter,Pending,,51a7d9a5-ece3-4834-aad6-2046d18286fb
1987S,,Washington Silver Quarter,Quarter,Quarter,Pending,,51a8e903-ccee-4067-8f68-0ed502b184d0
2004,,American Eagle,Dollar,Dollar,Pending,,51abaf5e-11cf-4d32-9e17-f73d5ffe9e7c
2023,,Peace Dollar,Peace Dollar,Peace Dollar,Pending,,51ad6eab-bc69-4c67-b39f-42b28e700146
1999D,,State and Territory Quarters,Quarter,Quarter,Pending,,51ad752a-200f-48de-81aa-2e0e7b513b0b
1972,D,Eisenhower Dollar,Dollar,Dollar,Pending,,51bf2885-9ae1-4987-8713-da11d7b7bd0c
1964D,,Roosevelt Dimes,Dime,Dime,Pending,,51c5eb04-2f8b-44a0-b574-d1c8a0399770
1971D,,Roosevelt Dimes,Dime,Dime,Pending,,51f89202-f1f4-4619-b0df-f3e49fe484be
1985,S,Lincoln Cent,Penny,Penny,Pending,,522934e9-bbcd-4ddd-9391-469cc44ca1c8
1879,MULTIPLE,Morgan Silver Dollar,1,1,Pending,,522c853e-bb13-4c77-b46b-495f4f3efd37
1854,O,Liberty Seated,Quarter,Quarter,Pending,,5257370c-552a-4a0a-942e-9b51d5ddec6c
2012,D,National Park Quarters,Quarter,Quarter,Pending,,526da80a-7d98-4754-b1c1-51031a23d618
1916,,Lincoln Head Cent,Penny,Penny,Pending,,52923b73-4478-4130-b1dc-27d78a1c05b6
1968,,Roosevelt Dimes,Dime,Dime,Pending,,52a6efce-9e5e-4ab8-8338-c199b843e99f
1958,,Lincoln Cent,Penny,Penny,Pending,,52a9e28d-c8dc-4d89-8e5b-10d7c3f23cb9
1988,D,Kennedy Half Dollar Series,Kennedy Half Dollar,Kennedy Half Dollar,Pending,,52f6d720-eb49-4bb2-bcfd-2613e323a6ff
1906,S,Barber,Half Dollar,Half Dollar,Pending,,53008773-8263-404b-9b12-ad08d11f44b2
1960,,America Revisited Selection: Time Capsule Year Set,Assorted US Coins,Assorted US Coins,Pending,,53085375-edb5-4a6c-a3b7-855902d54871
2007S,,State and Territory Quarters,Quarter,Quarter,Pending,,530aeb7a-fff5-4fe1-8c45-8f52ae05817f
1924,,Mercury Dime,Dime,Dime,Pending,,531d8ee6-eda6-4cd2-8ec5-b5013bab2ea7
1874,,Liberty Seated Silver Dime,Dime,Dime,Pending,,53289081-acbb-4607-8080-28c2ef6a56c7
1905,,Indian Head Cent,Penny,Penny,Pending,,532e4fd3-0bb6-4c98-b82b-bebe26e3f4fc
1951,S,Franklin Half Dollar,Half Dollar,Half Dollar,Pending,,5340c684-50df-4782-93bd-929ed6cba6f9
1961,,Roosevelt Dimes,Dime,Dime,Pending,,53416755-b0b6-43bc-b931-59121a4847fd
1844,O,Liberty Seated,Half Dollar,Half Dollar,Pending,,53553269-f145-410c-bb17-4bcbb93a36ab
1983,S,Clad Proof Set,Mixed (Proof Set),Mixed (Proof Set),Pending,,53595b63-0b7c-4715-9c24-e324de3aeb17
1887,O,Morgan Silver Dollars,1 Dollar,1 Dollar,Pending,,537ff87e-039c-4783-8453-309124c5d9bb
1918,D,Mercury Dime,Dime,Dime,Pending,,538c6e5f-93ae-4ca0-8106-818277087753
1995D,,Washington Silver Quarter,Quarter,Quarter,Pending,,538c9309-69ce-438d-8812-26a31ecad06f
1887,O,Morgan Silver Dollars,1 Dollar,1 Dollar,Pending,,53939244-9460-4834-b562-bb65208b7e2e
1905,O,Barber Silver Quarters,25 Cents,25 Cents,Pending,,539caa17-7cca-4031-9d6c-9bfcf2f17b4d
1901,,Liberty Head Nickel,Nickel,Nickel,Pending,,539f2283-3e1f-4a0f-a3d2-b2a82ff3e213
1912,,Lincoln Wheat Cent,Penny,Penny,Pending,,53a6bf4b-11a8-49bb-8d50-99166a8048a6
2001D,,State and Territory Quarters,Quarter,Quarter,Pending,,53a6e7f0-fa84-4a19-a0fe-a030ecc43d37
2000S,,Roosevelt Dimes,Dime,Dime,Pending,,53b4b8ab-7c65-4159-83d3-9e6f80b7bd4e
1914,S,Barber Series,Dime,Dime,Pending,,53bf8c07-9617-49f6-bce7-a8501f3f5f24
2002S,,Roosevelt Dimes,Dime,Dime,Pending,,53c9a264-3b32-4ca1-bc73-60800d1c1537
2015,D,America the Beautiful Quarters,Quarter,Quarter,Pending,,53cbbe4c-b022-4996-b6c4-508d7354dc1d
,P,Historic U.S. Silver Coins,Barber Quarter,Barber Quarter,Pending,,53e3ba95-7b25-47a7-bbf2-bb5bdf1c5e2a
1948,,Franklin Half Dollar,Half Dollar,Half Dollar,Pending,,53e4bf56-f41d-40a3-9d07-2e8b7535df26
1864,,Indian Head Cent,1 Cent,1 Cent,Pending,,542f42c0-31a0-43b3-9d35-cb1417fdde87
1929,S,Mercury Dime,Dime,Dime,Pending,,5441c4a2-43fd-4d71-965e-85a044d1d47a
1924,S,Mercury Dime,Dime,Dime,Pending,,5464c172-bf48-4209-9bf5-7b3449809ce5
1871,,Liberty Seated,Half Dollar,Half Dollar,Pending,,546e0df7-2a56-4b20-9ce0-d1ccf583f10a
1958,,Lincoln Wheat Cent Series,Penny,Penny,Pending,,546fb70e-f071-406b-a267-e86016e3e7a0
2008D,,State and Territory Quarters,Quarter,Quarter,Pending,,547f1bef-d1b0-420f-9b82-540b51d0af2d
1997,S,Lincoln Cent,Penny,Penny,Pending,,549370cb-3a4e-4f53-8040-d424cf278005
1878,,Liberty Seated,Half Dollar,Half Dollar,Pending,,54af16f3-313c-4c82-9a18-6cdfe0e987e1
2007D,,Presidential Dollars,1,1,Pending,,54fd1c16-090b-4f68-af41-730075da18c3
2014,P,America the Beautiful Quarters,Quarter,Quarter,Pending,,55017239-d9ca-4e3d-aa70-26cbf24fefda
2004,S,Kennedy Half Dollar,Kennedy Half Dollar,Kennedy Half Dollar,Pending,,554c8405-40cd-45e9-b313-3c1e919f4468
1914,,Lincoln Cent,Penny,Penny,Pending,,558f7994-3c73-4570-8d9c-41aadb28882c
2022,S,US Women's Quarters,Quarter,Quarter,Pending,,5598b11b-aca8-4242-94e7-9a3964243e7f
1994S,,Washington Silver Quarter,Quarter,Quarter,Pending,,55a38d59-4f22-4899-a934-8a1809034854
1913,,Lincoln Wheat Cent Series,Penny,Penny,Pending,,55b844f8-274a-4dda-b3f5-ba627cc08438
1932,,Lincoln Wheat Cent,Penny,Penny,Pending,,55c9e659-fc7a-4961-b11a-7e728c2876af
1995S,,Roosevelt Dimes,Dime,Dime,Pending,,55de2e02-02ae-4a7d-9553-6df09ba1351e
1909,,Lincoln Head Cent,Penny,Penny,Pending,,55ed4402-a20d-4af0-ac7a-1168a6bf3d16
1947,S,Lincoln Cent,Penny,Penny,Pending,,55eeabfd-8291-44bd-9196-7128e756d894
1889,S,Liberty Seated Silver Dime,Dime,Dime,Pending,,55fd7a1e-424c-45ac-b6e2-059c4fcb5fb9
1956,,Franklin Half Dollar,Half Dollar,Half Dollar,Pending,,560694b3-57fa-462e-99f3-22e24fd94488
1947,D,Lincoln Cent,Penny,Penny,Pending,,5625641d-b47a-402e-b5e7-347ed812a244
1888,,Morgan Silver Dollar,1,1,Pending,,5626f5cb-3bc2-4d06-9c71-1e259af6f25e
2013,S,America the Beautiful Quarters,Quarter,Quarter,Pending,,5642d2ab-0203-4357-91dd-cfcd8f649b1c
1853,,Liberty Seated,Quarter,Quarter,Pending,,56688b62-be96-4e73-9f9f-d0059ec894b2
1873,,Liberty Seated,Quarter,Quarter,Pending,,56b51756-c3a9-4b47-b46d-e7e66f112e53
1946,S,Lincoln Head Penny,Penny,Penny,Pending,,56ceef42-493f-46bf-acad-2657135611bc
1927,S,Peace Dollar,Dollar,Dollar,Pending,,56dcbf81-f3c8-4a3e-84ad-a65308bd82f1
2016,S,America the Beautiful Quarters,Quarter,Quarter,Pending,,56fc84c8-39da-4cb7-8f75-b87968b55dc1
2012,,Lincoln Cent Series,Penny,Penny,Pending,,571dd329-0143-49c4-b605-9771cf371166
1832,,Capped Bust,Nickel,Nickel,Pending,,573acd79-4759-409b-8164-191eda4063f0
1948S,,Washington Silver Quarter,Quarter,Quarter,Pending,,5747433e-c990-4906-bf2d-f4e20ebd99f2
2007P,,Roosevelt Dimes,Dime,Dime,Pending,,574b07e2-6528-421f-be6f-27b913123e34
2011,W,American Eagle,Dollar,Dollar,Pending,,575a6d57-1ec2-4d98-9aef-c44e4bff8780
2019,S,America the Beautiful Quarters,Quarter,Quarter,Pending,,575f8ef1-30e5-4df7-9b36-a076135bc3f2
1874,,,1874,,Pending,,576da6a9-dc09-4896-8bdf-ee66f690a3e5
2011,W,American Eagle,Dollar,Dollar,Pending,,5772ca35-8fe3-4fb7-9294-58b7b8a04a93
1925,,,Nickel,Nickel,Pending,,57802f50-bf3c-4105-b5e5-ab8398cf9aaf
2012,P,Native American Dollar,1 Dollar,1 Dollar,Pending,,578c683e-a941-4c9c-a95d-0dbedb707e8f
1957D,,Washington Silver Quarter,Quarter,Quarter,Pending,,579b1be0-97f3-41b4-89ab-04866ec45940
2005D,,State and Territory Quarters,Quarter,Quarter,Pending,,57a09844-4004-49b0-a7cf-f2ebaae3ef5e
1843,O,Liberty Seated,Half Dollar,Half Dollar,Pending,,57b37611-35fa-42db-aa90-0aa6ccb99b96
1974,S,Eisenhower Dollar,Dollar,Dollar,Pending,,57cd5eb7-6d95-44f3-89fa-e96ce2005f31
1941,S,,Kennedy Half Dollar,Kennedy Half Dollar,Pending,,57cfd8ba-846a-4388-a2bd-405aa0728d39
1958,,Lincoln Wheat Cent,Penny,Penny,Pending,,57d106b0-baef-4e7a-b262-02499054ae31
1921,,Lincoln Head Penny,Penny,Penny,Pending,,57d24970-8c03-4ea8-9cd4-ddbc284783e6
1941,D,Liberty Walking Half Dollar,Half Dollar,Half Dollar,Pending,,57d4fcc4-4940-4b76-b1c4-552949be16ac
1953D,,Roosevelt Dimes,Dime,Dime,Pending,,57e56d08-b8e5-454b-ae53-7e0f717b1326
2018,D,America the Beautiful Quarters,Quarter,Quarter,Pending,,583c4fd7-2dfd-428d-a521-e768c47eaad6
1995P,,Roosevelt Dimes,Dime,Dime,Pending,,583eda7e-85e3-4c7f-95c7-cebb05712fc1
2020,P,National Park Quarters,Quarter,Quarter,Pending,,583f6429-ac11-438a-98e4-ff4dddb7c07a
1915,,Lincoln Wheat Cent,Penny,Penny,Pending,,583f7a87-e11d-4ef5-91f2-b69568476281
1975,,Roosevelt Dimes,Dime,Dime,Pending,,5840d722-ba59-45ad-a692-aeafa027f075
1921,S,Liberty Walking Half Dollar,Half Dollar,Half Dollar,Pending,,585b2c62-9c21-4985-b125-492c3c1eb13b
1885,O,Morgan Silver Dollar,Dollar,Dollar,Pending,,588022bf-2b73-45f9-ab59-0fb2a6805c74
1891,,Morgan Silver Dollar,1,1,Pending,,5881e4ea-dea7-4097-98d4-33904852110a
1882,,,Liberty Seated Dime,Liberty Seated Dime,Pending,,589c0926-0019-45d1-98ec-44826e5bdd9a
1928,S,Standing Liberty Silver Quarter,Quarter,Quarter,Pending,,589de0c9-b938-45bd-8156-541ca48ff5e1
2017,P,National Park Quarters,Quarter,Quarter,Pending,,589fd3dc-a7a9-4769-b181-f97ebd69cfd1
1990,S,Lincoln Cent,Penny,Penny,Pending,,58b161eb-8504-4609-b63f-8eb6f71fff65
1918,D,Lincoln Head Penny,Penny,Penny,Pending,,58baab4a-fc9a-42d7-9672-14decd1dad14
1954,D,Franklin Half Dollar,Half Dollar,Half Dollar,Pending,,58c69990-9163-4dbc-9cd6-7a615ce8362f
2013S,,Presidential Dollars,1,1,Pending,,58e2d5da-bc18-4221-8b22-2fbef31dc69a
2018,P,National Park Quarters,Quarter,Quarter,Pending,,58e746fd-e187-4596-a97a-a4d9790b865e
2009P,,State and Territory Quarters,Quarter,Quarter,Pending,,58ea116c-f0ee-4f61-b562-42c7ac42f587
1882,,Shield Nickel,Nickel,Nickel,Pending,,58ea3ca5-03f9-46e8-8111-0841330a7ea3
2020,,American Innovation Dollar,Dollar,Dollar,Pending,,59086d37-07a5-4092-8eb0-e9495aa14b20
1988,P,Kennedy Half Dollar,Kennedy Half Dollar,Kennedy Half Dollar,Pending,,59172075-8df1-4301-a14e-6d020fff15e2
1874,S,Liberty Seated,Quarter,Quarter,Pending,,5929bc7f-7c3f-4b9a-ac7a-59c81d0d7d2f
2012,P,Kennedy Half Dollar Series,Kennedy Half Dollar,Kennedy Half Dollar,Pending,,5935a2e8-17ed-4892-87c6-96f2bbc27d61
2000P,,State and Territory Quarters,Quarter,Quarter,Pending,,5935d55e-03b3-4bbd-a977-7b532fcefec5
1969,S,Kennedy Half Dollar,Kennedy Half Dollar,Kennedy Half Dollar,Pending,,595279c1-d8fa-40fa-9587-07479daa8911
1876,,Liberty Seated Silver Dime,Dime,Dime,Pending,,59681e5d-59e7-4351-b5ac-cd6f2e6bcbaf
1955,,Franklin Half Dollar,Half Dollar,Half Dollar,Pending,,597a5184-50d7-43a0-98a9-cb3f0c2f4b87
2019,W,National Park Quarters,Quarter,Quarter,Pending,,599264f3-22a2-44f5-8935-3572becaaa99
1848,O,,Nickel,Nickel,Pending,,5994b596-046e-441c-8496-b9ae62acf063
2001,W,American Eagle,Dollar,Dollar,Pending,,599f05a5-fa90-4527-9271-7715d4f53a00
1981S,,Roosevelt Dimes,Dime,Dime,Pending,,59b67b36-bf94-44ce-9fc8-3ead903e3c6d
2015S,,Presidential Dollars,1,1,Pending,,59b6a689-4bc4-4e89-9082-06a34d61b767
2019,S,National Park Quarters,Quarter,Quarter,Pending,,59b92245-31ae-447e-9533-26e40aa7d62c
2010,,American Silver Eagle,American Silver Eagle Dollar,American Silver Eagle Dollar,Pending,,59bbc513-f4ca-4c53-8c47-450cdfe922d7
1901,S,Barber,Half Dollar,Half Dollar,Pending,,59c9d5ca-b304-49d6-8fcd-22263644d5ae
2021,P,National Park Quarters,Quarter,Quarter,Pending,,59cdb848-894d-410e-9f1d-940b4e8197bd
1917,,Standing Liberty Silver Quarter (Type 2),Quarter,Quarter,Pending,,59d3b25a-5299-4d02-814a-8128a2b4f018
1952,D,Franklin Half Dollar,Half Dollar,Half Dollar,Pending,,5a0bf6cb-f861-472d-8d21-5ef23511a450
1955,S,Lincoln Head Penny,Penny,Penny,Pending,,5a0c9414-07f0-4db5-9585-09da87d17808
1917,,Standing Liberty Silver Quarter (Type 1),Quarter,Quarter,Pending,,5a13e4a0-c920-4c72-b7dd-6e05fab9d720
2022,S,US Women's Quarters,Quarter,Quarter,Pending,,5a36d1be-de38-423a-905f-2744c7bf4589
2024,P,U.S. Innovation Dollar,Dollar,Dollar,Pending,,5a49cbe6-4358-487d-8398-38bcf7395664
1902,O,Morgan Silver Dollar,Dollar,Dollar,Pending,,5a5c2d70-bb01-46ce-aef7-1ea1f3ff9a83
1942,S,Jefferson Nickel Series,Nickel,Nickel,Pending,,5a6767c8-e6dc-4739-9dba-e994cf32b3c7
1968,,Washington Silver Quarter,Quarter,Quarter,Pending,,5a7b24ac-e282-4cbc-bd2f-576f3c33bff1
1845,,Braided Hair Large Cents,Large Cent,Large Cent,Pending,,5a7d9504-aaec-4f79-8940-847916817023
2021,S,,Jefferson Nickel,Jefferson Nickel,Pending,,5a7d9d47-29c1-4f3c-96ae-104b3ebbca39
2024,"P, D",Mixed US Coin Programs,"Mixed (Kennedy Half Dollar, Native American $1 Coin)","Mixed (Kennedy Half Dollar, Native American $1 Coin)",Pending,,5a857d52-fad3-4e5d-9c7e-bc4e13dfc6d8
2002D,,State and Territory Quarters,Quarter,Quarter,Pending,,5a974708-f8f1-4c22-85b6-08aa5f39029c
2008D,,State and Territory Quarters,Quarter,Quarter,Pending,,5aa65ae6-7f5f-4f3c-9aa4-4a84820cf558
1976,S,U.S. Bicentennial,Dollar,Dollar,Pending,,5aa74d5e-4205-4f79-93a4-3bf44947c1ed
2014,D,America the Beautiful Quarters,Quarter,Quarter,Pending,,5ab8d83f-1a06-4ea9-b7f1-4626ccd7bfb4
1824,,Capped Bust Half Dollar,Capped Bust Silver Half Dollar,Capped Bust Silver Half Dollar,Pending,,5aee5216-0d92-4417-990d-a04972b9e32c
2002P,,State and Territory Quarters,Quarter,Quarter,Pending,,5b1f02ba-bc21-4d69-b081-aae0f1b0cfd4
2012P,,Presidential Dollars,1,1,Pending,,5b24a93f-b8d4-4a9c-b82d-00e9cb8049ae
1976S,,Washington Silver Quarter,Quarter,Quarter,Pending,,5b3b37e1-2632-4dc5-815c-2111772ece2e
1959,D,Franklin Half Dollar,Half Dollar,Half Dollar,Pending,,5b7ebabd-b706-4522-ae6a-a283438f0ccf
2016S,,Presidential Dollars,1,1,Pending,,5b971a23-95b7-4c03-9e77-e59413e1c2d5
1891,,Morgan Silver Dollars,1 Dollar,1 Dollar,Pending,,5bb39faa-939b-41ec-ae09-a8cb9310972f
1876,S,Liberty Seated,Half Dollar,Half Dollar,Pending,,5bd9da06-8261-4a30-81cf-7ed3df798030
,D,Mercury Dime,Roosevelt Dime,Roosevelt Dime,Pending,,5c028393-91f2-42a8-a82c-ec383720ea77
Multiple,,Barber,Half Dollar,Half Dollar,Pending,,5c050704-9d38-4797-ae78-8135b01e96f1
1888,P,Morgan Silver Dollars,1 Dollar,1 Dollar,Pending,,5c3209c6-5fe8-49a3-a41f-a22b89b4be31
2011,D,Native American Dollar,1 Dollar,1 Dollar,Pending,,5c335def-92b7-416f-8f3e-9fcadf33c1b3
1897,O,Barber,Half Dollar,Half Dollar,Pending,,5c4120e6-b3f1-4492-900e-776753ac428b
1900,,Indian Head Cent,Penny,Penny,Pending,,5c5d472a-c535-4bf7-b329-0a27281edc11
1926,S,Standing Liberty Silver Quarter,Quarter,Quarter,Pending,,5c72e514-a368-4481-836f-355e6cfdd0b3
1930,D,Lincoln Head Penny,Penny,Penny,Pending,,5c7aa8c6-8d4b-4158-98b9-f8ca23d23945
,,Celebrating America Coin Collection, Celebrating America Coin Collection,,Pending,,5c8412e8-1bc6-48ab-8d58-73438a51be06
1905,,,1905,,Pending,,5c8d8ba5-cf98-44a2-b9a4-a2b723a08d15
1949S,,Roosevelt Dimes,Dime,Dime,Pending,,5caa4a31-261f-44a2-aea7-199c51546ec3
2011,S,National Park Quarters,Quarter,Quarter,Pending,,5ccfa857-e195-44aa-851e-5ecf887d3fc1
1911,,Lincoln Wheat Cent,Penny,Penny,Pending,,5cd40f7c-d59c-45f8-9407-9efab573886f
2012S,,Presidential Dollars,1,1,Pending,,5cdb2c1d-d9ca-4f23-8841-7f3627f8cea1
1969,,,Dime,Dime,Pending,,5cf1f98e-e04b-4669-a4b4-a1be6bc81d64
1917,,Lincoln Cent,Penny,Penny,Pending,,5cf61513-c2a8-4801-9099-e2aef8a1d3e1
1897,S,Barber Silver Quarters,25 Cents,25 Cents,Pending,,5d02cca5-17ad-44dc-9aae-5722f86bfc3a
2008S,,Presidential Dollars,1,1,Pending,,5d2fefcd-6ca6-445b-9875-15278c3f2b3f
2002P,,State and Territory Quarters,Quarter,Quarter,Pending,,5d3af050-5300-454b-bbf1-9c9736143113
2008D,,Presidential Dollars,1,1,Pending,,5d4e1a27-0d07-44b6-95b0-14a2302b21bf
2021,,American Silver Eagle,American Silver Eagle Dollar,American Silver Eagle Dollar,Pending,,5d57ac2d-ec5a-4d8a-aa12-b8a1ca6dba94
2011D,,Roosevelt Dimes,Dime,Dime,Pending,,5d61cf2f-2d0b-40ba-a76e-1346bdf06be7
1986,S,American Eagle,Dollar,Dollar,Pending,,5da5668a-9087-40ff-8d20-5524052fa84b
,,Club Selection,Quarter,Quarter,Pending,,5da6b179-1043-43c8-9efb-53e7e89da6c1
1927,,Standing Liberty Silver Quarter,Quarter,Quarter,Pending,,5daa9fcb-6216-4b86-93ea-d8fec26380ec
1978D,,Washington Silver Quarter,Quarter,Quarter,Pending,,5db09999-d006-4146-867d-75e6ff36248a
1910,S,Lincoln Cent,Penny,Penny,Pending,,5db92d71-0ea9-49df-98b9-3caf715d85d8
1933,S,Liberty Walking Half Dollar,Half Dollar,Half Dollar,Pending,,5dbf3215-400b-4c1e-8d5f-ff58e9fdab56
1937,S,Liberty Walking Half Dollar,Half Dollar,Half Dollar,Pending,,5dc876ed-f579-4838-9d14-eb3b224670ab
2011S,,Presidential Dollars,1,1,Pending,,5de11241-8125-4e0b-9093-d692370fd086
2000D,,State and Territory Quarters,Quarter,Quarter,Pending,,5de36593-a921-413d-b6b0-c3f70be20ba0
2015,S,Lincoln Head Cent,Penny,Penny,Pending,,5de9f76d-ecd3-4b56-89e1-591724b73f7d
1995,,American Gold Eagle,5,5,Pending,,5e0bddc3-6a6f-437f-bfd0-4adfd9f8a7c7
1892,S,Barber,Half Dollar,Half Dollar,Pending,,5e1b9a98-93f0-4f3f-865c-38516daabcf4
2008S,,Roosevelt Dimes,Dime,Dime,Pending,,5e3b8600-715d-4a98-aeff-d677c77289ee
1954D,,Washington Silver Quarter,Quarter,Quarter,Pending,,5e3de945-8fd3-4425-8509-a7253b4422bc
1952,,Franklin Half Dollar,Half Dollar,Half Dollar,Pending,,5e4087bd-a52e-41b3-ba8e-f2d725e258af
2009S,,State and Territory Quarters,Quarter,Quarter,Pending,,5e50e506-9aaf-47c9-97e8-8137ddd42e4e
1977,,Eisenhower Dollar,1 Dollar,1 Dollar,Pending,,5e6e26e8-622b-4365-a45f-7b163cca0f6a
1956,,Mercury Dime,Dime,Dime,Pending,,5e7a7b91-954d-4bf7-99e7-22e11799b2d0
1962,,AMERICA REVISITED SELECTION,"5-Coin Set (Lincoln Cent, Jefferson Nickel, Roosevelt Dime, Washington Quarter, Walking Liberty Half Dollar)","5-Coin Set (Lincoln Cent, Jefferson Nickel, Roosevelt Dime, Washington Quarter, Walking Liberty Half Dollar)",Pending,,5e886e3f-1450-4ec7-96a8-0753905d27fd
1927,D,Peace Dollar,Dollar,Dollar,Pending,,5e9bc11d-b9a0-4b85-9181-aa0c2cfac015
1912,,Lincoln Wheat Cent Series,Penny,Penny,Pending,,5ea180cf-1380-453f-9b40-7ace4e045ee5
1846,,Liberty Seated,Dollar,Dollar,Pending,,5eb27f96-060d-48c6-9649-77fafc782223
2006,P,Return to Monticello,Nickel,Nickel,Pending,,5ec339c3-576d-4075-b751-e9049b51515e
2010,S,National Park Quarters,Quarter,Quarter,Pending,,5ecfed16-2d3c-4b2d-80a8-2b98c8ef385c
2023,P,US Women's Quarters,Quarter,Quarter,Pending,,5efaea90-d7dd-482f-be8e-33fe318a9355
2021,P,American Innovation Dollars,1 Dollar,1 Dollar,Pending,,5f13254a-9cbc-424f-baf0-21bfd40e29ef
2006S,,Roosevelt Dimes,Dime,Dime,Pending,,5f4ecde2-15af-4e61-8c65-971a5c6c0d71
1955D,,Washington Silver Quarter,Quarter,Quarter,Pending,,5f6db0ea-019b-49ec-844c-21f96bc1d3bb
2008P,,Presidential Dollars,1,1,Pending,,5f7a2239-9a2f-48d2-aa81-fc6ed9150eee
2020,,American Innovation Dollar,Dollar,Dollar,Pending,,5f7a4e8e-e9ba-415a-8841-fb940eeae5ce
1955,D,Lincoln Cent Series,Penny,Penny,Pending,,5f7a71c3-9ecd-4c5c-abea-5280b1406068
1960,,Lincoln Head Penny,Penny,Penny,Pending,,5f99f486-def1-469a-840c-58720bd6fc9a
1958,D,,Quarter,Quarter,Pending,,5f9b1232-e3fa-4661-95d6-916d9691b090
1996,P,American Eagle,Dollar,Dollar,Pending,,5fd10630-936b-439e-a05f-261e72136b80
1959,,Franklin Half Dollar,Half Dollar,Half Dollar,Pending,,5ff62064-07ee-41e8-9055-40c39538352f
2015D,,Presidential Dollars,1,1,Pending,,6009810d-d425-45d6-a38b-c0896a864070
1953,S,Franklin Half Dollar,Half Dollar,Half Dollar,Pending,,602ff278-d581-45fc-9c78-bfa28f1bae2b
1926,,Morgan Silver Dollar,Morgan Silver Dollar,Morgan Silver Dollar,Pending,,603ca16a-1647-422a-8d73-e431a88858d6
2003P,,State and Territory Quarters,Quarter,Quarter,Pending,,60457260-a1b7-41f9-9ae8-9b8aac242160
2016,,Lincoln Shield Cent,Penny,Penny,Pending,,6063032e-e4e2-4e58-a605-07a6d1235589
1831,,Capped Bust Half Dollar,Capped Bust Silver Half Dollar,Capped Bust Silver Half Dollar,Pending,,60686cd2-f783-48c6-87af-6c44c71b5922
1979,P,Susan B. Anthony Dollar,Susan B. Anthony Dollar,Susan B. Anthony Dollar,Pending,,607b8b01-3974-445d-94ea-7bc8ff0f1053
2013,D,America the Beautiful Quarters,Quarter,Quarter,Pending,,608e0414-d11b-48fe-9e2f-230d92166f11
1941D,,Washington Silver Quarter,Quarter,Quarter,Pending,,60919850-b2c8-4e6e-a0af-6b1822ccaf59
1937D,,Washington Silver Quarter,Quarter,Quarter,Pending,,60d44629-444a-4c06-92cc-1c5168f59ffd
1947,,Lincoln Wheat Cent,Penny,Penny,Pending,,60d91eb9-2ff0-4412-bd90-86e3111bd290
2018D,,Roosevelt Dimes,Dime,Dime,Pending,,60fe4a0a-3a5b-41ab-b82e-92a808e228b6
2001S,,State and Territory Quarters,Quarter,Quarter,Pending,,6106c785-a9a8-475d-8f02-858235e187f5
1954,,Washington Silver Quarter,Quarter,Quarter,Pending,,610ef20d-ab52-41af-a959-d6ee0c3755bb
,,Morgan Silver Dollar,1,1,Pending,,6158475b-5143-45cd-8072-7f0b9757edfe
2011,P,Native American Dollar,1 Dollar,1 Dollar,Pending,,615ad43c-a186-44d0-8f90-ad729d424581
1968,S,Kennedy Half Dollar,Kennedy Half Dollar,Kennedy Half Dollar,Pending,,61646bdd-f232-4600-ae29-c8509e64c30a
1893,O,Morgan Silver Dollar,Dollar,Dollar,Pending,,618aa870-25e0-4070-aea7-dba5aef8c8f4
1993,,Washington Silver Quarter,Quarter,Quarter,Pending,,619b5b54-9164-43fd-9aaa-167f96862a95
1949,D,Lincoln Head Cent,Penny,Penny,Pending,,61a91df1-6825-48bb-b7c9-b6a2d5ecdfc7
2006,S,Lincoln Cent,Penny,Penny,Pending,,61ad813d-34a3-47f8-b2f7-3cb3844cb198
1827,,Capped Bust Half Dollar,Capped Bust Silver Half Dollar,Capped Bust Silver Half Dollar,Pending,,61b7d474-856a-4128-9825-b29060516113
2013,S,Native American Dollar,1 Dollar,1 Dollar,Pending,,61d76769-dac1-4f42-94bb-7ed7c9bf2ee8
1993P,,Roosevelt Dimes,Dime,Dime,Pending,,61d82781-337c-4c99-b14a-fcc6d742a6f5
1892,O,Morgan Silver Dollar,Dollar,Dollar,Pending,,61e0922e-f8a8-4c48-b36f-44b9dc87f863
2005S,,Roosevelt Dimes,Dime,Dime,Pending,,62049965-fabc-4e4d-a847-970aeaa0b470
1946,D,Jefferson Nickel Series,Nickel,Nickel,Pending,,62186fb5-7ebe-42d6-971b-4e9bf672064a
1926,D,Lincoln Cent,Penny,Penny,Pending,,621f3617-3fed-44ec-97a2-a88e3e2056a1
2019,,American Innovation Dollar,Dollar,Dollar,Pending,,623270ac-11be-4dde-87ae-65b15e542829
1947D,,Washington Silver Quarter,Quarter,Quarter,Pending,,624dd0d6-29dd-4a5d-845d-3486b585dbbd
2018,D,Native American Dollar,1 Dollar,1 Dollar,Pending,,62855f16-b639-490d-b0b9-111a5d186126
1833,,Capped Bust Silver Quarter Series,Capped Bust Silver Quarter,Capped Bust Silver Quarter,Pending,,628a6f98-7257-4414-963c-6be327f20228
1863,,Liberty Seated,Half Dollar,Half Dollar,Pending,,62cf71d7-0db7-49d9-bbaf-f9c01d06b881
2009P,,State and Territory Quarters,Quarter,Quarter,Pending,,62d4d3d5-39fb-4959-be14-6eeb2fa812a2
,,Morgan Silver Dollar SET,1,1,Pending,,62df1453-5344-471a-929b-1274a957a786
1973,,Roosevelt Dimes,Dime,Dime,Pending,,62e7166d-d463-4e7c-b8d3-e59e74839c07
1921,,Lincoln Head Penny,Penny,Penny,Pending,,62fb85f0-282a-49ac-9400-f41a83d34ca9
1896,S,Morgan Silver Dollar,Dollar,Dollar,Pending,,633a0c50-ca81-4995-959c-6334a256c44b
1930,S,Buffalo Nickel,Nickel,Nickel,Pending,,635c17b7-9a75-4f47-b5bb-a1a76b1eeadf
1967,,Washington Silver Quarter,Quarter,Quarter,Pending,,635c229b-f86c-4960-80b3-b049280de630
1977,D,Eisenhower Dollar,1 Dollar,1 Dollar,Pending,,637e51e2-3e83-4e6b-bed6-cfb512b87ba5
2007D,,State and Territory Quarters,Quarter,Quarter,Pending,,637f0f96-f812-48e8-bf5a-4e8cb34d3b49
2009,D,Native American Dollar,1 Dollar,1 Dollar,Pending,,639e7451-7e9b-4cdc-a887-f2e268e9ffff
1997,P,Kennedy Half Dollar Series,Kennedy Half Dollar,Kennedy Half Dollar,Pending,,63c15727-a4f2-4a9e-a9e8-93b2f5810065
1946,,Lincoln Wheat Cent Series,Penny,Penny,Pending,,63c672ca-934d-47eb-a3af-0944afaa9843
1952,,Washington Silver Quarter,Quarter,Quarter,Pending,,63c8ad27-a00f-416d-8c10-a71fb282b798
1865,,Liberty Seated,Half Dollar,Half Dollar,Pending,,63c9f27d-29f0-45ca-ac26-55ee59adc50b
2001,D,Lincoln Head Penny,Penny,Penny,Pending,,63e68342-8821-4f75-b8b4-a2123d5e7a98
1977,,Eisenhower Dollar,Dollar,Dollar,Pending,,63fcde93-33af-40f3-af2b-24cba4b3188a
1884,,,1884,,Pending,,641893e0-fbc0-40d8-a290-024aa4ec2726
2004P,,State and Territory Quarters,Quarter,Quarter,Pending,,6418c093-dfa0-43b2-a2f1-322fb94b1701
1976,,U.S. Bicentennial,Dollar,Dollar,Pending,,6427eb10-4881-497a-9755-a64ff4470aa4
1981,S,Lincoln Cent Series,Penny,Penny,Pending,,643329f6-e7e7-48e6-9fde-0dee358024fb
2006P,,State and Territory Quarters,Quarter,Quarter,Pending,,644e3f32-ec73-4a82-a0c5-ce3befc7352c
2021,D,Kennedy Half Dollar Series,Kennedy Half Dollar,Kennedy Half Dollar,Pending,,64522791-a0c2-47ed-a76a-38fa2087c164
1997S,,Roosevelt Dimes,Dime,Dime,Pending,,64953cd1-5d2d-4673-b44c-b3ad5dd70430
2002P,,State and Territory Quarters,Quarter,Quarter,Pending,,64a46037-2b08-456a-a40d-aea7009118a3
1971S,,Washington Silver Quarter,Quarter,Quarter,Pending,,64ab31ca-8470-4fdf-be21-19c118851561
1906,,Indian Head Cent,Penny,Penny,Pending,,64cdd8cf-c005-4c22-a6ac-a003ebde8e62
1939S,,Washington Silver Quarter,Quarter,Quarter,Pending,,64f942fa-c5b2-4d52-8dfe-c8da79efd218
2005S,,State and Territory Quarters,Quarter,Quarter,Pending,,650008e4-32e6-4011-8145-6303635f3d74
1983,P,Kennedy Half Dollar,Kennedy Half Dollar,Kennedy Half Dollar,Pending,,65006940-bc73-4ffe-b7ca-9254ae7b9f00
1925,S,Peace Dollar,Dollar,Dollar,Pending,,6511d92a-483a-4309-87f3-51f988a0aee4
1928,,Lincoln Cent,Penny,Penny,Pending,,6514ddc0-924e-47e3-ae61-3d9a621d46fb
2024,,American Silver Eagle Program,American Silver Eagle Dollar,American Silver Eagle Dollar,Pending,,652801dc-9086-4a85-b49d-bbd5a7456d0e
1979,S,Susan B. Anthony Dollar,Susan B. Anthony Dollar,Susan B. Anthony Dollar,Pending,,652b03db-5745-4a9a-b54f-d07ff727934a
1968,S,Roosevelt Dime,Roosevelt Dime,Roosevelt Dime,Pending,,653b226b-afe8-4f56-9ac8-041fc148cc46
2011,P,National Park Quarters,Quarter,Quarter,Pending,,653d5981-5721-4289-a394-b288fae93b1c
1973S,,Roosevelt Dimes,Dime,Dime,Pending,,6542209f-f347-473f-9b3e-71b5edb4220d
1917,D,Lincoln Cent,Penny,Penny,Pending,,65933d4b-6b7e-4f30-ac69-66a1c5dbd2c0
1936,,Lincoln Wheat Cent Series,Penny,Penny,Pending,,65953a6c-970d-4666-9b7b-76561bb531cb
1941,,Mercury Dime,Dime,Dime,Pending,,65b14ae3-23b0-4bcb-834d-71ef53356573
2014P,,Presidential Dollars,1,1,Pending,,65b93254-8d59-4644-8562-2bf684df9471
2023S,,Roosevelt Dimes,Dime,Dime,Pending,,65d356e9-53cf-40de-9d5a-3dbdc2f7173c
1971D,,Washington Silver Quarter,Quarter,Quarter,Pending,,65df049b-003a-44be-965f-627f8b0571d6
1917,,Standing Liberty Silver Quarter (Type 1),Quarter,Quarter,Pending,,65e1a0e7-8711-4af4-b129-6fdd50f5efb8
1959,D,,Quarter,Quarter,Pending,,65ebc1f3-be68-488c-857c-2b8ba4cddc76
1917,S,Lincoln Cent,Penny,Penny,Pending,,66244741-5ebe-4238-9750-a0702896fc1e
,,Morgan Silver Dollar,1,1,Pending,,662b996a-462b-43b5-8ec4-6e174634bb93
2017,S,National Park Quarters,Quarter,Quarter,Pending,,662ebebb-1f32-4b63-a6ba-61b21a7e6524
1980,,Lincoln Cent,Penny,Penny,Pending,,6635358a-b941-43e6-8775-901df0c41a19
2002,D,Kennedy Half Dollar,Kennedy Half Dollar,Kennedy Half Dollar,Pending,,663641dc-13d7-4c51-a357-33aa49d78f9f
1880,CC,Liberty Seated,Dollar,Dollar,Pending,,6640cff2-2eb9-4fbf-ab46-d7c02611d7b3
1976,S,U.S. Bicentennial,1 Dollar,1 Dollar,Pending,,6649469b-2d12-423f-be89-8965da1b6886
1960,D,Jefferson Nickel Series,Nickel,Nickel,Pending,,66544263-aecb-458f-8c8f-b6ee1eeead41
1863,,Liberty Seated,Quarter,Quarter,Pending,,666a0b29-5b98-4a10-8aab-fc0f55416807
1928,,Lincoln Head Penny,Penny,Penny,Pending,,666f4939-10f1-4906-a297-9dd2f63d7f57
2014,S,National Park Quarters,Quarter,Quarter,Pending,,66a9f314-bd49-45fa-955a-96096a375b59
1990,D,Lincoln Head Penny,Penny,Penny,Pending,,66b08420-d52f-4960-8b12-49508a922e82
1839,O,,Nickel,Nickel,Pending,,66ca64f7-0c59-4e5f-bb3e-fe5265ffcac5
1982,,Lincoln Head Penny,Penny,Penny,Pending,,66d66032-4507-4e7c-aed2-ab55ffb1da4e
1874,,Indian Head Pattern Dollar,Dollar,Dollar,Pending,,67024e1e-9f50-4f8d-9547-3a7b40300297
1986,,American Silver Eagle,1,1,Pending,,6717b0b4-dd1a-4cf7-9447-ba993f9d4f76
1913,,Indian Head Gold Half Eagle,$5 ,$5 ,Pending,,671fd626-b7a3-4ff2-b52b-edff22b575ee
2007D,,Roosevelt Dimes,Dime,Dime,Pending,,6757a7b3-09a6-47cb-9649-d65c0cb36814
2018,P,America the Beautiful Quarters,Quarter,Quarter,Pending,,6758fe59-42f0-401b-80b1-41bbc7be4b6a
2010,S,Lincoln Shield Cent,Penny,Penny,Pending,,678b4027-a944-48ef-8fa5-f9f5e936c695
1987,D,Kennedy Half Dollar Series,Kennedy Half Dollar,Kennedy Half Dollar,Pending,,679f2f04-330a-432e-9e8f-00b2f06526c8
1847,,Liberty Seated,Half Dollar,Half Dollar,Pending,,679fbf71-7392-4688-bf45-84df631b9983
2010,S,National Park Quarters,Quarter,Quarter,Pending,,67b8b061-4a98-472e-9f3d-254ebe9cb54f
1845,,Liberty Seated,Liberty Seated Quarter,Liberty Seated Quarter,Pending,,67d273ff-7ea5-4302-8514-5753d83f7dc8
2002D,,State and Territory Quarters,Quarter,Quarter,Pending,,67f85e5d-073f-4e33-812a-ed3c750d0757
2013,S,America the Beautiful Quarters,Quarter,Quarter,Pending,,67f9b796-f0e5-40f7-8f19-5390c0a10cb1
1929,S,,Buffalo Nickel,Buffalo Nickel,Pending,,67fda811-f611-41c8-a9eb-7084da2fa54c
1982,,Lincoln Head Penny,Penny,Penny,Pending,,683391a3-43ff-461a-9328-76e157667317
2011,P,America the Beautiful Quarters,Quarter,Quarter,Pending,,6845770c-4390-4c1f-9164-8bb8bcffff1a
1917,S,Mercury Silver Dime,1 Dime,1 Dime,Pending,,684a7842-9696-4f26-9bf3-613880fc8ca6
2012,S,National Park Quarters,Quarter,Quarter,Pending,,6852705e-d51e-4e8d-b7ac-6e85f3fc54e8
2023,P,Native American Dollar,Native American Dollar,Native American Dollar,Pending,,68562ece-67fa-4a68-863b-7477138fb96b
1936,,Washington Silver Quarter,Quarter,Quarter,Pending,,687bdd01-0589-406e-be74-5ddbbc4b32fd
1855,O,Liberty Seated,Quarter,Quarter,Pending,,687c1806-2d83-4975-a8c3-aea3955b55be
1953,,Franklin Half Dollar,Half Dollar,Half Dollar,Pending,,687d367e-a30e-4b1a-99f5-b063fefdbc8b
1889,CC,Morgan Silver Dollars,1 Dollar,1 Dollar,Pending,,687f4b9a-c5a9-401e-b1b4-e2dfffdd524f
1921,,Lincoln Wheat Cent,Penny,Penny,Pending,,688f52ee-75b4-4166-b3ef-2643f1c932c3
1914,S,Barber,Half Dollar,Half Dollar,Pending,,689861de-1f09-458b-8119-68d5d5833206
1944,P,Jefferson Nickel Series,Nickel,Nickel,Pending,,68a77009-2d13-44f3-8cc2-aa0952abbb88
1893,,,Indian Head Cent,Indian Head Cent,Pending,,68b70074-eb35-4d94-b008-7b4e4d1d4faf
1946,,Lincoln Cent Series,Penny,Penny,Pending,,68bddf80-bc07-4a72-af16-bdf67603209f
2005,D,Lincoln Head Penny,Penny,Penny,Pending,,68c1570c-d13a-4054-beb3-93ef33a15216
1909,,Barber Silver Quarters,25 Cents,25 Cents,Pending,,68c7124a-404c-4c58-bcfb-df23cb634eee
2001,D,Sacagawea Dollar,1 Dollar,1 Dollar,Pending,,68d1adb5-8e32-4c3b-b88c-53bf6921e60c
1989S,,Roosevelt Dimes,Dime,Dime,Pending,,68d9f935-b260-4ae2-bc33-95d31a5c1ae4
1939,P,Liberty Walking Half Dollar,Half Dollar,Half Dollar,Pending,,68dfff41-811a-4ff3-9998-2e447bcdca69
1888,S,Liberty Seated Silver Dime,Dime,Dime,Pending,,68e0486c-206e-402e-89bf-7482a25f9a8f
1944,,,Quarter,Quarter,Pending,,68fded5b-50cb-4c72-a154-ffcf6a2d9b0d
1926,,Mercury Dime,Dime,Dime,Pending,,6916b0f2-6fe5-46e9-9cec-bf37bb498448
1821,,,Capped Bust Silver Quarter,Capped Bust Silver Quarter,Pending,,692dbcfc-3c13-4c69-98e7-3c28954a9bbd
2013,D,Lincoln Cent Series,Penny,Penny,Pending,,692dbe54-7407-45fd-9b33-a03009b99be8
1943,D,,Dime,Dime,Pending,,693f302a-3d4c-416d-aaee-f84e1a544bd6
2018,P,America the Beautiful Quarters,Quarter,Quarter,Pending,,6949878d-ef30-4acc-815f-f5ee7bc15b99
1851,,Liberty Seated Silver Dime,Dime,Dime,Pending,,6955af25-52c4-4acc-b3b7-56f1669119cc
1866,S,Liberty Seated,Half Dollar,Half Dollar,Pending,,698d7968-e877-4c1e-9370-27f5442e7f0d
1868,,Liberty Seated Silver Dime,Dime,Dime,Pending,,6990fbbe-55fa-44a6-a18d-b992acb57b94
N/A,,"Liberty Head Half Eagle (with motto, 1866-1908)",$5 ,$5 ,Pending,,69a6820d-51e8-4153-ab15-eddc78c9721d
1973,S,Lincoln Cent,Penny,Penny,Pending,,69adbe53-f2d3-42e7-9f3c-44aa20827a60
1998D,,Roosevelt Dimes,Dime,Dime,Pending,,69b15ff8-6a76-4312-8648-063d37e0e234
1908,,Indian Head Cent,Penny,Penny,Pending,,69cf84c6-6621-4b72-88be-d425d2c75109
1958,D,Franklin Half Dollar,Half Dollar,Half Dollar,Pending,,69f077c8-3488-41e9-adca-84660a0d1ee2
2006,,Lincoln Cent Series,Penny,Penny,Pending,,6a133179-5f92-42b5-b94d-4585c9d95654
2001S,,State and Territory Quarters,Quarter,Quarter,Pending,,6a1a5977-07ec-4f68-af9f-198782db87d3
1920,S,Lincoln Head Penny,Penny,Penny,Pending,,6a23371c-db4a-483d-9362-9a3cd7c77039
1917,D,Standing Liberty Silver Quarter (Type 2),Quarter,Quarter,Pending,,6a2a864c-98c5-4e19-8805-3b0b9f0a6f8b
1988,,American Eagle,Dollar,Dollar,Pending,,6a57e944-ee3f-4d86-af8e-5d5481a367f2
1915,D,Lincoln Cent,Penny,Penny,Pending,,6a5d88a9-d7dc-4e85-a9d3-1d293a4081d9
1972,S,Eisenhower Dollar,1 Dollar,1 Dollar,Pending,,6a60f0a3-474d-45a9-8821-f919781ccd13
1949,,Lincoln Wheat Cent,Penny,Penny,Pending,,6a7aafc2-c1a5-472b-8679-3732fb35186d
2003D,,State and Territory Quarters,Quarter,Quarter,Pending,,6a821aea-4c3e-475a-8243-3b583c8fcb4a
2015D,,Presidential Dollars,1,1,Pending,,6aa3315d-4c29-4f0b-9b02-bdac6174c503
1912,S,Barber,Half Dollar,Half Dollar,Pending,,6abbd092-d2cb-4076-90da-6c2ea2b61d14
1970,,Roosevelt Dimes,Dime,Dime,Pending,,6ac10fca-ac02-47d0-b643-f6b0c7c20e43
1980D,,Washington Silver Quarter,Quarter,Quarter,Pending,,6acd9e39-e621-4ded-a1e7-fe89473aff1e
2012,D,National Park Quarters,Quarter,Quarter,Pending,,6ad0e51c-d9c6-4926-8d51-9e184c9dc639
1876,,Liberty Seated,Half Dollar,Half Dollar,Pending,,6ae68028-34da-4328-a684-5106bffb4e01
2022,P,US Women's Quarters,Quarter,Quarter,Pending,,6af2c14a-2145-4e6a-bec3-5a9da8927041
2011S,,Presidential Dollars,1,1,Pending,,6b02b694-a601-4176-af2e-a705e110791c
1930,,Mercury Dime,Dime,Dime,Pending,,6b1bc133-eff9-48af-9b56-43f15e61d4b1
2023,D,,Lincoln Cent,Lincoln Cent,Pending,,6b24ccd8-e17b-42e3-a22f-6c514c874b98
2007S,,Roosevelt Dimes,Dime,Dime,Pending,,6b355fbe-e42f-44fd-b03c-477486962d16
1858,S,Liberty Seated,Half Dollar,Half Dollar,Pending,,6b5155fd-8875-486a-87f7-809f86368b15
1999P,,State and Territory Quarters,Quarter,Quarter,Pending,,6b784acb-b2fd-40b7-b491-100be5977895
2023,,Modern Morgan Dollar,Morgan Silver Dollar,Morgan Silver Dollar,Pending,,6b7d914d-cca6-4268-9de7-811061949965
1960,,Washington Silver Quarter,Quarter,Quarter,Pending,,6b8f0a9a-49d6-4a09-bbe3-a0700ea80f82
1819,,,Capped Bust Silver Quarter,Capped Bust Silver Quarter,Pending,,6b956962-8329-4d4e-a668-e37853c85814
2001,S,Lincoln Memorial Cent,Penny,Penny,Pending,,6b9a98c8-d2ae-4a39-971f-98dc353ff7f7
1985S,,Washington Silver Quarter,Quarter,Quarter,Pending,,6ba112ac-ea5b-4b74-ac91-bf13a82b060d
1925,,Lincoln Wheat Cent,Penny,Penny,Pending,,6bb57f62-135e-4882-98b4-3cc768aa0def
1953,,Lincoln Wheat Cent Series,Penny,Penny,Pending,,6bb6465d-a4b2-4816-86af-dc444ae5b866
2015,P,America the Beautiful Quarters,Quarter,Quarter,Pending,,6bc69bfc-e2f8-49a5-ab84-a5198d70bda0
1960,,Roosevelt Dimes,Dime,Dime,Pending,,6bc862fd-4a47-4f8f-ada0-9675c76403ff
1910,D,Barber Dimes,Barber Silver Dimes,Barber Silver Dimes,Pending,,6be4f6df-c090-4e06-b972-f74ba1c11975
1948,,,Nickel,Nickel,Pending,,6bf7abab-c930-488d-9287-a69f8125f523
1830,,Capped Bust,Nickel,Nickel,Pending,,6bff2fe5-6f90-47cd-ad81-ad013f9d4fb2
2000,P,American Eagle,Dollar,Dollar,Pending,,6c0abf21-d007-4b6e-8d5a-855c2e6c440f
1942D,,Roosevelt Dimes,Dime,Dime,Pending,,6c13dea9-7125-4326-b4b5-070d9715c64a
1917,,Buffalo Nickel,Nickel,Nickel,Pending,,6c1d581c-e45d-417f-ad51-f436c332824f
1906,,Barber Silver Quarters,25 Cents,25 Cents,Pending,,6c3d9ef4-ed2a-4306-9fb0-b18ad2e30d97
2005S,,State and Territory Quarters,Quarter,Quarter,Pending,,6c476050-3c9e-4b49-8e8d-0de25077451b
Year,LETTER,Barber Dimes,Barber Silver Dimes,Barber Silver Dimes,Pending,,6c85bfc0-32d2-4472-ab8b-36afde6eeb38
1977,,Eisenhower Dollar,Dollar,Dollar,Pending,,6c945d3c-1587-47d6-8030-a760e93e3f04
2014,D,America the Beautiful Quarters,Quarter,Quarter,Pending,,6c9f7cf6-ff39-4ab6-837d-c77b415495dc
1954,,Washington Silver Quarter,Quarter,Quarter,Pending,,6ca93da0-8396-47ea-bf45-5bba2d64769b
1842,O,Liberty Seated,Quarter,Quarter,Pending,,6cbbee05-3070-4413-a7d2-2394fd7fd969
1959,,Roosevelt Dimes,Dime,Dime,Pending,,6cc3d51c-4129-431d-bca8-5e66569e9eb8
1963,,Washington Silver Quarter,Quarter,Quarter,Pending,,6cce4a1a-32fc-4710-82db-22c1729b396a
1995,,American Eagle,Dollar,Dollar,Pending,,6cdd31b4-1a69-4255-ab87-d32e4f29ff5a
2004,P,Kennedy Half Dollar Series,Kennedy Half Dollar,Kennedy Half Dollar,Pending,,6d104ba0-345e-462b-9019-3fce405c2acc
1835,,,Capped Bust Silver Quarter,Capped Bust Silver Quarter,Pending,,6d36146e-b070-4e99-9f48-f7d7363b605d
2007P,,State and Territory Quarters,Quarter,Quarter,Pending,,6d3efe75-ca5a-4a18-b4a4-95f8e69b86bd
1979,,Kennedy Half Dollar Series,Kennedy Half Dollar,Kennedy Half Dollar,Pending,,6d4195aa-c941-471e-8ee7-488324414f03
2009S,,State and Territory Quarters,Quarter,Quarter,Pending,,6d459da4-12bf-4fda-bebd-9aaedc852554
1908,,Indian Head Gold Eagle,$10 ,$10 ,Pending,,6d5de833-4b68-4f51-899d-9f74f4051eff
1997,D,Kennedy Half Dollar Series,Kennedy Half Dollar,Kennedy Half Dollar,Pending,,6d6ae873-4265-494d-87a4-dc48084b796f
1894,,Morgan Silver Dollar,Dollar,Dollar,Pending,,6d79f4bd-2a96-4bff-a3a6-eaf0918ed37a
1962D,,Roosevelt Dimes,Dime,Dime,Pending,,6da4d89b-5a7c-4f50-8d8c-e0a1d9ba9a95
1963,,Time Capsule Year Set,5-Coin Set,5-Coin Set,Pending,,6da80064-a092-43ba-9ae7-74802ee6c7f1
1864,S,Liberty Seated,Half Dollar,Half Dollar,Pending,,6dd05de2-d73d-4e5e-b02b-e49ce6081019
2006,W,American Eagle,Dollar,Dollar,Pending,,6ddec75b-ae12-425f-bc1c-578cb672e83b
1943,S,Mercury Dime,Dime,Dime,Pending,,6ded448c-6eab-4dee-8bc3-e59ae83fc36c
1954,D,,Nickel,Nickel,Pending,,6e01950e-b77b-4af9-a60e-5e62f8199dd5
1909,S,Barber,Half Dollar,Half Dollar,Pending,,6e2d85f9-02c6-4ac4-b575-6dda98f7c6ee
1997P,,Washington Silver Quarter,Quarter,Quarter,Pending,,6e42a707-8276-4df8-b84f-234e97797182
1973,S,Kennedy Half Dollar Series,Kennedy Half Dollar,Kennedy Half Dollar,Pending,,6e5e45d4-dd65-4511-b98c-e54de4caee8b
2012D,,Presidential Dollars,1,1,Pending,,6e5e7a9b-1e5f-475c-86dc-bef8a4627519
1830,,Capped Bust Dime,Capped Bust Silver Dime,Capped Bust Silver Dime,Pending,,6e621e43-81aa-4a7b-a7a6-17d6034a75ae
2017,S,Kennedy Half Dollar Series,Kennedy Half Dollar,Kennedy Half Dollar,Pending,,6e694f12-48ff-4561-b218-f589ded549a9
1835,,Capped Bust,Nickel,Nickel,Pending,,6e6b2890-eaed-40d1-b852-db6994019c44
1971,S,Eisenhower Dollar,Dollar,Dollar,Pending,,6e7822ee-9160-410c-847e-e7e783ec9c13
2010,P,Lincoln Cent,Penny,Penny,Pending,,6e8d7842-a4a7-40c8-a8c9-2b2a9f4ec650
1971,D,Lincoln Head Penny,Penny,Penny,Pending,,6e947942-e968-47cf-89c9-b38dcd1a0a73
2006,W,American Eagle,Dollar,Dollar,Pending,,6e9aca0a-9f28-4fb0-a81b-914d5370f48c
2014S,,Presidential Dollars,1,1,Pending,,6e9f40e9-35b3-492e-91c3-130563dcee93
1937,S,Lincoln Cent Series,Penny,Penny,Pending,,6eb56b20-62ae-4943-a2e4-2f47fb149ff1
1965,,Washington Silver Quarter,Quarter,Quarter,Pending,,6ec3c6d1-b30d-46b0-8622-11f21bd004cf
1871,S,Liberty Seated,Half Dollar,Half Dollar,Pending,,6ed44f09-c6af-409e-ae06-5bb45164fd61
1994S,,Roosevelt Dimes,Dime,Dime,Pending,,6ee1a990-ebe3-4690-b32e-d69547803386
1855,,,Nickel,Nickel,Pending,,6ee57bb5-a0b6-4f83-90ed-d7b66e9e10a0
2010,D,America the Beautiful Quarters,Quarter,Quarter,Pending,,6eecd9e7-f022-4d47-88c9-53b2e9e63e1c
2006,,Lincoln Cent Series,Penny,Penny,Pending,,6efb4af7-abc3-4715-8fa7-f69911f6bb13
1901,O,Barber Silver Quarters,25 Cents,25 Cents,Pending,,6f031611-d6b1-40b6-a929-5d3a7e4dddbd
1970,S,Lincoln Head Penny,Penny,Penny,Pending,,6f07fc62-8c1e-4957-b883-911b4d268858
1898,,Barber Silver Quarters,25 Cents,25 Cents,Pending,,6f2f2dcf-7740-4ef7-974a-7266a3fbd3d8
1891,,Liberty Seated,Quarter,Quarter,Pending,,6f30af8a-2f51-48ac-823a-aa7158bfddd4
1916,,,Barber Silver Dime,Barber Silver Dime,Pending,,6f35ce51-aba0-42dc-a4a7-154a20784ffa
1992,,American Silver Eagle,1,1,Pending,,6f526eb1-8cec-440f-91ed-9f1a71ed712f
2023S,,Roosevelt Dimes,Dime,Dime,Pending,,6f5cfcb7-1fe6-476f-ab5e-ca9d1b3951f1
1898,PENDING,Barber Series,Dime,Dime,Pending,,6f6083a5-2db6-4421-887d-3e37d806f627
1940,P,Jefferson Nickel Series,Nickel,Nickel,Pending,,6f646fb2-d7a8-4107-aff4-7e7d13146c4b
1978,,Washington Silver Quarter,Quarter,Quarter,Pending,,6f761c5e-a26f-4988-b710-d1cc30ae52ea
1945,,Mercury Dime,Dime,Dime,Pending,,6f892f36-e92d-4883-b013-bb91e115495e
2011,S,National Park Quarters,Quarter,Quarter,Pending,,6f8ba559-54b3-4a9c-9ab6-928a53013505
1910,S,Lincoln Wheat Cent Series,Penny,Penny,Pending,,6f8d9264-a15a-4d37-a0d5-36bc5daebbec
1913,S,Lincoln Head Penny,Penny,Penny,Pending,,6fa3550e-ae3f-4d47-8ac4-fd8f5bcef72e
2004,P,Sacagawea Dollar,1 Dollar,1 Dollar,Pending,,6fa88d2a-d595-4654-8dfd-7f8b08f83ef4
1945,,Lincoln Cent,Penny,Penny,Pending,,6fda78d9-5d21-46f4-8989-151c3cd16a7d
1948,D,Franklin Half Dollar,Half Dollar,Half Dollar,Pending,,6fe9eda8-a6d5-4e6a-9ccb-a0cff4483d5b
2007S,,State and Territory Quarters,Quarter,Quarter,Pending,,703ebd80-d619-4819-909f-48948f072510
2011,D,Kennedy Half Dollar Series,Kennedy Half Dollar,Kennedy Half Dollar,Pending,,704609a7-1fee-4fc4-886b-c867a5461770
2022,S,US Women's Quarters,Quarter,Quarter,Pending,,70633463-ef08-4a34-9535-08e579a1958f
2022,S,Kennedy Half Dollar,Kennedy Half Dollar,Kennedy Half Dollar,Pending,,70888ab7-9ee2-4535-91dd-0fc5fafd55e2
1942,,Time Capsule Year Set,Mixed US Coin Set,Mixed US Coin Set,Pending,,708a25f4-5cfc-46cd-a416-13adea5bedd0
1998S,,Washington Silver Quarter,Quarter,Quarter,Pending,,709785cb-6102-4ddb-bcf6-1f9920918af8
2018,D,America the Beautiful Quarters,Quarter,Quarter,Pending,,70b365d3-4609-4949-b5c5-7f898b1ee8c4
1962D,,Washington Silver Quarter,Quarter,Quarter,Pending,,70b4ff98-8320-441b-97f9-95bde59bbeb2
1925,S,Lincoln Head Penny,Penny,Penny,Pending,,70cd9f54-4bc9-47d0-87bb-c6b78be817f4
2000S,,Roosevelt Dimes,Dime,Dime,Pending,,70db7342-a016-47ef-9758-665986e958c3
1858,,Liberty Seated,Half Dollar,Half Dollar,Pending,,70eab2a4-c6cb-479f-98f6-ce468a7b35ee
1919,S,Standing Liberty Silver Quarter,Quarter,Quarter,Pending,,70f08d32-5371-46bc-a2db-00f6e75a44b5
1979,S,Lincoln Cent Series,Penny,Penny,Pending,,70f09f61-48b6-4564-8c6a-a990d6affb41
1895,O,Morgan Silver Dollars,1 Dollar,1 Dollar,Pending,,70f470e7-4a77-401e-a696-f3e624f938e9
1929,D,Mercury Dime,Dime,Dime,Pending,,711e56b0-64e0-4e87-b896-47c8f6d69baf
1939,S,Lincoln Cent,Penny,Penny,Pending,,711ef587-c21e-47e7-a859-760769303515
1999,P,American Eagle,Dollar,Dollar,Pending,,7133e6fb-f10c-4ddb-b84d-3c172d7d06d4
2000,D,Lincoln Head Penny,Penny,Penny,Pending,,71350db3-fd95-40ee-b4bf-65a4cb6784bb
1913,,Lincoln Cent,Penny,Penny,Pending,,7141607b-1136-4a70-b20f-43c4985d0cbf
2013,P,America the Beautiful Quarters,Quarter,Quarter,Pending,,7145151e-1270-4370-bd01-5bb6b3c67890
1959,D,Mercury Dime,Dime,Dime,Pending,,7147dfc8-687a-4ee9-9a13-bd76e37521c1
2011,S,Kennedy Half Dollar,Kennedy Half Dollar,Kennedy Half Dollar,Pending,,719e8387-94b0-48a5-b0d6-feab0cf4126f
1861,,Indian Head Cent,1 Cent,1 Cent,Pending,,719f5144-e5e2-49d6-91f9-9a40901a8f2e
2016,S,Kennedy Half Dollar,Kennedy Half Dollar,Kennedy Half Dollar,Pending,,71b08e78-b8f9-4f96-891e-6548e24ac0d0
1942,,America Revisited Selection Year Set,5-Coin Year Set,5-Coin Year Set,Pending,,72198219-01aa-42fa-a090-8fb11f6d11c3
1882,O,Morgan Silver Dollars,1 Dollar,1 Dollar,Pending,,722833e3-c418-4eeb-9724-3fca5df2ccdd
2023,D,Native American Dollar Program,Native American Dollar,Native American Dollar,Pending,,722b31ae-a2a9-43f6-ac72-5795eaa83d26
1917,S,Lincoln Head Penny,Penny,Penny,Pending,,725da1f8-f4df-4b63-82c6-ebc32230c8aa
1963,,Lincoln Head Penny,Penny,Penny,Pending,,72616632-8952-40f3-bd5b-0a6f2b9adf42
1914,D,Barber Series,Dime,Dime,Pending,,727637e4-b6e0-49b1-9723-bbcc3e00e135
1989,,American Eagle,Dollar,Dollar,Pending,,7287a689-0296-4237-8601-b82e75466ed9
1955,S,Lincoln Head Cent,Penny,Penny,Pending,,7288a5f9-7405-4efb-ac75-14704ba24527
1921,D,Morgan Silver Dollars,1 Dollar,1 Dollar,Pending,,72a388ce-f3b3-4872-a6e9-8af83871b2c0
1961D,,Roosevelt Dimes,Dime,Dime,Pending,,72cc2178-0bf4-4f04-b0e9-934ddcd38c11
1921,,Lincoln Cent,Penny,Penny,Pending,,72e61748-cfa0-439b-b68e-0811ae368475
1927,S,Mercury Dime,Dime,Dime,Pending,,72f31bc1-e6fe-4a34-86c0-ea05cafa3ad4
1926,,Lincoln Cent,Penny,Penny,Pending,,72f62058-79f3-477a-b2c5-a4126335fb69
2008S,,State and Territory Quarters,Quarter,Quarter,Pending,,733698b6-51d4-4208-a9d5-e13a9eeb4e11
1910,P,Barber Dimes,Barber Silver Dimes,Barber Silver Dimes,Pending,,733a8c33-66d7-49bc-871d-42ae6b469f50
1832,,Capped Bust,Nickel,Nickel,Pending,,733c81f1-2439-4760-8939-837e5a5c9b26
2011,W,American Eagle,Dollar,Dollar,Pending,,733f2bd1-2a4b-402d-8bfd-696188f0ffd1
2002D,,Roosevelt Dimes,Dime,Dime,Pending,,734f2aad-4241-4f64-8966-686d1bdd7ef5
2020,S,National Park Quarters,Quarter,Quarter,Pending,,7358a5c1-8a6a-40b0-92da-62cd78ccf1a4
2012,S,Lincoln Cent Series,Penny,Penny,Pending,,735afb54-5a73-4632-b976-e9a84f111fb7
1956,,Franklin Half Dollar,Half Dollar,Half Dollar,Pending,,7360bfb8-424a-4d82-b057-ca5d3d898035
1903,S,Morgan Silver Dollars,1 Dollar,1 Dollar,Pending,,736984b2-8f88-4aa8-8a8f-54d43ebf6ef9
2010,P,America the Beautiful Quarters,Quarter,Quarter,Pending,,73a10342-448d-4312-86fd-a499938b595e
1990P,,Roosevelt Dimes,Dime,Dime,Pending,,73bb23c4-61e1-4374-89e4-d7177141bfa3
1872,,Liberty Seated,Dollar,Dollar,Pending,,73c0c31f-d1dd-42ed-bfa4-e0f322f22322
1981P,,Roosevelt Dimes,Dime,Dime,Pending,,73ddbb02-f43c-4d50-9686-c4d3375b37ad
2010,D,National Park Quarters,Quarter,Quarter,Pending,,73e36d00-d57a-4d37-8bfc-ee43e0a54c97
2022,P,Native American Dollar Series,Native American Dollar,Native American Dollar,Pending,,73eb21bf-7545-4498-99a7-def912853e4f
1922,,Peace Dollar,Dollar,Dollar,Pending,,73f76e62-aed7-4083-a5c0-30009858f51d
2018,S,National Park Quarters,Quarter,Quarter,Pending,,73feb3da-b610-4fa8-adbb-a81c0b318433
1914,S,Barber Dimes,Barber Silver Dimes,Barber Silver Dimes,Pending,,740a3560-421e-45ea-a580-2cba2aaad907
1943,D,Mercury Dime,Dime,Dime,Pending,,7421e5de-dd9e-49fe-a69c-e398c4beb1b9
1890,CC,Morgan Silver Dollars,1 Dollar,1 Dollar,Pending,,7424915f-baa5-4c8b-8776-6de9345a868c
1936,,Lincoln Wheat Cent Series,Penny,Penny,Pending,,742f2749-17a6-4b9d-b8c2-3d4efbb8417e
1943S,,Washington Silver Quarter,Quarter,Quarter,Pending,,7449aea4-2b27-4c10-a2d5-90d42e694894
1924,D,Standing Liberty Silver Quarter,Quarter,Quarter,Pending,,744c8b22-1f57-4874-9c1a-769a26376689
1950,S,Lincoln Cent,Penny,Penny,Pending,,74551d1d-0342-4ee6-b819-f201ef492c5f
2016,P,America the Beautiful Quarters,Quarter,Quarter,Pending,,748a2582-9d89-43ef-89c0-7ac3cd62a24c
2015,P,America the Beautiful Quarters,Quarter,Quarter,Pending,,74916f72-19de-41e4-89e6-84ccdfef5814
1978,D,Lincoln Cent,Penny,Penny,Pending,,749a75ec-fb16-411f-ae4a-b3b0a6001a21
1901,O,Barber,Half Dollar,Half Dollar,Pending,,749bf9ff-d3ee-42eb-9960-2e7f5568bacc
1954,,America Revisited Club; Time Capsule Year Set,1954 America Revisited Club; Time Capsule Year Set,,Pending,,74c4aede-d8fa-42ce-bcf4-b838f1829e09
2000S,,State and Territory Quarters,Quarter,Quarter,Pending,,74c99b13-3663-41b1-8c45-f030b905710d
2015,P,America the Beautiful Quarters,Quarter,Quarter,Pending,,74db347a-02f1-46ad-97da-0fde20c6e207
2013,P,America the Beautiful Quarters,Quarter,Quarter,Pending,,74dbf42a-e49b-4de3-9198-5cb2981c5da1
2015,D,Native American Dollar,1 Dollar,1 Dollar,Pending,,756db344-c014-4982-9625-665e976d8f2b
2002S,,State and Territory Quarters,Quarter,Quarter,Pending,,757d006d-c002-4702-8b26-7650c4652eba
1955,,Lincoln Wheat Cent,Penny,Penny,Pending,,75b308c1-84a3-4d50-bfe8-ecc6873c2818
1949,S,Lincoln Cent,Penny,Penny,Pending,,75b48be8-5c98-4eb4-8f95-0ef401371cc5
1953,,Washington Silver Quarter,Quarter,Quarter,Pending,,75ecf7dd-d19c-4ad1-b04f-8e7be89bae72
1958,,Franklin Half Dollar,Half Dollar,Half Dollar,Pending,,75effe50-de83-4389-ad57-0e8aac5cd054
2018,S,National Park Quarters,Quarter,Quarter,Pending,,75f80fb2-3140-4cdc-b0c4-84ec07a9bad9
1937,,Mercury Dime,Dime,Dime,Pending,,75f8ada4-2666-47f7-b46e-80c49cefa2ba
1848,,Braided Hair Large Cents,Large Cent,Large Cent,Pending,,75fbf345-ae4f-42b5-991b-756a7c53765b
2018,P,National Park Quarters,Quarter,Quarter,Pending,,75fc182e-dd90-49f2-9228-97545750a42c
2019D,,Roosevelt Dimes,Dime,Dime,Pending,,7673b06b-340d-4c24-a78f-6f04d08ddcac
1974,S,Kennedy Half Dollar,Kennedy Half Dollar,Kennedy Half Dollar,Pending,,76839cf3-a9f4-405a-926f-cdb8e1ca164b
,,Morgan Silver Dollar,1,1,Pending,,76b30085-7dc5-4369-8082-528cdca9bdf4
2023,,The Ultimate Modern Morgan and Peace Silver Dollar Collection,Peace Dollar,Peace Dollar,Pending,,76b5183c-bb0b-41b7-aa8e-a073b63e2179
2015S,,Roosevelt Dimes,Dime,Dime,Pending,,76c12f6b-e683-4115-89f2-8de30421482c
1941S,,Washington Silver Quarter,Quarter,Quarter,Pending,,76c8c671-02b8-4f80-8aee-35f888d438e3
1921,D,Liberty Walking Half Dollar,Half Dollar,Half Dollar,Pending,,76e10271-aa32-4f17-98b9-2dfc0ed5ed42
1823,,Capped Bust,Capped Bust Silver Dime,Capped Bust Silver Dime,Pending,,76e18007-68d8-4958-934c-2eaa3c4b8870
1962,D,Franklin Half Dollar,Half Dollar,Half Dollar,Pending,,76fcf7a8-3f14-40fb-8db2-68fab53e0d9c
1962,D,Franklin Half Dollar,Half Dollar,Half Dollar,Pending,,77023016-baa5-4028-a216-aa83868754a3
1997,S,Kennedy Half Dollar,Kennedy Half Dollar,Kennedy Half Dollar,Pending,,770e81a0-e3f8-4864-b962-2942941a80a4
1910,D,Barber Series,Dime,Dime,Pending,,771039bc-e66e-49b7-b42d-e09aa8f195e8
1984P,,Washington Silver Quarter,Quarter,Quarter,Pending,,772e372a-cbd8-4b37-803a-d01d0b7134cb
1982,D,Lincoln Head Penny,Penny,Penny,Pending,,7738142d-bd09-4d13-bf9f-2e1f452f1884
1910,O,Barber Silver Quarters,25 Cents,25 Cents,Pending,,773b5404-0bba-41a5-8ddc-11888b752ea6
2015P,,Presidential Dollars,1,1,Pending,,7744aeb3-7dac-4b2e-a7c3-59cb0dffe24f
1945,S,Washington Quarter,Quarter,Quarter,Pending,,774cb37f-dcea-4600-bde7-54cb84d609b8
1936,D,Lincoln Head Penny,Penny,Penny,Pending,,7756280d-80a6-4ee1-8bfd-3b69abc3973d
1905,O,Barber,Half Dollar,Half Dollar,Pending,,77574d0c-7a04-4e2d-b07a-1b1a154d9622
1879,S,Morgan Silver Dollars,1 Dollar,1 Dollar,Pending,,775b28e8-91e6-4909-8164-52da94d289a6
1975S,,Roosevelt Dimes,Dime,Dime,Pending,,775fae47-2003-40ca-a353-aa80b609ba7f
1906,P,Barber Dimes,Barber Silver Dimes,Barber Silver Dimes,Pending,,77a005b6-2b89-489d-9995-d085a24512d8
2007,D,Kennedy Half Dollar Series,Kennedy Half Dollar,Kennedy Half Dollar,Pending,,77b02b53-ed00-4f55-b491-cc56e7ad44f4
1931,,Lincoln Cent,Penny,Penny,Pending,,77b1cfe7-e671-41a4-9985-aac16fcfa6be
1926,D,Peace Dollar,Dollar,Dollar,Pending,,77d3036a-eaa0-4b91-a18f-68e912486dc2
2018,P,Kennedy Half Dollar Series,Kennedy Half Dollar,Kennedy Half Dollar,Pending,,781d7ed3-ed2c-411a-8e17-33d1d4ee4ae3
1880,O,Morgan Silver Dollars,1 Dollar,1 Dollar,Pending,,782aef6f-9bce-4df7-8647-da645649137f
2016D,,Presidential Dollars,1,1,Pending,,782cddda-bd62-4b25-8cb6-b2482360128f
2004S,,State and Territory Quarters,Quarter,Quarter,Pending,,7830ad25-d435-4e15-b610-f3679f493540
1879,,Liberty Seated,Quarter,Quarter,Pending,,784cf2d2-5fb9-4923-aabe-6eead80ce268
1957,,Lincoln Wheat Cent,Penny,Penny,Pending,,78729e4f-a7fc-4bde-a2ad-1929e170dc37
1897,S,Barber,Half Dollar,Half Dollar,Pending,,787a221c-ed34-4b22-9c05-71b4280d78bb
2009P,,State and Territory Quarters,Quarter,Quarter,Pending,,78ba1212-e4aa-4477-aadb-e947833980e1
1989,S,American Eagle,Dollar,Dollar,Pending,,78ba23be-cc48-41d0-b6b4-c01a85e9cf0e
1964,,,Nickel,Nickel,Pending,,78c1dccc-095e-4538-9893-2d4ad7dd5126
1948,,Time Capsule Year Set,5-Coin Set,5-Coin Set,Pending,,78e6773b-cf88-41bf-842c-5930b402bcae
1994P,,Roosevelt Dimes,Dime,Dime,Pending,,7912003d-b594-4f11-8bc5-7bfd687ab101
1889,,,1889,,Pending,,79183f43-2e88-430d-bf52-144b56257e8a
2014,P,America the Beautiful Quarters,Quarter,Quarter,Pending,,7926f527-33c4-4ee3-a775-b9cf287c1fb1
2023,S,,Kennedy Half Dollar,Kennedy Half Dollar,Pending,,7931665d-28bc-4b4d-a4cb-8c5c9d234845
1999D,,State and Territory Quarters,Quarter,Quarter,Pending,,7932c83d-0e4a-4ee5-81db-688dbe8bad23
1942,P,Jefferson Wartime Nickel,Nickel,Nickel,Pending,,7967244f-6058-4b39-96a7-2d174d9f32bd
2013P,,Presidential Dollars,1,1,Pending,,79780eb2-f1a0-4319-b971-efc20ead4435
1986,,Lincoln Cent,Penny,Penny,Pending,,799c1c16-da1a-4bb5-a3fc-b555cc2655fb
1998,S,Kennedy Half Dollar,Kennedy Half Dollar,Kennedy Half Dollar,Pending,,79c04ddb-71e5-498c-a5c2-b6556c0033e0
1936,S,Liberty Walking Half Dollar,Half Dollar,Half Dollar,Pending,,79da447f-2459-4419-a115-1e7bdcbc16d5
1965,P,Roosevelt Dime,Roosevelt Dime,Roosevelt Dime,Pending,,7a039c37-1d37-4b49-a3f8-60522acc9c53
2021,S,Jefferson Nickel,Jefferson Nickel,Jefferson Nickel,Pending,,7a078ced-0b76-4b76-b7a9-c6347ed55664
1972,S,Eisenhower Dollar,1 Dollar,1 Dollar,Pending,,7a11171c-461d-44ca-81f1-0ac86f5b86de
1915,S,Barber Dimes,Barber Silver Dimes,Barber Silver Dimes,Pending,,7a3827d0-27e0-4245-a3a1-94558f59f067
2003,S,Sacagawea Dollar,1 Dollar,1 Dollar,Pending,,7a498f74-35e4-4d15-90f4-dc3932239ddc
2013,S,America the Beautiful Quarters,Quarter,Quarter,Pending,,7a4a5586-973b-4d7f-bf2f-7164070ebfc8
2006,P,Sacagawea Dollar,1 Dollar,1 Dollar,Pending,,7a77eb08-90c8-4055-b75e-2da2d5ad0d20
1932S,,Washington Silver Quarter,Quarter,Quarter,Pending,,7a8c55e1-8b20-48d8-8b9e-fd16efff5434
1941,,Washington Silver Quarter,Quarter,Quarter,Pending,,7adbdce2-9687-483d-b84a-236097dc450e
2007P,,Presidential Dollars,1,1,Pending,,7ae7bd22-c5d6-4c1c-9aec-f90902e2fc59
2017,D,Kennedy Half Dollar,Kennedy Half Dollar,Kennedy Half Dollar,Pending,,7ae9d565-4a30-4c56-bfff-57569cf78862
1876,,Liberty Seated,Quarter,Quarter,Pending,,7aee495f-38c0-4824-9fd9-c03f0e3d7a30
1997P,,Roosevelt Dimes,Dime,Dime,Pending,,7af2c6b6-ab76-4ba1-bc15-12ebb4b2489e
2016,S,America the Beautiful Quarters,Quarter,Quarter,Pending,,7af4ace8-c223-4214-ab59-604c0bf38b32
2011,,American Eagle,Dollar,Dollar,Pending,,7af62d0e-0112-4ee5-8a83-39ce65be1cea
1940D,,Washington Silver Quarter,Quarter,Quarter,Pending,,7b16abd0-7785-44dc-89e8-13d522380b76
1982,S,,Kennedy Half Dollar,Kennedy Half Dollar,Pending,,7b847045-a156-478c-af34-342324e06a9a
1927,S,Liberty Walking Half Dollar,Half Dollar,Half Dollar,Pending,,7b94e37f-5f77-4dbe-8cdd-379b025c0877
1919,,Lincoln Wheat Cent Series,Penny,Penny,Pending,,7bafaf4f-b3cf-45e9-90cf-a07f246ec745
2001,P,,Kennedy Half Dollar,Kennedy Half Dollar,Pending,,7bc03cee-64af-4b9c-a5e8-0981d6b9ff1a
1987D,,Roosevelt Dimes,Dime,Dime,Pending,,7bc49727-8548-4f05-892d-1728594dbb32
2003,D,Roosevelt Dime,Roosevelt Dime,Roosevelt Dime,Pending,,7bd5f4c8-9e21-44f5-8458-5b4ec0d6968a
1844,,Liberty Seated,Half Dollar,Half Dollar,Pending,,7bde473b-56f2-4888-91e9-e5e2bc9a693b
1891,CC,Morgan Silver Dollar,Dollar,Dollar,Pending,,7bf0f8c2-9215-4faa-93c6-5849c42ac44e
1886,O,Morgan Silver Dollars,1 Dollar,1 Dollar,Pending,,7bf76e05-f1d3-4375-9950-d1c1cb9493d9
2023,D,,Kennedy Half Dollar,Kennedy Half Dollar,Pending,,7bfcaae5-1bdb-4c59-9b8b-80a064a815cc
2022S,,Roosevelt Dimes,Dime,Dime,Pending,,7c032125-ce15-45d0-b993-7d282dea0501
1931,D,Lincoln Cent Series,Penny,Penny,Pending,,7c12a80f-3feb-4c05-8e23-838b135790be
2021,P,Native American Dollar Program,Native American Dollar,Native American Dollar,Pending,,7c19042b-edd8-4e7f-8586-583792a66077
1873,,Liberty Seated,Quarter,Quarter,Pending,,7c1b7896-e51d-4603-bed2-aa88db836932
1819,,,Capped Bust Silver Quarter,Capped Bust Silver Quarter,Pending,,7c2588e1-0c96-49fe-a41d-8a63ff2b7ea2
1962,,Lincoln Head Penny,Penny,Penny,Pending,,7c26c4f0-139a-4f02-946a-b8546a38ee32
1976,D,Lincoln Head Penny,Penny,Penny,Pending,,7c2e6f9f-fb1b-4298-8ecc-7d2c9c65fff7
1910,S,Barber,Half Dollar,Half Dollar,Pending,,7c3ec723-231e-41a3-aa74-2498edd3ab8a
1897,,Indian Head Cent,Penny,Penny,Pending,,7c55bbbc-56b3-466f-be78-c7169272c46f
1953,S,Lincoln Head Cent,Penny,Penny,Pending,,7c59933c-0a67-499c-a914-2e8300f9f076
1968,D,Lincoln Head Penny,Penny,Penny,Pending,,7c7500f8-cd75-4af0-8189-7532d706bc29
1969,,Washington Silver Quarter,Quarter,Quarter,Pending,,7c974d6d-a807-46f8-9439-7bf6b29389ef
1921,"P, D, S",Morgan Silver Dollar SET,1,1,Pending,,7c9c1f09-38f4-4ee7-a2f6-63bfdbf428d6
2001S,,State and Territory Quarters,Quarter,Quarter,Pending,,7cd81466-b095-4087-8011-18fa2d6edc10
1938,,,Capped Bust Silver Quarter,Capped Bust Silver Quarter,Pending,,7cfa382c-a94a-4ce3-a5e9-9649722470eb
2022,S,US Women's Quarters,Quarter,Quarter,Pending,,7cfcae05-29a8-47f7-9565-82833fb5507a
1861,O,Liberty Seated,Half Dollar,Half Dollar,Pending,,7d1baae4-72c6-4cc1-b366-0c22c67a3b8a
1915,,Lincoln Wheat Cent Series,Penny,Penny,Pending,,7d235c45-de40-4782-9848-2d1c5f338d16
1880,S,Morgan Silver Dollars,1 Dollar,1 Dollar,Pending,,7d53f8c1-1ce5-43a8-84dc-9d5eab05a354
2004S,,Roosevelt Dimes,Dime,Dime,Pending,,7d5cd3a4-6fd7-4670-831e-2779c5f0d260
1853,,Braided Hair Large Cents,Large Cent,Large Cent,Pending,,7d601036-13fd-4f78-9630-663bec99476d
2015,S,America the Beautiful Quarters,Quarter,Quarter,Pending,,7d6fc15c-33c0-4bcd-9340-b5746fdd3e92
2018,S,National Park Quarters,Quarter,Quarter,Pending,,7d935c8a-a714-42bc-b7d2-503eda9959d2
1980S,,Washington Silver Quarter,Quarter,Quarter,Pending,,7dac9049-51ce-41a4-a197-14df4558e197
1890,,,1890,,Pending,,7dcba4e6-d9d5-4698-a630-9c0adf868090
1923,S,Peace Dollar,Dollar,Dollar,Pending,,7dd3c3c8-51c3-4d27-a8b9-3beeaaec122c
1952,,Franklin Half Dollar,Half Dollar,Half Dollar,Pending,,7df3d6d4-f32e-41b7-a195-c10c1f9a387b
2022,S,US Women's Quarters,Quarter,Quarter,Pending,,7e01c418-e313-4649-b95d-7fad753d2a10
1928,,Peace Dollar,Dollar,Dollar,Pending,,7e0f89fc-5063-4cc7-96d6-393679d3e6ca
1849,,Liberty Seated,Liberty Seated Dime,Liberty Seated Dime,Pending,,7e1aaeaf-5bee-4dc1-b2c0-608126b2caf8
,,Morgan Silver Dollars,1 Dollar,1 Dollar,Pending,,7e3201e1-2cce-4f5f-bdb0-3c2c62bea6e0
1828,,Capped Bust Half Dollar,Capped Bust Silver Half Dollar,Capped Bust Silver Half Dollar,Pending,,7e47b848-9f14-47ca-9481-3e4b68ee7e32
2005S,,State and Territory Quarters,Quarter,Quarter,Pending,,7e5ea9bf-3432-4bbd-9639-a0fec43d4cc8
1876,,Liberty Seated,Half Dollar,Half Dollar,Pending,,7e605f9f-a34b-4093-b4aa-946049fb20a4
1941,S,Liberty Walking Half Dollar,Half Dollar,Half Dollar,Pending,,7e68a72e-422f-4888-902b-0f5f8f207c8c
1918,S,Standing Liberty Silver Quarter,Quarter,Quarter,Pending,,7e79125e-3f46-4ba1-9e08-7c0c90d64afc
1954S,,Washington Silver Quarter,Quarter,Quarter,Pending,,7e8918fe-d3f9-4d4f-95f3-750686db5df6
1941,,Walking Liberty,Half Dollar,Half Dollar,Pending,,7e892094-0a45-4ce4-9a45-46a37650a7ef
1972,,Kennedy Half Dollar,Kennedy Half Dollar,Kennedy Half Dollar,Pending,,7e8eec0c-c520-4c64-ba80-735ad8925cbe
2007P,,State and Territory Quarters,Quarter,Quarter,Pending,,7e8f00a5-31bc-43f3-99f6-19a10d6e90c4
1985,S,,Kennedy Half Dollar,Kennedy Half Dollar,Pending,,7ec1da1c-1e7c-468f-88d8-1745d86539fd
1984S,,Washington Silver Quarter,Quarter,Quarter,Pending,,7ed45afd-3031-4ab9-abc3-c59440e656a0
2005P,,State and Territory Quarters,Quarter,Quarter,Pending,,7ee77a6c-eac0-4ebb-ba0d-ddad5bb82efb
2006D,,State and Territory Quarters,Quarter,Quarter,Pending,,7ef6657a-c919-4291-bb56-844d74f22379
1958,D,Jefferson Nickel Series,Nickel,Nickel,Pending,,7f37fd68-1b4d-4047-8e45-00d17e804400
1834,,Capped Bust Half Dollar,Capped Bust Silver Half Dollar,Capped Bust Silver Half Dollar,Pending,,7f4087dc-d648-4b87-ba72-98102a055c1a
2003S,,State and Territory Quarters,Quarter,Quarter,Pending,,7f47de8b-3112-4c8b-bc4a-ba8820b049b6
1982,,Lincoln Cent,Penny,Penny,Pending,,7f541bae-352f-4b2d-97ea-f743e7b0ac2f
2021,P,Native American Dollar,1 Dollar,1 Dollar,Pending,,7f5843d6-b138-4876-9a96-4c75901fcf0f
2017,S,National Park Quarters,Quarter,Quarter,Pending,,7f605e9c-aadf-4231-9520-a936c69eff26
1916,S,Buffalo Nickel,Nickel,Nickel,Pending,,7f692f4e-df44-4606-aa6a-c506c8e2c366
1938,S,Mercury Dime,Dime,Dime,Pending,,7fa7fa50-86ef-4b96-a1bf-8806ce7d41f4
1982P,,Washington Silver Quarter,Quarter,Quarter,Pending,,7fac21d0-3237-4a7b-b857-df3f6d2e9df5
1900,S,Barber Silver Quarters,25 Cents,25 Cents,Pending,,7fb235fc-f12c-4ae4-9eb7-cf0463522972
2018,S,America the Beautiful Quarters,Quarter,Quarter,Pending,,7fc296aa-efce-46dc-bd9d-7d6478154865
1880,CC,Morgan Silver Dollars,1 Dollar,1 Dollar,Pending,,7fc3baa5-8614-4c57-875c-9a70b12b0b08
1987P,,Roosevelt Dimes,Dime,Dime,Pending,,7fceb27a-12bb-4a61-9494-d3583bfd7ce0
1844,,,Nickel,Nickel,Pending,,7feb8138-db21-4a93-bb5f-102af2041116
1912,S,Lincoln Cent Series,Penny,Penny,Pending,,7ff32472-3d26-4d63-b4e5-ba6936eca046
1950D,,Roosevelt Dimes,Dime,Dime,Pending,,80012908-c72f-48cd-aa39-3ea8d2cda633
1957D,,Roosevelt Dimes,Dime,Dime,Pending,,800d58fc-2b63-4b4a-8001-f2c333431121
1858,O,Liberty Seated,Half Dollar,Half Dollar,Pending,,800fc0e2-6cd4-44d0-bd66-1e7489b8c8af
1871,,Liberty Seated,Dollar,Dollar,Pending,,804a5642-ceb6-42a5-aa64-6ac10ff7f6b2
1944,,Lincoln Wheat Cent Series,Penny,Penny,Pending,,804f735a-cff7-4645-a7ff-1d7d7603dd96
1891,O,Morgan Silver Dollar,1,1,Pending,,808129d6-88fa-401d-964e-fcc4460b5c64
1867,,Shield Nickel,Nickel,Nickel,Pending,,80824dc7-3f21-4f7d-b67c-3accc59e7ca0
1940S,,Washington Silver Quarter,Quarter,Quarter,Pending,,808322e1-7925-49d2-819b-22e56873d1ad
1921,S,Mercury Dime,Dime,Dime,Pending,,80945548-0fc9-4e4d-bf01-432b278043db
1944,,Lincoln Wheat Cent,Penny,Penny,Pending,,80afb77c-1ad0-4e7e-8fa0-252cdb34d348
1910,,Lincoln Cent Series,Penny,Penny,Pending,,80c5e8f2-3e1f-4b93-bf4c-2f0b5242f762
1929,D,Lincoln Cent,Penny,Penny,Pending,,81381fdd-5e46-4f4d-80ce-5ee66777d1a1
1971,,Lincoln Cent,Penny,Penny,Pending,,814aac19-c62c-4f61-b3dd-77b5e1552d0a
1950,D,Jefferson Nickel,Nickel,Nickel,Pending,,8164bb15-1659-4600-8931-b0a7600a194f
1892,S,Morgan Silver Dollar,1,1,Pending,,816a08ed-38bb-4343-a6d4-212fd013636c
1992S,,Washington Silver Quarter,Quarter,Quarter,Pending,,81938e64-f2bd-435a-a08d-2ed737b37d21
1948,,Roosevelt Dimes,Dime,Dime,Pending,,81989767-3e7f-4fab-873f-a50625c1d676
1897,,Morgan Silver Dollars,1 Dollar,1 Dollar,Pending,,81b803e4-0c46-4dc2-a4d6-cdaa86e8c304
1945,D,Lincoln Head Penny,Penny,Penny,Pending,,81c3e4fc-24b1-43e5-9718-b42458582f03
2016,S,America the Beautiful Quarters,Quarter,Quarter,Pending,,81cb783b-8507-4348-a46f-1b45dee82344
,,Celebrating America Coin Collection,$1 ,$1 ,Pending,,81d0ccc0-0ebd-44e7-a644-7ff7ce9cc5f7
1998,P,American Eagle,Dollar,Dollar,Pending,,81dbdf5a-3b99-4de2-b13c-a5c7ba7a63e1
1860,S,Liberty Seated,Half Dollar,Half Dollar,Pending,,81f13e5e-09b8-47dd-95e2-e6e09703550b
1993,,THE U.S. NICKEL COLLECTION,Jefferson Nickel,Jefferson Nickel,Pending,,82029499-43ba-418e-a754-dc7abed17068
1958D,,Roosevelt Dimes,Dime,Dime,Pending,,8206f342-b76d-49ca-a76b-6edaa9f7de7d
1984S,,Roosevelt Dimes,Dime,Dime,Pending,,820f35c4-b044-4dcd-b85f-1d71ef26e1b6
2023,D,Native American Dollar Program,Native American Dollar,Native American Dollar,Pending,,822333d1-4bf1-4233-bdd3-1b8490521d04
1897,,Barber,Half Dollar,Half Dollar,Pending,,82291265-c7d1-4faa-b46c-647013e4ec92
1993D,,Washington Silver Quarter,Quarter,Quarter,Pending,,822d7a1f-2e85-48a7-8a52-df6173ad4490
1890,CC,Morgan Silver Dollar,1,1,Pending,,82336621-6792-42bb-ae9b-80b05ac4f67a
2012P,,Presidential Dollars,1,1,Pending,,825eea7f-df79-4c6d-8ffd-7a3b92ab6e75
1995P,,Washington Silver Quarter,Quarter,Quarter,Pending,,82681393-24c5-4946-8e1e-aa89e2f9f3b0
2000S,,State and Territory Quarters,Quarter,Quarter,Pending,,82a34a66-7299-493b-876f-6d6a7ac4dcef
1981,S,Kennedy Half Dollar,Kennedy Half Dollar,Kennedy Half Dollar,Pending,,82a6e994-aad4-4139-9a29-c77f9ad0e3a5
1929,,Lincoln Head Cent,Penny,Penny,Pending,,82cda57f-e829-4308-8445-761c1ca386c5
2015,S,Roosevelt Dime,Roosevelt Dime,Roosevelt Dime,Pending,,82cfedc8-b18e-470c-b8ca-d3cb4223a45f
2014,S,National Park Quarters,Quarter,Quarter,Pending,,82f02552-eae8-413a-9a78-e853cc06c64e
1908,S,Barber,Half Dollar,Half Dollar,Pending,,82faa73b-2eaf-4614-b4f8-a5f60f78fb01
2005P,,State and Territory Quarters,Quarter,Quarter,Pending,,8321704e-e17a-42ca-a876-229bd12fea87
1864,,Kennedy Half Dollar,Kennedy Half Dollar,Kennedy Half Dollar,Pending,,83368242-b01f-48ca-a15f-39f9d7000615
1979,D,Susan B. Anthony Dollar,Susan B. Anthony Dollar,Susan B. Anthony Dollar,Pending,,8339f1f8-fc15-4ad0-97e8-d350cf9a2585
2009S,,State and Territory Quarters,Quarter,Quarter,Pending,,8343b59c-b46b-4a38-970d-9bdc8a97e177
2008D,,Presidential Dollars,1,1,Pending,,836f4b2e-22c1-40da-bf5b-f816c945219b
1898,,Barber,Half Dollar,Half Dollar,Pending,,83762b9f-2d30-4499-88ea-6670fcd9ce64
2016,P,National Park Quarters,Quarter,Quarter,Pending,,838a1d38-32d0-40c4-b40e-5f9fadc1c9b9
1923,,Peace Dollar,Dollar,Dollar,Pending,,839b599a-3489-40cf-b09e-d5c109fbfd09
1990P,,Washington Silver Quarter,Quarter,Quarter,Pending,,83a1b1e3-f3cd-440f-9967-012d07b0ea9a
2020,D,National Park Quarters,Quarter,Quarter,Pending,,83bb5e3e-f797-409e-83c7-eda7edef076b
2018,,American Silver Eagle,Dollar,Dollar,Pending,,83ed4f1b-0345-44d0-a506-e1575885f786
1975,,Lincoln Cent,Penny,Penny,Pending,,840db3e6-8d2d-4465-8cbd-242039cca952
2021,P,National Park Quarters,Quarter,Quarter,Pending,,84438bd6-9fe8-4ac5-91d2-f31b6dd4f000
1955,,Washington Silver Quarter,Quarter,Quarter,Pending,,846e494a-044d-4ded-8837-67ea07081741
1968,D,Kennedy Half Dollar Series,Kennedy Half Dollar,Kennedy Half Dollar,Pending,,84746f1e-b5aa-4ef9-8cf3-98da4338a72c
1898,O,Barber Silver Quarters,25 Cents,25 Cents,Pending,,847e851d-c967-4f97-9d5f-aeb57ab9ba86
2013D,,Roosevelt Dimes,Dime,Dime,Pending,,849cc403-098c-4d1c-9d5e-9088a572df8d
1936,S,,Nickel,Nickel,Pending,,84a369ce-0147-45a1-9e33-25ec1cad4154
1935,,America Revisited Selection Year Set,5-Coin Year Set,5-Coin Year Set,Pending,,84af62f7-8d73-49f1-a527-da0b71edc323
1985S,,Roosevelt Dimes,Dime,Dime,Pending,,84afb046-17d2-499b-9976-30a6510f4453
1998,,American Eagle,Dollar,Dollar,Pending,,84b09ca9-8486-4cb6-a9ab-54c6219ebc92
1939,,Lincoln Wheat Cent Series,Penny,Penny,Pending,,84cbc40e-918a-4ab5-88f2-14e3576be0f7
1951,,Roosevelt Dimes,Dime,Dime,Pending,,84d91094-6d18-415a-9238-30b157cf9e2d
1933,,Lincoln Wheat Cent Series,Penny,Penny,Pending,,852f860d-5fae-4400-9334-e7ea33c493c4
1930,S,Lincoln Head Penny,Penny,Penny,Pending,,85345ce7-9290-46a5-ba18-8011efd6f9ca
1922,,Lincoln Cent Series,Penny,Penny,Pending,,85417a58-af75-4c3f-b5aa-fc9f00f87fbd
2013P,,Roosevelt Dimes,Dime,Dime,Pending,,8541c68c-b64e-48a1-b462-a1784c5962aa
2015,S,America the Beautiful Quarters,Quarter,Quarter,Pending,,8549ee58-98d9-4056-9676-221ae6dc0909
2007P,,State and Territory Quarters,Quarter,Quarter,Pending,,855dc451-6052-4c78-965f-a56a515422d9
2014S,,Presidential Dollars,1,1,Pending,,855efbcc-9c5e-4ac4-a4fd-a44f78125713
1918,,Lincoln Wheat Cent,Penny,Penny,Pending,,85879512-c371-4a84-8349-76611f4dc35f
2013D,,Presidential Dollars,1,1,Pending,,85a5f5a4-cd80-435b-993a-28e7f2fa2104
1952,,Franklin Half Dollar,Half Dollar,Half Dollar,Pending,,85dba95a-ddf4-4894-8ca0-e00016b78837
1956,,Lincoln Wheat Cent Series,Penny,Penny,Pending,,85e6da23-c2b2-44a4-aa6b-64ff60cd628d
1871,S,,Nickel,Nickel,Pending,,85f78bda-54aa-472c-a2d2-38316a15e9ec
2022,D,US Women's Quarters,Quarter,Quarter,Pending,,860d27c3-1f28-4535-9a27-a65fd351b1d3
1977,S,Lincoln Cent,Penny,Penny,Pending,,865086b4-4256-45dd-9892-0c5f9d4f9467
1979,S,Susan B. Anthony Dollar,Susan B. Anthony Dollar,Susan B. Anthony Dollar,Pending,,8658c60b-10f1-40d3-920c-c78650e11824
1924,D,Lincoln Head Penny,Penny,Penny,Pending,,8675e909-9198-42b7-8974-6769222ca205
1971,,Eisenhower Dollar,1 Dollar,1 Dollar,Pending,,867a2a10-9033-4dec-842b-b296d37b47c9
2004P,,State and Territory Quarters,Quarter,Quarter,Pending,,868e2d8f-8f5e-4bb1-acce-4df09d010777
1912,,Barber,Half Dollar,Half Dollar,Pending,,86b30372-b48b-4c29-8208-05278e947566
1964,,Washington Silver Quarter,Quarter,Quarter,Pending,,86bb7614-ed2d-4bc4-b143-67b80b437eaa
2017,P,Kennedy Half Dollar,Kennedy Half Dollar,Kennedy Half Dollar,Pending,,86bcbcd7-9e5f-4192-a1be-927e87172bb9
1870,,,1870,,Pending,,86f24f51-1fec-4171-8292-25028cc2f274
1874,,Liberty Seated,Half Dollar,Half Dollar,Pending,,86f3e682-fbd6-40cc-aeea-0c1da9ea7fe5
1908,,Barber,Half Dollar,Half Dollar,Pending,,871c1e37-b04f-4fd2-9c3f-65a8947f3216
2023,S,US Women's Quarters,Quarter,Quarter,Pending,,87442bdb-a7fa-4837-9b81-b6f694dc9f36
1904,PENDING,Barber Series,Dime,Dime,Pending,,87565c01-8bea-4213-b6f7-6967ca8a4542
2007D,,Presidential Dollars,1,1,Pending,,8765c7ab-0935-4fb4-8891-0a671f86e483
1834,,Matron Head Large Cent,Penny,Penny,Pending,,87686aed-a36f-4bfd-acc3-0985fb2e6e8e
1914,S,Lincoln Cent,Penny,Penny,Pending,,87a2b5ce-9ce9-46bd-a995-630886f3423f
1850,O,Liberty Seated,Quarter,Quarter,Pending,,87be5652-2ce3-4ef8-84e6-39dc3895434b
2011,P,National Park Quarters,Quarter,Quarter,Pending,,87db164a-fd07-4f57-8ad9-3b233d58b9d9
2008D,,State and Territory Quarters,Quarter,Quarter,Pending,,87ff47be-ac5b-4da8-b982-5e3bb2c0a7bf
1929,,Mercury Dime,Dime,Dime,Pending,,8803df12-a4ca-4fc0-807a-bb1b0ad47a75
1884,S,Morgan Silver Dollars,1 Dollar,1 Dollar,Pending,,880e0233-4c44-41ab-8acf-bbe373bd2543
1958,P,Jefferson Nickel Series,Nickel,Nickel,Pending,,881fe2d5-555c-4129-8936-3365cb4e7161
1951D,,Washington Silver Quarter,Quarter,Quarter,Pending,,88230d4f-a74c-40c1-9874-0b78bfa56bec
1875,,20 Cent Piece,20 Cents,20 Cents,Pending,,8824e03f-b4a6-4fb3-a91f-149c33747066
2008P,,State and Territory Quarters,Quarter,Quarter,Pending,,882aa9b9-88cf-47d4-8806-4317a551e028
1961,,Time Capsule Year Set,5-Coin Set,5-Coin Set,Pending,,882bd16b-8e35-4317-b0ac-9ac3e183cb3f
1953,,Roosevelt Dimes,Dime,Dime,Pending,,88344017-c110-4b6c-aef4-d281e39a2f63
2007D,,State and Territory Quarters,Quarter,Quarter,Pending,,885deefb-6a87-47fd-95cb-9644efbce51d
1897,S,Morgan Silver Dollars,1 Dollar,1 Dollar,Pending,,8868b09d-f007-4bf6-8904-ec74c87c5285
1930,S,Standing Liberty Silver Quarter,Quarter,Quarter,Pending,,886f5d4e-d76e-4123-bbd4-123e3c6bea75
1947,,Lincoln Cent Series,Penny,Penny,Pending,,88898c7f-7a35-4e15-89d0-86a3c802902d
1980,D,Susan B. Anthony Dollar,Susan B. Anthony Dollar,Susan B. Anthony Dollar,Pending,,889d4c19-0bfb-40ab-a007-4ba51ae818e0
2012S,,Roosevelt Dimes,Dime,Dime,Pending,,88ba6664-0aa8-40d2-9da7-e73cfbd77710
1896,,,Indian Head Cent,Indian Head Cent,Pending,,8906b37f-86b5-448e-ac4c-ec4b2a145eb3
1931,,Lincoln Wheat Cent Series,Penny,Penny,Pending,,890ba436-17c0-4874-a7f6-5aadb38544b6
2017,D,National Park Quarters,Quarter,Quarter,Pending,,8915077f-d790-4f63-a391-6c3ad2d8e135
1961,D,Lincoln Cent,Penny,Penny,Pending,,8919b3f3-0a60-4726-878f-6feab1c1bc7c
1963D,,Roosevelt Dimes,Dime,Dime,Pending,,89291a0d-f965-4fe1-adf5-7b2e3bebc770
1918,S,Mercury Dime,Dime,Dime,Pending,,89615287-d442-4c3f-b08a-550c5b75d732
2013S,,Presidential Dollars,1,1,Pending,,898c6feb-1f5d-45e4-a071-480c554d5db4
2018,S,Roosevelt Dime,Roosevelt Dime,Roosevelt Dime,Pending,,899342ab-72dc-411d-b771-b82932549d32
1945,S,Mercury Dime,Dime,Dime,Pending,,89aa9d81-dc8c-412d-ad72-4796139be686
1878,S,Trade Dollar,1 Dollar,1 Dollar,Pending,,89ab0ccc-52b8-444c-af30-3100aa9f4775
1981,D,Lincoln Cent,Penny,Penny,Pending,,89b11375-49ea-4e52-9434-2ab5149a948e
2019,P,National Park Quarters,Quarter,Quarter,Pending,,89b41513-ccc0-4cb6-9b3d-cfa991e630d7
1917,S,Liberty Walking Half Dollar,Half Dollar,Half Dollar,Pending,,89bb1bed-e106-422d-993b-c29352d5d2ad
2008D,,State and Territory Quarters,Quarter,Quarter,Pending,,89f39900-bb5f-4144-b67a-6446ce5e4340
2008,S,Sacagawea Dollar,1 Dollar,1 Dollar,Pending,,89f4fe88-8758-4102-a7c4-59d1d7d7c234
2001P,,State and Territory Quarters,Quarter,Quarter,Pending,,8a0382ba-baad-41f3-91f6-b6e52001fbb2
1931,,Lincoln Head Penny,Penny,Penny,Pending,,8a079c08-5237-414c-8c54-e89daf566a98
1979,S,Kennedy Half Dollar,Kennedy Half Dollar,Kennedy Half Dollar,Pending,,8a0f2072-915f-4ba2-b221-d9291d3c2708
2017,D,Native American Dollar,1 Dollar,1 Dollar,Pending,,8a16b0e2-e14d-438e-82d2-08fb65178d80
1886,P,Morgan Silver Dollars,1 Dollar,1 Dollar,Pending,,8a17be1a-42c9-4af2-b975-97939cf179b8
2004S,,State and Territory Quarters,Quarter,Quarter,Pending,,8a1fee53-5b3d-4dc9-8e51-a88b1bc00d67
1976,S,U.S. Bicentennial,1 Dollar,1 Dollar,Pending,,8a3ff0c2-117c-42ca-aa77-1753a9aacc39
1911,D,Barber Dimes,Barber Silver Dimes,Barber Silver Dimes,Pending,,8a42c290-5d18-44b1-8581-64faaa2de24b
1961,,Washington Silver Quarter,Quarter,Quarter,Pending,,8a5ef67c-e09b-4ac1-bfd2-79fc3cb78658
1935,D,Mercury Dime,Dime,Dime,Pending,,8a640b07-1aca-435e-9fad-1eb1eb1c5548
1923,S,Standing Liberty Silver Quarter,Quarter,Quarter,Pending,,8a712666-bdc9-4875-b7e8-d899e6b9baa8
,,Morgan Silver Dollar,1,1,Pending,,8a794fa5-23dd-48d7-af6e-a8f53a369d8f
2010,D,America the Beautiful Quarters,Quarter,Quarter,Pending,,8a85fa34-b3f5-487a-a1b0-53685641a475
2002S,,State and Territory Quarters,Quarter,Quarter,Pending,,8aa85b23-af94-4d18-a11d-523bbceb6632
2011,S,National Park Quarters,Quarter,Quarter,Pending,,8ad7a4fe-be78-40d8-9e92-f45c2db951a7
2007S,,Presidential Dollars,1,1,Pending,,8b09ae4a-fba7-4eac-a769-49c5eded2fb1
1980S,,Roosevelt Dimes,Dime,Dime,Pending,,8b0de6b0-1b6f-4e1d-bba8-80befbedb65d
1945,S,Jefferson Nickel Series,Nickel,Nickel,Pending,,8b0fc299-0891-407d-badb-1d309c76f9cd
1958,D,Franklin Half Dollar,Half Dollar,Half Dollar,Pending,,8b620e02-b696-4dd6-83ac-d3b173c0ff34
2024,D,Native American Dollar,Native American Dollar,Native American Dollar,Pending,,8b6a28d4-25f0-46aa-a583-4ede7f29a81b
1889,,Liberty Seated,Quarter,Quarter,Pending,,8b728515-ca5f-4e88-96a7-baafb5218799
2022,S,Kennedy Half Dollar Series,Kennedy Half Dollar,Kennedy Half Dollar,Pending,,8b866de1-e1cf-4032-98ff-7f6bdca353de
2006D,,State and Territory Quarters,Quarter,Quarter,Pending,,8bac6371-b3f3-4ed0-bedd-c1aabe5c340b
1912,PENDING,Barber Series,Dime,Dime,Pending,,8bb54867-4a88-4699-a280-21082917a3cd
1955D,,Roosevelt Dimes,Dime,Dime,Pending,,8bca7154-ea69-4c43-ae6f-29f2e87678bc
1942,S,The World War II U.S. Coin Collection,Washington Quarter,Washington Quarter,Pending,,8be6d1b3-d519-48db-a597-373f70923e9b
2004P,,Roosevelt Dimes,Dime,Dime,Pending,,8bf9f053-ad9e-42ae-bc33-a4439b067068
1925,,Mercury Dime,Dime,Dime,Pending,,8c22c4b7-4d43-43f6-920b-75bca5cdee2e
1959,D,Jefferson Nickel Series,Nickel,Nickel,Pending,,8c29283b-384b-4feb-9218-043e080e5a1d
1982,S,Lincoln Cent,Penny,Penny,Pending,,8c2b1193-c819-483c-94b4-b17683ecce17
2003S,,State and Territory Quarters,Quarter,Quarter,Pending,,8c356ed7-7886-49f5-a83e-e56838b9ac94
1912,,Lincoln Cent,Penny,Penny,Pending,,8c362401-532c-4c99-abbf-cf8913360ebb
2011,S,National Park Quarters,Quarter,Quarter,Pending,,8c3e0b43-24b3-4a73-9081-341db8994433
1952,D,Lincoln Cent,Penny,Penny,Pending,,8c3eb392-1cdd-4b8e-9f2e-1d206e29eebf
2007P,,Presidential Dollars,1,1,Pending,,8c487f77-a62b-4e48-93e1-9f383c5d9c00
1928,S,Peace Dollar,Dollar,Dollar,Pending,,8c52168e-eee9-4356-94ad-3a2c3170db61
2011,D,National Park Quarters,Quarter,Quarter,Pending,,8c73ae8c-657f-4b31-874f-7c3126a9dbad
1991D,,Roosevelt Dimes,Dime,Dime,Pending,,8c7d3dd0-6704-4815-8b8c-0375f0e680e6
2001S,,State and Territory Quarters,Quarter,Quarter,Pending,,8c7decfd-286f-493d-98f3-df5ef18993a0
1891,O,Morgan Silver Dollar,1,1,Pending,,8c872938-fc88-472f-848f-115c693ace4b
1918,D,Standing Liberty Silver Quarter,Quarter,Quarter,Pending,,8ca6f3fa-120b-49ce-8114-979109a79bd4
2006P,,State and Territory Quarters,Quarter,Quarter,Pending,,8cb03e0c-55f5-486f-8d29-35d94dd13ca6
2011S,,Roosevelt Dimes,Dime,Dime,Pending,,8cb53f4e-a4cd-42e8-8145-11b3f77cb2cb
2017,P,National Park Quarters,Quarter,Quarter,Pending,,8cc33e74-3937-4f1b-b4d0-f4f3461e93ce
,,1971-1978 Ike Dollar Set,Dollar,Dollar,Pending,,8cd0b542-8aca-40bb-be5e-aa630a10e042
2018,P,America the Beautiful Quarters,Quarter,Quarter,Pending,,8ce90c43-9210-4d62-b8c5-daa73a4241fa
2013,,Lincoln Cent Series,Penny,Penny,Pending,,8ced883c-12e6-4401-b894-e459bb911286
1909,PENDING,Barber Series,Dime,Dime,Pending,,8d16f208-b966-4e6b-a013-c0d362e63ed4
2000,P,Kennedy Half Dollar Series,Kennedy Half Dollar,Kennedy Half Dollar,Pending,,8d3277d9-c96a-40c3-a6ec-d9ecde9daf9a
1899,,Indian Head Cent,Penny,Penny,Pending,,8d798c4c-1a04-4b8a-84e6-10ac486d01bc
1913,S,Lincoln Cent Series,Penny,Penny,Pending,,8d7c8aed-fcf9-42af-a5b9-2c6bb11c6cd3
1917,,Mercury Dime,Dime,Dime,Pending,,8d8f4fe2-3931-4195-9ead-3632711869d0
1924,S,Mercury Dime,Roosevelt Dime,Roosevelt Dime,Pending,,8d9449d2-786a-4f14-baed-af146f2c171e
1884,CC,Morgan Silver Dollar,Morgan Silver Dollar,Morgan Silver Dollar,Pending,,8d9c01b7-0385-47aa-8e4e-b9a212c9398e
1960,,Time Capsule Year Set,Mixed US Coin Set,Mixed US Coin Set,Pending,,8dce0b7a-e303-41c3-b449-ffadf818cc9e
2021,D,National Park Quarters,Quarter,Quarter,Pending,,8dde5926-3f09-4737-bf91-7c1a4bb40e26
1934,,Washington Silver Quarter,Quarter,Quarter,Pending,,8df47744-1681-4872-8803-8a2c042be1bf
1919,,Mercury,Dime,Dime,Pending,,8df826d1-5582-452d-9f8e-0a5ad51e7fc5
1882,,Liberty Seated Silver Dime,Dime,Dime,Pending,,8e147eb2-a685-4d4d-815f-9b5ba66cc0aa
2020,S,National Park Quarters,Quarter,Quarter,Pending,,8e1d476c-b069-40e7-90d5-faa909ad374b
1877,,,1877,,Pending,,8e1ee2d0-4c16-4763-9b8f-c728c2216855
1927,,Lincoln Wheat Cent Series,Penny,Penny,Pending,,8e262184-3922-47b1-b8c7-7d27912f1d76
1919,,Standing Liberty Silver Quarter,Quarter,Quarter,Pending,,8e3296fb-a113-4002-a30f-610874dc0760
1872,,Liberty Seated Silver Dime,Dime,Dime,Pending,,8e341a92-6245-4e39-a8b0-29b8e2546e6e
1970,,Washington Silver Quarter,Quarter,Quarter,Pending,,8e442c3c-ddf8-4bae-b381-226e7ebab6d8
1886,,,1886,,Pending,,8e5737da-a9a8-46cb-a14a-3387122def34
2016,S,National Park Quarters,Quarter,Quarter,Pending,,8e5d9750-e0a1-482f-b038-ba8227efa809
1929,D,Mercury Silver Dime,1 Dime,1 Dime,Pending,,8e66acb3-778c-40a0-a375-aedbfefed27a
1857,,,Nickel,Nickel,Pending,,8e84b84d-7509-403e-874f-f2510176c64d
1947,,,Nickel,Nickel,Pending,,8e8e83c8-95ea-419e-ab8d-cad097510582
1860,O,Liberty Seated,Half Dollar,Half Dollar,Pending,,8e9d6fca-dd24-455d-b9f2-5b909cb6fd1f
2021D,,Roosevelt Dimes,Dime,Dime,Pending,,8ea88465-abcb-4623-8887-9e59e91eafb1
1841,O,Liberty Seated,Half Dollar,Half Dollar,Pending,,8ec5adb6-5851-4f76-b05e-cbcf03e83d66
1929,S,Lincoln Head Penny,Penny,Penny,Pending,,8eecf225-d572-4d3e-b110-63e480f26c05
1819,,Capped Bust Half Dollar,Capped Bust Silver Half Dollar,Capped Bust Silver Half Dollar,Pending,,8eee16ca-ea29-465c-8d20-4faf33974523
1910,S,Lincoln Wheat Cent,Penny,Penny,Pending,,8f073ee1-69a7-48d3-913e-24bd2529a459
1900,PENDING,Barber Series,Dime,Dime,Pending,,8f12aa1c-c827-4ebb-8fbe-50f8627ec3b6
1910,S,Liberty Head Nickel,Nickel,Nickel,Pending,,8f3d73ea-6db1-491a-9e8c-058eaa3bb03b
1928,,Lincoln Wheat Cent,Penny,Penny,Pending,,8f45bd0d-d10d-4baa-90f6-71aec29d37d3
1899,S,Barber Silver Quarters,25 Cents,25 Cents,Pending,,8f54da9d-9370-4a5e-a4f8-8b388f5a09fb
2012,P,National Park Quarters,Quarter,Quarter,Pending,,8f5bbcc7-4483-4bbe-8321-ecce35e40fdf
1854,,Liberty Seated,Quarter,Quarter,Pending,,8f74f262-891d-4cce-bb73-08b44b9b8aae
2014P,,Presidential Dollars,1,1,Pending,,8f77e750-d6c3-4325-b581-4e19424609f9
2000,,American Eagle,Dollar,Dollar,Pending,,8f7a447d-d99a-48fe-8892-33954a685a0b
1879,,Liberty Seated,Quarter,Quarter,Pending,,8f809a73-7fe7-433b-8a7f-40e93c59b3b2
1999S,,State and Territory Quarters,Quarter,Quarter,Pending,,8f81fef2-53bf-4205-833f-218d6b2d1e19
2017,S,America the Beautiful Quarters,Quarter,Quarter,Pending,,8f8e821c-35cb-460e-ac20-fef41f3de899
1989D,,Washington Silver Quarter,Quarter,Quarter,Pending,,8f9e1bfc-defa-49b5-b208-b3056b012ee9
1945,S,,Washington Quarter,Washington Quarter,Pending,,8fc42356-e14f-4946-bba6-13a11cac3dcb
2009S,,State and Territory Quarters,Quarter,Quarter,Pending,,8fc6edf2-c4ff-40b8-963a-37ed129b2284
1946,,Lincoln Head Penny,Penny,Penny,Pending,,8fce5ff4-17cd-4e7b-b7ac-1825ac941a19
1999D,,Roosevelt Dimes,Dime,Dime,Pending,,8fd2e257-04c8-4552-a94f-4d488aa2543f
1995S,,Washington Silver Quarter,Quarter,Quarter,Pending,,8fe6bd2a-7810-4d99-a593-3bef766c48a2
1999,D,Lincoln Cent Series,Penny,Penny,Pending,,900e6184-61e6-46c6-997b-d942d7be8d45
1900,O,Morgan Silver Dollars,1 Dollar,1 Dollar,Pending,,904ae082-7cbd-4370-8901-046b22c6acf7
1980,S,Lincoln Cent,Penny,Penny,Pending,,905c451e-5250-479c-b983-01219a597f3f
1950,,Washington Silver Quarter,Quarter,Quarter,Pending,,90644d84-d109-445e-bcbe-1d2d061ec8f8
2018,P,National Park Quarters,Quarter,Quarter,Pending,,90789773-7f8a-45cd-916f-736c57e7479f
1891,CC,Morgan Silver Dollar,1,1,Pending,,90792e5e-dcd0-4845-af27-aa41a14b332a
1893,,Liberty Head Nickel,Nickel,Nickel,Pending,,90913ae3-dd79-4a9e-8e91-9a22c83a1291
1923,,Standing Liberty Silver Quarter,Quarter,Quarter,Pending,,90b003f9-d433-455b-bf95-26a168e57d6b
2022,D,US Women's Quarters,Quarter,Quarter,Pending,,90b54e2d-0af8-4c49-8a6c-b4f218d49c42
1998P,,Washington Silver Quarter,Quarter,Quarter,Pending,,90b7680c-cdf4-48b1-aadc-7936ef20d3b9
1932,,Washington Silver Quarter,Quarter,Quarter,Pending,,90cb7c55-3666-4eb0-b719-6d1cfa4b9d5c
1945,S,Liberty Walking Half Dollar,Half Dollar,Half Dollar,Pending,,90d10317-92fc-432b-b246-fe52c943ce21
1940,,Lincoln Wheat Cent Series,Penny,Penny,Pending,,90d74d2a-985a-43fc-8a16-46bb4dd98b77
2010S,,Roosevelt Dimes,Dime,Dime,Pending,,90df1892-15dd-4904-93ad-b26a6587663e
2002P,,State and Territory Quarters,Quarter,Quarter,Pending,,90efde5c-d6ab-40ae-9560-3b4c570a4ac6
2002,,Lincoln Head Penny,Penny,Penny,Pending,,90f8d5b2-366e-4856-9728-408a43b58539
2006,S,Return to Monticello,Nickel,Nickel,Pending,,91274f5d-aa0d-4c19-bbde-484b9d7da18b
1974S,,Roosevelt Dimes,Dime,Dime,Pending,,913b179b-dcfe-4ed7-af0c-43669b98cba5
1948,,Lincoln Head Cent,Penny,Penny,Pending,,91466d4b-0250-4a5a-87b3-7fb6c2212f63
2002,P,Kennedy Half Dollar,Kennedy Half Dollar,Kennedy Half Dollar,Pending,,91495072-d416-4ac8-b2e6-ff78554e66a2
1893,,Morgan Silver Dollars,1 Dollar,1 Dollar,Pending,,918caa17-2d57-4c43-96b2-51ce5e3d20dd
1925,,THE U.S. NICKEL COLLECTION,Nickel,Nickel,Pending,,918fa741-bf52-4e1d-b55b-5728d5591aa3
1941,S,Jefferson Nickel Series,Nickel,Nickel,Pending,,919ef8ac-bc4c-4730-acfe-09bce47b5ba4
1868,,Shield Nickel,Nickel,Nickel,Pending,,91a118fa-694c-499a-9d28-a5d2c41c8035
1909,,,1909,,Pending,,91a7135e-d1a7-42b6-a244-d6908dde8dab
1999,D,Susan B. Anthony Dollar,Susan B. Anthony Dollar,Susan B. Anthony Dollar,Pending,,91ae7cf8-a592-4f81-ac40-7f98e6e08ca4
1884,O,Morgan Silver Dollars,1 Dollar,1 Dollar,Pending,,91b5ff6f-b50e-4e4f-ba87-958ee575e4e3
1904,,Indian Head Cent,Penny,Penny,Pending,,91e37f66-ca83-4441-b173-97ccb255ac11
1990,,American Eagle,Dollar,Dollar,Pending,,91e8be5b-e082-424d-9d44-ccd0b8981270
2021,D,Native American Dollar Program,Native American Dollar,Native American Dollar,Pending,,91ecd38b-7433-4a75-9b97-3c8cf90f1389
2023,,Proof,Morgan Silver Dollar,Morgan Silver Dollar,Pending,,91f33dfe-565b-4531-a11b-83e16abfbd16
1991,,American Eagle,Dollar,Dollar,Pending,,91fef774-523a-4991-8a96-321bd8b79256
1970,S,Lincoln Cent Series,Penny,Penny,Pending,,920fe603-5d55-42cf-8be1-1ee10a9b60f3
1974,,Washington Silver Quarter,Quarter,Quarter,Pending,,9220845c-7236-4780-a7a2-dea607800fd3
2006D,,State and Territory Quarters,Quarter,Quarter,Pending,,923989ad-c578-48d1-897f-bb532ac0b493
1939,,America Revisited Club; Time Capsule Year Set,1939 America Revisited Club; Time Capsule Year Set,,Pending,,923fd8b8-e61d-4158-b369-8c95ac22cb01
2024,D,,Roosevelt Dime,Roosevelt Dime,Pending,,92527fb1-33f7-4cf8-b262-411f707f3b1e
1954,S,Franklin Half Dollar,Half Dollar,Half Dollar,Pending,,92577abb-032b-49e0-bf39-8d8ef7e4a152
,,, ,,Pending,,925e6556-54c6-41fd-b303-d0aac5db7bb8
2005S,,State and Territory Quarters,Quarter,Quarter,Pending,,926b543e-7a91-4e61-8c0b-47aae92b8be7
1921,P,Liberty Walking Half Dollar,Half Dollar,Half Dollar,Pending,,926de561-6147-4419-8d1b-17e149ce1506
1958,P,Roosevelt Dime,Roosevelt Dime,Roosevelt Dime,Pending,,926e944f-cecc-4777-ad8c-48e7655f02b9
1969,D,Kennedy Half Dollar Series,Kennedy Half Dollar,Kennedy Half Dollar,Pending,,92714b04-24d8-4c9c-9568-c7a9767d881f
2019,S,America the Beautiful Quarters,Quarter,Quarter,Pending,,92840dee-40cf-4999-aab7-8e121890ae7a
1913,S,Lincoln Wheat Cent Series,Penny,Penny,Pending,,928bc592-8d49-4307-8a84-9370530931e2
1872,,,1872,,Pending,,92b05314-f3e3-469d-b058-bbf4a8a5433b
1895,S,Barber Series,Dime,Dime,Pending,,92cd4fef-1a29-4368-a37b-ab7f4704af6a
2011,P,National Park Quarters,Quarter,Quarter,Pending,,92ec18eb-2e05-4546-b0a9-9620f7c182b1
2023,P,US Women's Quarters,Quarter,Quarter,Pending,,92ecdda3-326e-45c9-8710-ca7c865c895a
1964,,Historic U.S. Silver Half-Dollars,Kennedy Half Dollar,Kennedy Half Dollar,Pending,,9310d5e5-5e35-488e-af92-edfee3ccd19f
1928,,Lincoln Wheat Cent Series,Penny,Penny,Pending,,9335e292-1dba-4db2-90f5-b9eeeb0b9926
1948,,Lincoln Wheat Cent Series,Penny,Penny,Pending,,933a0cb6-c9cb-4ec7-9ae9-cd3912dda28f
1934,P,Liberty Walking Half Dollar,Half Dollar,Half Dollar,Pending,,9340548c-eab4-4f37-898c-d67eb43203b8
1949,,Franklin Half Dollar,Half Dollar,Half Dollar,Pending,,93446ff1-5999-48d4-be92-39db686494b6
1978,,Kennedy Half Dollar,Kennedy Half Dollar,Kennedy Half Dollar,Pending,,939ec0ee-633e-4ae9-9d46-f3b610ce0615
1991,S,American Eagle,Dollar,Dollar,Pending,,93bd0123-d7c7-4636-b1de-a265bb486896
1951,D,Lincoln Cent,Penny,Penny,Pending,,93c0a9a1-783e-47aa-b121-86b14ca601b9
1929,,Lincoln Wheat Cent,Penny,Penny,Pending,,93c59113-1c4b-4d10-a56c-bbee45b3664a
1927,D,Lincoln Head Penny,Penny,Penny,Pending,,93f0a118-aabf-4553-abaf-44e1f2a35bd4
1870,,Liberty Seated,Half Dollar,Half Dollar,Pending,,940068fb-e8c4-4e4d-a86c-d6d49dd1fadc
1927,S,Mercury Dime,Dime,Dime,Pending,,941eee0d-7e79-438b-88ef-432e7e350177
1977,S,Eisenhower Dollar,Dollar,Dollar,Pending,,942cd772-4325-469c-9e31-67c987ca0f02
1985,S,Kennedy Half Dollar Series,Kennedy Half Dollar,Kennedy Half Dollar,Pending,,9433a7b0-63b8-45fd-b9ed-97cce749369a
2006D,,State and Territory Quarters,Quarter,Quarter,Pending,,946a2ade-21b1-4467-a6fd-2ff04f74258a
2000,S,Kennedy Half Dollar,Kennedy Half Dollar,Kennedy Half Dollar,Pending,,9498e26a-8d1b-48f6-88ed-fc9561e22c3b
2010,W,American Eagle,Dollar,Dollar,Pending,,94d05a1b-a749-4be8-9a0e-a5a04164450b
1958,D,Jefferson Nickel Series,Nickel,Nickel,Pending,,94d7101e-d4dd-4614-849f-fabea813bbb0
1953,,Time Capsule Year Set,Mixed US Coin Set,Mixed US Coin Set,Pending,,94d79283-e765-4513-af62-ac6316fe9107
1915,,Indian Head Gold Eagle,$10 ,$10 ,Pending,,94f155bc-3d77-48ff-835b-951e893719dc
1923,,Mercury Dime,Dime,Dime,Pending,,94fb0ee8-a123-4447-9ed6-4dcbfff3968f
2013P,,Presidential Dollars,1,1,Pending,,953ff349-a406-4822-a23a-c8eaf5f89d3e
1886,,Liberty Seated Silver Dime,Dime,Dime,Pending,,9545e4a8-4293-44d4-bdaf-343c0aaaf633
1917,P,Liberty Walking Half Dollar,Half Dollar,Half Dollar,Pending,,954a254c-8330-488a-85ac-0dcde14d5689
2013,S,America the Beautiful Quarters,Quarter,Quarter,Pending,,95525241-418c-4887-b93e-da68fb335a3f
1879,S,Morgan Silver Dollar,Dollar,Dollar,Pending,,9597bb28-f6c2-49c4-97e9-2b9e20a9c8f2
2009D,,State and Territory Quarters,Quarter,Quarter,Pending,,95990762-04bf-4254-ae07-9b5d35c47e75
1900,O & CC,Morgan Silver Dollar,1,1,Pending,,95ae69dc-ad4c-4211-ba97-86a6fa69697b
1873,,,1873,,Pending,,95bde4b8-f5d8-4999-a102-5e9ee61a9fc3
1829,,Capped Bust Half Dollar,Capped Bust Half Dollar,Capped Bust Half Dollar,Pending,,95cc28c7-80e2-4acb-9d04-d06b1029dada
1942,S,The World War II U.S. Coin Collection,Roosevelt Dime,Roosevelt Dime,Pending,,95ea9944-d446-4902-8528-7fdc824b23c2
1991P,,Roosevelt Dimes,Dime,Dime,Pending,,961d272b-c51e-4784-9ef0-e017a0dcb683
1877,S,Liberty Seated,Quarter,Quarter,Pending,,9632eec0-fd87-4ac4-b335-f2f4e25c88c0
2006,D,Kennedy Half Dollar Series,Kennedy Half Dollar,Kennedy Half Dollar,Pending,,9658671a-fd7b-41c2-8fa4-772dba64b4a9
1863,S,Liberty Seated,Half Dollar,Half Dollar,Pending,,9682b9eb-02a8-4261-b822-0900b6369e1e
1910,,Barber,Half Dollar,Half Dollar,Pending,,9686484c-d806-4ec1-bc91-560239cb9311
1919,D,Liberty Walking Half Dollar,Half Dollar,Half Dollar,Pending,,968c7928-b9cf-4201-a030-9c06e6943654
2006S,,State and Territory Quarters,Quarter,Quarter,Pending,,969f18dd-b61a-43cf-a41e-04e8d905cb62
2020,S,National Park Quarters,Quarter,Quarter,Pending,,96a3d154-0374-40b2-9572-2b359d07b3ec
2003S,,State and Territory Quarters,Quarter,Quarter,Pending,,96c7b58c-004f-4e98-8d65-bedc868d5a80
1920,,Lincoln Head Penny,Penny,Penny,Pending,,96d05069-9d67-4cba-8082-850b5b2984af
1899,,Indian Head Cent,Penny,Penny,Pending,,96e5334c-1871-4b41-b06a-3c7b54d21e4a
1950,,Washington Silver Quarter,Quarter,Quarter,Pending,,96e99710-76ba-473d-8164-916e88f2816e
1977S,,Washington Silver Quarter,Quarter,Quarter,Pending,,9715d00e-f0d2-4941-a6e9-7c7095e46311
1948,,,Quarter,Quarter,Pending,,971d8efe-f4db-42f6-bce4-416777f9d313
1927,,Lincoln Wheat Cent,Penny,Penny,Pending,,97203c8c-804f-4fc9-9f9a-3d25d1998563
1999,S,Lincoln Memorial Cent,Penny,Penny,Pending,,9730dfb8-d85e-4747-b69c-d65dfe87ed88
1938,,Lincoln Cent Series,Penny,Penny,Pending,,9732f015-a82d-4730-a168-328374a22850
1926,,Lincoln Wheat Cent Series,Penny,Penny,Pending,,973e9e5f-d781-45cc-8877-621a0a77a60b
2014S,,Roosevelt Dimes,Dime,Dime,Pending,,974ba7c8-b6ce-47c5-bb04-43af7adb1844
1916,D,Lincoln Cent,Penny,Penny,Pending,,97570018-8b12-45e5-8bc7-1100a8443456
1820,,Capped Bust Half Dollar,Capped Bust Silver Half Dollar,Capped Bust Silver Half Dollar,Pending,,97738b0d-27ff-47bc-b5a5-c1a808c9bb76
1952,D,Franklin Half Dollar,Half Dollar,Half Dollar,Pending,,977808e1-e106-4bab-b49a-db51e56cade4
1948D,,Roosevelt Dimes,Dime,Dime,Pending,,977a1261-a389-4151-a224-cd78db804684
1894,,,1894,,Pending,,977e9860-69e8-4068-9cde-d98d991c1837
1887,P,Liberty Walking Half Dollar,Half Dollar,Half Dollar,Pending,,9785460a-5903-46cc-9754-cbe45338dd6d
2009D,,Presidential Dollars,1,1,Pending,,97a0b91f-e90a-4568-8e67-be9745d33860
2007D,,Presidential Dollars,1,1,Pending,,97ef225b-e24a-471f-a3c0-708ca12509b9
2017,S,National Park Quarters,Quarter,Quarter,Pending,,97ef8a30-c4d6-4c72-a1c1-157c52dc42ff
2013S,,Presidential Dollars,1,1,Pending,,980a5fba-4db4-43c2-939e-70eb1e94029b
1954D,,Roosevelt Dimes,Dime,Dime,Pending,,980ff713-baa5-4348-9075-c362c956d5f4
1940,,Mercury Dime,Dime,Dime,Pending,,98121151-a151-445f-99a8-416dd7d6761f
2024,P,Native American Dollar,Native American Dollar,Native American Dollar,Pending,,98297dfa-52c3-4187-98ca-36f6743cf5dc
2021,P,Native American Dollar,1 Dollar,1 Dollar,Pending,,98388fcf-6ab8-4781-aa32-2f42894817b8
2021,D,American Innovation Dollars,1 Dollar,1 Dollar,Pending,,98422e51-73f7-4aea-b485-6197a1b8a18b
2015,W,American Eagle,Dollar,Dollar,Pending,,984cee22-2164-4a6a-bf55-6b55f662f12e
2014,,Lincoln Head Penny,Penny,Penny,Pending,,9877b999-3bd1-4229-b171-974e8378b14d
1973,,Kennedy Half Dollar,Kennedy Half Dollar,Kennedy Half Dollar,Pending,,9882135d-1823-4ed3-aa8e-90f1e857f0b4
2001S,,State and Territory Quarters,Quarter,Quarter,Pending,,98ab445f-ea51-41b0-beb6-b603ce91701e
1993,,Lincoln Head Penny,Penny,Penny,Pending,,98c5b89b-db26-4ae2-a3d5-94d5d4fbcc5b
2019S,,Roosevelt Dimes,Dime,Dime,Pending,,98cb4c4d-aa32-4f51-8085-16f08ed56426
1860,,Liberty Seated,Quarter,Quarter,Pending,,98e6735f-a7e6-4309-9a70-eaf330332f9c
2011,P,National Park Quarters,Quarter,Quarter,Pending,,98ea4527-4002-4efb-9ea9-303ad3aaa9b2
1976,,U.S. Bicentennial,Dollar,Dollar,Pending,,98f9667e-521d-466c-9f95-5371e0fdea4e
1960D,,Roosevelt Dimes,Dime,Dime,Pending,,99057506-b4df-41cf-860f-7ba14d7b6763
1911,PENDING,Barber Series,Dime,Dime,Pending,,9929ddcb-ab5e-43ca-a485-a28ddc6b8c81
2024,P,Kennedy Half Dollar Series,Kennedy Half Dollar,Kennedy Half Dollar,Pending,,9930a640-aea3-44ca-b6c0-5963fc1b3060
1918,,Lincoln Cent,Penny,Penny,Pending,,99345c32-f449-4f13-8070-33e4d76b1239
1928,,Lincoln Head Cent,Penny,Penny,Pending,,99381b35-f572-4fd9-ac66-89ef13671d92
1960,D,Franklin Half Dollar,Half Dollar,Half Dollar,Pending,,994a5847-6381-4ab6-a853-6c02e3e7cce6
2008P,,Roosevelt Dimes,Dime,Dime,Pending,,995d0dff-57c1-4695-b7e9-bca56ee4f301
1862,,Liberty Seated Silver Dime,Dime,Dime,Pending,,996df161-df49-4b67-88e1-eadcb6a9286f
2010,,American Eagle,Dollar,Dollar,Pending,,9970e917-6896-468e-aac7-51fd642c9376
2019,P,Native American Dollar,1 Dollar,1 Dollar,Pending,,9975f30c-e506-44e1-ac4a-8b8543fa34f7
1928,,Lincoln Wheat Cent Series,Penny,Penny,Pending,,9979d2ff-ce08-4664-b4e9-94469b1b919e
1987S,,Roosevelt Dimes,Dime,Dime,Pending,,9987b80c-7cff-4c85-8196-c386d6703224
,,Morgan Silver Dollar,1,1,Pending,,9991a3b0-ff1e-43fe-9537-307bb3ab07db
2012D,,Presidential Dollars,1,1,Pending,,99b18569-c7cf-419c-a139-0184e3265831
2020,P,National Park Quarters,Quarter,Quarter,Pending,,99b8eed1-83ac-45f5-8cba-d231e234eade
2009D,,State and Territory Quarters,Quarter,Quarter,Pending,,99c7c493-f55f-4b0c-8f69-d15aa3498b1e
2014,P,America the Beautiful Quarters,Quarter,Quarter,Pending,,99cd6ab0-5197-4466-b809-ff7a4b061a93
1939,P,Jefferson Nickel Series,Nickel,Nickel,Pending,,99efc2a8-405b-4de0-9ec2-589bd81dcf89
1929,S,Lincoln Head Penny,Penny,Penny,Pending,,9a1b735f-1d63-4108-907c-fbf67f48234c
1915,S,Lincoln Wheat Cent Series,Penny,Penny,Pending,,9a2a447d-a75c-46f0-a0e7-7ce6228d5c78
1956D,,Washington Silver Quarter,Quarter,Quarter,Pending,,9a4de023-d793-4f62-90e2-835aadfba84d
1977D,,Roosevelt Dimes,Dime,Dime,Pending,,9a59d95a-263b-4a08-a774-a04b569a7276
2002S,,State and Territory Quarters,Quarter,Quarter,Pending,,9aa4fb3a-bbdd-4a47-9584-c702b02addd3
2022,P,Native American Dollar Program,Native American Dollar,Native American Dollar,Pending,,9ab401d4-40a6-4e4e-972e-db0d5b7d4d32
2016S,,Roosevelt Dimes,Dime,Dime,Pending,,9abaf81e-1fb0-48b2-ac26-58a0a71188fb
2016,S,America the Beautiful Quarters,Quarter,Quarter,Pending,,9af0b77a-1b21-4942-97ee-0bc8ae447db8
1880,CC,Morgan Silver Dollar,Dollar,Dollar,Pending,,9afaac11-117f-4dc3-b453-3826aee8e54c
2005D,,State and Territory Quarters,Quarter,Quarter,Pending,,9b06d2df-ed6c-4c8d-bb54-936b7ed27b9b
1902,PENDING,Barber Series,Dime,Dime,Pending,,9b0a2950-e534-45f2-94df-dd6a7e01a428
1944,,Washington Silver Quarter,Quarter,Quarter,Pending,,9b3d3e0e-46c6-463d-8044-b490c01032be
1936,D,Liberty Walking Half Dollar,Half Dollar,Half Dollar,Pending,,9b3e7a97-de2c-45d8-87ff-afd929418380
1957,,Roosevelt Dimes,Dime,Dime,Pending,,9b4588dc-0e69-4261-a462-672d0ec1da44
1994,,Lincoln Cent,Penny,Penny,Pending,,9b500fd0-5677-46c2-a4f7-3a0ec8723b16
1943,P,Jefferson Nickel Series,Nickel,Nickel,Pending,,9b7cb063-3a61-4f6d-898b-45af65f14658
2023,D,U.S. Innovation Dollar Program,U.S. Innovation Dollar,U.S. Innovation Dollar,Pending,,9b95e10d-b0f7-42d1-a9e7-7011a4c1a563
1971,S,Eisenhower Dollar,Dollar,Dollar,Pending,,9b9fb0eb-10d1-4467-b8f8-87d895225497
1967,,Lincoln Cent,Penny,Penny,Pending,,9bc72be8-90f1-49a4-8283-823689957f5c
1906,,Liberty Head Nickel,Nickel,Nickel,Pending,,9bc88edf-d8b5-4785-9a69-34570fa689f5
1866,,Liberty Seated,Half Dollar,Half Dollar,Pending,,9bd5b689-b6dd-4b9a-acfe-5b8ab254dd06
1833,,Capped Bust,Half Dime,Half Dime,Pending,,9bfbe13e-d053-46be-9a02-fce044f9d2c2
1852,,Braided Hair Large Cents,Large Cent,Large Cent,Pending,,9c23dbda-2f80-4ed1-b2fa-deeb9b009161
2022,D,Native American Dollar,1 Dollar,1 Dollar,Pending,,9c29732b-63d8-4d14-a9e9-a61b7b3d2d7b
1952,S,Lincoln Cent Series,Penny,Penny,Pending,,9c2dc5e7-3cdf-4439-aff7-2c8f557caa4c
1938,,Lincoln Wheat Cent,Penny,Penny,Pending,,9c40597f-8878-4778-9005-6e87cdda0fd0
2008P,,Presidential Dollars,1,1,Pending,,9c4c1d18-6463-4324-ad80-dea68471e686
2011D,,Presidential Dollars,1,1,Pending,,9c6feddd-2cb6-4634-bf01-5952cf37b0bb
1999,D,Kennedy Half Dollar Series,Kennedy Half Dollar,Kennedy Half Dollar,Pending,,9c7e9b7c-4145-4587-ad09-acf594bea0d2
1927,S,Mercury Silver Dime,1 Dime,1 Dime,Pending,,9cc0f0fe-e04f-4860-b5d0-8c813a6a3b65
1956,,Mercury Dime,Dime,Dime,Pending,,9cce7e55-5ac4-4e22-8cf3-770b3307b49e
1861,,Liberty Seated,Quarter,Quarter,Pending,,9cd44f05-36b9-41ff-b424-9b811504eaa4
2011,S,Kennedy Half Dollar,Kennedy Half Dollar,Kennedy Half Dollar,Pending,,9cd6cc92-5950-4882-96c9-9e2e1373fda9
2019,D,America the Beautiful Quarters,Quarter,Quarter,Pending,,9ce69adc-39c9-4345-a769-bb97f48cfa86
2012P,,Roosevelt Dimes,Dime,Dime,Pending,,9d03a861-c843-4502-8d5f-2f8a4e43ca3f
2017S,,Roosevelt Dimes,Dime,Dime,Pending,,9d075911-28d9-426c-b6dd-ecc7e0b92e2a
1900,P,Morgan Silver Dollars,1 Dollar,1 Dollar,Pending,,9d0cfba9-dca7-44fa-b3be-3638c303a307
1931,,Buffalo Nickel,Nickel,Nickel,Pending,,9d1759ae-6fcd-4e2c-8038-f320d98881b9
1887,,Liberty Seated Silver Dime,Dime,Dime,Pending,,9d251503-7f66-47f3-b2f8-40af7efa8915
2015D,,Presidential Dollars,1,1,Pending,,9d4a0091-53da-4f70-afaf-b6d57bc85346
1981,S,Kennedy Half Dollar,Kennedy Half Dollar,Kennedy Half Dollar,Pending,,9d541c0a-e1f3-42a7-8572-6be41564e3a1
1981S,,Washington Silver Quarter,Quarter,Quarter,Pending,,9d5989bd-8bc0-4775-b96f-fcd5ae9de628
2009D,,Presidential Dollars,1,1,Pending,,9d6598b9-f5df-4131-8da0-8239e5ccbeee
2014,S,National Park Quarters,Quarter,Quarter,Pending,,9d8617c0-18fe-4757-9d0b-8a2952e96a48
1948,,Washington Silver Quarter,Quarter,Quarter,Pending,,9d8b3bb4-1457-4630-be92-a328e71e99fa
1922,,Lincoln Cent,Penny,Penny,Pending,,9d8b6db0-415f-4a6f-89bf-a7304cc644e9
2015,D,Lincoln Shield Cent,Penny,Penny,Pending,,9dac766e-19e1-4e72-b93a-f04f85704ff9
1944,P,Liberty Walking Half Dollar,Half Dollar,Half Dollar,Pending,,9dba6a28-990b-4c58-9260-cea54cead01f
2013,D,America the Beautiful Quarters,Quarter,Quarter,Pending,,9dbefde2-7442-47e9-9063-d8548898cfe1
1976D,,Roosevelt Dimes,Dime,Dime,Pending,,9dc00b98-e989-4f32-b34d-26373c82e956
2008P,,State and Territory Quarters,Quarter,Quarter,Pending,,9dff805b-da40-440c-8251-c616138d5f55
1939,,Washington Silver Quarter,Quarter,Quarter,Pending,,9e2e9f58-8e64-40e2-b341-8b38f02fb24b
1970D,,Roosevelt Dimes,Dime,Dime,Pending,,9e5dc351-eb3c-45e7-a235-de5f0bb6eee6
1946,,Washington Silver Quarter,Quarter,Quarter,Pending,,9e662c80-214c-4751-8184-5e030a7bd680
1853,,Liberty Seated Silver Dime,Dime,Dime,Pending,,9e923f2c-6a4a-411c-a901-d464835da2b1
2012P,,Presidential Dollars,1,1,Pending,,9e962207-a119-47ab-b0a5-8ce63112f596
2020,,American Innovation Dollar,Dollar,Dollar,Pending,,9e96f913-b582-49cd-9fb1-4c8c202d36e1
1922,,Lincoln Wheat Cent Series,Penny,Penny,Pending,,9eb42318-4378-4336-8f9e-1116d7ada575
1878,,,1878,,Pending,,9eb832ea-ac12-4742-9cc0-bb0fbb45fabe
1962,D,Lincoln Head Penny,Penny,Penny,Pending,,9ebf248a-c3d3-4adc-8964-0e06a771a313
1834,,Capped Bust Half Dollar,Capped Bust Silver Half Dollar,Capped Bust Silver Half Dollar,Pending,,9ec59e97-51df-447b-a9a0-1515902f9b6e
1960,,Franklin Half Dollar,Half Dollar,Half Dollar,Pending,,9ed9ea25-17da-44aa-829a-13fc8d6b8b7f
2013,W,American Eagle,Dollar,Dollar,Pending,,9eda6ff4-c25c-4aa0-97c6-d335b2eacb6b
1843,O,Liberty Seated,Quarter,Quarter,Pending,,9edf03d9-a425-4d7a-a65d-9e883e922394
2000P,,State and Territory Quarters,Quarter,Quarter,Pending,,9eeca873-75f1-44a6-aba9-141d6425b850
1919,S,Liberty Walking Half Dollar,Half Dollar,Half Dollar,Pending,,9efb234f-839a-4d37-a8ac-62c751f9a92d
2016,S,National Park Quarters,Quarter,Quarter,Pending,,9f2db14e-c4c6-4b41-9df9-2020cc96660b
1914,S,Lincoln Wheat Cent,Penny,Penny,Pending,,9f53f600-dcb9-42f3-aeec-2819c9f9f04c
2012,S,Kennedy Half Dollar Series,Kennedy Half Dollar,Kennedy Half Dollar,Pending,,9f5e89df-d386-4b0d-9090-6ec68cfd2ab2
1991,D,Lincoln Cent,Penny,Penny,Pending,,9f7f9455-7a6f-4ae4-80ba-7cc02ebb6e3c
2015,P,America the Beautiful Quarters,Quarter,Quarter,Pending,,9f82e6dc-a76c-4570-95a4-4ca65c476bac
1945,S,,Washington Quarter,Washington Quarter,Pending,,9fc31fd3-d323-495a-899a-f50971cf2a42
2002S,,State and Territory Quarters,Quarter,Quarter,Pending,,9fd13ea0-da0f-4d2a-91c8-9745a43ed39a
2007S,,Presidential Dollars,1,1,Pending,,9ff1e59f-1a3e-4512-9aa1-e2623634c3bd
1978,D,Eisenhower Dollar,Dollar,Dollar,Pending,,a00ee744-24a7-4522-96d1-4766814dfb92
2004S,,Roosevelt Dimes,Dime,Dime,Pending,,a0136650-4b77-4ded-8330-524f73f3c2ee
1856,,,Nickel,Nickel,Pending,,a0201f43-c7bb-4367-87ac-c9b404530c63
1995S,,Roosevelt Dimes,Dime,Dime,Pending,,a023c6eb-002a-4972-84b6-9c07f405894b
2008S,,Roosevelt Dimes,Dime,Dime,Pending,,a0278748-6f99-475b-9157-4cff7c565bbb
2003D,,State and Territory Quarters,Quarter,Quarter,Pending,,a0651168-1658-45ba-b951-03383a9e9b92
1960D,,Washington Silver Quarter,Quarter,Quarter,Pending,,a06acb27-6387-4bcd-be23-1be090a77216
1995,P,American Eagle,Dollar,Dollar,Pending,,a089e883-ac7b-4975-b96c-0ca1a6105fe7
1979S,,Washington Silver Quarter,Quarter,Quarter,Pending,,a0987419-1534-41ef-ae99-4298cbe5dfed
1994S,,Roosevelt Dimes,Dime,Dime,Pending,,a0a7262d-3bfa-4ca8-a08b-9f2ee5231d93
1940,S,Lincoln Cent,Penny,Penny,Pending,,a0ce7167-2fea-4621-bc79-89df952ed66d
1911,S,Barber Series,Dime,Dime,Pending,,a0df3770-a74a-409d-8b9b-2e205332e1c2
2013S,,Roosevelt Dimes,Dime,Dime,Pending,,a0f09625-77cf-4f11-abe1-4e595c837b86
1987,S,Kennedy Half Dollar,Kennedy Half Dollar,Kennedy Half Dollar,Pending,,a0f912a9-27bf-40dd-a9d6-afcfb2cd843c
1979,S,Susan B. Anthony Dollar,Susan B. Anthony Dollar,Susan B. Anthony Dollar,Pending,,a126dc09-6bf1-46e0-b5e0-f3af94193992
1925,S,Buffalo Nickel,Nickel,Nickel,Pending,,a149f856-9221-49fb-88eb-131d74ca7ccf
1997,P,American Eagle,Dollar,Dollar,Pending,,a14e5082-1f9c-4de0-97b3-9b41abef486c
2005,P,Sacagawea Dollar,1 Dollar,1 Dollar,Pending,,a16a5d6c-7aae-4381-b9c6-ce0efa326673
2008P,,State and Territory Quarters,Quarter,Quarter,Pending,,a172f21d-e10a-4df5-a4a9-dae3e1e4c739
2003S,,Roosevelt Dimes,Dime,Dime,Pending,,a1a73ea1-64ad-415c-ac28-49cbaee31e94
1872,,,Nickel,Nickel,Pending,,a1b43521-f948-4168-808a-6829a06427ce
1949,,Lincoln Cent,Penny,Penny,Pending,,a1d1cf75-466f-4120-bdb5-c164e434546c
1873,,,Nickel,Nickel,Pending,,a1d6efa8-eb13-408c-96bb-875631f6662a
1977,,Kennedy Half Dollar,Kennedy Half Dollar,Kennedy Half Dollar,Pending,,a1f431c3-57ff-42d8-b84b-acb22e48917f
1860,,Liberty Seated,Half Dollar,Half Dollar,Pending,,a2217236-5d0e-402a-bc5b-9ff990a508d7
1939,S,Lincoln Head Penny,Penny,Penny,Pending,,a24d4d32-1234-47d6-8290-8a3fdabe4c57
1994P,,Washington Silver Quarter,Quarter,Quarter,Pending,,a2717d4e-88a0-4789-a3c3-ab157de85571
2016,D,Kennedy Half Dollar,Kennedy Half Dollar,Kennedy Half Dollar,Pending,,a27431cd-0d8d-4028-9215-18c66800014a
1881,P,Morgan Silver Dollars,1 Dollar,1 Dollar,Pending,,a293896c-bd22-45c5-aa52-51589731c198
2003S,,State and Territory Quarters,Quarter,Quarter,Pending,,a2bb2e3c-82b7-4e7c-8d49-07cee3270e7a
1954,,Lincoln Cent,Penny,Penny,Pending,,a2cc9bf1-ee9a-4418-8a7f-85caab65ac09
2023,,The Ultimate Modern Morgan and Peace Silver Dollar Collection,Morgan Silver Dollar,Morgan Silver Dollar,Pending,,a2dae2c3-a342-48de-9a5a-ba6cbbe7ea69
2002S,,State and Territory Quarters,Quarter,Quarter,Pending,,a2ee11a0-8c86-468a-96f7-48e4472d90bf
1912,D,Barber,Half Dollar,Half Dollar,Pending,,a32a7338-4579-4618-b7a8-2500acbf057d
1983,D,Kennedy Half Dollar,Kennedy Half Dollar,Kennedy Half Dollar,Pending,,a357f6d1-7487-499e-8630-d359184c4ee4
2016,,American Silver Eagle,Dollar,Dollar,Pending,,a37f1deb-4986-4188-9e97-8f373ddf0e2a
1917,D,Mercury Dime,Dime,Dime,Pending,,a3bdafd3-d4c3-4e4e-af66-7a9cd4f03850
1902,O,Barber Silver Quarters,25 Cents,25 Cents,Pending,,a3e05985-feb9-4d99-899d-8f8aad355b30
1969D,,Washington Silver Quarter,Quarter,Quarter,Pending,,a404add8-9fb9-4fd5-8d09-c595f56abca5
2023,,American Silver Eagle,American Silver Eagle Dollar,American Silver Eagle Dollar,Pending,,a42ec39b-91b1-43e4-af86-fc78acd24bc2
1898,,Indian Head Cent,Penny,Penny,Pending,,a437a4e0-d291-47fa-904d-daa273dfc302
1981P,,Washington Silver Quarter,Quarter,Quarter,Pending,,a46c63dd-c1c9-4ab0-9e03-1dc38f28afee
2002S,,State and Territory Quarters,Quarter,Quarter,Pending,,a476a0bb-9f64-4f6a-a605-e19493b02279
1942,S,The World War II U.S. Coin Collection,Jefferson Nickel,Jefferson Nickel,Pending,,a4ecaf6a-d505-4327-8107-0b5a903e9685
1928,D,,Penny,Penny,Pending,,a4f93cf4-cb06-40f8-83cb-52a50401d7c7
1897,D,Barber Silver Quarters,25 Cents,25 Cents,Pending,,a4fbcd17-c060-4f92-8eef-4f0421ff7567
1974,,Eisenhower Dollar,1 Dollar,1 Dollar,Pending,,a5198aaa-2b99-4de0-be93-525fa1024f3a
1958,S,Lincoln Memorial Cent,Penny,Penny,Pending,,a5272e21-bac9-4921-96e1-c375a4f56ae8
1915,,Lincoln Head Penny,Penny,Penny,Pending,,a52b2b47-1143-4ae2-b03a-e99e5e331168
2013,S,National Park Quarters,Quarter,Quarter,Pending,,a55633c4-c71b-4e31-9390-818cd98f3e52
2022,D,Native American Dollar Program,Native American Dollar,Native American Dollar,Pending,,a578bfbe-a210-4582-9e96-4a4b2d5593bc
1920,D,Lincoln Cent Series,Penny,Penny,Pending,,a58059c5-70aa-44fe-9bd4-6162006adb2e
1969S,,Washington Silver Quarter,Quarter,Quarter,Pending,,a58c2ba7-fb21-43f2-ab3a-4acf83972dd2
1916,P,Barber Dimes,Barber Silver Dimes,Barber Silver Dimes,Pending,,a5986126-b11d-4884-8b7b-4d97d6a54d3e
1938,,Lincoln Head Penny,Penny,Penny,Pending,,a5a039a3-1c45-4e12-b78a-c57da480ce98
1917,,Lincoln Wheat Cent Series,Penny,Penny,Pending,,a5c469c3-2024-4c12-8e0f-b0e6266c4d6a
2013,D,America the Beautiful Quarters,Quarter,Quarter,Pending,,a5c5efdb-df6e-4e69-92b3-163c0733eed2
2023,P,U.S. Innovation Dollar Program,U.S. Innovation Dollar,U.S. Innovation Dollar,Pending,,a5cacee9-0d08-4724-9ca9-e44ba3e6be64
1986,S,Lincoln Memorial Cent,Penny,Penny,Pending,,a5e3e07c-f259-4ecc-b829-38940aca7c54
1991P,,Washington Silver Quarter,Quarter,Quarter,Pending,,a621398d-47a7-41f8-9936-0512fe0e17bb
1978,D,Eisenhower Dollar,Dollar,Dollar,Pending,,a62a81c4-b24d-40ce-9db1-933e2bb43880
2021,,Silver Eagle,1,1,Pending,,a63599b5-c355-4310-ab3c-edfb58f7f277
2017,S,National Park Quarters,Quarter,Quarter,Pending,,a63caf54-5759-459f-8afd-2775de81f0dc
2011,S,National Park Quarters,Quarter,Quarter,Pending,,a66fc067-ca9c-4bcb-bf45-ca20ead747f9
1907,,Indian Head Cent,Penny,Penny,Pending,,a672c445-fe71-4af3-90af-78a658d0f426
2000D,,State and Territory Quarters,Quarter,Quarter,Pending,,a68a1396-9300-4dd8-9fad-e0175638f4ce
1957,,Lincoln Cent,Penny,Penny,Pending,,a68bc3f2-c2d3-40b9-bfc8-e353c4d67938
1875,,Liberty Seated,Quarter,Quarter,Pending,,a694d57b-1bdd-4b8a-9687-1803e62bf244
2015,D,America the Beautiful Quarters,Quarter,Quarter,Pending,,a69592d6-7b65-4dac-8344-8fb3b5cc4070
1972S,,Washington Silver Quarter,Quarter,Quarter,Pending,,a6b57a61-c360-418b-9fe4-cc74cf1e279c
1973,D,Kennedy Half Dollar,Kennedy Half Dollar,Kennedy Half Dollar,Pending,,a6bb9331-11eb-420e-98a8-adac945f14d7
1934,,Lincoln Cent,Penny,Penny,Pending,,a6be81bf-7fa4-49b8-9da0-565662d77287
1885,CC,Morgan Silver Dollar,1,1,Pending,,a6c8c792-4300-4c63-9c71-64307c0bcb2f
1963,,Washington Silver Quarter,Quarter,Quarter,Pending,,a6e88b4b-349e-4702-ac5a-cb154d206495
1875,S,Liberty Seated,Quarter,Quarter,Pending,,a6f5eed3-d289-4fa1-ae01-4d0001184cd7
1854,O,Liberty Seated,Quarter,Quarter,Pending,,a7004ea3-1b42-4c7a-b08c-8a05aa25e926
2016D,,Presidential Dollars,1,1,Pending,,a70d18df-a854-4a7b-a1a9-cdd36dd9700e
1984,D,Lincoln Cent Series,Penny,Penny,Pending,,a719deff-7ea8-403f-8f0c-9fc540dc683e
2021,S,Jefferson Nickel Series,Jefferson Nickel,Jefferson Nickel,Pending,,a74c6049-e9e7-4633-8f85-b18f5cbbcebe
1824,,Matron Head Large Cent,Penny,Penny,Pending,,a75decda-104a-40b6-917b-a6a97be2c553
1879,P,Morgan Silver Dollars,1 Dollar,1 Dollar,Pending,,a773d133-1bbd-42b8-9a8b-6826ca75f29b
1946S,,Washington Silver Quarter,Quarter,Quarter,Pending,,a7847390-576d-481c-ab4d-2713c793adcc
1979,S,Kennedy Half Dollar,Kennedy Half Dollar,Kennedy Half Dollar,Pending,,a78ef369-e790-4997-b10b-83b56eb88447
1952D,,Roosevelt Dimes,Dime,Dime,Pending,,a7ce2b26-c519-48d7-8793-dcbd144c71b3
1887,,Morgan Silver Dollar,Dollar,Dollar,Pending,,a7d7c620-c0b1-465c-a4cc-57d9c1b98f67
2016P,,Roosevelt Dimes,Dime,Dime,Pending,,a7d862c7-9753-4ad5-8b8b-5010765e0dff
,,The Celebrating America Coin Collection, The Celebrating America Coin Collection,,Pending,,a7f0264e-5327-4164-a1ad-1242ec1d129f
1937,D,Lincoln Cent Series,Penny,Penny,Pending,,a81145e7-abcc-43d9-a3c5-18000dda6b79
1983D,,Roosevelt Dimes,Dime,Dime,Pending,,a831fb6b-a410-40aa-a915-88bb8c0f1297
1916,,Lincoln Cent,Penny,Penny,Pending,,a83a32f7-565e-4f7e-ab96-cfa98ee93337
1876,,Shield Nickel,Nickel,Nickel,Pending,,a83e5c25-60ea-4691-bfd5-19fd957f0c24
2008S,,Presidential Dollars,1,1,Pending,,a87d2e8d-f52a-4f76-917f-ce8d2fb8e255
1825,,Classic Head,Half Cent,Half Cent,Pending,,a8acddb7-70de-4362-80b2-023d0373faac
1974,S,Eisenhower Dollar,Dollar,Dollar,Pending,,a8ae45f8-3f58-4878-b95a-e409e3e8ba5d
1979D,,Washington Silver Quarter,Quarter,Quarter,Pending,,a8c39b3a-acd3-4a90-8e9e-4d077649ad0b
1981D,,Roosevelt Dimes,Dime,Dime,Pending,,a8dd1c83-0ff4-4d3d-ab04-91a97d68a776
1912,,Lincoln Wheat Cent Series,Penny,Penny,Pending,,a91558da-d4f6-4290-833f-e71dbcfb839f
1892,O,Barber,Half Dollar,Half Dollar,Pending,,a9317b69-f019-4ea1-8eaf-d318b8e2c80d
1944,S,Lincoln Head Penny,Penny,Penny,Pending,,a933bda0-11bd-4ab1-85d4-81428f46a27f
1974D,,Washington Silver Quarter,Quarter,Quarter,Pending,,a942873b-6706-4130-a7cc-1a1bde750b78
1842,,Liberty Seated,Half Dollar,Half Dollar,Pending,,a94344b0-869a-4316-b9ef-bbb5aba75aa4
2016S,,Roosevelt Dimes,Dime,Dime,Pending,,a95ba853-cfe7-4e27-a038-b4401fb3a498
2002,P,Kennedy Half Dollar Series,Kennedy Half Dollar,Kennedy Half Dollar,Pending,,a97caea8-16b5-4223-a839-891b1ee0deed
2020P,,Roosevelt Dimes,Dime,Dime,Pending,,a98c4082-8141-40cb-a36f-1942a7c0f33c
1984,D,Kennedy Half Dollar Series,Kennedy Half Dollar,Kennedy Half Dollar,Pending,,a9a0bae5-6343-4df1-8c21-da8b56ecce32
2021,P,Native American Dollar,Native American Dollar,Native American Dollar,Pending,,a9c70d2d-bc3b-47a6-8234-80734032d8be
1970,,Lincoln Head Penny,Penny,Penny,Pending,,a9c9d448-1502-471f-97c9-5a3d38b251e8
1917,S,Mercury Dime,Dime,Dime,Pending,,a9e28882-c66d-4b36-a814-bebdebfa3959
1948S,,Roosevelt Dimes,Dime,Dime,Pending,,a9ec8f3e-e74a-48f2-9f87-f03b8ef28f74
1941,,Lincoln Wheat Cent Series,Penny,Penny,Pending,,a9ef2d79-935a-4f24-8dbf-6dafbffeac61
2018,D,Kennedy Half Dollar Series,Kennedy Half Dollar,Kennedy Half Dollar,Pending,,aa2af9a7-8342-46f0-a607-e205ef6deca7
2006,,American Gold Eagle,5,5,Pending,,aa37aec8-e58e-4590-9a80-27b0d8aca086
2007,S,Kennedy Half Dollar,Kennedy Half Dollar,Kennedy Half Dollar,Pending,,aa39f65b-254c-41d2-89b7-ba3c3b698fd1
1942,,Lincoln Wheat Cent Series,Penny,Penny,Pending,,aa572862-4f7c-47d8-a828-e44634862786
1814,,Capped Bust Half Dollar,Capped Bust Silver Half Dollar,Capped Bust Silver Half Dollar,Pending,,aa62f913-0a61-4834-9ae3-4bf10ab59255
1982,,Lincoln Cent Series,Penny,Penny,Pending,,aa65fce7-c5fa-4979-886c-0194aad3530f
1929,,Mercury Dime,Dime,Dime,Pending,,aa7f129e-d04f-4261-91c7-ea4cf4b68830
2024,D,U.S. Innovation Dollar,Dollar,Dollar,Pending,,aa8c5605-ec83-4c63-84f0-c51eab425cb5
1945,,Lincoln Wheat Cent Series,Penny,Penny,Pending,,aa98af59-0e2f-4a84-96b4-fd6197773a4c
1847,,Liberty Seated,Quarter,Quarter,Pending,,aa98ce52-5b01-40c7-944a-8d724d54a4b8
1981D,,Washington Silver Quarter,Quarter,Quarter,Pending,,aaa2b177-fa21-470c-89b5-b3ac3ad69ca3
1940,D,Lincoln Cent,Penny,Penny,Pending,,aad04d7f-1110-457b-bb19-0b1e19e37a89
2009,,American Eagle,Dollar,Dollar,Pending,,aad5d53e-fbfc-461c-b8fc-5f55747b6750
2001,P,Sacagawea Dollar,1 Dollar,1 Dollar,Pending,,aaf03663-b4b5-4b81-a743-ac09e2d372f8
2002D,,State and Territory Quarters,Quarter,Quarter,Pending,,ab04b3ad-9d2a-4a5a-90c4-c0cf33128df2
2023,P,US Women's Quarters,Quarter,Quarter,Pending,,ab19203f-5647-455b-b259-2bc23a28247f
2007S,,State and Territory Quarters,Quarter,Quarter,Pending,,ab4b22bc-6cb8-4c67-86c7-e95f950d457f
1963D,,Roosevelt Dimes,Dime,Dime,Pending,,ab59c699-def3-497c-8c5c-9299ff215218
1924,,Lincoln Wheat Cent Series,Penny,Penny,Pending,,abe7f14e-25ed-41bf-8c00-e4306eb3d7e2
1974,S,,Dollar,Dollar,Pending,,abee58e3-c5ce-446f-acc6-9296c734d585
2015D,,Roosevelt Dimes,Dime,Dime,Pending,,ac3e158f-b0fe-496d-aa21-98dc831dc679
2009D,,State and Territory Quarters,Quarter,Quarter,Pending,,ac52c9af-a4a5-431b-bdd6-9c786a06b89e
2003D,,State and Territory Quarters,Quarter,Quarter,Pending,,ac5e6266-d0b8-4f80-b9ea-2daaa27659c6
2010P,,Presidential Dollars,1,1,Pending,,ac793f9e-535c-4154-b637-e7b9bcf00732
1972S,,Roosevelt Dimes,Dime,Dime,Pending,,ac7dfc4f-8283-4fce-8470-43da6d929cfb
2006S,,State and Territory Quarters,Quarter,Quarter,Pending,,ac8e09bf-85c1-414d-b543-4415b6b69d85
1844,,Liberty Seated Silver Dime,Dime,Dime,Pending,,ac935200-964c-4516-b6c9-81fcb63f9055
1906,O,Barber Silver Quarters,25 Cents,25 Cents,Pending,,ac9bbbda-620d-42af-b3b5-9bf78b23c6d2
1899,S,Barber,Half Dollar,Half Dollar,Pending,,acc3bb7f-8480-4fc3-9679-88c7f343d4c9
1947S,,Washington Silver Quarter,Quarter,Quarter,Pending,,acf88878-7771-4d43-8665-4fbe61bcf1df
1964,,,Roosevelt Dime,Roosevelt Dime,Pending,,ad19bebb-e9f9-45f4-b722-aaea99218f71
1986D,,Roosevelt Dimes,Dime,Dime,Pending,,ad2c4a42-3826-4d70-a410-8502632a16e3
1972,S,Eisenhower Dollar,Dollar,Dollar,Pending,,ad2d60b4-912d-4f72-b4bb-441702ba6b4a
1939D,,Washington Silver Quarter,Quarter,Quarter,Pending,,ad43e211-264d-4b03-8359-7c3a9ba2e07b
1974,,Eisenhower Dollar,Dollar,Dollar,Pending,,ad5685a5-93b8-4ac6-8bf4-78a12c885f28
1908,PENDING,Barber Series,Dime,Dime,Pending,,ad6b1c19-c925-4e98-b12b-e19ba498244a
2016,S,America the Beautiful Quarters,Quarter,Quarter,Pending,,ad74ad76-ea89-41d0-a1a4-44157af40133
1973,S,Eisenhower Dollar,Dollar,Dollar,Pending,,ada52cb6-dabf-4adb-bba3-10343a96f3e7
1952,D,Franklin Half Dollar,Half Dollar,Half Dollar,Pending,,adc370ab-4c91-4e97-900a-a3483680b3fa
1946,,"America Revisited Selection, Time Capsule Year Set",5-Coin Set,5-Coin Set,Pending,,adc9ee72-8610-4542-a6e9-89079406b2b5
2002S,,State and Territory Quarters,Quarter,Quarter,Pending,,add49130-9fc6-40f6-aeec-8ff1651807bb
1985,S,Morgan Silver Dollars,1 Dollar,1 Dollar,Pending,,add984d2-d239-45ae-b4be-9d98669d9c2d
1909,,Barber,Half Dollar,Half Dollar,Pending,,addeacc5-84eb-459e-8b99-e9e2f70db483
1999,,Lincoln Head Penny,Penny,Penny,Pending,,addf5755-1ff3-4ccd-9b93-89cae06c7a55
1899,S,Morgan Silver Dollars,1 Dollar,1 Dollar,Pending,,adfb88c0-6eba-4888-a5bd-21497bdcabe6
1912,,Indian Head Gold Half Eagle,$5 ,$5 ,Pending,,ae06d7d0-2458-44f0-b3a6-886fb8e69ca6
1911,D,Barber Series,Dime,Dime,Pending,,ae1d6fb4-5ec4-4dc7-ab72-811e52f51c94
1904,P,Barber Dimes,Barber Silver Dimes,Barber Silver Dimes,Pending,,ae4185bb-0bd8-4a24-93d2-09c5528f6c11
2020,D,Kennedy Half Dollar Series,Kennedy Half Dollar,Kennedy Half Dollar,Pending,,ae4b0db9-b3d2-48d3-9d37-4eb39877b5da
1828,,Capped Bust Half Dollar,Capped Bust Silver Half Dollar,Capped Bust Silver Half Dollar,Pending,,ae4d71c7-1dc5-4157-8a9a-2983d31fef38
1906,O,Barber,Half Dollar,Half Dollar,Pending,,ae52aec6-5624-4752-ab5c-c6330f2f36e2
1914,D,,Barber Silver Dime,Barber Silver Dime,Pending,,ae83be8e-48fe-4bac-8824-29a606794d11
1926,,,Nickel,Nickel,Pending,,aea8a7cc-c001-4a4f-b984-b92635e08624
1924,,Peace Dollar,Dollar,Dollar,Pending,,aebafca8-1dd2-49ef-a760-be698ba33cf9
1986S,,Washington Silver Quarter,Quarter,Quarter,Pending,,aebc0177-bf8c-4283-aa74-5dda2ab33871
2005S,,Roosevelt Dimes,Dime,Dime,Pending,,aecad1a6-272d-4749-b911-617d1e0016d8
2018,P,Native American Dollar,1 Dollar,1 Dollar,Pending,,aee2affe-e1c4-4482-a409-efb3a0db41b8
1949,,Roosevelt Dime,Roosevelt Dime,Roosevelt Dime,Pending,,aee7635c-1dcb-4071-9242-688e7c94c7d4
1950,P,Jefferson Nickel Series,Nickel,Nickel,Pending,,aee76578-9553-485a-b575-fb5396df8342
2010,D,National Park Quarters,Quarter,Quarter,Pending,,af0fb218-8ac2-4a38-b673-2166664079fe
2006P,,State and Territory Quarters,Quarter,Quarter,Pending,,af3daa1e-c10c-4647-aa56-165bb59bf959
1920,D,Mercury Dime,Roosevelt Dime,Roosevelt Dime,Pending,,af4c68d7-941a-4742-b68a-ef18d1278475
1913,D,Barber Silver Quarters,25 Cents,25 Cents,Pending,,af52ee59-c3f9-439d-8e96-112bf0ee0ebc
2020,P,National Park Quarters,Quarter,Quarter,Pending,,af5e428f-1c98-42b8-8f4c-266dcc672a28
1938,D,Lincoln Cent Series,Penny,Penny,Pending,,af5e7106-d9ae-4d0c-8928-9d893d5c9ec1
,,Liberty Head Gold Half Eagle,$5 ,$5 ,Pending,,af62b4a0-0c0f-415b-8d4b-151b90dc13ef
2017,P,National Park Quarters,Quarter,Quarter,Pending,,af7a7ed0-5b44-42bc-b84d-0470ab6163f5
1935,S,Lincoln Cent Series,Penny,Penny,Pending,,af7c4d27-1357-406a-bb7d-ba01b0c02b43
1916,D,Barber Silver Quarters,25 Cents,25 Cents,Pending,,af82ee2c-d8f3-456f-9a8e-4edcfd6fe682
1869,,Shield Nickel,Nickel,Nickel,Pending,,af8c0f85-9564-4c73-9d45-c577d193600a
1899,D,Morgan Silver Dollar,Dollar,Dollar,Pending,,af8e5afa-0009-4152-9869-16967f2db410
1957,,Franklin Half Dollar,Half Dollar,Half Dollar,Pending,,af97a772-6294-4e17-95db-42dd4d8b8b6b
2013,S,National Park Quarters,Quarter,Quarter,Pending,,afa4195a-c400-4886-bcef-b435bf1c637f
1913,D,Lincoln Head Penny,Penny,Penny,Pending,,afbe23f8-4cf9-4033-b2b2-022d04f7a636
,,Indian Head Gold Half Eagle,$5 ,$5 ,Pending,,b00af6fd-f5b6-4b8e-9c16-345b3b0331cb
1898,O,Morgan Silver Dollars,1 Dollar,1 Dollar,Pending,,b021c2c2-6d3e-44f2-a704-545df959e1be
1941,P,Liberty Walking Half Dollar,Half Dollar,Half Dollar,Pending,,b0254178-67ae-4580-b60e-a16d1f5ae4e9
1941,S,Mercury Dime,Dime,Dime,Pending,,b0277db4-653b-46d8-a0d5-735a32c94a95
1894,S,Morgan Silver Dollars,1 Dollar,1 Dollar,Pending,,b032eba8-d259-4b69-bad4-8a7532aadb14
1984P,,Roosevelt Dimes,Dime,Dime,Pending,,b0433743-ca8b-4292-9d7a-ae787a75b13f
1872,S,Liberty Seated,Half Dollar,Half Dollar,Pending,,b04d7958-0456-4d00-be76-36de2fe08614
1881,CC,Morgan Silver Dollar,1,1,Pending,,b04dab39-1dc9-45b8-8fc0-cb3161a04de8
1889,P,Liberty Walking Half Dollar,Half Dollar,Half Dollar,Pending,,b0a58589-9b79-4fb4-9cf1-d12660ef231c
2017,D,National Park Quarters,Quarter,Quarter,Pending,,b0a63d46-294e-4744-8be4-05e0a3a46f29
1967,,Roosevelt Dimes,Dime,Dime,Pending,,b0e543b0-8e62-4915-bfef-090ba3f16d7b
1983,D,Lincoln Cent,Penny,Penny,Pending,,b0e9c925-f9bd-4ef9-ad65-4091fed25802
1997S,,Roosevelt Dimes,Dime,Dime,Pending,,b0fe4cc9-dc2d-4e05-8122-4df767891bbb
2014S,,Roosevelt Dimes,Dime,Dime,Pending,,b1101394-b534-4125-99e7-8f4a908a3729
1912,S,Barber Silver Quarters,25 Cents,25 Cents,Pending,,b1143405-6974-44e7-abf6-a5dfaa1e7655
1956,,Franklin Half Dollar,Half Dollar,Half Dollar,Pending,,b12c7102-f658-4ed8-b8af-ad2b1908b79f
2004S,,State and Territory Quarters,Quarter,Quarter,Pending,,b1a0cf7b-e4de-4e28-8a58-16c1c735634a
2015,W,American Eagle,Dollar,Dollar,Pending,,b1b171f9-8bbf-4044-82fd-8809545b960a
1933,,Lincoln Wheat Cent Series,Penny,Penny,Pending,,b1c2f71f-4dd6-48fd-9645-f8dc2abf0a86
2009S,,Presidential Dollars,1,1,Pending,,b1cb2c42-138e-473b-8baf-a02ecfb43ba5
2014D,,Presidential Dollars,1,1,Pending,,b1cfc47d-daca-4283-bb59-0973680ad8d5
1835,,,Capped Bust Silver Quarter,Capped Bust Silver Quarter,Pending,,b1f86ed4-13b8-4dbf-ab3e-fe7f0c032edf
1907,,Liberty Head Nickel,Nickel,Nickel,Pending,,b20830a1-ced7-40c1-be3a-8d37ccf580ec
1858,O,,Nickel,Nickel,Pending,,b212faf0-36fb-444e-ac57-c3618b7c8570
1916,S,Barber Series,Dime,Dime,Pending,,b231f671-b1d9-4d04-86f9-99e4e9845d9c
1925,,Peace Dollar,Dollar,Dollar,Pending,,b2743350-2df6-457a-bda2-ba42218e3de1
1921,,Mercury Dime,Dime,Dime,Pending,,b298b003-2164-4fdf-a93c-a4b0558dc221
1905,S,Barber Dimes,Barber Silver Dimes,Barber Silver Dimes,Pending,,b29e3734-1142-4765-b0bd-31a85865e9a3
1940,S,Jefferson Nickel Series,Nickel,Nickel,Pending,,b2aadd47-2387-43f3-a66e-b7fce7f07c4c
1928,D,Standing Liberty Silver Quarter,Quarter,Quarter,Pending,,b2bddd59-dbf1-4d66-b0cc-e637cb00d4fa
2017,P,Native American Dollar Series,Native American Dollar,Native American Dollar,Pending,,b2c0fe1f-8a33-4c04-be98-c345682f4762
1915,PENDING,Barber Series,Dime,Dime,Pending,,b2ce5486-2d51-4a83-82ce-e539c7e191dc
2010S,,Roosevelt Dimes,Dime,Dime,Pending,,b2d18798-cb34-411d-8e07-73a0642bcf04
2009,S,Native American Dollar,1 Dollar,1 Dollar,Pending,,b311121a-fba9-45b1-aee8-965b657211f8
1967,,Washington Silver Quarter,Quarter,Quarter,Pending,,b340944c-7e0f-4e5e-b3f8-d5031970c66b
1879,O,Morgan Silver Dollars,1 Dollar,1 Dollar,Pending,,b3422e24-b065-45ac-9868-5a44b0928cc7
1896,S,Morgan Silver Dollars,1 Dollar,1 Dollar,Pending,,b34abac3-1046-49a1-9b44-d6a5b147c22a
2002P,,Roosevelt Dimes,Dime,Dime,Pending,,b3547d6f-9c3e-4968-8451-6dd94cf93e23
1995,S,,Washington Quarter,Washington Quarter,Pending,,b35521e3-814c-458f-8acf-dcac6d9b2add
1837,,Capped Bust,Capped Bust Silver Dime,Capped Bust Silver Dime,Pending,,b35cc9b7-f8de-49fb-b0d3-6f342e032387
1853,O,Liberty Seated,Half Dollar,Half Dollar,Pending,,b37f9714-8aba-463e-b63e-f17021ff0835
1936,,Lincoln Cent,Penny,Penny,Pending,,b3a26f40-8715-4e4f-9e8f-2b5ce7972b86
1927,D,Lincoln Cent,Penny,Penny,Pending,,b3a3f328-1d13-471c-8654-d69bb8760e72
1929,D,Liberty Walking Half Dollar,Half Dollar,Half Dollar,Pending,,b3a4fb2e-a46b-4e8f-8ef9-83614b8c472a
1939,S,Liberty Walking Half Dollar,Half Dollar,Half Dollar,Pending,,b3c1b7f1-0161-4432-816d-3926f4e0fb32
2002,S,Kennedy Half Dollar Series,Kennedy Half Dollar,Kennedy Half Dollar,Pending,,b3c86ff8-d948-45fb-b29e-259934d9d4f0
2001,P,,Kennedy Half Dollar,Kennedy Half Dollar,Pending,,b3d85ffd-dddb-4822-90b4-f002a4d2f1e8
1955,P,Silver Franklin Half Dollar,50 Cent,50 Cent,Pending,,b3f19229-3585-45ea-9272-b75756b39116
1999P,,State and Territory Quarters,Quarter,Quarter,Pending,,b41a0305-bdee-4414-baeb-19e081d607fa
1924,S,Buffalo Nickel,Nickel,Nickel,Pending,,b43110ee-c5e7-4ead-aaad-57806e57ac71
2002,D,Sacagawea Dollar,1 Dollar,1 Dollar,Pending,,b4538e61-707e-4dad-a490-d95352db9c8b
2015,,American Silver Eagle,American Silver Eagle Dollar,American Silver Eagle Dollar,Pending,,b45798b7-b48f-4801-a140-b3027a06558c
1976,S,Lincoln Cent,Penny,Penny,Pending,,b45c3ff5-c659-42e1-9d84-ce836b5e89e1
1951,D,Franklin Half Dollar,Half Dollar,Half Dollar,Pending,,b45dc5a6-16c6-4688-a176-887241a1d885
2008,S,Lincoln Cent Series,Penny,Penny,Pending,,b463944e-b635-4ceb-8f49-6b251f65a3ac
1892,S,Morgan Silver Dollar,Dollar,Dollar,Pending,,b4642d90-afb7-4c42-bcf4-88025494be15
2003P,,State and Territory Quarters,Quarter,Quarter,Pending,,b4765281-6ede-4257-8319-a04de0100da0
1895,S,Morgan Silver Dollar,Dollar,Dollar,Pending,,b4a0da2d-588d-4d1c-8e69-6d85f054b318
1949,,Washington Silver Quarter,Quarter,Quarter,Pending,,b4b051b2-3f31-4ef3-80f2-81e703aceec0
2009P,,State and Territory Quarters,Quarter,Quarter,Pending,,b4beeafb-1ea8-4f6c-a420-e487d429cae3
Multiple,,Morgan Silver Dollar SET,Multiple,Multiple,Pending,,b4c8ee37-1d97-4ff3-a9ff-98a7d39265db
2006S,,State and Territory Quarters,Quarter,Quarter,Pending,,b4d0c648-ae7b-4ded-b667-915df107cee2
1919,P,Liberty Walking Half Dollar,Half Dollar,Half Dollar,Pending,,b4eb3d49-e28a-4553-a2d1-a4ef34cd7d28
1908,S,,1908,,Pending,,b4ed25aa-ce68-4fd5-a7d8-b4b997d144dd
2007S,,Presidential Dollars,1,1,Pending,,b50a91f5-4281-4e37-9f73-7aa549cd9df2
2008P,,State and Territory Quarters,Quarter,Quarter,Pending,,b5111710-2650-4591-b6de-30901eed0e85
1887P,,Washington Silver Quarter,Quarter,Quarter,Pending,,b519a7e3-870e-4632-ad5d-aab456ca2ce1
1989,,Lincoln Cent Series,Penny,Penny,Pending,,b546427a-b337-4274-8470-79e5c78fe6aa
2018,S,National Park Quarters,Quarter,Quarter,Pending,,b5530289-10b4-419f-854b-a2352cba7106
2015,S,National Park Quarters,Quarter,Quarter,Pending,,b567e7fc-0772-47ed-a36a-6d45f4a4349d
1962,,Washington Silver Quarter,Quarter,Quarter,Pending,,b569a270-fabb-4c65-afe7-c36918892921
2010,S,Kennedy Half Dollar,Kennedy Half Dollar,Kennedy Half Dollar,Pending,,b58610e7-0813-4333-bebd-7bb1ec13c5a3
1950,,Lincoln Cent,Penny,Penny,Pending,,b5a49ba4-647e-4ea8-8962-c9778229721a
1918,S,Liberty Walking Half Dollar,Half Dollar,Half Dollar,Pending,,b5a7d0de-0ab7-4491-9123-5dc488830826
2004S,,State and Territory Quarters,Quarter,Quarter,Pending,,b5a92a96-0e8a-42d5-b8ad-4c1cb974474d
2017,P,Native American Dollar,1 Dollar,1 Dollar,Pending,,b5abcca4-7169-4796-aa45-043f2509b973
2014,D,America the Beautiful Quarters,Quarter,Quarter,Pending,,b5e85c21-2a96-40d7-a527-ad700c02d27c
1966,,Lincoln Cent,Penny,Penny,Pending,,b6295574-b6d7-4f36-b172-a826af1280d6
1982,S,,Roosevelt Dime,Roosevelt Dime,Pending,,b63b5f74-07e5-40f7-a68b-f456e322e535
2021S,,Roosevelt Dimes,Dime,Dime,Pending,,b6740899-c665-42b1-9a19-245bb7b7f662
1988P,,Roosevelt Dimes,Dime,Dime,Pending,,b6b7a3dc-0df9-45b7-8a63-83b0ba5068df
1905,PENDING,Barber Series,Dime,Dime,Pending,,b6bc0891-4c27-4e0c-b79e-346cd00d5148
2003,P,Sacagawea Dollar,1 Dollar,1 Dollar,Pending,,b6c95252-4c1b-44b1-a5ad-38862c6609f8
1985P,,Washington Silver Quarter,Quarter,Quarter,Pending,,b6d53e3a-cd7e-4bb1-bd7a-d956cba45580
1973,S,Eisenhower Dollar,Dollar,Dollar,Pending,,b6ec5321-941f-4bb5-90f3-c706c6d37c35
2006S,,State and Territory Quarters,Quarter,Quarter,Pending,,b6f6b34b-e86c-40e4-90aa-c1cf924ec1c6
2002S,,State and Territory Quarters,Quarter,Quarter,Pending,,b707d189-eb87-4390-ba15-dcdaf58de38e
2001,,Lincoln Cent Series,Penny,Penny,Pending,,b70bc601-4fe1-4732-8e5f-99741cceaa0c
2020S,,Roosevelt Dimes,Dime,Dime,Pending,,b70ccf8b-f084-474e-a829-a86734663db9
1994,D,Lincoln Cent,Penny,Penny,Pending,,b7283e9a-0d8f-4bb7-92f5-3a6bc98ba5ec
2012D,,Presidential Dollars,1,1,Pending,,b736a43d-845b-4650-9ecb-63f97928ed48
1942,S,Liberty Walking Half Dollar,Half Dollar,Half Dollar,Pending,,b748469d-f040-462d-a294-7c6b378c8935
1970,S,Lincoln Head Penny,Penny,Penny,Pending,,b7655678-f789-452d-9a0a-dbe22a52a5ad
1929,S,Lincoln Head Cent,Penny,Penny,Pending,,b77ec101-1ca7-4921-852b-a89ebc307fea
1917,S,Mercury Dime,Roosevelt Dime,Roosevelt Dime,Pending,,b7b5da03-f47f-4947-9ece-4b1d5270d918
1875,,Liberty Seated,Half Dollar,Half Dollar,Pending,,b7c9db51-ab60-47ab-81b2-aac401f3da1f
2015D,,Presidential Dollars,1,1,Pending,,b7ccf067-e399-4df2-89b0-7a86f2a28c8b
2018,D,America the Beautiful Quarters,Quarter,Quarter,Pending,,b7d2b2cf-143e-4e57-be85-7cd62d3560c1
1940,,Lincoln Wheat Cent,Penny,Penny,Pending,,b7d536dc-ec04-4265-8c2e-42e441b01a77
1959,P,Jefferson Nickel Series,Nickel,Nickel,Pending,,b7e36423-3f76-4eab-8d80-e609df42db8b
1893,,,1893,,Pending,,b80b5d47-6147-445e-83a8-c40c2e096903
2010,S,National Park Quarters,Quarter,Quarter,Pending,,b824feb3-4f14-4528-8b53-28d8987d319d
2008D,,Presidential Dollars,1,1,Pending,,b826dbd5-ee4b-426b-a9ea-a07a0e4dccc5
1913,S,Lincoln Wheat Cent,Penny,Penny,Pending,,b83715dd-4f1c-4e04-b0de-a9d2fc33949e
2004P,,State and Territory Quarters,Quarter,Quarter,Pending,,b867ac30-308e-46bc-918c-f53503a46b99
1938,,Lincoln Wheat Cent Series,Penny,Penny,Pending,,b87a36ca-beff-4fc4-b620-8e8b4b0efa12
1974D,,Roosevelt Dimes,Dime,Dime,Pending,,b896a30d-02eb-4462-a2f8-c45316aa5678
1954,,Lincoln Wheat Cent Series,Penny,Penny,Pending,,b8974bfc-5028-424d-b69d-07ba23772566
1954,,Lincoln Cent,Penny,Penny,Pending,,b8a93365-f9e5-4c76-9179-99d944d2cfff
1847,,Braided Hair Large Cents,Large Cent,Large Cent,Pending,,b8b04144-4d23-427d-9e39-3c1f40ecd10c
1899,P,Morgan Silver Dollars,1 Dollar,1 Dollar,Pending,,b8b20444-9c37-4703-b98c-a07803ee2681
1916,,Lincoln Cent,Penny,Penny,Pending,,b8e9a472-c61a-42f6-85e0-b0512a2a7823
1923,S,,Peace Dollar,Peace Dollar,Pending,,b8f704d8-6e76-4b9c-909e-cd5b89d2c818
1966,,Washington Silver Quarter,Quarter,Quarter,Pending,,b908d8db-27d3-4d21-8175-e32097eded91
2007P,,State and Territory Quarters,Quarter,Quarter,Pending,,b90b86cc-1c57-4a8f-a19f-c831680eaa48
1862,,,Nickel,Nickel,Pending,,b92827ae-e331-4c22-97f0-a2d538a43c22
2017,S,National Park Quarters,Quarter,Quarter,Pending,,b9329efb-8417-4b8e-aac4-8f7ca14a53e3
1956,,Lincoln Wheat Cent,Penny,Penny,Pending,,b94b5b10-2ab8-401d-97b5-644d2013e76a
1934,,Lincoln Cent,Penny,Penny,Pending,,b9a36017-4fb3-4062-8806-770a2e2a8bf3
1962,D,Franklin Half Dollar,Half Dollar,Half Dollar,Pending,,b9ae78c9-3db6-4de8-a74d-6f8a091d530f
1966,,Kennedy Half Dollar Series,Kennedy Half Dollar,Kennedy Half Dollar,Pending,,b9bc1b8b-b6ac-43f6-9659-a00a93778b9b
1918,,Lincoln Wheat Cent Series,Penny,Penny,Pending,,b9cb6401-ecd3-4c61-a380-6fa911d785b8
2006D,,State and Territory Quarters,Quarter,Quarter,Pending,,b9cfaab3-4bc3-415e-b39e-d5aa2290c05f
1892,,Barber Silver Quarters,25 Cents,25 Cents,Pending,,b9d3f472-b037-48f8-81ec-14c2459d9cbe
1978,S,Kennedy Half Dollar,Kennedy Half Dollar,Kennedy Half Dollar,Pending,,b9d43be8-f541-4833-afdd-ec8a6a589e1c
1867,,Liberty Seated,Half Dollar,Half Dollar,Pending,,b9dcc720-1561-43f9-811c-dd097301d2d5
1992D,,Roosevelt Dimes,Dime,Dime,Pending,,b9deb772-2565-4610-96d4-6e659f6b65a5
2012,D,Lincoln Cent Series,Penny,Penny,Pending,,b9f917e0-6382-46de-89ab-35cb7e3c081f
1857,,Liberty Seated,Half Dollar,Half Dollar,Pending,,ba306d31-8372-4c58-b1cc-29e963f63a24
1975,S,Lincoln Cent Series,Penny,Penny,Pending,,ba356f2a-feb3-4777-8d4a-4a098a968a82
1906,D,Barber Series,Dime,Dime,Pending,,ba3998ec-af88-4fa2-8ac4-a0336a69d57b
2020,S,National Park Quarters,Quarter,Quarter,Pending,,ba4f2b3e-93ad-4b96-90b5-e4e16d7f931d
1996S,,Roosevelt Dimes,Dime,Dime,Pending,,ba5ff1e5-fdd8-4d5c-9067-097ccfe12761
1902,O,Morgan Silver Dollars,1 Dollar,1 Dollar,Pending,,ba7290d8-2f2f-4dc4-8ac2-04b386caff92
1983,S,Kennedy Half Dollar,Kennedy Half Dollar,Kennedy Half Dollar,Pending,,baa64fe4-4fd8-4db0-8381-d92e40a7933e
1959D,,Roosevelt Dimes,Dime,Dime,Pending,,baab9350-f8b0-4551-bcc2-6f35e86c1c85
2005P,,State and Territory Quarters,Quarter,Quarter,Pending,,baaccccd-fc8b-4c35-9a3d-e2fd635f00ff
1976S,,Washington Silver Quarter,Quarter,Quarter,Pending,,bab1901d-609d-4c3e-80b1-be2cf90268b5
1894,O,Barber,Half Dollar,Half Dollar,Pending,,bafbb2f5-f7a5-40d4-badd-f52330fca351
1912,S,Lincoln Wheat Cent,Penny,Penny,Pending,,bafe1eb3-0b67-438f-9efc-2c1c06719f68
1979,D,Lincoln Cent,Penny,Penny,Pending,,bb01c98e-247e-4ef9-ae98-23c6bd594962
1903,O,Barber Dimes,Barber Silver Dimes,Barber Silver Dimes,Pending,,bb4d74f8-f3d3-43f7-a5ac-706caaf7615e
2011S,,Presidential Dollars,1,1,Pending,,bb622794-d50d-4b66-a6a5-addc974f7b5b
1875,CC,Liberty Seated Silver Dime,Dime,Dime,Pending,,bb7a7fbb-ecad-412d-8aba-075bdf8b2477
2000,D,Kennedy Half Dollar,Kennedy Half Dollar,Kennedy Half Dollar,Pending,,bb810877-b233-49be-abd4-2a41310dbb95
1962,,Franklin Half Dollar,Half Dollar,Half Dollar,Pending,,bb8cf1a5-0709-4c30-bc51-61ebd545ac3c
2004S,,State and Territory Quarters,Quarter,Quarter,Pending,,bb985987-12cf-407c-9efb-2bba11eab7cd
2019,D,Native American Dollar,1 Dollar,1 Dollar,Pending,,bbb69097-1b7a-4c7b-a6b5-7367436a5f5f
2010,,Lincoln Head Penny,Penny,Penny,Pending,,bbb9d8df-61cf-4450-8525-193899ae2ce9
1927,S,Lincoln Cent Series,Penny,Penny,Pending,,bbbd2f7e-646c-44b4-bc23-e7ea6e774591
2018,P,National Park Quarters,Quarter,Quarter,Pending,,bbd06bf0-271d-47c9-a8b4-e869840e01e7
2023,S,US Women's Quarters,Quarter,Quarter,Pending,,bbf2cfb9-16b2-4bf1-9c65-fcb40dc535dd
1992,,American Eagle,Dollar,Dollar,Pending,,bc18ca71-62f7-449f-bf97-ef4cf91890c7
1976D,,Washington Silver Quarter,Quarter,Quarter,Pending,,bc34f453-0762-4560-b336-63486fdab3b2
1825,,Capped Bust,Half Dollar,Half Dollar,Pending,,bc4c1cd2-3d73-4227-bac7-179c7925b02f
1915,S,Lincoln Wheat Cent,Penny,Penny,Pending,,bc50e40f-f013-4637-a5bf-a1e1a40defa0
1932,D,Lincoln Head Penny,Penny,Penny,Pending,,bc58debe-464b-4c71-90a3-443a5db35a23
1854,O,Liberty Seated,Half Dollar,Half Dollar,Pending,,bc5a8afe-2c70-44e7-92f8-63f7a8cd07e1
2017,S,National Park Quarters,Quarter,Quarter,Pending,,bc6195f2-3a5f-4c2e-8f02-23aa4b6647eb
2023,S,,Lincoln Cent,Lincoln Cent,Pending,,bc74ab08-736a-48f2-a435-d2cc851e8cdd
1980,S,Susan B. Anthony Dollar,Susan B. Anthony Dollar,Susan B. Anthony Dollar,Pending,,bc7a6e13-2952-41c3-943a-551a88623042
1961D,,Roosevelt Dimes,Dime,Dime,Pending,,bc7d6465-0e4c-444f-94c0-099283c8655f
1907,S,Barber,Half Dollar,Half Dollar,Pending,,bc98449f-47f2-429b-841b-d5fbd910a26f
1867,,Shield Nickel,Nickel,Nickel,Pending,,bca1ae54-8979-41f8-932f-ebba4aec8a47
2010,S,National Park Quarters,Quarter,Quarter,Pending,,bca640d6-4949-4ed5-b531-275d78638b4b
1926,,Lincoln Cent,Penny,Penny,Pending,,bcc0bc38-b9bd-4039-83f0-2cbab2418658
1950,,Franklin Half Dollar,Half Dollar,Half Dollar,Pending,,bcc77da6-ce97-46b1-b54c-28a3d1280d27
2016,S,America the Beautiful Quarters,Quarter,Quarter,Pending,,bcd3282b-3e5a-4db7-a77f-3a93d5913730
1883,,Liberty Seated Silver Dime,Dime,Dime,Pending,,bcf00df5-1ea8-4cb4-adbb-8620acd56a09
2007,P,Sacagawea Dollar,1 Dollar,1 Dollar,Pending,,bd1d46d1-6d15-44f2-9739-72c97ade4ce0
1855,,Liberty Seated,Half Dollar,Half Dollar,Pending,,bd234c0f-b3bc-451c-b195-cda72125de0a
1912,PENDING,Barber Series,Dime,Dime,Pending,,bd3a4947-d0d4-4b2c-b7c1-f6147704e9de
2004S,,State and Territory Quarters,Quarter,Quarter,Pending,,bd404e7c-e94b-4201-8f96-7a7a8269c6fe
1948,,Franklin Half Dollar,Half Dollar,Half Dollar,Pending,,bd4bcffa-9bad-4957-a5ad-e8247dc22187
2018,P,America the Beautiful Quarters,Quarter,Quarter,Pending,,bd577a8a-f318-4a75-a791-81e363b547ee
1900,,Indian Head Cent,Penny,Penny,Pending,,bd5799ff-05d1-4db7-9a57-2b856e94b9c5
2019,S,America the Beautiful Quarters,Quarter,Quarter,Pending,,bd5efd0f-5365-487f-970f-e9df960a5c4b
1994,P,American Eagle,Dollar,Dollar,Pending,,bd60c9de-7ee7-4084-9a68-191882f871c4
1856,,Liberty Seated,Quarter,Quarter,Pending,,bd9a5cfa-cef8-4491-8ad8-9ceb9eb3b073
2008D,,Presidential Dollars,1,1,Pending,,bdabe34d-1f1b-4b5c-96c2-e142a6d1a1f0
1819,,Capped Bust Half Dollar,Half Dollar,Half Dollar,Pending,,bdae4510-dbff-4fd0-b69a-87041db0e182
1917,S,Mercury Dime,Dime,Dime,Pending,,bdc1e056-1b11-402c-a1c4-d665c7251615
1898,P,Barber Dimes,Barber Silver Dimes,Barber Silver Dimes,Pending,,bde99794-e59a-41c6-b430-d987464f0c62
1986P,,Roosevelt Dimes,Dime,Dime,Pending,,bdea3a46-d2d1-4f7c-aa9f-d80b0faf5142
1989P,,Washington Silver Quarter,Quarter,Quarter,Pending,,be121645-2255-4dc1-9804-b41ac005d5e6
2012D,,Presidential Dollars,1,1,Pending,,be21d4d2-0bb1-4e8c-948c-08de67a33791
2017,P,National Park Quarters,Quarter,Quarter,Pending,,be27acc3-7916-470d-b39c-0b454a531db3
1949D,,Roosevelt Dimes,Dime,Dime,Pending,,be446b86-ed5c-4963-95f5-6f6e5863210f
1935,,Time Capsule Year Set,Mixed US Coin Set,Mixed US Coin Set,Pending,,be4cd764-bef8-44c8-a722-ecc8755cca78
1957D,,Roosevelt Dimes,Dime,Dime,Pending,,be81ab27-2ac3-4ea9-b2af-b68d55fdfc62
,,Peace Dollar,Dollar,Dollar,Pending,,be97654e-f07d-4c4d-aeca-43523b4e3d3b
1955,,Franklin Half Dollar,Half Dollar,Half Dollar,Pending,,beaced3a-eaeb-4455-b2f4-8b4ea64b36ea
1974,D,Eisenhower Dollar,Dollar,Dollar,Pending,,bee2663c-9be4-4e57-9664-3597c2336fd3
1932,,Lincoln Wheat Cent Series,Penny,Penny,Pending,,bf17cdc4-6c07-447c-9ca9-af165c9d6832
1874,,Liberty Seated,Quarter,Quarter,Pending,,bf2a5fcd-9673-4a54-9d9c-d071f83d91dd
1960,,Lincoln Cent,Penny,Penny,Pending,,bf2bda8e-d4af-43e0-8dc3-038348c0dba8
1949,D,Jefferson Nickel Series,Nickel,Nickel,Pending,,bf30c441-fec5-4535-a938-bacd704f3d3d
2004,D,Sacagawea Dollar,1 Dollar,1 Dollar,Pending,,bf570887-cb72-4ad8-b003-95579044e317
1942,P,,Jefferson Nickel,Jefferson Nickel,Pending,,bf6e237d-c2fb-4e66-a953-0251b5c2790f
1982,D,Lincoln Head Penny,Penny,Penny,Pending,,bf87a223-cfaf-4115-a7e7-7473b3067cfc
2005D,,Roosevelt Dimes,Dime,Dime,Pending,,bf8dcbe9-a976-4ace-81c0-7711f2eb382c
1899,O,Barber,Half Dollar,Half Dollar,Pending,,bf9d307b-6f8a-48ed-b19d-f9bee049b484
1971,S,Kennedy Half Dollar,Kennedy Half Dollar,Kennedy Half Dollar,Pending,,bfd58d2b-a748-4884-b72a-e096f4e2e2da
1924,,Lincoln Wheat Cent Series,Penny,Penny,Pending,,bfd90594-edb0-415a-862b-5389f69bce9e
1943,,,Dime,Dime,Pending,,bfe02692-def2-4f05-a5a8-a7ddc2f7235f
2019,P,National Park Quarters,Quarter,Quarter,Pending,,bfe29661-946d-4a9b-b9c2-dbf1b5678b69
1879,P,Liberty Walking Half Dollar,Half Dollar,Half Dollar,Pending,,bfe8d50d-2b6e-469a-b8de-48c114bf39cd
1919,,Lincoln Cent,Penny,Penny,Pending,,bfebc9ad-89ba-47c1-b42e-b74a8a22136d
1946,S,Lincoln Head Penny,Penny,Penny,Pending,,c00492b5-c089-47e8-96af-c96b4a0d0882
1937,,Lincoln Wheat Cent Series,Penny,Penny,Pending,,c01c5ef5-2ec8-482d-9722-8e698c77ce85
,D,Historic U.S. Silver Coins,Dime,Dime,Pending,,c02e6065-8e88-46a7-b1f0-f79714c14ae5
2020,S,National Park Quarters,Quarter,Quarter,Pending,,c053338a-7b97-4d6c-b03b-eaad90a93e10
1883,CC,Morgan Silver Dollar,1,1,Pending,,c063dedd-6ee6-4fae-b5b2-c984864a1516
1961,,Lincoln Head Penny,Penny,Penny,Pending,,c08d8d46-0a72-41a9-bf73-497eb2ee1811
2019,S,National Park Quarters,Quarter,Quarter,Pending,,c09aff4e-46b2-4dc5-b022-a8c2c371d343
1954S,,Roosevelt Dimes,Dime,Dime,Pending,,c0aa0fbf-899f-4e7c-88f7-f9c64d74e975
1915,,Barber,Half Dollar,Half Dollar,Pending,,c0ce1388-ff3e-402a-802b-72df1983b4a2
2003,P,Roosevelt Dime,Roosevelt Dime,Roosevelt Dime,Pending,,c0e5bbb1-0020-4bbd-a3e1-427c11bd1228
1920,P,Liberty Walking Half Dollar,Half Dollar,Half Dollar,Pending,,c0efab88-0a5c-4d9a-9011-78f21d347e66
1919,,Lincoln Wheat Cent,Penny,Penny,Pending,,c10d4a63-6f03-443b-a3cf-0f1c0e089bc7
1977D,,Washington Silver Quarter,Quarter,Quarter,Pending,,c11d8bb2-edbb-4928-973c-99b596b53712
2023,,Modern Peace Dollar,Peace Dollar,Peace Dollar,Pending,,c12ddd89-0e25-486b-b2e1-dd2f549d0824
2009P,,State and Territory Quarters,Quarter,Quarter,Pending,,c1354b6b-bcf0-43e6-8a31-f4b298218ee4
1971,S,Lincoln Head Penny,Penny,Penny,Pending,,c13790fa-cb9f-40ae-9ed4-ddfaab350c19
2010,S,America the Beautiful Quarters,Quarter,Quarter,Pending,,c144ec65-b1c4-45c9-9f17-9a13d1b72774
1912,,Lincoln Head Penny,Penny,Penny,Pending,,c145af69-146b-4589-8d63-aaa7c12e3747
1990S,,Washington Silver Quarter,Quarter,Quarter,Pending,,c154f75f-15c1-4c61-8d28-a47d1f5f53d6
2008,P,Sacagawea Dollar,1 Dollar,1 Dollar,Pending,,c157b688-4ae4-4139-9f63-2ae91a66d1a2
1940,,Lincoln Cent Series,Penny,Penny,Pending,,c157c328-11d3-44c7-b804-d8fe599e9504
1997,,American Eagle,Dollar,Dollar,Pending,,c159f431-6195-4ae0-a0d0-8760fbd63d53
1942D,,Washington Silver Quarter,Quarter,Quarter,Pending,,c15c0f29-7186-4419-a245-4e9586e81e46
1855,,Braided Hair Large Cents,Large Cent,Large Cent,Pending,,c15d84aa-e8e0-4ee4-95f8-1c46e4398ef8
1939,S,Mercury Dime,Dime,Dime,Pending,,c17da355-d37b-4333-bb22-9743c2503384
1956,P,Jefferson Nickel Series,Nickel,Nickel,Pending,,c1928151-a421-4e40-a710-6649b4736f26
2015,P/D,Roosevelt Dime Set,Roosevelt Dime,Roosevelt Dime,Pending,,c1a4b008-8931-492c-8deb-abe5e48db045
1858,,,Nickel,Nickel,Pending,,c1abc31d-d267-4cf0-b7fe-e0e167c61bd6
1952,D,Franklin Half Dollar,Half Dollar,Half Dollar,Pending,,c1b20856-fb51-4528-b354-f50757b4d01d
1978,,Eisenhower Dollar,Dollar,Dollar,Pending,,c1baadcc-8172-415b-9ef2-1e8d9696af55
1903,P,Barber Dimes,Barber Silver Dimes,Barber Silver Dimes,Pending,,c1de1b69-92fa-4f62-acb2-eed771751b03
2009S,,State and Territory Quarters,Quarter,Quarter,Pending,,c1ec278e-d078-4aeb-a676-d536ce117009
1974,S,Eisenhower Dollar,Dollar,Dollar,Pending,,c1ee4bac-fd7e-4211-a271-bf9af38a85a8
1983S,,Washington Silver Quarter,Quarter,Quarter,Pending,,c1f7544b-0108-40cd-ad43-363679bc51e2
2005,D,Lincoln Cent,Penny,Penny,Pending,,c224d6e8-4172-4155-a9ec-2f40075983c9
2015S,,Presidential Dollars,1,1,Pending,,c24ce3c9-7582-4f9b-9492-9245ca30b7ca
2011,S,National Park Quarters,Quarter,Quarter,Pending,,c26f4769-6336-40c3-9c95-f65430e3b763
2001P,,State and Territory Quarters,Quarter,Quarter,Pending,,c271d118-b831-4089-812f-1c61036c5265
2014D,,Presidential Dollars,1,1,Pending,,c27cf214-815a-41d2-bd1c-4bb4f7809c0e
1837,,Capped Bust,Half Dime,Half Dime,Pending,,c280895e-6094-4204-b5d1-6251cdca599b
1978,,Eisenhower Dollar,Dollar,Dollar,Pending,,c28655a1-e08a-4cbc-98b1-c966a8ffb4e4
1895,S,Barber Dimes,Barber Silver Dimes,Barber Silver Dimes,Pending,,c28a6782-8c53-412c-9476-e8eb680c8b2a
2009P,,State and Territory Quarters,Quarter,Quarter,Pending,,c29bee57-7d41-4fdb-a34c-4d2fcb5936df
1998S,,Washington Silver Quarter,Quarter,Quarter,Pending,,c2cc9185-2489-43aa-b4f1-e6b64e26db3e
1981,S,Susan B. Anthony Dollar,Susan B. Anthony Dollar,Susan B. Anthony Dollar,Pending,,c2f6aa8a-4293-4db4-9525-11e3ae3b78b5
1909,O,Barber Silver Quarters,25 Cents,25 Cents,Pending,,c2f7c264-93df-46f6-9b65-2e631bd0e692
2013,D,Native American Dollar,1 Dollar,1 Dollar,Pending,,c3017514-228b-4169-9134-f36adc68e0b6
1924,,Standing Liberty Silver Quarter,Quarter,Quarter,Pending,,c3058a92-1f87-42ff-8917-f922e6d1660b
1954,,Franklin Half Dollar,Half Dollar,Half Dollar,Pending,,c30d483f-12dd-4f9b-ad4c-b7f19b49add1
1942,P,Jefferson Nickel Series,Nickel,Nickel,Pending,,c316de38-6433-47fd-aa90-a32b73aa6391
2012,S,National Park Quarters,Quarter,Quarter,Pending,,c32c6abf-f9ad-4b50-b363-6f9988fc5973
1956D,,Roosevelt Dimes,Dime,Dime,Pending,,c3393de0-1652-413d-ad81-50a9a036efe3
1989P,,Roosevelt Dimes,Dime,Dime,Pending,,c35c1340-5230-4e32-a96a-37186421e594
1914,S,Barber Silver Quarters,25 Cents,25 Cents,Pending,,c361f9db-6fda-47e2-8e11-e9dc82edb238
1999S,,State and Territory Quarters,Quarter,Quarter,Pending,,c3648cbe-b3ee-44e6-ac94-d7a1f4b9e34f
2016S,,Presidential Dollars,1,1,Pending,,c3821776-e02b-4fbc-9d81-507237648d09
2006,D,Lincoln Cent Series,Penny,Penny,Pending,,c3c6c5b4-05e2-428e-9e3f-e90a24043018
1969S,,Roosevelt Dimes,Dime,Dime,Pending,,c3c90785-6d4a-4d8b-8904-921dcaa79458
1992,S,Lincoln Cent,Penny,Penny,Pending,,c3c98d7d-719f-4fc0-b733-d0d4ae510c9a
1834,,Capped Bust Half Dollar,Capped Bust Silver Half Dollar,Capped Bust Silver Half Dollar,Pending,,c3e7a61b-80d8-48f2-9df9-b9e14b5710cd
2019,S,National Park Quarters,Quarter,Quarter,Pending,,c3ec09f8-88dd-4b7f-86e9-791905f11cc5
2024,D,Kennedy Half Dollar,Kennedy Half Dollar,Kennedy Half Dollar,Pending,,c402f275-6bff-4150-b2b9-35fd1912abc5
1977,S,Kennedy Half Dollar Series,Kennedy Half Dollar,Kennedy Half Dollar,Pending,,c4095245-8138-4f6b-adf2-aefc004a790a
1971,S,Eisenhower Dollar,1 Dollar,1 Dollar,Pending,,c4307811-0a9e-421f-afba-69871cac8814
2001,P,,Roosevelt Dime,Roosevelt Dime,Pending,,c4451253-043e-4e47-b6d5-7c1a8c3cff7d
1999D,,State and Territory Quarters,Quarter,Quarter,Pending,,c45a0636-8350-4b02-959f-29f21a205480
1942,D,Liberty Walking Half Dollar,Half Dollar,Half Dollar,Pending,,c462b517-0f68-4cce-8fd6-5069e81b36f3
1885,CC,Morgan Silver Dollar,Dollar,Dollar,Pending,,c465b622-3476-45b0-9239-f77b4fa3754c
1911,,Lincoln Cent Series,Penny,Penny,Pending,,c4742822-8665-4be6-8807-c05c8e1a985c
1920,S,Lincoln Cent,Penny,Penny,Pending,,c477cc01-1569-4cb5-93cb-9c233cec2052
1964,,Time Capsule Year Set,1964 Time Capsule Year Set,,Pending,,c4822c01-ae7f-4de6-b345-9a756dbb3e9e
2001P,,State and Territory Quarters,Quarter,Quarter,Pending,,c48a2e30-e893-4429-9cf7-608d7df73cc6
1932,D,Lincoln Cent,Penny,Penny,Pending,,c4bdf52b-586b-4b29-a536-b229c57baf25
1877,S,Liberty Seated,Half Dollar,Half Dollar,Pending,,c4c5712e-1f78-4502-b665-c3e3d33bbe14
1877,,Liberty Seated,Quarter,Quarter,Pending,,c4cfc57c-ccf0-4fa8-9912-1562027f8cbc
2013S,,Roosevelt Dimes,Dime,Dime,Pending,,c4d35382-54d7-47d8-9dc4-ca76a9f7d803
1918,,Lincoln Wheat Cent Series,Penny,Penny,Pending,,c4d7d26a-496b-4b90-a6fb-ebd3e337aaf4
2008S,,State and Territory Quarters,Quarter,Quarter,Pending,,c4dba379-b877-4f28-ab5f-351e4056a11e
1961,,Lincoln Head Penny,Penny,Penny,Pending,,c50a4f40-edee-4f23-8694-cf60e6dd4986
1990,,Lincoln Cent,Penny,Penny,Pending,,c50fe0e8-793c-42c1-8b41-75ded880fa36
2018,D,America the Beautiful Quarters,Quarter,Quarter,Pending,,c517facd-c2ff-42ef-b8e2-0f4756f2cf9c
1942,,Birth Year Coin and Silver Commemorative Set,Coin Set,Coin Set,Pending,,c5244bae-0f9c-460b-b86b-4ee9b58e1798
1997,D,Lincoln Cent Series,Penny,Penny,Pending,,c5273039-48cb-4d57-aa6f-b67d8e7d7541
1958,,Mercury Dime,Dime,Dime,Pending,,c531e838-5310-4d01-8a7a-d60783989b9b
1820,,Capped Bust Dime,Capped Bust Silver Dime,Capped Bust Silver Dime,Pending,,c55c8786-532c-415b-93a0-8a4ae65d780d
1947,D,Liberty Walking Half Dollar,Half Dollar,Half Dollar,Pending,,c577da2f-5504-4f7f-98c4-1c9c1ab53739
2019,PDS,America the Beautiful Quarters,Quarter,Quarter,Pending,,c57b2abf-8876-41a3-88d6-c35ac6b3a540
1976,D,U.S. Bicentennial,Dollar,Dollar,Pending,,c59953f2-ca03-4e02-a3d0-827281da943b
1882,O,Morgan Silver Dollar,Dollar,Dollar,Pending,,c5aabcdc-4b5e-4641-b100-d797b296c612
,,, ,,Pending,,c5f7f111-2786-4ecd-9dd1-6afa958d7bbc
1835,,Capped Bust,Nickel,Nickel,Pending,,c5fe6edf-5bcb-4247-8a65-9a081442a4a3
1983,,Lincoln Memorial Cent,Penny,Penny,Pending,,c603de1c-b14a-4473-8750-a5a3c455d54f
1957,,Lincoln Cent,Penny,Penny,Pending,,c608c73a-1da3-45f2-8e2f-04f73fce8082
1962,,Lincoln Head Penny,Penny,Penny,Pending,,c61babb8-e201-4e9a-a0e4-23dd77223813
2020,,American Innovation Dollar,Dollar,Dollar,Pending,,c62349c7-b5ad-4801-8fc5-f18867a62e2b
1955,,Washington Silver Quarter,Quarter,Quarter,Pending,,c63e3f0c-26cb-4029-8f17-e328f9e1cb7b
1989,,Lincoln Cent,Penny,Penny,Pending,,c648ead1-2861-46a0-a223-5653c30f7db9
1863,,,Nickel,Nickel,Pending,,c65e3efd-276f-4b3d-bcbd-301255148e07
1890,,Morgan Silver Dollar,Dollar,Dollar,Pending,,c6664e95-d504-452e-a423-b5c4f3ef894e
1887,S,Liberty Seated Silver Dime,Dime,Dime,Pending,,c66fc816-055b-4363-a537-d23653458dac
1873,,,Nickel,Nickel,Pending,,c67749dd-19a8-442c-8265-a22e27940865
1919,,Mercury Dime,Roosevelt Dime,Roosevelt Dime,Pending,,c679de40-677c-410f-8ffd-cfe883ba5dc3
1945,S,Lincoln Head Cent,Penny,Penny,Pending,,c690b5c5-9ff7-4be9-af92-217d8cb9adf5
1945,,Lincoln Wheat Cent,Penny,Penny,Pending,,c696a278-8953-4f0f-bf71-b1d69353ec96
2017,S,National Park Quarters,Quarter,Quarter,Pending,,c6a72499-90b4-4f05-ba17-25572874994a
1917,S,Liberty Walking Half Dollar,Half Dollar,Half Dollar,Pending,,c6a7ce39-576e-4a85-bd5d-a4b1c34763c6
2019P,,Roosevelt Dimes,Dime,Dime,Pending,,c6beab3c-7ecf-4bef-9047-d23aa2b5e7d2
1915,D,Barber Silver Quarters,25 Cents,25 Cents,Pending,,c6cd9df6-3913-433d-b899-0a2e406cdcff
1946,,State and Territory Quarters,Quarter,Quarter,Pending,,c6f9f181-4374-4ab7-9c5e-49dda285ca24
1950,,Lincoln Wheat Cent,Penny,Penny,Pending,,c7116a1e-36ac-4578-b24e-ff4ad5f32bf2
1927,,Mercury Dime,Dime,Dime,Pending,,c7261e24-8638-4162-9c9b-13f3b3b1ab9b
2005,S,Lincoln Cent,Penny,Penny,Pending,,c7494e5b-b831-45b8-af87-25afdc8c6c46
1923,,,Nickel,Nickel,Pending,,c74b6c38-239f-4a7b-9dc4-7dca50951950
1933,,Lincoln Wheat Cent,Penny,Penny,Pending,,c75f60f1-7a39-4e9a-bf4e-7d7bb54e6f95
1976,D,Kennedy Half Dollar Series,Kennedy Half Dollar,Kennedy Half Dollar,Pending,,c762480e-49f4-4806-8a76-0092bce4e33d
1995,,American Gold Eagle,5,5,Pending,,c7a47b15-f3d1-406d-9169-d591d80f3ad6
1813,,Capped Bust Half Dollar,Capped Bust Silver Half Dollar,Capped Bust Silver Half Dollar,Pending,,c7ad0d34-0fc5-4f1c-abee-b36a80a807e1
1936,,Lincoln Wheat Cent,Penny,Penny,Pending,,c7c3085d-62bc-475f-90ee-d40604e7497f
1912,D,Lincoln Cent Series,Penny,Penny,Pending,,c7c3f99f-7d8e-408f-927d-7aa486035719
1899,P,Barber Dimes,Barber Silver Dimes,Barber Silver Dimes,Pending,,c7c7096a-eb14-4f64-abdb-c8854de0d9a8
1994D,,Roosevelt Dimes,Dime,Dime,Pending,,c7c85e5b-1f9c-482f-adec-6eb199c8aa15
1937,,Lincoln Wheat Cent Series,Penny,Penny,Pending,,c7d0c584-9f4a-49fd-85a1-4be9fb035c34
2001,S,Sacagawea Dollar,1 Dollar,1 Dollar,Pending,,c7da545d-dd2f-41b8-9bdb-2d21d98bc1f4
1870,,,Nickel,Nickel,Pending,,c7dc1055-a88d-48c9-baa7-30396f89879e
1956,,Lincoln Cent,Penny,Penny,Pending,,c7e19271-336d-4619-83b7-9fa2502765ef
1963,D,Roosevelt Dime Series,Dime,Dime,Pending,,c7ead47b-7f31-481d-a54c-431d02f70db9
1889,MULTIPLE,Morgan Silver Dollar,1,1,Pending,,c7f2f5b8-e399-40e2-aaba-ce5ef06d1342
2004,S,Lincoln Cent,Penny,Penny,Pending,,c82667d8-c08c-4768-b09f-d1c245886e03
1976,,Kennedy Half Dollar Series,Kennedy Half Dollar,Kennedy Half Dollar,Pending,,c8499918-4b84-4884-b079-9c3825576300
1938,,Lincoln Wheat Cent Series,Penny,Penny,Pending,,c850d959-9ece-4d8e-977b-eb6f53778736
2009S,,Roosevelt Dimes,Dime,Dime,Pending,,c8a12d8f-f4e8-48dc-aa86-1879ef1abde5
1992S,,Roosevelt Dimes,Dime,Dime,Pending,,c8acda2b-4ff2-409e-9e42-2639d26fd89f
2006S,,State and Territory Quarters,Quarter,Quarter,Pending,,c8ae9917-c617-4cdc-8def-82ee97095fc4
1945,S,Mercury Dime,Dime,Dime,Pending,,c8b5cc4c-0e4b-4e44-b2d9-a104688249d4
1993D,,Roosevelt Dimes,Dime,Dime,Pending,,c8f6cc39-42e1-4ca7-9a7e-d3bb3573a543
2023,S,US Women's Quarters,Quarter,Quarter,Pending,,c8fcb607-344b-4030-b3f3-ba28782614c8
1876,CC,Liberty Seated Silver Dime,Dime,Dime,Pending,,c8feb801-f91e-46df-b6d8-69c47c966dce
1862,S,Liberty Seated,Half Dollar,Half Dollar,Pending,,c90ba45e-85b6-41d3-8fb8-9559a7f6eeea
2003S,,State and Territory Quarters,Quarter,Quarter,Pending,,c92f2a5f-8892-4630-87fa-f4af78dcd156
1837,,Coronet Head Large Cent,Penny,Penny,Pending,,c930ede9-c190-4630-a4a4-21d9e1f9550e
1977,,Lincoln Cent Series,Penny,Penny,Pending,,c9364695-e718-4894-baaa-5361144c6218
1924,S,Peace Dollar,Dollar,Dollar,Pending,,c93cd588-8621-4846-9e5e-7d3b41902f07
2010,S,America the Beautiful Quarters,Quarter,Quarter,Pending,,c93f9604-a522-4407-b05f-5bf6054fed05
,,American Gold Eagle,$25 ,$25 ,Pending,,c96760a1-0988-4192-8d6e-a39593c598bb
1977,S,Eisenhower Dollar,Dollar,Dollar,Pending,,c968ab43-2938-49b6-bf55-876def5ed04a
2020,S,National Park Quarters,Quarter,Quarter,Pending,,c97207a1-9acd-46d5-b28f-c0338154ff53
2009P,,State and Territory Quarters,Quarter,Quarter,Pending,,c97a011a-b70e-47b4-86fd-e18e08a61cc9
1846,,Liberty Seated,Dollar,Dollar,Pending,,c98285e5-5e13-47c0-9c9d-e8753a36aa4f
1824,,Capped Bust Dime,Roosevelt Dime,Roosevelt Dime,Pending,,c9c96095-3c7b-48dd-bebd-b88a2fb3b149
1945D,,Washington Silver Quarter,Quarter,Quarter,Pending,,c9fa7871-38bd-408f-9afe-99216a808dac
1981,S,Lincoln Cent Series,Penny,Penny,Pending,,ca08fd0d-aa7c-430c-ab7e-46788eb6267a
1883,,Morgan Dollar Series,1,1,Significant premium over a non-VAM coin in the same grade,,ca1ce9fb-ed56-4ddf-849c-d18398b3a332
2014,D,Native American Dollar,1 Dollar,1 Dollar,Pending,,ca2ae8bb-5fe4-408c-b396-5d97d2f5412d
2010D,,Presidential Dollars,1,1,Pending,,ca593b26-5803-4e68-8ebc-2353ae8be167
2015,P,Native American Dollar,1 Dollar,1 Dollar,Pending,,ca769598-c50b-4875-a6b3-dfb828d43574
1993S,,Roosevelt Dimes,Dime,Dime,Pending,,ca86b1fa-cd68-4333-a0b5-8a96bb3b887b
2013,S,America the Beautiful Quarters,Quarter,Quarter,Pending,,cabeb855-8445-48f7-88bf-fa9b881ac5af
1960,D,Lincoln Head Penny,Penny,Penny,Pending,,cacc74eb-9174-4fe8-aab6-e2fed72787b1
1812,,Capped Bust Half Dollar,Capped Bust Silver Half Dollar,Capped Bust Silver Half Dollar,Pending,,cadb7286-0c5f-44de-a3de-e0c35df7ff02
1914,,Lincoln Head Cent,Penny,Penny,Pending,,caf0ecda-3d94-47c8-9b4c-0d985c980019
1973,D,Lincoln Cent,Penny,Penny,Pending,,cb10fcae-3ff2-466e-8204-46dd59663720
1961,,Franklin Half Dollar,Half Dollar,Half Dollar,Pending,,cb24966e-b09d-4fbb-9a65-f200d54d19e2
1951S,,Washington Silver Quarter,Quarter,Quarter,Pending,,cb38b0d9-491c-4d51-bdbe-f7859c3f1c46
1930,S,Lincoln Head Penny,Penny,Penny,Pending,,cb3b43af-7ed9-4b84-bd78-91af583439ae
1931,S,Lincoln Head Penny,Penny,Penny,Pending,,cb4c6bce-5c0e-4a22-acca-a19c775d2678
2009,P,Native American Dollar,1 Dollar,1 Dollar,Pending,,cb75488f-9590-449c-ab2f-4219c1e347ec
1932,,Lincoln Cent Series,Penny,Penny,Pending,,cb861e0a-d99b-4e57-b212-6e1daab9ab8c
2021,S,Kennedy Half Dollar Series,Kennedy Half Dollar,Kennedy Half Dollar,Pending,,cb905bbf-a902-43cf-a116-d434db9a18a7
1923,,Lincoln Wheat Cent Series,Penny,Penny,Pending,,cb9a7942-16ff-47e2-a2dc-f6cda6daffba
1818,,,Capped Bust Silver Quarter,Capped Bust Silver Quarter,Pending,,cba39df5-7e47-482c-be3e-6255d5f25265
1865,S,Liberty Seated,Half Dollar,Half Dollar,Pending,,cbb4a11b-6c46-4d96-8f48-89894396f873
1961,,Washington Silver Quarter,Quarter,Quarter,Pending,,cbbe0911-c9c5-457d-a0a9-2ca058105ee7
2010,P,National Park Quarters,Quarter,Quarter,Pending,,cbc6d0f1-9049-4b49-b2f6-992583dfe3f5
1911,,Lincoln Wheat Cent Series,Penny,Penny,Pending,,cbcbe150-2033-430c-804b-3387cd50a419
2024,D,U.S. Innovation Dollar,Dollar,Dollar,Pending,,cbcc065d-b12a-4ebd-98c0-627649d98d1c
1992D,,Washington Silver Quarter,Quarter,Quarter,Pending,,cbd2b2f0-8096-4d2a-ae45-7046a3280055
1976S,,Washington Silver Quarter,Quarter,Quarter,Pending,,cbf050cd-df50-4a43-9680-7f29360a312f
2012,S,National Park Quarters,Quarter,Quarter,Pending,,cbf1d09b-1fba-428b-9d6c-843de32c4ca0
1936,,Mercury Dime,Dime,Dime,Pending,,cbfb8368-e4ed-45d6-8a9b-f447ef61f0fd
1900,S,Morgan Silver Dollars,1 Dollar,1 Dollar,Pending,,cc07df55-4f3e-4f31-bd1e-91b0e5a324f3
2010,D,Native American Dollar,1 Dollar,1 Dollar,Pending,,cc085465-a303-4d3b-90ba-72c663382c1a
2013D,,Presidential Dollars,1,1,Pending,,cc127724-11a4-415a-8207-3d3daa2a0db2
1963,D,Lincoln Cent,Penny,Penny,Pending,,cc32f9ea-c02e-4576-ad5a-6c328196190a
2007S,,State and Territory Quarters,Quarter,Quarter,Pending,,cc3a4a53-1286-44f5-a3e0-487d69a34a92
1911,,Lincoln Wheat Cent Series,Penny,Penny,Pending,,cc62925a-6be1-45cd-90e8-7d6a0a9c2f35
1938,,Washington Silver Quarter,Quarter,Quarter,Pending,,cc928e45-e26d-4ed0-a4b8-1b0c5399b13b
1970,D,Lincoln Cent,Penny,Penny,Pending,,cc9525c9-b2dd-46a3-b0b5-cc10b6174a62
1900,O & CC,Morgan Silver Dollar,1,1,Pending,,cc9fd557-274e-4bd3-b7b7-5669c7e7d1f2
1980P,,Washington Silver Quarter,Quarter,Quarter,Pending,,cca9ddb7-b15d-40a6-ba19-30b7b1c77890
2010,S,Kennedy Half Dollar Series,Kennedy Half Dollar,Kennedy Half Dollar,Pending,,ccb3e0d9-7347-4266-b8d7-b262a747ae90
1972,D,Lincoln Head Penny,Penny,Penny,Pending,,ccb77ea7-7cc7-47d7-be57-307e13cbac7c
2002,D,Lincoln Head Penny,Penny,Penny,Pending,,ccd46178-ca0a-4bfd-95e6-d3e1a0335b76
1982,D,Lincoln Head Penny,Penny,Penny,Pending,,cce3730b-0d6e-4312-bb6d-efdae6d5b795
1944,S,Mercury Dime,Dime,Dime,Pending,,cd0653db-3871-4fc8-9953-a414811de31c
1905,S,Indian Head Gold Eagle,$10 ,$10 ,Pending,,cd09874e-bf54-470e-8151-8c9457947351
2007P,,State and Territory Quarters,Quarter,Quarter,Pending,,cd0b1345-44a4-4157-a0ed-1c1dcba2fb6d
1833,,Capped Bust Half Dollar,Capped Bust Silver Half Dollar,Capped Bust Silver Half Dollar,Pending,,cd4cbf9d-25d9-436c-a72e-9d7135f0262d
2012,W,American Eagle,Dollar,Dollar,Pending,,cd735be4-cabf-4fba-95f4-10f617b02055
1978S,,Roosevelt Dimes,Dime,Dime,Pending,,cd8a057e-3394-47f6-ac3a-4e95e862046c
1907,PENDING,Barber Series,Dime,Dime,Pending,,cdf71b59-8462-4389-ac33-c130f77fa171
1924,,Lincoln Cent Series,Penny,Penny,Pending,,ce29432f-2208-4919-abfc-9b8a3136b0e4
1894,P,Indian Head Cents,1 CENT,1 CENT,Pending,,ce3ef0ae-b7c6-4a90-bc22-ed3854342384
2012,S,National Park Quarters,Quarter,Quarter,Pending,,ce5888ba-5456-4ac9-ae57-96a5d6adae81
1944,,Mercury Dime,Dime,Dime,Pending,,ce5b4f2a-831b-408c-8d33-f791ddbea1a7
1930,,Lincoln Cent,Penny,Penny,Pending,,ce61fba2-bd2b-460c-9da1-5d13f1f6afec
2023,D,US Women's Quarters,Quarter,Quarter,Pending,,ce9a200e-cd78-4fc0-9a2a-9a48603269a2
1949,,America Revisited Selection: Time Capsule Year Set,Assorted US Coins,Assorted US Coins,Pending,,cebc87cb-147b-4cc3-b652-26e4b563abc1
1943,P,Wartime Nickel,Nickel,Nickel,Pending,,cec2f0eb-965e-4fa5-9161-3b3122c81694
1999S,,Roosevelt Dimes,Dime,Dime,Pending,,cee09e00-3267-43a8-8b8f-61518b42623d
1883,S,Morgan Silver Dollars,1 Dollar,1 Dollar,Pending,,ceef80f4-feaf-44f3-b259-9c75fcd2c37f
1925,,Lincoln Wheat Cent Series,Penny,Penny,Pending,,cf5f99dc-57cb-4c00-b868-e1f2d383c497
1911,D,Barber Silver Quarters,25 Cents,25 Cents,Pending,,cf5fcec2-7116-4c6c-ab0a-fe5e9ec0b052
1938,S,Lincoln Head Penny,Penny,Penny,Pending,,cf885d55-3de1-44cb-bbcb-5ba28c51f3c2
1983D,,Washington Silver Quarter,Quarter,Quarter,Pending,,cf9492c9-592a-4852-94e8-6fcfb6907e5d
2021,S,National Park Quarters,Quarter,Quarter,Pending,,cf96c633-b0cc-4dbc-9b7d-c000e7553c1b
1974,S,Eisenhower Dollar,Dollar,Dollar,Pending,,cfbe2640-2f30-4629-94a5-7ed017a29abb
1979D,,Roosevelt Dimes,Dime,Dime,Pending,,cfdc7dae-c567-4d73-b0ff-bbd45bccd26b
1919,P,Liberty Walking Half Dollar,Half Dollar,Half Dollar,Pending,,cfe3e379-63a1-4592-8ee4-c5c23e9e155f
1971,D,Lincoln Cent Series,Penny,Penny,Pending,,cff19726-14e3-4a8d-874c-8aee49e1e4cb
1973,S,Eisenhower Dollar,1 Dollar,1 Dollar,Pending,,d001a3a8-22fd-476a-921c-3eed71e28273
1936,P,Liberty Walking Half Dollar,Half Dollar,Half Dollar,Pending,,d00ea4f5-5351-41da-a81d-9d6efa5a830a
1945,,Washington Silver Quarter,Quarter,Quarter,Pending,,d0124a18-0d0c-44da-9618-7cc7d3f5138a
2007,,Lincoln Cent Series,Penny,Penny,Pending,,d045095e-ee5c-41a7-b538-736e6489b29e
1925,D,Lincoln Head Penny,Penny,Penny,Pending,,d04819ee-aa9f-4276-8fe7-af215f925b00
1880,,Liberty Head Half Eagle,$5 ,$5 ,Pending,,d0550a1d-dc0a-41b8-a168-1469b85ea464
2009P,,Presidential Dollars,1,1,Pending,,d05a48ed-0802-4d62-b3af-3fa0e0f3987e
2014D,,Roosevelt Dimes,Dime,Dime,Pending,,d066a357-9cbf-4d40-8e44-63fb61cf7f40
2014,P,America the Beautiful Quarters,Quarter,Quarter,Pending,,d0a34db4-fc4b-402b-b303-e7139185ef2f
2010S,,Presidential Dollars,1,1,Pending,,d0a53436-a8e9-40db-9792-d74bec730416
1984,,Lincoln Head Penny,Penny,Penny,Pending,,d0a87fc9-fb30-442e-8368-5eafc36afef8
1884,CC,Morgan Silver Dollars,1 Dollar,1 Dollar,Pending,,d0e895e1-43e4-4fbf-942f-d5d8b8374369
2012,S,National Park Quarters,Quarter,Quarter,Pending,,d0ee9953-c1c1-4ec9-92d8-117a77cd730a
1959,D,Lincoln Cent,Penny,Penny,Pending,,d1200ff6-4f55-48ce-89ab-70b984ebdc4f
1853,O,Liberty Seated,Quarter,Quarter,Pending,,d130cd80-d964-42c2-afad-f48ca8ae3aec
2000,,Lincoln Cent,Penny,Penny,Pending,,d132b469-59cb-4822-bc51-e40b954bf852
2012S,,Presidential Dollars,1,1,Pending,,d13ab0b2-fc49-46b3-8868-59ab40c18d6d
2009P,,Presidential Dollars,1,1,Pending,,d13c26cb-950e-4a15-8c75-32bc4c39cd9d
1985D,,Washington Silver Quarter,Quarter,Quarter,Pending,,d13d87bd-1231-454c-b1b0-e4e352a163fe
1891,S,Liberty Seated,Liberty Seated Silver Dime,Liberty Seated Silver Dime,Pending,,d14aefcd-7dcb-4b1b-b8d0-bd5c9764b8fd
1941,,Lincoln Wheat Cent,Penny,Penny,Pending,,d14fc273-2ede-4c24-b525-6bfa54f1c8b0
1937,,Buffalo Nickel Series,Nickel,Nickel,Pending,,d160cd11-15a8-48b3-8d3e-32c6326f920e
1973D,,Roosevelt Dimes,Dime,Dime,Pending,,d161eba4-3909-4cda-8714-dcb8b469aa3f
2014,S,Lincoln Head Penny,Penny,Penny,Pending,,d180f66c-e48c-4232-a54e-520b675bb624
1916,S,Lincoln Cent,Penny,Penny,Pending,,d1b763e3-4cea-4ff8-b8be-cbd3b33e819e
1922,,Lincoln Wheat Cent,Penny,Penny,Pending,,d1bcfb75-9715-48ca-80e7-a0c0465814f7
2022,S,US Women's Quarters,Quarter,Quarter,Pending,,d1e31a66-103d-489d-b536-5c9fd14ad8e5
2007,D,Lincoln Cent,Penny,Penny,Pending,,d20c0850-0a1b-4ee2-92a6-610ffa874731
1917,D,Liberty Walking Half Dollar,Half Dollar,Half Dollar,Pending,,d210e196-6ad6-4bbc-b00c-dde1a120a36f
2011D,,Presidential Dollars,1,1,Pending,,d243164a-06e3-4d60-bc10-cc0bf93d202a
1846,,Liberty Seated,Half Dollar,Half Dollar,Pending,,d24a9698-6cc3-46cb-a99f-97f321450415
1924,,Peace Dollar,Dollar,Dollar,Pending,,d24b0242-5757-4db6-a820-3451e8e7f71f
1988,S,American Eagle,Dollar,Dollar,Pending,,d2947769-5d9d-4754-bfb7-110cc1843686
1979,P,Susan B. Anthony Dollar,Susan B. Anthony Dollar,Susan B. Anthony Dollar,Pending,,d2ab2c6e-4873-422d-9ea7-48a3a77a0602
1964,D,Kennedy Half Dollar Series,Kennedy Half Dollar,Kennedy Half Dollar,Pending,,d2b352eb-8127-4d36-bab2-9346e0bbc79c
2015,P,America the Beautiful Quarters,Quarter,Quarter,Pending,,d2b66d5c-5511-4d38-be84-661a63cd050f
2012,S,National Park Quarters,Quarter,Quarter,Pending,,d2c5ef54-3eef-4eb4-858c-e53d80106674
2003,,Jefferson Nickel Series,Nickel,Nickel,Pending,,d2c6e46d-011d-4445-bc83-3d12a050992c
2009S,,Presidential Dollars,1,1,Pending,,d2cafd38-b172-4f70-ab2a-ad9bf0a293d5
1998,D,Kennedy Half Dollar,Kennedy Half Dollar,Kennedy Half Dollar,Pending,,d2f978e3-3418-45d7-b01e-7322aa376b6d
2006S,,State and Territory Quarters,Quarter,Quarter,Pending,,d2ff78cd-cf9f-4844-a1e1-b394fb4431c5
2015,S,National Park Quarters,Quarter,Quarter,Pending,,d31bffbe-0f1a-4792-b499-5e76b0606dba
1852,,,Nickel,Nickel,Pending,,d338616d-694c-41b5-bf07-ecbd2ac971b6
2013,P,Native American Dollar,1 Dollar,1 Dollar,Pending,,d348139a-41f7-430e-bfe0-ed784971dff0
2008D,,State and Territory Quarters,Quarter,Quarter,Pending,,d35c3a1a-1610-45f5-a925-a317487cf25d
2000D,,Roosevelt Dimes,Dime,Dime,Pending,,d3643af7-6cab-4de3-9658-e6d75c31b1c3
2019,S,America the Beautiful Quarters,Quarter,Quarter,Pending,,d36cf21c-cea9-462a-9ffa-7490051b76eb
1925,,Peace Dollar,Dollar,Dollar,Pending,,d37f8921-bd32-496c-a126-7527d818a9f2
1939,,Mercury Dime,Dime,Dime,Pending,,d38c6330-fd3d-49bd-863d-9d2065d884ae
1969,,Lincoln Head Penny,Penny,Penny,Pending,,d38d4182-b301-44dd-8e62-f710296942a4
1936,,,Quarter,Quarter,Pending,,d398c7fe-b1e4-4abf-9285-7d7943538445
2014,S,Native American Dollar,1 Dollar,1 Dollar,Pending,,d39dd0d7-5fc8-44de-bc53-0a59249630a5
1905,P,Barber Dimes,Barber Silver Dimes,Barber Silver Dimes,Pending,,d3c04415-fbfa-48cf-a184-e8e1c51ea153
2011S,,Presidential Dollars,1,1,Pending,,d3ed7272-cc52-46ec-b1dc-18d4da80a308
1998,P,Kennedy Half Dollar Series,Kennedy Half Dollar,Kennedy Half Dollar,Pending,,d3f78ff7-9d45-4fb5-bf2a-0ed444ddd556
2006S,,State and Territory Quarters,Quarter,Quarter,Pending,,d3ffa4f8-2c48-4859-b410-cade7dd39e5c
1956,P,Roosevelt Dime,Roosevelt Dime,Roosevelt Dime,Pending,,d4126eb1-af69-4b8d-9e1d-212cbb96466d
2011,S,National Park Quarters,Quarter,Quarter,Pending,,d434a3b5-09cc-4cca-a4f0-97f62df55809
1955S,,Roosevelt Dimes,Dime,Dime,Pending,,d4420989-c1d7-44fc-9e0d-6c99aa7c168f
1947,,Washington Silver Quarter,Quarter,Quarter,Pending,,d46984fe-deaf-4b45-8e32-bdb46a04db7a
2012,W,American Eagle,Dollar,Dollar,Pending,,d46b9081-a383-4658-ab40-cd62102a48da
1875,CC,Liberty Seated,Half Dollar,Half Dollar,Pending,,d46e4ca0-5d9a-4384-9192-f5dad92dfbde
1971,D,Eisenhower Dollar,Dollar,Dollar,Pending,,d480da96-e383-468b-85a6-9a736fd230b7
2007P,,Presidential Dollars,1,1,Pending,,d487d5ae-6cf6-483a-af8e-979b32f64709
2022,S,Native American Dollar,1 Dollar,1 Dollar,Pending,,d48d60e7-362a-4885-95f1-c7d611f90b60
1945S,,Washington Silver Quarter,Quarter,Quarter,Pending,,d48e5ef8-3e59-409b-a2ab-02025af2347c
1902,P,Barber Dimes,Barber Silver Dimes,Barber Silver Dimes,Pending,,d4905817-9fc5-4673-97bf-85ea3e2d3b29
2009,S,Kennedy Half Dollar,Kennedy Half Dollar,Kennedy Half Dollar,Pending,,d4a12f7f-f784-4b7c-80d2-080bd695e106
1935,D,Lincoln Head Penny,Penny,Penny,Pending,,d4a6250c-f6fb-4a73-b7bb-5212bd45b3ba
1885,,Morgan Silver Dollar,Dollar,Dollar,Pending,,d4d95333-7c42-4261-aaea-07ade1973635
1890,P,Morgan Silver Dollars,1 Dollar,1 Dollar,Pending,,d4e6ad8d-73bb-419f-ae95-f7784247778c
1906,PENDING,Barber Series,Dime,Dime,Pending,,d4f3734c-18d6-4701-a6c6-a91b558d673f
1893,S,Barber,Half Dollar,Half Dollar,Pending,,d50b15b3-97da-4d15-aae5-8e6e2dce717c
2010,P,Kennedy Half Dollar Series,Kennedy Half Dollar,Kennedy Half Dollar,Pending,,d50d54e3-1767-414b-931f-df656ae1ec2e
2009,P,Sacagawea Dollar,1 Dollar,1 Dollar,Pending,,d50db8d0-2c2c-4030-b262-1c43e109b33d
2012,D,National Park Quarters,Quarter,Quarter,Pending,,d514775a-1a44-41b2-a262-909456394bb0
1953S,,Washington Silver Quarter,Quarter,Quarter,Pending,,d51c9f63-1000-4cea-aaef-1dd84d02f1b5
1831,,Capped Bust Dime,Capped Bust Silver Dime,Capped Bust Silver Dime,Pending,,d54809a9-46ca-4994-b74d-576627279d2d
1902,S,Barber,Half Dollar,Half Dollar,Pending,,d54d533e-647e-46e0-8374-6c25ef0085ae
1839,,Liberty Seated,Quarter,Quarter,Pending,,d569b91a-81c4-447d-85fd-e0f369ed7133
1981S,,Washington Silver Quarter,Quarter,Quarter,Pending,,d570af66-86c0-4b49-b673-8eb10be6877b
2008D,,State and Territory Quarters,Quarter,Quarter,Pending,,d576ad1f-18de-49c5-97df-465e1a8c306f
1990,D,Kennedy Half Dollar Series,Kennedy Half Dollar,Kennedy Half Dollar,Pending,,d57ce497-31a0-4f35-b5f2-fa72e55cdc83
2020,S,National Park Quarters,Quarter,Quarter,Pending,,d57ddfc9-8d80-401d-a82a-633cda398397
2018,,Jamul Indian Coin Set,US Coin Set,US Coin Set,Pending,,d5a48ef2-dad4-45af-bd1b-b816f6077ce4
1927,D,Buffalo Nickel,Nickel,Nickel,Pending,,d5cbcd59-5530-426e-8c3e-159ec3911bd9
1983P,,Washington Silver Quarter,Quarter,Quarter,Pending,,d5f7b4fb-b245-49b5-a4a9-8be6ae415bec
1982,S,,Kennedy Half Dollar,Kennedy Half Dollar,Pending,,d61794d9-0913-4eb3-b519-3c1750d8c665
2003,D,Lincoln Head Penny,Penny,Penny,Pending,,d61a5e99-6a17-41ee-a076-f27f876e2ac0
1973,S,Eisenhower Dollar,1 Dollar,1 Dollar,Pending,,d62fdb8a-2f6c-483c-8046-18265eaa074c
1954,,Franklin Half Dollar,Half Dollar,Half Dollar,Pending,,d634a7f1-8b12-4283-968a-5f7626592c3e
1983P,,Roosevelt Dimes,Dime,Dime,Pending,,d662bfc9-fdec-4e02-afd5-8a3e254c9d17
1900,P,Barber Dimes,Barber Silver Dimes,Barber Silver Dimes,Pending,,d67189aa-a629-4b5b-a3ec-199d9ab4f705
1951D,,Roosevelt Dimes,Dime,Dime,Pending,,d6742c20-62db-4809-95a2-d1f7c9f7d7a9
1951,,Washington Silver Quarter,Quarter,Quarter,Pending,,d684f3dc-8174-4e45-8259-cef4e50fdba2
1836,,,Capped Bust Silver Quarter,Capped Bust Silver Quarter,Pending,,d687876c-dd51-4a5b-ae0a-15aa69896b09
1913,,Lincoln Cent,Penny,Penny,Pending,,d6a30219-106f-42e9-9615-6f059f60dc63
1902,,Liberty Head Nickel,Nickel,Nickel,Pending,,d6ad195f-9c74-4c14-b3cc-6bca8bab325c
1913,D,Lincoln Cent Series,Penny,Penny,Pending,,d6b8c993-9f20-4324-a32e-4cdcff055d6d
2013,S,America the Beautiful Quarters,Quarter,Quarter,Pending,,d6d3b48a-f243-46f6-a3e3-3a72a6b5b382
1954,,Lincoln Wheat Cent,Penny,Penny,Pending,,d6dc0686-bb2c-48ea-9dd3-e7ae16cce8ee
1996S,,Washington Silver Quarter,Quarter,Quarter,Pending,,d6dca21e-9199-4da7-8d2d-327f0bffc526
2023,P,,Kennedy Half Dollar,Kennedy Half Dollar,Pending,,d6e7a124-dd44-4eb8-96be-d78beea9ee56
1980,,Susan B. Anthony Dollar,Susan B. Anthony Dollar,Susan B. Anthony Dollar,Pending,,d6ebde69-d831-4921-a5bc-a5a6e186413b
2010,P,America the Beautiful Quarters,Quarter,Quarter,Pending,,d6ffc8e8-cab9-4511-8fc1-f71826ac9041
1842,O,,Nickel,Nickel,Pending,,d7076c44-e57f-4a60-8070-5292f70c1a6c
1944,,Mercury Dime,Dime,Dime,Pending,,d70c263e-b2a7-43fd-a909-7b6ae7c27514
2012,S,National Park Quarters,Quarter,Quarter,Pending,,d70fb3e9-5c85-4cd7-a32c-d8c12df32280
1822,,Capped Bust Half Dollar,Capped Bust Silver Half Dollar,Capped Bust Silver Half Dollar,Pending,,d719dfc0-fcf7-4a4f-8514-4d5b33067bbb
2011S,,Roosevelt Dimes,Dime,Dime,Pending,,d7206033-6e97-41fb-b1f1-ef990c004c1a
1939,,Mercury Dime,Dime,Dime,Pending,,d74605fe-ab33-48c3-935e-e1c250a53e37
1962,D,Roosevelt Dime Series,Dime,Dime,Pending,,d76615fb-2398-4f49-a718-3e46548f6fda
1891,O,Liberty Seated Silver Dime,Dime,Dime,Pending,,d7695840-9e0c-45bc-a536-d8497db72209
1954,,,Nickel,Nickel,Pending,,d76d075c-4ef4-4083-a41e-6a85d477ddf8
2000S,,State and Territory Quarters,Quarter,Quarter,Pending,,d77176de-da73-4468-8a48-ce6b859536b5
2020,D,National Park Quarters,Quarter,Quarter,Pending,,d783fb0e-f5b3-4928-af8d-419c6a049a5b
1928,,Mercury Dime,Dime,Dime,Pending,,d796866e-432f-462a-b558-1aeb7384dc64
1863,,Liberty Seated,Quarter,Quarter,Pending,,d79d8603-c2a5-4c7f-9fb9-67ad31a154ee
1932,,Lincoln Wheat Cent Series,Penny,Penny,Pending,,d7f96b9c-cb34-4e22-afa0-2c5fa5fb9091
1924,D,Mercury Silver Dime,1 Dime,1 Dime,Pending,,d812b872-eb99-47bc-8575-fccc32103e12
1951,,Franklin Half Dollar,Half Dollar,Half Dollar,Pending,,d826fa9a-c6ba-4bc1-9755-62ccd9b8b39b
1940,P,Liberty Walking Half Dollar,Half Dollar,Half Dollar,Pending,,d85d8517-29b2-4209-b866-904e4b8c8b1c
1939,,Lincoln Wheat Cent Series,Penny,Penny,Pending,,d86a2232-5063-480b-a29e-f0197ec0c902
1956D,,Roosevelt Dimes,Dime,Dime,Pending,,d87c1de1-79c8-4c81-a997-911edadef34d
1968,,Lincoln Cent Series,Penny,Penny,Pending,,d8a9ca7c-0ab2-4bf7-a844-6c379cd3fe77
1988P,,Washington Silver Quarter,Quarter,Quarter,Pending,,d8b14099-eac7-4974-83c7-9699fd3295ea
1919,,Lincoln Cent,Penny,Penny,Pending,,d8b44d61-dd7b-4096-b6f5-8fea0119e679
1992,S,American Eagle,Dollar,Dollar,Pending,,d8cc32b6-5ac3-4b3d-81b2-1de949cc6043
1976,S,U.S. Bicentennial,Dollar,Dollar,Pending,,d8d9266a-89da-40a6-a720-ead171bad583
1943,,Walking Liberty Half Dollar,Walking Liberty Half Dollar,Walking Liberty Half Dollar,Pending,,d8ddb00d-b4fb-44f3-820f-facfb586e528
1926,,Mercury Dime,Dime,Dime,Pending,,d8df0e70-f301-4dcd-917e-8d514ebc73c0
2013,W,American Eagle,Dollar,Dollar,Pending,,d8ec6663-853c-42e8-b481-c308635c1f38
1932D,,Washington Silver Quarter,Quarter,Quarter,Pending,,d903fb0b-e43d-4a06-bf15-106b0dda1e5f
1942S,,Washington Silver Quarter,Quarter,Quarter,Pending,,d90f5afd-9284-4f53-b201-497dd3b45c2f
1908,P,Barber Dimes,Barber Silver Dimes,Barber Silver Dimes,Pending,,d9174e4b-b73b-4a2e-ac44-c9a0abc55ec0
1901,,Morgan Silver Dollar,Dollar,Dollar,Pending,,d9191670-2cc9-4513-823b-52a2db5678b1
2019,W,Silver eagles signed by Tom Cleveland,1,1,Pending,,d920a5e0-787b-4a86-8684-86df21d07e75
1953,,America Revisited Selection: Time Capsule Year Set,Assorted US Coins,Assorted US Coins,Pending,,d925cb06-a008-4576-964e-50dee59c45fa
1975,,THE U.S. NICKEL COLLECTION,Nickel,Nickel,Pending,,d934aa4b-ff9d-4b2d-a07b-c13b0ba5fc5b
2022,P,US Women's Quarters,Quarter,Quarter,Pending,,d937d55d-b753-431f-b01a-bfc8c49a2105
1888,O,Morgan Silver Dollar,Dollar,Dollar,Pending,,d93afe6f-6b92-4953-9033-0cee6f4f592d
2012,S,National Park Quarters,Quarter,Quarter,Pending,,d9444a3f-26c2-4f00-b041-d62b7deadfa2
1880,CC,Morgan Silver Dollar,1,1,Pending,,d9533b87-9a45-458f-88cd-1bab6d64667e
1892,P,Morgan Silver Dollars,1 Dollar,1 Dollar,Pending,,d96a8662-2fb0-4269-9e96-683393f5ffae
2010,S,America the Beautiful Quarters,Quarter,Quarter,Pending,,d9ba231f-ccdd-4d34-8773-51095c836b52
2010S,,Presidential Dollars,1,1,Pending,,d9e0bef0-6c21-4b8d-b3f5-adb8a86d339a
1950,D,Lincoln Head Penny,Penny,Penny,Pending,,d9ebc3d6-4def-4c3a-8c99-fc2646821e37
1908,D,Barber,Half Dollar,Half Dollar,Pending,,d9fced8a-7fb0-4160-aecd-2639d0dc9c32
1999S,,State and Territory Quarters,Quarter,Quarter,Pending,,d9fd1f8b-3d98-4eda-8829-25d215fedb73
2011P,,Roosevelt Dimes,Dime,Dime,Pending,,da0165dc-1b62-4a42-9975-02f7853d92e5
2020,W,Jefferson Nickel Series,Nickel,Nickel,Pending,,da0f5aeb-644f-44e7-aaf1-bc883579b187
1967,,Washington Silver Quarter,Quarter,Quarter,Pending,,da1084dc-c444-4daf-a57c-23cc263f399c
1999,,Washington Silver Quarter,Quarter,Quarter,Pending,,da111260-8682-4c4c-b2aa-21be2d50a6ab
1972,,Roosevelt Dimes,Dime,Dime,Pending,,da577b53-4222-48ad-a095-e76eaa50e357
2017,S,National Park Quarters,Quarter,Quarter,Pending,,da5f5fee-9bec-42b2-a6b3-f34eb31090de
1944,S,Lincoln Cent,Penny,Penny,Pending,,da62c308-173b-41e4-8b20-46439562eb37
1950,,Roosevelt Dimes,Dime,Dime,Pending,,da8ca62c-d408-412d-aa21-eea4b6af5b8b
1933,,Lincoln Cent Series,Penny,Penny,Pending,,da8fe261-d8ff-4a56-a147-16976a655522
1941,S,Lincoln Cent,Penny,Penny,Pending,,daa0385f-80a7-4b5a-a80f-c605e9461882
1935,,Lincoln Cent,Penny,Penny,Pending,,daaa3aac-9644-4c8f-88bd-8dd93b74b517
2009D,,State and Territory Quarters,Quarter,Quarter,Pending,,daacca8b-c28a-461f-909f-f99c370670a4
1891,,Morgan Silver Dollar,Dollar,Dollar,Pending,,dac3514b-c9fc-4b78-8d3e-c9d5c4cb86d8
1818,,Capped Bust Half Dollar,Capped Bust Silver Half Dollar,Capped Bust Silver Half Dollar,Pending,,dae8e910-4dac-4002-8e7a-f5b50ea7bae9
1884,S,Liberty Seated,Liberty Seated Dime,Liberty Seated Dime,Pending,,daf774f7-03cd-4c20-9c66-154b97cbb6d2
1894,,Barber,Half Dollar,Half Dollar,Pending,,db1de6ca-bd26-4646-9466-dc90910bfc8c
1973,,Washington Silver Quarter,Quarter,Quarter,Pending,,db24c181-27df-4ede-8aa7-cd38833f68d8
2011,,American Eagle 25th Anniversary Set,Dollar,Dollar,Pending,,db29d4f7-89eb-4bb8-a6b8-e21981b3161a
1889,P,Morgan Silver Dollars,1 Dollar,1 Dollar,Pending,,db2c3752-7723-43f8-9570-ea3c03a0baa0
,,Morgan Silver Dollar,1,1,Pending,,db33a318-5089-4fc1-b5a0-43ef06e63310
1974,D,Kennedy Half Dollar,Kennedy Half Dollar,Kennedy Half Dollar,Pending,,db34b3bb-1afe-4402-8109-da3d7f243172
1963,D,,Franklin Silver Half Dollar,Franklin Silver Half Dollar,Pending,,db4e39c8-5f37-40d3-9c69-2c9eb406db98
1945,D,Liberty Walking Half Dollar,Half Dollar,Half Dollar,Pending,,db55f80d-4ea7-4556-b92c-5839e96b604c
1986,D,Lincoln Cent,Penny,Penny,Pending,,db5d711e-05c4-456f-9304-ea9d03fb497f
1952,,Lincoln Head Penny,Penny,Penny,Pending,,db6b4631-f4c2-4281-83bd-c21ea2fabd8f
1991,S,Lincoln Cent,Penny,Penny,Pending,,db782192-61f9-4c03-8448-47bfa9e6c393
1968D,,Washington Silver Quarter,Quarter,Quarter,Pending,,db792133-e9fe-4202-a5e6-dd7528a0a0d2
1954,,Washington Silver Quarter,Quarter,Quarter,Pending,,dbb7067c-29fe-4a11-959f-483a1f894b5e
2010,S,America the Beautiful Quarters,Quarter,Quarter,Pending,,dbcfa821-9d02-49da-910e-73f06f00c249
1999,P,Susan B. Anthony Dollar,Susan B. Anthony Dollar,Susan B. Anthony Dollar,Pending,,dbdd6db0-90e1-4c38-b1a5-e71f0fac4104
1901,O,Morgan Silver Dollars,1 Dollar,1 Dollar,Pending,,dbfc6929-94ef-4e2f-8d12-3dfe97c3137e
2007P,,Presidential Dollars,1,1,Pending,,dc0d80b9-84cb-4f1d-a494-9d1adfd56a2c
1930,,Lincoln Head Penny,Penny,Penny,Pending,,dc1806c5-4b65-43f4-9b4c-9d1c29b78ab0
1859,,,Nickel,Nickel,Pending,,dc2cb322-38cb-42a4-b8c6-c13b5742e8cd
1942,S,Jefferson Nickel Series,Nickel,Nickel,Pending,,dc30d434-c5f8-4f09-93a5-eac007563ff8
1982,D,Lincoln Cent,Penny,Penny,Pending,,dc3d19f0-b2d9-4b34-baec-02393bce6cd4
2008S,,Presidential Dollars,1,1,Pending,,dc4d5a4f-40b4-44dc-9882-457475e44bdd
1970D,,Washington Silver Quarter,Quarter,Quarter,Pending,,dc5ea6f3-7a9f-4e15-b82b-148a9f9cc2ac
1947S,,Roosevelt Dimes,Dime,Dime,Pending,,dc7dc888-d8cb-4a9f-bfb5-67133ecedcee
1888,,,1888,,Pending,,dc8f1ef4-2109-44ef-a611-daa001bc3e5b
1866,,Liberty Seated,Half Dollar,Half Dollar,Pending,,dcb264ec-4d8c-44cb-9476-55fce4a7f0c0
1974,,Roosevelt Dimes,Dime,Dime,Pending,,dcc6548d-7f0a-4f56-b120-efaaaac7f71d
1896,P,Morgan Silver Dollars,1 Dollar,1 Dollar,Pending,,dcd14f37-a80f-416a-8724-0b55fb48381a
2022,S,US Women's Quarters,Quarter,Quarter,Pending,,dcd18f4f-bfbe-49b2-96a9-aca62e5846bc
1944,,Lincoln Cent,Penny,Penny,Pending,,dce56bbc-c029-4d1e-9949-551325bc8d3e
2001S,,Roosevelt Dimes,Dime,Dime,Pending,,dceb6604-5331-4a9b-a566-20565ac95b3d
1853,,Liberty Seated,Half Dollar,Half Dollar,Pending,,dcf281be-816d-45a8-98b1-712bfd825796
1970S,,Roosevelt Dimes,Dime,Dime,Pending,,dcf66eb2-afb3-420a-8f4b-04723e1d5414
1912,P,Barber Dimes,Barber Silver Dimes,Barber Silver Dimes,Pending,,dd525b4e-3c3c-4662-9f89-2e0a6441b27c
2011,S,National Park Quarters,Quarter,Quarter,Pending,,dd5844a7-c741-4d13-81fd-3e3445df5e37
2009P,,Presidential Dollars,1,1,Pending,,dd8cc690-fc75-4d0e-8478-b4c0667382d4
2024,W,American Silver Eagle,Dollar,Dollar,Pending,,dd91386d-b85f-4844-b4a0-0fdb406dc414
1973,S,Eisenhower Dollar,Dollar,Dollar,Pending,,dd970bfb-98b8-463b-b1cb-988c4f406c3a
1906,D,Barber Dimes,Barber Silver Dimes,Barber Silver Dimes,Pending,,ddb214f0-c93a-4c62-bd88-e841df64e8d5
1963D,,Roosevelt Dimes,Dime,Dime,Pending,,ddcd5bb0-8848-4256-896c-e7678df1617f
1856,,Liberty Seated,Half Dollar,Half Dollar,Pending,,ddf4b3ce-e573-42a9-97c3-886627c498a7
2013,S,Lincoln Cent Series,Penny,Penny,Pending,,ddf82b21-66ef-409f-bdb3-ef111088b2bc
2009,S,Kennedy Half Dollar,Kennedy Half Dollar,Kennedy Half Dollar,Pending,,de13b034-a6fe-4f91-a73d-06e9f88d8471
2006D,,State and Territory Quarters,Quarter,Quarter,Pending,,de1ce2c4-c904-455b-bfa3-3af07c8c183b
1891,O,Morgan Silver Dollar,1,1,Pending,,de2ca210-c370-4d14-bab5-6087982bbd38
2021,P,American Innovation Dollars,1 Dollar,1 Dollar,Pending,,de309bbc-2140-4ad2-a9db-b18cbb2a40d6
2002,S,Sacagawea Dollar,1 Dollar,1 Dollar,Pending,,de3f5861-6386-4800-a31b-762e60e93b60
1844,O,Liberty Seated,Quarter,Quarter,Pending,,de4a185a-3710-4119-99df-357164f58601
1916,D,Lincoln Head Penny,Penny,Penny,Pending,,de61e68b-bc64-4ca7-9712-59b18de12a2a
2000P,,State and Territory Quarters,Quarter,Quarter,Pending,,de7f361b-16a0-4e48-a344-b6d3921c5470
1973,,Lincoln Cent Series,Penny,Penny,Pending,,de889372-170f-4e70-9391-b240aaefc3de
2024,P,U.S. Innovation Dollar,Dollar,Dollar,Pending,,debea57f-10a7-4ebb-b3be-d761cb809988
1998S,,Washington Silver Quarter,Quarter,Quarter,Pending,,df0b92a0-dade-4b0f-acd9-bfef1be68156
1928,S,,Mercury Dime,Mercury Dime,Pending,,df5b4d4d-bdc3-4a72-a267-da6facaa5800
2012,S,Kennedy Half Dollar Series,Kennedy Half Dollar,Kennedy Half Dollar,Pending,,df82ae1f-1b1a-4ab7-821c-7ba4265cac2c
2014,D,America the Beautiful Quarters,Quarter,Quarter,Pending,,df8fbc1d-971e-40c9-998d-419b4dadf164
1896,S,Barber Silver Quarters,25 Cents,25 Cents,Pending,,df94e03e-2593-4d7c-bcaf-115996b18fd2
2005P,,State and Territory Quarters,Quarter,Quarter,Pending,,dfb4e63a-2a87-4a8a-928f-811796f67124
2004,S,Kennedy Half Dollar Series,Kennedy Half Dollar,Kennedy Half Dollar,Pending,,dfc03870-3ee1-4846-884c-fd4b6bdec396
1991S,,Roosevelt Dimes,Dime,Dime,Pending,,dfc3ac83-f77b-41b6-b06d-0ad6033c4a0f
1909,S,Barber Silver Quarters,25 Cents,25 Cents,Pending,,dfc7bbbd-8a27-4b81-aa1c-8616b2780d31
1854,,Liberty Seated,Half Dollar,Half Dollar,Pending,,dfe1ff48-29e3-4ef8-8fa7-d1b75926e473
2016,S,America the Beautiful Quarters,Quarter,Quarter,Pending,,dff0b330-9697-4b27-a6ed-e721b5e98ca0
2010,P,National Park Quarters,Quarter,Quarter,Pending,,e012a1a3-238f-4a5c-89fd-774a9ef099f2
1943D,,Washington Silver Quarter,Quarter,Quarter,Pending,,e01a4f0c-5659-4df7-b9ff-0b80f7c540a4
2003,,Lincoln Head Penny,Penny,Penny,Pending,,e0362c9a-42f2-4bb4-928f-e2f7659d455e
2007S,,Presidential Dollars,1,1,Pending,,e037c0ac-2030-4505-b321-e246821f71dd
1913,S,Barber Silver Quarters,25 Cents,25 Cents,Pending,,e05e80be-fc2e-4a93-9cef-d172376fdafa
1998S,,Roosevelt Dimes,Dime,Dime,Pending,,e06ec1bc-c9a9-4d97-a513-3973d96140c7
1946,,,Quarter,Quarter,Pending,,e071e851-d1cc-46bb-bcc4-f9fc09cb2140
1868,,,1868,,Pending,,e092deda-7caa-4017-8b73-b99afb30fc5b
1961,,Franklin Half Dollar,Half Dollar,Half Dollar,Pending,,e0974221-f30d-4b6c-94de-4092f5a5b16e
1925,,Standing Liberty Silver Quarter,Quarter,Quarter,Pending,,e09e11df-474e-4475-8492-e96ba25bb508
2004S,,State and Territory Quarters,Quarter,Quarter,Pending,,e0a0944b-f985-453b-bd50-a16f2301c69b
1846,,Braided Hair Large Cents,Large Cent,Large Cent,Pending,,e0ace1f5-e52e-4baa-a14b-79db0a8e49c9
2006,,Kennedy Half Dollar,Kennedy Half Dollar,Kennedy Half Dollar,Pending,,e0af0f2d-a8db-423b-a083-f5f018bf2154
1996,S,Lincoln Cent,Penny,Penny,Pending,,e0af54dc-484d-4b46-903a-5b53364f9472
1913,,Lincoln Wheat Cent Series,Penny,Penny,Pending,,e0ba7f28-0cb9-4a95-a86c-21c1d5dc5072
1990,D,Roosevelt Dime,Roosevelt Dime,Roosevelt Dime,Pending,,e0e526c7-9dc7-4f60-8001-82b1b43b71ff
1939,S,Mercury Dime,Dime,Dime,Pending,,e0ef2907-a24f-4751-afb2-26f415890bd4
2018,S,National Park Quarters,Quarter,Quarter,Pending,,e1106abe-5a01-4190-a010-d199dbe1101c
1897,P,Barber Dime,Barber Dime,Barber Dime,Pending,,e113ea83-813a-48f6-a9ac-80c6f2f5bdb1
1933,D,Lincoln Cent Series,Penny,Penny,Pending,,e118b94e-7658-4cf5-9580-c5922b5ae407
1875,,Liberty Seated Silver Dime,Dime,Dime,Pending,,e15cbf51-b3ba-4b1b-a2b7-2fbc5e1f3568
2003,S,Lincoln Cent,Penny,Penny,Pending,,e18c5ae0-5a64-4164-a8f1-3d637c1002bd
2016,D,Native American Dollar,1 Dollar,1 Dollar,Pending,,e1a5f29b-a0b2-442d-a119-1c4919977944
1963D,,Roosevelt Dimes,Dime,Dime,Pending,,e1b5fb6a-2078-4553-9d97-842772e1991a
1899,,Barber,Half Dollar,Half Dollar,Pending,,e1b72228-28c4-422b-aafa-833b11598113
1955,,Lincoln Cent,Penny,Penny,Pending,,e2057346-3e7b-44d0-b6e8-36bcf2852dbf
2006S,,State and Territory Quarters,Quarter,Quarter,Pending,,e21d20d7-d60b-4ab8-8bfd-0ba0a27a205f
1942,P,Jefferson Nickel Series,Nickel,Nickel,Pending,,e21fc3a3-cd20-487b-8058-0168ef9fa441
2023P,,Roosevelt Dimes,Dime,Dime,Pending,,e2329124-5201-4094-ad67-858d671728b5
2022,P,Kennedy Half Dollar Series,Kennedy Half Dollar,Kennedy Half Dollar,Pending,,e2670a88-e67d-4898-81cb-4d1992bdc6a3
2020,S,Kennedy Half Dollar Series,Kennedy Half Dollar,Kennedy Half Dollar,Pending,,e28291dc-e3db-47cc-9670-9c1cbb348a7f
1896,,Barber,Half Dollar,Half Dollar,Pending,,e284ea1d-4e6e-4ae7-af8e-e8c00de73376
2000S,,State and Territory Quarters,Quarter,Quarter,Pending,,e2ab5809-2e3d-4a4f-beed-0e3f5c09fa8e
2012,S,National Park Quarters,Quarter,Quarter,Pending,,e2af6882-80ee-4b9d-b59a-5398e4148e5b
2017S,,Roosevelt Dimes,Dime,Dime,Pending,,e2bad4fb-26f9-4522-95fe-2d9b32a8432a
1896,O,Barber,Half Dollar,Half Dollar,Pending,,e2e683fd-79f5-4c6a-988e-74cd607343f7
2000P,,Roosevelt Dimes,Dime,Dime,Pending,,e2f69c3b-2728-4ea0-bb0f-92d780f5a414
1888,S,Liberty Seated,Quarter,Quarter,Pending,,e323c48d-bf98-496b-8b03-5786b877c9fc
1922,,Lincoln Wheat Cent Series,Penny,Penny,Pending,,e3529099-5216-4aff-9584-fd83b101f3ee
1931,S,Mercury Dime,Dime,Dime,Pending,,e35b5050-915c-4a77-88cf-ea84606f1273
1929,S,Liberty Walking Half Dollar,Half Dollar,Half Dollar,Pending,,e361aaaf-8dff-4284-b410-03b37ae41e9f
2020,S,National Park Quarters,Quarter,Quarter,Pending,,e382a89c-91bf-4724-ba13-6ccf9dc97574
1996,,Lincoln Cent Series,Penny,Penny,Pending,,e38b7856-dcea-4d37-8b38-be0abdb71ffc
1973,S,Eisenhower Dollar,Dollar,Dollar,Pending,,e3aaa0d5-3466-4141-870e-0a4b22a73c75
2010D,,Presidential Dollars,1,1,Pending,,e3b878d6-5ea0-4581-ac94-d55e3e665dd9
2004P,,State and Territory Quarters,Quarter,Quarter,Pending,,e3b95f0f-3ec6-4849-86a0-1548b5baa27a
2023,D,US Women's Quarters,Quarter,Quarter,Pending,,e3f01354-dec2-4706-a4a5-e34faba8c149
1999,D,Susan B. Anthony Dollar,Susan B. Anthony Dollar,Susan B. Anthony Dollar,Pending,,e4001e5a-455a-4b0a-8c4f-be029ef60332
1987,D,Lincoln Cent,Penny,Penny,Pending,,e411a319-b4ba-4a2d-868a-66e42d1171a7
2018,S,National Park Quarters,Quarter,Quarter,Pending,,e45bb11b-881c-4cf7-9712-8cb5e0a86078
1891,O,Morgan Silver Dollar,Dollar,Dollar,Pending,,e4641702-cee0-4612-8f33-9230492895f5
1908,,Barber Silver Quarters,25 Cents,25 Cents,Pending,,e4730cc7-7518-4a94-b5c9-b3e2d5076236
1811,,Capped Bust Half Dollar,Capped Bust Silver Half Dollar,Capped Bust Silver Half Dollar,Pending,,e484b5e7-43ad-409a-a5f8-81bbacb85cea
1994D,,Washington Silver Quarter,Quarter,Quarter,Pending,,e49327c0-9c37-47f2-9df7-a27a3aa7a2e2
1857,,Liberty Seated,Quarter,Quarter,Pending,,e497b15f-199a-450c-a97b-03f9f5d4048d
1976,D,U.S. Bicentennial,Dollar,Dollar,Pending,,e4a96c13-82e5-4cd7-b3f9-f810b9ff2a2d
1925,,Standing Liberty Silver Quarter Set,Quarter,Quarter,Pending,,e4d20cbf-e880-433f-8807-5ad0ef6213db
1939,S,Lincoln Head Penny,Penny,Penny,Pending,,e4d8c667-a74b-4b30-81d5-2c5cfce2ea41
1977,,Washington Silver Quarter,Quarter,Quarter,Pending,,e4e8e1bc-a769-4afe-bfc5-8939b117bc92
1987,S,Lincoln Cent,Penny,Penny,Pending,,e4ef51f0-7ea8-4f9f-9cf9-beb8081e6d91
1840,,,Nickel,Nickel,Pending,,e503053b-2875-43b0-a700-7b9c7d23b552
1921,S,Lincoln Head Penny,Penny,Penny,Pending,,e50b2f80-cb7a-4e21-b9d9-da6cc2bae7f2
1951,D,Franklin Half Dollar,Half Dollar,Half Dollar,Pending,,e5257e3b-b197-4373-bea5-1de37828f98f
1892,,Barber,Half Dollar,Half Dollar,Pending,,e527381b-1e1a-4c37-b373-38e61699e9ca
1855,O,Liberty Seated,Half Dollar,Half Dollar,Pending,,e543dced-6512-4594-b4a8-10d996a1b1d5
2006P,,State and Territory Quarters,Quarter,Quarter,Pending,,e54b1989-f7d7-4677-9d5d-a23ee6556c2a
2007S,,State and Territory Quarters,Quarter,Quarter,Pending,,e54d88ec-1000-4276-bf7a-ad18a6f0e9b3
1915,S,Barber Silver Quarters,25 Cents,25 Cents,Pending,,e55e44d7-dcd1-42a6-9340-2717cf1c0fad
2007,S,Kennedy Half Dollar Series,Kennedy Half Dollar,Kennedy Half Dollar,Pending,,e563c4a6-5abb-47a9-9e3e-b4843c16864e
1979,S,Roosevelt Dime,Roosevelt Dime,Roosevelt Dime,Pending,,e573b044-04a1-414e-8340-d2f6134e98b0
1993P,,Washington Silver Quarter,Quarter,Quarter,Pending,,e57766be-7468-4027-96f6-a6ec0ff39213
multiple,,Wheat Cents,1 cent,1 cent,Pending,,e5a28f71-fbed-420e-bbd5-6e3a75ee3667
1914,,Lincoln Wheat Cent,Penny,Penny,Pending,,e5f9bab6-4322-44c6-83d8-c866ad763507
1879,,,1879,,Pending,,e60c1194-7477-4037-8929-f5a778580f53
2006,,American Eagle,Dollar,Dollar,Pending,,e6168746-e1cf-44bd-81d4-c4742cada0a5
1971,S,Eisenhower Dollar,Dollar,Dollar,Pending,,e62aa797-2547-41fb-9643-36205326c280
1971,S,Lincoln Cent Series,Penny,Penny,Pending,,e6325b26-48af-4e6d-905f-c397b04fa6f0
1891,S,Liberty Seated,Quarter,Quarter,Pending,,e649b2be-99fa-4a16-805e-90ead2c94fb3
2002,P,Sacagawea Dollar,1 Dollar,1 Dollar,Pending,,e64be959-0175-4d12-99fb-6ad72c4abed3
1993,P,American Eagle,Dollar,Dollar,Pending,,e686c9fc-25f1-48ba-9b5c-18370ddbfe14
1944,D,Walking Liberty,Half Dollar,Half Dollar,Pending,,e6894500-2178-45fa-9e83-220e7121c5a8
1924,S,Mercury Silver Dime,1 Dime,1 Dime,Pending,,e69293b9-a8f6-4cf1-a0e3-216ca88d3d92
1950,,Time Capsule Year Set,5-Coin Set,5-Coin Set,Pending,,e693a6cc-c32a-41e4-a720-771b478c2471
1911,S,Lincoln Wheat Cent Series,Penny,Penny,Pending,,e6a729d0-92b4-407d-8376-570a01dee8f4
1823,,Capped Bust Half Dollar,Capped Bust Silver Half Dollar,Capped Bust Silver Half Dollar,Pending,,e6b81cbf-36a8-4ee5-83ee-06e93fcf02dc
1985S,,Roosevelt Dimes,Dime,Dime,Pending,,e6ba962d-3c1d-4acc-935f-0fefd5d2b993
2000P,,State and Territory Quarters,Quarter,Quarter,Pending,,e6c0e449-823e-452f-9ecc-30dc13e9f2e9
1939,,Lincoln Wheat Cent,Penny,Penny,Pending,,e6f9dfda-d001-4345-ba7a-4e6a32edca8f
1910,,Lincoln Wheat Cent Series,Penny,Penny,Pending,,e71604fe-c256-495e-b52f-c9f346487d12
2008P,,State and Territory Quarters,Quarter,Quarter,Pending,,e72759d4-96ec-4eab-8f6f-ac626fa3bf2a
2011P,,Presidential Dollars,1,1,Pending,,e73502a0-30e8-4138-81d4-34e06e293102
1842,,Liberty Seated,Half Dollar,Half Dollar,Pending,,e7512ede-6855-41b6-b7cf-893c4da82190
1854,O,Liberty Seated Silver Dime,Dime,Dime,Pending,,e764d810-a35a-48a0-9262-d90ca4546051
1936,S,Lincoln Head Cent,Penny,Penny,Pending,,e774033c-8f29-472b-b855-d7f2821a577e
2015,S,America the Beautiful Quarters,Quarter,Quarter,Pending,,e793a248-e96f-4f2c-8f22-55767e0c3fff
2012,S,Native American Dollar,1 Dollar,1 Dollar,Pending,,e7975a8e-b304-40ee-9c79-4401f11ce992
1934,D,Lincoln Head Penny,Penny,Penny,Pending,,e7a4c0e3-ae0e-4fe5-9e9c-be6e2277d77e
1997D,,Washington Silver Quarter,Quarter,Quarter,Pending,,e7ae27c5-06a6-40d6-82e4-306bab6d2b96
1943,,Walking Liberty,Half Dollar,Half Dollar,Pending,,e7ba6702-9973-41c6-a22b-50af0d7775d1
1945,S,Jefferson Nickel Series,Nickel,Nickel,Pending,,e7c6ee02-bf19-44dd-8977-0b7c083a785e
2000S,,State and Territory Quarters,Quarter,Quarter,Pending,,e8020d05-ee9d-4f29-a471-b6fc94be0f15
1950,,Franklin Half Dollar,Half Dollar,Half Dollar,Pending,,e80720da-5d46-4477-9b97-00d7515d618a
1945,P,Liberty Walking Half Dollar,Half Dollar,Half Dollar,Pending,,e822b6b0-0d51-42ff-8872-c23c00d2a710
2005S,,State and Territory Quarters,Quarter,Quarter,Pending,,e829b4c1-7c1d-41d4-aa24-7990de9cccb7
1959,,Franklin Half Dollar,Half Dollar,Half Dollar,Pending,,e84da6c4-ac2f-4a74-a9c6-c327830fbc1c
1995,S,,Washington Quarter,Washington Quarter,Pending,,e86110a0-1269-4f31-bfd3-00de53cb5d19
1908,D,Barber Dimes,Barber Silver Dimes,Barber Silver Dimes,Pending,,e8736fe8-20ff-4313-a6f8-240580b16a9f
1853,,,Nickel,Nickel,Pending,,e87fcfa3-396a-4273-8ebf-98b9d5413725
1964,D,,Roosevelt Dime,Roosevelt Dime,Pending,,e88ffcc8-f240-4562-a88a-abcd9d2a90e4
1972,,Eisenhower Dollar,Dollar,Dollar,Pending,,e897940b-5cf6-4952-84d4-a50fd97d6dd2
1998,S,Lincoln Cent,Penny,Penny,Pending,,e89e4bf7-651c-4396-9aab-83db768025d8
2003,D,Sacagawea Dollar,1 Dollar,1 Dollar,Pending,,e8b409c6-d9e3-445b-a40b-356a77846012
1925,,Lincoln Cent,Penny,Penny,Pending,,e8c9d92c-1b6d-4947-8514-655258b28e00
2018,P,National Park Quarters,Quarter,Quarter,Pending,,e8d68b67-b114-4f71-a0e2-0088318a3262
1995,,Lincoln Cent,Penny,Penny,Pending,,e8dced72-98c0-4b56-9c2e-53347965eb34
1981,P,Susan B. Anthony Dollar,Susan B. Anthony Dollar,Susan B. Anthony Dollar,Pending,,e905df65-88be-441f-8abe-d0755845c504
1960,D,Lincoln Cent Series,Penny,Penny,Pending,,e920b9e1-f87e-4638-90a0-93283a3316e2
2007D,,State and Territory Quarters,Quarter,Quarter,Pending,,e9225369-6452-4fd0-9c3a-de4d1792933b
1920,,Standing Liberty Silver Quarter,Quarter,Quarter,Pending,,e93d16e0-ed5b-4a22-b4d7-2228538539f0
1897,,Indian Head Cent,Penny,Penny,Pending,,e9401e09-7d29-4af0-ad92-13401dc04d72
2071S,,Roosevelt Dimes,Dime,Dime,Pending,,e95e4757-51cf-4814-847a-7927486501e2
2016,S,America the Beautiful Quarters,Quarter,Quarter,Pending,,e964226e-691e-4b69-8d48-874fd5197bbb
1956,,Lincoln Head Penny,Penny,Penny,Pending,,e9692a43-fa7f-4a22-930f-38cd6329ab6b
1981,D,Kennedy Half Dollar Series,Kennedy Half Dollar,Kennedy Half Dollar,Pending,,e996f334-c979-4af7-ad70-5a166dfcb919
1892,S,Barber Silver Quarters,25 Cents,25 Cents,Pending,,e9ac4921-7bb5-430d-bff1-dce488485d1b
2016,S,National Park Quarters,Quarter,Quarter,Pending,,e9b6807b-405d-4199-adf4-514ad6ceda13
1904,,Morgan Silver Dollar,Dollar,Dollar,Pending,,e9e86cf6-a797-41de-8d0b-40e3fcc764ef
2015,S,Native American Dollar,1 Dollar,1 Dollar,Pending,,e9f77787-b100-4e44-974f-5c606538b4a0
2004S,,State and Territory Quarters,Quarter,Quarter,Pending,,ea0b5706-59b8-4f2f-89e1-ddc828e4fb05
2000S,,State and Territory Quarters,Quarter,Quarter,Pending,,ea15986c-f676-4968-be4b-cbf00660acd1
1988S,,Roosevelt Dimes,Dime,Dime,Pending,,ea6ca550-3d3a-41ca-af84-34d7033cee98
1881,O,Morgan Silver Dollars,1 Dollar,1 Dollar,Pending,,ea89a68f-986c-41c1-a332-e94ccb452c4d
2011,D,National Park Quarters,Quarter,Quarter,Pending,,ea95b824-02d4-4d38-b6bb-266ed2c43cde
1946,,Lincoln Wheat Cent,Penny,Penny,Pending,,eaad2d1c-70ac-4536-90fa-0c7a5f0c6ba0
2019,,American Innovation Dollar,Dollar,Dollar,Pending,,eab379de-7818-40e9-a2f9-dace606a9871
1880,CC,Morgan silver dollar,1,1,Pending,,ead1bafc-e4ef-4459-a907-c3483977386d
1918,S,Lincoln Cent Series,Penny,Penny,Pending,,ead1c9df-1b72-45b7-910d-028879591b18
2001D,,State and Territory Quarters,Quarter,Quarter,Pending,,eadfbf29-49f6-4302-b246-56c7a50f5f0a
2009,D,Kennedy Half Dollar Series,Kennedy Half Dollar,Kennedy Half Dollar,Pending,,eae10b6c-088a-47a6-bc6a-30e0f8f95890
2004P,,State and Territory Quarters,Quarter,Quarter,Pending,,eae6c201-9062-4479-a4eb-192af0972564
1931,,Mercury Dime,Dime,Dime,Pending,,eb0937c5-151e-4462-96cf-ec2bd3ded17d
1973,,Eisenhower Dollar,Dollar,Dollar,Pending,,eb2f2296-0fe2-4e31-9321-65577c7dc003
1910,,Lincoln Wheat Cent,Penny,Penny,Pending,,eb6fb894-3ea5-4805-a265-2dacd871c11a
1920,,Lincoln Cent,Penny,Penny,Pending,,ebb81e61-c58d-4272-995a-994be664a58f
2021,W,American Silver Eagle,American Silver Eagle Dollar,American Silver Eagle Dollar,Pending,,ebbad28e-8269-4710-9a7f-ed87b38eb418
1893,O,Barber,Half Dollar,Half Dollar,Pending,,ebe0eae0-c7f7-4246-87a7-e4794ee0d4d9
1981,S,Susan B. Anthony Dollar,Susan B. Anthony Dollar,Susan B. Anthony Dollar,Pending,,ebef63ec-6143-40e1-8c07-ad5b66db3607
1893,O,Barber Silver Quarters,25 Cents,25 Cents,Pending,,ebf6e30c-4551-4859-883a-d4af89972a4d
2012,W,American Eagle,Dollar,Dollar,Pending,,ec149a33-83d6-4966-881c-a6e28df2a25c
1972,,Eisenhower Dollar,1 Dollar,1 Dollar,Pending,,ec1df576-3bac-40ec-9d3a-22ec4564c97f
1962,,Franklin Half Dollar,Half Dollar,Half Dollar,Pending,,ec1e9dfe-6b8d-497e-bcf9-d4e112453073
1865,,,1865,,Pending,,ec2a2127-a7a3-4d4d-b322-9f206b0fe4cb
1908,O,Barber Silver Quarters,25 Cents,25 Cents,Pending,,ec9c670a-0d4d-4b2c-95fd-0d0ab1d0b0d0
1949,,Time Capsule Year Set,Mixed US Coin Set,Mixed US Coin Set,Pending,,ec9e9bad-452a-4698-97d2-f0f9fc636a52
2004,,Lincoln Head Penny,Penny,Penny,Pending,,ecd23a54-a363-4d45-b781-55af7b73d004
1913,S,Barber Dimes,Barber Silver Dimes,Barber Silver Dimes,Pending,,ecd7c033-f1ec-4c33-8c97-8019612b984a
1896,S,Liberty Seated,Half Dollar,Half Dollar,Pending,,ece37acc-cbb0-4a91-a042-ccef0280a983
1999,D,Susan B. Anthony Dollar,Susan B. Anthony Dollar,Susan B. Anthony Dollar,Pending,,ecef895b-7012-41b9-a829-cf3ba4848dbb
1964,,Washington Silver Quarter,Quarter,Quarter,Pending,,ecf1ee83-2230-41ad-ae15-531978e3d572
1980D,,Roosevelt Dimes,Dime,Dime,Pending,,ed0b89d2-96c5-45cf-bae7-db6d5a35b9d1
1921,,Walking Liberty Half Dollar,Half Dollar,Half Dollar,Pending,,ed1ae714-1e18-46b2-af7b-ebedf85f393b
1952,,Roosevelt Dimes,Dime,Dime,Pending,,ed225761-1d5f-466d-a823-878fd060c908
1930,,Lincoln Wheat Cent Series,Penny,Penny,Pending,,ed437d66-61bf-452c-a7ae-36162d67f4f9
1976,,U.S. Bicentennial,1 Dollar,1 Dollar,Pending,,ed45cd95-91ce-439b-b148-3bd6f2d4c09c
1900,O,Barber Silver Quarters,25 Cents,25 Cents,Pending,,ed4aded3-8fff-4b4e-a484-488ef7c6122b
1918,,Lincoln Cent,Penny,Penny,Pending,,ed50f42d-f0a6-449d-8b50-4a5327c7159a
1957,P,Jefferson Nickel Series,Nickel,Nickel,Pending,,ed557213-673e-454d-a5be-84e0e9636c25
2014P,,Presidential Dollars,1,1,Pending,,ed5bda57-b746-4724-92e2-41ce8dde5e4b
1992P,,Roosevelt Dimes,Dime,Dime,Pending,,ed6ab31a-bd8a-42d6-82b2-02734ed771b6
2020,,American Innovation Dollar,Dollar,Dollar,Pending,,eda96268-6115-44c0-951e-ffc1ec473b22
2019,S,America the Beautiful Quarters,Quarter,Quarter,Pending,,ede685f8-c33c-492e-88d5-ba864886d1a1
1929,,Lincoln Cent,Penny,Penny,Pending,,edea9dd8-97ff-42b9-b9f7-6debf356917e
2020,D,National Park Quarters,Quarter,Quarter,Pending,,ee20f64e-778d-4edc-bd5f-d9402cea0cb0
1968,S,,Lincoln Cent,Lincoln Cent,Pending,,ee2da1da-a0b9-41a7-9b5c-155e993b05d6
2024,D,Native American Dollar Program,Native American Dollar,Native American Dollar,Pending,,ee3c2546-9b7c-4560-9188-6a965641cffe
1942,,Washington Silver Quarter,Quarter,Quarter,Pending,,ee3d630e-8dfa-497b-8683-2e9d7652f7e6
2018P,,Roosevelt Dimes,Dime,Dime,Pending,,ee4dd565-617c-415d-a09d-65d286ed3218
1974,,Eisenhower Dollar,Dollar,Dollar,Pending,,ee5243cb-020c-4607-beaf-4505235a24c1
2000S,,State and Territory Quarters,Quarter,Quarter,Pending,,ee5a3d18-e51c-44e8-80e0-05ff0fe6ae8b
2002,S,Lincoln Cent,Penny,Penny,Pending,,ee602240-2664-4b7b-bf2f-ea22d2f54ab5
1924,D,Mercury Dime,Dime,Dime,Pending,,ee69b560-f6c2-4c6b-8bd5-e04f3da838f7
1891,CC,Morgan Silver Dollar,1,1,Pending,,ee8d7697-04c0-4aa5-85a8-f1950a8be4b3
1914,P,Barber Dimes,Barber Silver Dimes,Barber Silver Dimes,Pending,,ee95f948-9d05-4d20-b767-925f6606683e
2010,D,America the Beautiful Quarters,Quarter,Quarter,Pending,,eeb628e4-8383-4d54-b573-40e095cc2c4b
1903,O,Morgan Silver Dollar,Dollar,Dollar,Pending,,eeb6da5b-8399-4847-aa34-8a9cdbcf9ea1
1910,PENDING,Barber Series,Dime,Dime,Pending,,eecc2c3c-3297-40ef-b068-53e2dc333bac
1919,,Lincoln Head Penny,Penny,Penny,Pending,,eed84ccc-1fbc-4c95-90db-ee1243c0528b
1994,,American Eagle,Dollar,Dollar,Pending,,eef66dc8-5484-49b1-b00f-4f2f852dccc0
1997D,,Roosevelt Dimes,Dime,Dime,Pending,,ef00b71f-f4db-48c0-8334-997f0b0cd7d0
2017,P,National Park Quarters,Quarter,Quarter,Pending,,ef01630d-2b2c-4303-866d-ce1598a14dac
1921,S,Barber,Half Dollar,Half Dollar,Pending,,ef177ad1-d97f-4f9d-9407-af7a8efb6a67
1955,,Washington Silver Quarter,Quarter,Quarter,Pending,,ef348da0-3e02-442c-8314-56f2634cb76e
2009D,,State and Territory Quarters,Quarter,Quarter,Pending,,ef3f4700-0685-4730-8526-67d23fb8ff5b
2005S,,State and Territory Quarters,Quarter,Quarter,Pending,,ef464e42-004e-4389-b458-447a885cc9f3
1981,S,Susan B. Anthony Dollar,Susan B. Anthony Dollar,Susan B. Anthony Dollar,Pending,,ef5261df-c670-4a72-b4d5-34954bfde3d9
1973S,,Washington Silver Quarter,Quarter,Quarter,Pending,,ef702e0c-ca18-4f78-8e89-625081444f6a
1974,D,Eisenhower Dollar,1 Dollar,1 Dollar,Pending,,ef7b0ecc-f8b9-4d21-bb68-1328d26196a7
1952,,Time Capsule Year Set,"5-Coin Set (Lincoln Cent, Jefferson Nickel, Roosevelt Dime, Washington Quarter, Franklin Half Dollar)","5-Coin Set (Lincoln Cent, Jefferson Nickel, Roosevelt Dime, Washington Quarter, Franklin Half Dollar)",Pending,,ef7db115-b3a0-4f6c-b7e3-31681a18392b
1954,,Roosevelt Dimes,Dime,Dime,Pending,,ef821c59-c596-4bb1-8783-dd8714a4a784
2007S,,State and Territory Quarters,Quarter,Quarter,Pending,,ef86b3e8-cf36-41f4-987f-b532c597f46c
1924,,Lincoln Head Penny,Penny,Penny,Pending,,efab2012-76ee-4a5f-888d-4755e08ed276
2008D,,Roosevelt Dimes,Dime,Dime,Pending,,efccf714-ee29-4bc6-9534-8114917b45ab
1945,D,Jefferson Nickel Series,Nickel,Nickel,Pending,,efd905f0-8926-499a-b540-1aff35c38c9f
1859,,Liberty Seated,Quarter,Quarter,Pending,,efe21cdc-157d-4e82-b0d7-7aed039f1a16
1919,D,Standing Liberty Silver Quarter,Quarter,Quarter,Pending,,effaeb62-603e-4f31-95e9-0d74e45d4eb0
1987,S,American Eagle,Dollar,Dollar,Pending,,f0164a70-7227-43ed-b523-13eb9a9afc20
1911,S,Barber Dimes,Barber Silver Dimes,Barber Silver Dimes,Pending,,f0196f02-8321-4db8-b136-36624f366c11
1883,P,Morgan Silver Dollars,1 Dollar,1 Dollar,Pending,,f022db55-7909-475f-9d05-b49e59536f79
1955D,,Washington Silver Quarter,Quarter,Quarter,Pending,,f035b898-996e-4311-b1a5-22ea94bb2323
2020,,American Innovation Dollar,Dollar,Dollar,Pending,,f03a7f06-f693-4099-ba67-0129fdb6bde6
1928,S,Liberty Walking Half Dollar,Half Dollar,Half Dollar,Pending,,f0618471-e0f4-468c-8d4a-ac5df7d7b3df
1978,D,Kennedy Half Dollar,Kennedy Half Dollar,Kennedy Half Dollar,Pending,,f06fd46f-869a-4fe2-bd00-9c5ef5de5bd7
2006,P,Kennedy Half Dollar Series,Kennedy Half Dollar,Kennedy Half Dollar,Pending,,f07b07ca-596d-45b5-a506-033a987f7241
1940,,"America Revisited Selection, Time Capsule Year Set","5-Coin Set (Lincoln Cent, Jefferson Nickel, Mercury Dime, Washington Quarter, Walking Liberty Half Dollar)","5-Coin Set (Lincoln Cent, Jefferson Nickel, Mercury Dime, Washington Quarter, Walking Liberty Half Dollar)",Pending,,f0a5b51f-32f4-4118-8774-eca1733ff2ed
1924,,Lincoln Head Cent,Penny,Penny,Pending,,f0a8da55-a6e5-494e-b2ea-92996eb26301
1988,,Lincoln Head Penny,Penny,Penny,Pending,,f0c1d310-1a51-4828-ae07-aea48f48cf53
1937,,Lincoln Head Penny,Penny,Penny,Pending,,f0d5ea6f-018e-4b90-a534-63fe5a0292e4
1996,,American Eagle,Dollar,Dollar,Pending,,f0eca048-38e6-49cd-9b96-ef0200e58f0e
1924,D,Lincoln Head Penny,Penny,Penny,Pending,,f0ecf15b-260a-4466-8fa3-78e7ca00f0bc
2004D,,State and Territory Quarters,Quarter,Quarter,Pending,,f0f6afdc-9cf8-48aa-8c45-87bfbf85671b
1907,D,Barber Silver Quarters,25 Cents,25 Cents,Pending,,f1092b95-1218-42a9-abb9-4c59a72d3a7f
1934,,Mercury Dime,Dime,Dime,Pending,,f12056a3-cd31-40e1-b859-50d8a42cda63
2001D,,State and Territory Quarters,Quarter,Quarter,Pending,,f12315d5-9cea-4780-8cf7-08f02188b8b6
1929,D,Standing Liberty Silver Quarter,Quarter,Quarter,Pending,,f12e45d6-dc1d-426a-9d85-eeebe5c16c70
1926,,Standing Liberty Silver Quarter,Quarter,Quarter,Pending,,f148df51-91d9-4b20-9783-9e3a1b223cdf
1954,D,Lincoln Cent,Penny,Penny,Pending,,f14ebf00-b25b-4b3a-a71a-a5b03d9631fc
1925,,Lincoln Head Penny,Penny,Penny,Pending,,f15f18a9-cb0a-4c17-8241-8057acfac13f
1961D,,Roosevelt Dimes,Dime,Dime,Pending,,f165f762-9504-48a5-b674-6be96994dffb
2024,P,U.S. Innovation Dollar,Dollar,Dollar,Pending,,f16fc9c9-34be-454a-9366-7883bfa354a7
1948,O,Liberty Walking Half Dollar,Half Dollar,Half Dollar,Pending,,f1782ef3-d482-498c-a156-c52a38849317
1974,S,Eisenhower Dollar,1 Dollar,1 Dollar,Pending,,f1999b6e-3c5e-4972-aac5-20789685fd04
1899,O,Morgan Silver Dollar,Dollar,Dollar,Pending,,f1af8c3f-32fa-4a06-a873-6d449cd20e85
2017,P,National Park Quarters,Quarter,Quarter,Pending,,f1b1c3ef-0748-4f98-97a6-632c5d03bdf4
1929,D,,Penny,Penny,Pending,,f1df1c2a-9094-4293-8dfe-1df7b7bdf4b6
1955,,Lincoln Head Penny,Penny,Penny,Pending,,f2199cd9-c700-4c81-9bdd-397d135db08f
1832,,,Capped Bust Silver Quarter,Capped Bust Silver Quarter,Pending,,f22afc42-c319-488c-baba-144beb052a29
2013,D,America the Beautiful Quarters,Quarter,Quarter,Pending,,f275b141-2317-4b49-bcc2-991e5e053c6a
1984,O,Kennedy Half Dollar,Kennedy Half Dollar,Kennedy Half Dollar,Pending,,f29c140a-2ec6-4505-ac46-9f469c80f2e1
1996P,,Roosevelt Dimes,Dime,Dime,Pending,,f29e3e1e-8b88-4b27-a5b4-db62ea692f0a
1993,,American Eagle,Dollar,Dollar,Pending,,f29e6a2d-ec34-40b3-9244-57280753aff0
2013,,American Eagle,Dollar,Dollar,Pending,,f2b24699-150e-4aa1-a582-80a6a5f36c25
2006P,,State and Territory Quarters,Quarter,Quarter,Pending,,f2da81ed-860f-42f7-9567-02c2db8f1f11
1963,,Lincoln Memorial Cent,Penny,Penny,Pending,,f2e32dc0-453a-40ef-b6a2-fec2a90c8f8d
2009,P,Kennedy Half Dollar Series,Kennedy Half Dollar,Kennedy Half Dollar,Pending,,f2f9d36e-b4a2-499f-b994-1d6d33785a12
1917,D,Standing Liberty Silver Quarter (Type 1),Quarter,Quarter,Pending,,f300b516-4503-4421-9f63-5e44ae9c1ab0
1957,,Lincoln Wheat Cent Series,Penny,Penny,Pending,,f3175fac-7c21-41c3-88c8-3671e255a004
1973,S,Eisenhower Dollar,Dollar,Dollar,Pending,,f31b850e-fadc-449d-95e5-3f6d3bcc6f84
2016,P,Kennedy Half Dollar,Kennedy Half Dollar,Kennedy Half Dollar,Pending,,f32cd5bd-877d-46e5-b7d2-18ba6d83a20c
1888,S,Morgan Silver Dollar,Dollar,Dollar,Pending,,f332d61e-1035-42f6-ac98-1dc31d0ecbd9
1882,S,Morgan Silver Dollars,1 Dollar,1 Dollar,Pending,,f33350bd-3540-4d38-85f7-a2a7b898cb57
1902,S,Barber Silver Quarters,25 Cents,25 Cents,Pending,,f3411cae-a4f7-4e9c-97ae-df04ffdef659
1950,D,,Nickel,Nickel,Pending,,f34563ff-46c3-40f3-a9d6-97f03e75dcba
1927,,Peace Dollar,Dollar,Dollar,Pending,,f350594e-d813-418f-871b-0b1b15fbf25f
2006,S,Kennedy Half Dollar,Kennedy Half Dollar,Kennedy Half Dollar,Pending,,f3650b48-a76c-4fcc-9f5e-59aa060a51fa
1885,O,Morgan Silver Dollar,Morgan Silver Dollar,Morgan Silver Dollar,Pending,,f36a5ede-29d9-41b5-b1ec-3877115e2264
1978,,,Dollar,Dollar,Pending,,f393a590-04d5-4e8f-b72c-08ba11b770f4
,,Liberty Head Gold Half Eagle,$5 ,$5 ,Pending,,f3cdc8e8-b34b-466e-9051-fab47dec21be
1992,,American Silver Eagle,1,1,Pending,,f3de19c6-bb92-41c9-9291-e4a0267678bd
1944,D,Mercury Dime,Dime,Dime,Pending,,f3df3c46-d92f-438d-a629-2cc7daa5ec1d
2017,S,National Park Quarters,Quarter,Quarter,Pending,,f3e2c29a-5db8-4a43-99f9-962e76c5a7e1
1907,O,Barber Series,Dime,Dime,Pending,,f3f0dc81-480c-491f-aa7f-1ffa982e8017
1947,D,Mercury Dime,Dime,Dime,Pending,,f3f6897c-8910-48c0-831e-58126f885d1e
1838,O,Liberty Seated Silver Dime,Dime,Dime,Pending,,f40c0cd7-5d03-4917-936f-d1d64c8c9364
1990,S,American Eagle,Dollar,Dollar,Pending,,f40d50e5-7d1d-4d67-9c72-7aebd56f9005
1957,D,Franklin Half Dollar,Half Dollar,Half Dollar,Pending,,f4431a81-6115-4a73-b593-f4c72bda0c3e
1928,D,Lincoln Head Cent,Penny,Penny,Pending,,f45d467d-9400-4602-9782-e008ee9960a6
1947S,,Roosevelt Dimes,Dime,Dime,Pending,,f4741b37-e747-48f9-a490-11e7d12b399a
2018,D,Kennedy Half Dollar Series,Kennedy Half Dollar,Kennedy Half Dollar,Pending,,f4769243-f98f-4b76-8397-48b12966425e
2009,,Lincoln Bicentennial Cent,Penny,Penny,Pending,,f4788553-0d02-4617-83b0-92c305cc2f16
1954,D,Mercury Dime,Dime,Dime,Pending,,f47d81a7-636c-45ac-ac03-af73a113eef9
2024,P,Native American Dollar Program,Native American Dollar,Native American Dollar,Pending,,f48cbd46-eeaa-493c-ae24-6637d7861fa3
1991D,,Washington Silver Quarter,Quarter,Quarter,Pending,,f4b7ec05-e2a8-4b1e-9a92-38f638f985f1
1937,,Time Capsule Year Set,5-Coin Set,5-Coin Set,Pending,,f4db515b-c4d0-4c2a-8bbe-2072b091fa67
2013P,,Presidential Dollars,1,1,Pending,,f4e0b586-ef9f-422c-a3ba-c85e57e5710f
1998P,,Roosevelt Dimes,Dime,Dime,Pending,,f4f620e8-b545-4648-8eae-dc2c6d448677
2018,S,National Park Quarters,Quarter,Quarter,Pending,,f4fc941b-e888-4f7f-98d0-3ce151185cd8
1955,,Time Capsule Year Set,5-Coin Set,5-Coin Set,Pending,,f53a7f5a-a2e6-4e8a-afa8-f4844071e9ef
2021,S,National Park Quarters,Quarter,Quarter,Pending,,f5542a7b-675c-4db8-8c0d-684946dd6ec0
1993S,,Washington Silver Quarter,Quarter,Quarter,Pending,,f55ad31a-524a-4aa5-a4f7-4955ba756b03
1999S,,State and Territory Quarters,Quarter,Quarter,Pending,,f5755b8b-a6dc-4375-9bc7-621b15d28891
2018,S,National Park Quarters,Quarter,Quarter,Pending,,f5777b86-570f-481f-b4a6-38b445378a18
2013,D,America the Beautiful Quarters,Quarter,Quarter,Pending,,f58d0c11-b4f3-4615-a66b-7840b02284a5
2012D,,Presidential Dollars,1,1,Pending,,f5a1bf8e-a035-4778-8685-cd1ee7be176f
1969,S,Lincoln Head Penny,Penny,Penny,Pending,,f5bf1323-f554-4c01-8486-3ab6cdc26fe4
2022,P,Native American Dollar,1 Dollar,1 Dollar,Pending,,f5c8e420-f1a3-48ff-888b-778cbfd28fdf
1957,D,Franklin Half Dollar,Half Dollar,Half Dollar,Pending,,f5e210c6-7e08-4b36-b860-8c752d8a9109
1963,,Roosevelt Dimes,Dime,Dime,Pending,,f5e7f091-4d49-48a3-84c5-b309fc20263b
1956,D,Lincoln Cent,Penny,Penny,Pending,,f5febb68-72af-437c-906c-4f19cdb874c9
2005P,,Roosevelt Dimes,Dime,Dime,Pending,,f61d2ed7-4fca-4d17-ab57-4010121e69a3
2004D,,State and Territory Quarters,Quarter,Quarter,Pending,,f63e3628-f86a-4e93-a583-213f2905b4f7
2009D,,State and Territory Quarters,Quarter,Quarter,Pending,,f6520da8-658c-4090-91df-2f0a9bff2481
1893,,Liberty Head Half Eagle,$5 ,$5 ,Pending,,f661569d-1314-4114-bfce-c25b7fe6fe8c
1977,S,Eisenhower Dollar,1 Dollar,1 Dollar,Pending,,f67de2ee-9aa9-4692-9875-d5b17748fa68
1951,S,Lincoln Cent,Penny,Penny,Pending,,f67f2815-524f-4321-acaa-2b3f73120d0c
1929,,Lincoln Wheat Cent Series,Penny,Penny,Pending,,f6c50446-d0c1-43db-bf0c-bd8cfe5125cd
1912,D,,Barber Silver Dime,Barber Silver Dime,Pending,,f6e02f4b-9bad-4208-a5bc-d5fff926ef58
1935S,,Washington Silver Quarter,Quarter,Quarter,Pending,,f6ea706a-7288-431b-aac6-e3ba298c3f59
1918,,Standing Liberty Silver Quarter,Quarter,Quarter,Pending,,f6f109e7-f388-495f-b719-2dd51a2855e3
1929,S,Standing Liberty Silver Quarter,Quarter,Quarter,Pending,,f6f1d9aa-48bd-4e8e-8936-69bc922f6967
1941,,Lincoln Cent,Penny,Penny,Pending,,f71abf4a-e41e-4bcb-a0f0-feed95f2f35c
1958,,Franklin Half Dollar,Half Dollar,Half Dollar,Pending,,f73c0dbc-d4f5-48e9-a59b-8168ad92b8bd
2022S,,Roosevelt Dimes,Dime,Dime,Pending,,f7497425-4aa9-473f-8606-5c94688c7e10
1946D,,Washington Silver Quarter,Quarter,Quarter,Pending,,f74c965d-e434-4dc5-a9ae-76d48fa5ec07
1925,,Lincoln Head Penny,Penny,Penny,Pending,,f74e563b-4410-4fe6-9102-d1f718ffab53
1832,,Capped Bust Half Dollar,Capped Bust Silver Half Dollar,Capped Bust Silver Half Dollar,Pending,,f78d73a5-e49b-4d30-b826-15e5298c8eb3
2004,D,Lincoln Cent Series,Penny,Penny,Pending,,f7a6a8ef-b5c2-475c-84a2-797411de3e07
1837,,Liberty Seated,Quarter,Quarter,Pending,,f7a9f261-d514-4d07-a6fe-54c59a6f56c1
1845,,,Nickel,Nickel,Pending,,f7be1d35-81b9-4e7a-a451-dc931cd9af6d
2020,P,Native American Dollar,1 Dollar,1 Dollar,Pending,,f7be1ee2-9b2d-4294-bd06-786cab354813
2023,,The Ultimate Modern Morgan and Peace Silver Dollar Collection,Peace Dollar,Peace Dollar,Pending,,f7bf3cfc-c7bf-4d32-bc3a-e3b88f5f29f7
1903,PENDING,Barber Series,Dime,Dime,Pending,,f7c00d38-b1e7-4f04-84a5-a5e9e9d47f4c
2002S,,State and Territory Quarters,Quarter,Quarter,Pending,,f7c2d52f-9989-4f61-8188-711d03dce20a
2017P,,Roosevelt Dimes,Dime,Dime,Pending,,f7ffd841-3c1c-465e-a695-a036ff670b29
1840,O,Liberty Seated,Quarter,Quarter,Pending,,f8014044-ef2e-4711-bd40-2f5e7cecd354
2017,D,National Park Quarters,Quarter,Quarter,Pending,,f807deec-c522-4046-993e-bfa946310b7a
1904,S,Barber,Half Dollar,Half Dollar,Pending,,f80e3be5-d8d7-4439-a44a-c19507ca9efd
2002S,,Roosevelt Dimes,Dime,Dime,Pending,,f8175996-2e0d-4d0e-aa0d-a31fa7b10763
1897,,Morgan Silver Dollar,Dollar,Dollar,Pending,,f8183969-57a9-4a9e-9f77-8cc16db12021
1947,,Lincoln Wheat Cent Series,Penny,Penny,Pending,,f825e8f2-2e5e-41ee-903b-552284cff57d
1858,O,Liberty Seated,Half Dollar,Half Dollar,Pending,,f839f1fb-3543-425e-ab06-ecb7718128cb
2020,,American Innovation Dollar,Dollar,Dollar,Pending,,f83a4aa4-70b4-4966-a3a6-e8d5ef3f7277
1974,S,Eisenhower Dollar,1 Dollar,1 Dollar,Pending,,f8a14d7d-1ced-4988-bb01-00bdedc9d6d1
2005S,,State and Territory Quarters,Quarter,Quarter,Pending,,f8c0be74-890c-4a33-9ceb-0371a571cec0
1910,,Lincoln Cent,Penny,Penny,Pending,,f8c4a5bb-8f33-4076-b47e-557549c03fa0
1832,,Capped Bust Half Dollar,Capped Bust Silver Half Dollar,Capped Bust Silver Half Dollar,Pending,,f8e5e502-6ea0-4c18-9ebe-5f3b9aa695ce
1986P,,Washington Silver Quarter,Quarter,Quarter,Pending,,f8ed1667-e3f8-4b81-a2df-a8830122f34a
1920,,Lincoln Wheat Cent Series,Penny,Penny,Pending,,f8f744b6-881a-4eaf-9383-2946edd0a8df
2009S,,State and Territory Quarters,Quarter,Quarter,Pending,,f90b6415-4701-4f36-8e7e-780e714ab8bc
2002D,,State and Territory Quarters,Quarter,Quarter,Pending,,f9197703-8345-4431-9e0d-e0535f177eea
2005,,Lincoln Cent,Penny,Penny,Pending,,f9234ac8-f714-4315-ac5d-0b0518048858
1970,S,Kennedy Half Dollar,Kennedy Half Dollar,Kennedy Half Dollar,Pending,,f92adfad-da58-469c-a3e4-6fa0a662af74
1899,,Barber Silver Quarters,25 Cents,25 Cents,Pending,,f92baba8-e0e1-4dc8-b566-eda9c77240db
1958,,Lincoln Head Cent,Penny,Penny,Pending,,f92e5ff4-29ae-47af-bc76-7942c17bbb15
1918,D,Liberty Walking Half Dollar,Half Dollar,Half Dollar,Pending,,f939d9de-4c97-4f6e-8bf3-a7107391e7ad
1957,,Time Capsule Year Set,"5-Coin Set (Lincoln Cent, Jefferson Nickel, Roosevelt Dime, Washington Quarter, Franklin Half Dollar)","5-Coin Set (Lincoln Cent, Jefferson Nickel, Roosevelt Dime, Washington Quarter, Franklin Half Dollar)",Pending,,f958e79e-91eb-49ee-96c7-913ee28fbfaa
1934,,Washington Silver Quarter,Quarter,Quarter,Pending,,f96300b4-4a48-42de-849c-1732f2553add
1982,D,Lincoln Cent Series,Penny,Penny,Pending,,f997cace-e165-4ca1-b7c9-bf092bad9e97
1930,S,Standing Liberty Silver Quarter,Quarter,Quarter,Pending,,f9ce2722-198d-4865-8f15-8745354d3a16
1858,,Liberty Seated,Quarter,Quarter,Pending,,f9e499f2-97cf-44a0-bef4-0d5dd28c841d
2009,S,Jefferson Nickel Series,Nickel,Nickel,Pending,,fa03dbea-b3ca-43b1-aaa2-5f66b7cb68a0
1975,S,Lincoln Head Penny,Penny,Penny,Pending,,fa086403-55ab-4a2e-9c12-b687262e6186
1935,S,Buffalo Nickel,Nickel,Nickel,Pending,,fa175cd7-a1b6-49ef-902b-dabf1050ebb9
1927,,Lincoln Cent,Penny,Penny,Pending,,fa242451-5b28-41eb-8839-e34c3ede0ff0
1978,S,Lincoln Cent,Penny,Penny,Pending,,fa3ec05f-8d15-477a-9256-7cea5ed4525f
2007,S,Lincoln Cent Series,Penny,Penny,Pending,,fa5ff60d-b179-43c3-a78c-f46d2980e8d6
2024,,American Silver Eagle,American Silver Eagle,American Silver Eagle,Pending,,fa65ba85-a695-45a3-9636-6724475f938f
1948,D,Franklin Half Dollar,Half Dollar,Half Dollar,Pending,,fa690cb6-cd3e-41f4-974b-332cdd35eb42
1902,S,Morgan Silver Dollars,1 Dollar,1 Dollar,Pending,,fa78825a-651c-4010-9cd1-756b2150ee07
1922,D,Peace Dollar,Dollar,Dollar,Pending,,faa96838-6e3a-4060-8f5f-930cce81ca89
1957,,,Quarter,Quarter,Pending,,faab7924-6ba6-4bc9-9a23-ecb30a308a49
1939,,Lincoln Head Penny,Penny,Penny,Pending,,faf0af7d-6aee-42fe-a261-ac19d8990e9c
1955,,Lincoln Wheat Cent Series,Penny,Penny,Pending,,fb0f4626-21c5-4e5d-8a27-13b333c4b8d5
2001D,,State and Territory Quarters,Quarter,Quarter,Pending,,fb270210-1e08-4670-b434-524b3c91e1bf
1940,,Lincoln Head Penny,Penny,Penny,Pending,,fb6fc166-f4a6-4482-be85-a706cfd01d17
1891,,Morgan Silver Dollars,1 Dollar,1 Dollar,Pending,,fb8add0c-e598-478b-9fa2-4477e1d3c7ae
2021P,,Roosevelt Dimes,Dime,Dime,Pending,,fbb01188-8520-4701-92ac-b40b5938a828
1939,S,Lincoln Head Cent,Penny,Penny,Pending,,fbb7b79a-f041-485d-a60c-98fcd85ca100
2016,S,Kennedy Half Dollar,Kennedy Half Dollar,Kennedy Half Dollar,Pending,,fbeb7fcb-43cd-4b1f-9802-a2f3f9e50fd2
2006D,,State and Territory Quarters,Quarter,Quarter,Pending,,fbf7f9ba-6dcc-47ba-af8a-0674e5dde7e5
2018,P,National Park Quarters,Quarter,Quarter,Pending,,fc05572e-39b3-4534-8d55-356337c4bae5
2011,P,Kennedy Half Dollar Series,Kennedy Half Dollar,Kennedy Half Dollar,Pending,,fc0fb1f6-c14e-4059-95e0-834af8ef316d
1941,D,Lincoln Cent,Penny,Penny,Pending,,fc1ef5fa-cf30-440e-a61f-f58bb6a8ae2c
1908,,Liberty Head Nickel,Nickel,Nickel,Pending,,fc573f68-9b19-4318-a655-9a87ba6d30fe
1930,,Lincoln Head Penny,Penny,Penny,Pending,,fc74a092-3988-417f-9d42-d22f3e97e49d
1967,,Kennedy Half Dollar,Kennedy Half Dollar,Kennedy Half Dollar,Pending,,fc7a267b-5f08-4d82-bf41-736680e89592
1920,S,Mercury Dime,Dime,Dime,Pending,,fc88897f-f8d4-4227-b480-41dd04e6b5eb
2007D,,Roosevelt Dimes,Dime,Dime,Pending,,fc96b0fc-c61f-49d7-9d43-678f26e26e19
1808,,Capped Bust,Half Dollar,Half Dollar,Pending,,fca3e385-c3de-4349-930c-8740c0ce7c2a
1953D,,Washington Silver Quarter,Quarter,Quarter,Pending,,fcb0afd3-89aa-4e77-a044-71adab428594
1936,,Time Capsule Year Set,5-Coin Set,5-Coin Set,Pending,,fcc072f1-7848-49bc-9912-9a0542897c05
1999,,American Eagle,Dollar,Dollar,Pending,,fcc92317-dead-4e73-b974-1028fc249ca5
2024,D,U.S. Innovation Dollar,Dollar,Dollar,Pending,,fccd1a8c-630c-4ed5-9a42-b47647d0ae33
1905,O,Barber Series,Dime,Dime,Pending,,fcd83d74-fa4e-46a9-90fc-d9f33dd755ea
1903,O,Barber,Half Dollar,Half Dollar,Pending,,fcea3545-75be-4981-baad-82a36bf43f85
1820,,Capped Bust Half Dollar,Capped Bust Silver Half Dollar,Capped Bust Silver Half Dollar,Pending,,fcf206d2-4b2d-4b6a-aaa5-115a8a0cfad9
1940,D,Mercury Dime,Dime,Dime,Pending,,fcf46120-e5a2-4048-befe-c34fe54e0991
1972,S,Eisenhower Dollar,Dollar,Dollar,Pending,,fcf7c3d8-867d-41a7-a537-3e2e601b79e6
1847,,,Nickel,Nickel,Pending,,fd0317c7-99e7-4949-a58a-b6ff73403da6
1856,,Liberty Seated Silver Dime,Dime,Dime,Pending,,fd032ba9-fc7e-4133-9b4e-ce4cc0e8a81a
1960,,Washington Silver Quarter,Quarter,Quarter,Pending,,fd239c7b-0e7c-4972-9c40-217d3db7b618
2011,D,National Park Quarters,Quarter,Quarter,Pending,,fd27da61-d481-4a47-836a-96dfd076fb3d
2017,S,National Park Quarters,Quarter,Quarter,Pending,,fd354283-2c1f-4b33-861a-dccda477e499
1861,S,Seated Liberty Half Dollar,Seated Liberty Silver Half Dollar,Seated Liberty Silver Half Dollar,Pending,,fd3a4708-cb54-4068-be75-bbb6fe83d003
,,THE CELEBRATING AMERICA COIN COLLECTION Shipment 21, THE CELEBRATING AMERICA COIN COLLECTION Shipment 21,,Pending,,fd3c9cde-26d5-4256-99ce-a03b27f20329
2014S,,Presidential Dollars,1,1,Pending,,fd4c6e9f-d75d-4fa5-a6e0-93568603685a
1942,P,Wartime Nickel,Nickel,Nickel,Pending,,fd4d4613-bd83-4e8b-bfe2-42f0d66f8c4a
1899,PENDING,Barber Series,Dime,Dime,Pending,,fd69a1fc-d49f-4a17-a73e-b8c6db032290
1871,,,1871,,Pending,,fd921ba5-a126-4394-87f3-942ab6df3cae
2009S,,Presidential Dollars,1,1,Pending,,fd9584e3-b27f-4047-aaf2-a85f77bcc377
1972D,,Washington Silver Quarter,Quarter,Quarter,Pending,,fda0d1b2-3360-4237-b116-cf2e66b37865
1916,,Lincoln Wheat Cent,Penny,Penny,Pending,,fdb53103-16cf-4500-ad3b-d5bef8a70d7a
2015P,,Presidential Dollars,1,1,Pending,,fdca0bf4-c930-428c-8d09-d9feaeb20afe
1986,,American Eagle,Dollar,Dollar,Pending,,fddd53c6-6c55-4a19-ad6c-5208308f78d6
1858,O,Liberty Seated Silver Dime,Dime,Dime,Pending,,fde665e8-06f1-4bc6-8eb4-f711450f602d
1882,CC,Morgan Silver Dollar,Dollar,Dollar,Pending,,fdf6d02e-fc4d-4351-9b6a-74a3ab911b8f
1926,S,Lincoln Cent Series,Penny,Penny,Pending,,fdfd82b8-a40e-4e58-9917-d5a5dcc4304f
2007D,,Presidential Dollars,1,1,Pending,,fe09ca56-4364-4a32-9270-2b3146e961a9
1927,,Lincoln Wheat Cent Series,Penny,Penny,Pending,,fe0b2987-6bec-4ed3-9efa-7cabb1d57a35
1969,D,Lincoln Head Penny,Penny,Penny,Pending,,fe10c48d-e964-4efe-918d-1476942128d0
1954D,,Roosevelt Dimes,Dime,Dime,Pending,,fe155ea0-31c4-4d28-ad7b-cb7eb6df598a
1973,S,Lincoln Head Penny,Penny,Penny,Pending,,fe1bf3ff-74a8-4ac7-b41a-90bfd4264366
1993,,THE U.S. NICKEL COLLECTION,Nickel,Nickel,Pending,,fe1f97a1-179b-47f2-9b43-efa03b2b79a0
2020,D,Kennedy Half Dollar Series,Kennedy Half Dollar,Kennedy Half Dollar,Pending,,fe212e21-b6e8-4890-8c7b-4cae811b4407
1985D,,Roosevelt Dimes,Dime,Dime,Pending,,fe2d0a93-1e99-4596-8889-eff1a0ad29c5
1856,,Liberty Seated Silver Dime,Dime,Dime,Pending,,fe37852d-fa5e-4fae-a5ef-3064ab85c7db
1931,,Lincoln Cent,Penny,Penny,Pending,,fe65cc7c-cd4a-4f28-a88f-a8cbd3dead84
2020,D,Native American Dollar,1 Dollar,1 Dollar,Pending,,fe719139-d6ce-4593-9591-5922f17691bb
1917,D,Liberty Walking Half Dollar,Half Dollar,Half Dollar,Pending,,fe771e02-8539-4eef-896a-5ccb803dff42
1922,D,Lincoln Cent,Penny,Penny,Pending,,feb9a51a-9159-45ea-8ab7-3c95faf10c41
2007S,,State and Territory Quarters,Quarter,Quarter,Pending,,fec85117-537b-4ecf-94b5-ad08414f5570
1939,D,Lincoln Cent,Penny,Penny,Pending,,fefd2e3c-efc0-46ad-83fd-833f504bbd74
1807,,Draped Bust Silver Quarter Series,Draped Bust Silver Quarter,Draped Bust Silver Quarter,Pending,,ff1b0cbf-eb90-4502-b450-504458f709df
1909,D,Barber Silver Quarters,25 Cents,25 Cents,Pending,,ff28cde5-d91a-4a8f-8212-eb823a8ab319
2013,W,American Eagle,Dollar,Dollar,Pending,,ff2dbd8a-f5ec-4f6d-9c05-b7584fee6c97
1999P,,State and Territory Quarters,Quarter,Quarter,Pending,,ff303e44-63e7-4e6b-9d0e-22b923e5a5e4
1951,,Washington Silver Quarter,Quarter,Quarter,Pending,,ff33b48b-1b6f-4916-bbad-f402a679dc96
2021,S,Native American Dollar,1 Dollar,1 Dollar,Pending,,ff484ed8-0c67-4dc6-ad30-0c4db8e294de
1910,,,Barber Silver Dime,Barber Silver Dime,Pending,,ff4f0635-3e6f-4ad8-8521-90419e6c6f07
2015,,American Eagle,Dollar,Dollar,Pending,,ff4f469a-c554-4d73-87a4-ac0c39a1f9ad
2023,P,U.S. Innovation Dollar Program,U.S. Innovation Dollar,U.S. Innovation Dollar,Pending,,ff5941f0-64d7-489e-9571-9831f2014574
1999P,,State and Territory Quarters,Quarter,Quarter,Pending,,ff5cabba-b86f-4ee8-b676-5cfa3d311c8a
1931,,Mercury Dime,Dime,Dime,Pending,,ff62d955-1465-4043-a867-b1ae5e08fd87
1952,,Lincoln Wheat Cent,Penny,Penny,Pending,,ff6ae103-eaa9-4753-a6f7-7d39bc3d7b18
1927,S,Standing Liberty Silver Quarter,Quarter,Quarter,Pending,,ff6dd49b-6fcb-4c5d-bc9e-2652d6eec36e
1944S,,Washington Silver Quarter,Quarter,Quarter,Pending,,ff870be6-1069-4e05-8010-51007022fb86
2018,D,National Park Quarters,Quarter,Quarter,Pending,,ffa363b2-bce1-40b5-9ff6-f589e4b6c56d
2010P,,Presidential Dollars,1,1,Pending,,ffa6bd05-e255-4c1c-9af5-79f48645151d
1984,D,Lincoln Cent Series,Penny,Penny,Pending,,ffba50c4-ef62-4f81-af5a-42ea2f757ea2
2013,S,National Park Quarters,Quarter,Quarter,Pending,,ffbdd5e1-6941-4730-a86d-6c05d5e20c93
1950,,Lincoln Wheat Cent Series,Penny,Penny,Pending,,ffc1c3c1-ab94-43b6-8d1b-eb953c002c3a
2005D,,State and Territory Quarters,Quarter,Quarter,Pending,,ffec76ba-0667-46ac-ada1-f1d65b7787a2
