"Name","RelPath"
"$1_Silver_Eagle_Type_2_Reverse_attr_US_Mint.png","AJ's\$1_Silver_Eagle_Type_2_Reverse_attr_US_Mint.png"
"1795-draped-bust-liberty-dollar-obverse.jpg","US Mint\Bulk_Scrape\Dollar\1795-draped-bust-liberty-dollar-obverse.jpg"
"1796-draped-bust-quarter-obverse.jpg","US Mint\Bulk_Scrape\Generic_Quarters\1796-draped-bust-quarter-obverse.jpg"
"1804%20silver%20dollar%20reverse.jpg","US Mint\Bulk_Scrape\Dollar\1804%20silver%20dollar%20reverse.jpg"
"1804-dollar-gold-obverse.jpg","US Mint\HighRes_Scrape\1804-dollar-gold-obverse.jpg"
"1804-dollar-gold-obverse.jpg","US Mint\Bulk_Scrape\Dollar\1804-dollar-gold-obverse.jpg"
"1804-dollar-gold-reverse.jpg","US Mint\HighRes_Scrape\1804-dollar-gold-reverse.jpg"
"1804-dollar-gold-reverse.jpg","US Mint\Bulk_Scrape\Dollar\1804-dollar-gold-reverse.jpg"
"1804-Dollar-Silver-Medal-Obverse.jpg","US Mint\HighRes_Scrape\1804-Dollar-Silver-Medal-Obverse.jpg"
"1804-Dollar-Silver-Medal-Reverse.jpg","US Mint\HighRes_Scrape\1804-Dollar-Silver-Medal-Reverse.jpg"
"1819_cent_obv_Coronet large cent Matron Head_attr_US_Mint.jpg","AJ's\1819_cent_obv_Coronet large cent Matron Head_attr_US_Mint.jpg"
"1819_cent_rev_Coronet large cent Matron Head_attr_US_MINT.jpg","AJ's\1819_cent_rev_Coronet large cent Matron Head_attr_US_MINT.jpg"
"1822_25C_PR_(over_50C) Capped Bust_attr_National_Museum_of_American_History.jpg","AJ's\1822_25C_PR_(over_50C) Capped Bust_attr_National_Museum_of_American_History.jpg"
"1822_25C_PR_(over_50C)_Capped_Bust_attr_National_Museum_of_American_History.jpg","wikipedia\historic_quarters\1822_25C_PR_(over_50C)_Capped_Bust_attr_National_Museum_of_American_History.jpg"
"1822_50C_PR Capped Bust Half Dollar_attr_National_Museum_of_American_History.jpg","AJ's\1822_50C_PR Capped Bust Half Dollar_attr_National_Museum_of_American_History.jpg"
"1822_50C_PR_Capped Bust_attr_National_Museum_of_American_History.jpg","wikipedia\historic_quarters\1822_50C_PR_Capped Bust_attr_National_Museum_of_American_History.jpg"
"1831-5C_(clashed_reverse_die) Capped Bust_attr_National_Museum_of_American_History.jpg","wikipedia\historic_quarters\1831-5C_(clashed_reverse_die) Capped Bust_attr_National_Museum_of_American_History.jpg"
"1831-5C_(clashed_reverse_die)_Capped Bust _attr_National_Museum_of_American_History.jpg","AJ's\1831-5C_(clashed_reverse_die)_Capped Bust _attr_National_Museum_of_American_History.jpg"
"1834_10C_PR_(large_4) Capped Bust Dime _attr_National_Museum_of_American_History.jpg","AJ's\1834_10C_PR_(large_4) Capped Bust Dime _attr_National_Museum_of_American_History.jpg"
"1834_10C_PR_(large_4)_Capped Bust_attr_National_Museum_of_American_History.jpg","wikipedia\historic_quarters\1834_10C_PR_(large_4)_Capped Bust_attr_National_Museum_of_American_History.jpg"
"1836_P$1_Gobrecht_Name_Below_Base_(Judd-58,_Restrike)_attr_Heritage_Auctions.jpg","wikipedia\historic_quarters\1836_P$1_Gobrecht_Name_Below_Base_(Judd-58,_Restrike)_attr_Heritage_Auctions.jpg"
"1837_cent_obv_Coronet large cent Matron Head_attr_NGC.jpg","AJ's\1837_cent_obv_Coronet large cent Matron Head_attr_NGC.jpg"
"1838-capped-liberty-quarter-obverse.jpg","US Mint\Bulk_Scrape\Generic_Quarters\1838-capped-liberty-quarter-obverse.jpg"
"1838-seated-liberty-quarter-obverse.jpg","US Mint\Bulk_Scrape\Generic_Quarters\1838-seated-liberty-quarter-obverse.jpg"
"1839_Braided_Hair_cent_obverse_Coronet large cent_attr_NGC.jpg","AJ's\1839_Braided_Hair_cent_obverse_Coronet large cent_attr_NGC.jpg"
"1855_cent_obv_Coronet large cent Braided Hair_attr_US_MINT.jpg","AJ's\1855_cent_obv_Coronet large cent Braided Hair_attr_US_MINT.jpg"
"1855_cent_rev_Coronet large cent Braided Hair_attr_US_MINT.jpg","AJ's\1855_cent_rev_Coronet large cent Braided Hair_attr_US_MINT.jpg"
"1859-O_$1 Seated Liberty _attr_Heritage_Auctions.jpg","wikipedia\historic_quarters\1859-O_$1 Seated Liberty _attr_Heritage_Auctions.jpg"
"1859-O_$1_Seated Liberty_attr_Heritage_Auctions.jpg","wikipedia\historic_quarters\1859-O_$1_Seated Liberty_attr_Heritage_Auctions.jpg"
"1871_Proof_Seated_Liberty_dollar_reverse__attr__Lost_Dutchman_Rare_Coins.jpg","wikipedia\historic_quarters\1871_Proof_Seated_Liberty_dollar_reverse__attr__Lost_Dutchman_Rare_Coins.jpg"
"1873-seated-liberty-silver-dollar-obverse.jpg","US Mint\Bulk_Scrape\Dollar\1873-seated-liberty-silver-dollar-obverse.jpg"
"1873-seated-liberty-silver-dollar-reverse.jpg","US Mint\Bulk_Scrape\Dollar\1873-seated-liberty-silver-dollar-reverse.jpg"
"1892-barber-quarter-obverse.jpg","US Mint\Bulk_Scrape\Generic_Quarters\1892-barber-quarter-obverse.jpg"
"1892-columbian-exposition-commemorative-silver-half-dollar-coin-reverse.jpg","US Mint\Bulk_Scrape\Commemoratives_All\1892-columbian-exposition-commemorative-silver-half-dollar-coin-reverse.jpg"
"1893-queen-isabella-commemorative-silver-quarter-dollar-coin-obverse.jpg","US Mint\Bulk_Scrape\Commemoratives_All\1893-queen-isabella-commemorative-silver-quarter-dollar-coin-obverse.jpg"
"1907-double-eagle-background.jpg","US Mint\Bulk_Scrape\Gold_Eagles\1907-double-eagle-background.jpg"
"1907-indian-head-gold-eagle-reverse.jpg","US Mint\Bulk_Scrape\Gold_Eagles\1907-indian-head-gold-eagle-reverse.jpg"
"1907-saint-gaudens-semiq-gold-obverse.jpg","US Mint\HighRes_Scrape\1907-saint-gaudens-semiq-gold-obverse.jpg"
"1907-saint-gaudens-semiq-gold-reverse.jpg","US Mint\HighRes_Scrape\1907-saint-gaudens-semiq-gold-reverse.jpg"
"1908-indian-head-quarter-eagle-reverse.jpg","US Mint\Bulk_Scrape\Gold_Eagles\1908-indian-head-quarter-eagle-reverse.jpg"
"1913-buffalo-nickel-obverse.jpg","US Mint\Bulk_Scrape\Nickel\1913-buffalo-nickel-obverse.jpg"
"1916%20Standing%20Liberty%20Quarter%20Obverse%20Philadelphia.jpg","US Mint\Bulk_Scrape\Generic_Quarters\1916%20Standing%20Liberty%20Quarter%20Obverse%20Philadelphia.jpg"
"1916%20Walking%20Liberty%20Half%20Dollar%20Obverse%20Philadelphia.jpg","US Mint\Bulk_Scrape\Half_Dollar\1916%20Walking%20Liberty%20Half%20Dollar%20Obverse%20Philadelphia.jpg"
"1916%20Walking%20Liberty%20Half%20Dollar%20Reverse.jpg","US Mint\Bulk_Scrape\Half_Dollar\1916%20Walking%20Liberty%20Half%20Dollar%20Reverse.jpg"
"1916_Standing_Liberty_quarter_obverse_1__attr__Lost_Dutchman_Rare_Coins.png","wikipedia\historic_quarters\1916_Standing_Liberty_quarter_obverse_1__attr__Lost_Dutchman_Rare_Coins.png"
"1916_Standing_Liberty_quarter_reverse__attr__Lost_Dutchman_Rare_Coins.jpg","wikipedia\historic_quarters\1916_Standing_Liberty_quarter_reverse__attr__Lost_Dutchman_Rare_Coins.jpg"
"1916-Mercury-Dime-Obverse-Denver.jpg","US Mint\Bulk_Scrape\Dime\1916-Mercury-Dime-Obverse-Denver.jpg"
"1916-Mercury-Dime-Reverse-Denver.jpg","US Mint\Bulk_Scrape\Dime\1916-Mercury-Dime-Reverse-Denver.jpg"
"1919-buffalo-nickel-reverse-2000x2000.jpg","US Mint\Bulk_Scrape\Nickel\1919-buffalo-nickel-reverse-2000x2000.jpg"
"1932-george-washington-quarter-obverse.jpg","US Mint\Bulk_Scrape\Generic_Quarters\1932-george-washington-quarter-obverse.jpg"
"1942-philadelphia-nickel-reverse.jpg","US Mint\Bulk_Scrape\Nickel\1942-philadelphia-nickel-reverse.jpg"
"1943-penny-reverse.jpg","US Mint\Bulk_Scrape\Penny\1943-penny-reverse.jpg"
"1943-steel-penny-obverse.jpg","US Mint\Bulk_Scrape\Penny\1943-steel-penny-obverse.jpg"
"1946-booker-t-washington-commemorative-silver-half-dollar-coin-obverse.jpg","US Mint\Bulk_Scrape\Commemoratives_All\1946-booker-t-washington-commemorative-silver-half-dollar-coin-obverse.jpg"
"1946-iowa-statehood-centennial-commemorative-silver-half-dollar-coin-reverse.jpg","US Mint\Bulk_Scrape\Commemoratives_All\1946-iowa-statehood-centennial-commemorative-silver-half-dollar-coin-reverse.jpg"
"1952-george-w-carver-booker-t-washington-commemorative-silver-half-dollar-coin-obverse.jpg","US Mint\Bulk_Scrape\Commemoratives_All\1952-george-w-carver-booker-t-washington-commemorative-silver-half-dollar-coin-obverse.jpg"
"1974-Gerald-Ford-Mary-Brooks-First-Strike.jpg","US Mint\Bulk_Scrape\Bicentennial_Retry\1974-Gerald-Ford-Mary-Brooks-First-Strike.jpg"
"1975-1975%20kennedy%20half%20dollar%20obverse.jpg","US Mint\Bulk_Scrape\Bicentennial_Retry\1975-1975%20kennedy%20half%20dollar%20obverse.jpg"
"1975-1975%20kennedy%20half%20dollar%20obverse.jpg","US Mint\Bulk_Scrape\Half_Dollar\1975-1975%20kennedy%20half%20dollar%20obverse.jpg"
"1975-1976%20bicentennial%20quarter%20obverse.jpg","US Mint\Bulk_Scrape\Bicentennial\1975-1976%20bicentennial%20quarter%20obverse.jpg"
"1975-1976%20bicentennial%20quarter%20obverse.jpg","US Mint\Bulk_Scrape\Bicentennial_Retry\1975-1976%20bicentennial%20quarter%20obverse.jpg"
"1976-anthony-wayne-medal-obverse2000x2000.jpg","US Mint\Bulk_Scrape\Bicentennial_Retry\1976-anthony-wayne-medal-obverse2000x2000.jpg"
"1976-anthony-wayne-medal-reverse2000x2000.jpg","US Mint\Bulk_Scrape\Bicentennial_Retry\1976-anthony-wayne-medal-reverse2000x2000.jpg"
"1976-army-medal-obverse1050x1050.jpg","US Mint\Bulk_Scrape\Bicentennial_Retry\1976-army-medal-obverse1050x1050.jpg"
"1976-army-medal-reverse1050x1050.jpg","US Mint\Bulk_Scrape\Bicentennial_Retry\1976-army-medal-reverse1050x1050.jpg"
"1976-bicentennial-dollar-reverse.jpg","US Mint\Bulk_Scrape\Bicentennial_Retry\1976-bicentennial-dollar-reverse.jpg"
"1976-bicentennial-dollar-reverse.jpg","US Mint\Bulk_Scrape\Dollar\1976-bicentennial-dollar-reverse.jpg"
"1976-bicentennial-dollar-reverse.jpg","US Mint\Bulk_Scrape\Bicentennial\1976-bicentennial-dollar-reverse.jpg"
"1976-bicentennial-half-dollar-reverse.jpg","US Mint\Bulk_Scrape\Bicentennial_Retry\1976-bicentennial-half-dollar-reverse.jpg"
"1976-bicentennial-half-dollar-reverse.jpg","US Mint\Bulk_Scrape\Bicentennial\1976-bicentennial-half-dollar-reverse.jpg"
"1976-bicentennial-half-dollar-reverse.jpg","US Mint\Bulk_Scrape\Half_Dollar\1976-bicentennial-half-dollar-reverse.jpg"
"1976-bicentennial-quarter-reverse.jpg","US Mint\Bulk_Scrape\Bicentennial_Retry\1976-bicentennial-quarter-reverse.jpg"
"1976-bicentennial-quarter-reverse.jpg","US Mint\Bulk_Scrape\Generic_Quarters\1976-bicentennial-quarter-reverse.jpg"
"1976-bicentennial-quarter-reverse.jpg","US Mint\Bulk_Scrape\Bicentennial\1976-bicentennial-quarter-reverse.jpg"
"1976-daniel-morgan-medal-obverse2000x2000.jpg","US Mint\Bulk_Scrape\Bicentennial_Retry\1976-daniel-morgan-medal-obverse2000x2000.jpg"
"1976-daniel-morgan-medal-reverse2000x2000.jpg","US Mint\Bulk_Scrape\Bicentennial_Retry\1976-daniel-morgan-medal-reverse2000x2000.jpg"
"1976-de-fleury-medal-obverse2000x2000.jpg","US Mint\Bulk_Scrape\Bicentennial_Retry\1976-de-fleury-medal-obverse2000x2000.jpg"
"1976-de-fleury-medal-reverse2000x2000.jpg","US Mint\Bulk_Scrape\Bicentennial_Retry\1976-de-fleury-medal-reverse2000x2000.jpg"
"1976-eisenhower-dollar-obverse.jpg","US Mint\Bulk_Scrape\Dollar\1976-eisenhower-dollar-obverse.jpg"
"1976-eisenhower-dollar-obverse.jpg","US Mint\Bulk_Scrape\Bicentennial_Retry\1976-eisenhower-dollar-obverse.jpg"
"1976-henry-lee-medal-obverse2000x2000.jpg","US Mint\Bulk_Scrape\Bicentennial_Retry\1976-henry-lee-medal-obverse2000x2000.jpg"
"1976-henry-lee-medal-reverse2000x2000.jpg","US Mint\Bulk_Scrape\Bicentennial_Retry\1976-henry-lee-medal-reverse2000x2000.jpg"
"1976-horatio-gates-medal-obverse2000x2000.jpg","US Mint\Bulk_Scrape\Bicentennial_Retry\1976-horatio-gates-medal-obverse2000x2000.jpg"
"1976-horatio-gates-medal-reverse2000x2000.jpg","US Mint\Bulk_Scrape\Bicentennial_Retry\1976-horatio-gates-medal-reverse2000x2000.jpg"
"1976-john-howard-medal-obverse2000x2000.jpg","US Mint\Bulk_Scrape\Bicentennial_Retry\1976-john-howard-medal-obverse2000x2000.jpg"
"1976-john-howard-medal-reverse2000x2000.jpg","US Mint\Bulk_Scrape\Bicentennial_Retry\1976-john-howard-medal-reverse2000x2000.jpg"
"1976-john-paul-jones-medal-obverse2000x2000.jpg","US Mint\Bulk_Scrape\Bicentennial_Retry\1976-john-paul-jones-medal-obverse2000x2000.jpg"
"1976-john-paul-jones-medal-reverse2000x2000.jpg","US Mint\Bulk_Scrape\Bicentennial_Retry\1976-john-paul-jones-medal-reverse2000x2000.jpg"
"1976-nathaniel-greene-medal-obverse2000x2000.jpg","US Mint\Bulk_Scrape\Bicentennial_Retry\1976-nathaniel-greene-medal-obverse2000x2000.jpg"
"1976-nathaniel-greene-medal-reverse2000x2000.jpg","US Mint\Bulk_Scrape\Bicentennial_Retry\1976-nathaniel-greene-medal-reverse2000x2000.jpg"
"1976-national-medal-gold-obverse.jpg","US Mint\Bulk_Scrape\Bicentennial_Retry\1976-national-medal-gold-obverse.jpg"
"1976-national-medal-gold-reverse.jpg","US Mint\Bulk_Scrape\Bicentennial_Retry\1976-national-medal-gold-reverse.jpg"
"1976-washington-boston-medal-obverse2000x2000.jpg","US Mint\Bulk_Scrape\Bicentennial_Retry\1976-washington-boston-medal-obverse2000x2000.jpg"
"1976-washington-boston-medal-reverse2000x2000.jpg","US Mint\Bulk_Scrape\Bicentennial_Retry\1976-washington-boston-medal-reverse2000x2000.jpg"
"1976-william-washington-medal-obverse2000x2000.jpg","US Mint\Bulk_Scrape\Bicentennial_Retry\1976-william-washington-medal-obverse2000x2000.jpg"
"1976-william-washington-medal-reverse2000x2000.jpg","US Mint\Bulk_Scrape\Bicentennial_Retry\1976-william-washington-medal-reverse2000x2000.jpg"
"1982-george-washington-commemorative-clad-half-dollar-obverse-2000x2000.jpg","US Mint\Bulk_Scrape\Commemoratives_All\1982-george-washington-commemorative-clad-half-dollar-obverse-2000x2000.jpg"
"1982-george-washington-commemorative-clad-half-dollar-obverse-2000x2000.jpg","US Mint\Bulk_Scrape\Commemoratives\1982-george-washington-commemorative-clad-half-dollar-obverse-2000x2000.jpg"
"1982-george-washington-commemorative-clad-half-dollar-reverse-2000x2000.jpg","US Mint\Bulk_Scrape\Commemoratives_All\1982-george-washington-commemorative-clad-half-dollar-reverse-2000x2000.jpg"
"1983-olympics-Los-Angeles-dollar-discus-throw-commemorative-silver-dollar-proof-obverse.jpg","US Mint\Bulk_Scrape\Commemoratives_All\1983-olympics-Los-Angeles-dollar-discus-throw-commemorative-silver-dollar-proof-obverse.jpg"
"1983-olympics-Los-Angeles-dollar-discus-throw-commemorative-silver-dollar-proof-obverse.jpg","US Mint\Bulk_Scrape\Commemoratives\1983-olympics-Los-Angeles-dollar-discus-throw-commemorative-silver-dollar-proof-obverse.jpg"
"1983-olympics-Los-Angeles-dollar-discus-throw-commemorative-silver-dollar-proof-reverse.jpg","US Mint\Bulk_Scrape\Commemoratives_All\1983-olympics-Los-Angeles-dollar-discus-throw-commemorative-silver-dollar-proof-reverse.jpg"
"1984_Olympic_Runners-Proof_Ten_Dollars_attr_National_Museum_of_American_History.jpg","AJ's\1984_Olympic_Runners-Proof_Ten_Dollars_attr_National_Museum_of_American_History.jpg"
"1984-olympics-Los-Angeles-coliseum-commemorative-silver-dollar-proof-obverse.jpg","US Mint\Bulk_Scrape\Commemoratives_All\1984-olympics-Los-Angeles-coliseum-commemorative-silver-dollar-proof-obverse.jpg"
"1984-olympics-Los-Angeles-coliseum-commemorative-silver-dollar-proof-reverse.jpg","US Mint\Bulk_Scrape\Commemoratives_All\1984-olympics-Los-Angeles-coliseum-commemorative-silver-dollar-proof-reverse.jpg"
"1984-olympics-los-angeles-runners-commemorative-gold-ten-dollar-proof-obverse.jpg","US Mint\Bulk_Scrape\Commemoratives_All\1984-olympics-los-angeles-runners-commemorative-gold-ten-dollar-proof-obverse.jpg"
"1984-olympics-los-angeles-runners-commemorative-gold-ten-dollar-proof-reverse.jpg","US Mint\Bulk_Scrape\Commemoratives_All\1984-olympics-los-angeles-runners-commemorative-gold-ten-dollar-proof-reverse.jpg"
"1986-statue-of-liberty-commemorative-clad-half-dollar-obverse-2000x2000.jpg","US Mint\Bulk_Scrape\Commemoratives_All\1986-statue-of-liberty-commemorative-clad-half-dollar-obverse-2000x2000.jpg"
"1986-statue-of-liberty-commemorative-clad-half-dollar-reverse-2000x2000.jpg","US Mint\Bulk_Scrape\Commemoratives_All\1986-statue-of-liberty-commemorative-clad-half-dollar-reverse-2000x2000.jpg"
"1986-statue-of-liberty-commemorative-gold-obverse-2000x2000.jpg","US Mint\Bulk_Scrape\Commemoratives_All\1986-statue-of-liberty-commemorative-gold-obverse-2000x2000.jpg"
"1986-statue-of-liberty-commemorative-gold-obverse-2000x2000.jpg","US Mint\Bulk_Scrape\Commemoratives\1986-statue-of-liberty-commemorative-gold-obverse-2000x2000.jpg"
"1986-statue-of-liberty-commemorative-gold-reverse-2000x2000.jpg","US Mint\Bulk_Scrape\Commemoratives_All\1986-statue-of-liberty-commemorative-gold-reverse-2000x2000.jpg"
"1986-statue-of-liberty-silver-dollar-proof-obverse.jpg","US Mint\Bulk_Scrape\Commemoratives_All\1986-statue-of-liberty-silver-dollar-proof-obverse.jpg"
"1986-statue-of-liberty-silver-dollar-proof-reverse.jpg","US Mint\Bulk_Scrape\Commemoratives_All\1986-statue-of-liberty-silver-dollar-proof-reverse.jpg"
"1987-constitution-bicentennial-commemorative-gold-five-dollar-proof-obverse.jpg","US Mint\Bulk_Scrape\Commemoratives_All\1987-constitution-bicentennial-commemorative-gold-five-dollar-proof-obverse.jpg"
"1987-constitution-bicentennial-commemorative-gold-five-dollar-proof-reverse.jpg","US Mint\Bulk_Scrape\Commemoratives_All\1987-constitution-bicentennial-commemorative-gold-five-dollar-proof-reverse.jpg"
"1987-constitution-bicentennial-silver-dollar-proof-obverse.jpg","US Mint\Bulk_Scrape\Commemoratives\1987-constitution-bicentennial-silver-dollar-proof-obverse.jpg"
"1987-constitution-bicentennial-silver-dollar-proof-obverse.jpg","US Mint\Bulk_Scrape\Commemoratives_All\1987-constitution-bicentennial-silver-dollar-proof-obverse.jpg"
"1987-constitution-bicentennial-silver-dollar-proof-reverse.jpg","US Mint\Bulk_Scrape\Commemoratives_All\1987-constitution-bicentennial-silver-dollar-proof-reverse.jpg"
"1988-olympics-seoul-korea-commemorative-silver-one-dollar-proof-obverse-768x723.jpg","US Mint\Bulk_Scrape\Commemoratives_All\1988-olympics-seoul-korea-commemorative-silver-one-dollar-proof-obverse-768x723.jpg"
"1988-olympics-seoul-korea-commemorative-silver-one-dollar-proof-reverse-768x739.jpg","US Mint\Bulk_Scrape\Commemoratives_All\1988-olympics-seoul-korea-commemorative-silver-one-dollar-proof-reverse-768x739.jpg"
"1988-olympics-seoul-korea-gold-fivedollar-uncirculated-obverse.jpg","US Mint\Bulk_Scrape\Commemoratives_All\1988-olympics-seoul-korea-gold-fivedollar-uncirculated-obverse.jpg"
"1988-olympics-seoul-korea-gold-fivedollar-uncirculated-reverse.jpg","US Mint\Bulk_Scrape\Commemoratives_All\1988-olympics-seoul-korea-gold-fivedollar-uncirculated-reverse.jpg"
"1989-congress-bicentennial-commemorative-clad-half-dollar-obverse-2000x2000.jpg","US Mint\Bulk_Scrape\Commemoratives_All\1989-congress-bicentennial-commemorative-clad-half-dollar-obverse-2000x2000.jpg"
"1989-congress-bicentennial-commemorative-clad-half-dollar-reverse-2000x2000.jpg","US Mint\Bulk_Scrape\Commemoratives_All\1989-congress-bicentennial-commemorative-clad-half-dollar-reverse-2000x2000.jpg"
"1989-congress-bicentennial-commemorative-silver-obverse-2000x2000.jpg","US Mint\Bulk_Scrape\Commemoratives_All\1989-congress-bicentennial-commemorative-silver-obverse-2000x2000.jpg"
"1989-congress-bicentennial-commemorative-silver-reverse-2000x2000.jpg","US Mint\Bulk_Scrape\Commemoratives_All\1989-congress-bicentennial-commemorative-silver-reverse-2000x2000.jpg"
"1989-congress-bicentennial-gold-obverse-2000x2000.jpg","US Mint\Bulk_Scrape\Commemoratives_All\1989-congress-bicentennial-gold-obverse-2000x2000.jpg"
"1989-congress-bicentennial-gold-reverse-2000x2000.jpg","US Mint\Bulk_Scrape\Commemoratives_All\1989-congress-bicentennial-gold-reverse-2000x2000.jpg"
"1990-eisenhower-obverse-2000x2000.jpg","US Mint\Bulk_Scrape\Commemoratives\1990-eisenhower-obverse-2000x2000.jpg"
"1990-eisenhower-obverse-2000x2000.jpg","US Mint\Bulk_Scrape\Commemoratives_All\1990-eisenhower-obverse-2000x2000.jpg"
"1990-eisenhower-reverse-2000x2000.jpg","US Mint\Bulk_Scrape\Commemoratives_All\1990-eisenhower-reverse-2000x2000.jpg"
"1991-1995-WWII-fiftieth-anniversary-commemorative-clad-half-dollar-proof-obverse.jpg","US Mint\Bulk_Scrape\Commemoratives_All\1991-1995-WWII-fiftieth-anniversary-commemorative-clad-half-dollar-proof-obverse.jpg"
"1991-1995-WWII-fiftieth-anniversary-commemorative-clad-half-dollar-proof-reverse.jpg","US Mint\Bulk_Scrape\Commemoratives_All\1991-1995-WWII-fiftieth-anniversary-commemorative-clad-half-dollar-proof-reverse.jpg"
"1991-korean-war-obverse-2000x2000.jpg","US Mint\Bulk_Scrape\Commemoratives\1991-korean-war-obverse-2000x2000.jpg"
"1991-korean-war-obverse-2000x2000.jpg","US Mint\Bulk_Scrape\Commemoratives_All\1991-korean-war-obverse-2000x2000.jpg"
"1991-korean-war-reverse-2000x2000.jpg","US Mint\Bulk_Scrape\Commemoratives_All\1991-korean-war-reverse-2000x2000.jpg"
"1991-mount-rushmore-commemorative-clad-half-dollar-obverse-2000x2000.jpg","US Mint\Bulk_Scrape\Commemoratives_All\1991-mount-rushmore-commemorative-clad-half-dollar-obverse-2000x2000.jpg"
"1991-mount-rushmore-commemorative-clad-half-dollar-obverse-2000x2000.jpg","US Mint\Bulk_Scrape\Commemoratives\1991-mount-rushmore-commemorative-clad-half-dollar-obverse-2000x2000.jpg"
"1991-mount-rushmore-commemorative-clad-half-dollar-reverse-2000x2000.jpg","US Mint\Bulk_Scrape\Commemoratives_All\1991-mount-rushmore-commemorative-clad-half-dollar-reverse-2000x2000.jpg"
"1991-mount-rushmore-commemorative-gold-obverse-2000x2000.jpg","US Mint\Bulk_Scrape\Commemoratives_All\1991-mount-rushmore-commemorative-gold-obverse-2000x2000.jpg"
"1991-mount-rushmore-commemorative-gold-reverse-2000x2000.jpg","US Mint\Bulk_Scrape\Commemoratives_All\1991-mount-rushmore-commemorative-gold-reverse-2000x2000.jpg"
"1991-mount-rushmore-silver-dollar-obverse-2000x2000.jpg","US Mint\Bulk_Scrape\Commemoratives_All\1991-mount-rushmore-silver-dollar-obverse-2000x2000.jpg"
"1991-mount-rushmore-silver-dollar-reverse-2000x2000.jpg","US Mint\Bulk_Scrape\Commemoratives_All\1991-mount-rushmore-silver-dollar-reverse-2000x2000.jpg"
"1991-USO-50th-Anniversary-Silver-Dollar-Proof-Obverse.jpg","US Mint\Bulk_Scrape\Commemoratives_All\1991-USO-50th-Anniversary-Silver-Dollar-Proof-Obverse.jpg"
"1991-USO-50th-Anniversary-Silver-Dollar-Proof-Reverse.jpg","US Mint\Bulk_Scrape\Commemoratives_All\1991-USO-50th-Anniversary-Silver-Dollar-Proof-Reverse.jpg"
"1991-wwii-gold-obverse-2000x2000.jpg","US Mint\Bulk_Scrape\Commemoratives_All\1991-wwii-gold-obverse-2000x2000.jpg"
"1991-wwii-gold-reverse-2000x2000.jpg","US Mint\Bulk_Scrape\Commemoratives_All\1991-wwii-gold-reverse-2000x2000.jpg"
"1992-christopher-columbus-commemorative-clad-proof-obverse-2000x2000.jpg","US Mint\Bulk_Scrape\Commemoratives_All\1992-christopher-columbus-commemorative-clad-proof-obverse-2000x2000.jpg"
"1992-christopher-columbus-commemorative-clad-proof-reverse-2000x2000.jpg","US Mint\Bulk_Scrape\Commemoratives_All\1992-christopher-columbus-commemorative-clad-proof-reverse-2000x2000.jpg"
"1992-christopher-columbus-commemorative-gold-proof-obverse-2000x2000.jpg","US Mint\Bulk_Scrape\Commemoratives_All\1992-christopher-columbus-commemorative-gold-proof-obverse-2000x2000.jpg"
"1992-christopher-columbus-commemorative-gold-proof-reverse-2000x2000.jpg","US Mint\Bulk_Scrape\Commemoratives_All\1992-christopher-columbus-commemorative-gold-proof-reverse-2000x2000.jpg"
"1992-christopher-columbus-commemorative-silver-proof-obverse-2000x2000.jpg","US Mint\Bulk_Scrape\Commemoratives_All\1992-christopher-columbus-commemorative-silver-proof-obverse-2000x2000.jpg"
"1992-christopher-columbus-commemorative-silver-proof-reverse-2000x2000.jpg","US Mint\Bulk_Scrape\Commemoratives_All\1992-christopher-columbus-commemorative-silver-proof-reverse-2000x2000.jpg"
"1992-olympics-france-and-spain-commemorative-clad-half-dollar-proof-obverse-768x768.jpg","US Mint\Bulk_Scrape\Commemoratives_All\1992-olympics-france-and-spain-commemorative-clad-half-dollar-proof-obverse-768x768.jpg"
"1992-olympics-france-and-spain-commemorative-clad-half-dollar-proof-reverse-768x768.jpg","US Mint\Bulk_Scrape\Commemoratives_All\1992-olympics-france-and-spain-commemorative-clad-half-dollar-proof-reverse-768x768.jpg"
"1992-olympics-france-and-spain-commemorative-gold-five-dollar-proof-obverse.jpg","US Mint\Bulk_Scrape\Commemoratives_All\1992-olympics-france-and-spain-commemorative-gold-five-dollar-proof-obverse.jpg"
"1992-olympics-france-and-spain-commemorative-gold-five-dollar-proof-reverse.jpg","US Mint\Bulk_Scrape\Commemoratives_All\1992-olympics-france-and-spain-commemorative-gold-five-dollar-proof-reverse.jpg"
"1992-olympics-france-and-spain-commemorative-silver-one-dollar-proof-obverse.jpg","US Mint\Bulk_Scrape\Commemoratives_All\1992-olympics-france-and-spain-commemorative-silver-one-dollar-proof-obverse.jpg"
"1992-olympics-france-and-spain-commemorative-silver-one-dollar-proof-reverse.jpg","US Mint\Bulk_Scrape\Commemoratives_All\1992-olympics-france-and-spain-commemorative-silver-one-dollar-proof-reverse.jpg"
"1992-White-House-200th-Silver-Dollar-Proof-Obverse.jpg","US Mint\Bulk_Scrape\Commemoratives_All\1992-White-House-200th-Silver-Dollar-Proof-Obverse.jpg"
"1992-White-House-200th-Silver-Dollar-Proof-Reverse.jpg","US Mint\Bulk_Scrape\Commemoratives_All\1992-White-House-200th-Silver-Dollar-Proof-Reverse.jpg"
"1993-bill-of-rights-clad-half-dollar-obverse-2000x2000.jpg","US Mint\Bulk_Scrape\Commemoratives_All\1993-bill-of-rights-clad-half-dollar-obverse-2000x2000.jpg"
"1993-bill-of-rights-clad-half-dollar-reverse-2000x2000.jpg","US Mint\Bulk_Scrape\Commemoratives_All\1993-bill-of-rights-clad-half-dollar-reverse-2000x2000.jpg"
"1993-bill-of-rights-gold-coin-obverse-2000x2000.jpg","US Mint\Bulk_Scrape\Commemoratives_All\1993-bill-of-rights-gold-coin-obverse-2000x2000.jpg"
"1993-bill-of-rights-gold-coin-reverse-2000x2000.jpg","US Mint\Bulk_Scrape\Commemoratives_All\1993-bill-of-rights-gold-coin-reverse-2000x2000.jpg"
"1993-bill-of-rights-silver-dollar-obverse-2000x2000.jpg","US Mint\Bulk_Scrape\Commemoratives_All\1993-bill-of-rights-silver-dollar-obverse-2000x2000.jpg"
"1993-bill-of-rights-silver-dollar-reverse-2000x2000.jpg","US Mint\Bulk_Scrape\Commemoratives_All\1993-bill-of-rights-silver-dollar-reverse-2000x2000.jpg"
"1993-thomas-jefferson-two-hundred-fiftieth-anniversary-silver-dollar-obverse.jpg","US Mint\Bulk_Scrape\Commemoratives_All\1993-thomas-jefferson-two-hundred-fiftieth-anniversary-silver-dollar-obverse.jpg"
"1993-thomas-jefferson-two-hundred-fiftieth-anniversary-silver-dollar-reverse.jpg","US Mint\Bulk_Scrape\Commemoratives_All\1993-thomas-jefferson-two-hundred-fiftieth-anniversary-silver-dollar-reverse.jpg"
"1993-world-war-ii-silver-dollar-obverse-2000x2000.jpg","US Mint\Bulk_Scrape\Commemoratives_All\1993-world-war-ii-silver-dollar-obverse-2000x2000.jpg"
"1993-world-war-ii-silver-dollar-reverse-2000x2000.jpg","US Mint\Bulk_Scrape\Commemoratives_All\1993-world-war-ii-silver-dollar-reverse-2000x2000.jpg"
"1994-capitol-commemorative-obverse2000x2000.jpg","US Mint\Bulk_Scrape\Commemoratives_All\1994-capitol-commemorative-obverse2000x2000.jpg"
"1994-capitol-commemorative-reverse2000x2000.jpg","US Mint\Bulk_Scrape\Commemoratives_All\1994-capitol-commemorative-reverse2000x2000.jpg"
"1994-united-states-prisoner-of-war-commemorative-silver-one-dollar-proof-obverse.jpg","US Mint\Bulk_Scrape\Commemoratives_All\1994-united-states-prisoner-of-war-commemorative-silver-one-dollar-proof-obverse.jpg"
"1994-united-states-prisoner-of-war-commemorative-silver-one-dollar-proof-reverse.jpg","US Mint\Bulk_Scrape\Commemoratives_All\1994-united-states-prisoner-of-war-commemorative-silver-one-dollar-proof-reverse.jpg"
"1994-vietnam-veterans-war-memorial-commemorative-silver-dollar-proof-obverse.jpg","US Mint\Bulk_Scrape\Commemoratives_All\1994-vietnam-veterans-war-memorial-commemorative-silver-dollar-proof-obverse.jpg"
"1994-vietnam-veterans-war-memorial-commemorative-silver-dollar-proof-reverse.jpg","US Mint\Bulk_Scrape\Commemoratives_All\1994-vietnam-veterans-war-memorial-commemorative-silver-dollar-proof-reverse.jpg"
"1994-women-in-military-service-for-america-commemorative-silver-one-dollar-proof-obverse.jpg","US Mint\Bulk_Scrape\Commemoratives_All\1994-women-in-military-service-for-america-commemorative-silver-one-dollar-proof-obverse.jpg"
"1994-women-in-military-service-for-america-commemorative-silver-one-dollar-proof-reverse.jpg","US Mint\Bulk_Scrape\Commemoratives_All\1994-women-in-military-service-for-america-commemorative-silver-one-dollar-proof-reverse.jpg"
"1994-World-Cup-Five-Dollar-Gold-Proof-Obverse.jpg","US Mint\Bulk_Scrape\Commemoratives_All\1994-World-Cup-Five-Dollar-Gold-Proof-Obverse.jpg"
"1994-World-Cup-Five-Dollar-Gold-Proof-Reverse.jpg","US Mint\Bulk_Scrape\Commemoratives_All\1994-World-Cup-Five-Dollar-Gold-Proof-Reverse.jpg"
"1994-World-Cup-Half-Dollar-Proof-Obverse.jpg","US Mint\Bulk_Scrape\Commemoratives_All\1994-World-Cup-Half-Dollar-Proof-Obverse.jpg"
"1994-World-Cup-Half-Dollar-Proof-Reverse.jpg","US Mint\Bulk_Scrape\Commemoratives_All\1994-World-Cup-Half-Dollar-Proof-Reverse.jpg"
"1994-World-Cup-Silver-Dollar-Proof-Obverse.jpg","US Mint\Bulk_Scrape\Commemoratives_All\1994-World-Cup-Silver-Dollar-Proof-Obverse.jpg"
"1994-World-Cup-Silver-Dollar-Proof-Obverse.jpg","US Mint\Bulk_Scrape\Commemoratives\1994-World-Cup-Silver-Dollar-Proof-Obverse.jpg"
"1994-World-Cup-Silver-Dollar-Proof-Reverse.jpg","US Mint\Bulk_Scrape\Commemoratives_All\1994-World-Cup-Silver-Dollar-Proof-Reverse.jpg"
"1995-Centennial-Olympics-Cycling-Dollar-Obverse.jpg","US Mint\Bulk_Scrape\Commemoratives_All\1995-Centennial-Olympics-Cycling-Dollar-Obverse.jpg"
"1995-Centennial-Olympics-Cycling-Dollar-Reverse.jpg","US Mint\Bulk_Scrape\Commemoratives_All\1995-Centennial-Olympics-Cycling-Dollar-Reverse.jpg"
"1995-Centennial-Olympics-Gymnastics-Dollar-Obverse.jpg","US Mint\Bulk_Scrape\Commemoratives_All\1995-Centennial-Olympics-Gymnastics-Dollar-Obverse.jpg"
"1995-Centennial-Olympics-Gymnastics-Dollar-Reverse.jpg","US Mint\Bulk_Scrape\Commemoratives_All\1995-Centennial-Olympics-Gymnastics-Dollar-Reverse.jpg"
"1995-Centennial-Olympics-Paralympics-Dollar-Obverse.jpg","US Mint\Bulk_Scrape\Commemoratives_All\1995-Centennial-Olympics-Paralympics-Dollar-Obverse.jpg"
"1995-Centennial-Olympics-Paralympics-Dollar-Reverse.jpg","US Mint\Bulk_Scrape\Commemoratives_All\1995-Centennial-Olympics-Paralympics-Dollar-Reverse.jpg"
"1995-Centennial-Olympics-Stadium-5-Obverse.jpg","US Mint\Bulk_Scrape\Commemoratives_All\1995-Centennial-Olympics-Stadium-5-Obverse.jpg"
"1995-Centennial-Olympics-Stadium-5-Reverse.jpg","US Mint\Bulk_Scrape\Commemoratives_All\1995-Centennial-Olympics-Stadium-5-Reverse.jpg"
"1995-Centennial-Olympics-Torch-5-Obverse.jpg","US Mint\Bulk_Scrape\Commemoratives_All\1995-Centennial-Olympics-Torch-5-Obverse.jpg"
"1995-Centennial-Olympics-Torch-5-Reverse.jpg","US Mint\Bulk_Scrape\Commemoratives_All\1995-Centennial-Olympics-Torch-5-Reverse.jpg"
"1995-Centennial-Olympics-TrackField-Obverse.jpg","US Mint\Bulk_Scrape\Commemoratives_All\1995-Centennial-Olympics-TrackField-Obverse.jpg"
"1995-Centennial-Olympics-TrackField-Reverse.jpg","US Mint\Bulk_Scrape\Commemoratives_All\1995-Centennial-Olympics-TrackField-Reverse.jpg"
"1995-civil-war-battlefield-commemorative-clad-half-dollar-uncirculated-obverse.jpg","US Mint\Bulk_Scrape\Commemoratives_All\1995-civil-war-battlefield-commemorative-clad-half-dollar-uncirculated-obverse.jpg"
"1995-civil-war-battlefield-commemorative-clad-half-dollar-uncirculated-reverse.jpg","US Mint\Bulk_Scrape\Commemoratives_All\1995-civil-war-battlefield-commemorative-clad-half-dollar-uncirculated-reverse.jpg"
"1995-civil-war-battlefield-commemorative-gold-five-dollar-uncirculated-obverse.jpg","US Mint\Bulk_Scrape\Commemoratives_All\1995-civil-war-battlefield-commemorative-gold-five-dollar-uncirculated-obverse.jpg"
"1995-civil-war-battlefield-commemorative-gold-five-dollar-uncirculated-reverse.jpg","US Mint\Bulk_Scrape\Commemoratives_All\1995-civil-war-battlefield-commemorative-gold-five-dollar-uncirculated-reverse.jpg"
"1995-civil-war-battlefield-silver-dollar-proof-obverse-1200x1200.jpg","US Mint\Bulk_Scrape\Commemoratives_All\1995-civil-war-battlefield-silver-dollar-proof-obverse-1200x1200.jpg"
"1995-civil-war-battlefield-silver-dollar-proof-reverse-1200x1200.jpg","US Mint\Bulk_Scrape\Commemoratives_All\1995-civil-war-battlefield-silver-dollar-proof-reverse-1200x1200.jpg"
"1995-Olympics-Basketball-Half-Dollar-Obverse.jpg","US Mint\Bulk_Scrape\Commemoratives_All\1995-Olympics-Basketball-Half-Dollar-Obverse.jpg"
"1995-Olympics-Basketball-Half-Dollar-Reverse.jpg","US Mint\Bulk_Scrape\Commemoratives_All\1995-Olympics-Basketball-Half-Dollar-Reverse.jpg"
"1995-special-olympics-world-games-commemorative-silver-one-dollar-proof-obverse.jpg","US Mint\Bulk_Scrape\Commemoratives_All\1995-special-olympics-world-games-commemorative-silver-one-dollar-proof-obverse.jpg"
"1995-special-olympics-world-games-commemorative-silver-one-dollar-proof-reverse.jpg","US Mint\Bulk_Scrape\Commemoratives_All\1995-special-olympics-world-games-commemorative-silver-one-dollar-proof-reverse.jpg"
"1996-national-community-service-proof-obverse800x800.jpg","US Mint\Bulk_Scrape\Commemoratives_All\1996-national-community-service-proof-obverse800x800.jpg"
"1996-national-community-service-proof-reverse800x800.jpg","US Mint\Bulk_Scrape\Commemoratives_All\1996-national-community-service-proof-reverse800x800.jpg"
"1996-Olympics-Baseball-Half-Dollar-Obverse.jpg","US Mint\Bulk_Scrape\Commemoratives_All\1996-Olympics-Baseball-Half-Dollar-Obverse.jpg"
"1996-Olympics-Baseball-Half-Dollar-Reverse.jpg","US Mint\Bulk_Scrape\Commemoratives_All\1996-Olympics-Baseball-Half-Dollar-Reverse.jpg"
"1996-olympics-cauldron-gold-five-dollar-proof-obverse.jpg","US Mint\Bulk_Scrape\Commemoratives_All\1996-olympics-cauldron-gold-five-dollar-proof-obverse.jpg"
"1996-olympics-cauldron-gold-five-dollar-proof-reverse.jpg","US Mint\Bulk_Scrape\Commemoratives_All\1996-olympics-cauldron-gold-five-dollar-proof-reverse.jpg"
"1996-Olympics-Flag-Bearer-Gold-Coin-Obverse.jpg","US Mint\Bulk_Scrape\Commemoratives_All\1996-Olympics-Flag-Bearer-Gold-Coin-Obverse.jpg"
"1996-Olympics-Flag-Bearer-Gold-Coin-Reverse.jpg","US Mint\Bulk_Scrape\Commemoratives_All\1996-Olympics-Flag-Bearer-Gold-Coin-Reverse.jpg"
"1996-Olympics-High-Jump-Silver-Dollar-Obverse.jpg","US Mint\Bulk_Scrape\Commemoratives_All\1996-Olympics-High-Jump-Silver-Dollar-Obverse.jpg"
"1996-Olympics-High-Jump-Silver-Dollar-Reverse.jpg","US Mint\Bulk_Scrape\Commemoratives_All\1996-Olympics-High-Jump-Silver-Dollar-Reverse.jpg"
"1996-Olympics-Paralympics-Silver-Dollar-Obverse.jpg","US Mint\Bulk_Scrape\Commemoratives_All\1996-Olympics-Paralympics-Silver-Dollar-Obverse.jpg"
"1996-Olympics-Paralympics-Silver-Dollar-Reverse.jpg","US Mint\Bulk_Scrape\Commemoratives_All\1996-Olympics-Paralympics-Silver-Dollar-Reverse.jpg"
"1996-Olympics-Rowing-Silver-Dollar-Obverse.jpg","US Mint\Bulk_Scrape\Commemoratives_All\1996-Olympics-Rowing-Silver-Dollar-Obverse.jpg"
"1996-Olympics-Rowing-Silver-Dollar-Reverse.jpg","US Mint\Bulk_Scrape\Commemoratives_All\1996-Olympics-Rowing-Silver-Dollar-Reverse.jpg"
"1996-Olympics-Soccer-Half-Dollar-Obverse.jpg","US Mint\Bulk_Scrape\Commemoratives_All\1996-Olympics-Soccer-Half-Dollar-Obverse.jpg"
"1996-Olympics-Soccer-Half-Dollar-Reverse.jpg","US Mint\Bulk_Scrape\Commemoratives_All\1996-Olympics-Soccer-Half-Dollar-Reverse.jpg"
"1996-Olympics-Swimming-Half-Dollar-Obverse.jpg","US Mint\Bulk_Scrape\Commemoratives_All\1996-Olympics-Swimming-Half-Dollar-Obverse.jpg"
"1996-Olympics-Swimming-Half-Dollar-Reverse.jpg","US Mint\Bulk_Scrape\Commemoratives_All\1996-Olympics-Swimming-Half-Dollar-Reverse.jpg"
"1996-Olympics-Tennis-Silver-Dollar-Obverse.jpg","US Mint\Bulk_Scrape\Commemoratives_All\1996-Olympics-Tennis-Silver-Dollar-Obverse.jpg"
"1996-Olympics-Tennis-Silver-Dollar-Reverse.jpg","US Mint\Bulk_Scrape\Commemoratives_All\1996-Olympics-Tennis-Silver-Dollar-Reverse.jpg"
"1996-smithsonian-institution-commemorative-gold-five-dollar-proof-obverse.jpg","US Mint\Bulk_Scrape\Commemoratives_All\1996-smithsonian-institution-commemorative-gold-five-dollar-proof-obverse.jpg"
"1996-smithsonian-institution-commemorative-gold-five-dollar-proof-reverse.jpg","US Mint\Bulk_Scrape\Commemoratives_All\1996-smithsonian-institution-commemorative-gold-five-dollar-proof-reverse.jpg"
"1996-smithsonian-institution-commemorative-silver-one-dollar-proof-obverse.jpg","US Mint\Bulk_Scrape\Commemoratives_All\1996-smithsonian-institution-commemorative-silver-one-dollar-proof-obverse.jpg"
"1996-smithsonian-institution-commemorative-silver-one-dollar-proof-reverse.jpg","US Mint\Bulk_Scrape\Commemoratives_All\1996-smithsonian-institution-commemorative-silver-one-dollar-proof-reverse.jpg"
"1997-franklin-delano-roosevelt-commemorative-gold-five-dollar-proof-obverse.jpg","US Mint\Bulk_Scrape\Commemoratives_All\1997-franklin-delano-roosevelt-commemorative-gold-five-dollar-proof-obverse.jpg"
"1997-franklin-delano-roosevelt-commemorative-gold-five-dollar-proof-reverse.jpg","US Mint\Bulk_Scrape\Commemoratives_All\1997-franklin-delano-roosevelt-commemorative-gold-five-dollar-proof-reverse.jpg"
"1997-jackie-robinson-commemorative-silver-dollar-proof-obverse.jpg","US Mint\Bulk_Scrape\Commemoratives_All\1997-jackie-robinson-commemorative-silver-dollar-proof-obverse.jpg"
"1997-jackie-robinson-gold-obverse-2000x2000.jpg","US Mint\Bulk_Scrape\Commemoratives_All\1997-jackie-robinson-gold-obverse-2000x2000.jpg"
"1997-law-enforcemential-officers-memorial-commemorative-silver-one-dollar-proof-obverse.jpg","US Mint\Bulk_Scrape\Commemoratives_All\1997-law-enforcemential-officers-memorial-commemorative-silver-one-dollar-proof-obverse.jpg"
"1997-law-enforcemential-officers-memorial-commemorative-silver-one-dollar-proof-reverse.jpg","US Mint\Bulk_Scrape\Commemoratives_All\1997-law-enforcemential-officers-memorial-commemorative-silver-one-dollar-proof-reverse.jpg"
"1997-platinum-proof-obverse.jpg","US Mint\Bulk_Scrape\American_Eagle\1997-platinum-proof-obverse.jpg"
"1997-united-states-botanic-garden-commemorative-silver-one-dollar-proof-obverse.jpg","US Mint\Bulk_Scrape\Commemoratives_All\1997-united-states-botanic-garden-commemorative-silver-one-dollar-proof-obverse.jpg"
"1997-united-states-botanic-garden-commemorative-silver-one-dollar-proof-reverse.jpg","US Mint\Bulk_Scrape\Commemoratives_All\1997-united-states-botanic-garden-commemorative-silver-one-dollar-proof-reverse.jpg"
"1998-american-eagle-platinum-proof-coin-reverse.jpg","US Mint\Bulk_Scrape\American_Eagle\1998-american-eagle-platinum-proof-coin-reverse.jpg"
"1998-black-patriots-commem-obverse1000x1000.jpg","US Mint\Bulk_Scrape\Commemoratives_All\1998-black-patriots-commem-obverse1000x1000.jpg"
"1998-black-patriots-commem-reverse1000x1000.jpg","US Mint\Bulk_Scrape\Commemoratives_All\1998-black-patriots-commem-reverse1000x1000.jpg"
"1998-robert-francis-kennedy-commemorative-silver-one-dollar-uncirculated-obverse.jpg","US Mint\Bulk_Scrape\Commemoratives_All\1998-robert-francis-kennedy-commemorative-silver-one-dollar-uncirculated-obverse.jpg"
"1998-robert-francis-kennedy-commemorative-silver-one-dollar-uncirculated-reverse.jpg","US Mint\Bulk_Scrape\Commemoratives_All\1998-robert-francis-kennedy-commemorative-silver-one-dollar-uncirculated-reverse.jpg"
"1999-50-state-quarters-coin-connecticut-uncirculated-reverse.jpg","US Mint\Bulk_Scrape\1999-50-state-quarters-coin-connecticut-uncirculated-reverse.jpg"
"1999-50-state-quarters-coin-delaware-uncirculated-reverse.jpg","US Mint\Bulk_Scrape\1999-50-state-quarters-coin-delaware-uncirculated-reverse.jpg"
"1999-50-state-quarters-coin-georgia-uncirculated-reverse.jpg","US Mint\Bulk_Scrape\1999-50-state-quarters-coin-georgia-uncirculated-reverse.jpg"
"1999-50-state-quarters-coin-new-jersey-uncirculated-reverse.jpg","US Mint\Bulk_Scrape\1999-50-state-quarters-coin-new-jersey-uncirculated-reverse.jpg"
"1999-50-state-quarters-coin-pennsylvania-uncirculated-reverse.jpg","US Mint\Bulk_Scrape\1999-50-state-quarters-coin-pennsylvania-uncirculated-reverse.jpg"
"1999-american-eagle-platinum-one-ounce-proof-coin-reverse.jpg","US Mint\Bulk_Scrape\American_Eagle\1999-american-eagle-platinum-one-ounce-proof-coin-reverse.jpg"
"1999-dolley-madison-commemorative-silver-one-dollar-proof-obverse.jpg","US Mint\Bulk_Scrape\Commemoratives_All\1999-dolley-madison-commemorative-silver-one-dollar-proof-obverse.jpg"
"1999-dolley-madison-commemorative-silver-one-dollar-proof-reverse.jpg","US Mint\Bulk_Scrape\Commemoratives_All\1999-dolley-madison-commemorative-silver-one-dollar-proof-reverse.jpg"
"1999-george-washington-commemorative-gold-five-dollar-proof-obverse.jpg","US Mint\Bulk_Scrape\Commemoratives_All\1999-george-washington-commemorative-gold-five-dollar-proof-obverse.jpg"
"1999-george-washington-commemorative-gold-five-dollar-proof-reverse.jpg","US Mint\Bulk_Scrape\Commemoratives_All\1999-george-washington-commemorative-gold-five-dollar-proof-reverse.jpg"
"1999-susan-b-anthony-dollar-obverse.jpg","US Mint\Bulk_Scrape\Dollar\1999-susan-b-anthony-dollar-obverse.jpg"
"1999-susan-b-anthony-dollar-obverse.jpg","US Mint\Bulk_Scrape\SBA\1999-susan-b-anthony-dollar-obverse.jpg"
"1999-susan-b-anthony-dollar-reverse.jpg","US Mint\Bulk_Scrape\SBA\1999-susan-b-anthony-dollar-reverse.jpg"
"1999-susan-b-anthony-dollar-reverse.jpg","US Mint\Bulk_Scrape\Dollar\1999-susan-b-anthony-dollar-reverse.jpg"
"1999-yellowstone-silver-dollar-proof-obverse-2000x2000.jpg","US Mint\Bulk_Scrape\Commemoratives_All\1999-yellowstone-silver-dollar-proof-obverse-2000x2000.jpg"
"1999-yellowstone-silver-dollar-proof-reverse-2000x2000.jpg","US Mint\Bulk_Scrape\Commemoratives_All\1999-yellowstone-silver-dollar-proof-reverse-2000x2000.jpg"
"2000_Library_of_Congress_Proof_Ten_Dollars_attr_National_Museum_of_American_History.jpg","AJ's\2000_Library_of_Congress_Proof_Ten_Dollars_attr_National_Museum_of_American_History.jpg"
"2000-50-state-quarters-coin-maryland-uncirculated-reverse.jpg","US Mint\Bulk_Scrape\2000-50-state-quarters-coin-maryland-uncirculated-reverse.jpg"
"2000-50-state-quarters-coin-massachusetts-uncirculated-reverse.jpg","US Mint\Bulk_Scrape\2000-50-state-quarters-coin-massachusetts-uncirculated-reverse.jpg"
"2000-50-state-quarters-coin-new-hampshire-uncirculated-reverse.jpg","US Mint\Bulk_Scrape\2000-50-state-quarters-coin-new-hampshire-uncirculated-reverse.jpg"
"2000-50-state-quarters-coin-south-carolina-uncirculated-reverse.jpg","US Mint\Bulk_Scrape\2000-50-state-quarters-coin-south-carolina-uncirculated-reverse.jpg"
"2000-50-state-quarters-coin-virginia-uncirculated-reverse.jpg","US Mint\Bulk_Scrape\2000-50-state-quarters-coin-virginia-uncirculated-reverse.jpg"
"2000-american-eagle-platinum-one-ounce-proof-coin-reverse.jpg","US Mint\Bulk_Scrape\American_Eagle\2000-american-eagle-platinum-one-ounce-proof-coin-reverse.jpg"
"2000-leif-ericson-american-commemorative-silver-one-dollar-proof-obverse.jpg","US Mint\Bulk_Scrape\Commemoratives_All\2000-leif-ericson-american-commemorative-silver-one-dollar-proof-obverse.jpg"
"2000-leif-ericson-american-commemorative-silver-one-dollar-proof-reverse.jpg","US Mint\Bulk_Scrape\Commemoratives_All\2000-leif-ericson-american-commemorative-silver-one-dollar-proof-reverse.jpg"
"2000-leif-ericson-icelandic-kronur-commemorative-silver-one-dollar-proof-obverse.jpg","US Mint\Bulk_Scrape\Commemoratives_All\2000-leif-ericson-icelandic-kronur-commemorative-silver-one-dollar-proof-obverse.jpg"
"2000-leif-ericson-icelandic-kronur-commemorative-silver-one-dollar-proof-reverse.jpg","US Mint\Bulk_Scrape\Commemoratives_All\2000-leif-ericson-icelandic-kronur-commemorative-silver-one-dollar-proof-reverse.jpg"
"2000-library-of-congress-commemorative-bimetallic-ten-dollar-proof-obverse.jpg","US Mint\Bulk_Scrape\Commemoratives_All\2000-library-of-congress-commemorative-bimetallic-ten-dollar-proof-obverse.jpg"
"2000-library-of-congress-commemorative-silver-dollar-uncirculated-obverse.jpg","US Mint\Bulk_Scrape\Commemoratives_All\2000-library-of-congress-commemorative-silver-dollar-uncirculated-obverse.jpg"
"2000-Sacagawea-Golden-Dollar-Obverse-2.jpg","US Mint\Bulk_Scrape\Sacagawea\2000-Sacagawea-Golden-Dollar-Obverse-2.jpg"
"2000-Sacagawea-Golden-Dollar-Reverse-2.jpg","US Mint\Bulk_Scrape\Sacagawea\2000-Sacagawea-Golden-Dollar-Reverse-2.jpg"
"2001-50-state-quarters-coin-kentucky-uncirculated-reverse.jpg","US Mint\Bulk_Scrape\2001-50-state-quarters-coin-kentucky-uncirculated-reverse.jpg"
"2001-50-state-quarters-coin-new-york-uncirculated-reverse.jpg","US Mint\Bulk_Scrape\2001-50-state-quarters-coin-new-york-uncirculated-reverse.jpg"
"2001-50-state-quarters-coin-north-carolina-uncirculated-reverse.jpg","US Mint\Bulk_Scrape\2001-50-state-quarters-coin-north-carolina-uncirculated-reverse.jpg"
"2001-50-state-quarters-coin-rhode-island-uncirculated-reverse.jpg","US Mint\Bulk_Scrape\2001-50-state-quarters-coin-rhode-island-uncirculated-reverse.jpg"
"2001-50-state-quarters-coin-vermont-uncirculated-reverse.jpg","US Mint\Bulk_Scrape\2001-50-state-quarters-coin-vermont-uncirculated-reverse.jpg"
"2001-american-buffalo-commemorative-silver-one-dollar-uncirculated-obverse.jpg","US Mint\Bulk_Scrape\Commemoratives_All\2001-american-buffalo-commemorative-silver-one-dollar-uncirculated-obverse.jpg"
"2001-american-buffalo-commemorative-silver-one-dollar-uncirculated-reverse.jpg","US Mint\Bulk_Scrape\Commemoratives_All\2001-american-buffalo-commemorative-silver-one-dollar-uncirculated-reverse.jpg"
"2001-american-eagle-platinum-one-ounce-proof-coin-reverse.jpg","US Mint\Bulk_Scrape\American_Eagle\2001-american-eagle-platinum-one-ounce-proof-coin-reverse.jpg"
"2001-united-states-capitol-visitor-center-commemorative-clad-half-dollar-uncirculated-obverse.jpg","US Mint\Bulk_Scrape\Commemoratives_All\2001-united-states-capitol-visitor-center-commemorative-clad-half-dollar-uncirculated-obverse.jpg"
"2001-united-states-capitol-visitor-center-commemorative-gold-uncirculated-obverse.jpg","US Mint\Bulk_Scrape\Commemoratives_All\2001-united-states-capitol-visitor-center-commemorative-gold-uncirculated-obverse.jpg"
"2001-united-states-capitol-visitor-center-commemorative-silver-one-dollar-uncirculated-obverse.jpg","US Mint\Bulk_Scrape\Commemoratives_All\2001-united-states-capitol-visitor-center-commemorative-silver-one-dollar-uncirculated-obverse.jpg"
"2002-50-state-quarters-coin-indiana-uncirculated-reverse.jpg","US Mint\Bulk_Scrape\2002-50-state-quarters-coin-indiana-uncirculated-reverse.jpg"
"2002-50-state-quarters-coin-louisiana-uncirculated-reverse.jpg","US Mint\Bulk_Scrape\2002-50-state-quarters-coin-louisiana-uncirculated-reverse.jpg"
"2002-50-state-quarters-coin-mississippi-uncirculated-reverse.jpg","US Mint\Bulk_Scrape\2002-50-state-quarters-coin-mississippi-uncirculated-reverse.jpg"
"2002-50-state-quarters-coin-ohio-uncirculated-reverse.jpg","US Mint\Bulk_Scrape\2002-50-state-quarters-coin-ohio-uncirculated-reverse.jpg"
"2002-50-state-quarters-coin-tennessee-uncirculated-reverse.jpg","US Mint\Bulk_Scrape\2002-50-state-quarters-coin-tennessee-uncirculated-reverse.jpg"
"2002-american-eagle-platinum-one-ounce-proof-coin-obverse.jpg","US Mint\Bulk_Scrape\American_Eagle\2002-american-eagle-platinum-one-ounce-proof-coin-obverse.jpg"
"2002-american-eagle-platinum-one-ounce-proof-coin-reverse.jpg","US Mint\Bulk_Scrape\American_Eagle\2002-american-eagle-platinum-one-ounce-proof-coin-reverse.jpg"
"2002-west-point-bicentennial-commemorative-silver-one-dollar-uncirculated-obverse.jpg","US Mint\Bulk_Scrape\Commemoratives_All\2002-west-point-bicentennial-commemorative-silver-one-dollar-uncirculated-obverse.jpg"
"2002-west-point-bicentennial-commemorative-silver-one-dollar-uncirculated-reverse.jpg","US Mint\Bulk_Scrape\Commemoratives_All\2002-west-point-bicentennial-commemorative-silver-one-dollar-uncirculated-reverse.jpg"
"2002-winter-olympics-salt-lake-city-commemorative-gold-five-dollar-uncirculated-reverse.jpg","US Mint\Bulk_Scrape\Commemoratives_All\2002-winter-olympics-salt-lake-city-commemorative-gold-five-dollar-uncirculated-reverse.jpg"
"2002-winter-olympics-salt-lake-city-commemorative-silver-one-dollar-uncirculated-reverse.jpg","US Mint\Bulk_Scrape\Commemoratives_All\2002-winter-olympics-salt-lake-city-commemorative-silver-one-dollar-uncirculated-reverse.jpg"
"2003_Wright_Brothers_Proof_Five_Dollars_attr_National_Museum_of_American_History.jpg","AJ's\2003_Wright_Brothers_Proof_Five_Dollars_attr_National_Museum_of_American_History.jpg"
"2003-50-state-quarters-coin-alabama-uncirculated-reverse.jpg","US Mint\Bulk_Scrape\2003-50-state-quarters-coin-alabama-uncirculated-reverse.jpg"
"2003-50-state-quarters-coin-arkansas-uncirculated-reverse.jpg","US Mint\Bulk_Scrape\2003-50-state-quarters-coin-arkansas-uncirculated-reverse.jpg"
"2003-50-state-quarters-coin-illinois-uncirculated-reverse.jpg","US Mint\Bulk_Scrape\2003-50-state-quarters-coin-illinois-uncirculated-reverse.jpg"
"2003-50-state-quarters-coin-maineuncirculated-reverse.jpg","US Mint\Bulk_Scrape\2003-50-state-quarters-coin-maineuncirculated-reverse.jpg"
"2003-50-state-quarters-coin-missouri-uncirculated-reverse.jpg","US Mint\Bulk_Scrape\2003-50-state-quarters-coin-missouri-uncirculated-reverse.jpg"
"2003-american-eagle-platinum-one-ounce-proof-coin-reverse.jpg","US Mint\Bulk_Scrape\American_Eagle\2003-american-eagle-platinum-one-ounce-proof-coin-reverse.jpg"
"2003-first-flight-centennial-commemorative-clad-half-dollar-uncirculated-obverse.jpg","US Mint\Bulk_Scrape\Commemoratives_All\2003-first-flight-centennial-commemorative-clad-half-dollar-uncirculated-obverse.jpg"
"2003-first-flight-centennial-commemorative-gold-ten-dollar-uncirculated-obverse.jpg","US Mint\Bulk_Scrape\Commemoratives_All\2003-first-flight-centennial-commemorative-gold-ten-dollar-uncirculated-obverse.jpg"
"2003-first-flight-centennial-commemorative-silver-one-dollar-uncirculated-reverse.jpg","US Mint\Bulk_Scrape\Commemoratives_All\2003-first-flight-centennial-commemorative-silver-one-dollar-uncirculated-reverse.jpg"
"2004-50-state-quarters-coin-florida-uncirculated-reverse.jpg","US Mint\Bulk_Scrape\2004-50-state-quarters-coin-florida-uncirculated-reverse.jpg"
"2004-50-state-quarters-coin-iowa-uncirculated-reverse.jpg","US Mint\Bulk_Scrape\2004-50-state-quarters-coin-iowa-uncirculated-reverse.jpg"
"2004-50-state-quarters-coin-michigan-uncirculated-reverse.jpg","US Mint\Bulk_Scrape\2004-50-state-quarters-coin-michigan-uncirculated-reverse.jpg"
"2004-50-state-quarters-coin-texas-uncirculated-reverse.jpg","US Mint\Bulk_Scrape\2004-50-state-quarters-coin-texas-uncirculated-reverse.jpg"
"2004-50-state-quarters-coin-wisconsin-uncirculated-reverse.jpg","US Mint\Bulk_Scrape\2004-50-state-quarters-coin-wisconsin-uncirculated-reverse.jpg"
"2004-american-eagle-platinum-one-ounce-proof-coin-reverse.jpg","US Mint\Bulk_Scrape\American_Eagle\2004-american-eagle-platinum-one-ounce-proof-coin-reverse.jpg"
"2004-lewis-and-clark-bicentennial-commemorative-silver-one-dollar-uncirculated-obverse.jpg","US Mint\Bulk_Scrape\Commemoratives_All\2004-lewis-and-clark-bicentennial-commemorative-silver-one-dollar-uncirculated-obverse.jpg"
"2004-lewis-and-clark-bicentennial-commemorative-silver-one-dollar-uncirculated-reverse.jpg","US Mint\Bulk_Scrape\Commemoratives_All\2004-lewis-and-clark-bicentennial-commemorative-silver-one-dollar-uncirculated-reverse.jpg"
"2004-thomas-edison-commemorative-silver-one-dollar-uncirculated-obverse.jpg","US Mint\Bulk_Scrape\Commemoratives_All\2004-thomas-edison-commemorative-silver-one-dollar-uncirculated-obverse.jpg"
"2004-thomas-edison-commemorative-silver-one-dollar-uncirculated-reverse.jpg","US Mint\Bulk_Scrape\Commemoratives_All\2004-thomas-edison-commemorative-silver-one-dollar-uncirculated-reverse.jpg"
"2004-westward-journey-nickel-series-keelboat-uncirculated-reverse.jpg","US Mint\Bulk_Scrape\Nickel\2004-westward-journey-nickel-series-keelboat-uncirculated-reverse.jpg"
"2004-westward-journey-nickel-series-louisiana-purchase-uncirculated-reverse.jpg","US Mint\Bulk_Scrape\Nickel\2004-westward-journey-nickel-series-louisiana-purchase-uncirculated-reverse.jpg"
"2005-50-state-quarters-coin-california-uncirculated-reverse.jpg","US Mint\Bulk_Scrape\2005-50-state-quarters-coin-california-uncirculated-reverse.jpg"
"2005-50-state-quarters-coin-kansas-uncirculated-reverse.jpg","US Mint\Bulk_Scrape\2005-50-state-quarters-coin-kansas-uncirculated-reverse.jpg"
"2005-50-state-quarters-coin-minnesota-uncirculated-reverse.jpg","US Mint\Bulk_Scrape\2005-50-state-quarters-coin-minnesota-uncirculated-reverse.jpg"
"2005-50-state-quarters-coin-oregon-uncirculated-reverse.jpg","US Mint\Bulk_Scrape\2005-50-state-quarters-coin-oregon-uncirculated-reverse.jpg"
"2005-50-state-quarters-coin-west-virginia-uncirculated-reverse.jpg","US Mint\Bulk_Scrape\2005-50-state-quarters-coin-west-virginia-uncirculated-reverse.jpg"
"2005-american-eagle-platinum-one-ounce-proof-coin-obverse.jpg","US Mint\Bulk_Scrape\American_Eagle\2005-american-eagle-platinum-one-ounce-proof-coin-obverse.jpg"
"2005-american-eagle-platinum-one-ounce-proof-coin-reverse.jpg","US Mint\Bulk_Scrape\American_Eagle\2005-american-eagle-platinum-one-ounce-proof-coin-reverse.jpg"
"2005-chief-justice-john-marshall-commemorative-silver-one-dollar-uncirculated-obverse.jpg","US Mint\Bulk_Scrape\Commemoratives_All\2005-chief-justice-john-marshall-commemorative-silver-one-dollar-uncirculated-obverse.jpg"
"2005-chief-justice-john-marshall-commemorative-silver-one-dollar-uncirculated-reverse.jpg","US Mint\Bulk_Scrape\Commemoratives_All\2005-chief-justice-john-marshall-commemorative-silver-one-dollar-uncirculated-reverse.jpg"
"2005-united-states-marine-corps-commemorative-silver-one-dollar-uncirculated-obverse.jpg","US Mint\Bulk_Scrape\Commemoratives_All\2005-united-states-marine-corps-commemorative-silver-one-dollar-uncirculated-obverse.jpg"
"2005-united-states-marine-corps-commemorative-silver-one-dollar-uncirculated-reverse.jpg","US Mint\Bulk_Scrape\Commemoratives_All\2005-united-states-marine-corps-commemorative-silver-one-dollar-uncirculated-reverse.jpg"
"2005-westward-journey-nickel-series-american-bison-uncirculated-reverse.jpg","US Mint\Bulk_Scrape\Nickel\2005-westward-journey-nickel-series-american-bison-uncirculated-reverse.jpg"
"2005-westward-journey-nickel-series-ocean-in-view-o-the-joy-uncirculated-reverse.jpg","US Mint\Bulk_Scrape\Nickel\2005-westward-journey-nickel-series-ocean-in-view-o-the-joy-uncirculated-reverse.jpg"
"2006-50-state-quarters-coin-colorado-uncirculated-reverse.jpg","US Mint\Bulk_Scrape\2006-50-state-quarters-coin-colorado-uncirculated-reverse.jpg"
"2006-50-state-quarters-coin-nebraska-uncirculated-reverse.jpg","US Mint\Bulk_Scrape\2006-50-state-quarters-coin-nebraska-uncirculated-reverse.jpg"
"2006-50-state-quarters-coin-nevada-uncirculated-reverse.jpg","US Mint\Bulk_Scrape\2006-50-state-quarters-coin-nevada-uncirculated-reverse.jpg"
"2006-50-state-quarters-coin-north-dakota-uncirculated-reverse.jpg","US Mint\Bulk_Scrape\2006-50-state-quarters-coin-north-dakota-uncirculated-reverse.jpg"
"2006-50-state-quarters-coin-south-dakota-uncirculated-reverse.jpg","US Mint\Bulk_Scrape\2006-50-state-quarters-coin-south-dakota-uncirculated-reverse.jpg"
"2006-american-eagle-platinum-one-ounce-proof-coin-reverse.jpg","US Mint\Bulk_Scrape\American_Eagle\2006-american-eagle-platinum-one-ounce-proof-coin-reverse.jpg"
"2006-benjamin-franklin-founding-father-commemorative-silver-one-dollar-uncirculated-obverse.jpg","US Mint\Bulk_Scrape\Commemoratives_All\2006-benjamin-franklin-founding-father-commemorative-silver-one-dollar-uncirculated-obverse.jpg"
"2006-benjamin-franklin-scientist-commemorative-silver-one-dollar-uncirculated-obverse.jpg","US Mint\Bulk_Scrape\Commemoratives_All\2006-benjamin-franklin-scientist-commemorative-silver-one-dollar-uncirculated-obverse.jpg"
"2006-san-francisco-mint-centennial-commemorative-gold-five-dollar-uncirculated-obverse.jpg","US Mint\Bulk_Scrape\Commemoratives_All\2006-san-francisco-mint-centennial-commemorative-gold-five-dollar-uncirculated-obverse.jpg"
"2006-san-francisco-mint-centennial-commemorative-silver-one-dollar-uncirculated-obverse.jpg","US Mint\Bulk_Scrape\Commemoratives_All\2006-san-francisco-mint-centennial-commemorative-silver-one-dollar-uncirculated-obverse.jpg"
"2007-50-state-quarters-coin-idaho-uncirculated-reverse.jpg","US Mint\Bulk_Scrape\2007-50-state-quarters-coin-idaho-uncirculated-reverse.jpg"
"2007-50-state-quarters-coin-montana-uncirculated-reverse.jpg","US Mint\Bulk_Scrape\2007-50-state-quarters-coin-montana-uncirculated-reverse.jpg"
"2007-50-state-quarters-coin-utahuncirculated-reverse.jpg","US Mint\Bulk_Scrape\2007-50-state-quarters-coin-utahuncirculated-reverse.jpg"
"2007-50-state-quarters-coin-washington-uncirculated-reverse.jpg","US Mint\Bulk_Scrape\2007-50-state-quarters-coin-washington-uncirculated-reverse.jpg"
"2007-50-state-quarters-coin-wyoming-uncirculated-reverse.jpg","US Mint\Bulk_Scrape\2007-50-state-quarters-coin-wyoming-uncirculated-reverse.jpg"
"2007-american-eagle-platinum-one-ounce-proof-coin-reverse.jpg","US Mint\Bulk_Scrape\American_Eagle\2007-american-eagle-platinum-one-ounce-proof-coin-reverse.jpg"
"2007-jamestown-quadricentennial-commemorative-gold-five-dollar-uncirculated-obverse.jpg","US Mint\Bulk_Scrape\Commemoratives_All\2007-jamestown-quadricentennial-commemorative-gold-five-dollar-uncirculated-obverse.jpg"
"2007-jamestown-quadricentennial-commemorative-silver-one-dollar-uncirculated-reverse.jpg","US Mint\Bulk_Scrape\Commemoratives_All\2007-jamestown-quadricentennial-commemorative-silver-one-dollar-uncirculated-reverse.jpg"
"2007-little-rock-central-high-school-commemorative-silver-one-dollar-uncirculated-obverse.jpg","US Mint\Bulk_Scrape\Commemoratives_All\2007-little-rock-central-high-school-commemorative-silver-one-dollar-uncirculated-obverse.jpg"
"2007-little-rock-central-high-school-commemorative-silver-one-dollar-uncirculated-reverse.jpg","US Mint\Bulk_Scrape\Commemoratives_All\2007-little-rock-central-high-school-commemorative-silver-one-dollar-uncirculated-reverse.jpg"
"2007-presidential-dollar-coin-george-washington-uncirculated-obverse.jpg","US Mint\Bulk_Scrape\Presidential\2007-presidential-dollar-coin-george-washington-uncirculated-obverse.jpg"
"2007-presidential-dollar-coin-james-madison-uncirculated-obverse.jpg","US Mint\Bulk_Scrape\Presidential\2007-presidential-dollar-coin-james-madison-uncirculated-obverse.jpg"
"2007-presidential-dollar-coin-john-adams-uncirculated-obverse.jpg","US Mint\Bulk_Scrape\Presidential\2007-presidential-dollar-coin-john-adams-uncirculated-obverse.jpg"
"2007-presidential-dollar-coin-thomas-jefferson-uncirculated-obverse.jpg","US Mint\Bulk_Scrape\Presidential\2007-presidential-dollar-coin-thomas-jefferson-uncirculated-obverse.jpg"
"2008-50-state-quarters-coin-alaska-uncirculated-reverse.jpg","US Mint\Bulk_Scrape\2008-50-state-quarters-coin-alaska-uncirculated-reverse.jpg"
"2008-50-state-quarters-coin-alaska-uncirculated-reverse.jpg","US Mint\Bulk_Scrape\Generic_Quarters\2008-50-state-quarters-coin-alaska-uncirculated-reverse.jpg"
"2008-50-state-quarters-coin-arizona-uncirculated-reverse.jpg","US Mint\Bulk_Scrape\2008-50-state-quarters-coin-arizona-uncirculated-reverse.jpg"
"2008-50-state-quarters-coin-hawaii-uncirculated-reverse.jpg","US Mint\Bulk_Scrape\2008-50-state-quarters-coin-hawaii-uncirculated-reverse.jpg"
"2008-50-state-quarters-coin-new-mexico-uncirculated-reverse.jpg","US Mint\Bulk_Scrape\2008-50-state-quarters-coin-new-mexico-uncirculated-reverse.jpg"
"2008-50-state-quarters-coin-oklahoma-uncirculated-reverse.jpg","US Mint\Bulk_Scrape\2008-50-state-quarters-coin-oklahoma-uncirculated-reverse.jpg"
"2008-american-eagle-platinum-one-ounce-proof-coin-obverse.jpg","US Mint\Bulk_Scrape\American_Eagle\2008-american-eagle-platinum-one-ounce-proof-coin-obverse.jpg"
"2008-american-eagle-platinum-one-ounce-proof-coin-reverse.jpg","US Mint\Bulk_Scrape\American_Eagle\2008-american-eagle-platinum-one-ounce-proof-coin-reverse.jpg"
"2008-bald-eagle-commemorative-clad-half-dollar-uncirculated-obverse.jpg","US Mint\Bulk_Scrape\Commemoratives_All\2008-bald-eagle-commemorative-clad-half-dollar-uncirculated-obverse.jpg"
"2008-bald-eagle-commemorative-gold-five-dollar-uncirculated-obverse.jpg","US Mint\Bulk_Scrape\Commemoratives_All\2008-bald-eagle-commemorative-gold-five-dollar-uncirculated-obverse.jpg"
"2008-bald-eagle-commemorative-silver-one-dollar-uncirculated-reverse.jpg","US Mint\Bulk_Scrape\Commemoratives_All\2008-bald-eagle-commemorative-silver-one-dollar-uncirculated-reverse.jpg"
"2008-lincoln-one-cent-reverse-2000x2000.jpg","US Mint\Bulk_Scrape\Penny\2008-lincoln-one-cent-reverse-2000x2000.jpg"
"2008-presidential-dollar-coin-andrew-jackson-uncirculated-obverse.jpg","US Mint\Bulk_Scrape\Presidential\2008-presidential-dollar-coin-andrew-jackson-uncirculated-obverse.jpg"
"2008-presidential-dollar-coin-james-monroe-uncirculated-obverse.jpg","US Mint\Bulk_Scrape\Presidential\2008-presidential-dollar-coin-james-monroe-uncirculated-obverse.jpg"
"2008-presidential-dollar-coin-john-quincy-adams-uncirculated-obverse.jpg","US Mint\Bulk_Scrape\Presidential\2008-presidential-dollar-coin-john-quincy-adams-uncirculated-obverse.jpg"
"2008-presidential-dollar-coin-martin-van-buren-uncirculated-obverse.jpg","US Mint\Bulk_Scrape\Presidential\2008-presidential-dollar-coin-martin-van-buren-uncirculated-obverse.jpg"
"2009-abraham-lincoln-commemorative-silver-one-dollar-uncirculated-obverse.jpg","US Mint\Bulk_Scrape\Commemoratives_All\2009-abraham-lincoln-commemorative-silver-one-dollar-uncirculated-obverse.jpg"
"2009-abraham-lincoln-commemorative-silver-one-dollar-uncirculated-reverse.jpg","US Mint\Bulk_Scrape\Commemoratives_All\2009-abraham-lincoln-commemorative-silver-one-dollar-uncirculated-reverse.jpg"
"2009-american-eagle-platinum-one-ounce-proof-coin-reverse.jpg","US Mint\Bulk_Scrape\American_Eagle\2009-american-eagle-platinum-one-ounce-proof-coin-reverse.jpg"
"2009-dc-us-territories-quarters-coin-american-samoa-uncirculated-reverse.jpg","US Mint\Bulk_Scrape\Territories\2009-dc-us-territories-quarters-coin-american-samoa-uncirculated-reverse.jpg"
"2009-dc-us-territories-quarters-coin-district-of-columbia-uncirculated-reverse.jpg","US Mint\Bulk_Scrape\Territories\2009-dc-us-territories-quarters-coin-district-of-columbia-uncirculated-reverse.jpg"
"2009-dc-us-territories-quarters-coin-guam-uncirculated-reverse.jpg","US Mint\Bulk_Scrape\Territories\2009-dc-us-territories-quarters-coin-guam-uncirculated-reverse.jpg"
"2009-dc-us-territories-quarters-coin-northern-mariana-islands-uncirculated-reverse.jpg","US Mint\Bulk_Scrape\Territories\2009-dc-us-territories-quarters-coin-northern-mariana-islands-uncirculated-reverse.jpg"
"2009-dc-us-territories-quarters-coin-puerto-rico-uncirculated-reverse.jpg","US Mint\Bulk_Scrape\Generic_Quarters\2009-dc-us-territories-quarters-coin-puerto-rico-uncirculated-reverse.jpg"
"2009-dc-us-territories-quarters-coin-puerto-rico-uncirculated-reverse.jpg","US Mint\Bulk_Scrape\Territories\2009-dc-us-territories-quarters-coin-puerto-rico-uncirculated-reverse.jpg"
"2009-dc-us-territories-quarters-coin-united-states-virgin-islands-uncirculated-reverse.jpg","US Mint\Bulk_Scrape\Territories\2009-dc-us-territories-quarters-coin-united-states-virgin-islands-uncirculated-reverse.jpg"
"2009-lincoln-cent-penny-birth-childhood-kentucky-uncirculated-reverse.jpg","US Mint\Bulk_Scrape\Penny\2009-lincoln-cent-penny-birth-childhood-kentucky-uncirculated-reverse.jpg"
"2009-lincoln-cent-penny-presidency-washington-district-of-columbia-uncirculated-reverse.jpg","US Mint\Bulk_Scrape\Penny\2009-lincoln-cent-penny-presidency-washington-district-of-columbia-uncirculated-reverse.jpg"
"2009-lincoln-cent-penny-professional-life-illinois-uncirculated-reverse.jpg","US Mint\Bulk_Scrape\Penny\2009-lincoln-cent-penny-professional-life-illinois-uncirculated-reverse.jpg"
"2009-lincoln-cent-penny-youth-indiana-uncirculated-reverse.jpg","US Mint\Bulk_Scrape\Penny\2009-lincoln-cent-penny-youth-indiana-uncirculated-reverse.jpg"
"2009-louis-braille-bicentennial-commemorative-silver-one-dollar-uncirculated-obverse.jpg","US Mint\Bulk_Scrape\Commemoratives_All\2009-louis-braille-bicentennial-commemorative-silver-one-dollar-uncirculated-obverse.jpg"
"2009-louis-braille-bicentennial-commemorative-silver-one-dollar-uncirculated-reverse.jpg","US Mint\Bulk_Scrape\Commemoratives_All\2009-louis-braille-bicentennial-commemorative-silver-one-dollar-uncirculated-reverse.jpg"
"2009-native-american-dollar-uncirculated-reverse.jpg","US Mint\Bulk_Scrape\Native_American\2009-native-american-dollar-uncirculated-reverse.jpg"
"2009-presidential-dollar-coin-james-knox-polk-uncirculated-obverse.jpg","US Mint\Bulk_Scrape\Presidential\2009-presidential-dollar-coin-james-knox-polk-uncirculated-obverse.jpg"
"2009-presidential-dollar-coin-john-tyler-uncirculated-obverse.jpg","US Mint\Bulk_Scrape\Presidential\2009-presidential-dollar-coin-john-tyler-uncirculated-obverse.jpg"
"2009-presidential-dollar-coin-william-henry-harrison-uncirculated-obverse.jpg","US Mint\Bulk_Scrape\Presidential\2009-presidential-dollar-coin-william-henry-harrison-uncirculated-obverse.jpg"
"2009-presidential-dollar-coin-zachary-taylor-uncirculated-obverse.jpg","US Mint\Bulk_Scrape\Presidential\2009-presidential-dollar-coin-zachary-taylor-uncirculated-obverse.jpg"
"2009-ultra-high-relief-double-eagle-gold-coin-obverse.jpg","US Mint\Bulk_Scrape\Gold_Eagles\2009-ultra-high-relief-double-eagle-gold-coin-obverse.jpg"
"2009-ultra-high-relief-double-eagle-gold-coin-reverse.jpg","US Mint\Bulk_Scrape\Gold_Eagles\2009-ultra-high-relief-double-eagle-gold-coin-reverse.jpg"
"2010-american-eagle-platinum-one-ounce-proof-coin-reverse.jpg","US Mint\Bulk_Scrape\American_Eagle\2010-american-eagle-platinum-one-ounce-proof-coin-reverse.jpg"
"2010-american-veterans-disabled-for-life-commemorative-silver-one-dollar-uncirculated-obverse.jpg","US Mint\Bulk_Scrape\Commemoratives_All\2010-american-veterans-disabled-for-life-commemorative-silver-one-dollar-uncirculated-obverse.jpg"
"2010-american-veterans-disabled-for-life-commemorative-silver-one-dollar-uncirculated-reverse.jpg","US Mint\Bulk_Scrape\Commemoratives_All\2010-american-veterans-disabled-for-life-commemorative-silver-one-dollar-uncirculated-reverse.jpg"
"2010-america-the-beautiful-quarters-coin-grand-canyon-arizona-uncirculated-reverse.jpg","US Mint\Bulk_Scrape\ATB\2010-america-the-beautiful-quarters-coin-grand-canyon-arizona-uncirculated-reverse.jpg"
"2010-america-the-beautiful-quarters-coin-hot-springs-arkansas-uncirculated-reverse.jpg","US Mint\Bulk_Scrape\ATB\2010-america-the-beautiful-quarters-coin-hot-springs-arkansas-uncirculated-reverse.jpg"
"2010-america-the-beautiful-quarters-coin-mount-hood-oregon-uncirculated-reverse.jpg","US Mint\Bulk_Scrape\ATB\2010-america-the-beautiful-quarters-coin-mount-hood-oregon-uncirculated-reverse.jpg"
"2010-america-the-beautiful-quarters-coin-yellowstone-wyoming-uncirculated-reverse.jpg","US Mint\Bulk_Scrape\ATB\2010-america-the-beautiful-quarters-coin-yellowstone-wyoming-uncirculated-reverse.jpg"
"2010-america-the-beautiful-quarters-coin-yosemite-california-uncirculated-reverse.jpg","US Mint\Bulk_Scrape\ATB\2010-america-the-beautiful-quarters-coin-yosemite-california-uncirculated-reverse.jpg"
"2010-boy-scouts-of-america-centennial-commemorative-silver-one-dollar-uncirculated-obverse.jpg","US Mint\Bulk_Scrape\Commemoratives_All\2010-boy-scouts-of-america-centennial-commemorative-silver-one-dollar-uncirculated-obverse.jpg"
"2010-boy-scouts-of-america-centennial-commemorative-silver-one-dollar-uncirculated-reverse.jpg","US Mint\Bulk_Scrape\Commemoratives_All\2010-boy-scouts-of-america-centennial-commemorative-silver-one-dollar-uncirculated-reverse.jpg"
"2010-native-american-one-dollar-uncirculated-reverse.jpg","US Mint\Bulk_Scrape\Native_American\2010-native-american-one-dollar-uncirculated-reverse.jpg"
"2010-presidential-dollar-coin-abraham-lincoln-uncirculated-obverse.jpg","US Mint\Bulk_Scrape\Presidential\2010-presidential-dollar-coin-abraham-lincoln-uncirculated-obverse.jpg"
"2010-presidential-dollar-coin-franklin-pierce-uncirculated-obverse.jpg","US Mint\Bulk_Scrape\Presidential\2010-presidential-dollar-coin-franklin-pierce-uncirculated-obverse.jpg"
"2010-presidential-dollar-coin-james-buchanan-uncirculated-obverse.jpg","US Mint\Bulk_Scrape\Presidential\2010-presidential-dollar-coin-james-buchanan-uncirculated-obverse.jpg"
"2010-presidential-dollar-coin-millard-fillmore-uncirculated-obverse.jpg","US Mint\Bulk_Scrape\Presidential\2010-presidential-dollar-coin-millard-fillmore-uncirculated-obverse.jpg"
"2011-american-eagle-platinum-one-ounce-proof-coin-reverse.jpg","US Mint\Bulk_Scrape\American_Eagle\2011-american-eagle-platinum-one-ounce-proof-coin-reverse.jpg"
"2011-america-the-beautiful-quarters-coin-chickasaw-oklahoma-uncirculated-reverse.jpg","US Mint\Bulk_Scrape\ATB\2011-america-the-beautiful-quarters-coin-chickasaw-oklahoma-uncirculated-reverse.jpg"
"2011-america-the-beautiful-quarters-coin-gettysburg-pennsylvania-uncirculated-reverse.jpg","US Mint\Bulk_Scrape\ATB\2011-america-the-beautiful-quarters-coin-gettysburg-pennsylvania-uncirculated-reverse.jpg"
"2011-america-the-beautiful-quarters-coin-glacier-wyoming-uncirculated-reverse.jpg","US Mint\Bulk_Scrape\ATB\2011-america-the-beautiful-quarters-coin-glacier-wyoming-uncirculated-reverse.jpg"
"2011-america-the-beautiful-quarters-coin-olympic-washington-uncirculated-reverse.jpg","US Mint\Bulk_Scrape\ATB\2011-america-the-beautiful-quarters-coin-olympic-washington-uncirculated-reverse.jpg"
"2011-america-the-beautiful-quarters-coin-vicksburg-mississippi-uncirculated-reverse.jpg","US Mint\Bulk_Scrape\ATB\2011-america-the-beautiful-quarters-coin-vicksburg-mississippi-uncirculated-reverse.jpg"
"2011-medal-of-honor-commemorative-gold-five-dollar-uncirculated-obverse.jpg","US Mint\Bulk_Scrape\Commemoratives_All\2011-medal-of-honor-commemorative-gold-five-dollar-uncirculated-obverse.jpg"
"2011-medal-of-honor-commemorative-silver-one-dollar-uncirculated-reverse.jpg","US Mint\Bulk_Scrape\Commemoratives_All\2011-medal-of-honor-commemorative-silver-one-dollar-uncirculated-reverse.jpg"
"2011-native-american-one-dollar-uncirculated-reverse.jpg","US Mint\Bulk_Scrape\Native_American\2011-native-american-one-dollar-uncirculated-reverse.jpg"
"2011-presidential-dollar-coin-andrew-johnson-uncirculated-obverse.jpg","US Mint\Bulk_Scrape\Presidential\2011-presidential-dollar-coin-andrew-johnson-uncirculated-obverse.jpg"
"2011-presidential-dollar-coin-grant-obverse.jpg","US Mint\Bulk_Scrape\Presidential\2011-presidential-dollar-coin-grant-obverse.jpg"
"2011-presidential-dollar-coin-james-garfield-uncirculated-obverse.jpg","US Mint\Bulk_Scrape\Presidential\2011-presidential-dollar-coin-james-garfield-uncirculated-obverse.jpg"
"2011-presidential-dollar-coin-rutherford-b-hayes-uncirculated-obverse.jpg","US Mint\Bulk_Scrape\Presidential\2011-presidential-dollar-coin-rutherford-b-hayes-uncirculated-obverse.jpg"
"2011-united-states-army-commemorative-clad-half-dollar-uncirculated-reverse.jpg","US Mint\Bulk_Scrape\Commemoratives_All\2011-united-states-army-commemorative-clad-half-dollar-uncirculated-reverse.jpg"
"2011-united-states-army-commemorative-gold-uncirculated-obverse.jpg","US Mint\Bulk_Scrape\Commemoratives_All\2011-united-states-army-commemorative-gold-uncirculated-obverse.jpg"
"2011-united-states-army-commemorative-silver-one-dollar-uncirculated-reverse.jpg","US Mint\Bulk_Scrape\Commemoratives_All\2011-united-states-army-commemorative-silver-one-dollar-uncirculated-reverse.jpg"
"2012-american-eagle-platinum-one-ounce-proof-coin-reverse.jpg","US Mint\Bulk_Scrape\American_Eagle\2012-american-eagle-platinum-one-ounce-proof-coin-reverse.jpg"
"2012-america-the-beautiful-quarters-coin-acadia-maine-uncirculated-reverse.jpg","US Mint\Bulk_Scrape\ATB\2012-america-the-beautiful-quarters-coin-acadia-maine-uncirculated-reverse.jpg"
"2012-america-the-beautiful-quarters-coin-chaco-culture-new-mexico-uncirculated-reverse.jpg","US Mint\Bulk_Scrape\ATB\2012-america-the-beautiful-quarters-coin-chaco-culture-new-mexico-uncirculated-reverse.jpg"
"2012-america-the-beautiful-quarters-coin-denali-alaska-uncirculated-reverse.jpg","US Mint\Bulk_Scrape\ATB\2012-america-the-beautiful-quarters-coin-denali-alaska-uncirculated-reverse.jpg"
"2012-america-the-beautiful-quarters-coin-el-yunque-puerto-rico-uncirculated-reverse.jpg","US Mint\Bulk_Scrape\ATB\2012-america-the-beautiful-quarters-coin-el-yunque-puerto-rico-uncirculated-reverse.jpg"
"2012-america-the-beautiful-quarters-coin-hawaii-volcanoes-hawaii-uncirculated-reverse.jpg","US Mint\Bulk_Scrape\ATB\2012-america-the-beautiful-quarters-coin-hawaii-volcanoes-hawaii-uncirculated-reverse.jpg"
"2012-infantry-soldier-commemorative-silver-one-dollar-uncirculated-obverse.jpg","US Mint\Bulk_Scrape\Commemoratives_All\2012-infantry-soldier-commemorative-silver-one-dollar-uncirculated-obverse.jpg"
"2012-infantry-soldier-commemorative-silver-one-dollar-uncirculated-reverse.jpg","US Mint\Bulk_Scrape\Commemoratives_All\2012-infantry-soldier-commemorative-silver-one-dollar-uncirculated-reverse.jpg"
"2012-native-american-one-dollar-uncirculated-reverse.jpg","US Mint\Bulk_Scrape\Native_American\2012-native-american-one-dollar-uncirculated-reverse.jpg"
"2012-presidential-dollar-coin-benjamin-harrison-uncirculated-obverse.jpg","US Mint\Bulk_Scrape\Presidential\2012-presidential-dollar-coin-benjamin-harrison-uncirculated-obverse.jpg"
"2012-presidential-dollar-coin-chester-arthur-uncirculated-obverse.jpg","US Mint\Bulk_Scrape\Presidential\2012-presidential-dollar-coin-chester-arthur-uncirculated-obverse.jpg"
"2012-presidential-dollar-coin-grover-cleveland-first-term-uncirculated-obverse.jpg","US Mint\Bulk_Scrape\Presidential\2012-presidential-dollar-coin-grover-cleveland-first-term-uncirculated-obverse.jpg"
"2012-presidential-dollar-coin-grover-cleveland-second-term-uncirculated-obverse.jpg","US Mint\Bulk_Scrape\Presidential\2012-presidential-dollar-coin-grover-cleveland-second-term-uncirculated-obverse.jpg"
"2012-star-spangled-banner-commemorative-gold-five-dollar-uncirculated-reverse.jpg","US Mint\Bulk_Scrape\Commemoratives_All\2012-star-spangled-banner-commemorative-gold-five-dollar-uncirculated-reverse.jpg"
"2012-star-spangled-banner-commemorative-silver-one-dollar-uncirculated-obverse.jpg","US Mint\Bulk_Scrape\Commemoratives_All\2012-star-spangled-banner-commemorative-silver-one-dollar-uncirculated-obverse.jpg"
"2013-american-eagle-platinum-one-ounce-proof-coin-reverse.jpg","US Mint\Bulk_Scrape\American_Eagle\2013-american-eagle-platinum-one-ounce-proof-coin-reverse.jpg"
"2013-america-the-beautiful-quarters-coin-fort-mchenry-maryland-uncirculated-reverse.jpg","US Mint\Bulk_Scrape\ATB\2013-america-the-beautiful-quarters-coin-fort-mchenry-maryland-uncirculated-reverse.jpg"
"2013-america-the-beautiful-quarters-coin-great-basin-nevada-uncirculated-reverse.jpg","US Mint\Bulk_Scrape\ATB\2013-america-the-beautiful-quarters-coin-great-basin-nevada-uncirculated-reverse.jpg"
"2013-america-the-beautiful-quarters-coin-mount-rushmore-south-dakota-uncirculated-reverse.jpg","US Mint\Bulk_Scrape\ATB\2013-america-the-beautiful-quarters-coin-mount-rushmore-south-dakota-uncirculated-reverse.jpg"
"2013-america-the-beautiful-quarters-coin-perrys-victory-ohio-uncirculated-reverse.jpg","US Mint\Bulk_Scrape\ATB\2013-america-the-beautiful-quarters-coin-perrys-victory-ohio-uncirculated-reverse.jpg"
"2013-america-the-beautiful-quarters-coin-white-mountain-new-hampshire-uncirculated-reverse.jpg","US Mint\Bulk_Scrape\ATB\2013-america-the-beautiful-quarters-coin-white-mountain-new-hampshire-uncirculated-reverse.jpg"
"2013-five-star-generals-commemorative-clad-half-dollar-uncirculated-obverse.jpg","US Mint\Bulk_Scrape\Commemoratives_All\2013-five-star-generals-commemorative-clad-half-dollar-uncirculated-obverse.jpg"
"2013-five-star-generals-commemorative-gold-five-dollar-proof-obverse.jpg","US Mint\Bulk_Scrape\Commemoratives_All\2013-five-star-generals-commemorative-gold-five-dollar-proof-obverse.jpg"
"2013-five-star-generals-commemorative-silver-one-dollar-proof-obverse.jpg","US Mint\Bulk_Scrape\Commemoratives_All\2013-five-star-generals-commemorative-silver-one-dollar-proof-obverse.jpg"
"2013-girl-scouts-centennial-commemorative-silver-one-dollar-uncirculated-obverse.jpg","US Mint\Bulk_Scrape\Commemoratives_All\2013-girl-scouts-centennial-commemorative-silver-one-dollar-uncirculated-obverse.jpg"
"2013-girl-scouts-centennial-commemorative-silver-one-dollar-uncirculated-reverse.jpg","US Mint\Bulk_Scrape\Commemoratives_All\2013-girl-scouts-centennial-commemorative-silver-one-dollar-uncirculated-reverse.jpg"
"2013-native-american-one-dollar-uncirculated-reverse.jpg","US Mint\Bulk_Scrape\Native_American\2013-native-american-one-dollar-uncirculated-reverse.jpg"
"2013-presidential-dollar-coin-theodore-roosevelt-uncirculated-obverse.jpg","US Mint\Bulk_Scrape\Presidential\2013-presidential-dollar-coin-theodore-roosevelt-uncirculated-obverse.jpg"
"2013-presidential-dollar-coin-william-howard-taft-uncirculated-obverse.jpg","US Mint\Bulk_Scrape\Presidential\2013-presidential-dollar-coin-william-howard-taft-uncirculated-obverse.jpg"
"2013-presidential-dollar-coin-william-mckinley-uncirculated-obverse.jpg","US Mint\Bulk_Scrape\Presidential\2013-presidential-dollar-coin-william-mckinley-uncirculated-obverse.jpg"
"2013-presidential-dollar-coin-woodrow-wilson-uncirculated-obverse.jpg","US Mint\Bulk_Scrape\Presidential\2013-presidential-dollar-coin-woodrow-wilson-uncirculated-obverse.jpg"
"2014-american-eagle-platinum-one-ounce-proof-coin-obverse.jpg","US Mint\Bulk_Scrape\American_Eagle\2014-american-eagle-platinum-one-ounce-proof-coin-obverse.jpg"
"2014-american-eagle-platinum-one-ounce-proof-coin-reverse.jpg","US Mint\Bulk_Scrape\American_Eagle\2014-american-eagle-platinum-one-ounce-proof-coin-reverse.jpg"
"2014-america-the-beautiful-quarters-coin-arches-utah-uncirculated-reverse.jpg","US Mint\Bulk_Scrape\ATB\2014-america-the-beautiful-quarters-coin-arches-utah-uncirculated-reverse.jpg"
"2014-america-the-beautiful-quarters-coin-everglades-florida-uncirculated-reverse.jpg","US Mint\Bulk_Scrape\ATB\2014-america-the-beautiful-quarters-coin-everglades-florida-uncirculated-reverse.jpg"
"2014-america-the-beautiful-quarters-coin-great-sand-dunes-colorado-uncirculated-reverse.jpg","US Mint\Bulk_Scrape\ATB\2014-america-the-beautiful-quarters-coin-great-sand-dunes-colorado-uncirculated-reverse.jpg"
"2014-america-the-beautiful-quarters-coin-great-smoky-mountains-tennessee-uncirculated-reverse.jpg","US Mint\Bulk_Scrape\ATB\2014-america-the-beautiful-quarters-coin-great-smoky-mountains-tennessee-uncirculated-reverse.jpg"
"2014-america-the-beautiful-quarters-coin-shenandoah-virginia-uncirculated-reverse.jpg","US Mint\Bulk_Scrape\ATB\2014-america-the-beautiful-quarters-coin-shenandoah-virginia-uncirculated-reverse.jpg"
"2014-civil-rights-act-of-1964-commemorative-silver-one-dollar-proof-obverse.jpg","US Mint\Bulk_Scrape\Commemoratives_All\2014-civil-rights-act-of-1964-commemorative-silver-one-dollar-proof-obverse.jpg"
"2014-civil-rights-act-of-1964-commemorative-silver-one-dollar-proof-reverse.jpg","US Mint\Bulk_Scrape\Commemoratives_All\2014-civil-rights-act-of-1964-commemorative-silver-one-dollar-proof-reverse.jpg"
"2014-civil-rights-act-of-1964-commemorative-silver-one-dollar-uncirculated-obverse.jpg","US Mint\Bulk_Scrape\Commemoratives_All\2014-civil-rights-act-of-1964-commemorative-silver-one-dollar-uncirculated-obverse.jpg"
"2014-civil-rights-act-of-1964-commemorative-silver-one-dollar-uncirculated-reverse.jpg","US Mint\Bulk_Scrape\Commemoratives_All\2014-civil-rights-act-of-1964-commemorative-silver-one-dollar-uncirculated-reverse.jpg"
"2014-national-baseball-hall-of-fame-commemorative-clad-half-dollar-proof-obverse.jpg","US Mint\Bulk_Scrape\Commemoratives_All\2014-national-baseball-hall-of-fame-commemorative-clad-half-dollar-proof-obverse.jpg"
"2014-national-baseball-hall-of-fame-commemorative-gold-five-dollar-uncirculated-obverse.jpg","US Mint\Bulk_Scrape\Commemoratives_All\2014-national-baseball-hall-of-fame-commemorative-gold-five-dollar-uncirculated-obverse.jpg"
"2014-national-baseball-hall-of-fame-commemorative-gold-five-dollar-uncirculated-obverse.jpg","US Mint\Bulk_Scrape\Commemoratives\2014-national-baseball-hall-of-fame-commemorative-gold-five-dollar-uncirculated-obverse.jpg"
"2014-national-baseball-hall-of-fame-commemorative-silver-one-dollar-uncirculated-reverse.jpg","US Mint\Bulk_Scrape\Commemoratives_All\2014-national-baseball-hall-of-fame-commemorative-silver-one-dollar-uncirculated-reverse.jpg"
"2014-native-american-one-dollar-uncirculated-reverse.jpg","US Mint\Bulk_Scrape\Native_American\2014-native-american-one-dollar-uncirculated-reverse.jpg"
"2014-presidential-dollar-coin-calvin-coolidge-uncirculated-obverse.jpg","US Mint\Bulk_Scrape\Presidential\2014-presidential-dollar-coin-calvin-coolidge-uncirculated-obverse.jpg"
"2014-presidential-dollar-coin-franklin-d-roosevelt-uncirculated-obverse.jpg","US Mint\Bulk_Scrape\Presidential\2014-presidential-dollar-coin-franklin-d-roosevelt-uncirculated-obverse.jpg"
"2014-presidential-dollar-coin-herbert-hoover-uncirculated-obverse.jpg","US Mint\Bulk_Scrape\Presidential\2014-presidential-dollar-coin-herbert-hoover-uncirculated-obverse.jpg"
"2014-presidential-dollar-coin-warren-g-harding-uncirculated-obverse.jpg","US Mint\Bulk_Scrape\Presidential\2014-presidential-dollar-coin-warren-g-harding-uncirculated-obverse.jpg"
"2015-american-eagle-platinum-one-ounce-proof-coin-reverse.jpg","US Mint\Bulk_Scrape\American_Eagle\2015-american-eagle-platinum-one-ounce-proof-coin-reverse.jpg"
"2015-america-the-beautiful-quarters-coin-blue-ridge-parkway-north-carolina-uncirculated-reverse.jpg","US Mint\Bulk_Scrape\ATB\2015-america-the-beautiful-quarters-coin-blue-ridge-parkway-north-carolina-uncirculated-reverse.jpg"
"2015-america-the-beautiful-quarters-coin-bombay-hook-delaware-uncirculated-reverse.jpg","US Mint\Bulk_Scrape\ATB\2015-america-the-beautiful-quarters-coin-bombay-hook-delaware-uncirculated-reverse.jpg"
"2015-america-the-beautiful-quarters-coin-homestead-nebraska-uncirculated-reverse.jpg","US Mint\Bulk_Scrape\ATB\2015-america-the-beautiful-quarters-coin-homestead-nebraska-uncirculated-reverse.jpg"
"2015-america-the-beautiful-quarters-coin-kisatchie-louisiana-uncirculated-reverse.jpg","US Mint\Bulk_Scrape\ATB\2015-america-the-beautiful-quarters-coin-kisatchie-louisiana-uncirculated-reverse.jpg"
"2015-america-the-beautiful-quarters-coin-saratoga-new-york-uncirculated-reverse.jpg","US Mint\Bulk_Scrape\ATB\2015-america-the-beautiful-quarters-coin-saratoga-new-york-uncirculated-reverse.jpg"
"2015-march-of-dimes-commemorative-silver-one-dollar-proof-obverse.jpg","US Mint\Bulk_Scrape\Commemoratives_All\2015-march-of-dimes-commemorative-silver-one-dollar-proof-obverse.jpg"
"2015-march-of-dimes-commemorative-silver-one-dollar-proof-reverse.jpg","US Mint\Bulk_Scrape\Commemoratives_All\2015-march-of-dimes-commemorative-silver-one-dollar-proof-reverse.jpg"
"2015-march-of-dimes-commemorative-silver-one-dollar-uncirculated-obverse.jpg","US Mint\Bulk_Scrape\Commemoratives_All\2015-march-of-dimes-commemorative-silver-one-dollar-uncirculated-obverse.jpg"
"2015-march-of-dimes-commemorative-silver-one-dollar-uncirculated-reverse.jpg","US Mint\Bulk_Scrape\Commemoratives_All\2015-march-of-dimes-commemorative-silver-one-dollar-uncirculated-reverse.jpg"
"2015-native-american-one-dollar-uncirculated-reverse.jpg","US Mint\Bulk_Scrape\Native_American\2015-native-american-one-dollar-uncirculated-reverse.jpg"
"2015-presidential-dollar-coin-dwight-d-eisenhower-uncirculated-obverse.jpg","US Mint\Bulk_Scrape\Presidential\2015-presidential-dollar-coin-dwight-d-eisenhower-uncirculated-obverse.jpg"
"2015-presidential-dollar-coin-harry-s-truman-uncirculated-obverse.jpg","US Mint\Bulk_Scrape\Presidential\2015-presidential-dollar-coin-harry-s-truman-uncirculated-obverse.jpg"
"2015-presidential-dollar-coin-john-f-kennedy-uncirculated-obverse.jpg","US Mint\Bulk_Scrape\Presidential\2015-presidential-dollar-coin-john-f-kennedy-uncirculated-obverse.jpg"
"2015-presidential-dollar-coin-lyndon-b-johnson-uncirculated-obverse.jpg","US Mint\Bulk_Scrape\Presidential\2015-presidential-dollar-coin-lyndon-b-johnson-uncirculated-obverse.jpg"
"2015-united-states-marshals-225th-anniversary-commemorative-clad-half-dollar-proof-obverse.jpg","US Mint\Bulk_Scrape\Commemoratives_All\2015-united-states-marshals-225th-anniversary-commemorative-clad-half-dollar-proof-obverse.jpg"
"2015-united-states-marshals-225th-anniversary-commemorative-gold-five-dollar-proof-reverse.jpg","US Mint\Bulk_Scrape\Commemoratives_All\2015-united-states-marshals-225th-anniversary-commemorative-gold-five-dollar-proof-reverse.jpg"
"2015-united-states-marshals-225th-anniversary-commemorative-silver-one-dollar-uncirculated-obverse.jpg","US Mint\Bulk_Scrape\Commemoratives_All\2015-united-states-marshals-225th-anniversary-commemorative-silver-one-dollar-uncirculated-obverse.jpg"
"2016-american-eagle-platinum-one-ounce-proof-coin-obverse.jpg","US Mint\Bulk_Scrape\American_Eagle\2016-american-eagle-platinum-one-ounce-proof-coin-obverse.jpg"
"2016-american-eagle-platinum-one-ounce-proof-coin-reverse.jpg","US Mint\Bulk_Scrape\American_Eagle\2016-american-eagle-platinum-one-ounce-proof-coin-reverse.jpg"
"2016-america-the-beautiful-quarters-coin-cumberland-gap-kentucky-uncirculated-reverse.jpg","US Mint\Bulk_Scrape\ATB\2016-america-the-beautiful-quarters-coin-cumberland-gap-kentucky-uncirculated-reverse.jpg"
"2016-america-the-beautiful-quarters-coin-fort-moultrie-south-carolina-uncirculated-reverse.jpg","US Mint\Bulk_Scrape\ATB\2016-america-the-beautiful-quarters-coin-fort-moultrie-south-carolina-uncirculated-reverse.jpg"
"2016-america-the-beautiful-quarters-coin-harpers-ferry-west-virginia-uncirculated-reverse.jpg","US Mint\Bulk_Scrape\ATB\2016-america-the-beautiful-quarters-coin-harpers-ferry-west-virginia-uncirculated-reverse.jpg"
"2016-america-the-beautiful-quarters-coin-shawnee-illinois-uncirculated-reverse.jpg","US Mint\Bulk_Scrape\ATB\2016-america-the-beautiful-quarters-coin-shawnee-illinois-uncirculated-reverse.jpg"
"2016-america-the-beautiful-quarters-coin-theodore-roosevelt-north-dakota-uncirculated-reverse.jpg","US Mint\Bulk_Scrape\ATB\2016-america-the-beautiful-quarters-coin-theodore-roosevelt-north-dakota-uncirculated-reverse.jpg"
"2016-mark-twain-commemorative-gold-proof-obverse.jpg","US Mint\Bulk_Scrape\Commemoratives_All\2016-mark-twain-commemorative-gold-proof-obverse.jpg"
"2016-mark-twain-commemorative-silver-uncirculated-reverse.jpg","US Mint\Bulk_Scrape\Commemoratives_All\2016-mark-twain-commemorative-silver-uncirculated-reverse.jpg"
"2016-national-park-service-centennial-commemorative-clad-proof-reverse.jpg","US Mint\Bulk_Scrape\Commemoratives_All\2016-national-park-service-centennial-commemorative-clad-proof-reverse.jpg"
"2016-national-park-service-centennial-commemorative-gold-uncirculated-obverse.jpg","US Mint\Bulk_Scrape\Commemoratives_All\2016-national-park-service-centennial-commemorative-gold-uncirculated-obverse.jpg"
"2016-national-park-service-centennial-commemorative-silver-proof-obverse.jpg","US Mint\Bulk_Scrape\Commemoratives_All\2016-national-park-service-centennial-commemorative-silver-proof-obverse.jpg"
"2016-native-american-one-dollar-uncirculated-reverse.jpg","US Mint\Bulk_Scrape\Native_American\2016-native-american-one-dollar-uncirculated-reverse.jpg"
"2016-presidential-dollar-coin-gerald-r-ford-uncirculated-obverse.jpg","US Mint\Bulk_Scrape\Presidential\2016-presidential-dollar-coin-gerald-r-ford-uncirculated-obverse.jpg"
"2016-presidential-dollar-coin-richard-m-nixon-uncirculated-obverse.jpg","US Mint\Bulk_Scrape\Presidential\2016-presidential-dollar-coin-richard-m-nixon-uncirculated-obverse.jpg"
"2016-presidential-dollar-coin-ronald-reagan-uncirculated-obverse.jpg","US Mint\Bulk_Scrape\Presidential\2016-presidential-dollar-coin-ronald-reagan-uncirculated-obverse.jpg"
"2016-W_Standing_Liberty_quarter_gold_attr_Professional_Coin_Grading_Service.jpg","wikipedia\historic_quarters\2016-W_Standing_Liberty_quarter_gold_attr_Professional_Coin_Grading_Service.jpg"
"2017-american-eagle-platinum-one-ounce-proof-coin-obverse.jpg","US Mint\Bulk_Scrape\American_Eagle\2017-american-eagle-platinum-one-ounce-proof-coin-obverse.jpg"
"2017-american-eagle-platinum-one-ounce-proof-coin-reverse.jpg","US Mint\Bulk_Scrape\American_Eagle\2017-american-eagle-platinum-one-ounce-proof-coin-reverse.jpg"
"2017-america-the-beautiful-quarters-coin-effigy-mounds-iowa-uncirculated-reverse.jpg","US Mint\Bulk_Scrape\ATB\2017-america-the-beautiful-quarters-coin-effigy-mounds-iowa-uncirculated-reverse.jpg"
"2017-america-the-beautiful-quarters-coin-ellis-island-new-jersey-uncirculated-reverse.jpg","US Mint\Bulk_Scrape\ATB\2017-america-the-beautiful-quarters-coin-ellis-island-new-jersey-uncirculated-reverse.jpg"
"2017-america-the-beautiful-quarters-coin-frederick-douglass-district-of-columbia-uncirculated-reverse.jpg","US Mint\Bulk_Scrape\ATB\2017-america-the-beautiful-quarters-coin-frederick-douglass-district-of-columbia-uncirculated-reverse.jpg"
"2017-america-the-beautiful-quarters-coin-george-rogers-clark-indiana-uncirculated-reverse.jpg","US Mint\Bulk_Scrape\ATB\2017-america-the-beautiful-quarters-coin-george-rogers-clark-indiana-uncirculated-reverse.jpg"
"2017-america-the-beautiful-quarters-coin-ozark-riverways-missouri-uncirculated-reverse.jpg","US Mint\Bulk_Scrape\ATB\2017-america-the-beautiful-quarters-coin-ozark-riverways-missouri-uncirculated-reverse.jpg"
"2017-boys-town-commemorative-clad-proof-obverse.jpg","US Mint\Bulk_Scrape\Commemoratives_All\2017-boys-town-commemorative-clad-proof-obverse.jpg"
"2017-boys-town-commemorative-gold-proof-obverse.jpg","US Mint\Bulk_Scrape\Commemoratives_All\2017-boys-town-commemorative-gold-proof-obverse.jpg"
"2017-boys-town-commemorative-silver-uncirculated-obverse-768x768-2.jpg","US Mint\Bulk_Scrape\Commemoratives_All\2017-boys-town-commemorative-silver-uncirculated-obverse-768x768-2.jpg"
"2017-lincoln-penny-uncirculated-obverse-philadelphia.jpg","US Mint\Bulk_Scrape\Penny\2017-lincoln-penny-uncirculated-obverse-philadelphia.jpg"
"2017-lions-clubs-commemorative-silver-proof-obverse.jpg","US Mint\Bulk_Scrape\Commemoratives_All\2017-lions-clubs-commemorative-silver-proof-obverse.jpg"
"2017-lions-clubs-commemorative-silver-proof-reverse.jpg","US Mint\Bulk_Scrape\Commemoratives_All\2017-lions-clubs-commemorative-silver-proof-reverse.jpg"
"2017-lions-clubs-commemorative-silver-uncirculated-obverse.jpg","US Mint\Bulk_Scrape\Commemoratives_All\2017-lions-clubs-commemorative-silver-uncirculated-obverse.jpg"
"2017-lions-clubs-commemorative-silver-uncirculated-reverse.jpg","US Mint\Bulk_Scrape\Commemoratives_All\2017-lions-clubs-commemorative-silver-uncirculated-reverse.jpg"
"2017-native-american-one-dollar-uncirculated-coin-reverse.jpg","US Mint\Bulk_Scrape\Native_American\2017-native-american-one-dollar-uncirculated-coin-reverse.jpg"
"2017-palladium-one-ounce-bullion-coin-obverse.jpg","US Mint\Bulk_Scrape\American_Eagle\2017-palladium-one-ounce-bullion-coin-obverse.jpg"
"2017-palladium-one-ounce-bullion-coin-reverse.jpg","US Mint\Bulk_Scrape\American_Eagle\2017-palladium-one-ounce-bullion-coin-reverse.jpg"
"2018-american-eagle-platinum-one-ounce-proof-coin-obverse.jpg","US Mint\Bulk_Scrape\American_Eagle\2018-american-eagle-platinum-one-ounce-proof-coin-obverse.jpg"
"2018-american-innovation-one-dollar-proof-coin-obverse.jpg","US Mint\Bulk_Scrape\American_Innovation\2018-american-innovation-one-dollar-proof-coin-obverse.jpg"
"2018-american-innovation-one-dollar-reverse-proof-coin-obverse.jpg","US Mint\Bulk_Scrape\American_Innovation\2018-american-innovation-one-dollar-reverse-proof-coin-obverse.jpg"
"2018-american-innovation-one-dollar-uncirculated-coin-reverse.jpg","US Mint\Bulk_Scrape\American_Innovation\2018-american-innovation-one-dollar-uncirculated-coin-reverse.jpg"
"2018-america-the-beautiful-quarters-coin-apostle-islands-wisconsin-uncirculated-reverse.jpg","US Mint\Bulk_Scrape\ATB\2018-america-the-beautiful-quarters-coin-apostle-islands-wisconsin-uncirculated-reverse.jpg"
"2018-america-the-beautiful-quarters-coin-block-island-rhode-island-uncirculated-reverse.jpg","US Mint\Bulk_Scrape\ATB\2018-america-the-beautiful-quarters-coin-block-island-rhode-island-uncirculated-reverse.jpg"
"2018-america-the-beautiful-quarters-coin-cumberland-island-georgia-uncirculated-reverse.jpg","US Mint\Bulk_Scrape\ATB\2018-america-the-beautiful-quarters-coin-cumberland-island-georgia-uncirculated-reverse.jpg"
"2018-america-the-beautiful-quarters-coin-pictured-rocks-michigan-uncirculated-reverse.jpg","US Mint\Bulk_Scrape\ATB\2018-america-the-beautiful-quarters-coin-pictured-rocks-michigan-uncirculated-reverse.jpg"
"2018-america-the-beautiful-quarters-coin-voyageurs-minnesota-uncirculated-reverse.jpg","US Mint\Bulk_Scrape\ATB\2018-america-the-beautiful-quarters-coin-voyageurs-minnesota-uncirculated-reverse.jpg"
"2018-breast-cancer-awareness-commemorative-clad-uncirculated-coin-reverse.jpg","US Mint\Bulk_Scrape\Commemoratives_All\2018-breast-cancer-awareness-commemorative-clad-uncirculated-coin-reverse.jpg"
"2018-breast-cancer-awareness-commemorative-gold-proof-coin-reverse.jpg","US Mint\Bulk_Scrape\Commemoratives_All\2018-breast-cancer-awareness-commemorative-gold-proof-coin-reverse.jpg"
"2018-breast-cancer-awareness-commemorative-silver-proof-coin-obverse.jpg","US Mint\Bulk_Scrape\Commemoratives_All\2018-breast-cancer-awareness-commemorative-silver-proof-coin-obverse.jpg"
"2018-native-american-one-dollar-uncirculated-coin-reverse.jpg","US Mint\Bulk_Scrape\Native_American\2018-native-american-one-dollar-uncirculated-coin-reverse.jpg"
"2018-world-war-one-centennial-commemorative-silver-proof-obverse.jpg","US Mint\Bulk_Scrape\Commemoratives_All\2018-world-war-one-centennial-commemorative-silver-proof-obverse.jpg"
"2018-world-war-one-centennial-commemorative-silver-proof-reverse.jpg","US Mint\Bulk_Scrape\Commemoratives_All\2018-world-war-one-centennial-commemorative-silver-proof-reverse.jpg"
"2018-world-war-one-centennial-commemorative-silver-uncirculated-obverse.jpg","US Mint\Bulk_Scrape\Commemoratives_All\2018-world-war-one-centennial-commemorative-silver-uncirculated-obverse.jpg"
"2018-world-war-one-centennial-commemorative-silver-uncirculated-reverse.jpg","US Mint\Bulk_Scrape\Commemoratives_All\2018-world-war-one-centennial-commemorative-silver-uncirculated-reverse.jpg"
"2019-american-eagle-platinum-one-ounce-proof-coin-obverse.jpg","US Mint\Bulk_Scrape\American_Eagle\2019-american-eagle-platinum-one-ounce-proof-coin-obverse.jpg"
"2019-american-innovation-one-dollar-coin-delaware-uncirculated-reverse.jpg","US Mint\Bulk_Scrape\American_Innovation\2019-american-innovation-one-dollar-coin-delaware-uncirculated-reverse.jpg"
"2019-american-innovation-one-dollar-coin-georgia-uncirculated-reverse.jpg","US Mint\Bulk_Scrape\American_Innovation\2019-american-innovation-one-dollar-coin-georgia-uncirculated-reverse.jpg"
"2019-american-innovation-one-dollar-coin-new-jersey-uncirculated-reverse.jpg","US Mint\Bulk_Scrape\American_Innovation\2019-american-innovation-one-dollar-coin-new-jersey-uncirculated-reverse.jpg"
"2019-american-innovation-one-dollar-coin-pennsylvania-uncirculated-reverse.jpg","US Mint\Bulk_Scrape\American_Innovation\2019-american-innovation-one-dollar-coin-pennsylvania-uncirculated-reverse.jpg"
"2019-american-legion-100th-anniversary-commemorative-clad-proof-half-dollar-obverse.jpg","US Mint\Bulk_Scrape\Commemoratives_All\2019-american-legion-100th-anniversary-commemorative-clad-proof-half-dollar-obverse.jpg"
"2019-american-legion-100th-anniversary-commemorative-gold-proof-five-dollar-reverse.jpg","US Mint\Bulk_Scrape\Commemoratives_All\2019-american-legion-100th-anniversary-commemorative-gold-proof-five-dollar-reverse.jpg"
"2019-american-legion-100th-anniversary-commemorative-silver-uncirculated-one-dollar-obverse.jpg","US Mint\Bulk_Scrape\Commemoratives_All\2019-american-legion-100th-anniversary-commemorative-silver-uncirculated-one-dollar-obverse.jpg"
"2019-america-the-beautiful-quarters-coin-american-memorial-park-northern-mariana-islands-uncirculated-reverse.jpg","US Mint\Bulk_Scrape\ATB\2019-america-the-beautiful-quarters-coin-american-memorial-park-northern-mariana-islands-uncirculated-reverse.jpg"
"2019-america-the-beautiful-quarters-coin-lowell-massachusetts-uncirculated-reverse.jpg","US Mint\Bulk_Scrape\ATB\2019-america-the-beautiful-quarters-coin-lowell-massachusetts-uncirculated-reverse.jpg"
"2019-america-the-beautiful-quarters-coin-river-of-no-return-wilderness-idaho-uncirculated-reverse.jpg","US Mint\Bulk_Scrape\ATB\2019-america-the-beautiful-quarters-coin-river-of-no-return-wilderness-idaho-uncirculated-reverse.jpg"
"2019-america-the-beautiful-quarters-coin-san-antonio-missions-texas-uncirculated-reverse.jpg","US Mint\Bulk_Scrape\ATB\2019-america-the-beautiful-quarters-coin-san-antonio-missions-texas-uncirculated-reverse.jpg"
"2019-america-the-beautiful-quarters-coin-war-in-the-pacific-guam-uncirculated-reverse.jpg","US Mint\Bulk_Scrape\ATB\2019-america-the-beautiful-quarters-coin-war-in-the-pacific-guam-uncirculated-reverse.jpg"
"2019-apollo-11-50th-anniversary-commemorative-clad-proof-half-dollar-obverse.jpg","US Mint\Bulk_Scrape\Commemoratives_All\2019-apollo-11-50th-anniversary-commemorative-clad-proof-half-dollar-obverse.jpg"
"2019-apollo-11-50th-anniversary-commemorative-five-ounce-proof-silver-dollar-reverse.jpg","US Mint\Bulk_Scrape\Commemoratives_All\2019-apollo-11-50th-anniversary-commemorative-five-ounce-proof-silver-dollar-reverse.jpg"
"2019-apollo-11-50th-anniversary-commemorative-gold-proof-five-dollar-reverse.jpg","US Mint\Bulk_Scrape\Commemoratives\2019-apollo-11-50th-anniversary-commemorative-gold-proof-five-dollar-reverse.jpg"
"2019-apollo-11-50th-anniversary-commemorative-gold-uncirculated-five-dollar-obverse.jpg","US Mint\Bulk_Scrape\Commemoratives_All\2019-apollo-11-50th-anniversary-commemorative-gold-uncirculated-five-dollar-obverse.jpg"
"2019-apollo-11-50th-anniversary-commemorative-silver-uncirculated-one-dollar-coin-reverse.jpg","US Mint\Bulk_Scrape\Commemoratives_All\2019-apollo-11-50th-anniversary-commemorative-silver-uncirculated-one-dollar-coin-reverse.jpg"
"2019-lincoln-penny-proof-obverse-west-point.jpg","US Mint\Bulk_Scrape\Penny\2019-lincoln-penny-proof-obverse-west-point.jpg"
"2019-native-american-one-dollar-uncirculated-reverse.jpg","US Mint\Bulk_Scrape\Native_American\2019-native-american-one-dollar-uncirculated-reverse.jpg"
"2020-american-eagle-platinum-one-ounce-proof-coin-obverse.jpg","US Mint\Bulk_Scrape\American_Eagle\2020-american-eagle-platinum-one-ounce-proof-coin-obverse.jpg"
"2020-american-eagle-platinum-one-ounce-proof-coin-reverse.jpg","US Mint\Bulk_Scrape\American_Eagle\2020-american-eagle-platinum-one-ounce-proof-coin-reverse.jpg"
"2020-american-innovation-one-dollar-coin-connecticut-uncirculated-reverse.jpg","US Mint\Bulk_Scrape\American_Innovation\2020-american-innovation-one-dollar-coin-connecticut-uncirculated-reverse.jpg"
"2020-american-innovation-one-dollar-coin-maryland-uncirculated-reverse.jpg","US Mint\Bulk_Scrape\American_Innovation\2020-american-innovation-one-dollar-coin-maryland-uncirculated-reverse.jpg"
"2020-american-innovation-one-dollar-coin-massachusetts-uncirculated-reverse.jpg","US Mint\Bulk_Scrape\American_Innovation\2020-american-innovation-one-dollar-coin-massachusetts-uncirculated-reverse.jpg"
"2020-american-innovation-one-dollar-coin-south-carolina-uncirculated-reverse.jpg","US Mint\Bulk_Scrape\American_Innovation\2020-american-innovation-one-dollar-coin-south-carolina-uncirculated-reverse.jpg"
"2020-america-the-beautiful-quarters-coin-marsh-billings-rockefeller-vermont-uncirculated-reverse.jpg","US Mint\Bulk_Scrape\ATB\2020-america-the-beautiful-quarters-coin-marsh-billings-rockefeller-vermont-uncirculated-reverse.jpg"
"2020-america-the-beautiful-quarters-coin-national-park-of-american-samoa-uncirculated-reverse.jpg","US Mint\Bulk_Scrape\Generic_Quarters\2020-america-the-beautiful-quarters-coin-national-park-of-american-samoa-uncirculated-reverse.jpg"
"2020-america-the-beautiful-quarters-coin-national-park-of-american-samoa-uncirculated-reverse.jpg","US Mint\Bulk_Scrape\ATB\2020-america-the-beautiful-quarters-coin-national-park-of-american-samoa-uncirculated-reverse.jpg"
"2020-america-the-beautiful-quarters-coin-salt-river-bay-us-virgin-islands-uncirculated-reverse.jpg","US Mint\Bulk_Scrape\ATB\2020-america-the-beautiful-quarters-coin-salt-river-bay-us-virgin-islands-uncirculated-reverse.jpg"
"2020-america-the-beautiful-quarters-coin-tallgrass-prairie-kansas-uncirculated-reverse.jpg","US Mint\Bulk_Scrape\ATB\2020-america-the-beautiful-quarters-coin-tallgrass-prairie-kansas-uncirculated-reverse.jpg"
"2020-america-the-beautiful-quarters-coin-weir-farm-connecticut-uncirculated-reverse.jpg","US Mint\Bulk_Scrape\ATB\2020-america-the-beautiful-quarters-coin-weir-farm-connecticut-uncirculated-reverse.jpg"
"2020-basketball-hall-of-fame-commemorative-clad-half-dollar-proof-colorized-reverse.jpg","US Mint\Bulk_Scrape\Commemoratives_All\2020-basketball-hall-of-fame-commemorative-clad-half-dollar-proof-colorized-reverse.jpg"
"2020-basketball-hall-of-fame-commemorative-clad-half-dollar-proof-colorized-reverse.jpg","US Mint\Bulk_Scrape\Commemoratives\2020-basketball-hall-of-fame-commemorative-clad-half-dollar-proof-colorized-reverse.jpg"
"2020-basketball-hall-of-fame-commemorative-gold-five-dollar-proof-obverse.jpg","US Mint\Bulk_Scrape\Commemoratives_All\2020-basketball-hall-of-fame-commemorative-gold-five-dollar-proof-obverse.jpg"
"2020-basketball-hall-of-fame-commemorative-silver-one-dollar-proof-colorized-reverse.jpg","US Mint\Bulk_Scrape\Commemoratives_All\2020-basketball-hall-of-fame-commemorative-silver-one-dollar-proof-colorized-reverse.jpg"
"2020-native-american-one-dollar-uncirculated-coin-reverse.jpg","US Mint\Bulk_Scrape\Native_American\2020-native-american-one-dollar-uncirculated-coin-reverse.jpg"
"2020-presidential-dollar-coin-george-hw-bush-uncirculated-obverse.jpg","US Mint\Bulk_Scrape\Presidential\2020-presidential-dollar-coin-george-hw-bush-uncirculated-obverse.jpg"
"2020-womens-suffrage-centennial-commemorative-silver-dollar-proof-obverse.jpg","US Mint\Bulk_Scrape\Commemoratives_All\2020-womens-suffrage-centennial-commemorative-silver-dollar-proof-obverse.jpg"
"2020-womens-suffrage-centennial-commemorative-silver-dollar-proof-reverse.jpg","US Mint\Bulk_Scrape\Commemoratives_All\2020-womens-suffrage-centennial-commemorative-silver-dollar-proof-reverse.jpg"
"2020-womens-suffrage-centennial-commemorative-silver-dollar-uncirculated-obverse.jpg","US Mint\Bulk_Scrape\Commemoratives_All\2020-womens-suffrage-centennial-commemorative-silver-dollar-uncirculated-obverse.jpg"
"2020-womens-suffrage-centennial-commemorative-silver-dollar-uncirculated-reverse.jpg","US Mint\Bulk_Scrape\Commemoratives_All\2020-womens-suffrage-centennial-commemorative-silver-dollar-uncirculated-reverse.jpg"
"2021-american-eagle-platinum-proof-coin-obverse.jpg","US Mint\Bulk_Scrape\American_Eagle\2021-american-eagle-platinum-proof-coin-obverse.jpg"
"2021-american-innovation-one-dollar-coin-new-hampshire-uncirculated-reverse.jpg","US Mint\Bulk_Scrape\American_Innovation\2021-american-innovation-one-dollar-coin-new-hampshire-uncirculated-reverse.jpg"
"2021-american-innovation-one-dollar-coin-new-york-uncirculated-reverse.jpg","US Mint\Bulk_Scrape\American_Innovation\2021-american-innovation-one-dollar-coin-new-york-uncirculated-reverse.jpg"
"2021-american-innovation-one-dollar-coin-north-carolina-uncirculated-reverse.jpg","US Mint\Bulk_Scrape\American_Innovation\2021-american-innovation-one-dollar-coin-north-carolina-uncirculated-reverse.jpg"
"2021-american-innovation-one-dollar-coin-virginia-uncirculated-reverse.jpg","US Mint\Bulk_Scrape\American_Innovation\2021-american-innovation-one-dollar-coin-virginia-uncirculated-reverse.jpg"
"2021-america-the-beautiful-quarters-coin-tuskegee-airmen-alabama-uncirculated-reverse.jpg","US Mint\Bulk_Scrape\ATB\2021-america-the-beautiful-quarters-coin-tuskegee-airmen-alabama-uncirculated-reverse.jpg"
"2021-christa-mcauliffe-commemorative-coin-proof-obverse.jpg","US Mint\Bulk_Scrape\Commemoratives_All\2021-christa-mcauliffe-commemorative-coin-proof-obverse.jpg"
"2021-christa-mcauliffe-commemorative-coin-proof-reverse.jpg","US Mint\Bulk_Scrape\Commemoratives_All\2021-christa-mcauliffe-commemorative-coin-proof-reverse.jpg"
"2021-christa-mcauliffe-commemorative-coin-uncirculated-obverse.jpg","US Mint\Bulk_Scrape\Commemoratives_All\2021-christa-mcauliffe-commemorative-coin-uncirculated-obverse.jpg"
"2021-christa-mcauliffe-commemorative-coin-uncirculated-reverse.jpg","US Mint\Bulk_Scrape\Commemoratives_All\2021-christa-mcauliffe-commemorative-coin-uncirculated-reverse.jpg"
"2021-general-george-washington-crossing-the-delaware-quarter-proof-obverse.jpg","US Mint\Bulk_Scrape\Washington_Delaware\2021-general-george-washington-crossing-the-delaware-quarter-proof-obverse.jpg"
"2021-general-george-washington-crossing-the-delaware-quarter-proof-reverse.jpg","US Mint\Bulk_Scrape\Washington_Delaware\2021-general-george-washington-crossing-the-delaware-quarter-proof-reverse.jpg"
"2021-general-george-washington-crossing-the-delaware-quarter-uncirculated-obverse-philadelphia.jpg","US Mint\Bulk_Scrape\Washington_Delaware\2021-general-george-washington-crossing-the-delaware-quarter-uncirculated-obverse-philadelphia.jpg"
"2021-general-george-washington-crossing-the-delaware-quarter-uncirculated-reverse.jpg","US Mint\Bulk_Scrape\Washington_Delaware\2021-general-george-washington-crossing-the-delaware-quarter-uncirculated-reverse.jpg"
"2021-general-george-washington-crossing-the-delaware-quarter-uncirculated-reverse.jpg","US Mint\Bulk_Scrape\Generic_Quarters\2021-general-george-washington-crossing-the-delaware-quarter-uncirculated-reverse.jpg"
"2021-national-law-enforcement-memorial-and-museum-clad-coin-proof-obverse.jpg","US Mint\Bulk_Scrape\Commemoratives_All\2021-national-law-enforcement-memorial-and-museum-clad-coin-proof-obverse.jpg"
"2021-national-law-enforcement-memorial-and-museum-clad-coin-proof-reverse.jpg","US Mint\Bulk_Scrape\Commemoratives_All\2021-national-law-enforcement-memorial-and-museum-clad-coin-proof-reverse.jpg"
"2021-national-law-enforcement-memorial-and-museum-gold-coin-proof-obverse.jpg","US Mint\Bulk_Scrape\Commemoratives_All\2021-national-law-enforcement-memorial-and-museum-gold-coin-proof-obverse.jpg"
"2021-national-law-enforcement-memorial-and-museum-silver-coin-uncirculated-reverse.jpg","US Mint\Bulk_Scrape\Commemoratives_All\2021-national-law-enforcement-memorial-and-museum-silver-coin-uncirculated-reverse.jpg"
"2021-native-american-one-dollar-uncirculated-coin-reverse.jpg","US Mint\Bulk_Scrape\Native_American\2021-native-american-one-dollar-uncirculated-coin-reverse.jpg"
"2022%20Anna%20May%20Wong.jpg","si_quarters\American Women Quarters™ Program _ Smithsonian American Women's History Museum_files\2022%20Anna%20May%20Wong.jpg"
"2022%20Maya%20Angelou.jpg","si_quarters\American Women Quarters™ Program _ Smithsonian American Women's History Museum_files\2022%20Maya%20Angelou.jpg"
"2022%20Nina%20Otero-Warren.jpg","si_quarters\American Women Quarters™ Program _ Smithsonian American Women's History Museum_files\2022%20Nina%20Otero-Warren.jpg"
"2022%20Sally%20Ride.jpg","si_quarters\American Women Quarters™ Program _ Smithsonian American Women's History Museum_files\2022%20Sally%20Ride.jpg"
"2022%20Wilma%20Mankiller.jpg","si_quarters\American Women Quarters™ Program _ Smithsonian American Women's History Museum_files\2022%20Wilma%20Mankiller.jpg"
"2022-american-eagle-platinum-proof-coin-obverse.jpg","US Mint\Bulk_Scrape\American_Eagle\2022-american-eagle-platinum-proof-coin-obverse.jpg"
"2022-american-eagle-silver-one-ounce-bullion-coin-obverse_attr_US_Mint.png","AJ's\2022-american-eagle-silver-one-ounce-bullion-coin-obverse_attr_US_Mint.png"
"2022-american-innovation-one-dollar-coin-kentucky-uncirculated-reverse.jpg","US Mint\Bulk_Scrape\American_Innovation\2022-american-innovation-one-dollar-coin-kentucky-uncirculated-reverse.jpg"
"2022-american-innovation-one-dollar-coin-rhode-island-uncirculated-reverse.jpg","US Mint\Bulk_Scrape\American_Innovation\2022-american-innovation-one-dollar-coin-rhode-island-uncirculated-reverse.jpg"
"2022-american-innovation-one-dollar-coin-tennessee-uncirculated-reverse.jpg","US Mint\Bulk_Scrape\American_Innovation\2022-american-innovation-one-dollar-coin-tennessee-uncirculated-reverse.jpg"
"2022-american-innovation-one-dollar-coin-vermont-uncirculated-reverse.jpg","US Mint\Bulk_Scrape\American_Innovation\2022-american-innovation-one-dollar-coin-vermont-uncirculated-reverse.jpg"
"2022-american-women-quarters-coin-uncirculated-obverse-philadelphia.jpg","US Mint\Bulk_Scrape\Generic_Quarters\2022-american-women-quarters-coin-uncirculated-obverse-philadelphia.jpg"
"2022-national-purple-heart-hall-of-honor-commemorative-clad-coin-proof-reverse.jpg","US Mint\Bulk_Scrape\Commemoratives_All\2022-national-purple-heart-hall-of-honor-commemorative-clad-coin-proof-reverse.jpg"
"2022-national-purple-heart-hall-of-honor-commemorative-clad-coin-uncirculated-obverse.jpg","US Mint\Bulk_Scrape\Commemoratives_All\2022-national-purple-heart-hall-of-honor-commemorative-clad-coin-uncirculated-obverse.jpg"
"2022-national-purple-heart-hall-of-honor-commemorative-gold-coin-proof-obverse.jpg","US Mint\Bulk_Scrape\Commemoratives_All\2022-national-purple-heart-hall-of-honor-commemorative-gold-coin-proof-obverse.jpg"
"2022-national-purple-heart-hall-of-honor-commemorative-silver-coin-proof-colorized-obverse.jpg","US Mint\Bulk_Scrape\Commemoratives\2022-national-purple-heart-hall-of-honor-commemorative-silver-coin-proof-colorized-obverse.jpg"
"2022-national-purple-heart-hall-of-honor-commemorative-silver-coin-proof-colorized-obverse.jpg","US Mint\Bulk_Scrape\Commemoratives_All\2022-national-purple-heart-hall-of-honor-commemorative-silver-coin-proof-colorized-obverse.jpg"
"2022-native-american-one-dollar-uncirculated-coin-reverse.jpg","US Mint\Bulk_Scrape\Native_American\2022-native-american-one-dollar-uncirculated-coin-reverse.jpg"
"2022-negro-leagues-baseball-commemorative-clad-proof-obverse.jpg","US Mint\Bulk_Scrape\Commemoratives_All\2022-negro-leagues-baseball-commemorative-clad-proof-obverse.jpg"
"2022-negro-leagues-baseball-commemorative-gold-proof-obverse.jpg","US Mint\Bulk_Scrape\Commemoratives_All\2022-negro-leagues-baseball-commemorative-gold-proof-obverse.jpg"
"2022-negro-leagues-baseball-commemorative-silver-proof-reverse.jpg","US Mint\Bulk_Scrape\Commemoratives_All\2022-negro-leagues-baseball-commemorative-silver-proof-reverse.jpg"
"2022-negro-leagues-baseball-commemorative-silver-uncirculated-obverse.jpg","US Mint\Bulk_Scrape\Commemoratives_All\2022-negro-leagues-baseball-commemorative-silver-uncirculated-obverse.jpg"
"2023%20Bessie%20Coleman.jpg","si_quarters\American Women Quarters™ Program _ Smithsonian American Women's History Museum_files\2023%20Bessie%20Coleman.jpg"
"2023%20Edith%20Kanakaole.jpg","si_quarters\American Women Quarters™ Program _ Smithsonian American Women's History Museum_files\2023%20Edith%20Kanakaole.jpg"
"2023%20Eleanor%20Roosevelt.jpg","si_quarters\American Women Quarters™ Program _ Smithsonian American Women's History Museum_files\2023%20Eleanor%20Roosevelt.jpg"
"2023%20Jovita%20Idar.jpg","si_quarters\American Women Quarters™ Program _ Smithsonian American Women's History Museum_files\2023%20Jovita%20Idar.jpg"
"2023%20Maria%20Tallchief.jpg","si_quarters\American Women Quarters™ Program _ Smithsonian American Women's History Museum_files\2023%20Maria%20Tallchief.jpg"
"2023_Bessie_Coleman_Womens_Quarter.jpg","wikipedia\American_Women_quarters\2023_Bessie_Coleman_Womens_Quarter.jpg"
"2023_Edith_Kanakaʻole_Womens_Quarter.jpg","wikipedia\American_Women_quarters\2023_Edith_Kanakaʻole_Womens_Quarter.jpg"
"2023_Eleanor_Roosevelt_Womens_Quarter.jpg","wikipedia\American_Women_quarters\2023_Eleanor_Roosevelt_Womens_Quarter.jpg"
"2023_Jovita_Idar_Womens_Quarter.jpg","wikipedia\American_Women_quarters\2023_Jovita_Idar_Womens_Quarter.jpg"
"2023-american-eagle-palladium-one-ounce-uncirculated-coin-reverse.jpg","US Mint\Bulk_Scrape\American_Eagle\2023-american-eagle-palladium-one-ounce-uncirculated-coin-reverse.jpg"
"2023-american-eagle-platinum-proof-coin-obverse.jpg","US Mint\Bulk_Scrape\American_Eagle\2023-american-eagle-platinum-proof-coin-obverse.jpg"
"2023-american-innovation-one-dollar-coin-indiana-uncirculated-reverse.jpg","US Mint\Bulk_Scrape\American_Innovation\2023-american-innovation-one-dollar-coin-indiana-uncirculated-reverse.jpg"
"2023-american-innovation-one-dollar-coin-louisiana-uncirculated-reverse.jpg","US Mint\Bulk_Scrape\American_Innovation\2023-american-innovation-one-dollar-coin-louisiana-uncirculated-reverse.jpg"
"2023-american-innovation-one-dollar-coin-mississippi-uncirculated-reverse.jpg","US Mint\Bulk_Scrape\American_Innovation\2023-american-innovation-one-dollar-coin-mississippi-uncirculated-reverse.jpg"
"2023-american-innovation-one-dollar-coin-ohio-uncirculated-reverse.jpg","US Mint\Bulk_Scrape\American_Innovation\2023-american-innovation-one-dollar-coin-ohio-uncirculated-reverse.jpg"
"2023-native-american-one-dollar-uncirculated-coin-reverse.jpg","wikipedia\American_Women_quarters\2023-native-american-one-dollar-uncirculated-coin-reverse.jpg"
"2023-native-american-one-dollar-uncirculated-coin-reverse.jpg","US Mint\Bulk_Scrape\Native_American\2023-native-american-one-dollar-uncirculated-coin-reverse.jpg"
"2023-native-american-one-dollar-uncirculated-coin-reverse.webp","wikipedia\American_Women_quarters\2023-native-american-one-dollar-uncirculated-coin-reverse.webp"
"2024%20Celia%20Cruz.jpg","si_quarters\American Women Quarters™ Program _ Smithsonian American Women's History Museum_files\2024%20Celia%20Cruz.jpg"
"2024%20Mary%20Edwards.jpg","si_quarters\American Women Quarters™ Program _ Smithsonian American Women's History Museum_files\2024%20Mary%20Edwards.jpg"
"2024%20Patsy%20Takemoto%20Mink.jpg","si_quarters\American Women Quarters™ Program _ Smithsonian American Women's History Museum_files\2024%20Patsy%20Takemoto%20Mink.jpg"
"2024%20Pauli%20Murray.jpg","si_quarters\American Women Quarters™ Program _ Smithsonian American Women's History Museum_files\2024%20Pauli%20Murray.jpg"
"2024%20Zitkala%20Sa.jpg","si_quarters\American Women Quarters™ Program _ Smithsonian American Women's History Museum_files\2024%20Zitkala%20Sa.jpg"
"2024_Celia_Cruz_Womens_Quarter.jpg","wikipedia\American_Women_quarters\2024_Celia_Cruz_Womens_Quarter.jpg"
"2024_Mary_Edwards_Walker_Womens_Quarter.jpg","wikipedia\American_Women_quarters\2024_Mary_Edwards_Walker_Womens_Quarter.jpg"
"2024_Patsy_Takemoto_Mink_Womens_Quarter.jpg","wikipedia\American_Women_quarters\2024_Patsy_Takemoto_Mink_Womens_Quarter.jpg"
"202420Edwards.jpg","si_quarters\202420Edwards.jpg"
"2024-230th-anniversary-flowing-hair-gold-coin-obverse.jpg","US Mint\Bulk_Scrape\Flowing_Hair\2024-230th-anniversary-flowing-hair-gold-coin-obverse.jpg"
"2024-230th-anniversary-flowing-hair-gold-coin-reverse.jpg","US Mint\Bulk_Scrape\Flowing_Hair\2024-230th-anniversary-flowing-hair-gold-coin-reverse.jpg"
"2024-american-eagle-platinum-proof-coin-obverse.jpg","US Mint\Bulk_Scrape\American_Eagle\2024-american-eagle-platinum-proof-coin-obverse.jpg"
"2024-american-innovation-one-dollar-coin-alabama-uncirculated-reverse.jpg","US Mint\Bulk_Scrape\American_Innovation\2024-american-innovation-one-dollar-coin-alabama-uncirculated-reverse.jpg"
"2024-american-innovation-one-dollar-coin-illinois-uncirculated-reverse.jpg","US Mint\Bulk_Scrape\American_Innovation\2024-american-innovation-one-dollar-coin-illinois-uncirculated-reverse.jpg"
"2024-american-innovation-one-dollar-coin-maine-uncirculated-reverse.jpg","US Mint\Bulk_Scrape\American_Innovation\2024-american-innovation-one-dollar-coin-maine-uncirculated-reverse.jpg"
"2024-american-innovation-one-dollar-coin-missouri-uncirculated-reverse.jpg","US Mint\Bulk_Scrape\American_Innovation\2024-american-innovation-one-dollar-coin-missouri-uncirculated-reverse.jpg"
"2024-Flowing-Hair-Silver-Medal-Obverse.jpg","US Mint\Bulk_Scrape\Flowing_Hair\2024-Flowing-Hair-Silver-Medal-Obverse.jpg"
"2024-Flowing-Hair-Silver-Medal-Reverse.jpg","US Mint\Bulk_Scrape\Flowing_Hair\2024-Flowing-Hair-Silver-Medal-Reverse.jpg"
"2024-greatest-generation-commemorative-clad-proof-obverse.jpg","US Mint\Bulk_Scrape\Commemoratives_All\2024-greatest-generation-commemorative-clad-proof-obverse.jpg"
"2024-greatest-generation-commemorative-gold-proof-obverse.jpg","US Mint\Bulk_Scrape\Commemoratives_All\2024-greatest-generation-commemorative-gold-proof-obverse.jpg"
"2024-greatest-generation-commemorative-gold-proof-reverse.jpg","US Mint\Bulk_Scrape\Commemoratives_All\2024-greatest-generation-commemorative-gold-proof-reverse.jpg"
"2024-greatest-generation-commemorative-silver-proof-obverse.jpg","US Mint\Bulk_Scrape\Commemoratives_All\2024-greatest-generation-commemorative-silver-proof-obverse.jpg"
"2024-harriet-tubman-commemorative-clad-proof-obverse.jpg","US Mint\Bulk_Scrape\Commemoratives_All\2024-harriet-tubman-commemorative-clad-proof-obverse.jpg"
"2024-harriet-tubman-commemorative-gold-proof-obverse.jpg","US Mint\Bulk_Scrape\Commemoratives_All\2024-harriet-tubman-commemorative-gold-proof-obverse.jpg"
"2024-harriet-tubman-commemorative-silver-proof-obverse.jpg","US Mint\Bulk_Scrape\Commemoratives_All\2024-harriet-tubman-commemorative-silver-proof-obverse.jpg"
"2024-harriet-tubman-commemorative-silver-proof-reverse.jpg","US Mint\Bulk_Scrape\Commemoratives_All\2024-harriet-tubman-commemorative-silver-proof-reverse.jpg"
"2024-native-american-one-dollar-uncirculated-coin-reverse.jpg","US Mint\Bulk_Scrape\Native_American\2024-native-american-one-dollar-uncirculated-coin-reverse.jpg"
"2024-patsy-takemoto-mink_1.jpg","si_quarters\2024-patsy-takemoto-mink_1.jpg"
"2024-zitkala-sa-quarter.jpg","si_quarters\2024-zitkala-sa-quarter.jpg"
"2025-american-eagle-platinum-proof-coin-obverse.jpg","US Mint\Bulk_Scrape\American_Eagle\2025-american-eagle-platinum-proof-coin-obverse.jpg"
"2025-american-eagle-platinum-proof-coin-reverse.jpg","US Mint\Bulk_Scrape\American_Eagle\2025-american-eagle-platinum-proof-coin-reverse.jpg"
"2025-american-innovation-one-dollar-coin-arkansas-uncirculated-reverse.jpg","US Mint\Bulk_Scrape\American_Innovation\2025-american-innovation-one-dollar-coin-arkansas-uncirculated-reverse.jpg"
"2025-american-innovation-one-dollar-coin-florida-uncirculated-reverse.jpg","US Mint\Bulk_Scrape\American_Innovation\2025-american-innovation-one-dollar-coin-florida-uncirculated-reverse.jpg"
"2025-american-innovation-one-dollar-coin-michigan-uncirculated-reverse.jpg","US Mint\Bulk_Scrape\American_Innovation\2025-american-innovation-one-dollar-coin-michigan-uncirculated-reverse.jpg"
"2025-american-innovation-one-dollar-coin-texas-uncirculated-reverse.jpg","US Mint\Bulk_Scrape\American_Innovation\2025-american-innovation-one-dollar-coin-texas-uncirculated-reverse.jpg"
"2025-american-women-quarters-coin-althea-gibson-uncirculated-reverse-1.jpg","si_quarters\2025-american-women-quarters-coin-althea-gibson-uncirculated-reverse-1.jpg"
"2025-kennedy-half-dollar-uncirculated-obverse-philadelphia.jpg","US Mint\Bulk_Scrape\Half_Dollar\2025-kennedy-half-dollar-uncirculated-obverse-philadelphia.jpg"
"2025-kennedy-half-dollar-uncirculated-reverse.jpg","US Mint\Bulk_Scrape\Half_Dollar\2025-kennedy-half-dollar-uncirculated-reverse.jpg"
"2025-native-american-one-dollar-proof-coin-obverse.jpg","US Mint\Bulk_Scrape\Native_American\2025-native-american-one-dollar-proof-coin-obverse.jpg"
"2025-native-american-one-dollar-uncirculated-coin-reverse.jpg","US Mint\Bulk_Scrape\Native_American\2025-native-american-one-dollar-uncirculated-coin-reverse.jpg"
"2025-quarters-page-header-_2.png","si_quarters\American Women Quarters™ Program _ Smithsonian American Women's History Museum_files\2025-quarters-page-header-_2.png"
"2025-roosevelt-dime-uncirculated-obverse-denver.jpg","US Mint\Bulk_Scrape\Dime\2025-roosevelt-dime-uncirculated-obverse-denver.jpg"
"2025-roosevelt-dime-uncirculated-reverse.jpg","US Mint\Bulk_Scrape\Dime\2025-roosevelt-dime-uncirculated-reverse.jpg"
"2025-sacagawea-golden-dollar-proof-obverse.jpg","US Mint\Bulk_Scrape\Sacagawea\2025-sacagawea-golden-dollar-proof-obverse.jpg"
"2025-sacagawea-golden-dollar-proof-reverse.jpg","US Mint\Bulk_Scrape\Sacagawea\2025-sacagawea-golden-dollar-proof-reverse.jpg"
"2025-us-marine-corps-250th-anniversary-commemorative-gold-proof-reverse.jpg","US Mint\Bulk_Scrape\Commemoratives_All\2025-us-marine-corps-250th-anniversary-commemorative-gold-proof-reverse.jpg"
"2025-us-marine-corps-250th-anniversary-commemorative-silver-uncirculated-obverse.jpg","US Mint\Bulk_Scrape\Commemoratives_All\2025-us-marine-corps-250th-anniversary-commemorative-silver-uncirculated-obverse.jpg"
"2026_cent_collector-only_1776~2026_obverse.jpg","US Mint\2026_cent_collector-only_1776~2026_obverse.jpg"
"2026_cent_collector-only_1776~2026_reverse.jpg","US Mint\2026_cent_collector-only_1776~2026_reverse.jpg"
"2026_dime_emerging_liberty_obverse.jpg","US Mint\2026_dime_emerging_liberty_obverse.jpg"
"2026_dime_emerging_liberty_reverse.jpg","US Mint\2026_dime_emerging_liberty_reverse.jpg"
"2026_five_cents_1776~2026_dual_date_obverse.jpg","US Mint\2026_five_cents_1776~2026_dual_date_obverse.jpg"
"2026_five_cents_1776~2026_dual_date_reverse.jpg","US Mint\2026_five_cents_1776~2026_dual_date_reverse.jpg"
"2026_quarter_dollar_mayflower_compact_obverse.jpg","US Mint\2026_quarter_dollar_mayflower_compact_obverse.jpg"
"2026_quarter_dollar_mayflower_compact_reverse.jpg","US Mint\2026_quarter_dollar_mayflower_compact_reverse.jpg"
"2026_quarter_dollar_revolutionary_war_obverse.jpg","US Mint\2026_quarter_dollar_revolutionary_war_obverse.jpg"
"2026_quarter_dollar_revolutionary_war_reverse.jpg","US Mint\2026_quarter_dollar_revolutionary_war_reverse.jpg"
"2026-American-Innovation-Unc-Reverse-California.jpg","US Mint\Bulk_Scrape\American_Innovation\2026-American-Innovation-Unc-Reverse-California.jpg"
"2026-American-Innovation-Unc-Reverse-Iowa.jpg","US Mint\Bulk_Scrape\American_Innovation\2026-American-Innovation-Unc-Reverse-Iowa.jpg"
"2026-American-Innovation-Unc-Reverse-Minnesota.jpg","US Mint\Bulk_Scrape\American_Innovation\2026-American-Innovation-Unc-Reverse-Minnesota.jpg"
"2026-American-Innovation-Unc-Reverse-Wisconsin.jpg","US Mint\Bulk_Scrape\American_Innovation\2026-American-Innovation-Unc-Reverse-Wisconsin.jpg"
"26bm4_a.jpg","US Mint\Bulk_Scrape\1804_Set\26bm4_a.jpg"
"26bm4_b.jpg","US Mint\Bulk_Scrape\1804_Set\26bm4_b.jpg"
"26bm4_c v2.jpg","US Mint\Bulk_Scrape\1804_Set\26bm4_c v2.jpg"
"26bm4_c.jpg","US Mint\Bulk_Scrape\1804_Set\26bm4_c.jpg"
"26bm4_d.jpg","US Mint\Bulk_Scrape\1804_Set\26bm4_d.jpg"
"aip_barbara_fox.jpg","US Mint\Bulk_Scrape\Commemoratives_All\aip_barbara_fox.jpg"
"aip_chris_costello-2.jpg","US Mint\Bulk_Scrape\Commemoratives_All\aip_chris_costello-2.jpg"
"aip_christina_hess.jpg","US Mint\Bulk_Scrape\Commemoratives_All\aip_christina_hess.jpg"
"aip_don_everhart.jpg","US Mint\Bulk_Scrape\Commemoratives_All\aip_don_everhart.jpg"
"aip_donna_weaver.jpg","US Mint\Bulk_Scrape\Commemoratives_All\aip_donna_weaver.jpg"
"aip_emily_damstra.jpg","US Mint\Bulk_Scrape\Commemoratives_All\aip_emily_damstra.jpg"
"aip_justin_kunz.jpg","US Mint\Bulk_Scrape\Commemoratives_All\aip_justin_kunz.jpg"
"aip_laurie_musser.jpg","US Mint\Bulk_Scrape\Commemoratives_All\aip_laurie_musser.jpg"
"aip_patricia_lucas-morris.jpg","US Mint\Bulk_Scrape\Commemoratives_All\aip_patricia_lucas-morris.jpg"
"aip_richard_masters.jpg","US Mint\Bulk_Scrape\Commemoratives_All\aip_richard_masters.jpg"
"aip_ronald_sanders.jpg","US Mint\Bulk_Scrape\Commemoratives_All\aip_ronald_sanders.jpg"
"Althea_Gibson_quarter.webp","wikipedia\American_Women_quarters\Althea_Gibson_quarter.webp"
"American_Women_Quarter_2022_Anna_May_Wong.jpg","wikipedia\American_Women_quarters\American_Women_Quarter_2022_Anna_May_Wong.jpg"
"American_Women_quarter_2022_Maya_Angelou.jpeg","wikipedia\American_Women_quarters\American_Women_quarter_2022_Maya_Angelou.jpeg"
"American_Women_quarter_2022_Nina_Otero-Warren.png","wikipedia\American_Women_quarters\American_Women_quarter_2022_Nina_Otero-Warren.png"
"American_Women_quarter_2022_Sally_Ride.png","wikipedia\American_Women_quarters\American_Women_quarter_2022_Sally_Ride.png"
"American_Women_quarter_2022_Wilma_Mankiller.png","wikipedia\American_Women_quarters\American_Women_quarter_2022_Wilma_Mankiller.png"
"American-Eagle-Gold-Proof-Obverse.jpg","US Mint\Bulk_Scrape\American_Eagle\American-Eagle-Gold-Proof-Obverse.jpg"
"American-Eagle-Platinum-Proof-Obverse.jpg","US Mint\Bulk_Scrape\American_Eagle\American-Eagle-Platinum-Proof-Obverse.jpg"
"American-Eagle-Platinum-Proof-Reverse.jpg","US Mint\Bulk_Scrape\American_Eagle\American-Eagle-Platinum-Proof-Reverse.jpg"
"American-Eagle-Silver-Proof-Privy-Obverse.jpg","US Mint\Bulk_Scrape\American_Eagle\American-Eagle-Silver-Proof-Privy-Obverse.jpg"
"bicentennial-marines-medal-obverse1050x1050.jpg","US Mint\Bulk_Scrape\Bicentennial\bicentennial-marines-medal-obverse1050x1050.jpg"
"bicentennial-marines-medal-obverse1050x1050.jpg","US Mint\Bulk_Scrape\Bicentennial_Retry\bicentennial-marines-medal-obverse1050x1050.jpg"
"bicentennial-marines-medal-reverse1050x1050.jpg","US Mint\Bulk_Scrape\Bicentennial_Retry\bicentennial-marines-medal-reverse1050x1050.jpg"
"bicentennial-marines-medal-reverse1050x1050.jpg","US Mint\Bulk_Scrape\Bicentennial\bicentennial-marines-medal-reverse1050x1050.jpg"
"bicentennial-navy-medal-obverse1050x1050.jpg","US Mint\Bulk_Scrape\Bicentennial\bicentennial-navy-medal-obverse1050x1050.jpg"
"bicentennial-navy-medal-obverse1050x1050.jpg","US Mint\Bulk_Scrape\Bicentennial_Retry\bicentennial-navy-medal-obverse1050x1050.jpg"
"bicentennial-navy-medal-reverse1050x1050.jpg","US Mint\Bulk_Scrape\Bicentennial_Retry\bicentennial-navy-medal-reverse1050x1050.jpg"
"bicentennial-navy-medal-reverse1050x1050.jpg","US Mint\Bulk_Scrape\Bicentennial\bicentennial-navy-medal-reverse1050x1050.jpg"
"Buffalo_$50_Reverse_attr_US_Mint.png","AJ's\Buffalo_$50_Reverse_attr_US_Mint.png"
"Design_of_U_S_quarter_featuring_Dr_Vera_C_Rubin_(rubin-2025-americanwomen-quarterscoin-verarubin).jpg","wikipedia\American_Women_quarters\Design_of_U_S_quarter_featuring_Dr_Vera_C_Rubin_(rubin-2025-americanwomen-quarterscoin-verarubin).jpg"
"Design_of_U_S_quarter_featuring_Dr_Vera_C_Rubin_rubin-2025-americanwomen-quarterscoin-verarubin.jpg","wikipedia\American_Women_quarters\Design_of_U_S_quarter_featuring_Dr_Vera_C_Rubin_rubin-2025-americanwomen-quarterscoin-verarubin.jpg"
"Draped Bust_1803_dollar_reverse_attr_Bobby131313.jpeg","wikipedia\historic_quarters\Draped Bust_1803_dollar_reverse_attr_Bobby131313.jpeg"
"Drapped Bust_1803_dollar_obverse_attr_Bobby131313.jpg","wikipedia\historic_quarters\Drapped Bust_1803_dollar_obverse_attr_Bobby131313.jpg"
"franklin-half-dollar-obverse-1963.jpg","US Mint\Bulk_Scrape\Half_Dollar\franklin-half-dollar-obverse-1963.jpg"
"franklin-half-dollar-reverse-1963.jpg","US Mint\Bulk_Scrape\Half_Dollar\franklin-half-dollar-reverse-1963.jpg"
"gold-eagle-obverse-1795.jpg","US Mint\Bulk_Scrape\Gold_Eagles\gold-eagle-obverse-1795.jpg"
"gold-eagle-obverse-1808.jpg","US Mint\Bulk_Scrape\Gold_Eagles\gold-eagle-obverse-1808.jpg"
"gold-eagle-reverse-1795.jpg","US Mint\Bulk_Scrape\Gold_Eagles\gold-eagle-reverse-1795.jpg"
"gold-eagle-reverse-1808.jpg","US Mint\Bulk_Scrape\Gold_Eagles\gold-eagle-reverse-1808.jpg"
"ida-b.-wells-quarter-design.jpg","si_quarters\ida-b.-wells-quarter-design.jpg"
"juliettegordonlow-quarter.jpg","si_quarters\juliettegordonlow-quarter.jpg"
"Liberty_$1_Reverse_attr_US_Mint.png","AJ's\Liberty_$1_Reverse_attr_US_Mint.png"
"liberty-head-gold-background-1600x662.jpg","US Mint\Bulk_Scrape\Gold_Eagles\liberty-head-gold-background-1600x662.jpg"
"light-blue-background.jpg","US Mint\Bulk_Scrape\American_Eagle\light-blue-background.jpg"
"marine-corps-250th-commemorative-proof-clad-obverse.jpg","US Mint\Bulk_Scrape\Commemoratives_All\marine-corps-250th-commemorative-proof-clad-obverse.jpg"
"Mercury-Dime-Gold-Obverse.jpg","US Mint\HighRes_Scrape\Mercury-Dime-Gold-Obverse.jpg"
"Mercury-Dime-Gold-Reverse.jpg","US Mint\HighRes_Scrape\Mercury-Dime-Gold-Reverse.jpg"
"Mercury-Dime-Silver-Companion-Medal-Obverse.jpg","US Mint\HighRes_Scrape\Mercury-Dime-Silver-Companion-Medal-Obverse.jpg"
"Mercury-Dime-Silver-Companion-Medal-Reverse.jpg","US Mint\HighRes_Scrape\Mercury-Dime-Silver-Companion-Medal-Reverse.jpg"
"Native-American-$1-Proof-Reverse.jpg","US Mint\Bulk_Scrape\Native_American\Native-American-$1-Proof-Reverse.jpg"
"NNC-US-1795-G$10-Turban_Head_(small_eagle)_attr_US_Mint.jpg","AJ's\NNC-US-1795-G$10-Turban_Head_(small_eagle)_attr_US_Mint.jpg"
"NNC-US-1797-G$10-Turban_Head_(heraldic_eagle)_attr_US_Mint.jpg","AJ's\NNC-US-1797-G$10-Turban_Head_(heraldic_eagle)_attr_US_Mint.jpg"
"NNC-US-1839-G$10-Liberty_Head_(old_style)_attr_National_Museum_of_American_History.jpg","AJ's\NNC-US-1839-G$10-Liberty_Head_(old_style)_attr_National_Museum_of_American_History.jpg"
"NNC-US-1865-G$10-Liberty_Head_(new_style)_attr_National_Museum_of_American_History.jpg","AJ's\NNC-US-1865-G$10-Liberty_Head_(new_style)_attr_National_Museum_of_American_History.jpg"
"NNC-US-1866-G$10-Liberty_Head_(new_style_&_motto)_attr_National_Museum_of_American_History.jpg","AJ's\NNC-US-1866-G$10-Liberty_Head_(new_style_&_motto)_attr_National_Museum_of_American_History.jpg"
"NNC-US-1907-G$10-Indian_Head_(no_motto)_attr_National_Museum_of_American_History.jpg","AJ's\NNC-US-1907-G$10-Indian_Head_(no_motto)_attr_National_Museum_of_American_History.jpg"
"NNC-US-1908-G$10-Indian_Head_(motto)_attr_National_Museum_of_American_History.jpg","AJ's\NNC-US-1908-G$10-Indian_Head_(motto)_attr_National_Museum_of_American_History.jpg"
"NNC-US-1913-5C-Buffalo_Nickel_(TyI-mound)_attr_US_Mint.jpg","AJ's\NNC-US-1913-5C-Buffalo_Nickel_(TyI-mound)_attr_US_Mint.jpg"
"Omega-Penny-Obverse-Gold.jpg","US Mint\Bulk_Scrape\Penny\Omega-Penny-Obverse-Gold.jpg"
"palladium-left-background-1600x662.jpg","US Mint\Bulk_Scrape\American_Eagle\palladium-left-background-1600x662.jpg"
"paul_balan_aip.jpg","US Mint\Bulk_Scrape\Commemoratives_All\paul_balan_aip.jpg"
"phebe-hemphill-artist-headshot.jpg","US Mint\Bulk_Scrape\Commemoratives_All\phebe-hemphill-artist-headshot.jpg"
"q.png","si_quarters\American Women Quarters™ Program _ Smithsonian American Women's History Museum_files\q.png"
"q-1.png","si_quarters\American Women Quarters™ Program _ Smithsonian American Women's History Museum_files\q-1.png"
"q-2.png","si_quarters\American Women Quarters™ Program _ Smithsonian American Women's History Museum_files\q-2.png"
"q-3.png","si_quarters\American Women Quarters™ Program _ Smithsonian American Women's History Museum_files\q-3.png"
"q-4.png","si_quarters\American Women Quarters™ Program _ Smithsonian American Women's History Museum_files\q-4.png"
"Saint-Gaudens-Silver-Medal-Obverse.jpg","US Mint\HighRes_Scrape\Saint-Gaudens-Silver-Medal-Obverse.jpg"
"Saint-Gaudens-Silver-Medal-Reverse.jpg","US Mint\HighRes_Scrape\Saint-Gaudens-Silver-Medal-Reverse.jpg"
"screenshot-2025-03-24-at-1.11.45-pm.png","si_quarters\American Women Quarters™ Program _ Smithsonian American Women's History Museum_files\screenshot-2025-03-24-at-1.11.45-pm.png"
"sculptor-engraver-michael-gaudioso.jpg","US Mint\Bulk_Scrape\Commemoratives_All\sculptor-engraver-michael-gaudioso.jpg"
"SemiQ-Constitution-Obverse-Unc-D.jpg","US Mint\HighRes_Scrape\SemiQ-Constitution-Obverse-Unc-D.jpg"
"SemiQ-Constitution-Reverse-Unc.jpg","US Mint\HighRes_Scrape\SemiQ-Constitution-Reverse-Unc.jpg"
"SemiQ-Declaration-Obverse-Unc-P.jpg","US Mint\HighRes_Scrape\SemiQ-Declaration-Obverse-Unc-P.jpg"
"SemiQ-Declaration-Reverse-Unc.jpg","US Mint\HighRes_Scrape\SemiQ-Declaration-Reverse-Unc.jpg"
"SemiQ-Dime-Obverse-Unc-D.jpg","US Mint\Bulk_Scrape\Dime\SemiQ-Dime-Obverse-Unc-D.jpg"
"SemiQ-Dime-Obverse-Unc-D.jpg","US Mint\HighRes_Scrape\SemiQ-Dime-Obverse-Unc-D.jpg"
"SemiQ-Dime-Obverse-Unc-P.jpg","US Mint\Bulk_Scrape\Dime\SemiQ-Dime-Obverse-Unc-P.jpg"
"SemiQ-Dime-Reverse-Unc.jpg","US Mint\HighRes_Scrape\SemiQ-Dime-Reverse-Unc.jpg"
"SemiQ-Dime-Reverse-Unc.jpg","US Mint\Bulk_Scrape\Dime\SemiQ-Dime-Reverse-Unc.jpg"
"SemiQ-Gettysburg-Obverse-Unc-P.jpg","US Mint\HighRes_Scrape\SemiQ-Gettysburg-Obverse-Unc-P.jpg"
"SemiQ-Gettysburg-Reverse-Unc.jpg","US Mint\HighRes_Scrape\SemiQ-Gettysburg-Reverse-Unc.jpg"
"SemiQ-Half-Dollar-Obverse-Unc-D.jpg","US Mint\Bulk_Scrape\Half_Dollar\SemiQ-Half-Dollar-Obverse-Unc-D.jpg"
"SemiQ-Half-Dollar-Obverse-Unc-P.jpg","US Mint\HighRes_Scrape\SemiQ-Half-Dollar-Obverse-Unc-P.jpg"
"SemiQ-Half-Dollar-Reverse-Unc.jpg","US Mint\HighRes_Scrape\SemiQ-Half-Dollar-Reverse-Unc.jpg"
"SemiQ-Half-Dollar-Reverse-Unc.jpg","US Mint\Bulk_Scrape\Half_Dollar\SemiQ-Half-Dollar-Reverse-Unc.jpg"
"SemiQ-Mayflower-Obverse-Unc-D.jpg","US Mint\HighRes_Scrape\SemiQ-Mayflower-Obverse-Unc-D.jpg"
"SemiQ-Mayflower-Reverse-Unc.jpg","US Mint\HighRes_Scrape\SemiQ-Mayflower-Reverse-Unc.jpg"
"SemiQ-Nickel-Obverse-Unc-D.jpg","US Mint\Bulk_Scrape\Nickel\SemiQ-Nickel-Obverse-Unc-D.jpg"
"SemiQ-Nickel-Obverse-Unc-D.jpg","US Mint\HighRes_Scrape\SemiQ-Nickel-Obverse-Unc-D.jpg"
"SemiQ-Nickel-Obverse-Unc-P.jpg","US Mint\Bulk_Scrape\Nickel\SemiQ-Nickel-Obverse-Unc-P.jpg"
"SemiQ-Nickel-Reverse-Unc.jpg","US Mint\HighRes_Scrape\SemiQ-Nickel-Reverse-Unc.jpg"
"SemiQ-Nickel-Reverse-Unc.jpg","US Mint\Bulk_Scrape\Nickel\SemiQ-Nickel-Reverse-Unc.jpg"
"SemiQ-Penny-Obverse-Unc-D.jpg","US Mint\HighRes_Scrape\SemiQ-Penny-Obverse-Unc-D.jpg"
"SemiQ-Penny-Obverse-Unc-P.jpg","US Mint\Bulk_Scrape\Penny\SemiQ-Penny-Obverse-Unc-P.jpg"
"SemiQ-Penny-Reverse-Unc.jpg","US Mint\Bulk_Scrape\Penny\SemiQ-Penny-Reverse-Unc.jpg"
"SemiQ-Penny-Reverse-Unc.jpg","US Mint\HighRes_Scrape\SemiQ-Penny-Reverse-Unc.jpg"
"SemiQ-Revolutionary-War-Obverse-Unc-D.jpg","US Mint\HighRes_Scrape\SemiQ-Revolutionary-War-Obverse-Unc-D.jpg"
"SemiQ-Revolutionary-War-Reverse-Unc.jpg","US Mint\HighRes_Scrape\SemiQ-Revolutionary-War-Reverse-Unc.jpg"
"Stacey_Milbern_quarter.webp","wikipedia\American_Women_quarters\Stacey_Milbern_quarter.webp"
"Standing_Liberty_Quarter_Type1_1917S_Obverse_attr_John_Baumgart.png","wikipedia\historic_quarters\Standing_Liberty_Quarter_Type1_1917S_Obverse_attr_John_Baumgart.png"
"Standing_Liberty_Quarter_Type1_1917S_Reverse_attr_John_Baumgart.png","wikipedia\historic_quarters\Standing_Liberty_Quarter_Type1_1917S_Reverse_attr_John_Baumgart.png"
"Standing_Liberty_Quarter_Type2_1924D_Obverse_attr_John_Baumgart.png","wikipedia\historic_quarters\Standing_Liberty_Quarter_Type2_1924D_Obverse_attr_John_Baumgart.png"
"Standing_Liberty_Quarter_Type2_1924D_Reverse_attr_John_Baumgart.png","wikipedia\historic_quarters\Standing_Liberty_Quarter_Type2_1924D_Reverse_attr_John_Baumgart.png"
"Standing_Liberty_Quarter_Type2m_1926_Obverse_attr_John_Baumgart.png","wikipedia\historic_quarters\Standing_Liberty_Quarter_Type2m_1926_Obverse_attr_John_Baumgart.png"
"Standing-Liberty-Gold-Obverse.jpg","US Mint\HighRes_Scrape\Standing-Liberty-Gold-Obverse.jpg"
"Standing-Liberty-Gold-Reverse.jpg","US Mint\HighRes_Scrape\Standing-Liberty-Gold-Reverse.jpg"
"Standing-Liberty-Silver-Medal-Obverse.jpg","US Mint\HighRes_Scrape\Standing-Liberty-Silver-Medal-Obverse.jpg"
"Standing-Liberty-Silver-Medal-Reverse.jpg","US Mint\HighRes_Scrape\Standing-Liberty-Silver-Medal-Reverse.jpg"
"Walking-Liberty-Gold-Obverse.jpg","US Mint\HighRes_Scrape\Walking-Liberty-Gold-Obverse.jpg"
"Walking-Liberty-Gold-Reverse.jpg","US Mint\HighRes_Scrape\Walking-Liberty-Gold-Reverse.jpg"
"Walking-Liberty-Silver-Medal-Obverse.jpg","US Mint\HighRes_Scrape\Walking-Liberty-Silver-Medal-Obverse.jpg"
"Walking-Liberty-Silver-Medal-Reverse.jpg","US Mint\HighRes_Scrape\Walking-Liberty-Silver-Medal-Reverse.jpg"
"white-background-1600x662.jpg","US Mint\Bulk_Scrape\ATB\white-background-1600x662.jpg"
