doc_id,year,denomination,mint_mark,series,variety,category,has_reverse,notes
ref_coin_type_102297,,One Dollar,,Obsolete Banknotes & Scrip,1 Dollar,banknote,NO,
ref_coin_type_105391,,Twenty Dollars,,Obsolete Banknotes & Scrip,20 Dollars,banknote,NO,
ref_coin_type_108156,,Five Dollars,,Obsolete Banknotes & Scrip,5 Dollars (Wake Island),banknote,NO,
ref_coin_type_131050,,Half Dollar,,Obsolete Banknotes & Scrip,"50 Cents - The First Savings and Banking Company Dayton (Dayton, Ohio)",banknote,NO,
ref_coin_type_140981,,One Dollar,,Obsolete Banknotes & Scrip,1 Dollar,banknote,NO,
ref_coin_type_149147,,One Dollar,,Obsolete Banknotes & Scrip,Metropolitan Insurance,banknote,NO,
ref_coin_type_152868,,Twenty Dollars,,Obsolete Banknotes & Scrip,20 Dollars (Guam),banknote,NO,
ref_coin_type_195969,,Twenty Dollars,,Obsolete Banknotes & Scrip,20 Dollars (Republic of Texas),banknote,NO,
ref_coin_type_195970,,Twenty Dollars,,Obsolete Banknotes & Scrip,20 Dollars (Vermont),banknote,NO,
ref_coin_type_197773,,Five Cents,,Obsolete Banknotes & Scrip,25 Cents (Monogram),banknote,NO,
ref_coin_type_201558,,Five Dollars,,Obsolete Banknotes & Scrip,5 Dollars (Federal Reserve Note; colored),banknote,NO,
ref_coin_type_201644,,Four Dollars,,Continental Currency,"4 Dollars (""Continental Currency"" - United Colonies)",banknote,NO,
ref_coin_type_201734,,One Hundred Dollars,,Obsolete Banknotes & Scrip,100 Dollars (Federal Reserve Note; colored),banknote,NO,
ref_coin_type_201790,,Twenty Dollars,,Obsolete Banknotes & Scrip,"20 Dollars (Federal Reserve Note; ""Redeemable in Gold""; Branch ID in Numbers)",banknote,NO,
ref_coin_type_201805,,One Dollar,,Obsolete Banknotes & Scrip,1 Dollar (Federal Reserve Note),banknote,NO,
ref_coin_type_201812,,Two Dollars,,Obsolete Banknotes & Scrip,2 Dollars (Federal Reserve Note),banknote,NO,
ref_coin_type_201817,,Two Dollars,,Obsolete Banknotes & Scrip,2 Dollars (United States Note; Red Seal right; no motto),banknote,NO,
ref_coin_type_201824,,Ten Dollars,,Obsolete Banknotes & Scrip,10 Dollars (Federal Reserve Note; colored),banknote,NO,
ref_coin_type_201830,,Five Dollars,,Obsolete Banknotes & Scrip,5 Dollars (United States Note; Red Seal right; with motto),banknote,NO,
ref_coin_type_201837,,Twenty Dollars,,Obsolete Banknotes & Scrip,20 Dollars (Federal Reserve Note; colored),banknote,NO,
ref_coin_type_201849,,Fifty Dollars,,Obsolete Banknotes & Scrip,50 Dollars (Federal Reserve Note; colored),banknote,NO,
ref_coin_type_202338,,One Dollar,,Hawaiian Kingdom Coinage,1 Dollar (Silver Certificate; Brown Seal - Hawaii),banknote,NO,
ref_coin_type_202363,,One Dollar,,Obsolete Banknotes & Scrip,1 Dollar (United States Note; Red Seal left),banknote,NO,
ref_coin_type_202377,,Two Dollars,,Obsolete Banknotes & Scrip,2 Dollars (United States Note; Red Seal right; with motto),banknote,NO,
ref_coin_type_202386,,Two Dollars,,Obsolete Banknotes & Scrip,2 Dollars (United States Note; Red Seal left),banknote,NO,
ref_coin_type_202397,,Five Dollars,,Obsolete Banknotes & Scrip,5 Dollars (Federal Reserve Note; large portrait),banknote,NO,
ref_coin_type_202407,,Five Dollars,,Obsolete Banknotes & Scrip,5 Dollars (Federal Reserve Note; small portrait),banknote,NO,
ref_coin_type_202412,,Five Dollars,,Obsolete Banknotes & Scrip,5 Dollars (Federal Reserve Note; small portrait; no motto),banknote,NO,
ref_coin_type_202415,,Five Dollars,,Obsolete Banknotes & Scrip,5 Dollars (Federal Reserve Note; Large FIVE; small portrait),banknote,NO,
ref_coin_type_202443,,Five Dollars,,Obsolete Banknotes & Scrip,5 Dollars (United States Note; Red Seal right; no motto),banknote,NO,
ref_coin_type_202446,,Five Dollars,,Obsolete Banknotes & Scrip,5 Dollars (United States Note; Red Seal left),banknote,NO,
ref_coin_type_202449,,Five Dollars,,Obsolete Banknotes & Scrip,5 Dollars (Federal Reserve Bank Note; Brown Seal),banknote,NO,
ref_coin_type_202453,,Five Dollars,,Obsolete Banknotes & Scrip,5 Dollars (Small-Size National Bank Note),banknote,NO,
ref_coin_type_202467,,One Hundred Dollars,,Obsolete Banknotes & Scrip,100 Dollars (Federal Reserve Note; large portrait),banknote,NO,
ref_coin_type_202473,,Twenty Dollars,,Obsolete Banknotes & Scrip,20 Dollars (Federal Reserve Note; Large TWENTY; small portrait),banknote,NO,
ref_coin_type_202474,,Twenty Dollars,,Obsolete Banknotes & Scrip,20 Dollars (Federal Reserve Note; small portrait),banknote,NO,
ref_coin_type_202477,,Ten Dollars,,Obsolete Banknotes & Scrip,10 Dollars (Large-Size Federal Reserve Note),banknote,NO,
ref_coin_type_202478,,Twenty Dollars,,Obsolete Banknotes & Scrip,20 Dollars,banknote,NO,
ref_coin_type_202481,,Ten Dollars,,Obsolete Banknotes & Scrip,10 Dollars (Federal Reserve Note; Large TEN; small portrait),banknote,NO,
ref_coin_type_202490,,Five Dollars,,Obsolete Banknotes & Scrip,5 Dollars (Large-Size Federal Reserve Note),banknote,NO,
ref_coin_type_203351,,One Dime,,Fractional Currency,"10 Cents (""Fractional Currency"" - 5th series)",banknote,NO,
ref_coin_type_203361,,Five Cents,,Fractional Currency,"25 Cents (""Fractional Currency"" - 5th series)",banknote,NO,
ref_coin_type_203419,,Ten Dollars,,Obsolete Banknotes & Scrip,10 Dollars (Federal Reserve Note; small portrait),banknote,NO,
ref_coin_type_203422,,Fifty Dollars,,Obsolete Banknotes & Scrip,50 Dollars,banknote,NO,
ref_coin_type_203423,,One Hundred Dollars,,Obsolete Banknotes & Scrip,100 Dollars (Federal Reserve Note; small portrait),banknote,NO,
ref_coin_type_203485,,One Dollar,,Obsolete Banknotes & Scrip,30 Dollars (Confederate Loan),banknote,NO,
ref_coin_type_203689,,Five Cents,,Fractional Currency,"25 Cents (""Fractional Currency"" - 4th series)",banknote,NO,
ref_coin_type_203921,,Twenty Dollars,,Obsolete Banknotes & Scrip,20 Dollars (Federal Reserve Note; large portrait),banknote,NO,
ref_coin_type_203944,,Fifty Dollars,,Obsolete Banknotes & Scrip,50 Dollars (Federal Reserve Note; small portrait),banknote,NO,
ref_coin_type_203945,,Fifty Dollars,,Obsolete Banknotes & Scrip,50 Dollars (Federal Reserve Note; small portrait; with security thread),banknote,NO,
ref_coin_type_203946,,Fifty Dollars,,Obsolete Banknotes & Scrip,50 Dollars (Federal Reserve Note; large portrait),banknote,NO,
ref_coin_type_204176,,Twenty Dollars,,Obsolete Banknotes & Scrip,20 Dollars (Federal Reserve Bank Note; Brown Seal),banknote,NO,
ref_coin_type_204382,,One Dollar,,Obsolete Banknotes & Scrip,1 Dollar,banknote,NO,
ref_coin_type_205513,,Ten Dollars,,Obsolete Banknotes & Scrip,10 Dollars (Federal Reserve Note; large portrait),banknote,NO,
ref_coin_type_205639,,Five Dollars,,Obsolete Banknotes & Scrip,5 Dollars (Egg Harbor Bank - New Jersey),banknote,NO,
ref_coin_type_205645,,Ten Dollars,,Obsolete Banknotes & Scrip,10 Dollars (Mechanics Bank of Memphis - Tennessee),banknote,NO,
ref_coin_type_206546,,Twenty Dollars,,Obsolete Banknotes & Scrip,20 Dollars,banknote,NO,
ref_coin_type_206550,,Three Cents,,Fractional Currency,"3 Cents (""Fractional Currency"" - 3rd series)",banknote,NO,
ref_coin_type_206862,,One Hundred Dollars,,Obsolete Banknotes & Scrip,100 Dollars (Canal Bank),banknote,NO,
ref_coin_type_206865,,Twenty Dollars,,Obsolete Banknotes & Scrip,20 Dollars (Canal Bank),banknote,NO,
ref_coin_type_206874,,One Hundred Dollars,,Obsolete Banknotes & Scrip,100 Dollars (State of Georgia),banknote,NO,
ref_coin_type_206875,,Half Dollar,,Obsolete Banknotes & Scrip,50 Cents,banknote,NO,
ref_coin_type_206958,,Five Hundred Dollars,,Obsolete Banknotes & Scrip,"500 Dollars (Federal Reserve Note; ""Redeemable in Gold"")",banknote,NO,
ref_coin_type_207333,,One Dollar,,Obsolete Banknotes & Scrip,"1 Dollar (United States Note - ""Saw-horse"")",banknote,NO,
ref_coin_type_207678,,Ten Dollars,,Obsolete Banknotes & Scrip,10 Dollars (Small-Size National Bank Note),banknote,NO,
ref_coin_type_207680,,Ten Dollars,,Obsolete Banknotes & Scrip,10 Dollars (Federal Reserve Bank Note; Brown Seal),banknote,NO,
ref_coin_type_207957,,Two Dollars,,Obsolete Banknotes & Scrip,2 Dollars,banknote,NO,
ref_coin_type_207970,,Ten Dollars,,Obsolete Banknotes & Scrip,10 Dollars,banknote,NO,
ref_coin_type_208004,,One Hundred Dollars,,Obsolete Banknotes & Scrip,100 Dollars,banknote,NO,
ref_coin_type_208005,,Five Hundred Dollars,,Obsolete Banknotes & Scrip,500 Dollars,banknote,NO,
ref_coin_type_209229,,One Dollar,,Obsolete Banknotes & Scrip,9 Dollars (Lib Obstruction Note),banknote,NO,
ref_coin_type_210082,,One Cent,,Obsolete Banknotes & Scrip,98 cents (Liberal Guaranty Note),banknote,NO,
ref_coin_type_210097,,Four Dollars,,Obsolete Banknotes & Scrip,4 Dollars (Liberal Reserve Note),banknote,NO,
ref_coin_type_212833,,Two Dollars,,Obsolete Banknotes & Scrip,2 Dollars (United States Note),banknote,NO,
ref_coin_type_213449,,Five Cents,,Postage Currency,"5 Cents (""Postage Currency"" - 1st issue)",banknote,NO,
ref_coin_type_213520,,Five Cents,,Fractional Currency,"15 Cents (""Fractional Currency"" - 4th series)",banknote,NO,
ref_coin_type_213794,,Five Dollars,,Obsolete Banknotes & Scrip,"5 Dollars (National Bank Note; ""Brown Back"")",banknote,NO,
ref_coin_type_216733,,Fifty Dollars,,Obsolete Banknotes & Scrip,50 Dollars,banknote,NO,
ref_coin_type_216736,,One Hundred Dollars,,Obsolete Banknotes & Scrip,100 Dollars,banknote,NO,
ref_coin_type_216738,,Fifty Dollars,,Obsolete Banknotes & Scrip,50 Dollars,banknote,NO,
ref_coin_type_216740,,Twenty Dollars,,Obsolete Banknotes & Scrip,20 Dollars,banknote,NO,
ref_coin_type_216957,,Twenty Dollars,,Obsolete Banknotes & Scrip,20 Dollars,banknote,NO,
ref_coin_type_216961,,Ten Dollars,,Obsolete Banknotes & Scrip,10 Dollars,banknote,NO,
ref_coin_type_216965,,Ten Dollars,,Obsolete Banknotes & Scrip,10 Dollars,banknote,NO,
ref_coin_type_216968,,Ten Dollars,,Obsolete Banknotes & Scrip,10 Dollars,banknote,NO,
ref_coin_type_217409,,One Hundred Dollars,,Obsolete Banknotes & Scrip,100 Dollars (Federal Reserve Bank Note; Brown Seal),banknote,NO,
ref_coin_type_217549,,Half Dollar,,Obsolete Banknotes & Scrip,50 Cents,banknote,NO,
ref_coin_type_218047,,One Hundred Dollars,,Obsolete Banknotes & Scrip,100 Dollars,banknote,NO,
ref_coin_type_218932,,Fifty Dollars,,Obsolete Banknotes & Scrip,50 Dollars (1st issue),banknote,NO,
ref_coin_type_220510,,One Dollar,,Obsolete Banknotes & Scrip,1 Dollar (Large-Size Federal Reserve Bank Note),banknote,NO,
ref_coin_type_220521,,Twenty Dollars,,Obsolete Banknotes & Scrip,20 Dollars (Large-Size Federal Reserve Note),banknote,NO,
ref_coin_type_220902,,Five Cents,,Obsolete Banknotes & Scrip,25 Cents (State of Alabama),banknote,NO,
ref_coin_type_221368,,One Dollar,,Continental Currency,"⅙ Dollar (""Continental Currency"" - United Colonies)",banknote,NO,
ref_coin_type_221730,,Ten Dollars,,Obsolete Banknotes & Scrip,10 Dollars (Gold Certificate; Gold Seal left),banknote,NO,
ref_coin_type_222628,,One Hundred Dollars,,Obsolete Banknotes & Scrip,100 Dollars,banknote,NO,
ref_coin_type_223075,,Twenty Dollars,,Obsolete Banknotes & Scrip,20 Dollars (Gold Certificate; Gold Seal left),banknote,NO,
ref_coin_type_223639,,One Hundred Dollars,,Obsolete Banknotes & Scrip,100 Dollars,banknote,NO,
ref_coin_type_224676,,One Dollar,,Obsolete Banknotes & Scrip,One Dollar,banknote,NO,
ref_coin_type_225315,,One Dime,,Fractional Currency,"10 Cents (""Fractional Currency"" - 4th series)",banknote,NO,
ref_coin_type_225775,,Five Dollars,,Obsolete Banknotes & Scrip,"5 Dollars (United States Note - ""Woodchopper note"")",banknote,NO,
ref_coin_type_226483,,Twenty Dollars,,Obsolete Banknotes & Scrip,20 Dollars (Confederate Loan),banknote,NO,
ref_coin_type_226519,,Five Dollars,,Obsolete Banknotes & Scrip,25 Dollars (New York State),banknote,NO,
ref_coin_type_228152,,Five Dollars,,Obsolete Banknotes & Scrip,5 Dollars · Teller Practice Banknote · (United States of America),banknote,NO,
ref_coin_type_228351,,One Hundred Dollars,,Obsolete Banknotes & Scrip,100 Dollars,banknote,NO,
ref_coin_type_228866,,Half Dollar,,Fractional Currency,"50 Cents (""Fractional Currency"" - 5th series)",banknote,NO,
ref_coin_type_229952,,One Dollar,,Obsolete Banknotes & Scrip,Independence Day (Limited Edition Fantasy Note),banknote,NO,
ref_coin_type_229953,,One Dollar,,Obsolete Banknotes & Scrip,Federal Obama Note,banknote,NO,
ref_coin_type_229966,,One Dollar,,Obsolete Banknotes & Scrip,Ten Thousand Dollars (Fantasy Note; Gold Certificate),banknote,NO,
ref_coin_type_230987,,Ten Dollars,,Obsolete Banknotes & Scrip,10 Dollars (State of Georgia),banknote,NO,
ref_coin_type_230988,,One Hundred Dollars,,Obsolete Banknotes & Scrip,100 Dollars (State of Georgia),banknote,NO,
ref_coin_type_231834,,Fifty Dollars,,Obsolete Banknotes & Scrip,50 Dollars,banknote,NO,
ref_coin_type_234912,,Fifty Dollars,,Obsolete Banknotes & Scrip,50 Dollars (Federal Reserve Bank Note; Brown Seal),banknote,NO,
ref_coin_type_236369,,Five Dollars,,Obsolete Banknotes & Scrip,"5 Dollars (Federal Reserve Note; ""Redeemable in Gold""; Branch ID in Numbers)",banknote,NO,
ref_coin_type_236370,,Ten Dollars,,Obsolete Banknotes & Scrip,"10 Dollars (Federal Reserve Note; ""Redeemable in Gold""; Branch ID in Numbers)",banknote,NO,
ref_coin_type_238193,,Ten Dollars,,Obsolete Banknotes & Scrip,10 Dollars (State of Georgia),banknote,NO,
ref_coin_type_238943,,Ten Dollars,,Obsolete Banknotes & Scrip,10 Dollars (Federal Reserve Note; small portrait; no motto),banknote,NO,
ref_coin_type_238944,,Twenty Dollars,,Obsolete Banknotes & Scrip,20 Dollars (Federal Reserve Note; small portrait; no motto),banknote,NO,
ref_coin_type_238945,,Fifty Dollars,,Obsolete Banknotes & Scrip,50 Dollars (Federal Reserve Note; small portrait; no motto),banknote,NO,
ref_coin_type_238946,,One Hundred Dollars,,Obsolete Banknotes & Scrip,100 Dollars (Federal Reserve Note; small portrait; no motto),banknote,NO,
ref_coin_type_239160,,One Hundred Dollars,,Obsolete Banknotes & Scrip,100 Dollars (United States Note),banknote,NO,
ref_coin_type_239180,,Fifty Dollars,,Obsolete Banknotes & Scrip,"50 Dollars (Federal Reserve Note; ""Redeemable in Gold""; Branch ID in Numbers)",banknote,NO,
ref_coin_type_239181,,One Hundred Dollars,,Obsolete Banknotes & Scrip,"100 Dollars (Federal Reserve Note; ""Redeemable in Gold""; Branch ID in Numbers)",banknote,NO,
ref_coin_type_239182,,Fifty Dollars,,Obsolete Banknotes & Scrip,50 Dollars (Federal Reserve Note; Large FIFTY; small portrait),banknote,NO,
ref_coin_type_239183,,One Hundred Dollars,,Obsolete Banknotes & Scrip,100 Dollars (Federal Reserve Note; Large 100; small portrait),banknote,NO,
ref_coin_type_239482,,Ten Dollars,,Obsolete Banknotes & Scrip,10 Dollars (Gold Certificate),banknote,NO,
ref_coin_type_240913,,Twenty Dollars,,Obsolete Banknotes & Scrip,20 Dollars (Triton ATM Calibration Note),banknote,NO,
ref_coin_type_240938,,One Dollar,,Obsolete Banknotes & Scrip,1 Dollar (De LaRue Calibration Note),banknote,NO,
ref_coin_type_240939,,Five Dollars,,Obsolete Banknotes & Scrip,5 Dollars (De LaRue Calibration Note),banknote,NO,
ref_coin_type_240941,,Ten Dollars,,Obsolete Banknotes & Scrip,10 Dollars (De LaRue Calibration Note),banknote,NO,
ref_coin_type_240942,,Twenty Dollars,,Obsolete Banknotes & Scrip,20 Dollars (De LaRue Calibration Note),banknote,NO,
ref_coin_type_240943,,Fifty Dollars,,Obsolete Banknotes & Scrip,50 Dollars (De LaRue Calibration Note),banknote,NO,
ref_coin_type_240944,,One Hundred Dollars,,Obsolete Banknotes & Scrip,100 Dollars (De LaRue Calibration Note),banknote,NO,
ref_coin_type_241564,,Five Cents,,Obsolete Banknotes & Scrip,25 Cents (State of South Carolina),banknote,NO,
ref_coin_type_242198,,Twenty Dollars,,Obsolete Banknotes & Scrip,20 Dollars (California),banknote,NO,
ref_coin_type_242453,,One Hundred Dollars,,Obsolete Banknotes & Scrip,100 Dollars (Federal Reserve Note; small portrait; with security thread),banknote,NO,
ref_coin_type_242455,,One Dime,,Postage Currency,"10 Cents (""Postage Currency"" - 1st issue)",banknote,NO,
ref_coin_type_248604,,Ten Dollars,,Obsolete Banknotes & Scrip,10 Dollars (Large-Size National Bank Note),banknote,NO,
ref_coin_type_252311,,Ten Dollars,,Obsolete Banknotes & Scrip,10 Dollars (Certificate of Deposit),banknote,NO,
ref_coin_type_257961,,Twenty Dollars,,Obsolete Banknotes & Scrip,20 Dollars (Wyoming),banknote,NO,
ref_coin_type_257962,,Twenty Dollars,,Obsolete Banknotes & Scrip,20 Dollars,banknote,NO,
ref_coin_type_259450,,Two Dollars,,Obsolete Banknotes & Scrip,2 Dollars (Bank of Chattanooga),banknote,NO,
ref_coin_type_259452,,Five Dollars,,Obsolete Banknotes & Scrip,5 Dollars (Treasury Warrant),banknote,NO,
ref_coin_type_259455,,One Hundred Dollars,,Obsolete Banknotes & Scrip,100 Dollars (State of Alabama),banknote,NO,
ref_coin_type_259456,,One Hundred Dollars,,Obsolete Banknotes & Scrip,100 Dollars (The State of Louisiana),banknote,NO,
ref_coin_type_262333,,Half Dollar,,Obsolete Banknotes & Scrip,50 Cents (State of Alabama),banknote,NO,
ref_coin_type_268818,,One Thousand Dollars,,Obsolete Banknotes & Scrip,"1000 Dollars (Federal Reserve Note; ""Redeemable in Gold"")",banknote,NO,
ref_coin_type_270708,,Twenty Dollars,,Obsolete Banknotes & Scrip,20 Dollars (Small-Size National Bank Note),banknote,NO,
ref_coin_type_271141,,One Dime,,Obsolete Banknotes & Scrip,10 Cents (Bishop's General Storehouse),banknote,NO,
ref_coin_type_271173,,Five Hundred Dollars,,Obsolete Banknotes & Scrip,500 Dollars (Gold Certificate; Gold Seal left),banknote,NO,
ref_coin_type_271180,,One Dollar,,Obsolete Banknotes & Scrip,1 Dollar (Virginia Treasury Note),banknote,NO,
ref_coin_type_271185,,One Dollar,,Obsolete Banknotes & Scrip,1 Dollar,banknote,NO,
ref_coin_type_272480,,Five Cents,,Obsolete Banknotes & Scrip,5 Cents (State of North Carolina),banknote,NO,
ref_coin_type_274743,,Five Dollars,,Obsolete Banknotes & Scrip,5 Dollars (Large-Size National Bank Note),banknote,NO,
ref_coin_type_275536,,Twenty Dollars,,Obsolete Banknotes & Scrip,20 Dollars (Dakota),banknote,NO,
ref_coin_type_275537,,Twenty Dollars,,Obsolete Banknotes & Scrip,20 Dollars (Delaware),banknote,NO,
ref_coin_type_278203,,Ten Dollars,,Obsolete Banknotes & Scrip,10 Dollars,banknote,NO,
ref_coin_type_282692,,Twenty Dollars,,Obsolete Banknotes & Scrip,20 Dollars (American Express Travelers Cheque),banknote,NO,
ref_coin_type_284633,,Five Dollars,,Obsolete Banknotes & Scrip,5 Dollars (United States Department of Agriculture Food Coupon) [Type II],banknote,NO,
ref_coin_type_284635,,Ten Dollars,,Obsolete Banknotes & Scrip,10 Dollars (United States Department of Agriculture Food Coupon),banknote,NO,
ref_coin_type_285781,,Half Dollar,,Postage Currency,"50 Cents (""Postage Currency"" - 1st issue)",banknote,NO,
ref_coin_type_287357,,One Thousand Dollars,,Obsolete Banknotes & Scrip,1000 Dollars (Federal Reserve Note),banknote,NO,
ref_coin_type_291919,,Five Thousand Dollars,,Obsolete Banknotes & Scrip,"5000 Dollars (Federal Reserve Note; ""Redeemable in Gold"")",banknote,NO,
ref_coin_type_291920,,One Hundred Dollars,,Obsolete Banknotes & Scrip,100 Dollars (Gold Certificate; Gold Seal left),banknote,NO,
ref_coin_type_292250,,Half Dollar,,Fractional Currency,"50 Cents (""Fractional Currency"" - 4th issue)",banknote,NO,
ref_coin_type_294142,,One Dollar,,Continental Currency,"⅓ Dollar (""Continental Currency"" - United Colonies)",banknote,NO,
ref_coin_type_295622,,Five Dollars,,Obsolete Banknotes & Scrip,5 Dollars (United States Department of Agriculture Food Coupon)[Type I],banknote,NO,
ref_coin_type_297134,,One Dollar,,Obsolete Banknotes & Scrip,1 Dollar (Bank of Washtenaw - Michigan),banknote,NO,
ref_coin_type_297776,,Half Dollar,,Obsolete Banknotes & Scrip,50 Cents (Charles D'Arceneaux),banknote,NO,
ref_coin_type_297916,,Five Cents,,Obsolete Banknotes & Scrip,25 Cents (State of Georgia),banknote,NO,
ref_coin_type_298045,,One Dollar,,Obsolete Banknotes & Scrip,50 Convertible Maraka (Propaganda Note),banknote,NO,
ref_coin_type_298658,,One Dollar,,Obsolete Banknotes & Scrip,1 Dollar (Adrian Insurance Company - Michigan),banknote,NO,
ref_coin_type_300073,,Five Dollars,,Obsolete Banknotes & Scrip,5 Dollars (The Farmers Bank of Sandstone),banknote,NO,
ref_coin_type_307734,,One Dollar,,Continental Currency,"7 Dollars (""Continental Currency"" - United Colonies)",banknote,NO,
ref_coin_type_308092,,Twenty Dollars,,Obsolete Banknotes & Scrip,20 Dollars (American Express Travelers Cheque),banknote,NO,
ref_coin_type_308095,,One Hundred Dollars,,Obsolete Banknotes & Scrip,100 Dollars (American Express Travelers Cheque),banknote,NO,
ref_coin_type_308131,,Fifty Dollars,,Obsolete Banknotes & Scrip,50 Dollars (American Express Travelers Cheque),banknote,NO,
ref_coin_type_308179,,One Hundred Dollars,,Obsolete Banknotes & Scrip,100 Dollars,banknote,NO,
ref_coin_type_308252,,Twenty Dollars,,Obsolete Banknotes & Scrip,20 Dollars (American Express Travelers Cheque),banknote,NO,
ref_coin_type_308344,,Fifty Dollars,,Obsolete Banknotes & Scrip,50 Dollars Fantasy Note (Barak Obama),banknote,NO,
ref_coin_type_308511,,Twenty Dollars,,Obsolete Banknotes & Scrip,20 Dollars (American Express Travelers Cheque),banknote,NO,
ref_coin_type_308706,,Fifty Dollars,,Obsolete Banknotes & Scrip,50 Dollars (American Express Travelers Cheque),banknote,NO,
ref_coin_type_308708,,Twenty Dollars,,Obsolete Banknotes & Scrip,20 Dollars (American Express Travelers Cheque),banknote,NO,
ref_coin_type_308811,,One Hundred Dollars,,Obsolete Banknotes & Scrip,100 Dollars (American Express Travelers Cheque),banknote,NO,
ref_coin_type_308893,,One Hundred Dollars,,Obsolete Banknotes & Scrip,100 Dollars (American Express Travelers Cheque),banknote,NO,
ref_coin_type_308926,,One Hundred Dollars,,Obsolete Banknotes & Scrip,100 Dollars (American Express Travelers Cheque),banknote,NO,
ref_coin_type_309572,,One Hundred Dollars,,Obsolete Banknotes & Scrip,100 Dollars (1st issue),banknote,NO,
ref_coin_type_309573,,Ten Dollars,,Obsolete Banknotes & Scrip,10 Dollars (Bank of Louisiana),banknote,NO,
ref_coin_type_309579,,Twenty Dollars,,Obsolete Banknotes & Scrip,20 Dollars (State of Louisiana),banknote,NO,
ref_coin_type_309581,,Two Dollars,,U.S. Banknotes,"2 Dollars (""Greenback"")",banknote,NO,
ref_coin_type_310261,,Twenty Dollars,,Obsolete Banknotes & Scrip,20 Dollars (Florida),banknote,NO,
ref_coin_type_310280,,Twenty Dollars,,Obsolete Banknotes & Scrip,20 Dollars (Michigan),banknote,NO,
ref_coin_type_312510,,One Hundred Dollars,,Obsolete Banknotes & Scrip,100 Dollars,banknote,NO,
ref_coin_type_315043,,Five Cents,,Fractional Currency,"5 Cents (""Fractional Currency"" - 3rd series)",banknote,NO,
ref_coin_type_315050,,One Dime,,Fractional Currency,"10 Cents (""Fractional Currency"" - 2nd issue)",banknote,NO,
ref_coin_type_316290,,One Dollar,,Obsolete Banknotes & Scrip,1 Dollar - Bank of Quincy,banknote,NO,
ref_coin_type_316292,,One Dollar,,Obsolete Banknotes & Scrip,1 Dollar - Bank of Montgomery County (Pennsylvania),banknote,NO,
ref_coin_type_316296,,One Dollar,,Obsolete Banknotes & Scrip,1 Dollar - Bank of De Soto,banknote,NO,
ref_coin_type_316389,,Half Dollar,,Fractional Currency,"50 Cents (""Fractional Currency"" - 4th issue)",banknote,NO,
ref_coin_type_317607,,Five Dollars,,Obsolete Banknotes & Scrip,5 Dollars (State of Louisiana),banknote,NO,
ref_coin_type_317866,,Ten Dollars,,Obsolete Banknotes & Scrip,10 Dollars (Gold Certificate),banknote,NO,
ref_coin_type_319318,,Two Dollars,,Obsolete Banknotes & Scrip,"2 Dollars (United States Treasury; ""Rainbow Note"")",banknote,NO,
ref_coin_type_319485,,Five Dollars,,Obsolete Banknotes & Scrip,"5 Dollars (Citizens' Bank of Louisiana, New-Orleans; Bilingual)",banknote,NO,
ref_coin_type_319730,,Five Cents,,Obsolete Banknotes & Scrip,25 Cents (Northborough Bank),banknote,NO,
ref_coin_type_323706,,Two Dollars,,Obsolete Banknotes & Scrip,2 Dollar (Confederate States Loan),banknote,NO,
ref_coin_type_327543,,Five Dollars,,Obsolete Banknotes & Scrip,5 Dollars (Federal Reserve Note; small portrait; with security thread),banknote,NO,
ref_coin_type_327544,,Ten Dollars,,Obsolete Banknotes & Scrip,10 Dollars (Federal Reserve Note; small portrait; with security thread),banknote,NO,
ref_coin_type_327545,,Twenty Dollars,,Obsolete Banknotes & Scrip,20 Dollars (Federal Reserve Note; small portrait; with security thread),banknote,NO,
ref_coin_type_328724,,One Dollar,,Obsolete Banknotes & Scrip,40 Dollars (Confederate Loan),banknote,NO,
ref_coin_type_329638,,One Thousand Dollars,,Obsolete Banknotes & Scrip,1000 Dollars - Federal Reserve Note,banknote,NO,
ref_coin_type_333728,,One Dollar,,U.S. Banknotes,"1 Dollar (""Greenback"")",banknote,NO,
ref_coin_type_333731,,One Dollar,,Obsolete Banknotes & Scrip,"1 Dollar (Treasury Note; ""Rainbow Note"")",banknote,NO,
ref_coin_type_333960,,Twenty Dollars,,Obsolete Banknotes & Scrip,20 Dollars (Certificate of Deposit),banknote,NO,
ref_coin_type_333961,,Fifty Dollars,,Obsolete Banknotes & Scrip,50 Dollars (Certificate of Deposit),banknote,NO,
ref_coin_type_333962,,One Hundred Dollars,,Obsolete Banknotes & Scrip,100 Dollars (Certificate of Deposit),banknote,NO,
ref_coin_type_333963,,Five Hundred Dollars,,Obsolete Banknotes & Scrip,500 Dollars (Certificate of Deposit),banknote,NO,
ref_coin_type_333967,,One Hundred Dollars,,Obsolete Banknotes & Scrip,100 Dollars (Treasury Note),banknote,NO,
ref_coin_type_333968,,One Thousand Dollars,,Obsolete Banknotes & Scrip,1000 Dollars (Treasury Note),banknote,NO,
ref_coin_type_334048,,Five Dollars,,Obsolete Banknotes & Scrip,5 Dollars (Gold Certificate of Deposit),banknote,NO,
ref_coin_type_334049,,Ten Dollars,,Obsolete Banknotes & Scrip,10 Dollars (Gold Certificate of Deposit),banknote,NO,
ref_coin_type_334050,,Twenty Dollars,,Obsolete Banknotes & Scrip,20 Dollars (Gold Certificate of Deposit),banknote,NO,
ref_coin_type_334051,,Fifty Dollars,,Obsolete Banknotes & Scrip,50 Dollars (Gold Certificate of Deposit),banknote,NO,
ref_coin_type_334052,,One Hundred Dollars,,Obsolete Banknotes & Scrip,100 Dollars (Gold Certificate of Deposit),banknote,NO,
ref_coin_type_334053,,Five Dollars,,Obsolete Banknotes & Scrip,5 Dollars (Silver Certificate of Deposit),banknote,NO,
ref_coin_type_334054,,Ten Dollars,,Obsolete Banknotes & Scrip,10 Dollars (Silver Certificate of Deposit),banknote,NO,
ref_coin_type_334055,,Twenty Dollars,,Obsolete Banknotes & Scrip,20 Dollars (Silver Certificate of Deposit),banknote,NO,
ref_coin_type_334056,,Fifty Dollars,,Obsolete Banknotes & Scrip,50 Dollars (Silver Certificate of Deposit),banknote,NO,
ref_coin_type_334057,,One Hundred Dollars,,Obsolete Banknotes & Scrip,100 Dollars (Silver Certificate of Deposit),banknote,NO,
ref_coin_type_334196,,One Dollar,,Obsolete Banknotes & Scrip,1 Dollar (Treasury Note),banknote,NO,
ref_coin_type_334565,,Four Dollars,,Obsolete Banknotes & Scrip,4 Dollars (Bank of Augusta),banknote,NO,
ref_coin_type_334567,,Half Dollar,,Obsolete Banknotes & Scrip,50 Cents (State of South Carolina),banknote,NO,
ref_coin_type_334570,,Two Dollars,,Obsolete Banknotes & Scrip,2 Dollars (Bank of Washtenaw),banknote,NO,
ref_coin_type_334681,,Ten Dollars,,Obsolete Banknotes & Scrip,10 Dollars (Canal Bank; uniface),banknote,NO,
ref_coin_type_334683,,Fifty Dollars,O,Obsolete Banknotes & Scrip,50 Dollars (New Orleans Canal and Banking Co.),banknote,NO,
ref_coin_type_334684,,Fifty Dollars,,Obsolete Banknotes & Scrip,50 Dollars (Canal Bank),banknote,NO,
ref_coin_type_334785,,Ten Dollars,,Obsolete Banknotes & Scrip,10 Dollars (Canal Bank),banknote,NO,
ref_coin_type_334787,,Twenty Dollars,O,Obsolete Banknotes & Scrip,20 Dollars (New Orleans Canal and Banking Co.),banknote,NO,
ref_coin_type_334789,,Fifty Dollars,,Obsolete Banknotes & Scrip,50 Dollars (Small-Size National Bank Note),banknote,NO,
ref_coin_type_334790,,One Hundred Dollars,,Obsolete Banknotes & Scrip,100 Dollars (Small-Size National Bank Note),banknote,NO,
ref_coin_type_334796,,One Dollar,,Obsolete Banknotes & Scrip,1 Dollar (Citizens' Bank of Louisiana),banknote,NO,
ref_coin_type_334799,,Five Dollars,,Obsolete Banknotes & Scrip,"5 Dollars (Citizens' Bank of Louisiana, Shreveport; Bilingual)",banknote,NO,
ref_coin_type_334860,,Five Dollars,O,Obsolete Banknotes & Scrip,"5 Dollars (Citizens' Bank of Louisiana, New Orleans; Bilingual)",banknote,NO,
ref_coin_type_334869,,One Hundred Dollars,,Obsolete Banknotes & Scrip,"100 Dollars (Citizens' Bank of Louisiana, New-Orleans; Bilingual)",banknote,NO,
ref_coin_type_334911,,Five Dollars,,Obsolete Banknotes & Scrip,5 Dollars (Hagerstown Bank),banknote,NO,
ref_coin_type_334912,,Ten Dollars,,Obsolete Banknotes & Scrip,10 Dollars (Hagerstown Bank),banknote,NO,
ref_coin_type_334974,,Two Dollars,,Obsolete Banknotes & Scrip,2 Dollars (New England Commercial Bank - Rhode Island),banknote,NO,
ref_coin_type_335197,,Three Dollars,,Obsolete Banknotes & Scrip,3 Dollars (Washington County Bank - Maine),banknote,NO,
ref_coin_type_335199,,Three Dollars,,Obsolete Banknotes & Scrip,3 Dollars (State of Georgia),banknote,NO,
ref_coin_type_335322,,Ten Dollars,,Obsolete Banknotes & Scrip,10 Dollars (Large-Size United States Note),banknote,NO,
ref_coin_type_335462,,Five Cents,,Fractional Currency,"25 Cents (""Fractional Currency"" - 2nd issue)",banknote,NO,
ref_coin_type_335585,,Five Cents,,Postage Currency,"25 Cents (""Postage Currency"" - 1st issue)",banknote,NO,
ref_coin_type_335734,,Two Dollars,,Obsolete Banknotes & Scrip,2 Dollars,banknote,NO,
ref_coin_type_335873,,Half Dollar,,Continental Currency,"½ Dollar (""Continental Currency"" - United Colonies)",banknote,NO,
ref_coin_type_335875,,Five Dollars,,Continental Currency,"5 Dollars (""Continental Currency"" - United States)",banknote,NO,
ref_coin_type_335881,,One Dollar,,Continental Currency,"40 Dollars (""Continental Currency"" - United States)",banknote,NO,
ref_coin_type_335882,,Five Cents,,Fractional Currency,"5 Cents (""Fractional Currency"" - 2nd issue)",banknote,NO,
ref_coin_type_336050,,Half Dollar,,Fractional Currency,"50 Cents (""Fractional Currency"" - 3rd issue)",banknote,NO,
ref_coin_type_338032,,Twenty Dollars,,Obsolete Banknotes & Scrip,20 Dollars (Large-Size National Bank Note),banknote,NO,
ref_coin_type_338406,,One Dime,,Fractional Currency,"10 Cents (""Fractional Currency"" - 3rd series)",banknote,NO,
ref_coin_type_338940,,Five Dollars,,Obsolete Banknotes & Scrip,35 Dollars (Confederate Loan),banknote,NO,
ref_coin_type_339212,,Quarter Dollar,,Obsolete Banknotes & Scrip,1¼ Dollars - Return of Savings Bank,banknote,NO,
ref_coin_type_339845,,Fifty Dollars,,Obsolete Banknotes & Scrip,50 Dollars (Large-Size Federal Reserve Note),banknote,NO,
ref_coin_type_340931,,Five Dollars,,Obsolete Banknotes & Scrip,5 Dollars (Chesapeake and Ohio Canal Company),banknote,NO,
ref_coin_type_342439,,Three Dollars,,Obsolete Banknotes & Scrip,3 Dollars (City of Omaha),banknote,NO,
ref_coin_type_342442,,One Dollar,,Obsolete Banknotes & Scrip,1 Dollar (United States Note),banknote,NO,
ref_coin_type_342567,,Five Dollars,,Obsolete Banknotes & Scrip,5 Dollars (Bank of St. Thomas),banknote,NO,
ref_coin_type_342568,,Five Dollars,,Obsolete Banknotes & Scrip,5 Dollars (Colonial Bank),banknote,NO,
ref_coin_type_343409,,Five Dollars,,Obsolete Banknotes & Scrip,5 Dollars (Bank of St. Thomas),banknote,NO,
ref_coin_type_343782,,Five Dollars,,Obsolete Banknotes & Scrip,5 Dollars (Central Bank of Virginia),banknote,NO,
ref_coin_type_343886,,One Dollar,,Obsolete Banknotes & Scrip,1 Dollar (Bank of St. Thomas),banknote,NO,
ref_coin_type_344022,,Ten Dollars,,Obsolete Banknotes & Scrip,10 Dollars (United States Note),banknote,NO,
ref_coin_type_344485,,Ten Dollars,,Obsolete Banknotes & Scrip,10 Dollars (Rhode Island Agricultural Bank),banknote,NO,
ref_coin_type_344489,,Five Dollars,,Obsolete Banknotes & Scrip,5 Dollars (Arlington Bank - District of Columbia),banknote,NO,
ref_coin_type_344490,,Twenty Dollars,,Obsolete Banknotes & Scrip,20 Dollars,banknote,NO,
ref_coin_type_344584,,Three Dollars,,Obsolete Banknotes & Scrip,3 Dollars (City Bank of Hartford - Connecticut),banknote,NO,
ref_coin_type_346051,,One Dollar,,Obsolete Banknotes & Scrip,1 Dollar (Bank of Chattanooga),banknote,NO,
ref_coin_type_347337,,One Dollar,,Obsolete Banknotes & Scrip,1 Dollar (Western Exchange Fire and Marine Insurance Co.),banknote,NO,
ref_coin_type_347451,,One Dollar,,Obsolete Banknotes & Scrip,1 Dollar,banknote,NO,
ref_coin_type_347456,,Two Dollars,,Obsolete Banknotes & Scrip,2 Dollars (State of North Carolina),banknote,NO,
ref_coin_type_347465,,Half Dollar,,Obsolete Banknotes & Scrip,50 Cents (State of Georgia),banknote,NO,
ref_coin_type_347469,,One Dime,,Obsolete Banknotes & Scrip,10 Cents (City of Richmond),banknote,NO,
ref_coin_type_347555,,Five Dollars,,Obsolete Banknotes & Scrip,5 Dollars (Augusta Insurance and Banking Co. - Georgia),banknote,NO,
ref_coin_type_347556,,Five Dollars,,Obsolete Banknotes & Scrip,"5 Dollars (Bank of Georgetown, South Carolina)",banknote,NO,
ref_coin_type_347603,,One Dime,,Obsolete Banknotes & Scrip,10 Cents (State of Alabama),banknote,NO,
ref_coin_type_347606,,Ten Dollars,O,Obsolete Banknotes & Scrip,10 Dollars (New Orleans Canal and Banking Co.),banknote,NO,
ref_coin_type_349650,,Two Dollars,,Obsolete Banknotes & Scrip,2 Dollars (Large-Size Federal Reserve Bank Note),banknote,NO,
ref_coin_type_350261,,Ten Dollars,,Obsolete Banknotes & Scrip,10 Dollars (Bank of America Travelers Cheque),banknote,NO,
ref_coin_type_350846,,Five Dollars,,Obsolete Banknotes & Scrip,15 Dollars (Confederate Loan),banknote,NO,
ref_coin_type_351058,,One Dime,,Obsolete Banknotes & Scrip,10 Cents (State of North Carolina),banknote,NO,
ref_coin_type_351640,,Half Dollar,,Obsolete Banknotes & Scrip,50 Cents (State of North Carolina),banknote,NO,
ref_coin_type_351702,,Five Cents,,Obsolete Banknotes & Scrip,75 Cents (Corporation of Danville),banknote,NO,
ref_coin_type_352212,,Two Dollars,,Obsolete Banknotes & Scrip,2 Dollars (Corporation of Richmond),banknote,NO,
ref_coin_type_352216,,Five Dollars,,Obsolete Banknotes & Scrip,5 Dollars (Virginia Treasury Note),banknote,NO,
ref_coin_type_353518,,One Hundred Dollars,,Obsolete Banknotes & Scrip,100 Dollars (Large-Size National Bank Note),banknote,NO,
ref_coin_type_353621,,One Dollar,,Continental Currency,"80 Dollars (""Continental Currency"" - United States)",banknote,NO,
ref_coin_type_354324,,Two Dollars,,Obsolete Banknotes & Scrip,2 Dollars (Bank of St. Thomas),banknote,NO,
ref_coin_type_356352,,One Hundred Dollars,,Obsolete Banknotes & Scrip,100 Dollars (American Express Travelers Cheque),banknote,NO,
ref_coin_type_356355,,Five Hundred Dollars,,Obsolete Banknotes & Scrip,500 Dollars (American Express Travelers Cheque),banknote,NO,
ref_coin_type_356420,,Fifty Dollars,,Obsolete Banknotes & Scrip,"50 Dollars (Citizens' Bank of Louisiana, Shreveport; Bilingual)",banknote,NO,
ref_coin_type_356421,,Three Dollars,,Obsolete Banknotes & Scrip,3 Dollars (South Carolina Rail Road),banknote,NO,
ref_coin_type_356623,,Five Cents,,Obsolete Banknotes & Scrip,25 Cents (Indian Head Bank),banknote,NO,
ref_coin_type_356645,,Fifty Dollars,,Obsolete Banknotes & Scrip,50 Dollars (Bank of America Travelers Cheque),banknote,NO,
ref_coin_type_356803,,Half Dollar,,Fractional Currency,"50 Cents (""Fractional Currency"" - 2nd issue)",banknote,NO,
ref_coin_type_357794,,Five Cents,,Fractional Currency,"25 Cents (""Fractional Currency"" - 3rd series)",banknote,NO,
ref_coin_type_357807,,Half Dollar,,Fractional Currency,"50 Cents (""Fractional Currency"" - 3rd series)",banknote,NO,
ref_coin_type_357808,,Half Dollar,,Fractional Currency,"50 Cents (""Fractional Currency"" - 4th issue)",banknote,NO,
ref_coin_type_360820,,Two Dollars,,Obsolete Banknotes & Scrip,2 Dollars,banknote,NO,
ref_coin_type_360821,,Three Dollars,,Obsolete Banknotes & Scrip,3 Dollars,banknote,NO,
ref_coin_type_361552,,One Hundred Dollars,,Obsolete Banknotes & Scrip,100 Dollars (Large-Size Federal Reserve Note),banknote,NO,
ref_coin_type_362473,,Fifty Dollars,,Obsolete Banknotes & Scrip,50 Dollars (Gold Certificate),banknote,NO,
ref_coin_type_362768,,Two Dollars,,Obsolete Banknotes & Scrip,2 Dollars (United States Department of Agriculture Food Coupon),banknote,NO,
ref_coin_type_362769,,Half Dollar,,Obsolete Banknotes & Scrip,50 Cents (United States Department of Agriculture Food Coupon),banknote,NO,
ref_coin_type_363154,,One Dime,,Obsolete Banknotes & Scrip,10 Cents (Miners' Life Insurance and Trust Co. - Pennsylvania),banknote,NO,
ref_coin_type_363157,,Half Dollar,,Obsolete Banknotes & Scrip,50 Cents (Macon Savings Bank),banknote,NO,
ref_coin_type_363198,,Ten Dollars,,Obsolete Banknotes & Scrip,10 Dollars,banknote,NO,
ref_coin_type_363637,,Five Dollars,,Obsolete Banknotes & Scrip,5 Dollars (German Colony - East Africa),banknote,NO,
ref_coin_type_364665,,Fifty Dollars,,Obsolete Banknotes & Scrip,50 Dollars (Gold Certificate),banknote,NO,
ref_coin_type_366606,,Five Dollars,,Obsolete Banknotes & Scrip,"5 Dollars (Demand Note - ""Greenback"")",banknote,NO,
ref_coin_type_366609,,Ten Dollars,,Obsolete Banknotes & Scrip,"10 Dollars (Demand Note - ""Greenback"")",banknote,NO,
ref_coin_type_366610,,Twenty Dollars,,Obsolete Banknotes & Scrip,"20 Dollars (Demand Note - ""Greenback"")",banknote,NO,
ref_coin_type_366824,,One Dollar,,Obsolete Banknotes & Scrip,50 Vestindiske Dalere / 50 Dollars (St. Croix),banknote,NO,
ref_coin_type_366825,,One Dollar,,Obsolete Banknotes & Scrip,100 Vestindiske Dalere / 100 Dollars (St. Croix),banknote,NO,
ref_coin_type_366828,,One Hundred Dollars,,Obsolete Banknotes & Scrip,100 Dollars (Bank of St. Thomas),banknote,NO,
ref_coin_type_366829,,Five Hundred Dollars,,Obsolete Banknotes & Scrip,500 Dollars (Bank of St. Thomas),banknote,NO,
ref_coin_type_370023,,Five Cents,,Obsolete Banknotes & Scrip,25 Cents (State of North Carolina),banknote,NO,
ref_coin_type_370371,,Ten Dollars,,Obsolete Banknotes & Scrip,10 Dollars (American Express Travelers Cheque),banknote,NO,
ref_coin_type_372197,,Five Cents,,Obsolete Banknotes & Scrip,25 Cents (Sutton and Stewart),banknote,NO,
ref_coin_type_372874,,Half Dollar,,Obsolete Banknotes & Scrip,50 Cents (Bank of Augusta),banknote,NO,
ref_coin_type_373030,,Five Cents,,Obsolete Banknotes & Scrip,25 Cents (Mechanics Savings and Loan Association),banknote,NO,
ref_coin_type_374950,,Two Dollars,,Obsolete Banknotes & Scrip,2 Dollars (State of North Carolina),banknote,NO,
ref_coin_type_374955,,Five Cents,,Obsolete Banknotes & Scrip,25 Cents (Mechanics Savings and Loan Association),banknote,NO,
ref_coin_type_374959,,One Dime,,Obsolete Banknotes & Scrip,10 Cents (State of Florida; 3rd issue),banknote,NO,
ref_coin_type_374961,,Five Cents,,Obsolete Banknotes & Scrip,25 Cents (State of Florida; 3rd issue),banknote,NO,
ref_coin_type_374965,,Five Dollars,,Obsolete Banknotes & Scrip,5 Dollars (U.S.A. Bond of the State of Louisiana),banknote,NO,
ref_coin_type_374971,,Twenty Dollars,,Obsolete Banknotes & Scrip,20 Dollars (Bank of Augusta),banknote,NO,
ref_coin_type_374974,,Two Dollars,,Obsolete Banknotes & Scrip,2 Dollars (State of Florida),banknote,NO,
ref_coin_type_374975,,Five Dollars,,Obsolete Banknotes & Scrip,5 Dollars (State of Florida),banknote,NO,
ref_coin_type_374988,,Ten Dollars,,Obsolete Banknotes & Scrip,"10 Dollars (National Bank Note; ""Brown Back"")",banknote,NO,
ref_coin_type_375884,,Twenty Dollars,,Obsolete Banknotes & Scrip,20 Dollars (Gold Certificate),banknote,NO,
ref_coin_type_377186,,Ten Dollars,,Obsolete Banknotes & Scrip,10 Dollars - NCR Test Note,banknote,NO,
ref_coin_type_377188,,Twenty Dollars,,Obsolete Banknotes & Scrip,20 Dollars - Fujitsu Test Note,banknote,NO,
ref_coin_type_377210,,One Dollar,,Obsolete Banknotes & Scrip,1 Dollar,banknote,NO,
ref_coin_type_377384,,One Dollar,,Obsolete Banknotes & Scrip,Arkansas Tresasury Warrant,banknote,NO,
ref_coin_type_377450,,Four Dollars,,Obsolete Banknotes & Scrip,4 Dollars - Bank of Florida,banknote,NO,
ref_coin_type_377452,,Five Dollars,,Obsolete Banknotes & Scrip,5 Dollars - Bank of St. Johns,banknote,NO,
ref_coin_type_377455,,Five Dollars,,Obsolete Banknotes & Scrip,5 Dollars - Bank of Fernandina,banknote,NO,
ref_coin_type_377456,,Ten Dollars,,Obsolete Banknotes & Scrip,10 Dollars - The Bank of West Florida,banknote,NO,
ref_coin_type_377875,,One Thousand Dollars,,Obsolete Banknotes & Scrip,1000 Dollars - Fantasy Banknote,banknote,NO,
ref_coin_type_377880,,Three Dollars,,Obsolete Banknotes & Scrip,3 Dollars - Fantasy Banknote,banknote,NO,
ref_coin_type_378795,,One Thousand Dollars,,Obsolete Banknotes & Scrip,1000 Dollars (Large-Size Federal Reserve Note),banknote,NO,
ref_coin_type_379161,,Five Dollars,,Obsolete Banknotes & Scrip,5 Dollars (Bank of East Tennessee),banknote,NO,
ref_coin_type_380633,,One Hundred Dollars,,Obsolete Banknotes & Scrip,100 Dollars - United States Fantasy Note,banknote,NO,
ref_coin_type_382657,,Five Hundred Dollars,,Obsolete Banknotes & Scrip,500 Dollars (Large-Size Federal Reserve Note),banknote,NO,
ref_coin_type_385988,,One Hundred Dollars,,Obsolete Banknotes & Scrip,100 Dollars (American Express Travelers Cheque),banknote,NO,
ref_coin_type_389661,,One Hundred Dollars,,Obsolete Banknotes & Scrip,100 Dollars (Thomas Cook and Son Travelers Cheque),banknote,NO,
ref_coin_type_393512,,Half Dollar,,Obsolete Banknotes & Scrip,50 Cents (Bank of the State of Georgia),banknote,NO,
ref_coin_type_393525,,Five Dollars,,Obsolete Banknotes & Scrip,5 Dollars (State of Georgia),banknote,NO,
ref_coin_type_394594,,One Dollar,,Obsolete Banknotes & Scrip,1 Dollar & 25 Cents (Weybosset Bank - Rhode Island),banknote,NO,
ref_coin_type_394595,,One Dollar,,Obsolete Banknotes & Scrip,1 Dollar & 75 Cents (Fall River Union Bank - Rhode Island),banknote,NO,
ref_coin_type_394601,,Five Dollars,,Obsolete Banknotes & Scrip,5 Dollars (Cherokee Insurance & Banking Co.),banknote,NO,
ref_coin_type_396729,,Five Dollars,,Obsolete Banknotes & Scrip,"5 Dollars (Federal Reserve Note; ""Redeemable in Gold""; Branch ID in Letters)",banknote,NO,
ref_coin_type_396730,,Ten Dollars,,Obsolete Banknotes & Scrip,"10 Dollars (Federal Reserve Note; ""Redeemable in Gold""; Branch ID in Letters)",banknote,NO,
ref_coin_type_396731,,Twenty Dollars,,Obsolete Banknotes & Scrip,"20 Dollars (Federal Reserve Note; ""Redeemable in Gold""; Branch ID in Letters)",banknote,NO,
ref_coin_type_396732,,Fifty Dollars,,Obsolete Banknotes & Scrip,"50 Dollars (Federal Reserve Note; ""Redeemable in Gold""; Branch ID in Letters)",banknote,NO,
ref_coin_type_396733,,One Hundred Dollars,,Obsolete Banknotes & Scrip,"100 Dollars (Federal Reserve Note; ""Redeemable in Gold""; Branch ID in Letters)",banknote,NO,
ref_coin_type_396734,,Five Hundred Dollars,,Obsolete Banknotes & Scrip,500 Dollars (Federal Reserve Note; Large 500; small portrait),banknote,NO,
ref_coin_type_397262,,Fifty Dollars,,Obsolete Banknotes & Scrip,50 Dollars (Traders Bank of Virginia),banknote,NO,
ref_coin_type_397264,,Twenty Dollars,,Obsolete Banknotes & Scrip,20 Dollars (Traders Bank of Virginia),banknote,NO,
ref_coin_type_401846,,Twenty Dollars,,Obsolete Banknotes & Scrip,20 Dollars (Treasury Warrant - State of Texas),banknote,NO,
ref_coin_type_401874,,Three Dollars,,Obsolete Banknotes & Scrip,3 Dollars (State of Missouri),banknote,NO,
ref_coin_type_401875,,Five Dollars,,Obsolete Banknotes & Scrip,5 Dollars (The Farmers' and Mechanics' Bank),banknote,NO,
ref_coin_type_405732,,Twenty Dollars,,Obsolete Banknotes & Scrip,20 Dollars (State of North Carolina),banknote,NO,
ref_coin_type_405744,,Twenty Dollars,,Obsolete Banknotes & Scrip,20 Dollars (Bank of Philippi),banknote,NO,
ref_coin_type_405747,,Ten Dollars,,Obsolete Banknotes & Scrip,10 Dollars (Bank of Philippi),banknote,NO,
ref_coin_type_405753,,Five Dollars,,Obsolete Banknotes & Scrip,5 Dollars (Bank of Philippi),banknote,NO,
ref_coin_type_406044,,Ten Dollars,,Obsolete Banknotes & Scrip,10 Dollars (Bank of Weston - Virginia),banknote,NO,
ref_coin_type_406047,,Five Dollars,,Obsolete Banknotes & Scrip,5 Dollars (Bank of Weston - Virginia),banknote,NO,
ref_coin_type_407875,,Two Dollars,,Obsolete Banknotes & Scrip,2 Dollar (Bank of the Republic - Rhode Island),banknote,NO,
ref_coin_type_410235,,Two Dollars,,Obsolete Banknotes & Scrip,2 Dollars (State Bank of Michigan),banknote,NO,
ref_coin_type_410336,,One Dollar,,Obsolete Banknotes & Scrip,1 Dollar (State Bank of Michigan),banknote,NO,
ref_coin_type_410346,,Three Dollars,,Obsolete Banknotes & Scrip,3 Dollars (State Bank of Michigan),banknote,NO,
ref_coin_type_410349,,Five Dollars,,Obsolete Banknotes & Scrip,5 Dollars (State Bank of Michigan),banknote,NO,
ref_coin_type_410354,,Ten Dollars,,Obsolete Banknotes & Scrip,10 Dollars (State of Mississippi),banknote,NO,
ref_coin_type_410355,,Twenty Dollars,,Obsolete Banknotes & Scrip,20 Dollars (State of Mississippi),banknote,NO,
ref_coin_type_410357,,Five Dollars,,Obsolete Banknotes & Scrip,5 Dollars (State of Mississippi),banknote,NO,
ref_coin_type_410358,,Five Dollars,,Obsolete Banknotes & Scrip,5 Dollars (State of Mississippi),banknote,NO,
ref_coin_type_410380,,One Dime,,Obsolete Banknotes & Scrip,10 Cents (Commercial Bank of Glens Falls - New York),banknote,NO,
ref_coin_type_410386,,Five Cents,,Obsolete Banknotes & Scrip,25 Cents (Commercial Bank of Glens Falls),banknote,NO,
ref_coin_type_410389,,One Dime,,Obsolete Banknotes & Scrip,10 Cents (Fort Plain Bank),banknote,NO,
ref_coin_type_410391,,Five Cents,,Obsolete Banknotes & Scrip,25 Cents (Fort Plain Bank),banknote,NO,
ref_coin_type_410392,,Half Dollar,,Obsolete Banknotes & Scrip,50 Cents (Fort Plain Bank),banknote,NO,
ref_coin_type_410464,,Two Dollars,,Obsolete Banknotes & Scrip,"2 Dollars - Bank of Columbia (Hudson, New York)",banknote,NO,
ref_coin_type_410469,,Five Dollars,,Obsolete Banknotes & Scrip,"5 Dollars - Bank of Columbia (Hudson, New York)",banknote,NO,
ref_coin_type_410477,,Five Dollars,,Obsolete Banknotes & Scrip,"5 Dollars - Bank of Columbia (Hudson, New York)",banknote,NO,
ref_coin_type_410492,,Ten Dollars,,Obsolete Banknotes & Scrip,10 Dollars (Bank of Columbia - New York),banknote,NO,
ref_coin_type_410508,,One Dollar,,Obsolete Banknotes & Scrip,"1 Dollar - Bank of Hudson (Hudson, New York)",banknote,NO,
ref_coin_type_410510,,Five Dollars,,Obsolete Banknotes & Scrip,"5 Dollars - Bank of Hudson (Hudson, New York)",banknote,NO,
ref_coin_type_410513,,Ten Dollars,,Obsolete Banknotes & Scrip,"10 Dollars - Bank of Hudson (Hudson, New York)",banknote,NO,
ref_coin_type_410573,,Twenty Dollars,,Obsolete Banknotes & Scrip,20 Dollars (Central Bank of Virginia),banknote,NO,
ref_coin_type_410628,,Five Cents,,Obsolete Banknotes & Scrip,5 Cents (Herkimer County Bank - New York),banknote,NO,
ref_coin_type_410633,,One Dime,,Obsolete Banknotes & Scrip,10 Cents (Lyons Bank - New York),banknote,NO,
ref_coin_type_410635,,Half Dollar,,Obsolete Banknotes & Scrip,50 Cents (Lyons Bank - New York),banknote,NO,
ref_coin_type_410643,,Five Cents,,Obsolete Banknotes & Scrip,25 Cents (Bank of Lowville - New York),banknote,NO,
ref_coin_type_410645,,Half Dollar,,Obsolete Banknotes & Scrip,50 Cents (Bank of Lowville - New York),banknote,NO,
ref_coin_type_410678,,Ten Dollars,,Obsolete Banknotes & Scrip,10 Dollars (Bordentown Banking Co. - New Jersey),banknote,NO,
ref_coin_type_410760,,Twenty Dollars,,Obsolete Banknotes & Scrip,20 Dollars (Bank of America Travelers Cheque),banknote,NO,
ref_coin_type_410949,,Five Dollars,,Obsolete Banknotes & Scrip,5 Dollars (Bank of Washington - North Carolina),banknote,NO,
ref_coin_type_410961,,Two Dollars,,Obsolete Banknotes & Scrip,2 Dollars (West River Bank - Vermont),banknote,NO,
ref_coin_type_410968,,Three Dollars,,Obsolete Banknotes & Scrip,3 Dollars (West River Bank - Vermont),banknote,NO,
ref_coin_type_410971,,Five Dollars,,Obsolete Banknotes & Scrip,5 Dollars (West River Bank - Vermont),banknote,NO,
ref_coin_type_411108,,One Hundred Dollars,,Obsolete Banknotes & Scrip,100 Dollars (New England Commercial Bank - Rhode Island),banknote,NO,
ref_coin_type_411120,,Three Dollars,,Obsolete Banknotes & Scrip,3 Dollars (Bank of Watertown - Wisconsin),banknote,NO,
ref_coin_type_411139,,One Dollar,,Obsolete Banknotes & Scrip,1 Dollar (Bank of New-England at Goodspeed's Landing - Connecticut),banknote,NO,
ref_coin_type_411262,,Two Dollars,,Obsolete Banknotes & Scrip,2 Dollars (Bank of New-England at Goodspeed's Landing - Connecticut),banknote,NO,
ref_coin_type_411270,,Three Dollars,,Obsolete Banknotes & Scrip,3 Dollars (New England Commercial Bank - Rhode Island),banknote,NO,
ref_coin_type_411276,,Five Dollars,,Obsolete Banknotes & Scrip,5 Dollars (Bank of New-England at Goodspeed's Landing - Connecticut),banknote,NO,
ref_coin_type_411294,,Twenty Dollars,,Obsolete Banknotes & Scrip,20 Dollars (Bank of New England at Goodspeed's Landing - Connecticut),banknote,NO,
ref_coin_type_411401,,Four Dollars,,Obsolete Banknotes & Scrip,4 Dollars (Bank of Washington - North Carolina),banknote,NO,
ref_coin_type_411435,,Three Dollars,,Obsolete Banknotes & Scrip,3 Dollars (Bank of Washington - North Carolina),banknote,NO,
ref_coin_type_411437,,Ten Dollars,,Obsolete Banknotes & Scrip,10 Dollars (Bank of Washington - North Carolina),banknote,NO,
ref_coin_type_411439,,One Dollar,,Obsolete Banknotes & Scrip,1 Dollar (Bank of Watertown - Wisconsin),banknote,NO,
ref_coin_type_411440,,One Dollar,,Obsolete Banknotes & Scrip,1 Dollar (Bank of America - Rhode Island),banknote,NO,
ref_coin_type_411613,,Half Dollar,,Obsolete Banknotes & Scrip,4½ Dollars (State of Missouri Defense Bond),banknote,NO,
ref_coin_type_411617,,Five Dollars,,Obsolete Banknotes & Scrip,5 Dollars (Central Bank of Pennsylvania),banknote,NO,
ref_coin_type_411731,,One Dollar,,Obsolete Banknotes & Scrip,100 Miles (Charlotte Columbia and Augusta Rail Road Company),banknote,NO,
ref_coin_type_411745,,Ten Dollars,,Obsolete Banknotes & Scrip,10 Dollars (New England Commercial Bank - Rhode Island),banknote,NO,
ref_coin_type_411752,,One Dollar,,Obsolete Banknotes & Scrip,100 Miles (Charlotte Columbia and Augusta Rail Road Company),banknote,NO,
ref_coin_type_411758,,Ten Dollars,,Obsolete Banknotes & Scrip,10 Dollars (Virginia Treasury Note),banknote,NO,
ref_coin_type_411785,,Twenty Dollars,,Obsolete Banknotes & Scrip,20 Dollars (The Farmers' and Mechanics' Bank),banknote,NO,
ref_coin_type_411854,,Twenty Dollars,O,Obsolete Banknotes & Scrip,20 Dollars (New Orleans Canal and Banking Co.),banknote,NO,
ref_coin_type_411981,,Fifty Dollars,,Obsolete Banknotes & Scrip,50 Dollars (New England Commercial Bank - Rhode Island),banknote,NO,
ref_coin_type_411983,,Fifty Dollars,,Obsolete Banknotes & Scrip,50 Dollars (West River Bank - Vermont),banknote,NO,
ref_coin_type_411991,,Five Dollars,,Obsolete Banknotes & Scrip,5 Dollars (Bank of the State of South Carolina),banknote,NO,
ref_coin_type_412111,,One Dollar,,Obsolete Banknotes & Scrip,1 Dollar (Bank of Charleston),banknote,NO,
ref_coin_type_412112,,Five Dollars,,Obsolete Banknotes & Scrip,5 Dollars (Bank of Charleston - Virginia),banknote,NO,
ref_coin_type_412115,,Ten Dollars,,Obsolete Banknotes & Scrip,10 Dollars (Farmers Bank),banknote,NO,
ref_coin_type_412128,,Half Dollar,,Obsolete Banknotes & Scrip,50 Cents (Bank of Industry),banknote,NO,
ref_coin_type_412130,,Ten Dollars,,Obsolete Banknotes & Scrip,10 Dollars (State of South Carolina),banknote,NO,
ref_coin_type_412348,,Five Cents,,Obsolete Banknotes & Scrip,25 Cents (County of Lowndes),banknote,NO,
ref_coin_type_412351,,Two Dollars,,Obsolete Banknotes & Scrip,2 Dollars (Bank of Macomb County - Michigan),banknote,NO,
ref_coin_type_412353,,Two Dollars,,Obsolete Banknotes & Scrip,2 Dollars (Bank of America - Rhode Island),banknote,NO,
ref_coin_type_412361,,One Dime,,Obsolete Banknotes & Scrip,"10 Cents (Cooper, Thompson & Co.)",banknote,NO,
ref_coin_type_412571,,Ten Dollars,,Obsolete Banknotes & Scrip,10 Dollars (State of Alabama),banknote,NO,
ref_coin_type_412692,,Five Dollars,,Obsolete Banknotes & Scrip,5 Dollars (Searsport Bank - Maine),banknote,NO,
ref_coin_type_412694,,One Dime,,Obsolete Banknotes & Scrip,10 Cents (City of Wilmington),banknote,NO,
ref_coin_type_412702,,Five Dollars,,Obsolete Banknotes & Scrip,5 Dollars (McKean County Bank - Pennsylvania),banknote,NO,
ref_coin_type_412706,,One Dollar,,Obsolete Banknotes & Scrip,1 Dollar (Bank of Windsor - Vermont),banknote,NO,
ref_coin_type_412835,,Two Dollars,,Obsolete Banknotes & Scrip,2 Dollars (South Carolina Rail Road),banknote,NO,
ref_coin_type_412851,,One Dollar,,Obsolete Banknotes & Scrip,6 Dollars (Peoples' Bank of Paterson),banknote,NO,
ref_coin_type_412854,,One Dollar,,Obsolete Banknotes & Scrip,7 Dollars (Peoples' Bank of Paterson),banknote,NO,
ref_coin_type_412858,,One Dollar,,Obsolete Banknotes & Scrip,8 Dollars (Peoples' Bank of Paterson),banknote,NO,
ref_coin_type_412863,,One Dollar,,Obsolete Banknotes & Scrip,9 Dollars (Peoples' Bank of Paterson),banknote,NO,
ref_coin_type_412960,,Four Dollars,,Obsolete Banknotes & Scrip,4 Dollars (Bank of the State of South Carolina),banknote,NO,
ref_coin_type_412964,,Three Dollars,,Obsolete Banknotes & Scrip,3 Dollars (Bank of New-England at Goodspeed's Landing - Connecticut),banknote,NO,
ref_coin_type_412969,,Ten Dollars,,Obsolete Banknotes & Scrip,10 Dollars (State of North Carolina),banknote,NO,
ref_coin_type_412980,,Twenty Dollars,,Obsolete Banknotes & Scrip,20 Dollars (State of South Carolina),banknote,NO,
ref_coin_type_412988,,Five Dollars,,Obsolete Banknotes & Scrip,5 Dollars (Farmers Bank of Geneva - New York),banknote,NO,
ref_coin_type_413313,,Half Dollar,,Obsolete Banknotes & Scrip,50 Cents (Confederate States),banknote,NO,
ref_coin_type_415298,,Half Cent,,Obsolete Banknotes & Scrip,12½ Cents (Corporation of Winchester),banknote,NO,
ref_coin_type_415397,,Five Dollars,,Obsolete Banknotes & Scrip,5 Dollar (Bank of Augusta),banknote,NO,
ref_coin_type_415428,,Two Dollars,,Obsolete Banknotes & Scrip,2 Dollars (Bank of Westfield - New York),banknote,NO,
ref_coin_type_415740,,Five Dollars,,Obsolete Banknotes & Scrip,5 Dollars (The Bank of South Carolina),banknote,NO,
ref_coin_type_416022,,Five Dollars,,Obsolete Banknotes & Scrip,5 Dollars (State of Alabama),banknote,NO,
ref_coin_type_416165,,Twenty Dollars,,Obsolete Banknotes & Scrip,"20 Dollars (Gold Certificate - ""Technicolor note"")",banknote,NO,
ref_coin_type_417141,,Twenty Dollars,,Obsolete Banknotes & Scrip,20 Dollars,banknote,NO,
ref_coin_type_417299,,Two Dollars,,Obsolete Banknotes & Scrip,2 Dollars (Vertical),banknote,NO,
ref_coin_type_417301,,Five Dollars,,Obsolete Banknotes & Scrip,5 Dollars (Vertical),banknote,NO,
ref_coin_type_417303,,Ten Dollars,,Obsolete Banknotes & Scrip,10 Dollars (Vertical),banknote,NO,
ref_coin_type_417304,,Twenty Dollars,,Obsolete Banknotes & Scrip,20 Dollars (Vertical),banknote,NO,
ref_coin_type_417305,,Fifty Dollars,,Obsolete Banknotes & Scrip,50 Dollars (Vertical),banknote,NO,
ref_coin_type_417307,,One Hundred Dollars,,Obsolete Banknotes & Scrip,100 Dollars (Vertical),banknote,NO,
ref_coin_type_418163,,One Dollar,,Hawaiian Kingdom Coinage,1 Dollar (Hawaii Silver Certificate),banknote,NO,
ref_coin_type_418166,,Two Dollars,,Hawaiian Kingdom Coinage,2 Dollars (Hawaii Silver Certificate),banknote,NO,
ref_coin_type_418169,,Five Dollars,,Hawaiian Kingdom Coinage,5 Dollars (Hawaii Silver Certificate),banknote,NO,
ref_coin_type_418171,,Ten Dollars,,Hawaiian Kingdom Coinage,10 Dollars (Hawaii Silver Certificate),banknote,NO,
ref_coin_type_418494,,Fifty Dollars,,Obsolete Banknotes & Scrip,50 Dollars (Citicorp Travelers Cheque),banknote,NO,
ref_coin_type_418709,,One Hundred Dollars,,Obsolete Banknotes & Scrip,100 Dollars (MasterCard Travelers Cheque),banknote,NO,
ref_coin_type_421490,,One Thousand Dollars,,Obsolete Banknotes & Scrip,1000 Dollar (Banknotedesigns Edition),banknote,NO,
ref_coin_type_421492,,One Dollar,,Obsolete Banknotes & Scrip,10 Bison Dollars (United States Note),banknote,NO,
ref_coin_type_422368,,Five Thousand Dollars,,Obsolete Banknotes & Scrip,5000 Dollar (Banknotedesigns Edition),banknote,NO,
ref_coin_type_422479,,Two Dollars,,Obsolete Banknotes & Scrip,2 Dollars,banknote,NO,
ref_coin_type_422496,,Five Cents,,Obsolete Banknotes & Scrip,15 Cents (State of South Carolina),banknote,NO,
ref_coin_type_422497,,Five Dollars,,Obsolete Banknotes & Scrip,5 Dollars (Central Bank of Tennessee),banknote,NO,
ref_coin_type_422563,,Five Cents,,Obsolete Banknotes & Scrip,25 Cents (Summit County Bank),banknote,NO,
ref_coin_type_425135,,Five Cents,,Obsolete Banknotes & Scrip,75 Cents (County of Shenandoah),banknote,NO,
ref_coin_type_427776,,Ten Dollars,,Obsolete Banknotes & Scrip,10 Dollars (3rd issue),banknote,NO,
ref_coin_type_428560,,Two Dollars,,Obsolete Banknotes & Scrip,2 Dollars (Western Exchange Fire and Marine Insurance Co.),banknote,NO,
ref_coin_type_428590,,One Dollar,,Obsolete Banknotes & Scrip,1 Dollar (Farmers Bank of Bucks County - Pennsylvania),banknote,NO,
ref_coin_type_429344,,Five Cents,,Obsolete Banknotes & Scrip,15 Cents (Sutton and Stewart),banknote,NO,
ref_coin_type_432108,,Five Cents,,Fractional Currency,"15 Cents (""Fractional Currency"" - 3rd series)",banknote,NO,
ref_coin_type_433305,,One Dollar,,Obsolete Banknotes & Scrip,6¼ Rigsdaler Vestindisk Courant / 5 Rigdaler Courant - Christian VII (White paper; backprint on Danish note),banknote,NO,
ref_coin_type_433609,,One Dollar,,Obsolete Banknotes & Scrip,1 Dollar (Arkansas Treasury Warrant),banknote,NO,
ref_coin_type_434198,,Five Dollars,,Obsolete Banknotes & Scrip,15 Dollars (Colonial Bank),banknote,NO,
ref_coin_type_434639,,Five Dollars,,Obsolete Banknotes & Scrip,5 Dollars (Bank of Louisiana),banknote,NO,
ref_coin_type_437646,,Three Dollars,,Obsolete Banknotes & Scrip,3 Dollars (Somerset and Worcester Savings Bank - Maryland),banknote,NO,
ref_coin_type_437687,,Twenty Dollars,,Obsolete Banknotes & Scrip,20 Dollars (First National Travelers Cheque),banknote,NO,
ref_coin_type_438403,,One Dollar,,Obsolete Banknotes & Scrip,1 Dollar (Exchange Bank of Tennessee),banknote,NO,
ref_coin_type_440022,,Half Dollar,,Fractional Currency,"50 Cents (""Fractional Currency"" - 3rd issue)",banknote,NO,
ref_coin_type_440815,,Half Dollar,,Obsolete Banknotes & Scrip,50 Cents (Mechanics Savings and Loan Association),banknote,NO,
ref_coin_type_442318,,One Dollar,,Obsolete Banknotes & Scrip,1 Dollar (Bank of Morgan - Georgia),banknote,NO,
ref_coin_type_442498,,Fifty Dollars,,Obsolete Banknotes & Scrip,50 Dollars (Mechanics' Bank of Augusta - Georgia),banknote,NO,
ref_coin_type_442501,,Five Dollars,,Obsolete Banknotes & Scrip,5 Dollars (Farmers & Exchange Bank of Charleston - South Carolina),banknote,NO,
ref_coin_type_443022,,Three Dollars,,Obsolete Banknotes & Scrip,3 Dollars (State of Mississippi),banknote,NO,
ref_coin_type_443354,,Three Dollars,,Obsolete Banknotes & Scrip,3 Dollars - Fantasy Banknote (New York),banknote,NO,
ref_coin_type_443454,,Twenty Dollars,,Obsolete Banknotes & Scrip,20 Dollars,banknote,NO,
ref_coin_type_443709,,One Dollar,,Obsolete Banknotes & Scrip,1 Dollar (Bank of Monroe - Michigan),banknote,NO,
ref_coin_type_444205,,Fifty Dollars,,Obsolete Banknotes & Scrip,50 Dollars - De La Rue Test Note,banknote,NO,
ref_coin_type_444207,,One Dollar,,Obsolete Banknotes & Scrip,1 Dollar - De La Rue Test Note,banknote,NO,
ref_coin_type_444209,,One Hundred Dollars,,Obsolete Banknotes & Scrip,100 Dollars - De La Rue Test Note,banknote,NO,
ref_coin_type_444267,,Five Dollars,O,Obsolete Banknotes & Scrip,5 Dollars (New Orleans Canal and Banking Co.),banknote,NO,
ref_coin_type_444422,,Two Dollars,,Obsolete Banknotes & Scrip,2 Dollars (Parish of Concordia),banknote,NO,
ref_coin_type_444428,,Five Dollars,,Obsolete Banknotes & Scrip,5 Dollars (The Commercial Bank of Columbia),banknote,NO,
ref_coin_type_444576,,Twenty Cents,,Obsolete Banknotes & Scrip,20 Cents (The Bank of the State of South Carolina),banknote,NO,
ref_coin_type_444577,,Twenty Dollars,,Obsolete Banknotes & Scrip,20 Dollars (Parish of Concordia),banknote,NO,
ref_coin_type_446588,,Three Dollars,,Obsolete Banknotes & Scrip,3 Dollars (Eastern Bank of Alabama),banknote,NO,
ref_coin_type_446590,,Five Dollars,,Obsolete Banknotes & Scrip,5 Dollars (Eastern Bank of Alabama),banknote,NO,
ref_coin_type_448094,,Ten Dollars,,Obsolete Banknotes & Scrip,10 Dollars (Eastern Bank of Alabama),banknote,NO,
ref_coin_type_448829,,Fifty Dollars,,Obsolete Banknotes & Scrip,50 Dollars (Propaganda Note),banknote,NO,
ref_coin_type_450649,,Twenty Dollars,,Obsolete Banknotes & Scrip,20 Dollars (Eastern Bank of Alabama),banknote,NO,
ref_coin_type_450700,,Two Dollars,,Obsolete Banknotes & Scrip,2 Dollars (Bank of Middletown - Pennsylvania),banknote,NO,
ref_coin_type_454922,,Twenty Dollars,,Obsolete Banknotes & Scrip,20 Dollars (American Express),banknote,NO,
ref_coin_type_455618,,One Dollar,,Obsolete Banknotes & Scrip,1 Dollar (Bank of the Valley in Virginia),banknote,NO,
ref_coin_type_455810,,One Dollar,,Obsolete Banknotes & Scrip,1 Dollar (The New Jersey Manufacturing and Banking Company),banknote,NO,
ref_coin_type_462931,,Three Dollars,,Obsolete Banknotes & Scrip,3 Dollars (State of North Carolina),banknote,NO,
ref_coin_type_463673,,Five Cents,,Obsolete Banknotes & Scrip,25 Cents (State of North Carolina; overprinted),banknote,NO,
ref_coin_type_463679,,Half Dollar,,Obsolete Banknotes & Scrip,50 Cents (State of North Carolina; overprinted),banknote,NO,
ref_coin_type_463989,,Five Cents,,Obsolete Banknotes & Scrip,5 Cents (State of Alabama),banknote,NO,
ref_coin_type_464864,,Twenty Dollars,,Obsolete Banknotes & Scrip,20 Dollars,banknote,NO,
ref_coin_type_464987,,One Hundred Dollars,,Obsolete Banknotes & Scrip,100 Dollars (Gold Certificate),banknote,NO,
ref_coin_type_465064,,One Hundred Dollars,,Obsolete Banknotes & Scrip,100 Dollar (State Bank at New Brunswick - New Jersey),banknote,NO,
ref_coin_type_465310,,Five Dollars,,Obsolete Banknotes & Scrip,5 Dollars (Augusta Insurance and Banking Co. - Georgia),banknote,NO,
ref_coin_type_465313,,Ten Dollars,,Obsolete Banknotes & Scrip,10 Dollars (Bank of Commerce - Georgia),banknote,NO,
ref_coin_type_466611,,One Dollar,,Obsolete Banknotes & Scrip,1 Dollars (Somerset and Worcester Savings Bank - Maryland),banknote,NO,
ref_coin_type_466949,,Twenty Dollars,,Obsolete Banknotes & Scrip,20 Dollars (Gold Certificate),banknote,NO,
ref_coin_type_466964,,Fifty Dollars,,Obsolete Banknotes & Scrip,50 Dollars (Large-Size National Bank Note),banknote,NO,
ref_coin_type_467222,,Twenty Dollars,,Obsolete Banknotes & Scrip,20 Dollars,banknote,NO,
ref_coin_type_468193,,Fifty Dollars,,Obsolete Banknotes & Scrip,50 Dollars (Gold Certificate),banknote,NO,
ref_coin_type_469394,,One Dime,,Obsolete Banknotes & Scrip,10 Cents (State of North Carolina),banknote,NO,
ref_coin_type_469397,,Half Dollar,,Obsolete Banknotes & Scrip,50 Cents (State of North Carolina),banknote,NO,
ref_coin_type_469413,,Half Dollar,,Obsolete Banknotes & Scrip,50 Cents (State of North Carolina),banknote,NO,
ref_coin_type_469425,,Five Dollars,,Obsolete Banknotes & Scrip,5 Dollars (Mechanics Bank - New York),banknote,NO,
ref_coin_type_469444,,Twenty Dollars,,Obsolete Banknotes & Scrip,"20 Dollars (Citizens' Bank of Louisiana, Shreveport; Bilingual)",banknote,NO,
ref_coin_type_469634,,One Dollar,,Obsolete Banknotes & Scrip,1 Dollar (The Bank of Middletown),banknote,NO,
ref_coin_type_470050,,Five Cents,,Obsolete Banknotes & Scrip,75 Cents (State of South Carolina),banknote,NO,
ref_coin_type_471331,,One Dime,,Obsolete Banknotes & Scrip,10 Cents (Augusta Insurance and Banking Co. - Georgia),banknote,NO,
ref_coin_type_471347,,One Dollar,,Obsolete Banknotes & Scrip,1 Dollar (Augusta Insurance and Banking Co. - Georgia),banknote,NO,
ref_coin_type_471461,,One Dollar,,Obsolete Banknotes & Scrip,1 Dollar (Mechanics Bank of Augusta - Georgia),banknote,NO,
ref_coin_type_471462,,Two Dollars,,Obsolete Banknotes & Scrip,2 Dollars (Bank of Columbus - Georgia),banknote,NO,
ref_coin_type_471464,,Five Dollars,,Obsolete Banknotes & Scrip,5 Dollars (Bank of Commerce - Georgia),banknote,NO,
ref_coin_type_471815,,Three Dollars,,Obsolete Banknotes & Scrip,3 Dollars - Fantasy Banknote (New York),banknote,NO,
ref_coin_type_473436,,Two Dollars,,Obsolete Banknotes & Scrip,2 Dollars (Greensboro Mutual - North Carolina),banknote,NO,
ref_coin_type_474502,,Twenty Cents,,Obsolete Banknotes & Scrip,20 Cents (Bank of Ontario),banknote,NO,
ref_coin_type_474503,,Two Dollars,,Obsolete Banknotes & Scrip,2 Dollars (Augusta Savings Bank),banknote,NO,
ref_coin_type_479945,,Ten Dollars,,Obsolete Banknotes & Scrip,10 Dollars (State of Florida),banknote,NO,
ref_coin_type_480015,,Two Dollars,,Obsolete Banknotes & Scrip,2 Dollars,banknote,NO,
ref_coin_type_480815,,Five Cents,,Obsolete Banknotes & Scrip,Paper - Good for five cents in trade,banknote,NO,
ref_coin_type_481000,,Ten Dollars,,Obsolete Banknotes & Scrip,10 Dollars (War Savings Bond Series E),banknote,NO,
ref_coin_type_481001,,Five Dollars,,Obsolete Banknotes & Scrip,25 Dollars (War Savings Bond Series E),banknote,NO,
ref_coin_type_481003,,Five Dollars,,Obsolete Banknotes & Scrip,25 Dollars (War Savings Bond Series E),banknote,NO,
ref_coin_type_481177,,Two Dollars,,Obsolete Banknotes & Scrip,2 Dollars (Mechanics Savings and Loan Association),banknote,NO,
ref_coin_type_483442,,Ten Dollars,,Obsolete Banknotes & Scrip,10 Dollars (Bank of New England at Goodspeed's Landing - Connecticut),banknote,NO,
ref_coin_type_483444,,Two Dollars,,Obsolete Banknotes & Scrip,2 Dollars (Stonington Bank - Connecticut),banknote,NO,
ref_coin_type_483448,,Ten Dollars,O,Obsolete Banknotes & Scrip,"10 Dollars (Citizens Bank of Louisiana, New Orleans)",banknote,NO,
ref_coin_type_483870,,Half Dollar,,Obsolete Banknotes & Scrip,50 Cents (Western & Atlantic Rail Road - Georgia),banknote,NO,
ref_coin_type_483879,,Five Cents,,Obsolete Banknotes & Scrip,75 Cents (The Augusta Insurance & Banking Co. - Georgia),banknote,NO,
ref_coin_type_483887,,Two Dollars,,Obsolete Banknotes & Scrip,2 Dollars (The Mechanics Bank of Augusta - Georgia),banknote,NO,
ref_coin_type_483927,,Ten Dollars,,Obsolete Banknotes & Scrip,10 Dollars (The Union Bank - Georgia),banknote,NO,
ref_coin_type_483928,,Five Dollars,,Obsolete Banknotes & Scrip,5 Dollars (Bank of Milledgeville - Georgia),banknote,NO,
ref_coin_type_484022,,Ten Dollars,,Obsolete Banknotes & Scrip,10 Dollars (Citizens Bank of Gosport - Indiana),banknote,NO,
ref_coin_type_484030,,One Dollar,O,Obsolete Banknotes & Scrip,"1 Dollar (Bank of Commerce, New Orleans, Louisiana)",banknote,NO,
ref_coin_type_484040,,Three Dollars,,Obsolete Banknotes & Scrip,3 Dollars (Frederick-town Branch Bank - Maryland),banknote,NO,
ref_coin_type_484053,,Five Dollars,,Obsolete Banknotes & Scrip,5 Dollars (The Cochituate Bank - Massachusetts),banknote,NO,
ref_coin_type_484377,,Ten Dollars,,Obsolete Banknotes & Scrip,10 Dollars (Detroit Bank),banknote,NO,
ref_coin_type_484379,,Five Dollars,,Obsolete Banknotes & Scrip,5 Dollars (Peninsular Bank - Michigan),banknote,NO,
ref_coin_type_484587,,Ten Dollars,,Obsolete Banknotes & Scrip,10 Dollars (Bank of Manchester - Michigan),banknote,NO,
ref_coin_type_484593,,One Dollar,,Obsolete Banknotes & Scrip,1 Dollar (Bank of Michigan),banknote,NO,
ref_coin_type_484595,,One Dollar,,Obsolete Banknotes & Scrip,1 Dollar (Bank of De Soto),banknote,NO,
ref_coin_type_484597,,Five Cents,,Obsolete Banknotes & Scrip,"5 Cents (J.D. Hamlin's Banking House, Niagara Falls, New York)",banknote,NO,
ref_coin_type_484599,,Five Dollars,,Obsolete Banknotes & Scrip,5 Dollars (Bank of Lexington - North Carolina),banknote,NO,
ref_coin_type_484602,,Five Dollars,,Obsolete Banknotes & Scrip,5 Dollars (The Miners and Planters Bank - North Carolina),banknote,NO,
ref_coin_type_484604,,One Dollar,,Obsolete Banknotes & Scrip,"1 Dollar (Jefferson Bank of New Salem, Ohio)",banknote,NO,
ref_coin_type_484767,,Five Dollars,,Obsolete Banknotes & Scrip,5 Dollars (The Bank of the Republic - Rhode Island),banknote,NO,
ref_coin_type_484891,,Ten Dollars,,Obsolete Banknotes & Scrip,10 Dollars (The Bank of South Carolina),banknote,NO,
ref_coin_type_484895,,One Dollar,,Obsolete Banknotes & Scrip,1 Dollar (The Bank of Chattanooga - Tennessee),banknote,NO,
ref_coin_type_484899,,Five Dollars,,Obsolete Banknotes & Scrip,5 Dollars (The Bank of Pittsylvania - Virginia),banknote,NO,
ref_coin_type_485005,,Twenty Dollars,,Obsolete Banknotes & Scrip,20 Dollars (Central Bank of Virginia),banknote,NO,
ref_coin_type_485007,,One Dollar,,Obsolete Banknotes & Scrip,1 Dollar (Central Bank of Virginia),banknote,NO,
ref_coin_type_485948,,Ten Dollars,,Obsolete Banknotes & Scrip,10 Dollars (State of Georgia),banknote,NO,
ref_coin_type_485954,,Four Dollars,,Obsolete Banknotes & Scrip,4 Dollars (State of Georgia),banknote,NO,
ref_coin_type_485959,,Five Dollars,,Obsolete Banknotes & Scrip,5 Dollars (State of Louisiana),banknote,NO,
ref_coin_type_486004,,Ten Dollars,,Obsolete Banknotes & Scrip,10 Dollars (State of Mississippi),banknote,NO,
ref_coin_type_486041,,Two Dollars,,Obsolete Banknotes & Scrip,2 Dollars (State of South Carolina),banknote,NO,
ref_coin_type_486589,,Ten Dollars,,Obsolete Banknotes & Scrip,"10 Dollars (State of Texas Treasury Warrant, Civil Service)",banknote,NO,
ref_coin_type_498528,,Twenty Dollars,,Obsolete Banknotes & Scrip,20 Dollars (Confederate States Loan),banknote,NO,
ref_coin_type_498532,,Four Dollars,,Obsolete Banknotes & Scrip,4 Dollars (Confederate States Loan),banknote,NO,
ref_coin_type_519839,,One Thousand Dollars,,Obsolete Banknotes & Scrip,1000 Dollars (One Federal Note),banknote,NO,
ref_coin_type_520923,,Five Dollars,,Obsolete Banknotes & Scrip,5 Dollars (State of South Carolina),banknote,NO,
ref_coin_type_520978,,Three Dollars,,Obsolete Banknotes & Scrip,3 Dollars (State of Florida),banknote,NO,
ref_coin_type_520980,,Three Dollars,,Obsolete Banknotes & Scrip,3 Dollars (The New Hope Delaware Bridge Co. - New Jersey),banknote,NO,
ref_coin_type_520993,,Twenty Dollars,,Obsolete Banknotes & Scrip,20 Dollars (State of South Carolina),banknote,NO,
ref_coin_type_535435,,Fifty Dollars,,Obsolete Banknotes & Scrip,50 Dollars (Bank of Monroe - Michigan),banknote,NO,
ref_coin_type_538129,,Ten Dollars,,Obsolete Banknotes & Scrip,10 Dollars (Farmers Exchange Bank - Rhode Island),banknote,NO,
ref_coin_type_538267,,One Dollar,,Obsolete Banknotes & Scrip,Mini 1 Dollar (Federal Reserve Note),banknote,NO,
ref_coin_type_538268,,One Dollar,,Obsolete Banknotes & Scrip,Mini 5 Dollars (Federal Reserve Note),banknote,NO,
ref_coin_type_538269,,One Dollar,,Obsolete Banknotes & Scrip,Mini 10 Dollars (Federal Reserve Note),banknote,NO,
ref_coin_type_538270,,One Dollar,,Obsolete Banknotes & Scrip,Mini 2 Dollars (Federal Reserve Note),banknote,NO,
ref_coin_type_538601,,One Hundred Dollars,,Obsolete Banknotes & Scrip,100 Dollars (State of North Carolina),banknote,NO,
ref_coin_type_538602,,One Dollar,,Obsolete Banknotes & Scrip,60 Dollars,banknote,NO,
ref_coin_type_547522,,Five Cents,,Obsolete Banknotes & Scrip,25 Cents (Revolutionary War),banknote,NO,
ref_coin_type_549622,,Two Dollars,,Obsolete Banknotes & Scrip,2 Dollars (Mechanics Savings and Loan Association),banknote,NO,
ref_coin_type_550385,,Five Dollars,,Obsolete Banknotes & Scrip,5 Dollars - Kentucky Insurance Company,banknote,NO,
ref_coin_type_555331,,Half Dollar,,Obsolete Banknotes & Scrip,50 Cents (State of Mississippi),banknote,NO,
ref_coin_type_555507,,Three Dollars,,Obsolete Banknotes & Scrip,3 Dollars (State of Louisiana),banknote,NO,
ref_coin_type_70002,,One Dollar,,Obsolete Banknotes & Scrip,1 Dollar,banknote,NO,
ref_coin_type_75463,,One Dollar,,Obsolete Banknotes & Scrip,1 Dollar,banknote,NO,
ref_note_one_dollar_none_none,,One Dollar,,U.S. Banknotes,,banknote,NO,
ref_coin_type_333852,1928,Fifty Dollars,,Obsolete Banknotes & Scrip,50 Dollars (Gold Certificate; Gold Seal left),banknote,NO,
ref_coin_type_209200,2002,Two Dollars,,Obsolete Banknotes & Scrip,2002 Dollars (Bravery Promissory Note),banknote,NO,
ref_coin_type_209208,2004,Four Dollars,,Obsolete Banknotes & Scrip,2004 Dollars (Total Victory Note),banknote,NO,
ref_coin_type_209221,2004,Four Dollars,,Obsolete Banknotes & Scrip,2004 Dollars (Conservative Greed Note),banknote,NO,
ref_coin_type_206763,2008,One Dollar,,Obsolete Banknotes & Scrip,2008 Dollars (Blue States Revenge Note),banknote,NO,
ref_coin_type_100913,,One Dollar,,Modern Commemorative Dollars,Birthday Dollar - Los Angeles Bicentennial (Entertainment Capital of the World),coin,NO,
ref_coin_type_100969,,One Dollar,,Modern Commemorative Dollars,1 Dollar (Lions Club International Centennial),coin,NO,
ref_coin_type_101184,,Quarter Dollar,,Washington Quarters (Classic),"¼ Dollar ""Washington Quarter"" (Cumberland Gap National Historical Park, Kentucky) - Silver Proof",coin,NO,
ref_coin_type_101189,,Quarter Dollar,,Washington Quarters (Classic),"¼ Dollar ""Washington Quarter"" (Fort Moultrie at Fort Sumter National Monument, South Carolina) - Silver Proof",coin,NO,
ref_coin_type_101248,,Quarter Dollar,,Washington Quarters (Classic),"¼ Dollar ""Washington Quarter"" (Harpers Ferry National Historical Park, West Virginia) - Silver Proof",coin,NO,
ref_coin_type_101258,,Quarter Dollar,,Washington Quarters (Classic),"¼ Dollar ""Washington Quarter"" (Shawnee National Forest, Illinois) - Silver Proof",coin,NO,
ref_coin_type_101326,,Five Dollars,,Modern Commemorative Dollars,5 Dollars (Guam),coin,NO,
ref_coin_type_102667,,One Cent,,Civil War Tokens,1 Cent - Beware (USA Civil War),coin,NO,
ref_coin_type_102839,,Quarter Dollar,,Washington Quarters (Classic),"¼ Dollar ""Washington Quarter"" (Effigy Mounds National Monument, Iowa) - Silver Proof",coin,NO,
ref_coin_type_102841,,Quarter Dollar,,Washington Quarters (Classic),"¼ Dollar ""Washington Quarter"" (Ellis Island (Statue of Liberty National Monument), New Jersey) - Silver Proof",coin,NO,
ref_coin_type_102842,,Quarter Dollar,,Washington Quarters (Classic),"¼ Dollar ""Washington Quarter"" (Frederick Douglass National Historic Site, District of Columbia) - Silver Proof",coin,NO,
ref_coin_type_102843,,Quarter Dollar,,Washington Quarters (Classic),"¼ Dollar ""Washington Quarter"" (George Rogers Clark National Historical Park, Indiana) - Silver Proof",coin,NO,
ref_coin_type_102844,,Quarter Dollar,,Washington Quarters (Classic),"¼ Dollar ""Washington Quarter"" (Ozark National Scenic Riverways, Missouri) - Silver Proof",coin,NO,
ref_coin_type_103562,,Quarter Dollar,,Washington Quarters (Classic),"¼ Dollar ""Washington Quarter"" (Fort Moultrie at Fort Sumter National Monument, South Carolina - Silver 5 oz Bullion)",coin,NO,
ref_coin_type_104138,,One Dollar,,Modern Commemorative Dollars,1 Dollar (Boys Town Centennial),coin,NO,
ref_coin_type_104139,,Half Dollar,,Early Commemorative Half Dollars,½ Dollar (Boys Town Centennial),coin,NO,
ref_coin_type_104140,,Five Dollars,,Modern Commemorative Dollars,5 Dollars (Boys Town Centennial),coin,NO,
ref_coin_type_104152,,One Hundred Dollars,,Modern Commemorative Dollars,"100 Dollars (""American Liberty 225th Anniversary High Relief Gold"")",coin,NO,
ref_coin_type_104640,,Quarter Dollar,,Washington Quarters (Classic),"¼ Dollar ""Washington Quarter"" (Effigy Mounds National Monument, Iowa - Silver 5 oz Bullion)",coin,NO,
ref_coin_type_106442,,Five Dollars,,Modern Commemorative Dollars,"25 Dollars (Governor Lutali - XXIV Olympics, denomination in numbers)",coin,NO,
ref_coin_type_106443,,Five Dollars,,Modern Commemorative Dollars,25 Dollars (XXIV Olympics),coin,NO,
ref_coin_type_106445,,Five Dollars,,Modern Commemorative Dollars,"25 Dollars (Governor Lutali - XXIV Olympics, denomination in letters)",coin,NO,
ref_coin_type_106446,,One Hundred Dollars,,Modern Commemorative Dollars,100 Dollars (XXIV Olympics),coin,NO,
ref_coin_type_106449,,One Hundred Dollars,,Modern Commemorative Dollars,100 Dollars (America's Cup / XXIV Olympics Mule),coin,NO,
ref_coin_type_107999,,Half Dollar,,Early Commemorative Half Dollars,"50 Cents - Rock Island Centennial Bridge (Rock Island, Illinois)",coin,NO,
ref_coin_type_108133,,One Dollar,,Modern Commemorative Dollars,1 Dollar (Guantanamo),coin,NO,
ref_coin_type_108134,,One Dollar,,Modern Commemorative Dollars,1 Dollar (Okinawa),coin,NO,
ref_coin_type_108135,,One Dollar,,Modern Commemorative Dollars,1 Dollar (Baker Island),coin,NO,
ref_coin_type_108136,,One Dollar,,Modern Commemorative Dollars,1 Dollar (Howland Island),coin,NO,
ref_coin_type_108137,,One Dollar,,Modern Commemorative Dollars,1 Dollar (Jarvis Island),coin,NO,
ref_coin_type_108138,,One Dollar,,Modern Commemorative Dollars,1 Dollar (Jonhston atoll),coin,NO,
ref_coin_type_108139,,One Dollar,,Modern Commemorative Dollars,1 Dollar (Kingman reef),coin,NO,
ref_coin_type_108140,,One Dollar,,Modern Commemorative Dollars,1 Dollar (Midway atoll),coin,NO,
ref_coin_type_108141,,One Dollar,,Modern Commemorative Dollars,1 Dollar (Palmyra atoll),coin,NO,
ref_coin_type_108142,,One Dollar,,Modern Commemorative Dollars,1 Dollar (Wake Island),coin,NO,
ref_coin_type_108145,,One Dollar,,Modern Commemorative Dollars,1 Dollar (Saint Croix),coin,NO,
ref_coin_type_108146,,One Dollar,,Modern Commemorative Dollars,1 Dollar (Saint John),coin,NO,
ref_coin_type_108150,,One Dollar,,Modern Commemorative Dollars,1 Dollar (Saint Thomas),coin,NO,
ref_coin_type_109246,,Quarter Dollar,,Washington Quarters (Classic),"¼ Dollar ""Washington Quarter"" (Frederick Douglass National Historic Site, District of Columbia - Silver 5 oz Bullion)",coin,NO,
ref_coin_type_109458,,Quarter Dollar,,Washington Quarters (Classic),"¼ Dollar ""Washington Quarter"" (Ellis Island (Statue of Liberty National Monument), New Jersey - Silver 5 oz Bullion)",coin,NO,
ref_coin_type_109460,,Quarter Dollar,,Washington Quarters (Classic),"¼ Dollar ""Washington Quarter"" (George Rogers Clark National Historical Park, Indiana - Silver 5 oz Bullion)",coin,NO,
ref_coin_type_109463,,Quarter Dollar,,Washington Quarters (Classic),"¼ Dollar ""Washington Quarter"" (Ozark National Scenic Riverways, Missouri - Silver 5 oz Bullion)",coin,NO,
ref_coin_type_110624,,One Dollar,,Modern Commemorative Dollars,1 Dollar (Diego Garcia),coin,NO,
ref_coin_type_111226,,One Dollar,,Hawaiian Kingdom Coinage,"Hilo Dollar (Hilo, Hawaii)",coin,NO,
ref_coin_type_113660,,One Dollar,,Hawaiian Kingdom Coinage,"1 Maui Dollar (Maui, Hawaii)",coin,NO,
ref_coin_type_115906,,One Dollar,,Morgan Dollars,1 Ounce - First Morgan Silver Dollar,coin,NO,
ref_coin_type_117078,,One Dollar,,Hawaiian Kingdom Coinage,Hawaii Dollar (Honolulu; Waikiki Beach - Diamond Head),coin,NO,
ref_coin_type_117613,,Five Dollars,,Merchant & Local Tokens,5 Dollars - Pacific Company,coin,NO,
ref_coin_type_117631,,Ten Dollars,,Merchant & Local Tokens,"10 Dollars - Clark, Gruber and Co.",coin,NO,
ref_coin_type_117718,,One Dollar,,Modern Commemorative Dollars,1 Dollar (Greenland),coin,NO,
ref_coin_type_118135,,Quarter Dollar,,Merchant & Local Tokens,¼ Dollar (California Gold; Minerva and Bear),coin,NO,
ref_coin_type_118946,,Two and a Half Dollars,,Pre-Federal & Colonial Coinage,2½ Dollars - C. Bechtler,coin,NO,
ref_coin_type_118950,,One Dollar,,Merchant & Local Tokens,1 Dollar - C. Bechtler,coin,NO,
ref_coin_type_119470,,One Dollar,,Presidential Dollars,Abraham Lincoln,coin,NO,
ref_coin_type_119481,,One Dollar,,Civil War Tokens,Wealth of the South Civil War Patriotic,coin,NO,
ref_coin_type_119583,,Five Cents,,Civil War Tokens,25 Cents - Civil War Sutler - Geo. McAlpen (11th PA Cav),coin,NO,
ref_coin_type_119680,,One Dollar,,Civil War Tokens,Civil War Patriotic - Lincoln and Union,coin,NO,
ref_coin_type_119872,,Half Dollar,,Merchant & Local Tokens,"50 Cents - Hard Times (Bust Half Dollar Counterstamped J. Martine, Fayetteville N.C)",coin,NO,
ref_coin_type_120818,,One Dollar,,Modern Commemorative Dollars,1 Dollar - Sandy's 61st Anniversary,coin,NO,
ref_coin_type_121947,,Five Cents,,Civil War Tokens,"5 Cents - Civil War Sutler (2nd Regiment, Ohio Cavalry)",coin,NO,
ref_coin_type_121948,,Half Dollar,,Civil War Tokens,50 Cents - Civil War Sutler - Geo. McAlpin 11th PA Cav,coin,NO,
ref_coin_type_121988,,One Dollar,,Hawaiian Kingdom Coinage,So-Called-Dollar - Hawaii Statehood (Salvation Army),coin,NO,
ref_coin_type_122010,,One Dollar,,Presidential Dollars,So-Called-Dollar - Abraham Lincoln (New York World's Fair),coin,NO,
ref_coin_type_122061,,One Dollar,,Presidential Dollars,Dollar - Washington Gold,coin,NO,
ref_coin_type_122065,,Five Dollars,,Merchant & Local Tokens,5 Dollars - Oregon Exchange Company,coin,NO,
ref_coin_type_122198,,One Dollar,,Modern Commemorative Dollars,Dollar - U.S. Centennial Exposition (Liberty Bell Independence Hall),coin,NO,
ref_coin_type_122199,,One Dollar,,Modern Commemorative Dollars,Dollar - U.S. Centennial Exposition (Liberty Bell Independence Hall - Rounded 6),coin,NO,
ref_coin_type_122201,,One Dollar,,Modern Commemorative Dollars,Dollar - U.S. Centennial Exposition (Liberty Bell Independence Hall),coin,NO,
ref_coin_type_122231,,One Dollar,,Modern Commemorative Dollars,"Dollar - U.S. Centennial Exposition (Liberty Bell, Independence Hall)",coin,NO,
ref_coin_type_122237,,One Dollar,,Modern Commemorative Dollars,Dollar - U.S. Centennial Exposition (Liberty Bell; Independence Hall; No Star),coin,NO,
ref_coin_type_122238,,One Dollar,,Modern Commemorative Dollars,Dollar - U.S. Centennial Exposition (Liberty Bell; Independence Hall),coin,NO,
ref_coin_type_122239,,One Dollar,,Modern Commemorative Dollars,Dollar - U.S. Centennial Exposition (Liberty Bell; Independence Hall; Thick),coin,NO,
ref_coin_type_122240,,One Dollar,,Presidential Dollars,Dollar - U.S. Centennial Exposition (Independence Hall; George Washington),coin,NO,
ref_coin_type_122242,,One Dollar,,Modern Commemorative Dollars,Dollar - U.S. Centennial Exposition (Liberty Seated),coin,NO,
ref_coin_type_122325,,One Dollar,,Modern Commemorative Dollars,Dollar - U.S. Centennial Exposition (Art Gallery Building),coin,NO,
ref_coin_type_122340,,One Dollar,,Presidential Dollars,So-Called-Dollar - Abraham Lincoln (New York World's Fair; Curved date),coin,NO,
ref_coin_type_122341,,One Dollar,,Presidential Dollars,So-Called-Dollar - Abraham Lincoln (New York World's Fair),coin,NO,
ref_coin_type_123091,,One Dollar,,Modern Commemorative Dollars,Dollar - Nashville Centennial Exposition,coin,NO,
ref_coin_type_123171,,One Dollar,P,Modern Commemorative Dollars,Dollar - U.S. Sesquicentennial Exposition in Philadelphia (Connecticut),coin,NO,
ref_coin_type_123173,,One Dollar,P,Modern Commemorative Dollars,So Called Dollar - U.S. Sesquicentennial Exposition in Philadelphia (Connecticut),coin,NO,
ref_coin_type_123196,,One Dollar,,Modern Commemorative Dollars,So-Called-Dollar - Oregon Statehood Centennial (Independence Wagon Train),coin,NO,
ref_coin_type_123197,,One Dollar,,Modern Commemorative Dollars,So-Called-Dollar - Oregon Statehood Centennial (Independence Wagon Train),coin,NO,
ref_coin_type_123221,,One Dollar,,Modern Commemorative Dollars,So-Called-Dollar - Oregon Statehood Centennial (Capitol Salem),coin,NO,
ref_coin_type_123222,,One Dollar,,Modern Commemorative Dollars,So-Called-Dollar - Oregon Statehood Centennial (Wagon train),coin,NO,
ref_coin_type_123223,,One Dollar,,Modern Commemorative Dollars,So-Called-Dollar - Oregon Statehood Centennial (Uniface),coin,NO,
ref_coin_type_123224,,One Dollar,,Modern Commemorative Dollars,So-Called-Dollar - Oregon Statehood Centennial (Pendleton Round-Up),coin,NO,
ref_coin_type_123225,,One Dollar,,Modern Commemorative Dollars,So-Called-Dollar - Oregon Statehood Centennial (Pendleton Round-Up),coin,NO,
ref_coin_type_123339,,One Dollar,,Modern Commemorative Dollars,Dollar - Wells Fargo and Co. Semicentennial,coin,NO,
ref_coin_type_123341,,One Dollar,,Modern Commemorative Dollars,So-Called-Dollar - Northwest Paper Co. 50th Anniversary,coin,NO,
ref_coin_type_123560,,One Dollar,,Merchant & Local Tokens,Dollar - Panama Pacific International Exposition ($50 California Gold Slug),coin,NO,
ref_coin_type_123568,,One Dollar,,Merchant & Local Tokens,Dollar - Panama Pacific International Exposition ($50 California Gold Slug; Type II),coin,NO,
ref_coin_type_123860,,One Dollar,,Hawaiian Kingdom Coinage,"1 Dollar - Statehood Year Souvenir (Lahaina, Hawaii)",coin,NO,
ref_coin_type_123862,,Half Dollar,,Early Commemorative Half Dollars,"50 Cents - 100th Anniversary Oregon (Redmond, Oregon)",coin,NO,
ref_coin_type_123982,,One Dollar,,U.S. Pattern Coinage,"1 Dollar ""Gobrecht Dollar"" (Pattern)",coin,NO,
ref_coin_type_124013,,One Dime,,U.S. Pattern Coinage,"10 Cents ""Postage Currency"" (Pattern)",coin,NO,
ref_coin_type_124031,,Fifty Dollars,,U.S. Pattern Coinage,"50 Dollars ""Half Union"" (Pattern; gold)",coin,NO,
ref_coin_type_124032,,Fifty Dollars,,U.S. Pattern Coinage,"50 Dollars ""Half Union"" (Pattern; gold)",coin,NO,
ref_coin_type_124180,,Twenty Cents,,U.S. Pattern Coinage,"20 Cents ""1875⅕ Dollar"" (Pattern; silver)",coin,NO,
ref_coin_type_124951,,One Dollar,,U.S. Pattern Coinage,500 Units - Nova Constellatio “Type II” (Pattern),coin,NO,
ref_coin_type_124952,,One Dollar,,Merchant & Local Tokens,1 Dollar - August Bechtler,coin,NO,
ref_coin_type_124953,,Five Dollars,,Merchant & Local Tokens,5 Dollars - C. Bechtler (150 G),coin,NO,
ref_coin_type_125546,,Half Dollar,,Early Commemorative Half Dollars,50 Cents - Oregon Centennial,coin,NO,
ref_coin_type_125913,,Half Dollar,,Early Commemorative Half Dollars,50 Cents - San Buenaventura Centennial,coin,NO,
ref_coin_type_125927,,One Dime,,Roosevelt Dimes,"Irradiated Roosevelt Dime - American Museum of Atomic Energy (Oak Ridge, Tennessee)",coin,NO,
ref_coin_type_126191,,One Dollar,,Modern Commemorative Dollars,Birthday Dollar - Los Angeles Bicentennial (Year-round Sports Paradise),coin,NO,
ref_coin_type_127886,,Half Dollar,,Early Commemorative Half Dollars,"50 Cents - 250th Anniversary Mobile, Alabama (Jean Baptiste Lemoyne)",coin,NO,
ref_coin_type_127899,,Half Dollar,,Early Commemorative Half Dollars,"50 Cents - 125th Anniversary Celebration (Lorain, Ohio)",coin,NO,
ref_coin_type_128579,,Five Dollars,,Merchant & Local Tokens,5 Dollars - Mormon Gold,coin,NO,
ref_coin_type_129130,,One Dollar,,Morgan Dollars,1 Ounce- Silver Trade Unit (Morgan Dollar),coin,NO,
ref_coin_type_129670,,Half Dollar,,Early Commemorative Half Dollars,"50 Cents -Wakefield Centennial (Wakefield, Nebraska)",coin,NO,
ref_coin_type_130422,,Quarter Dollar,,Washington Quarters (Classic),"¼ Dollar ""Washington Quarter"" (Pictured Rocks National Lakeshore, Michigan)",coin,NO,
ref_coin_type_130423,,Quarter Dollar,,Washington Quarters (Classic),"¼ Dollar ""Washington Quarter"" (Apostle Islands National Lakeshore, Wisconsin)",coin,NO,
ref_coin_type_130425,,Quarter Dollar,,Washington Quarters (Classic),"¼ Dollar ""Washington Quarter"" (Cumberland Island National Seashore, Georgia)",coin,NO,
ref_coin_type_130426,,Quarter Dollar,,Washington Quarters (Classic),"¼ Dollar ""Washington Quarter"" (Block Island National Wildlife Refuge, Rhode Island)",coin,NO,
ref_coin_type_130427,,One Dollar,,Modern Commemorative Dollars,1 Dollar (World War I Centennial),coin,NO,
ref_coin_type_131173,,Half Dollar,,Early Commemorative Half Dollars,50 Cents - Lincoln (Nebraska Centennial),coin,NO,
ref_coin_type_131844,,One Dollar,,Sacagawea & Native American Dollars,"1 Dollar ""Native American Dollar"" (Jim Thorpe)",coin,NO,
ref_coin_type_131845,,Quarter Dollar,,Washington Quarters (Classic),"¼ Dollar ""Washington Quarter"" (Apostle Islands National Lakeshore, Wisconsin) - Silver Proof",coin,NO,
ref_coin_type_131847,,Quarter Dollar,,Washington Quarters (Classic),"¼ Dollar ""Washington Quarter"" (Block Island National Wildlife Refuge, Rhode Island; Silver Proof)",coin,NO,
ref_coin_type_131849,,Quarter Dollar,,Washington Quarters (Classic),"¼ Dollar ""Washington Quarter"" (Cumberland Island National Seashore, Georgia) - Silver Proof",coin,NO,
ref_coin_type_131850,,Quarter Dollar,,Washington Quarters (Classic),"¼ Dollar ""Washington Quarter"" (Pictured Rocks National Lakeshore, Michigan) - Silver Proof",coin,NO,
ref_coin_type_131913,,Five Dollars,,Modern Commemorative Dollars,5 Dollars (Breast Cancer Awareness),coin,NO,
ref_coin_type_131915,,One Dollar,,Modern Commemorative Dollars,1 Dollar (Breast Cancer Awareness),coin,NO,
ref_coin_type_131916,,Half Dollar,,Modern Commemorative Dollars,½ Dollar (Breast Cancer Awareness),coin,NO,
ref_coin_type_132420,,One Dollar,,Hawaiian Kingdom Coinage,"1 Kona Dollar (Kona, Hawaii)",coin,NO,
ref_coin_type_132421,,One Dollar,,Hawaiian Kingdom Coinage,"1 Maui Dollar (Lahaina, Hawaii)",coin,NO,
ref_coin_type_133073,,One Dollar,,Morgan Dollars,5 Ounces - South East Refining (Morgan Dollar),coin,NO,
ref_coin_type_133192,,Quarter Dollar,,Washington Quarters (Classic),"¼ Dollar ""Washington Quarter"" (Gettysburg National Military Park, Pennsylvania - Silver 5 oz Bullion)",coin,NO,
ref_coin_type_133589,,One Dollar,,Liberty Walking Half Dollars,⅒ Ounce - Money Metals Exchange (Walking Liberty),coin,NO,
ref_coin_type_135214,,One Cent,,Pre-Federal & Colonial Coinage,1 Cent (Private Restrike Mule),coin,NO,
ref_coin_type_136716,,One Dollar,,Morgan Dollars,1 Ounce - Silver Trade Unit (Morgan Dollar),coin,NO,
ref_coin_type_136719,,One Dollar,,Morgan Dollars,1 Ounce - Silver Trade Unit (Morgan Dollar),coin,NO,
ref_coin_type_136936,,Five Cents,,Hawaiian Kingdom Coinage,"25 Cents - Hawaiian Stage Door (Columbia, South Carolina)",coin,NO,
ref_coin_type_138077,,Ten Dollars,,American Liberty Gold Coins,10 Dollars (American Liberty),coin,NO,
ref_coin_type_138214,,One Dollar,,Flowing Hair Coinage,1 Ounce - Osborne Mint (Flowing Hair Dollar),coin,NO,
ref_coin_type_138215,,One Dollar,,Draped Bust Coinage,1 Ounce - Osborne Mint (Draped Bust Dollar),coin,NO,
ref_coin_type_138225,,Half Dollar,,Barber Half Dollars,1 Ounce - Osborne Mint (Barber Half Dollar),coin,NO,
ref_coin_type_138322,,One Cent,,Lincoln Cents,1 Cent,coin,NO,
ref_coin_type_140153,,One Dollar,,Modern Commemorative Dollars,Birthday Dollar - Los Angeles Bicentennial (The End of the Rainbow),coin,NO,
ref_coin_type_140819,,One Dollar,,Modern Commemorative Dollars,"1 Dollar - First Homestead Centennial (Beatrice, Nebraska)",coin,NO,
ref_coin_type_140913,,One Dollar,,Merchant & Local Tokens,1 Daalder - Hendrik Hudson (So-Called Dollar),coin,NO,
ref_coin_type_140917,,Half Dollar,,Early Commemorative Half Dollars,"50 Cents - Gothenburg, Nebraska (Pony Express Centennial)",coin,NO,
ref_coin_type_141420,,One Dollar,,Peace Dollars,Mini Coin - Peace Dollar,coin,NO,
ref_coin_type_141422,,Half Dollar,,Liberty Walking Half Dollars,Mini Coin - Walking Liberty Half Dollar,coin,NO,
ref_coin_type_141558,,One Dollar,,Hawaiian Kingdom Coinage,Aloha Dollar (Hawaii),coin,NO,
ref_coin_type_141559,,One Dollar,,Hawaiian Kingdom Coinage,Aloha Dollar (Hawaii),coin,NO,
ref_coin_type_141617,,Half Dollar,,Early Commemorative Half Dollars,"50 Cents - 100th Anniversary Oregon (Harney County, Oregon)",coin,NO,
ref_coin_type_141852,,One Dollar,,Draped Bust Coinage,Mini Coin (Draped Bust Dollar),coin,NO,
ref_coin_type_141853,,One Dollar,,Eisenhower Dollars,Mini Coin - Eisenhower Dollar,coin,NO,
ref_coin_type_142220,,One Dollar,,Eisenhower Dollars,Eisenhower Dollar (blue),coin,NO,
ref_coin_type_142436,,Half Dollar,,Early Commemorative Half Dollars,"50 Cents - Cozad, Nebraska (Centennial)",coin,NO,
ref_coin_type_142518,,One Dollar,,Pre-Federal & Colonial Coinage,Copper (VERMONTENSIUM),coin,NO,
ref_coin_type_142524,,Half Dollar,,Early Commemorative Half Dollars,"50 Cents - Perinton Sesquicentennial (Perinton, New York)",coin,NO,
ref_coin_type_142651,,Half Dollar,,Early Commemorative Half Dollars,"50 Cents - 250th Anniversary Mobile, Alabama (Pierre Le Moyne)",coin,NO,
ref_coin_type_142653,,Half Dollar,,Early Commemorative Half Dollars,"50 Cents - 250th Anniversary Mobile, Alabama (Raphael Semmes)",coin,NO,
ref_coin_type_142654,,Half Dollar,,Early Commemorative Half Dollars,"50 Cents - 250th Anniversary Mobile, Alabama",coin,NO,
ref_coin_type_143779,,Five Cents,,Hawaiian Kingdom Coinage,"25 Cents - NCO Open Mess (Hickam A.F.B., Hawaii)",coin,NO,
ref_coin_type_144070,,Half Dollar,,Early Commemorative Half Dollars,"50 Cents - Greater Cuyahoga Falls Sesquicentennial (Cuyahoga Falls, Ohio)",coin,NO,
ref_coin_type_144821,,Half Dollar,,Early Commemorative Half Dollars,"50 Cents - Evanston Centennial (Evanston, Illinois)",coin,NO,
ref_coin_type_145337,,Half Dollar,,Early Commemorative Half Dollars,"50 Cents - Perry Sesquicentennial Celebration (Erie, Pennsylvania)",coin,NO,
ref_coin_type_145510,,Half Dollar,,Early Commemorative Half Dollars,"½ Dollar - 175th Anniversary (Rensselaer County, New York)",coin,NO,
ref_coin_type_145828,,One Dollar,,Morgan Dollars,1 oz Silver (Morgan Silver Trade Unit),coin,NO,
ref_coin_type_145831,,One Dollar,,Morgan Dollars,"1 Ounce - Oklahoma Gold and Numismatics, Inc. (Morgan Dollar)",coin,NO,
ref_coin_type_146160,,One Dollar,,Modern Commemorative Dollars,"1 Dollar - North Bend Centennial (North Bend, Nebraska)",coin,NO,
ref_coin_type_146267,,Half Dollar,,Early Commemorative Half Dollars,"50 Cents - Oakland, Nebraska (Oakland Centennial)",coin,NO,
ref_coin_type_146268,,Half Dollar,,Early Commemorative Half Dollars,"50 Cents - Valley, Nebraska (Valley Centennial)",coin,NO,
ref_coin_type_146341,,Half Dollar,,Early Commemorative Half Dollars,"Souvenir Half Dollar - Saginaw Treaty Sesquicentennial (Saginaw, Michigan)",coin,NO,
ref_coin_type_146344,,One Dollar,,Modern Commemorative Dollars,"1 Dollar - Delta Colorado Centennial (Delta, Colorado)",coin,NO,
ref_coin_type_146393,,Half Dollar,,Early Commemorative Half Dollars,"50 Cents - Ellsworth Maine Bicentennial (Ellsworth, Maine)",coin,NO,
ref_coin_type_146395,,One Dollar,,Modern Commemorative Dollars,"1 Dollar - Mesa Centennial Dollar (Mesa, Arizona)",coin,NO,
ref_coin_type_146466,,Half Dollar,,Early Commemorative Half Dollars,"50 Cents - Lassen County Centennial (Lassen County, California)",coin,NO,
ref_coin_type_146468,,Half Dollar,,Early Commemorative Half Dollars,"½ Dollar - North Royalton Sesquicentennial (North Royalton, Ohio)",coin,NO,
ref_coin_type_146547,,Half Dollar,,Early Commemorative Half Dollars,"½ Dollar - Mason Area Sesquicentennial (Mason, Ohio)",coin,NO,
ref_coin_type_146556,,One Dime,,Merchant & Local Tokens,10 Cents - AAFES Gift Certificate (1A10),coin,NO,
ref_coin_type_146558,,Five Cents,,Merchant & Local Tokens,25 Cents - AAFES Gift Certificate (1A25),coin,NO,
ref_coin_type_146714,,One Dollar,,Morgan Dollars,½ oz Copper (Golden State Mint - Morgan Dollar),coin,NO,
ref_coin_type_146723,,Half Dollar,,Early Commemorative Half Dollars,"50 Cents - 100th Anniversary Oregon (Roseburg, Oregon)",coin,NO,
ref_coin_type_146783,,One Dollar,,Modern Commemorative Dollars,"1 Dollar - Eternal Light Lincoln Memorial (Champaign, Illinois)",coin,NO,
ref_coin_type_146787,,Half Dollar,,Early Commemorative Half Dollars,"50 Cents - Poweshiek County 125Th Anniversary (Montezuma, Iowa)",coin,NO,
ref_coin_type_146807,,One Dollar,,Hawaiian Kingdom Coinage,1 Dollar - Kalākaua I (Centennial Dala),coin,NO,
ref_coin_type_147071,,Half Dollar,,Early Commemorative Half Dollars,"½ Dollar - 75th Anniversary Avon Park (Avon Park, Florida)",coin,NO,
ref_coin_type_147074,,Half Dollar,,Early Commemorative Half Dollars,"50 Cents - Bicentennial McSherrystown (McSherrystown, Pennsylvania)",coin,NO,
ref_coin_type_147075,,Half Dollar,,Early Commemorative Half Dollars,"50 Cents - Covington Sesquicentennial (Covington, Kentucky)",coin,NO,
ref_coin_type_147448,,Five Cents,,Washington Quarters (Classic),25 Cents,coin,NO,
ref_coin_type_147567,,Half Dollar,,Early Commemorative Half Dollars,"50 Cents - Scottsbluff, Nebraska (60th Anniversary)",coin,NO,
ref_coin_type_147705,,Half Dollar,,Early Commemorative Half Dollars,"½ Dollar - Greenwood Area Centennial (Greenwood, Indiana)",coin,NO,
ref_coin_type_147706,,Half Dollar,,Early Commemorative Half Dollars,"½ Dollar - Lasalle County 50th Anniversary (Ottawa, Illinois)",coin,NO,
ref_coin_type_147987,,Half Dollar,,Early Commemorative Half Dollars,"½ Dollar - Thomasboro Centennial (Thomasboro, Illinois)",coin,NO,
ref_coin_type_147988,,Half Dollar,,Early Commemorative Half Dollars,"50 Cents - 100th Anniversary Oregon (Klamath County, Oregon)",coin,NO,
ref_coin_type_147990,,Half Dollar,,Early Commemorative Half Dollars,"50 Cents - Sesquicentennial Celebration (Highspire, Pennsylvania)",coin,NO,
ref_coin_type_148163,,Half Dollar,,Early Commemorative Half Dollars,"½ Dollar - Crawfordsville Area Centennial (Crawfordsville, Indiana)",coin,NO,
ref_coin_type_148166,,Half Dollar,,Early Commemorative Half Dollars,"50 Cents - Lansing Centennial (Lansing, Michigan)",coin,NO,
ref_coin_type_148345,,Five Cents,,Merchant & Local Tokens,5 Cents - AAFES Gift Certificate (10G5),coin,NO,
ref_coin_type_148346,,Five Cents,,Merchant & Local Tokens,5 Cents - AAFES Gift Certificate (5J5),coin,NO,
ref_coin_type_148349,,One Dime,,Merchant & Local Tokens,10 Cents - AAFES Gift Certificate (9D10),coin,NO,
ref_coin_type_148357,,Five Cents,,Merchant & Local Tokens,25 Cents - AAFES Gift Certificate (9D25),coin,NO,
ref_coin_type_148358,,Five Cents,,Merchant & Local Tokens,25 Cents - AAFES Gift Certificate (9A25),coin,NO,
ref_coin_type_148360,,Five Cents,,Merchant & Local Tokens,25 Cents - AAFES Gift Certificate (11A25),coin,NO,
ref_coin_type_148361,,Five Cents,,Merchant & Local Tokens,25 Cents - AAFES Gift Certificate (13E25),coin,NO,
ref_coin_type_148362,,Five Cents,,Merchant & Local Tokens,25 Cents - AAFES Gift Certificate (8F25),coin,NO,
ref_coin_type_148363,,Five Cents,,Merchant & Local Tokens,25 Cents - AAFES Gift Certificate (8L25),coin,NO,
ref_coin_type_148364,,Five Cents,,Merchant & Local Tokens,25 Cents - AAFES Gift Certificate (15E25),coin,NO,
ref_coin_type_148365,,Five Cents,,Merchant & Local Tokens,25 Cents - AAFES Gift Certificate (9K25),coin,NO,
ref_coin_type_148459,,Twenty Dollars,,Saint-Gaudens Gold Coinage,"20 Dollars ""Saint-Gaudens - Double Eagle"" (Miniature coin)",coin,NO,
ref_coin_type_148865,,Half Dollar,,Early Commemorative Half Dollars,"50 Cents - Idaho Centennial (Coeur d' Alene, Idaho)",coin,NO,
ref_coin_type_149932,,One Dollar,,Seated Liberty Coinage,¼ oz Silver (American Numismatic Association - Seated Liberty),coin,NO,
ref_coin_type_150941,,One Dollar,,U.S. Pattern Coinage,Non Dollar - Bessie Coleman Prototype,coin,NO,
ref_coin_type_151343,,Five Cents,,Buffalo Nickels,¼ Ounce - Golden State Mint (Buffalo Nickel),coin,NO,
ref_coin_type_151345,,One Dollar,,Liberty Walking Half Dollars,¼ oz Copper (Golden State Mint - Walking Liberty),coin,NO,
ref_coin_type_154297,,One Dollar,,Hawaiian Kingdom Coinage,"1 Kona Dollar (Kona, Hawaii)",coin,NO,
ref_coin_type_154758,,One Dollar,,Early Commemorative Half Dollars,So-Called Dollar - World's Columbian Exposition,coin,NO,
ref_coin_type_155231,,One Dollar,,Merchant & Local Tokens,"So-Called Dollar - Santa Monica Breakwater (Santa Monica, California)",coin,NO,
ref_coin_type_155583,,Quarter Dollar,,Washington Quarters (Classic),"¼ Dollar ""Washington Quarter"" (Lowell National Historical Park, Massachusetts)",coin,NO,
ref_coin_type_155615,,Quarter Dollar,,Washington Quarters (Classic),"¼ Dollar ""Washington Quarter"" (American Memorial Park, Northern Mariana Islands)",coin,NO,
ref_coin_type_155661,,Quarter Dollar,,Washington Quarters (Classic),"¼ Dollar ""Washington Quarter"" (War in the Pacific National Historical Park, Guam)",coin,NO,
ref_coin_type_155666,,Quarter Dollar,,Washington Quarters (Classic),"¼ Dollar ""Washington Quarter"" (San Antonio Missions National Historical Park, Texas)",coin,NO,
ref_coin_type_155671,,Quarter Dollar,,Washington Quarters (Classic),"¼ Dollar ""Washington Quarter"" (Frank Church River of No Return Wilderness, Idaho)",coin,NO,
ref_coin_type_155674,,Quarter Dollar,,Washington Quarters (Classic),"¼ Dollar ""Washington Quarter"" (American Memorial Park, Northern Mariana Islands)",coin,NO,
ref_coin_type_155675,,Quarter Dollar,,Washington Quarters (Classic),"¼ Dollar ""Washington Quarter"" (Frank Church River of No Return Wilderness, Idaho)",coin,NO,
ref_coin_type_155676,,Quarter Dollar,,Washington Quarters (Classic),"¼ Dollar ""Washington Quarter"" (Lowell National Historical Park, Massachusetts)",coin,NO,
ref_coin_type_155677,,Quarter Dollar,,Washington Quarters (Classic),"¼ Dollar ""Washington Quarter"" (San Antonio Missions National Historical Park, Texas)",coin,NO,
ref_coin_type_155678,,Quarter Dollar,,Washington Quarters (Classic),"¼ Dollar ""Washington Quarter"" (War in the Pacific National Historical Park, Guam)",coin,NO,
ref_coin_type_155679,,One Dollar,,Sacagawea & Native American Dollars,"1 Dollar ""Native American Dollar"" (American Indians in the Space Program)",coin,NO,
ref_coin_type_155917,,Five Dollars,,Modern Commemorative Dollars,5 Dollars (50th Anniversary of Apollo 11),coin,NO,
ref_coin_type_155918,,One Dollar,,Modern Commemorative Dollars,1 Dollar (Apollo 11 50th Anniversary),coin,NO,
ref_coin_type_155919,,Half Dollar,,Early Commemorative Half Dollars,½ Dollar (50th Anniversary of Apollo 11),coin,NO,
ref_coin_type_155920,,One Dollar,,Modern Commemorative Dollars,1 Dollar (50th Anniversary of Apollo 11),coin,NO,
ref_coin_type_156020,,One Dollar,,Modern Commemorative Dollars,1 Dollar (No Cash Value),coin,NO,
ref_coin_type_156189,,One Dollar,,Modern Commemorative Dollars,1 Dollar (Good for One Dollar in Trade),coin,NO,
ref_coin_type_156209,,One Dollar,,Modern Commemorative Dollars,"1 Dollar - Olympic Car Wash (Olathe, Kansas)",coin,NO,
ref_coin_type_158551,,One Dollar,,Merchant & Local Tokens,"1 Dollar - Greg's (Porterville, California)",coin,NO,
ref_coin_type_159172,,One Dollar,,Trade Dollars,1 Ounce - Golden State Mint (British Trade Dollar),coin,NO,
ref_coin_type_159647,,Quarter Dollar,,Washington Quarters (Classic),"¼ Dollar ""Washington Quarter"" (Lowell National Historical Park, Massachusetts - Silver 5 oz Bullion)",coin,NO,
ref_coin_type_159648,,Quarter Dollar,,Washington Quarters (Classic),"¼ Dollar ""Washington Quarter"" (American Memorial Park, Northern Mariana Islands - Silver 5 oz Bullion)",coin,NO,
ref_coin_type_159662,,One Dollar,,Modern Commemorative Dollars,"Havasu Dollar - London Bridge Rotary Club - U.S. Constitution (Lake Havasu City, Arizona)",coin,NO,
ref_coin_type_159667,,One Dollar,,Merchant & Local Tokens,"Havasu Dollar - London Bridge Rotary Club - Lewis and Clark Expedition (Lake Havasu City, Arizona)",coin,NO,
ref_coin_type_160247,,One Dollar,,Pre-Federal & Colonial Coinage,Copper (Bust left),coin,NO,
ref_coin_type_160487,,One Dollar,,Modern Commemorative Dollars,1 Dollar - Nebraska Centennial (Johnson County),coin,NO,
ref_coin_type_160510,,One Dollar,,Modern Commemorative Dollars,Souvenir Dollar - North Dakota (Bicentennial),coin,NO,
ref_coin_type_160582,,Five Dollars,,Modern Commemorative Dollars,5 Dollars (American Legion 100th Anniversary),coin,NO,
ref_coin_type_160583,,One Dollar,,Modern Commemorative Dollars,1 Dollar (American Legion 100th Anniversary),coin,NO,
ref_coin_type_160587,,Half Dollar,,Early Commemorative Half Dollars,½ Dollar (American Legion 100th Anniversary),coin,NO,
ref_coin_type_160986,,One Dollar,,Modern Commemorative Dollars,Souvenir Dollar - Nebraska Centennial (Saline County),coin,NO,
ref_coin_type_162613,,One Dollar,,Modern Commemorative Dollars,"Souvenir Half-Dollar - Cheboygan, Michigan (Centennial)",coin,NO,
ref_coin_type_162738,,Half Dollar,,Early Commemorative Half Dollars,½ Dollar - Portsmouth Sesquicentennial (Ohio),coin,NO,
ref_coin_type_163396,,One Dollar,,Modern Commemorative Dollars,"Commemorative Dollar - London Bridge Rotary Club - Powered Flight (Lake Havasu City, Arizona)",coin,NO,
ref_coin_type_163446,,Half Dollar,,Early Commemorative Half Dollars,"50 Cents - Montgomery Civil War Centennial Commemoration (Montgomery, Alabama)",coin,NO,
ref_coin_type_164965,,Half Dollar,,Early Commemorative Half Dollars,½ Dollar - Boyertown Centennial (Pennsylvania),coin,NO,
ref_coin_type_166357,,Half Dollar,,Kennedy Half Dollars,"½ Dollar ""Kennedy Half Dollar"" (Silver .999)",coin,NO,
ref_coin_type_166933,,One Dollar,,Merchant & Local Tokens,"1 Dollar - ACW (Clarksville, Tennessee)",coin,NO,
ref_coin_type_167036,,Quarter Dollar,,Washington Quarters (Classic),"¼ Dollar ""Washington Quarter"" (War in the Pacific National Historical Park, Guam - Silver 5 oz Bullion)",coin,NO,
ref_coin_type_167246,,Quarter Dollar,,Washington Quarters (Classic),"¼ Dollar ""Washington Quarter"" (San Antonio Missions National Historical Park, Texas - Silver 5 oz Bullion)",coin,NO,
ref_coin_type_167453,,One Dime,,Merchant & Local Tokens,10 Cents - AAFES Gift Certificate (14E10),coin,NO,
ref_coin_type_167455,,One Dime,,Merchant & Local Tokens,10 Cents - AAFES Gift Certificate (14A10),coin,NO,
ref_coin_type_167456,,One Dime,,Merchant & Local Tokens,10 Cents - AAFES Gift Certificate (14L10),coin,NO,
ref_coin_type_167457,,Five Cents,,Merchant & Local Tokens,5 Cents - AAFES Gift Certificate (15F5),coin,NO,
ref_coin_type_167516,,One Dime,,Merchant & Local Tokens,10 Cents - AAFES Gift Certificate (16C10),coin,NO,
ref_coin_type_167517,,Five Cents,,Merchant & Local Tokens,25 Cents - AAFES Gift Certificate (16H25),coin,NO,
ref_coin_type_167521,,Five Cents,,Merchant & Local Tokens,25 Cents - AAFES Gift Certificate (16E25),coin,NO,
ref_coin_type_167847,,Five Dollars,,Modern Commemorative Dollars,5 Dollars - Northern California Numismatic Association (James H. Laird Memorial Seminar),coin,NO,
ref_coin_type_168480,,Half Dollar,,Kennedy Half Dollars,Mini coin - ½ Dollar Kennedy Half Dollar,coin,NO,
ref_coin_type_16946,,One Cent,,Merchant & Local Tokens,1 Cent - Washington “Unity States”,coin,NO,
ref_coin_type_170494,,One Dollar,,Morgan Dollars,1 oz Silver (The Metal Arts Co. - Morgan Dollar),coin,NO,
ref_coin_type_170776,,Half Dollar,,Early Commemorative Half Dollars,50 Cents - Coshocton Sesquicentennial,coin,NO,
ref_coin_type_170861,,Twenty Dollars,,Saint-Gaudens Gold Coinage,"20 Dollars ""Saint-Gaudens - Double Eagle"" (Miniature coin)",coin,NO,
ref_coin_type_171506,,One Dollar,,Modern Commemorative Dollars,1 Dollar (Gulper Eel),coin,NO,
ref_coin_type_171507,,One Dollar,,Modern Commemorative Dollars,1 Dollar (Humpback Anglerfish),coin,NO,
ref_coin_type_173880,,Half Dollar,,Early Commemorative Half Dollars,"50 Cents - Carthage, Illinois (125th Anniversary)",coin,NO,
ref_coin_type_173899,,Five Dollars,,American Palladium Eagles,25 Dollars (Palladium Eagle),coin,NO,
ref_coin_type_174281,,One Hundred Dollars,,American Liberty Gold Coins,100 Dollars (American Liberty High Relief),coin,NO,
ref_coin_type_174315,,One Dollar,,Modern Commemorative Dollars,1 Dollar (Las Vegas),coin,NO,
ref_coin_type_175351,,One Dollar,,Modern Commemorative Dollars,"1 Dollar - Alaska Centennial (Anchorage, Alaska)",coin,NO,
ref_coin_type_176414,,One Dollar,,Modern Commemorative Dollars,1 Dollar (California Fractional Gold),coin,NO,
ref_coin_type_177719,,Five Dollars,,Liberty Head Coinage,5 Dollars,coin,NO,
ref_coin_type_17803,,One Cent,,Merchant & Local Tokens,1 Cent - Talbot Allum and Lee,coin,NO,
ref_coin_type_179090,,One Dollar,,Peace Dollars,1 oz Copper (Peace Dollar),coin,NO,
ref_coin_type_179137,,One Dollar,,Gobrecht Dollars,1 Ounce - Osborne Mint (Gobrecht Dollar),coin,NO,
ref_coin_type_179141,,One Dollar,,Morgan Dollars,1 Ounce - Osborne Mint (Morgan Dollar),coin,NO,
ref_coin_type_179145,,One Dollar,,Peace Dollars,1 oz Copper (Peace Dollar),coin,NO,
ref_coin_type_181067,,One Dollar,,Modern Commemorative Dollars,"Ertl Dollar (50th Anniversary; Dyersville, Iowa)",coin,NO,
ref_coin_type_182538,,One Dime,,Merchant & Local Tokens,10 Cents - AAFES Gift Certificate (14J10),coin,NO,
ref_coin_type_182557,,Half Dollar,,U.S. Pattern Coinage,"½ Dollar (The Silver Getz Half Dollar, Pattern)",coin,NO,
ref_coin_type_183804,,One Dollar,,U.S. Pattern Coinage,1 Gram Silver (Trade Dollar Pattern),coin,NO,
ref_coin_type_185005,,One Dollar,,Coronet Head Coinage,2.5 Dollars (Eagle),coin,NO,
ref_coin_type_186237,,Half Dollar,,Early Commemorative Half Dollars,"50 Cents - Albany Centennial (Albany, Oregon)",coin,NO,
ref_coin_type_187135,,Quarter Dollar,,Washington Quarters (Classic),"¼ Dollar ""Washington Quarter"" (Chaco Culture National Historical Park, New Mexico - Silver 5 oz Bullion)",coin,NO,
ref_coin_type_189631,,Quarter Dollar,,Washington Quarters (Classic),"¼ Dollar ""Washington Quarter"" (Weir Farm National Historic Site, Connecticut)",coin,NO,
ref_coin_type_189633,,Quarter Dollar,,Washington Quarters (Classic),"¼ Dollar ""Washington Quarter"" (Salt River Bay National Historical Park and Ecological Preserve, U.S. Virgin Islands)",coin,NO,
ref_coin_type_189634,,Quarter Dollar,,Washington Quarters (Classic),"¼ Dollar ""Washington Quarter"" (Salt River Bay National Historical Park and Ecological Preserve, U.S. Virgin Islands)",coin,NO,
ref_coin_type_189637,,Quarter Dollar,,Washington Quarters (Classic),"¼ Dollar ""Washington Quarter"" (Marsh-Billings-Rockefeller National Historical Park, Vermont)",coin,NO,
ref_coin_type_189638,,Quarter Dollar,,Washington Quarters (Classic),"¼ Dollar ""Washington Quarter"" (Marsh-Billings-Rockefeller National Historical Park, Vermont)",coin,NO,
ref_coin_type_189639,,Quarter Dollar,,Washington Quarters (Classic),"¼ Dollar ""Washington Quarter"" (Tallgrass Prairie National Preserve, Kansas)",coin,NO,
ref_coin_type_189640,,Quarter Dollar,,Washington Quarters (Classic),"¼ Dollar ""Washington Quarter"" (Tallgrass Prairie National Preserve, Kansas)",coin,NO,
ref_coin_type_189721,,Quarter Dollar,,Washington Quarters (Classic),"¼ Dollar ""Washington Quarter"" (Weir Farm National Historic Site, Connecticut)",coin,NO,
ref_coin_type_191110,,Five Dollars,,Franklin Half Dollars,5 Dollars (Benjamin Franklin),coin,NO,
ref_coin_type_192026,,Half Dollar,,Early Commemorative Half Dollars,"50 Cents - Hanover Community Bi-centennial (Hanover, Pennsylvania)",coin,NO,
ref_coin_type_194566,,One Dollar,,Modern Commemorative Dollars,"Souvenir Half-Dollar - Stroudsburg Sesquicentennial (Stroudsburg, Pennsylvania)",coin,NO,
ref_coin_type_195236,,One Dollar,,Liberty Walking Half Dollars,1 Gram Silver (Walking Liberty),coin,NO,
ref_coin_type_196183,,One Dime,,Merchant & Local Tokens,"10 Cents - Moore and Stodola (Clarkson, Nebraska)",coin,NO,
ref_coin_type_196991,,One Dollar,,Liberty Walking Half Dollars,¼ Ounce -Money Metals Exchange (Walking Liberty),coin,NO,
ref_coin_type_197476,,One Dollar,,U.S. Pattern Coinage,5 Units - Nova Constellatio (Pattern),coin,NO,
ref_coin_type_197481,,One Dollar,,U.S. Pattern Coinage,100 Units - Nova Constellatio (Pattern),coin,NO,
ref_coin_type_197486,,One Dollar,,U.S. Pattern Coinage,500 Units - Nova Constellatio (Pattern),coin,NO,
ref_coin_type_197714,,Half Dollar,,Modern Commemorative Dollars,½ Dollar (Basketball Hall of Fame),coin,NO,
ref_coin_type_197715,,One Dollar,,Modern Commemorative Dollars,1 Dollar (Basketball Hall of Fame),coin,NO,
ref_coin_type_197726,,One Hundred Dollars,,American Liberty Gold Coins,100 Dollars (Pursuit of Happiness),coin,NO,
ref_coin_type_198030,,One Dollar,,Morgan Dollars,1 oz Silver (SilverTowne Mint - Morgan Dollar Design),coin,NO,
ref_coin_type_198403,,Quarter Dollar,,Washington Quarters (Classic),"¼ Dollar ""Washington Quarter"" (Frank Church River of No Return Wilderness - Silver 5 oz Bullion)",coin,NO,
ref_coin_type_198722,,Five Cents,,Jefferson Nickels,5 Cents,coin,NO,
ref_coin_type_199415,,One Dollar,,Hawaiian Kingdom Coinage,"1 Aloha Dala - Aloha Festivals (Oahu, Hawaii)",coin,NO,
ref_coin_type_200805,,Half Dollar,,Early Commemorative Half Dollars,"50 Cents - Orange City Centennial (Orange City, Iowa)",coin,NO,
ref_coin_type_200875,,Five Cents,,Merchant & Local Tokens,"25 Cents - Clark's Place (Huntington, Oregon)",coin,NO,
ref_coin_type_202102,,Half Dollar,,Early Commemorative Half Dollars,"Half Dollar - Sturgis and Fort Meade Centennial (Sturgis, South Dakota)",coin,NO,
ref_coin_type_202209,,One Dollar,,Modern Commemorative Dollars,1 Dollar (United States Department of Agriculture Food Coupon) [Type II],coin,NO,
ref_coin_type_202416,,Five Dollars,,Hawaiian Kingdom Coinage,5 Dollars (Federal Reserve Note; Brown Seal - Hawaii),coin,NO,
ref_coin_type_202426,,Twenty Dollars,,Hawaiian Kingdom Coinage,20 Dollars (Federal Reserve Note; Brown Seal - Hawaii),coin,NO,
ref_coin_type_202533,,Half Dollar,,Early Commemorative Half Dollars,"50 Cents - 100th Anniversary Oregon (Grants Pass, Oregon)",coin,NO,
ref_coin_type_203241,,Five Cents,,Merchant & Local Tokens,5 Cents - AAFES Gift Certificate (9K5),coin,NO,
ref_coin_type_203243,,Five Cents,,Merchant & Local Tokens,25 Cents - AAFES Gift Certificate (14F25),coin,NO,
ref_coin_type_206827,,One Dollar,,Modern Commemorative Dollars,1 Dollar (gold plated),coin,NO,
ref_coin_type_20833,,One Dollar,,Morgan Dollars,1 Ounce - Morgan Dollar,coin,NO,
ref_coin_type_20856,,One Dollar,,Morgan Dollars,1 Ounce - Silver Trade Unit (Morgan Dollar),coin,NO,
ref_coin_type_210089,,One Dollar,,Presidential Dollars,10 000 000 Dollars (Ronald Reagan),coin,NO,
ref_coin_type_21205,,One Dollar,,"School, Play & Institutional Tokens",1 Dollar (Little Rock Central High School Desegregation),coin,NO,
ref_coin_type_217530,,Five Dollars,,Liberty Head Coinage,5 Dollars,coin,NO,
ref_coin_type_217534,,Five Dollars,,Liberty Head Coinage,5 Dollars,coin,NO,
ref_coin_type_217587,,Quarter Dollar,,Washington Quarters (Classic),Double Headed Washington Quarter,coin,NO,
ref_coin_type_21771,,One Dollar,,Morgan Dollars,1 Ounce - American Pacific Mint (Morgan Silver Trade Unit),coin,NO,
ref_coin_type_220432,,One Dollar,,Hawaiian Kingdom Coinage,1 Dollar - Kalākaua,coin,NO,
ref_coin_type_223437,,One Dollar,,Morgan Dollars,1 oz Silver (Morgan Dollar),coin,NO,
ref_coin_type_223588,,Half Dollar,,Early Commemorative Half Dollars,"50 Cents - 100th Anniversary Oregon (Albany, Oregon)",coin,NO,
ref_coin_type_224712,,One Dollar,,Merchant & Local Tokens,So-Called Dollar - Ferris Wheel Dollar,coin,NO,
ref_coin_type_224714,,One Dollar,,Early Commemorative Half Dollars,Michigan Dollar - World's Columbian Exposition,coin,NO,
ref_coin_type_225172,,Half Dollar,,Early Commemorative Half Dollars,"50 Cents - 100th Anniversary Oregon (Gresham, Oregon)",coin,NO,
ref_coin_type_225771,,Half Dollar,,Early Commemorative Half Dollars,"50 Cents - Dakota Territory Centennial (Bismarck, North Dakota)",coin,NO,
ref_coin_type_226525,,One Dollar,,Modern Commemorative Dollars,911 Dollars (Vigilant; 9/11 2nd Anniversary),coin,NO,
ref_coin_type_226540,,One Dollar,,Presidential Dollars,200 Dollars (Dubya; George W. Bush),coin,NO,
ref_coin_type_226552,,One Dollar,,Morgan Dollars,½ Ounce - Highland Mint (Morgan Dollar),coin,NO,
ref_coin_type_226718,,Five Dollars,,Liberty Head Coinage,5 Dollars,coin,NO,
ref_coin_type_227241,,One Dollar,,Modern Commemorative Dollars,1 Dollar (Women’s Suffrage Centennial),coin,NO,
ref_coin_type_229936,,Ten Dollars,,First Spouse Gold Coins,10 Dollars (Barbara Bush; Bullion Coinage),coin,NO,
ref_coin_type_229949,,One Dollar,,Franklin Half Dollars,One Million Dollars (President Series; Franklin D. Roosevelt),coin,NO,
ref_coin_type_229950,,One Dollar,,Presidential Dollars,One Million Dollars (President Series; Theodore Roosevelt),coin,NO,
ref_coin_type_229951,,One Dollar,,Presidential Dollars,One Million Dollars (President Series; Abraham Lincoln),coin,NO,
ref_coin_type_230273,,Five Cents,,Merchant & Local Tokens,5 Cents - AAFES Gift Certificate (11H5),coin,NO,
ref_coin_type_230978,,Half Dollar,,Early Commemorative Half Dollars,"50 Cents - Champlain Anniversary Festival (Burlington, Vermont)",coin,NO,
ref_coin_type_230990,,Half Dollar,,Early Commemorative Half Dollars,"50 Cents - 300th Anniversary Town of Rye (Rye, Westchester County, New York)",coin,NO,
ref_coin_type_232420,,One Dollar,,Draped Bust Coinage,1 Ounce (Draped Bust Dollar),coin,NO,
ref_coin_type_23364,,One Dollar,,Gobrecht Dollars,2 Ounces - America's Rarest Coins (Gobrecht Dollar),coin,NO,
ref_coin_type_23367,,Ten Dollars,,First Spouse Gold Coins,10 Dollars (Martha Washington; Bullion Coinage),coin,NO,
ref_coin_type_23368,,Ten Dollars,,First Spouse Gold Coins,10 Dollars (Abigail Adams; Bullion Coinage),coin,NO,
ref_coin_type_23371,,Ten Dollars,,First Spouse Gold Coins,10 Dollars (Dolley Madison; Bullion Coinage),coin,NO,
ref_coin_type_23377,,Ten Dollars,,First Spouse Gold Coins,10 Dollars (Elizabeth Monroe; Bullion Coinage),coin,NO,
ref_coin_type_23379,,Ten Dollars,,First Spouse Gold Coins,10 Dollars (Louisa Adams; Bullion Coinage),coin,NO,
ref_coin_type_234679,,One Dollar,,U.S. Pattern Coinage,¼ oz Silver (Charles Barber’s Dragon Pattern),coin,NO,
ref_coin_type_23475,,Ten Dollars,,First Spouse Gold Coins,10 Dollars (Letitia Tyler; Bullion Coinage),coin,NO,
ref_coin_type_23477,,Ten Dollars,,First Spouse Gold Coins,10 Dollars (Sarah Polk; Bullion Coinage),coin,NO,
ref_coin_type_23478,,Ten Dollars,,First Spouse Gold Coins,10 Dollars (Margaret Taylor; Bullion Coinage),coin,NO,
ref_coin_type_23480,,Ten Dollars,,First Spouse Gold Coins,10 Dollars (Abigail Fillmore; Bullion Coinage),coin,NO,
ref_coin_type_23481,,Ten Dollars,,First Spouse Gold Coins,10 Dollars (Jane Pierce; Bullion Coinage),coin,NO,
ref_coin_type_23483,,Ten Dollars,,First Spouse Gold Coins,10 Dollars (Mary Todd Lincoln; Bullion Coinage),coin,NO,
ref_coin_type_238344,,One Dollar,,Morgan Dollars,1 oz Copper (Morgan Dollar),coin,NO,
ref_coin_type_238815,,One Dollar,,Liberty Walking Half Dollars,1 Pound - Walking Liberty,coin,NO,
ref_coin_type_238823,,Five Dollars,,Modern Commemorative Dollars,25 Dollars (End of World War II 75th Anniversary; Gold Bullion Coinage),coin,NO,
ref_coin_type_24135,,One Dollar,,Liberty Walking Half Dollars,1 oz Silver (Walking Liberty),coin,NO,
ref_coin_type_241957,,One Dollar,,Liberty Walking Half Dollars,1 Ounce - Sunshine Mint (Walking Liberty),coin,NO,
ref_coin_type_241961,,One Dollar,,Morgan Dollars,1 Ounce - Sunshine Mint (Morgan Dollar),coin,NO,
ref_coin_type_245705,,One Dollar,,Modern Commemorative Dollars,1 Dollar (George H. W. Bush),coin,NO,
ref_coin_type_245852,,Ten Dollars,,Modern Commemorative Dollars,10 Dollars (Mayflower 400th Anniversary),coin,NO,
ref_coin_type_245984,,One Dollar,,Morgan Dollars,1 Ounce - Highland Mint (Morgan Dollar),coin,NO,
ref_coin_type_246041,,One Dollar,,Hawaiian Kingdom Coinage,"1 Dollar - NCO Open Mess (Hickam A.F.B., Hawaii)",coin,NO,
ref_coin_type_247191,,Ten Dollars,,Hawaiian Kingdom Coinage,10 Dollars (Federal Reserve Note; Brown Seal - Hawaii),coin,NO,
ref_coin_type_252296,,Fifty Dollars,,U.S. Pattern Coinage,"50 Dollars ""Half Union"" (Pattern; copper)",coin,NO,
ref_coin_type_252297,,Fifty Dollars,,U.S. Pattern Coinage,"50 Dollars ""Half Union"" (Pattern; copper)",coin,NO,
ref_coin_type_257481,,Two and a Half Dollars,,U.S. Pattern Coinage,"2½ Dollars ""Quarter Eagle"" (Pattern; gold)",coin,NO,
ref_coin_type_259448,,One Dollar,,Modern Commemorative Dollars,1 Dollar (State of Florida),coin,NO,
ref_coin_type_262189,,Twenty Cents,,U.S. Pattern Coinage,"20 Cents ""1875⅕ Dollar"" (Pattern; copper)",coin,NO,
ref_coin_type_262190,,Twenty Cents,,U.S. Pattern Coinage,"20 Cents ""1875⅕ Dollar"" (Pattern; aluminium)",coin,NO,
ref_coin_type_262199,,Quarter Dollar,,Washington Quarters (Classic),"¼ Dollar ""Washington Quarter"" (Tuskegee Airmen National Historic Site, Alabama)",coin,NO,
ref_coin_type_262200,,Quarter Dollar,,Washington Quarters (Classic),"¼ Dollar ""Washington Quarter"" (Tuskegee Airmen National Historic Site, Alabama)",coin,NO,
ref_coin_type_262204,,Quarter Dollar,,Washington Quarters (Classic),"¼ Dollar ""Washington Quarter"" (Crossing the Delaware)",coin,NO,
ref_coin_type_262206,,Quarter Dollar,,Washington Quarters (Classic),"¼ Dollar ""Washington Quarter"" (Crossing the Delaware)",coin,NO,
ref_coin_type_262272,,One Dollar,,Modern Commemorative Dollars,1 Dollar (California Gold - Eureka),coin,NO,
ref_coin_type_262339,,Half Dollar,,Early Commemorative Half Dollars,"50 Cents - Oregon Centennial (North Bend, Oregon)",coin,NO,
ref_coin_type_266326,,Quarter Dollar,,Washington Quarters (Classic),"¼ Dollar ""Washington Quarter"" (Tallgrass Prairie National Preserve - Silver 5 oz Bullion)",coin,NO,
ref_coin_type_266882,,One Dollar,,Morgan Dollars,¼ oz - Golden State Mint (Morgan Dollar),coin,NO,
ref_coin_type_268117,,One Dollar,,Modern Commemorative Dollars,1 Dollar (Christa McAuliffe),coin,NO,
ref_coin_type_268649,,One Dollar,,Pre-Federal & Colonial Coinage,2 Vestindiske Dalere / 2 Dollars (St. Croix),coin,NO,
ref_coin_type_272903,,One Dollar,,Presidential Dollars,1 Frozen Dollar (Richard Nixon),coin,NO,
ref_coin_type_274872,,One Dollar,,Sacagawea & Native American Dollars,"1 Dollar ""Native American Dollar"" (Native Americans in the US Military)",coin,NO,
ref_coin_type_275468,,Quarter Dollar,,Washington Quarters (Classic),"¼ Dollar (""Washington Quarter"" Great Sand Dunes – Colorado; Silver 5 oz Bullion)",coin,NO,
ref_coin_type_275469,,Quarter Dollar,,Washington Quarters (Classic),"¼ Dollar ""Washington Quarter"" (Pictured Rocks National Lakeshore – Michigan; Silver 5 oz Bullion)",coin,NO,
ref_coin_type_275470,,One Dollar,,Modern Commemorative Dollars,1 Dollar (Girl with Balloon),coin,NO,
ref_coin_type_277908,,Five Dollars,,Modern Commemorative Dollars,5 Dollars (National Law Enforcement Memorial and Museum),coin,NO,
ref_coin_type_278400,,Half Dollar,,Early Commemorative Half Dollars,½ Dollar (National Law Enforcement Memorial and Museum),coin,NO,
ref_coin_type_278504,,One Dollar,,Modern Commemorative Dollars,1 Dollar (National Law Enforcement Memorial and Museum),coin,NO,
ref_coin_type_280518,,One Cent,,U.S. Pattern Coinage,"1 Cent ""Liberty Head One Cent"" (Pattern)",coin,NO,
ref_coin_type_280525,,One Dime,,U.S. Pattern Coinage,"10 Cents ""Copper Disme"" (Pattern)",coin,NO,
ref_coin_type_280583,,Ten Dollars,,U.S. Pattern Coinage,"10 Dollars ""Plain 4 Gold"" (Pattern)",coin,NO,
ref_coin_type_280584,,Ten Dollars,,U.S. Pattern Coinage,"10 Dollars ""Draped Bust"" (Pattern; silver)",coin,NO,
ref_coin_type_280623,,Five Dollars,,Half Eagle Restrike,"5 Dollars ""Half Eagle Restrike""",coin,NO,
ref_coin_type_28121,,Five Cents,,Merchant & Local Tokens,25 Cents - AAFES Gift Certificate (10A25),coin,NO,
ref_coin_type_281285,,Half Dollar,,U.S. Pattern Coinage,50 Cents (Pattern),coin,NO,
ref_coin_type_281546,,One Cent,,Civil War Tokens,1 Cent - The Flag of Our Union,coin,NO,
ref_coin_type_284239,,One Dollar,,Modern Commemorative Dollars,1 Dollar (United States Department of Agriculture Food Coupon),coin,NO,
ref_coin_type_285032,,Five Cents,,Buffalo Nickels,¼ Ounce - Highland Mint (Buffalo Nickel),coin,NO,
ref_coin_type_285033,,Five Cents,,Buffalo Nickels,¼ Ounce - Highland Mint (Buffalo Nickel),coin,NO,
ref_coin_type_285040,,Five Cents,,Buffalo Nickels,¼ Ounce - Golden State Mint (Buffalo Nickel),coin,NO,
ref_coin_type_285301,,One Dollar,,Trade Dollars,1 Ounce - Golden State Mint (British Trade Dollar),coin,NO,
ref_coin_type_285539,,One Dollar,,Modern Commemorative Dollars,1 Dollar (America's Cup without rope-like ornamentation),coin,NO,
ref_coin_type_285564,,One Dollar,,Liberty Walking Half Dollars,1 Ounce - Regency Mint (Walking Liberty),coin,NO,
ref_coin_type_286888,,Half Dollar,,Early Commemorative Half Dollars,50 Cents (Apollo 11 50th Anniversary),coin,NO,
ref_coin_type_286985,,One Dollar,,Morgan Dollars,1 oz Copper (Morgan Dollar),coin,NO,
ref_coin_type_287017,,One Dollar,,Morgan Dollars,"1 Dollar ""Morgan Dollar"" (100th anniversary)",coin,NO,
ref_coin_type_287022,,One Dollar,,Peace Dollars,"1 Dollar ""Peace Dollar"" (100th anniversary)",coin,NO,
ref_coin_type_287701,,Half Dollar,,Liberty Walking Half Dollars,1 Ounce - (Silver Eagle Dollar & Walking Liberty Half Dollar),coin,NO,
ref_coin_type_287726,,One Dollar,,Saint-Gaudens Gold Coinage,1 Ounce Silver - SilverTowne Mint (Saint-Gaudens Double Eagle),coin,NO,
ref_coin_type_287965,,Five Cents,,Washington Quarters (Classic),25 Cents,coin,NO,
ref_coin_type_292382,,One Dollar,,Civil War Tokens,1 Dollar - Kaufman's Army and Navy (Wooden Dollar),coin,NO,
ref_coin_type_292426,,One Dollar,,Liberty Walking Half Dollars,1 oz Silver (Golden State Mint - Walking Liberty),coin,NO,
ref_coin_type_294051,,One Dollar,,Seated Liberty Coinage,1 oz Copper (Seated Liberty Dollar),coin,NO,
ref_coin_type_294340,,Half Dollar,,Early Commemorative Half Dollars,"50 Cents - Rock Island Centennial Bridge (Rock Island, Illinois)",coin,NO,
ref_coin_type_294378,,One Dollar,,Trade Dollars,1 oz Copper Trade Dollar,coin,NO,
ref_coin_type_297976,,One Dollar,,Morgan Dollars,1 Ounce Silver (Morgan Dollar),coin,NO,
ref_coin_type_298186,,One Dime,,Merchant & Local Tokens,10 Cents - AAFES Gift Certificate (14K10),coin,NO,
ref_coin_type_298188,,Five Cents,,Merchant & Local Tokens,5 Cents - AAFES Gift Certificate (16B5),coin,NO,
ref_coin_type_298189,,Five Cents,,Merchant & Local Tokens,25 Cents - AAFES Gift Certificate (16D25),coin,NO,
ref_coin_type_298191,,Five Cents,,Merchant & Local Tokens,25 Cents - AAFES Gift Certificate (16M25),coin,NO,
ref_coin_type_298192,,Five Cents,,Merchant & Local Tokens,25 Cents - AAFES Gift Certificate (16B25),coin,NO,
ref_coin_type_298883,,One Dollar,,American Silver Eagle,"1 Dollar ""American Silver Eagle"" New Reverse (Bullion Coin)",coin,NO,
ref_coin_type_298940,,One Dollar,,Modern Commemorative Dollars,1 Dollar (Rialto Theatre Auction Money),coin,NO,
ref_coin_type_299017,,Half Dollar,,Merchant & Local Tokens,½ Dollar (California gold),coin,NO,
ref_coin_type_299886,,One Dollar,,Peace Dollars,Peace Dollar 100th Anniversary,coin,NO,
ref_coin_type_303677,,Quarter Dollar,,Merchant & Local Tokens,¼ Dollar - California Gold (Round),coin,NO,
ref_coin_type_303873,,One Dollar,,Hawaiian Kingdom Coinage,Hawaii (Centennial Dala),coin,NO,
ref_coin_type_304342,,One Dollar,,Morgan Dollars,5 Ounces - Highland Mint (Morgan Dollar),coin,NO,
ref_coin_type_306883,,One Cent,,Lincoln Cents,1 Cent (In God We Trust),coin,NO,
ref_coin_type_308380,,One Dollar,,Trade Dollars,25 Trade Dollars (Aleutian Islands),coin,NO,
ref_coin_type_308688,,One Cent,,Early Commemorative Half Dollars,1 Cent - Play Coin (Pilgrim),coin,NO,
ref_coin_type_310052,,One Dollar,,Morgan Dollars,1 Ounce - Morgan Dollar,coin,NO,
ref_coin_type_313418,,Five Dollars,,Liberty Head Coinage,5 Dollars,coin,NO,
ref_coin_type_313670,,Half Dime,,Seated Liberty Coinage,"½ Dime ""Seated Liberty Half Dime"" (reduced weight)",coin,NO,
ref_coin_type_313740,,Two Dollars,,Franklin Half Dollars,2 Dollars (Franklin Bank - Massachusetts),coin,NO,
ref_coin_type_313982,,One Dollar,,Draped Bust Coinage,"1 Dollar ""Draped Bust Dollar"" (Heraldic Eagle)",coin,NO,
ref_coin_type_314278,,Quarter Dollar,,Washington Quarters (Classic),"¼ Dollar ""Washington Quarter"" (Maya Angelou)",coin,NO,
ref_coin_type_314280,,Quarter Dollar,,Washington Quarters (Classic),"¼ Dollar ""Washington Quarter"" (Dr. Sally Ride)",coin,NO,
ref_coin_type_314283,,Quarter Dollar,,Washington Quarters (Classic),"¼ Dollar ""Washington Quarter"" (Wilma Mankiller)",coin,NO,
ref_coin_type_314287,,Quarter Dollar,,Washington Quarters (Classic),"¼ Dollar ""Washington Quarter"" (Nina Otero-Warren)",coin,NO,
ref_coin_type_314288,,Quarter Dollar,,Washington Quarters (Classic),"¼ Dollar ""Washington Quarter"" (Anna May Wong)",coin,NO,
ref_coin_type_314650,,One Dime,,Seated Liberty Coinage,"1 Dime ""Seated Liberty Dime"" (reduced weight)",coin,NO,
ref_coin_type_314841,,Half Dollar,,Seated Liberty Coinage,"½ Dollar ""Seated Liberty Half Dollar"" (without date arrows; with drapery)",coin,NO,
ref_coin_type_315124,,Quarter Dollar,,Washington Quarters (Classic),"¼ Dollar ""Washington Quarter"" (Anna May Wong)",coin,NO,
ref_coin_type_315126,,Quarter Dollar,,Washington Quarters (Classic),"¼ Dollar ""Washington Quarter"" (Dr. Sally Ride)",coin,NO,
ref_coin_type_315129,,Quarter Dollar,,Washington Quarters (Classic),"¼ Dollar ""Washington Quarter"" (Maya Angelou)",coin,NO,
ref_coin_type_315130,,Quarter Dollar,,Washington Quarters (Classic),"¼ Dollar ""Washington Quarter"" (Nina Otero-Warren)",coin,NO,
ref_coin_type_315131,,Quarter Dollar,,Washington Quarters (Classic),"¼ Dollar ""Washington Quarter"" (Wilma Mankiller)",coin,NO,
ref_coin_type_315915,,Quarter Dollar,,Seated Liberty Coinage,"¼ Dollar ""Seated Liberty Quarter"" (without motto, reduced weight)",coin,NO,
ref_coin_type_315923,,One Dollar,,Modern Commemorative Dollars,1 Dollar (Negro Leagues Baseball),coin,NO,
ref_coin_type_315924,,Half Dollar,,Modern Commemorative Dollars,½ Dollar (Negro Leagues Baseball),coin,NO,
ref_coin_type_316155,,Quarter Dollar,,U.S. Pattern Coinage,"¼ Dollar ""Washington Quarter"" (Pennsylvania; Pattern)",coin,NO,
ref_coin_type_316219,,One Dollar,,U.S. Pattern Coinage,"1 Dollar ""Susan B. Anthony Dollar"" (Pattern)",coin,NO,
ref_coin_type_316220,,Quarter Dollar,,U.S. Pattern Coinage,"¼ Dollar ""Washington Quarter"" (Georgia; Pattern)",coin,NO,
ref_coin_type_316235,,Quarter Dollar,,Washington Quarters (Classic),"¼ Dollar ""Washington Quarter"" (Weir Farm National Historic Site, Connecticut - Silver 5 oz Bullion)",coin,NO,
ref_coin_type_316352,,Quarter Dollar,,Seated Liberty Coinage,"¼ Dollar ""Seated Liberty Quarter"" (with motto, increased weight)",coin,NO,
ref_coin_type_316980,,One Dollar,,Sacagawea & Native American Dollars,"1 Dollar ""Native American Dollar"" (Ely Samuel Parker)",coin,NO,
ref_coin_type_317075,,One Dime,,Seated Liberty Coinage,"1 Dime ""Seated Liberty Dime"" (without stars, increased weight)",coin,NO,
ref_coin_type_318540,,One Dollar,,Modern Commemorative Dollars,1 Dollar (State of North Carolina),coin,NO,
ref_coin_type_318721,,Quarter Dollar,,U.S. Pattern Coinage,"¼ Dollar ""Washington Quarter"" (Delaware; Pattern)",coin,NO,
ref_coin_type_318723,,Quarter Dollar,,U.S. Pattern Coinage,"¼ Dollar ""Washington Quarter"" (New Jersey; Pattern)",coin,NO,
ref_coin_type_318724,,Quarter Dollar,,U.S. Pattern Coinage,"¼ Dollar ""Washington Quarter"" (Connecticut; Pattern)",coin,NO,
ref_coin_type_318801,,One Dollar,,American Silver Eagle,"1 Dollar ""American Silver Eagle""",coin,NO,
ref_coin_type_319532,,Ten Dollars,,Merchant & Local Tokens,10 Dollars - Oregon Exchange Company,coin,NO,
ref_coin_type_320137,,One Dollar,,Kennedy Half Dollars,Gold Rarities of the 21st Century (John F. Kennedy),coin,NO,
ref_coin_type_320185,,Ten Dollars,,Franklin Half Dollars,10 Dollars (Franklin Bank - Massachusetts),coin,NO,
ref_coin_type_321358,,One Dollar,,Modern Commemorative Dollars,1 Dollar (National Purple Heart Hall of Honor),coin,NO,
ref_coin_type_323796,,One Dollar,,Liberty Head Coinage,"1 Dollar California Territorial Gold ""Octagonal Liberty Head""",coin,NO,
ref_coin_type_326144,,One Dollar,,Hawaiian Kingdom Coinage,50 Dala (Hawaiian Kingdom),coin,NO,
ref_coin_type_326170,,One Dollar,,Morgan Dollars,2 Ounces - Golden State Mint (Morgan Dollar),coin,NO,
ref_coin_type_326171,,One Dollar,,Morgan Dollars,5 Ounces - Golden State Mint (Morgan Dollar),coin,NO,
ref_coin_type_326183,,One Dollar,,Morgan Dollars,½ Ounce - Golden State Mint (Morgan Dollar),coin,NO,
ref_coin_type_326184,,One Dollar,,Morgan Dollars,2 Ounces - Golden State Mint (Morgan Dollar),coin,NO,
ref_coin_type_326185,,One Dollar,,Morgan Dollars,5 Ounces - Golden State Mint (Morgan Dollar),coin,NO,
ref_coin_type_327618,,One Dollar,,Modern Commemorative Dollars,1 Dollar (Experimental Substrate),coin,NO,
ref_coin_type_328659,,One Dollar,,Civil War Tokens,Silvers clothiers,coin,NO,
ref_coin_type_329109,,Half Dollar,,Early Commemorative Half Dollars,"50 Cents - Dakota Territory Centennial (Bismarck, North Dakota)",coin,NO,
ref_coin_type_329320,,Five Cents,,U.S. Pattern Coinage,25 Cents (Pattern),coin,NO,
ref_coin_type_329327,,One Dollar,,U.S. Pattern Coinage,1 Dollar (Trial Strike),coin,NO,
ref_coin_type_330243,,One Cent,,Hawaiian Kingdom Coinage,"1 Cent -Star Super Markets (Honolulu, Hawaii)",coin,NO,
ref_coin_type_331324,,Quarter Dollar,,Coronet Head Coinage,¼ Dollar California Territorial Gold (Coronet Head),coin,NO,
ref_coin_type_332748,,Five Dollars,,Modern Commemorative Dollars,"5 Dollars - Luxor: World Cup Soccer (Las Vegas, Nevada)",coin,NO,
ref_coin_type_332809,,Half Dollar,,U.S. Pattern Coinage,½ Dollar - Pattern,coin,NO,
ref_coin_type_332890,,Five Dollars,,Modern Commemorative Dollars,5 Dollars (35th Anniversary of the Gold Eagle coin),coin,NO,
ref_coin_type_333139,,One Dollar,,Civil War Tokens,Union and Liberty,coin,NO,
ref_coin_type_334905,,One Dollar,,Modern Commemorative Dollars,1 Dollar (Farmers Bank - Massachusetts),coin,NO,
ref_coin_type_334906,,One Dollar,,Modern Commemorative Dollars,1 Dollar (Farmington Bank - New Hampshire),coin,NO,
ref_coin_type_334975,,One Dollar,,Modern Commemorative Dollars,1 Dollar (State Bank at New Brunswick - New Jersey),coin,NO,
ref_coin_type_335658,,One Cent,,Lincoln Cents,"1 Cent ""Lincoln Cent"" (Birth and Early Childhood - Bronze)",coin,NO,
ref_coin_type_335708,,One Cent,,Lincoln Cents,"1 Cent ""Lincoln Cent"" (Formative Years - Bronze)",coin,NO,
ref_coin_type_335754,,One Dollar,,Pre-Federal & Colonial Coinage,5 Pence (Colony of Connecticut),coin,NO,
ref_coin_type_335807,,One Cent,,Lincoln Cents,"1 Cent ""Lincoln Cent"" (Professional Life - Bronze)",coin,NO,
ref_coin_type_335808,,One Cent,,Lincoln Cents,"1 Cent ""Lincoln Cent"" (Presidency - Bronze)",coin,NO,
ref_coin_type_335874,,One Dollar,,Modern Commemorative Dollars,1 Dollar (Colony of Maryland),coin,NO,
ref_coin_type_335880,,One Dollar,,Pre-Federal & Colonial Coinage,8 Dollars (Colony of Maryland),coin,NO,
ref_coin_type_336129,,One Dollar,,Modern Commemorative Dollars,Birthday Dollar - Los Angeles Bicentennial (A City on the Move),coin,NO,
ref_coin_type_336130,,One Dollar,,Modern Commemorative Dollars,Birthday Dollar - Los Angeles Bicentennial (City of Opportunity),coin,NO,
ref_coin_type_336131,,One Dollar,,Modern Commemorative Dollars,Birthday Dollar - Los Angeles Bicentennial (In Conquest of Space),coin,NO,
ref_coin_type_336353,,Two and a Half Dollars,,Pre-Federal & Colonial Coinage,2½ Dollars - Mormon gold,coin,NO,
ref_coin_type_336358,,Half Dollar,,Early Commemorative Half Dollars,"50 Cents - Battle Creek Centennial (Battle Creek, Michigan)",coin,NO,
ref_coin_type_337611,,Five Cents,,Merchant & Local Tokens,5 Cents - AAFES Gift Certificate (4B5),coin,NO,
ref_coin_type_337615,,Five Cents,,Merchant & Local Tokens,5 Cents - AAFES Gift Certificate (4C5),coin,NO,
ref_coin_type_337617,,Five Cents,,Merchant & Local Tokens,5 Cents - AAFES Gift Certificate (5M5),coin,NO,
ref_coin_type_337618,,Five Cents,,Merchant & Local Tokens,5 Cents - AAFES Gift Certificate (4G5),coin,NO,
ref_coin_type_337628,,Five Cents,,Merchant & Local Tokens,5 Cents - AAFES Gift Certificate (7E5),coin,NO,
ref_coin_type_337629,,Five Cents,,Merchant & Local Tokens,5 Cents - AAFES Gift Certificate (7K5),coin,NO,
ref_coin_type_337630,,Five Cents,,Merchant & Local Tokens,5 Cents - AAFES Gift Certificate (4K5),coin,NO,
ref_coin_type_337631,,Five Cents,,Merchant & Local Tokens,5 Cents - AAFES Gift Certificate (1A5),coin,NO,
ref_coin_type_337633,,One Dime,,Merchant & Local Tokens,10 Cents - AAFES Gift Certificate (5F10),coin,NO,
ref_coin_type_337634,,One Dime,,Merchant & Local Tokens,10 Cents - AAFES Gift Certificate (8H10),coin,NO,
ref_coin_type_337635,,One Dime,,Merchant & Local Tokens,10 Cents - AAFES Gift Certificate (7J10),coin,NO,
ref_coin_type_337636,,One Dime,,Merchant & Local Tokens,10 Cents - AAFES Gift Certificate (7L10),coin,NO,
ref_coin_type_337637,,One Dime,,Merchant & Local Tokens,10 Cents - AAFES Gift Certificate (7M10),coin,NO,
ref_coin_type_337638,,One Dime,,Merchant & Local Tokens,10 Cents - AAFES Gift Certificate (8C10),coin,NO,
ref_coin_type_337639,,Five Cents,,Merchant & Local Tokens,25 Cents - AAFES Gift Certificate (7B25),coin,NO,
ref_coin_type_337640,,Five Cents,,Merchant & Local Tokens,25 Cents - AAFES Gift Certificate (4E25),coin,NO,
ref_coin_type_337641,,Five Cents,,Merchant & Local Tokens,25 Cents - AAFES Gift Certificate (7H25),coin,NO,
ref_coin_type_337642,,Five Cents,,Merchant & Local Tokens,25 Cents - AAFES Gift Certificate (7F25),coin,NO,
ref_coin_type_337643,,Five Cents,,Merchant & Local Tokens,25 Cents - AAFES Gift Certificate (6K25),coin,NO,
ref_coin_type_337644,,Five Cents,,Merchant & Local Tokens,25 Cents - AAFES Gift Certificate (7M25),coin,NO,
ref_coin_type_337645,,Five Cents,,Merchant & Local Tokens,25 Cents - AAFES Gift Certificate (7D25+),coin,NO,
ref_coin_type_338063,,One Cent,,Pre-Federal & Colonial Coinage,1 Cent (Small Eagle),coin,NO,
ref_coin_type_338910,,Five Cents,,Merchant & Local Tokens,5 Cents - AAFES Gift Certificate (9M5),coin,NO,
ref_coin_type_338911,,One Dime,,Merchant & Local Tokens,10 Cents - AAFES Gift Certificate (9B10),coin,NO,
ref_coin_type_338912,,Five Cents,,Merchant & Local Tokens,25 Cents - AAFES Gift Certificate (8K25),coin,NO,
ref_coin_type_338915,,Quarter Dollar,,Hawaiian Kingdom Coinage,"¼ Dollar ""Head Quarter"" (Hawaii)",coin,NO,
ref_coin_type_340836,,One Dollar,,Trade Dollars,1 Gram Silver (Trade Dollar Design),coin,NO,
ref_coin_type_342008,,Half Dollar,,Barber Half Dollars,1 Ounce - Osborne Mint (Barber Half Dollar),coin,NO,
ref_coin_type_342882,,One Dollar,,Pre-Federal & Colonial Coinage,1 Dollar / 4 Shillings 6 Pence (Colony of Maryland),coin,NO,
ref_coin_type_343882,,One Dollar,,Pre-Federal & Colonial Coinage,10 Vestindiske Dalere / 10 Dollars - fREDER (St. Croix),coin,NO,
ref_coin_type_344110,,One Dollar,,Modern Commemorative Dollars,"1 000 000 Dollars-""Vietnam commemorative""",coin,NO,
ref_coin_type_344134,,One Dollar,,Presidential Dollars,Double ought note-George W. Bush Dubya,coin,NO,
ref_coin_type_345302,,One Dollar,,American Eagle,"Coloured ""American Eagle"" Dollar",coin,NO,
ref_coin_type_345358,,One Dollar,,Hawaiian Kingdom Coinage,"1 Dollar - Merry/Merrie Monarch Festival (Hilo, Hawaii)",coin,NO,
ref_coin_type_345724,,One Dollar,,Peace Dollars,1 Gram - Peace Dollar,coin,NO,
ref_coin_type_346170,,One Dollar,,Sacagawea & Native American Dollars,"1 Dollar ""Native American Dollar"" (American Indians in ballet)",coin,NO,
ref_coin_type_346240,,One Dollar,,Peace Dollars,1 Ounce - Golden State Mint (Peace Dollar),coin,NO,
ref_coin_type_346464,,One Dollar,,Liberty Walking Half Dollars,¼ oz Silver (Golden State Mint - Walking Liberty),coin,NO,
ref_coin_type_346589,,Quarter Dollar,,Washington Quarters (Classic),"¼ Dollar ""Washington Quarter"" (Salt River Bay, U.S. Virgin Islands - Silver 5 oz Bullion)",coin,NO,
ref_coin_type_347133,,One Dollar,,Morgan Dollars,10 Ounces - Highland Mint (Morgan Dollar),coin,NO,
ref_coin_type_347604,,One Dollar,,Modern Commemorative Dollars,1 Dollar (Corporation of Richmond),coin,NO,
ref_coin_type_347994,,One Cent,,Merchant & Local Tokens,"1 Cent - Wassons Market (McFarland, California)",coin,NO,
ref_coin_type_348710,,One Dollar,,Kennedy Half Dollars,50 State Dollars - John F. Kennedy (Massachusetts),coin,NO,
ref_coin_type_348759,,One Dollar,,Pre-Federal & Colonial Coinage,3 Pence - Higley Copper (With Deer),coin,NO,
ref_coin_type_349696,,One Dollar,,Hawaiian Kingdom Coinage,"1 Dollar - Wholphin Dollah, Sea Life Park (Oahu, Hawaii)",coin,NO,
ref_coin_type_349708,,One Dollar,,Sacagawea & Native American Dollars,School Money - Sacagawea Dollar,coin,NO,
ref_coin_type_349877,,One Dollar,,Hawaiian Kingdom Coinage,So-Called-Dollar - Hawaii Statehood (Salvation Army),coin,NO,
ref_coin_type_349936,,One Dollar,,Draped Bust Coinage,1 Dollar - Draped Bust Dollar (Heraldic Eagle),coin,NO,
ref_coin_type_349983,,Quarter Dollar,,Washington Quarters (Classic),"¼ Dollar ""Washington Quarter"" (Bessie Coleman)",coin,NO,
ref_coin_type_349984,,Five Cents,,Washington Quarters (Classic),"25 Cents ""Washington Quarter"" (Edith Kanakaʻole)",coin,NO,
ref_coin_type_349985,,Quarter Dollar,,Washington Quarters (Classic),"¼ Dollar ""Washington Quarter"" (Eleanor Roosevelt)",coin,NO,
ref_coin_type_349986,,Quarter Dollar,,Washington Quarters (Classic),"¼ Dollar ""Washington Quarter"" (Jovita Idar)",coin,NO,
ref_coin_type_349988,,Quarter Dollar,,Washington Quarters (Classic),"¼ Dollar ""Washington Quarter"" (Maria Tallchief)",coin,NO,
ref_coin_type_349990,,Quarter Dollar,,Washington Quarters (Classic),"¼ Dollar ""Washington Quarter"" (Bessie Coleman)",coin,NO,
ref_coin_type_349991,,Five Cents,,Washington Quarters (Classic),"25 Cents ""Washington Quarter"" (Edith Kanakaʻole)",coin,NO,
ref_coin_type_349993,,Quarter Dollar,,Washington Quarters (Classic),"¼ Dollar ""Washington Quarter"" (Eleanor Roosevelt)",coin,NO,
ref_coin_type_349994,,Quarter Dollar,,Washington Quarters (Classic),"¼ Dollar ""Washington Quarter"" (Jovita Idar)",coin,NO,
ref_coin_type_349995,,Quarter Dollar,,Washington Quarters (Classic),"¼ Dollar ""Washington Quarter"" (Maria Tallchief)",coin,NO,
ref_coin_type_350626,,One Dollar,,American Eagle,"Copper ""American Eagle"" Dollar",coin,NO,
ref_coin_type_350834,,One Dollar,,Pre-Federal & Colonial Coinage,8 Dollars (Colony of Massachusetts Bay),coin,NO,
ref_coin_type_350836,,Five Dollars,,Merchant & Local Tokens,25 Dollars - Templeton Reid,coin,NO,
ref_coin_type_351060,,One Dime,,Civil War Tokens,10 Cents - Civil War Sutler Scrip - Scott’s Nine Hundred United States Cavalry,coin,NO,
ref_coin_type_352036,,One Dollar,,Hawaiian Kingdom Coinage,"1 Dollar - Aloha Festivals (Oaho, Hawaii)",coin,NO,
ref_coin_type_355114,,One Cent,,Hawaiian Kingdom Coinage,1 Cent - Kamehameha III (Hawaii),coin,NO,
ref_coin_type_355118,,One Cent,,Hawaiian Kingdom Coinage,1 Cent - Kamehameha III (Hawaii),coin,NO,
ref_coin_type_355452,,One Cent,,Hawaiian Kingdom Coinage,1 Cent - Kamehameha III (Hawaii),coin,NO,
ref_coin_type_355985,,One Hundred Dollars,,American Liberty Gold Coins,100 Dollars (American Liberty High Relief),coin,NO,
ref_coin_type_356277,,One Dime,,U.S. Pattern Coinage,10 Cents (Pattern),coin,NO,
ref_coin_type_356278,,Half Dollar,,U.S. Pattern Coinage,Half Dollar (Pattern),coin,NO,
ref_coin_type_356290,,Five Cents,,U.S. Pattern Coinage,5 Cents (Pattern),coin,NO,
ref_coin_type_356624,,One Dollar,,Modern Commemorative Dollars,1 Dollar (The Farmers' and Mechanics' Bank),coin,NO,
ref_coin_type_358216,,One Dollar,,Pre-Federal & Colonial Coinage,8 Dollars / 36 Shillings (Colony of Maryland),coin,NO,
ref_coin_type_358475,,One Dollar,,Merchant & Local Tokens,50 State Dollars - Lewis & Clark (North Dakota),coin,NO,
ref_coin_type_360059,,One Dollar,,Modern Commemorative Dollars,"Summer Olympic Games - Soccer (Montreal, Canada)",coin,NO,
ref_coin_type_361208,,Half Dollar,,Early Commemorative Half Dollars,"50 Cents - Civil War Centennial (Muscle Shoals, Alabama)",coin,NO,
ref_coin_type_361536,,Half Dollar,,Early Commemorative Half Dollars,"50 Cents - Sesquicentennial (Tallmadge, Ohio)",coin,NO,
ref_coin_type_361537,,Half Dollar,,Early Commemorative Half Dollars,"50 Cents - Sesquicentennial (Chardon, Ohio)",coin,NO,
ref_coin_type_361538,,Half Dollar,,Early Commemorative Half Dollars,"50 Cents - Sesquicentennial of Northfield Center, Macedonia, Northfield Village and Sagamore Hills (Akron, Ohio)",coin,NO,
ref_coin_type_362116,,Half Dollar,,Early Commemorative Half Dollars,"50 Cents - East St. Louis Centennial (East St. Louis, Illinois)",coin,NO,
ref_coin_type_362675,,One Dollar,,Presidential Dollars,50 State Dollars - Abraham Lincoln (Illinois),coin,NO,
ref_coin_type_362729,,One Dollar,,Modern Commemorative Dollars,1 Dollar (State of North Carolina),coin,NO,
ref_coin_type_363020,,Five Cents,,Washington Quarters (Classic),25 Cents,coin,NO,
ref_coin_type_363127,,One Dollar,,Modern Commemorative Dollars,"1 Dollar - Fort Sill Centennial (Fort Sill, Oklahoma)",coin,NO,
ref_coin_type_363327,,Quarter Dollar,,Washington Quarters (Classic),"¼ Dollar ""Washington Quarter"" (Apostle Islands National Lakeshore - 5 oz Bullion)",coin,NO,
ref_coin_type_364288,,One Dollar,,Presidential Dollars,Presidential Oath Dollar (Martin Van Buren),coin,NO,
ref_coin_type_364897,,One Dollar,,Pre-Federal & Colonial Coinage,40 Shillings (Colony of Connecticut),coin,NO,
ref_coin_type_365416,,One Dollar,,Presidential Dollars,Presidential Oath Dollar (James Madison),coin,NO,
ref_coin_type_366433,,One Hundred Dollars,,American Liberty Gold Coins,100 Dollars (American Liberty High Relief),coin,NO,
ref_coin_type_367380,,One Dollar,,Presidential Dollars,Presidential Oath Dollar (John Quincy Adams),coin,NO,
ref_coin_type_367453,,Five Cents,,Merchant & Local Tokens,25 Cents - AAFES Gift Certificate (3K25),coin,NO,
ref_coin_type_367816,,One Dollar,,Peace Dollars,1 Ounce Silver - Peace Dollar Design,coin,NO,
ref_coin_type_368496,,Five Cents,,Merchant & Local Tokens,5 Cents - AAFES Gift Certificate (9D5),coin,NO,
ref_coin_type_368579,,One Dollar,,Pre-Federal & Colonial Coinage,Continental Currency,coin,NO,
ref_coin_type_369515,,One Dollar,,Franklin Half Dollars,Third Inauguration of Franklin Roosevelt,coin,NO,
ref_coin_type_371365,,One Dollar,,Hawaiian Kingdom Coinage,Hawaii - Kalākaua I,coin,NO,
ref_coin_type_371610,,Five Cents,,Merchant & Local Tokens,5 Cents - AAFES Gift Certificate (10F5),coin,NO,
ref_coin_type_371694,,Five Cents,,Merchant & Local Tokens,5 Cents - AAFES Gift Certificate (11A5),coin,NO,
ref_coin_type_371696,,Five Cents,,Merchant & Local Tokens,5 Cents - AAFES Gift Certificate (11G5),coin,NO,
ref_coin_type_371697,,One Dime,,Merchant & Local Tokens,10 Cents - AAFES Gift Certificate (11K10),coin,NO,
ref_coin_type_371698,,One Dime,,Merchant & Local Tokens,10 Cents - AAFES Gift Certificate (11L10),coin,NO,
ref_coin_type_371700,,One Dime,,Merchant & Local Tokens,10 Cents - AAFES Gift Certificate (11M10),coin,NO,
ref_coin_type_371701,,Five Cents,,Merchant & Local Tokens,25 Cents - AAFES Gift Certificate (11B25),coin,NO,
ref_coin_type_371703,,Five Cents,,Merchant & Local Tokens,25 Cents - AAFES Gift Certificate (11C25),coin,NO,
ref_coin_type_371704,,Five Cents,,Merchant & Local Tokens,25 Cents - AAFES Gift Certificate (11D25),coin,NO,
ref_coin_type_371705,,Five Cents,,Merchant & Local Tokens,25 Cents - AAFES Gift Certificate (12D25),coin,NO,
ref_coin_type_371706,,Five Cents,,Merchant & Local Tokens,25 Cents - AAFES Gift Certificate (13A25),coin,NO,
ref_coin_type_371708,,Five Cents,,Merchant & Local Tokens,25 Cents - AAFES Gift Certificate (13G25),coin,NO,
ref_coin_type_371709,,Five Cents,,Merchant & Local Tokens,25 Cents - AAFES Gift Certificate (13K25),coin,NO,
ref_coin_type_371710,,Five Cents,,Merchant & Local Tokens,25 Cents - AAFES Gift Certificate (13M25),coin,NO,
ref_coin_type_372228,,One Dollar,,Presidential Dollars,Presidential Oath Dollar (George Washington),coin,NO,
ref_coin_type_372229,,One Dollar,,Presidential Dollars,Presidential Oath Dollar (James Monroe),coin,NO,
ref_coin_type_374448,,One Dollar,,Liberty Head Coinage,2.5 Dollars Liberty Head (2 Grams Silver),coin,NO,
ref_coin_type_376296,,Half Dollar,,Early Commemorative Half Dollars,"50 Cents - Bennington Bicentennial (Bennington, Vermont)",coin,NO,
ref_coin_type_376643,,Half Dollar,,Early Commemorative Half Dollars,"50 Cents - 250th Anniversary of Schoharie Valley (Schoharie, New York)",coin,NO,
ref_coin_type_376792,,One Dollar,,Hawaiian Kingdom Coinage,Fifty-State Bicentennial (Hawaii),coin,NO,
ref_coin_type_377072,,Half Dollar,,Early Commemorative Half Dollars,"50 Cents - Marietta Sesquicentennial (Marietta, Pennsylvania)",coin,NO,
ref_coin_type_377553,,One Dollar,,U.S. Pattern Coinage,1 Trillion Dollars - Trial Pattern,coin,NO,
ref_coin_type_37947,,Half Dollar,,Merchant & Local Tokens,½ Dollar - California Gold,coin,NO,
ref_coin_type_383438,,Ten Dollars,,Merchant & Local Tokens,10 Dollars - Templeton Reid,coin,NO,
ref_coin_type_383450,,Five Dollars,,Merchant & Local Tokens,5 Dollars - C. Bechtler (140 G),coin,NO,
ref_coin_type_383452,,Five Dollars,,Merchant & Local Tokens,5 Dollars - C. Bechtler (134 G),coin,NO,
ref_coin_type_383461,,Five Dollars,,Merchant & Local Tokens,"5 Dollars - Norris, Gregg & Norris “Half Eagle”",coin,NO,
ref_coin_type_383758,,One Dollar,,Peace Dollars,1 Ounce - Peace Dollar,coin,NO,
ref_coin_type_384163,,One Dollar,,Modern Commemorative Dollars,1 Dollar (The State Bank - Massachusetts),coin,NO,
ref_coin_type_384962,,Two and a Half Dollars,,Merchant & Local Tokens,"2½ Dollars - Clark, Gruber and Co.",coin,NO,
ref_coin_type_384967,,Five Dollars,,Merchant & Local Tokens,"5 Dollars - Clark, Gruber and Co.",coin,NO,
ref_coin_type_384973,,Twenty Dollars,,Merchant & Local Tokens,"20 Dollars - Clark, Gruber and Co.",coin,NO,
ref_coin_type_385098,,Two and a Half Dollars,,Merchant & Local Tokens,"2½ Dollars - Clark, Gruber and Co.",coin,NO,
ref_coin_type_385102,,Twenty Dollars,,Merchant & Local Tokens,"20 Dollars - Clark, Gruber and Co.",coin,NO,
ref_coin_type_389026,,One Cent,,Presidential Dollars,1 Cent - Kiddy Koin (Thomas Jefferson),coin,NO,
ref_coin_type_389285,,One Dollar,,Morgan Dollars,1 Ounce - 9Fine Mint (Morgan Dollar),coin,NO,
ref_coin_type_390284,,One Dollar,,Civil War Tokens,Civil War Centennial - Burning of Chambersburg,coin,NO,
ref_coin_type_390859,,Five Cents,,Washington Quarters (Classic),"25 Cents ""Washington Quarter"" (Rev. Dr. Pauli Murray)",coin,NO,
ref_coin_type_390860,,Five Cents,,Washington Quarters (Classic),"25 Cents ""Washington Quarter"" (Patsy Takemoto Mink)",coin,NO,
ref_coin_type_390861,,Five Cents,,Washington Quarters (Classic),"25 Cents ""Washington Quarter"" (Rev. Dr. Pauli Murray)",coin,NO,
ref_coin_type_390864,,Five Cents,,Washington Quarters (Classic),"25 Cents ""Washington Quarter"" (Patsy Takemoto Mink)",coin,NO,
ref_coin_type_390989,,Five Cents,,Washington Quarters (Classic),"25 Cents ""Washington Quarter"" (Dr. Mary Edwards Walker)",coin,NO,
ref_coin_type_390990,,Five Cents,,Washington Quarters (Classic),"25 Cents ""Washington Quarter"" (Dr. Mary Edwards Walker)",coin,NO,
ref_coin_type_390991,,Five Cents,,Washington Quarters (Classic),"25 Cents ""Washington Quarter"" (Celia Cruz)",coin,NO,
ref_coin_type_390992,,Five Cents,,Washington Quarters (Classic),"25 Cents ""Washington Quarter"" (Celia Cruz)",coin,NO,
ref_coin_type_391010,,Five Cents,,Washington Quarters (Classic),"25 Cents ""Washington Quarter"" (Zitkala-Ša)",coin,NO,
ref_coin_type_391020,,Five Cents,,Washington Quarters (Classic),"25 Cents ""Washington Quarter"" (Zitkala-Ša)",coin,NO,
ref_coin_type_391085,,Half Dollar,,Modern Commemorative Dollars,½ Dollar (Harriet Tubman),coin,NO,
ref_coin_type_391246,,One Dollar,,Modern Commemorative Dollars,1 Dollar (Harriet Tubman),coin,NO,
ref_coin_type_391249,,Five Dollars,,Modern Commemorative Dollars,5 Dollars (Harriet Tubman),coin,NO,
ref_coin_type_391252,,Twenty Dollars,S,Merchant & Local Tokens,"20 Dollar - Kellogg & Co. (San Francisco, California)",coin,NO,
ref_coin_type_391253,,Twenty Dollars,,Merchant & Local Tokens,20 Dollar - Kellogg & Co.,coin,NO,
ref_coin_type_393510,,One Dollar,,Modern Commemorative Dollars,1 Dollar (State of North Carolina),coin,NO,
ref_coin_type_394415,,One Dollar,,Modern Commemorative Dollars,1 Dollar (Greatest Generation),coin,NO,
ref_coin_type_394597,,One Dollar,,Modern Commemorative Dollars,1 Dollar (Mechanics & Traders Bank),coin,NO,
ref_coin_type_395970,,One Dollar,,Modern Commemorative Dollars,"1 Dollar - Circus Circus 50 Anniversary (Las Vegas, Nevada)",coin,NO,
ref_coin_type_400387,,Ten Dollars,S,Merchant & Local Tokens,"10 Dollars - Baldwin & Co. (San Francisco, California)",coin,NO,
ref_coin_type_400661,,Five Dollars,,Merchant & Local Tokens,5 Dollars - Moffat & Co.,coin,NO,
ref_coin_type_401053,,Five Dollars,,Merchant & Local Tokens,5 Dollars - Templeton Reid,coin,NO,
ref_coin_type_401058,,One Dollar,,Merchant & Local Tokens,1 Dollar - C. Bechtler,coin,NO,
ref_coin_type_401068,,Five Dollars,,Merchant & Local Tokens,"5 Dollars - Clark, Gruber & Co.",coin,NO,
ref_coin_type_401072,,Ten Dollars,,Merchant & Local Tokens,"10 Dollars - Clark, Gruber & Co.",coin,NO,
ref_coin_type_401188,,One Dollar,,Merchant & Local Tokens,1 Dollar - C. Bechtler,coin,NO,
ref_coin_type_401195,,Two and a Half Dollars,,Pre-Federal & Colonial Coinage,2½ Dollars - C. Bechtler,coin,NO,
ref_coin_type_401197,,Two and a Half Dollars,,Pre-Federal & Colonial Coinage,2½ Dollars - C. Bechtler,coin,NO,
ref_coin_type_401849,,One Dollar,,Modern Commemorative Dollars,1 Dollar (The Cochituate Bank - Massachusetts),coin,NO,
ref_coin_type_404033,,One Dollar,,Modern Commemorative Dollars,1 Dollar (Vertical),coin,NO,
ref_coin_type_404811,,One Hundred Dollars,,Hawaiian Kingdom Coinage,100 Dollars - Certificate of Deposit - Duke Kahanamoku Corporation (Hawaii),coin,NO,
ref_coin_type_408155,,One Dime,,Merchant & Local Tokens,10 Cents - AAFES Gift Certificate (10K10),coin,NO,
ref_coin_type_408157,,Five Cents,,Merchant & Local Tokens,5 Cents - AAFES Gift Certificate (4H5),coin,NO,
ref_coin_type_409165,,Twenty Dollars,,Franklin Half Dollars,20 Dollars (Franklin Bank - Massachusetts),coin,NO,
ref_coin_type_410957,,One Dollar,,Modern Commemorative Dollars,1 Dollar (West River Bank - Vermont),coin,NO,
ref_coin_type_411131,,One Dollar,,Modern Commemorative Dollars,1 Dollar (New England Commercial Bank - Rhode Island),coin,NO,
ref_coin_type_411847,,One Dollar,,Pre-Federal & Colonial Coinage,2 Shillings (Colony of New York),coin,NO,
ref_coin_type_412119,,One Dollar,,Modern Commemorative Dollars,1 Dollar (Dayton Bank),coin,NO,
ref_coin_type_412121,,Five Hundred Dollars,,Hawaiian Kingdom Coinage,500 Dollars - Certificate of Deposit (Hawaii),coin,NO,
ref_coin_type_412712,,One Dollar,,Modern Commemorative Dollars,1 Dollar (Sussex Bank - New Jersey),coin,NO,
ref_coin_type_412828,,One Dollar,,Modern Commemorative Dollars,1 Dollar (South Carolina Rail Road),coin,NO,
ref_coin_type_413009,,Five Cents,,Merchant & Local Tokens,5 Cents - AAFES Gift Certificate (10C5),coin,NO,
ref_coin_type_414400,,One Dollar,,Presidential Dollars,Presidential Oath Dollar (Thomas Jefferson),coin,NO,
ref_coin_type_414401,,One Dollar,,Presidential Dollars,Presidential Oath Dollar (John Adams),coin,NO,
ref_coin_type_414487,,Half Dollar,,Early Commemorative Half Dollars,"50 Cents - Bloomington Monroe Sesquicentennial (Bloomington, Indiana)",coin,NO,
ref_coin_type_414676,,Five Cents,,Merchant & Local Tokens,5 Cents - AAFES Gift Certificate (9C5),coin,NO,
ref_coin_type_415442,,Quarter Dollar,,Washington Quarters (Classic),"¼ Dollar ""Washington Quarter"" (Fort McHenry- Silver 5 oz. Bullion)",coin,NO,
ref_coin_type_416424,,Half Dollar,,Early Commemorative Half Dollars,"50 Cents - Tiffin-Seneca Sesquicentennial (Tiffin-Seneca, Ohio)",coin,NO,
ref_coin_type_417298,,One Dollar,,Modern Commemorative Dollars,1 Dollar (Vertical),coin,NO,
ref_coin_type_419460,,One Dollar,,Modern Commemorative Dollars,1 Dollar (McKean County Bank - Pennsylvania),coin,NO,
ref_coin_type_421676,,Half Dollar,,Early Commemorative Half Dollars,"50 Cents - Greater Pontiac Centennial (Pontiac, Michigan)",coin,NO,
ref_coin_type_421882,,Quarter Dollar,,U.S. Pattern Coinage,¼ Dollar - Seated (with motto without date Arrows - Copper Pattern),coin,NO,
ref_coin_type_421886,,Two and a Half Dollars,,U.S. Pattern Coinage,"2½ Dollars ""Quarter Eagle"" (Pattern; Gilt Copper)",coin,NO,
ref_coin_type_422249,,One Cent,,U.S. Pattern Coinage,"1 Cent - ""Indian Head Cent"" (Copper Nickel Pattern)",coin,NO,
ref_coin_type_422606,,One Dollar,,Liberty Walking Half Dollars,1 Ounce - Independent Living (Walking Liberty),coin,NO,
ref_coin_type_422978,,Five Cents,,Merchant & Local Tokens,5 Cents - AAFES Gift Certificate (11E5),coin,NO,
ref_coin_type_422980,,Five Cents,,Merchant & Local Tokens,5 Cents - AAFES Gift Certificate (11F5),coin,NO,
ref_coin_type_422981,,Five Cents,,Merchant & Local Tokens,5 Cents - AAFES Gift Certificate (9B5),coin,NO,
ref_coin_type_424431,,One Dollar,,Peace Dollars,1 Ounce (Peace Dollar),coin,NO,
ref_coin_type_427255,,Five Cents,,Merchant & Local Tokens,5 Cents - AAFES Gift Certificate (10H5),coin,NO,
ref_coin_type_428009,,One Dollar,,Modern Commemorative Dollars,1 Dollar - Giant Eisenhower Bicentennial,coin,NO,
ref_coin_type_428121,,Five Cents,,Merchant & Local Tokens,5 Cents - AAFES Gift Certificate (10J5),coin,NO,
ref_coin_type_428302,,One Dime,,Merchant & Local Tokens,10 Cents - AAFES Gift Certificate (12C10),coin,NO,
ref_coin_type_428855,,One Dime,,Merchant & Local Tokens,10 Cents - AAFES Gift Certificate (11L10),coin,NO,
ref_coin_type_428980,,One Dime,,Merchant & Local Tokens,10 Cents - AAFES Gift Certificate (10F10),coin,NO,
ref_coin_type_429008,,Half Dollar,,Early Commemorative Half Dollars,"Half Dollar - Saranac Centennial (Saranac, Michigan)",coin,NO,
ref_coin_type_429589,,Five Dollars,,Liberty Head Coinage,5 Dollars,coin,NO,
ref_coin_type_429634,,One Dime,,Merchant & Local Tokens,10 Cents - AAFES Gift Certificate (11B10),coin,NO,
ref_coin_type_429699,,One Dime,,Merchant & Local Tokens,10 Cents - AAFES Gift Certificate (12G10),coin,NO,
ref_coin_type_429700,,One Dime,,Merchant & Local Tokens,10 Cents - AAFES Gift Certificate (12K10),coin,NO,
ref_coin_type_431172,,One Dime,,Merchant & Local Tokens,10 Cents - AAFES Gift Certificate (11F10),coin,NO,
ref_coin_type_431470,,One Dime,,Merchant & Local Tokens,10 Cents - AAFES Gift Certificate (11A10),coin,NO,
ref_coin_type_431474,,One Dime,,Merchant & Local Tokens,10 Cents - AAFES Gift Certificate (12D10),coin,NO,
ref_coin_type_431476,,One Dime,,Merchant & Local Tokens,10 Cents - AAFES Gift Certificate (10C10),coin,NO,
ref_coin_type_431634,,One Dime,,Merchant & Local Tokens,10 Cents - AAFES Gift Certificate (10J10),coin,NO,
ref_coin_type_431637,,One Dime,,Merchant & Local Tokens,10 Cents - AAFES Gift Certificate (7F10),coin,NO,
ref_coin_type_431640,,One Dime,,Merchant & Local Tokens,10 Cents - AAFES Gift Certificate (12M10),coin,NO,
ref_coin_type_431644,,One Dime,,Merchant & Local Tokens,10 Cents - AAFES Gift Certificate (12E10),coin,NO,
ref_coin_type_431648,,One Dime,,Merchant & Local Tokens,10 Cents - AAFES Gift Certificate (12H10),coin,NO,
ref_coin_type_431649,,One Dime,,Merchant & Local Tokens,10 Cents - AAFES Gift Certificate (12L10),coin,NO,
ref_coin_type_431696,,Five Cents,,Merchant & Local Tokens,25 Cents - AAFES Gift Certificate (12M25),coin,NO,
ref_coin_type_432564,,One Dollar,,Presidential Dollars,1 Ounce - 2 Dollars (George Washington),coin,NO,
ref_coin_type_433325,,One Dollar,,Liberty Walking Half Dollars,¼ Ounce - Highland Mint (Walking Liberty),coin,NO,
ref_coin_type_435130,,One Dollar,,Presidential Dollars,1 Trial Dollar - Abraham Lincoln,coin,NO,
ref_coin_type_435424,,One Dollar,,Morgan Dollars,1 Ounce - Morgan Dollar,coin,NO,
ref_coin_type_435586,,Half Dollar,,Hawaiian Kingdom Coinage,"50 Cents - NCO Open Mess (Hickam A.F.B., Hawaii)",coin,NO,
ref_coin_type_436003,,Five Cents,,Merchant & Local Tokens,25 Cents - AAFES Gift Certificate (10E25),coin,NO,
ref_coin_type_436020,,One Dime,,Merchant & Local Tokens,10 Cents - AAFES Gift Certificate (12A10),coin,NO,
ref_coin_type_436024,,One Dime,,Merchant & Local Tokens,10 Cents - AAFES Gift Certificate (12B10),coin,NO,
ref_coin_type_436028,,Five Cents,,Merchant & Local Tokens,25 Cents - AAFES Gift Certificate (12B25),coin,NO,
ref_coin_type_436030,,Five Cents,,Merchant & Local Tokens,5 Cents - AAFES Gift Certificate (10D5),coin,NO,
ref_coin_type_436045,,Five Cents,,Merchant & Local Tokens,25 Cents - AAFES Gift Certificate (11H25),coin,NO,
ref_coin_type_436329,,Five Cents,,Merchant & Local Tokens,25 Cents - AAFES Gift Certificate (8D25),coin,NO,
ref_coin_type_436330,,Five Cents,,Merchant & Local Tokens,25 Cents - AAFES Gift Certificate (12C25),coin,NO,
ref_coin_type_436331,,Five Cents,,Merchant & Local Tokens,25 Cents - AAFES Gift Certificate (10B25),coin,NO,
ref_coin_type_436968,,One Dollar,,Pre-Federal & Colonial Coinage,2 Vestindiske Dalere / 2 Dollars (St. Croix),coin,NO,
ref_coin_type_436970,,One Dollar,,Pre-Federal & Colonial Coinage,3 Vestindiske Dalere / 3 Dollars (St. Croix),coin,NO,
ref_coin_type_438876,,Half Dollar,,Early Commemorative Half Dollars,"50 Cents - Oregon Centennial (The Dalles, Oregon)",coin,NO,
ref_coin_type_438877,,Half Dollar,,Early Commemorative Half Dollars,"50 Cents - Oregon Centennial (John Day, Oregon)",coin,NO,
ref_coin_type_441163,,Quarter Dollar,,Washington Quarters (Classic),Mini Coin - Washington Quarter,coin,NO,
ref_coin_type_443655,,One Dollar,,Modern Commemorative Dollars,1 Dollar (Bullion Bank),coin,NO,
ref_coin_type_443986,,One Dollar,,Flowing Hair Coinage,1 Dollar (Flowing Hair),coin,NO,
ref_coin_type_444119,,Quarter Dollar,,Washington Quarters (Classic),"¼ Dollar ""Washington Quarter"" Block Island National Wildlife Refuge - Silver 5 oz",coin,NO,
ref_coin_type_444650,,Half Dollar,,Early Commemorative Half Dollars,"50 Cents - Bessemer Anniversary (Bessemer, Alabama)",coin,NO,
ref_coin_type_445198,,One Dollar,,Liberty Walking Half Dollars,½ Ounce - Money Metals Exchange (Walking Liberty),coin,NO,
ref_coin_type_44774,,One Dollar,,Morgan Dollars,1 Ounce - Morgan Dollar,coin,NO,
ref_coin_type_448329,,One Dollar,,Modern Commemorative Dollars,1 Dollar (State of Florida),coin,NO,
ref_coin_type_449607,,One Dollar,,Merchant & Local Tokens,So-Called Dollar - Christopher Columbus,coin,NO,
ref_coin_type_450788,,One Dime,,Hawaiian Kingdom Coinage,"10 Cents - NCO Open Mess (Hickam A.F.B., Hawaii)",coin,NO,
ref_coin_type_451568,,One Dollar,,Sacagawea & Native American Dollars,"1 Dollar ""Native American Dollar"" (Mary Kawena Pukui)",coin,NO,
ref_coin_type_454415,,Five Cents,,Washington Quarters (Classic),"25 Cents ""Washington Quarter"" (Ida B. Wells)",coin,NO,
ref_coin_type_455453,,One Dollar,,Modern Commemorative Dollars,1 Dollar (U.S. Marine Corps 250th Anniversary),coin,NO,
ref_coin_type_455459,,One Dime,,Merchant & Local Tokens,10 Cents - AAFES Gift Certificate (16E10),coin,NO,
ref_coin_type_455740,,Half Dollar,,Early Commemorative Half Dollars,"50 Cents - Bourbon County 175th Anniversary (Bourbon County, Kentucky)",coin,NO,
ref_coin_type_456812,,One Dollar,,Morgan Dollars,1 Ounce - Morgan Dollar,coin,NO,
ref_coin_type_456967,,One Dollar,,Liberty Walking Half Dollars,1 Ounce - Walking Liberty,coin,NO,
ref_coin_type_457565,,Five Cents,,Hawaiian Kingdom Coinage,"5 Cents - NCO Open Mess (Hickam A.F.B., Hawaii)",coin,NO,
ref_coin_type_458791,,Quarter Dollar,,Washington Quarters (Classic),"¼ Dollar ""Washington Quarter"" (Dr. Vera Rubin)",coin,NO,
ref_coin_type_458792,,Quarter Dollar,,Washington Quarters (Classic),"¼ Dollar ""Washington Quarter"" (Stacey Milbern)",coin,NO,
ref_coin_type_458793,,Quarter Dollar,,Washington Quarters (Classic),"¼ Dollar ""Washington Quarter"" (Althea Gibson)",coin,NO,
ref_coin_type_459055,,Quarter Dollar,,Washington Quarters (Classic),"¼ Dollar ""Washington Quarter"" (Juliette Gordon Low)",coin,NO,
ref_coin_type_459964,,Half Dollar,,Early Commemorative Half Dollars,½ Dollar (U.S. Marine Corps 250th Anniversary),coin,NO,
ref_coin_type_461683,,Quarter Dollar,,Washington Quarters (Classic),"¼ Dollar ""Washington Quarter"" (Cumberland Island National Seashore - Silver 5 oz Bullion)",coin,NO,
ref_coin_type_461685,,Quarter Dollar,,Washington Quarters (Classic),"¼ Dollar ""Washington Quarter"" (Tuskegee Airmen National Historic Site - Silver 5 oz Bullion)",coin,NO,
ref_coin_type_461687,,Quarter Dollar,,Washington Quarters (Classic),"¼ Dollar ""Washington Quarter"" (The Great Smoky Mountains - Silver 5 oz Bullion)",coin,NO,
ref_coin_type_461688,,Quarter Dollar,,Washington Quarters (Classic),"¼ Dollar ""Washington Quarter"" (Marsh-Billings-Rockefeller National Historical Park - Silver 5 oz Bullion)",coin,NO,
ref_coin_type_461767,,One Dollar,,Hawaiian Kingdom Coinage,1 Cove Dollar - Kalākaua,coin,NO,
ref_coin_type_461770,,One Dollar,,Flowing Hair Coinage,1 Dollar - Flowing Hair Dollar,coin,NO,
ref_coin_type_463542,,One Dollar,,Morgan Dollars,⅒ Ounce (Morgan Dollar),coin,NO,
ref_coin_type_463839,,One Dollar,,Modern Commemorative Dollars,1 Dollar (Harrisburg Bank - Pennsylvania),coin,NO,
ref_coin_type_464445,,One Dollar,,Modern Commemorative Dollars,50 State Dollars - Dolly Madison (North Carolina),coin,NO,
ref_coin_type_464658,,Quarter Dollar,,Liberty Head Coinage,"¼ Dollar (California Territorial Gold ""Liberty Head"")",coin,NO,
ref_coin_type_465059,,One Dollar,,Trade Dollars,"Trade Dollar - Golden Jubilee (Wolf Point, Montana)",coin,NO,
ref_coin_type_465438,,Five Cents,,Merchant & Local Tokens,25 Cents - AAFES Gift Certificate (16J25),coin,NO,
ref_coin_type_465440,,Five Cents,,Merchant & Local Tokens,25 Cents - AAFES Gift Certificate (15K25),coin,NO,
ref_coin_type_466361,,Quarter Dollar,,Washington Quarters (Classic),"¼ Dollar ""Washington Quarter"" (Dr. Vera Rubin)",coin,NO,
ref_coin_type_466362,,Quarter Dollar,,Washington Quarters (Classic),"¼ Dollar ""Washington Quarter"" (Juliette Gordon Low)",coin,NO,
ref_coin_type_466365,,Five Cents,,Washington Quarters (Classic),"25 Cents ""Washington Quarter"" (Ida B. Wells)",coin,NO,
ref_coin_type_466366,,Quarter Dollar,,Washington Quarters (Classic),"¼ Dollar ""Washington Quarter"" (Stacey Milbern)",coin,NO,
ref_coin_type_466367,,Quarter Dollar,,Washington Quarters (Classic),"¼ Dollar ""Washington Quarter"" (Althea Gibson)",coin,NO,
ref_coin_type_466762,,One Dollar,P,Franklin Half Dollars,"The Franklin Institute - Rocket (Philadelphia, Pennsylvania)",coin,NO,
ref_coin_type_466767,,One Dollar,,Liberty Walking Half Dollars,½ Pound - Walking Liberty,coin,NO,
ref_coin_type_467418,,One Dollar,,U.S. Pattern Coinage,2 Ounces - Intaglio Mint (Schoolgirl Dollar Pattern Tribute),coin,NO,
ref_coin_type_468479,,Half Dollar,,Early Commemorative Half Dollars,"50 Cents - Ida Centennial (Ida, Michigan)",coin,NO,
ref_coin_type_469440,,One Dollar,,Modern Commemorative Dollars,1 Dollar (The Plantation Bank),coin,NO,
ref_coin_type_470879,,One Dollar,,Morgan Dollars,¼ Ounce - Highland Mint (Morgan Dollar),coin,NO,
ref_coin_type_471301,,Quarter Dollar,,Washington Quarters (Classic),"1 Ounce - ""Washington Quarter"" (Yellowstone, Wyoming)",coin,NO,
ref_coin_type_471732,,One Dollar,,Modern Commemorative Dollars,1 Dollar (State of Louisiana),coin,NO,
ref_coin_type_473434,,One Dollar,,Modern Commemorative Dollars,1 Dollar (Greensboro Mutual),coin,NO,
ref_coin_type_474441,,Half Dollar,,Early Commemorative Half Dollars,"50 Cents - Carlyle Quasquicentennial (Carlyle, Illinois)",coin,NO,
ref_coin_type_474501,,One Dollar,,Modern Commemorative Dollars,1 Dollar (The City of Portsmouth),coin,NO,
ref_coin_type_474704,,Five Dollars,,Modern Commemorative Dollars,5 Dollars (250th Anniversary U.S. Marine Corps),coin,NO,
ref_coin_type_475085,,Twenty Dollars,S,Merchant & Local Tokens,"20 Dollars - Kellogg & Co. (San Francisco, California)",coin,NO,
ref_coin_type_475342,,One Dollar,,Presidential Dollars,Presidential Oath Dollar (Andrew Jackson),coin,NO,
ref_coin_type_475765,,Five Cents,,Merchant & Local Tokens,"25 Cents - Gantz & Kellogg Mercantile Co. (Bidwell, Iowa)",coin,NO,
ref_coin_type_476273,,One Dollar,,Modern Commemorative Dollars,"1 Dollar - Virginia City Centennial (Virginia City, Montana)",coin,NO,
ref_coin_type_476603,,One Cent,,U.S. Pattern Coinage,"1 Cent ""Flying Eagle"" (Large; Pattern)",coin,NO,
ref_coin_type_476610,,Half Cent,,U.S. Pattern Coinage,"½ Cent ""Braided Hair"" (Pattern; Cupronickel)",coin,NO,
ref_coin_type_476612,,One Dollar,,U.S. Pattern Coinage,"1 Dollar ""Flowing Hair"" (Copper pattern)",coin,NO,
ref_coin_type_476651,,Two and a Half Dollars,,U.S. Pattern Coinage,"2½ Dollars ""Draped Bust"" (Private restrike; pattern)",coin,NO,
ref_coin_type_476652,,One Cent,,U.S. Pattern Coinage,"1 Cent ""Draped Bust"" (Private restrike; pattern)",coin,NO,
ref_coin_type_476660,,Five Dollars,,U.S. Pattern Coinage,"5 Dollars ""Draped Bust"" (Private restrike; pattern)",coin,NO,
ref_coin_type_476722,,One Dollar,,Pre-Federal & Colonial Coinage,1 Farthing - Mark Newby,coin,NO,
ref_coin_type_477106,,Five Cents,,Merchant & Local Tokens,25 Cents - AAFES Gift Certificate (15L25),coin,NO,
ref_coin_type_477110,,Five Cents,,Merchant & Local Tokens,25 Cents - AAFES Gift Certificate (15G25),coin,NO,
ref_coin_type_477181,,One Dollar,,Draped Bust Coinage,1 Dollar - Draped Bust Dollar (Heraldic Eagle),coin,NO,
ref_coin_type_480804,,Half Dollar,,Early Commemorative Half Dollars,"50 Cents - Sesquicentennial (Shawneetown, Illinois)",coin,NO,
ref_coin_type_480805,,Half Dollar,,Early Commemorative Half Dollars,"½ Dollar - Lawrence County Sesquicentennial (Bedford, Indiana)",coin,NO,
ref_coin_type_480830,,One Dollar,,Modern Commemorative Dollars,"1 Dollar - Alaska Centennial (Juneau, Alaska)",coin,NO,
ref_coin_type_482580,,One Hundred Dollars,,Hawaiian Kingdom Coinage,100 Dollars - State of Hawaii,coin,NO,
ref_coin_type_483100,,Five Cents,,Jefferson Nickels,5 Cents - Jefferson Nickel,coin,NO,
ref_coin_type_483102,,One Dime,,Roosevelt Dimes,1 Dime - Roosevelt Dime,coin,NO,
ref_coin_type_483103,,Quarter Dollar,,Washington Quarters (Classic),¼ Dollar - Washington Quarter (Longer Feathers),coin,NO,
ref_coin_type_483180,,Quarter Dollar,,Merchant & Local Tokens,¼ Dollar - California Gold,coin,NO,
ref_coin_type_484050,,Half Dollar,,Franklin Half Dollars,"50 Cents (The Franklin Rail Road Co., Hagerstown Bank, Maryland)",coin,NO,
ref_coin_type_484376,,One Dollar,,Modern Commemorative Dollars,1 Dollar (The Erie & Kalamazoo Rail Road Bank - Michigan),coin,NO,
ref_coin_type_485738,,One Dollar,,Modern Commemorative Dollars,"1 Dollar - Centennial Souvenir (Klamath Falls, Oregon)",coin,NO,
ref_coin_type_485947,,One Dollar,,Modern Commemorative Dollars,1 Dollar (State of Alabama),coin,NO,
ref_coin_type_485999,,One Dollar,,Modern Commemorative Dollars,1 Dollar (State of Louisiana),coin,NO,
ref_coin_type_488995,,One Dollar,,Liberty Head Coinage,1 Dollar - Liberty Head Double Eagle,coin,NO,
ref_coin_type_48947,,One Dollar,,Washington,"1 Dollar ""Washington"" (Fun Coin)",coin,NO,
ref_coin_type_49747,,One Dollar,,Modern Commemorative Dollars,1 Dollar (Girl Scouts of the USA Centennial),coin,NO,
ref_coin_type_50680,,Half Dollar,,Early Commemorative Half Dollars,½ Dollar (Cleveland Centennial / Great Lakes Exposition),coin,NO,
ref_coin_type_508426,,One Dollar,,Sacagawea & Native American Dollars,"1 Dollar ""Sacagawea Dollar"" (25th Anniversary of the Sacagawea Dollar)",coin,NO,
ref_coin_type_508453,,Half Dollar,,Early Commemorative Half Dollars,"½ Dollar - Algonac Community Centennial (Algonac, Michigan)",coin,NO,
ref_coin_type_50933,,Half Dollar,S,Early Commemorative Half Dollars,½ Dollar (San Francisco - Oakland Bay Bridge),coin,NO,
ref_coin_type_516746,,Quarter Dollar,,Washington Quarters (Classic),¼ Dollar - Washington Quarter (Shorter Wings),coin,NO,
ref_coin_type_51838,,Five Dollars,,Modern Commemorative Dollars,5 Dollars (XXIV Olympics),coin,NO,
ref_coin_type_51848,,One Dollar,,Modern Commemorative Dollars,1 Dollar (Chief Justice John Marshall),coin,NO,
ref_coin_type_51959,,Half Dollar,,Early Commemorative Half Dollars,½ Dollar (Boone Bicentennial),coin,NO,
ref_coin_type_51963,,Half Dollar,,Early Commemorative Half Dollars,½ Dollar (Columbia Sesquicentennial),coin,NO,
ref_coin_type_524173,,One Cent,,Lincoln Cents,1 Cent - Lincoln Penny,coin,NO,
ref_coin_type_524174,,Five Cents,,Jefferson Nickels,5 Cents - Jefferson Nickel,coin,NO,
ref_coin_type_524176,,One Dime,,Roosevelt Dimes,1 Dime - Roosevelt Dime,coin,NO,
ref_coin_type_524179,,Quarter Dollar,,Washington Quarters (Classic),¼ Dollar - Washington Quarter (Delaware),coin,NO,
ref_coin_type_524182,,Quarter Dollar,,Washington Quarters (Classic),¼ Dollar - Washington Quarter (Pennsylvania),coin,NO,
ref_coin_type_52550,,One Dollar,,Pre-Federal & Colonial Coinage,Copper (Bust Right),coin,NO,
ref_coin_type_526991,,Twenty Dollars,,Modern Commemorative Dollars,20 Dollars (Rosa Parks),coin,NO,
ref_coin_type_528741,,Half Dollar,,Early Commemorative Half Dollars,"50 Cents - Evansville Sesquicentennial (Evansville, Indiana)",coin,NO,
ref_coin_type_531582,,Five Cents,,Jefferson Nickels,5 Cents - Jefferson Nickel (School Money),coin,NO,
ref_coin_type_531583,,One Dime,,Roosevelt Dimes,1 Dime - Roosevelt Dime (School Money),coin,NO,
ref_coin_type_531584,,Quarter Dollar,,Washington Quarters (Classic),¼ Dollar - Washington Quarter (School Money),coin,NO,
ref_coin_type_531585,,Half Dollar,,Kennedy Half Dollars,½ Dollar - Kennedy Half Dollar (School Money),coin,NO,
ref_coin_type_532648,,One Cent,,Lincoln Cents,"1 Cent ""Lincoln Cent"" (Gold Omega Cent)",coin,NO,
ref_coin_type_534747,,One Dollar,,Early Commemorative Half Dollars,1 Ounce - Columbian Exposition,coin,NO,
ref_coin_type_535121,,One Dollar,,Modern Commemorative Dollars,1 Dollar (After Hours Club),coin,NO,
ref_coin_type_537376,,Five Cents,,Jefferson Nickels,5 Cents,coin,NO,
ref_coin_type_537494,,Half Dollar,,Franklin Half Dollars,½ Dollar - Franklin Half (Moonlight Mint),coin,NO,
ref_coin_type_537926,,Half Dollar,,Early Commemorative Half Dollars,"Half Dollar - Attica Centennial (Fountain County, Indiana)",coin,NO,
ref_coin_type_538377,,Half Dollar,,Kennedy Half Dollars,1 Ounce - Kennedy Half Dollar,coin,NO,
ref_coin_type_538466,,One Dollar,,Presidential Dollars,One Million Dollars (Grover Cleveland),coin,NO,
ref_coin_type_539150,,Half Dollar,,Merchant & Local Tokens,½ Dollar - California gold (Bear),coin,NO,
ref_coin_type_541866,,One Dime,,Emerging Liberty Dimes,"1 Dime ""Emerging Liberty Dime""",coin,NO,
ref_coin_type_544295,,One Dollar,,Liberty Walking Half Dollars,½ Ounce - Regency Mint (Walking Liberty),coin,NO,
ref_coin_type_545387,,One Cent,,Lincoln Cents,"1 Cent - ""Lincoln Cent"" (Miniature)",coin,NO,
ref_coin_type_545401,,Five Cents,,Jefferson Nickels,"5 Cents - ""Jefferson Nickel""",coin,NO,
ref_coin_type_54742,,One Dollar,,Modern Commemorative Dollars,1 Dollar (US Capitol Visitor Center),coin,NO,
ref_coin_type_547503,,One Dollar,,Kennedy Half Dollars,1 Fare (Baltimorre Harbor Tunnel / Francis Scott Key Bridge / John F. Kennedy Memorial Highway),coin,NO,
ref_coin_type_550280,,Quarter Dollar,,Washington Quarters (Classic),¼ Dollar (Declaration of Independence),coin,NO,
ref_coin_type_550480,,Quarter Dollar,,Modern Commemorative Dollars,¼ Dollar (Constitution),coin,NO,
ref_coin_type_55092,,Two and a Half Dollars,,Classic Head Coinage,"2½ Dollars ""Classic Head, No Motto On Reverse - Quarter Eagle""",coin,NO,
ref_coin_type_55094,,One Dollar,,Modern Commemorative Dollars,1 Dollar (McKinley Birthplace Memorial),coin,NO,
ref_coin_type_55100,,One Dollar,,Modern Commemorative Dollars,1 Dollar (Grant Memorial),coin,NO,
ref_coin_type_55101,,Half Dollar,,Capped Bust Coinage,"50 Cents ""Capped Bust Half Dollar"" (Reeded edge)",coin,NO,
ref_coin_type_552445,,Quarter Dollar,,Modern Commemorative Dollars,¼ Dollar (Constitution; Silver),coin,NO,
ref_coin_type_552480,,One Dollar,,Sacagawea & Native American Dollars,"1 Dollar ""Native American Dollar"" (Oneida people's contributions at Valley Forge)",coin,NO,
ref_coin_type_552562,,Quarter Dollar,,Washington Quarters (Classic),"¼ Dollar - ""Washington Quarter""",coin,NO,
ref_coin_type_552563,,Half Dollar,,Kennedy Half Dollars,"½ Dollar - ""Kennedy Half Dollar""",coin,NO,
ref_coin_type_552564,,One Dollar,,Eisenhower Dollars,"1 Dollar - ""Eisenhower Dollar""",coin,NO,
ref_coin_type_553392,,Five Cents,,Modern Commemorative Dollars,25 Cents (Gettysburg Address; Silver),coin,NO,
ref_coin_type_554482,,Five Cents,,Jefferson Nickels,"5 Cents ""Jefferson Nickel"" (Semiquincentennial)",coin,NO,
ref_coin_type_554485,,One Cent,,Lincoln Cents,"1 Cent ""Lincoln Cent"" (Semiquincentennial)",coin,NO,
ref_coin_type_554991,,Four Dollars,,U.S. Pattern Coinage,4 Dollars,coin,NO,
ref_coin_type_555229,,Half Dollar,,Liberty Head Coinage,"½ Dollar (California Territorial Gold ""Round Liberty Head"")",coin,NO,
ref_coin_type_555231,,Half Dollar,,Liberty Head Coinage,"½ Dollar (California Territorial Gold ""Round Liberty Head"")",coin,NO,
ref_coin_type_555233,,Half Dollar,,Liberty Head Coinage,"½ Dollar (California Territorial Gold ""Octogonal Liberty Head"")",coin,NO,
ref_coin_type_555234,,Quarter Dollar,,Liberty Head Coinage,"¼ Dollar (California Territorial Gold ""Octogonal Liberty Head"")",coin,NO,
ref_coin_type_555235,,Quarter Dollar,,Liberty Head Coinage,"¼ Dollar (California Territorial Gold ""Octogonal Liberty Head"")",coin,NO,
ref_coin_type_555238,,Quarter Dollar,,Liberty Head Coinage,"¼ Dollar (California Territorial Gold ""Octogonal Liberty Head"")",coin,NO,
ref_coin_type_555607,,One Dime,,Mercury Dimes,"1 Dime ""Mercury Dime"" (Semiquincentennial)",coin,NO,
ref_coin_type_555609,,Quarter Dollar,,Modern Commemorative Dollars,"¼ Dollar ""Standing Liberty Quarter"" (Semiquincentennial)",coin,NO,
ref_coin_type_555611,,Half Dollar,,Liberty Walking Half Dollars,"½ Dollar ""Walking Liberty Half Dollar"" (Semiquincentennial)",coin,NO,
ref_coin_type_556184,,Quarter Dollar,,Washington Quarters (Classic),"¼ Dollar ""Washington Quarter"" (Mount Rushmore - Silver 5 oz. Bullion)",coin,NO,
ref_coin_type_557049,,One Dollar,,Modern Commemorative Dollars,1 Dollar (Sanford Bank - Maine),coin,NO,
ref_coin_type_557510,,One Dime,,Early Commemorative Half Dollars,10 Cents - Play Coin (Pilgrim),coin,NO,
ref_coin_type_557528,,One Dollar,,Modern Commemorative Dollars,1 Dollar (State of Mississippi),coin,NO,
ref_coin_type_557574,,One Cent,,Lincoln Cents,1 Cent - Lincoln Cent (Shield Reverse),coin,NO,
ref_coin_type_557587,,One Dime,,Roosevelt Dimes,"1 Dime - ""Roosevelt Dime""",coin,NO,
ref_coin_type_557589,,Quarter Dollar,,Washington Quarters (Classic),¼ Dollar - Washington Quarter,coin,NO,
ref_coin_type_56011,,Five Dollars,,American Buffalo,"25 Dollars ""American Buffalo"" (Gold Bullion Coinage)",coin,NO,
ref_coin_type_56369,,One Dollar,,Presidential Dollars,1 Dollar (Warren G. Harding),coin,NO,
ref_coin_type_56544,,Quarter Dollar,,Washington Quarters (Classic),"¼ Dollar ""Washington Quarter"" (Great Smoky Mountains, Tennessee)",coin,NO,
ref_coin_type_57071,,One Dollar,,Morgan Dollars,1 oz Copper (Golden State Mint - Morgan Dollar),coin,NO,
ref_coin_type_58358,,One Dollar,,Sacagawea & Native American Dollars,"1 Dollar ""Native American Dollar"" (Lewis and Clark Expedition)",coin,NO,
ref_coin_type_58480,,Quarter Dollar,,Washington Quarters (Classic),"¼ Dollar ""Washington Quarter"" (Great Sand Dunes, Colorado - Silver Proof)",coin,NO,
ref_coin_type_58485,,Quarter Dollar,,America the Beautiful Quarters (National Parks),"¼ Dollar ""Washington Quarter"" (Shenandoah National Park, Virginia - Silver Proof)",coin,NO,
ref_coin_type_58488,,Quarter Dollar,,America the Beautiful Quarters (National Parks),"¼ Dollar ""Washington Quarter"" (Great Smoky Mountains National Park, Tennessee - Silver Proof)",coin,NO,
ref_coin_type_58741,,Quarter Dollar,,America the Beautiful Quarters (National Parks),"¼ Dollar ""Washington Quarter"" (Shenandoah National Park, Virginia)",coin,NO,
ref_coin_type_58915,,One Dollar,,Modern Commemorative Dollars,1 Dollar (National Baseball Hall of Fame),coin,NO,
ref_coin_type_58916,,Half Dollar,,Modern Commemorative Dollars,½ Dollar (National Baseball Hall of Fame),coin,NO,
ref_coin_type_58935,,One Dollar,,Presidential Dollars,1 Dollar (Calvin Coolidge),coin,NO,
ref_coin_type_58944,,Quarter Dollar,,America the Beautiful Quarters (National Parks),"¼ Dollar ""Washington Quarter"" (Arches National Park, Utah)",coin,NO,
ref_coin_type_58945,,Quarter Dollar,,America the Beautiful Quarters (National Parks),"¼ Dollar ""Washington Quarter"" (Everglades National Park, Florida)",coin,NO,
ref_coin_type_58946,,Quarter Dollar,,Washington Quarters (Classic),"¼ Dollar ""Washington Quarter"" (Great Sand Dunes, Colorado)",coin,NO,
ref_coin_type_58949,,One Dollar,,Presidential Dollars,1 Dollar (Herbert Hoover),coin,NO,
ref_coin_type_58950,,One Dollar,,Franklin Half Dollars,1 Dollar (Franklin D. Roosevelt),coin,NO,
ref_coin_type_59549,,One Dollar,,Morgan Dollars,1 oz Copper (Morgan Dollar),coin,NO,
ref_coin_type_60637,,Twenty Dollars,,Liberty Head Coinage,"20 Dollars (Liberty Head - Double Eagle, No motto, Paquet reverse)",coin,NO,
ref_coin_type_62739,,One Dollar,,Modern Commemorative Dollars,1 Dollar (United States Army Commemorative),coin,NO,
ref_coin_type_62812,,Half Dollar,,Kennedy Half Dollars,½ Dollar (50th Anniversary of Kennedy Half Dollar: Gold Issue),coin,NO,
ref_coin_type_63876,,Half Dollar,,Early Commemorative Half Dollars,"50 Cents - Sault Ste. Marie, Michigan (Souvenir Tri Centennial Money)",coin,NO,
ref_coin_type_65331,,One Dollar,,Modern Commemorative Dollars,1 Dollar (Good for One Dollar in Trade),coin,NO,
ref_coin_type_66622,,Half Dollar,,Early Commemorative Half Dollars,½ Dollar (Delaware Tercentenary),coin,NO,
ref_coin_type_66831,,One Dollar,,Pre-Federal & Colonial Coinage,Copper,coin,NO,
ref_coin_type_67582,,Five Cents,,Merchant & Local Tokens,25 Cents - AAFES Gift Certificate (12J25),coin,NO,
ref_coin_type_67583,,One Dime,,Merchant & Local Tokens,10 Cents - AAFES Gift Certificate (11G10),coin,NO,
ref_coin_type_67584,,Five Cents,,Merchant & Local Tokens,5 Cents - AAFES Gift Certificate (10L5),coin,NO,
ref_coin_type_68380,,One Dollar,,Pre-Federal & Colonial Coinage,Copper (Bust Right),coin,NO,
ref_coin_type_69187,,One Dollar,,Modern Commemorative Dollars,1 Dollar (Jamestown 400th Anniversary),coin,NO,
ref_coin_type_69553,,One Dollar,,Modern Commemorative Dollars,1 Dollar (March of Dimes),coin,NO,
ref_coin_type_69631,,Quarter Dollar,,Washington Quarters (Classic),"¼ Dollar ""Washington Quarter"" (Homestead National Monument of America, Nebraska)",coin,NO,
ref_coin_type_69632,,Quarter Dollar,,Washington Quarters (Classic),"¼ Dollar ""Washington Quarter"" (Kisatchie National Forest, Louisiana)",coin,NO,
ref_coin_type_69633,,Quarter Dollar,,Washington Quarters (Classic),"¼ Dollar ""Washington Quarter"" (Blue Ridge Parkway, North Carolina)",coin,NO,
ref_coin_type_69634,,Quarter Dollar,,Washington Quarters (Classic),"¼ Dollar ""Washington Quarter"" (Bombay Hook National Wildlife Refuge, Delaware)",coin,NO,
ref_coin_type_69635,,Quarter Dollar,,Washington Quarters (Classic),"¼ Dollar ""Washington Quarter"" (Saratoga National Historical Park, New York)",coin,NO,
ref_coin_type_70034,,One Dollar,,Presidential Dollars,1 Dollar (Harry S. Truman),coin,NO,
ref_coin_type_70566,,Five Cents,,Merchant & Local Tokens,25 Cents - AAFES Gift Certificate (12F25),coin,NO,
ref_coin_type_70567,,Five Cents,,Merchant & Local Tokens,25 Cents - AAFES Gift Certificate (12K25),coin,NO,
ref_coin_type_70568,,Five Cents,,Merchant & Local Tokens,25 Cents - AAFES Gift Certificate (12G25),coin,NO,
ref_coin_type_70570,,Five Cents,,Merchant & Local Tokens,25 Cents - AAFES Gift Certificate (12L25),coin,NO,
ref_coin_type_71139,,One Dollar,,Sacagawea & Native American Dollars,"1 Dollar ""Native American Dollar"" (Mohawk Ironworkers)",coin,NO,
ref_coin_type_71535,,Half Dollar,,Early Commemorative Half Dollars,½ Dollar (U.S. Marshals Service 225th Anniversary),coin,NO,
ref_coin_type_71637,,One Dollar,,Modern Commemorative Dollars,1 Dollar (National Community Service),coin,NO,
ref_coin_type_71638,,Half Dollar,,Modern Commemorative Dollars,½ Dollar (United States Army),coin,NO,
ref_coin_type_71689,,One Dollar,,Modern Commemorative Dollars,1 Dollar (225th Anniversary of US Marshals Service),coin,NO,
ref_coin_type_72149,,One Dollar,,Peace Dollars,Double faced Peace Dollar,coin,NO,
ref_coin_type_72630,,One Dollar,,Eisenhower Dollars,1 Dollar (Dwight D. Eisenhower),coin,NO,
ref_coin_type_72631,,One Dollar,,Kennedy Half Dollars,1 Dollar (John F. Kennedy),coin,NO,
ref_coin_type_72632,,One Dollar,,Presidential Dollars,1 Dollar (Lyndon B. Johnson),coin,NO,
ref_coin_type_73606,,Half Dollar,,Early Commemorative Half Dollars,"50 Cents - Dakota Territory Centennial (Sioux Falls, South Dakota)",coin,NO,
ref_coin_type_73774,,Quarter Dollar,,America the Beautiful Quarters (National Parks),"¼ Dollar ""Washington Quarter"" (Olympic National Park - Silver 5 oz Bullion)",coin,NO,
ref_coin_type_73880,,Quarter Dollar,,Washington Quarters (Classic),"¼ Dollar ""Washington Quarter"" (Vicksburg National Military Park - Silver 5 oz Bullion)",coin,NO,
ref_coin_type_7400,,One Dollar,,Modern Commemorative Dollars,1 Dollar (Indian Head),coin,NO,
ref_coin_type_74128,,Quarter Dollar,,America the Beautiful Quarters (National Parks),"¼ Dollar ""Washington Quarter"" (Denali National Park and Preserve Alaska - Silver 5 oz Bullion)",coin,NO,
ref_coin_type_74129,,Quarter Dollar,,Washington Quarters (Classic),"¼ Dollar ""Washington Quarter"" (El Yunque National Forest Puerto Rico - Silver 5 oz Bullion)",coin,NO,
ref_coin_type_74405,,Quarter Dollar,,America the Beautiful Quarters (National Parks),"¼ Dollar ""Washington Quarter"" (Hawai'i Volcanoes National Park - Silver 5 oz Bullion)",coin,NO,
ref_coin_type_75753,,Quarter Dollar,,Washington Quarters (Classic),"¼ Dollar ""Washington Quarter"" (Kisatchie National Forest, Louisiana - Silver 5 oz Bullion)",coin,NO,
ref_coin_type_75754,,Quarter Dollar,,Washington Quarters (Classic),"¼ Dollar ""Washington Quarter"" (Blue Ridge Parkway, North Carolina - Silver 5 oz Bullion)",coin,NO,
ref_coin_type_76030,,Quarter Dollar,,Liberty Head Coinage,"¼ Dollar (California Territorial Gold ""Round Liberty Head"")",coin,NO,
ref_coin_type_77058,,Half Dollar,,Early Commemorative Half Dollars,½ Dollar (Missouri centennial),coin,NO,
ref_coin_type_77195,,One Dollar,,Trade Dollars,"1 Trade Dollar - Fallon County Bicentennial (Baker, Montana)",coin,NO,
ref_coin_type_78877,,Half Dollar,,Early Commemorative Half Dollars,½ Dollar (Fort Vancouver Centennial),coin,NO,
ref_coin_type_78897,,Half Dollar,,Early Commemorative Half Dollars,½ Dollar (Arkansas),coin,NO,
ref_coin_type_78898,,Half Dollar,,Early Commemorative Half Dollars,½ Dollar (Connecticut),coin,NO,
ref_coin_type_78899,,Half Dollar,,Early Commemorative Half Dollars,½ Dollar (Old Spanish Trail),coin,NO,
ref_coin_type_78944,,Half Dollar,,Early Commemorative Half Dollars,½ Dollar (Bridgeport),coin,NO,
ref_coin_type_78946,,Half Dollar,,Early Commemorative Half Dollars,½ Dollar (Cincinnati Music Center),coin,NO,
ref_coin_type_78983,,Half Dollar,,Early Commemorative Half Dollars,"½ Dollar (Lynchburg, Virginia Sesquicentennial)",coin,NO,
ref_coin_type_79009,,Half Dollar,,Early Commemorative Half Dollars,"½ Dollar (Providence, Rhode Island Tercentenary)",coin,NO,
ref_coin_type_79010,,Half Dollar,,Early Commemorative Half Dollars,½ Dollar (Roanoke Island),coin,NO,
ref_coin_type_79011,,Half Dollar,,Early Commemorative Half Dollars,½ Dollar (Arkansas Centennial),coin,NO,
ref_coin_type_79012,,Half Dollar,,Early Commemorative Half Dollars,½ Dollar (Wisconsin Territorial Centennial),coin,NO,
ref_coin_type_79013,,Half Dollar,,Early Commemorative Half Dollars,"½ Dollar (York County, Maine Tercentenary)",coin,NO,
ref_coin_type_79014,,Half Dollar,,Early Commemorative Half Dollars,½ Dollar (75th anniversary of the Battle of Antietam),coin,NO,
ref_coin_type_79017,,Half Dollar,,Early Commemorative Half Dollars,½ Dollar (New Rochelle),coin,NO,
ref_coin_type_79911,,One Hundred Dollars,,American Liberty High Relief Gold,"100 Dollars (""American Liberty High Relief Gold"")",coin,NO,
ref_coin_type_81818,,One Dollar,,Pre-Federal & Colonial Coinage,5 Centimes - Napoleon I (Nouvelle France),coin,NO,
ref_coin_type_81898,,Quarter Dollar,,Washington Quarters (Classic),"¼ Dollar ""Washington Quarter"" (Bombay Hook National Wildlife Refuge, Delaware - Silver 5 oz Bullion)",coin,NO,
ref_coin_type_82954,,Quarter Dollar,,Washington Quarters (Classic),"¼ Dollar ""Washington Quarter"" (Saratoga National Historical Park, New York - Silver 5 oz Bullion)",coin,NO,
ref_coin_type_83268,,Quarter Dollar,,Washington Quarters (Classic),"¼ Dollar ""Washington Quarter"" (Blue Ridge Parkway, North Carolina - Silver Proof)",coin,NO,
ref_coin_type_83269,,Quarter Dollar,,Washington Quarters (Classic),"¼ Dollar ""Washington Quarter"" (Bombay Hook National Wildlife Refuge, Delaware - Silver Proof)",coin,NO,
ref_coin_type_83270,,Quarter Dollar,,Washington Quarters (Classic),"¼ Dollar ""Washington Quarter"" (Homestead National Monument of America, Nebraska - Silver proof)",coin,NO,
ref_coin_type_83271,,Quarter Dollar,,Washington Quarters (Classic),"¼ Dollar ""Washington Quarter"" (Kisatchie National Forest, Louisiana - Silver Proof)",coin,NO,
ref_coin_type_83272,,Quarter Dollar,,Washington Quarters (Classic),"¼ Dollar ""Washington Quarter"" (Saratoga National Historical Park, New York - Silver Proof)",coin,NO,
ref_coin_type_83293,,One Dollar,,Sacagawea & Native American Dollars,"1 Dollar ""Native American Dollar"" (Code Talkers from both WWI and WWII)",coin,NO,
ref_coin_type_83814,,One Dollar,,Trade Dollars,Trade Dollar - Matanuska Valley (30th Anniversary of Matanuska Valley),coin,NO,
ref_coin_type_83826,,One Dollar,,Modern Commemorative Dollars,1 Dollar (Richard M. Nixon),coin,NO,
ref_coin_type_83827,,One Dollar,,Presidential Dollars,1 Dollar (Gerald R. Ford),coin,NO,
ref_coin_type_83828,,One Dollar,,Presidential Dollars,1 Dollar (Ronald Reagan),coin,NO,
ref_coin_type_83830,,Quarter Dollar,,Washington Quarters (Classic),"¼ Dollar ""Washington Quarter"" (Cumberland Gap National Historical Park, Kentucky)",coin,NO,
ref_coin_type_83832,,Quarter Dollar,,Washington Quarters (Classic),"¼ Dollar ""Washington Quarter"" (Harpers Ferry National Historical Park, West Virginia)",coin,NO,
ref_coin_type_83834,,Quarter Dollar,,America the Beautiful Quarters (National Parks),"¼ Dollar ""Washington Quarter"" (Theodore Roosevelt National Park, North Dakota)",coin,NO,
ref_coin_type_83837,,Quarter Dollar,,Washington Quarters (Classic),"¼ Dollar ""Washington Quarter"" (Fort Moultrie at Fort Sumter National Monument, South Carolina)",coin,NO,
ref_coin_type_84527,,Five Dollars,,Modern Commemorative Dollars,5 Dollars (Mark Twain),coin,NO,
ref_coin_type_84530,,One Dollar,,Modern Commemorative Dollars,1 Dollar (Mark Twain),coin,NO,
ref_coin_type_84531,,Quarter Dollar,,Washington Quarters (Classic),"¼ Dollar ""Washington Quarter"" (Shawnee National Forest- Silver 5 oz Bullion)",coin,NO,
ref_coin_type_84533,,Quarter Dollar,,Washington Quarters (Classic),"¼ Dollar ""Washington Quarter"" (Shawnee National Forest, Illinois)",coin,NO,
ref_coin_type_84559,,One Dollar,,Liberty Walking Half Dollars,⅒ oz Silver (Walking Liberty),coin,NO,
ref_coin_type_84960,,Half Dollar,,Modern Commemorative Dollars,½ Dollar - Olympic Sprinter,coin,NO,
ref_coin_type_85238,,One Dollar,,Pre-Federal & Colonial Coinage,3 Pence - Standish Barry,coin,NO,
ref_coin_type_85496,,Ten Dollars,,American Platinum Eagle,"10 Dollars ""American Platinum Eagle"" (Bullion Coinage North West)",coin,NO,
ref_coin_type_85538,,Ten Dollars,,American Platinum Eagle,"10 Dollars "" American Platinum Eagle"" (Bullion Coinage)",coin,NO,
ref_coin_type_85579,,Quarter Dollar,,America the Beautiful Quarters (National Parks),"¼ Dollar ""Washington Quarter"" (Hot Springs National Park - Silver 5 oz Bullion)",coin,NO,
ref_coin_type_85745,,One Dollar,,Pre-Federal & Colonial Coinage,Continental Dollar (Restrikes),coin,NO,
ref_coin_type_85963,,One Dollar,,Morgan Dollars,1 Ounce - Osborne Mint (Morgan Dollar),coin,NO,
ref_coin_type_86039,,Five Dollars,,Merchant & Local Tokens,5 Dollars - C. Bechtler,coin,NO,
ref_coin_type_86517,,One Dime,,Mercury Dimes,1 Dime (Mercury Dime Gold Commemorative),coin,NO,
ref_coin_type_88021,,Five Cents,,Hawaiian Kingdom Coinage,25 Cents - Maui Skate Palace (Hawaii),coin,NO,
ref_coin_type_89170,,Quarter Dollar,,America the Beautiful Quarters (National Parks),"¼ Dollar - ""Washington Quarter"" (Arches National Park - Silver 5 oz Bullion)",coin,NO,
ref_coin_type_89833,,Five Cents,,Washington Quarters (Classic),25 Cents,coin,NO,
ref_coin_type_90486,,Quarter Dollar,,America the Beautiful Quarters (National Parks),"¼ Dollar ""Washington Quarter"" (Cumberland Gap National Park - Silver 5 oz Bullion)",coin,NO,
ref_coin_type_90488,,Quarter Dollar,,Washington Quarters (Classic),"¼ Dollar ""Washington Quarter"" (Harpers Ferry National Historical Park - Silver 5 oz Bullion)",coin,NO,
ref_coin_type_90493,,Quarter Dollar,,Washington Quarters (Classic),"¼ Dollar ""Washington Quarter"" (Homestead National Monument of America, Nebraska - Silver 5 oz Bullion)",coin,NO,
ref_coin_type_90503,,Quarter Dollar,,America the Beautiful Quarters (National Parks),"¼ Dollar ""Washington Quarter"" (Grand Canyon National Park - Silver 5 oz Bullion)",coin,NO,
ref_coin_type_90504,,Quarter Dollar,,America the Beautiful Quarters (National Parks),"¼ Dollar ""Washington Quarter"" (Yosemite National Park - Silver 5 oz Bullion)",coin,NO,
ref_coin_type_90505,,Quarter Dollar,,America the Beautiful Quarters (National Parks),"¼ Dollar ""Washington Quarter"" (Mount Hood National Park - Silver 5 oz Bullion)",coin,NO,
ref_coin_type_90513,,Quarter Dollar,,America the Beautiful Quarters (National Parks),"¼ Dollar ""Washington Quarter"" (Yellowstone National Park - Silver 5 oz Bullion)",coin,NO,
ref_coin_type_90544,,Five Dollars,S,Modern Commemorative Dollars,5 Dollars (San Francisco Old Mint Centennial),coin,NO,
ref_coin_type_90589,,Five Dollars,,Modern Commemorative Dollars,5 Dollars (America's Cup),coin,NO,
ref_coin_type_90912,,One Dollar,,America the Beautiful Quarters (National Parks),1 Dollar (100th Anniversary of the National Park Service),coin,NO,
ref_coin_type_90913,,Half Dollar,,America the Beautiful Quarters (National Parks),½ Dollar (100th Anniversary of the National Park Service),coin,NO,
ref_coin_type_91256,,One Hundred Dollars,,Modern Commemorative Dollars,100 Dollars (America’s Cup),coin,NO,
ref_coin_type_92052,,Half Cent,,Hawaiian Kingdom Coinage,12½ Cents - Kahului and Wailuku Railroad,coin,NO,
ref_coin_type_92466,,Quarter Dollar,,Modern Commemorative Dollars,¼ Dollar (Standing Liberty Quarter Centennial; Gold),coin,NO,
ref_coin_type_92508,,Five Dollars,,Presidential Dollars,5 Dollars (George Washington Death Bicentennial),coin,NO,
ref_coin_type_92510,,Five Dollars,,Modern Commemorative Dollars,5 Dollars (Statue of Liberty Centennial),coin,NO,
ref_coin_type_92512,,Five Dollars,,Modern Commemorative Dollars,5 Dollars (Congress Bicentennial),coin,NO,
ref_coin_type_92513,,Five Dollars,,Modern Commemorative Dollars,5 Dollars (Mount Rushmore Golden Anniversary),coin,NO,
ref_coin_type_92517,,Five Dollars,,Modern Commemorative Dollars,5 Dollars (XXV Olympic Games),coin,NO,
ref_coin_type_92520,,Five Dollars,,Modern Commemorative Dollars,5 Dollars (Christopher Columbus Quincentenary),coin,NO,
ref_coin_type_92525,,Five Dollars,,Modern Commemorative Dollars,5 Dollars (Bill of Rights),coin,NO,
ref_coin_type_92555,,Five Dollars,,Modern Commemorative Dollars,5 Dollars (50th Anniversary Of World War II),coin,NO,
ref_coin_type_92574,,Five Dollars,,Modern Commemorative Dollars,5 Dollars (World Cup Tournament),coin,NO,
ref_coin_type_92576,,Five Dollars,,Civil War Tokens,5 Dollars (Civil War Battlefield Preservation),coin,NO,
ref_coin_type_92690,,Five Dollars,,Modern Commemorative Dollars,5 Dollars (XXVI Olympiad Torch Runner),coin,NO,
ref_coin_type_92707,,Five Dollars,,Modern Commemorative Dollars,5 Dollars (XXVI Olympiad Stadium),coin,NO,
ref_coin_type_92710,,Five Dollars,,Modern Commemorative Dollars,5 Dollars (XXVI Olympiad Cauldron),coin,NO,
ref_coin_type_92711,,Five Dollars,,Modern Commemorative Dollars,5 Dollars (XXVI Olympiad Flag Bearer),coin,NO,
ref_coin_type_92808,,Five Dollars,,Modern Commemorative Dollars,5 Dollars (Smithsonian Institution 150th Anniversary),coin,NO,
ref_coin_type_92884,,Five Dollars,,Modern Commemorative Dollars,5 Dollars (Jackie Robinson),coin,NO,
ref_coin_type_92911,,Five Dollars,,Franklin Half Dollars,5 Dollars (Franklin Delano Roosevelt),coin,NO,
ref_coin_type_92924,,Five Dollars,,Modern Commemorative Dollars,5 Dollars (U.S. Capitol Visitor Center),coin,NO,
ref_coin_type_92996,,Five Dollars,,Modern Commemorative Dollars,5 Dollars (Salt Lake Olympic Winter Games),coin,NO,
ref_coin_type_92997,,Ten Dollars,,Modern Commemorative Dollars,10 Dollars (First Flight Centennial),coin,NO,
ref_coin_type_93109,,Five Dollars,,Modern Commemorative Dollars,5 Dollars (Jamestown 400th Anniversary),coin,NO,
ref_coin_type_93138,,Five Dollars,,Modern Commemorative Dollars,5 Dollars (Bald Eagle Recovery and National Emblem),coin,NO,
ref_coin_type_93272,,Five Dollars,,Modern Commemorative Dollars,5 Dollars (5 Star Generals),coin,NO,
ref_coin_type_93274,,Five Dollars,,Modern Commemorative Dollars,5 Dollars (US Marshals Service 225th Anniversary),coin,NO,
ref_coin_type_93347,,Ten Dollars,,Modern Commemorative Dollars,10 Dollars (Eliza Johnson; Bullion Coinage),coin,NO,
ref_coin_type_93448,,Ten Dollars,,First Spouse Gold Coins,10 Dollars (Lucy Hayes; Bullion Coinage),coin,NO,
ref_coin_type_93521,,Ten Dollars,,First Spouse Gold Coins,10 Dollars (Lucretia Garfield; Bullion Coinage),coin,NO,
ref_coin_type_93617,,Ten Dollars,,First Spouse Gold Coins,10 Dollars (Alice Paul; Bullion Coinage),coin,NO,
ref_coin_type_93701,,Ten Dollars,,First Spouse Gold Coins,10 Dollars (Frances Cleveland (First Term); Bullion Coinage),coin,NO,
ref_coin_type_93744,,Ten Dollars,,First Spouse Gold Coins,10 Dollars (Caroline Harrison; Bullion Coinage),coin,NO,
ref_coin_type_93839,,Ten Dollars,,First Spouse Gold Coins,10 Dollars (Frances Cleveland (Second Term); Bullion Coinage),coin,NO,
ref_coin_type_95200,,Ten Dollars,,First Spouse Gold Coins,10 Dollars (Ida McKinley; Bullion Coinage),coin,NO,
ref_coin_type_95230,,Ten Dollars,,First Spouse Gold Coins,10 Dollars (Edith Roosevelt; Bullion Coinage),coin,NO,
ref_coin_type_95249,,Ten Dollars,,First Spouse Gold Coins,10 Dollars (Ellen Wilson; Bullion Coinage),coin,NO,
ref_coin_type_95257,,Ten Dollars,,Modern Commemorative Dollars,10 Dollars (Edith Wilson; Bullion Coinage),coin,NO,
ref_coin_type_95283,,Ten Dollars,,First Spouse Gold Coins,10 Dollars (Florence Harding; Bullion Coinage),coin,NO,
ref_coin_type_95298,,Ten Dollars,,First Spouse Gold Coins,10 Dollars (Grace Coolidge; Bullion Coinage),coin,NO,
ref_coin_type_95330,,Ten Dollars,,Modern Commemorative Dollars,10 Dollars (Lou Hoover; Bullion Coinage),coin,NO,
ref_coin_type_95881,,One Dollar,,Modern Commemorative Dollars,So-Called-Dollar - Toledo Centennial,coin,NO,
ref_coin_type_96228,,Ten Dollars,,Bess,"10 Dollars (Elizabeth ""Bess"" Truman; Bullion Coinage)",coin,NO,
ref_coin_type_96344,,Ten Dollars,,First Spouse Gold Coins,10 Dollars (Jacqueline Kennedy; Bullion Coinage),coin,NO,
ref_coin_type_96363,,One Dollar,,Morgan Dollars,1 oz Copper (Morgan Dollar),coin,NO,
ref_coin_type_96397,,One Dollar,,Trade Dollars,1 oz Copper (Trade Dollar),coin,NO,
ref_coin_type_96402,,Ten Dollars,,Lady Bird,"10 Dollars (Claudia Taylor ""Lady Bird"" Johnson; Bullion Coinage)",coin,NO,
ref_coin_type_96427,,Quarter Dollar,,America the Beautiful Quarters (National Parks),"¼ Dollar ""Washington Quarter"" (Theodore Roosevelt National Park, North Dakota - Silver Proof)",coin,NO,
ref_coin_type_96560,,Ten Dollars,,First Spouse Gold Coins,10 Dollars (Patricia Nixon; Bullion Coinage),coin,NO,
ref_coin_type_96583,,Ten Dollars,,First Spouse Gold Coins,10 Dollars (Betty Ford; Bullion Coinage),coin,NO,
ref_coin_type_96628,,Ten Dollars,,First Spouse Gold Coins,10 Dollars (Nancy Reagan; Bullion Coinage),coin,NO,
ref_coin_type_96640,,Five Dollars,,American Buffalo,"5 Dollars ""American Buffalo"" (Gold Bullion Coinage)",coin,NO,
ref_coin_type_96693,,Ten Dollars,,American Buffalo,"10 Dollars ""American Buffalo"" (Gold Bullion Coinage)",coin,NO,
ref_coin_type_96733,,Half Dollar,,Liberty Walking Half Dollars,½ Dollar (Walking Liberty Half Centennial; Gold),coin,NO,
ref_coin_type_96850,,One Dollar,,Early Commemorative Half Dollars,Pilgrim Dollar,coin,NO,
ref_coin_type_98003,,One Dollar,,Modern Commemorative Dollars,1 Dollar (NORFED Liberty Dollar),coin,NO,
ref_coin_type_98004,,One Dollar,,Peace Dollars,1 Dollar (NORFED Peace Dollar),coin,NO,
ref_coin_type_98096,,Five Dollars,,America the Beautiful Quarters (National Parks),5 Dollars (National Park Service),coin,NO,
ref_coin_type_98859,,Fifty Dollars,,Modern Commemorative Dollars,50 Dollars - Montana Centennial,coin,NO,
ref_coin_type_99696,,Quarter Dollar,,Washington Quarters (Classic),"¼ Dollar ""Washington Quarter"" (Effigy Mounds National Monument, Iowa)",coin,NO,
ref_coin_type_99697,,Quarter Dollar,,Washington Quarters (Classic),"¼ Dollar ""Washington Quarter"" (Frederick Douglass National Historic Site, District of Columbia)",coin,NO,
ref_coin_type_99698,,Quarter Dollar,,Washington Quarters (Classic),"¼ Dollar ""Washington Quarter"" (Ozark National Scenic Riverways, Missouri)",coin,NO,
ref_coin_type_99699,,Quarter Dollar,,Washington Quarters (Classic),"¼ Dollar ""Washington Quarter"" (Ellis Island (Statue of Liberty National Monument), New Jersey)",coin,NO,
ref_coin_type_99700,,Quarter Dollar,,Washington Quarters (Classic),"¼ Dollar ""Washington Quarter"" (George Rogers Clark National Historical Park, Indiana)",coin,NO,
ref_coin_type_99708,,One Dollar,,Sacagawea & Native American Dollars,"1 Dollar ""Native American Dollar"" (Sequoyah of the Cherokee Nation)",coin,NO,
ref_coin_type_348760,1737,One Dollar,,Pre-Federal & Colonial Coinage,3 Pence - Higley Copper (With Wheel),coin,NO,
ref_coin_type_413959,1776,One Dollar,,Pre-Federal & Colonial Coinage,⅔ Dollar,coin,NO,
ref_coin_type_45669,1783,One Dollar,,U.S. Pattern Coinage,1000 Units - Nova Constellatio (Pattern),coin,NO,
ref_coin_type_23012,1787,One Cent,,U.S. Pattern Coinage,"1 Cent ""Fugio Cent""",coin,NO,
ref_coin_type_45705,1787,One Dollar,,Pre-Federal & Colonial Coinage,Copper (Baby Head Bust Right),coin,NO,
ref_coin_type_226527,1788,One Dollar,,Pre-Federal & Colonial Coinage,1788 Dollars (New York State),coin,NO,
ref_coin_type_182803,1789,One Dollar,,Pre-Federal & Colonial Coinage,4 Reales - Charles III (Ascension of Charles III to the throne),coin,NO,
ref_coin_type_338677,1791,One Cent,,Pre-Federal & Colonial Coinage,1 Cent (Large Eagle),coin,NO,
ref_coin_type_102968,1792,Five Cents,,U.S. Pattern Coinage,"5 Cents ""1792 Half Disme"" (Pattern; copper)",coin,NO,
ref_coin_type_102971,1792,One Dime,,U.S. Pattern Coinage,"10 Cents ""1792 Disme"" (Pattern; copper)",coin,NO,
ref_coin_type_102975,1792,Five Cents,,U.S. Pattern Coinage,"25 Cents ""1792 Quarter Dollar"" (Pattern; copper)",coin,NO,
ref_coin_type_23011,1792,One Cent,,U.S. Pattern Coinage,"1 Cent ""1792 Silver Center and Copper"" (Pattern)",coin,NO,
ref_coin_type_254067,1792,One Dime,,U.S. Pattern Coinage,"10 Cents ""1792 Disme"" (Pattern; silver)",coin,NO,
ref_coin_type_25428,1792,Five Cents,,Half Disme,"5 Cents ""Half Disme""",coin,NO,
ref_coin_type_262187,1792,Five Cents,,U.S. Pattern Coinage,"25 Cents ""1792 Quarter Dollar"" (Pattern; white metal)",coin,NO,
ref_coin_type_262188,1792,Five Cents,,U.S. Pattern Coinage,"5 Cents ""1792 Half Disme"" (Pattern; silver)",coin,NO,
ref_coin_type_476598,1792,One Cent,,U.S. Pattern Coinage,"1792 ""ONE CENT"" (Without BIRCH; pattern)",coin,NO,
ref_coin_type_84528,1792,One Cent,,U.S. Pattern Coinage,"1 Cent ""1792 Birch Cent"" (Pattern)",coin,NO,
ref_coin_type_160816,1793,Half Cent,,Classic Head Coinage,½ Cent,coin,NO,
ref_coin_type_23468,1793,One Cent,,Liberty Cap Cents,"1 Cent ""Liberty Cap Cent""",coin,NO,
ref_coin_type_24558,1793,One Cent,,Flowing Hair Coinage,"1 Cent ""Flowing Hair Cent"" (Wreath reverse)",coin,NO,
ref_coin_type_24559,1793,One Cent,,Flowing Hair Coinage,"1 Cent ""Flowing Hair Cent"" (Chain reverse)",coin,NO,
ref_coin_type_30315,1793,Half Cent,,Classic Head Coinage,½ Cent,coin,NO,
ref_coin_type_102979,1794,Five Cents,,U.S. Pattern Coinage,"5 Cents ""1794 Half Dime"" (Pattern)",coin,NO,
ref_coin_type_25314,1794,Five Cents,,Flowing Hair Coinage,"5 Cents ""Flowing Hair Half Dime""",coin,NO,
ref_coin_type_30316,1794,Half Dollar,,Flowing Hair Coinage,"½ Dollar ""Flowing Hair Half Dollar"" (small eagle)",coin,NO,
ref_coin_type_30317,1794,One Dollar,,Flowing Hair Coinage,"1 Dollar ""Flowing Hair Dollar""",coin,NO,
ref_coin_type_361823,1794,One Dollar,,Flowing Hair Coinage,Silver (Flowing Hair Dollar 1794),coin,NO,
ref_coin_type_102980,1795,One Cent,,U.S. Pattern Coinage,"1 Cent ""1795 Liberty Cap"" (Pattern)",coin,NO,
ref_coin_type_102981,1795,Five Dollars,,U.S. Pattern Coinage,"5 Dollars ""1795 Half Eagle"" (Pattern)",coin,NO,
ref_coin_type_10355,1795,One Dollar,,Draped Bust Coinage,"1 Dollar ""Draped Bust Dollar"" (small eagle)",coin,NO,
ref_coin_type_25381,1795,Five Dollars,,Draped Bust Coinage,"5 Dollars ""Draped Bust"" (Small Eagle)",coin,NO,
ref_coin_type_25382,1795,Ten Dollars,,Capped Bust Coinage,10 Dollars (Liberty Cap / Small Eagle),coin,NO,
ref_coin_type_25383,1795,Five Dollars,,Liberty Cap,"5 Dollars ""Liberty Cap"" (Heraldic Eagle)",coin,NO,
ref_coin_type_294052,1795,One Dollar,,Flowing Hair Coinage,1 oz Copper (Flowing Hair Dollar 1795),coin,NO,
ref_coin_type_16940,1796,One Cent,,Draped Bust Coinage,"1 Cent ""Draped Bust Cent""",coin,NO,
ref_coin_type_30319,1796,Half Dime,,Draped Bust Coinage,"½ Dime ""Draped Bust Half Dime"" (small eagle)",coin,NO,
ref_coin_type_30320,1796,One Dime,,Draped Bust Coinage,"1 Dime ""Draped Bust Dime"" (small eagle)",coin,NO,
ref_coin_type_30321,1796,Quarter Dollar,,Draped Bust Coinage,"¼ Dollar ""Draped Bust Quarter"" (small eagle)",coin,NO,
ref_coin_type_30322,1796,Half Dollar,,Draped Bust Coinage,"½ Dollar ""Draped Bust Half Dollar"" (small eagle)",coin,NO,
ref_coin_type_30323,1796,Two and a Half Dollars,,Capped Bust Coinage,"2½ Dollars ""Capped Bust to Right - Quarter Eagle""",coin,NO,
ref_coin_type_102982,1797,Five Dollars,,U.S. Pattern Coinage,"5 Dollars ""1797 Half Eagle"" (Pattern)",coin,NO,
ref_coin_type_25384,1797,Ten Dollars,,Capped Bust Coinage,10 Dollars (Liberty Cap / Heraldic Eagle),coin,NO,
ref_coin_type_23359,1798,One Dollar,,Draped Bust Coinage,"1 Dollar ""Draped Bust Dollar"" (Heraldic eagle)",coin,NO,
ref_coin_type_30340,1798,One Dime,,Draped Bust Coinage,"1 Dime ""Draped Bust Dime"" (Heraldic eagle)",coin,NO,
ref_coin_type_16948,1800,Half Cent,,Draped Bust Coinage,"½ Cent ""Draped Bust - Half Cent""",coin,NO,
ref_coin_type_30341,1800,Half Dime,,Draped Bust Coinage,"½ Dime ""Draped Bust Half Dime"" (Heraldic eagle)",coin,NO,
ref_coin_type_30053,1801,Half Dollar,,Draped Bust Coinage,"½ Dollar ""Draped Bust Half Dollar"" (Heraldic eagle)",coin,NO,
ref_coin_type_30701,1804,Five Cents,,Draped Bust Coinage,"25 Cents ""Draped Bust Quarter""",coin,NO,
ref_coin_type_476658,1804,Five Dollars,,U.S. Pattern Coinage,"5 Dollars ""Draped Bust"" (1804 pattern; white metal)",coin,NO,
ref_coin_type_67343,1804,One Dollar,,Draped Bust Coinage,2 oz Silver (America's Rarest Coins - Draped Bust Dollar 1804),coin,NO,
ref_coin_type_476680,1805,Five Dollars,,U.S. Pattern Coinage,"5 Dollars ""Draped Bust"" (1805 pattern; silver)",coin,NO,
ref_coin_type_476682,1805,Five Dollars,,U.S. Pattern Coinage,"5 Dollars ""Draped Bust"" (1805 private restrike; pattern)",coin,NO,
ref_coin_type_10637,1807,Half Dollar,,Capped Bust Coinage,"50 Cents / ½ Dollar ""Capped Bust Half Dollar""",coin,NO,
ref_coin_type_40772,1807,Five Dollars,,Draped Bust Coinage,"5 Dollars (Capped, Draped Bust)",coin,NO,
ref_coin_type_16947,1808,One Cent,,Classic Head Coinage,"1 Cent ""Capped Bust - Classic Head Cent""",coin,NO,
ref_coin_type_30703,1808,Two and a Half Dollars,,Capped Head - Quarter Eagle,"2½ Dollars ""Capped Head - Quarter Eagle""",coin,NO,
ref_coin_type_30779,1808,Two and a Half Dollars,,Capped Head - Quarter Eagle,"2½ Dollars ""Capped Head - Quarter Eagle""",coin,NO,
ref_coin_type_30780,1808,Two and a Half Dollars,,Capped Head - Quarter Eagle,"2½ Dollars ""Capped Head - Quarter Eagle""",coin,NO,
ref_coin_type_30704,1809,Half Cent,,Classic Head Coinage,"½ Cent ""Classic Head Half Cent""",coin,NO,
ref_coin_type_476683,1810,One Cent,,U.S. Pattern Coinage,"1 Cent ""Capped Bust - Classic Head Cent"" (1810 tin restrike; pattern)",coin,NO,
ref_coin_type_40775,1813,Five Dollars,,Capped Bust Coinage,5 Dollars (Capped Bust),coin,NO,
ref_coin_type_102985,1814,Half Dollar,,U.S. Pattern Coinage,"½ Dollar ""1814 Half Dollar"" (Pattern)",coin,NO,
ref_coin_type_14203,1816,One Cent,,Liberty Head / Matron Head,"1 Cent ""Liberty Head / Matron Head"" (Type 1)",coin,NO,
ref_coin_type_121951,1825,One Dollar,,Merchant & Local Tokens,First So-Called Dollar - Erie Canal Completion,coin,NO,
ref_coin_type_102987,1827,Five Cents,,U.S. Pattern Coinage,"25 Cents ""1827 Quarter Dollar"" (Pattern)",coin,NO,
ref_coin_type_11135,1829,Five Cents,,Liberty Cap Half Dimes,"5 Cents ""Liberty Cap Half Dime""",coin,NO,
ref_coin_type_383345,1830,Two and a Half Dollars,,Merchant & Local Tokens,2½ Dollars - Templeton Reid,coin,NO,
ref_coin_type_40781,1834,Five Dollars,,Classic Head Coinage,5 Dollars (Classic Head),coin,NO,
ref_coin_type_19856,1835,One Cent,,Liberty Head / Matron Head Modified,"1 Cent ""Liberty Head / Matron Head Modified"" (Type 2 Young Head)",coin,NO,
ref_coin_type_102989,1836,Two Cents,,U.S. Pattern Coinage,"2 Cents ""1836"" (Pattern; white metal)",coin,NO,
ref_coin_type_135902,1836,One Dollar,,U.S. Pattern Coinage,"1 Dollar ""1836 Gobrecht Dollar"" (Pattern; silver)",coin,NO,
ref_coin_type_135904,1836,One Dollar,,U.S. Pattern Coinage,"1 Dollar ""1836 Gobrecht Dollar"" (Pattern; silver)",coin,NO,
ref_coin_type_22797,1836,One Dollar,,Gobrecht Dollars,"1 Dollar ""Gobrecht Dollar""",coin,NO,
ref_coin_type_22798,1836,One Dollar,,Gobrecht Dollars,"1 Dollar ""Gobrecht Dollar""",coin,NO,
ref_coin_type_257733,1836,One Dollar,,U.S. Pattern Coinage,"1 Dollar ""1836 Gobrecht Dollar"" (Pattern; copper)",coin,NO,
ref_coin_type_258909,1836,One Dollar,,U.S. Pattern Coinage,"1 Dollar ""1836 Gobrecht Dollar"" (Pattern; copper)",coin,NO,
ref_coin_type_290498,1836,Two Cents,,U.S. Pattern Coinage,"2 Cents ""1836"" (Pattern; copper)",coin,NO,
ref_coin_type_290499,1836,Two Cents,,U.S. Pattern Coinage,"2 Cents ""1836"" (Pattern; billon)",coin,NO,
ref_coin_type_14853,1837,Half Dime,,Seated Liberty Coinage,"½ Dime ""Seated Liberty Half Dime"" (without stars)",coin,NO,
ref_coin_type_30782,1837,One Dime,,Seated Liberty Coinage,"1 Dime ""Seated Liberty Dime"" (no stars around rim)",coin,NO,
ref_coin_type_135900,1838,One Dollar,,U.S. Pattern Coinage,"1 Dollar ""1838 Gobrecht Dollar"" (Pattern)",coin,NO,
ref_coin_type_14854,1838,Half Dime,,Seated Liberty Coinage,"½ Dime ""Seated Liberty Half Dime"" (with stars, no arrows)",coin,NO,
ref_coin_type_14900,1838,Half Dollar,,Capped Bust Coinage,"½ Dollar ""Capped Bust Half Dollar"" (HALF DOL. below eagle)",coin,NO,
ref_coin_type_16125,1838,Ten Dollars,,Coronet Head Coinage,10 Dollars (Coronet Head - No motto),coin,NO,
ref_coin_type_281325,1838,Half Dollar,,U.S. Pattern Coinage,"½ Dollar ""1838"" (Pattern; Silver)",coin,NO,
ref_coin_type_4942,1838,Quarter Dollar,,Seated Liberty Coinage,"¼ Dollar ""Seated Liberty Quarter"" (without motto)",coin,NO,
ref_coin_type_9100,1838,One Dime,,Seated Liberty Coinage,"1 Dime ""Seated Liberty Dime"" (with stars, no arrows)",coin,NO,
ref_coin_type_102997,1839,One Dollar,,U.S. Pattern Coinage,"1 Dollar ""1839 Gobrecht Dollar"" (Pattern)",coin,NO,
ref_coin_type_14901,1839,Half Dollar,,Seated Liberty Coinage,"½ Dollar ""Seated Liberty Half Dollar""",coin,NO,
ref_coin_type_40793,1839,Five Dollars,,Coronet Head Coinage,5 Dollars (Coronet Head - No motto),coin,NO,
ref_coin_type_982,1839,One Cent,,Liberty Head/Braided Hair Cents,"1 Cent ""Liberty Head/Braided Hair Cent""",coin,NO,
ref_coin_type_11472,1840,One Dollar,,Seated Liberty Coinage,"1 Dollar ""Seated Liberty"" (without motto)",coin,NO,
ref_coin_type_13432,1840,Two and a Half Dollars,,Coronet Head Coinage,"2½ Dollars ""Coronet Head - Quarter Eagle""",coin,NO,
ref_coin_type_24585,1840,Half Cent,,Braided Hair - Half Cents,"½ Cent ""Braided Hair - Half Cent""",coin,NO,
ref_coin_type_16184,1847,One Cent,,Hawaiian Kingdom Coinage,1 Cent - Kamehameha III,coin,NO,
ref_coin_type_128773,1849,Ten Dollars,,Merchant & Local Tokens,10 Dollars (Mormon Gold),coin,NO,
ref_coin_type_23656,1849,Twenty Dollars,,Liberty Head Coinage,"20 Dollars (Liberty Head - Double Eagle, No motto)",coin,NO,
ref_coin_type_6157,1849,One Dollar,,Liberty Head Coinage,"1 Dollar ""Liberty Head"" (Type 1)",coin,NO,
ref_coin_type_123983,1850,One Cent,,U.S. Pattern Coinage,"1 Cent ""1850"" (Pattern)",coin,NO,
ref_coin_type_1129,1851,Three Cents,,Trime,"3 Cents ""Trime"" (type 1 - no lines bordering star)",coin,NO,
ref_coin_type_123989,1851,One Cent,,U.S. Pattern Coinage,"1 Cent ""1851"" (Pattern)",coin,NO,
ref_coin_type_124002,1852,One Dollar,,U.S. Pattern Coinage,"1 Dollar ""1852 Gold Dollar"" (Pattern; copper)",coin,NO,
ref_coin_type_252299,1852,One Dollar,,U.S. Pattern Coinage,"1 Dollar ""1852 Gold Dollar"" (Pattern; gold)",coin,NO,
ref_coin_type_252300,1852,One Dollar,,U.S. Pattern Coinage,"1 Dollar ""1852 Gold Dollar"" (Pattern; silver)",coin,NO,
ref_coin_type_252301,1852,One Dollar,,U.S. Pattern Coinage,"1 Dollar ""1852 Gold Dollar"" (Pattern; copper-nickel)",coin,NO,
ref_coin_type_252302,1852,One Dollar,,U.S. Pattern Coinage,"1 Dollar ""1852 Gold Dollar"" (Pattern; nickel)",coin,NO,
ref_coin_type_252303,1852,One Dollar,,U.S. Pattern Coinage,"1 Dollar ""1852 Gold Dollar"" (Pattern; brass)",coin,NO,
ref_coin_type_39314,1852,Quarter Dollar,,Indian Head,"¼ Dollar (California Territorial Gold ""Indian Head"")",coin,NO,
ref_coin_type_125527,1853,One Cent,,U.S. Pattern Coinage,"1 Cent ""1853"" (Pattern; copper-nickel)",coin,NO,
ref_coin_type_14243,1853,One Dime,,Seated Liberty Coinage,"1 Dime ""Seated Liberty Dime"" (with stars and date arrows)",coin,NO,
ref_coin_type_14902,1853,Half Dollar,,Seated Liberty Coinage,"½ Dollar ""Seated Liberty Half Dollar"" (with date arrows, rays around eagle)",coin,NO,
ref_coin_type_24992,1853,Quarter Dollar,,Seated Liberty Coinage,"¼ Dollar ""Seated Liberty Quarter"" (without motto, with rays and date arrows)",coin,NO,
ref_coin_type_262186,1853,One Cent,,U.S. Pattern Coinage,"1 Cent ""1853"" (Pattern; nickel-brass)",coin,NO,
ref_coin_type_6846,1853,Half Dime,,Seated Liberty Coinage,"½ Dime ""Seated Liberty Half Dime"" (arrows at date)",coin,NO,
ref_coin_type_14903,1854,Half Dollar,,Seated Liberty Coinage,"½ Dollar ""Seated Liberty Half Dollar"" (with date arrows)",coin,NO,
ref_coin_type_23121,1854,Three Dollars,,Indian Princess Head,"3 Dollars ""Indian Princess Head""",coin,NO,
ref_coin_type_23122,1854,One Dollar,,Small Indian Head,"1 Dollar ""Small Indian Head"" (Type 2)",coin,NO,
ref_coin_type_24993,1854,Quarter Dollar,,Seated Liberty Coinage,"¼ Dollar ""Seated Liberty Quarter"" (without motto, with date arrows)",coin,NO,
ref_coin_type_4727,1854,Three Cents,,Trime,"3 Cents ""Trime"" (type 2 - two lines bordering star)",coin,NO,
ref_coin_type_14014,1856,One Cent,,Flying Eagle & Indian Head Cents,"1 Cent ""Flying Eagle Cent""",coin,NO,
ref_coin_type_14904,1856,Half Dollar,,Seated Liberty Coinage,"½ Dollar ""Seated Liberty Half Dollar"" (without date arrows)",coin,NO,
ref_coin_type_23120,1856,One Dollar,,Large Indian Head,"1 Dollar ""Large Indian Head"" (Type 3)",coin,NO,
ref_coin_flying_eagle___indian_head_cents_one_cent_1857_p_none,1857,One Cent,P,Flying Eagle & Indian Head Cents,,coin,NO,
ref_coin_flying_eagle___indian_head_cents_one_cent_1858_p_8_over_7,1858,One Cent,P,Flying Eagle & Indian Head Cents,8 over 7,coin,NO,
ref_coin_flying_eagle___indian_head_cents_one_cent_1858_p_large_letters,1858,One Cent,P,Flying Eagle & Indian Head Cents,Large Letters,coin,NO,
ref_coin_flying_eagle___indian_head_cents_one_cent_1858_p_none,1858,One Cent,P,Flying Eagle & Indian Head Cents,,coin,NO,
ref_coin_flying_eagle___indian_head_cents_one_cent_1858_p_small_letters,1858,One Cent,P,Flying Eagle & Indian Head Cents,Small Letters,coin,NO,
ref_coin_type_476611,1858,One Cent,,U.S. Pattern Coinage,"1 Cent ""Flying Eagle"" (1858 trial strike)",coin,NO,
ref_coin_flying_eagle___indian_head_cents_one_cent_1859_p_none,1859,One Cent,P,Flying Eagle & Indian Head Cents,,coin,NO,
ref_coin_type_124015,1859,Half Dollar,,U.S. Pattern Coinage,"½ Dollar ""1859"" (Pattern; copper)",coin,NO,
ref_coin_type_124016,1859,Half Dollar,,U.S. Pattern Coinage,"½ Dollar ""1859"" (Pattern; silver)",coin,NO,
ref_coin_type_254070,1859,Half Dollar,,U.S. Pattern Coinage,"½ Dollar ""1859"" (Pattern; copper)",coin,NO,
ref_coin_type_258911,1859,Half Dollar,,U.S. Pattern Coinage,"½ Dollar ""1859"" (Pattern; silver)",coin,NO,
ref_coin_type_2702,1859,Three Cents,,Trime,"3 Cents ""Trime"" (type 3 - one line bordering star)",coin,NO,
ref_coin_type_4567,1859,One Cent,,Flying Eagle & Indian Head Cents,"1 Cent ""Indian Head Cent"" (without shield)",coin,NO,
ref_coin_flying_eagle___indian_head_cents_one_cent_1860_p_none,1860,One Cent,P,Flying Eagle & Indian Head Cents,,coin,NO,
ref_coin_flying_eagle___indian_head_cents_one_cent_1860_p_pointed_bust,1860,One Cent,P,Flying Eagle & Indian Head Cents,Pointed Bust,coin,NO,
ref_coin_type_1108,1860,One Cent,,Flying Eagle & Indian Head Cents,"1 Cent ""Indian Head Cent"" (with shield)",coin,NO,
ref_coin_type_124017,1860,Five Dollars,,U.S. Pattern Coinage,"5 Dollars ""1860 Half Eagle"" (Pattern; gold)",coin,NO,
ref_coin_type_17938,1860,Half Dime,,Seated Liberty Coinage,"½ Dime - ""Seated Liberty Half Dime"" (obverse legend)",coin,NO,
ref_coin_type_18058,1860,One Dime,,Seated Liberty Coinage,"1 Dime ""Seated Liberty Dime"" (without stars, date arrows removed)",coin,NO,
ref_coin_type_252676,1860,Five Dollars,,U.S. Pattern Coinage,"5 Dollars ""1860 Half Eagle"" (Pattern; copper)",coin,NO,
ref_coin_flying_eagle___indian_head_cents_one_cent_1861_p_none,1861,One Cent,P,Flying Eagle & Indian Head Cents,,coin,NO,
ref_coin_type_226546,1861,One Dollar,,Civil War Tokens,1861 Dollars (The U.S. Civil War),coin,NO,
ref_coin_type_23658,1861,Half Dollar,,U.S. Pattern Coinage,½ Dollar (Pattern),coin,NO,
ref_coin_type_23852,1861,One Cent,,U.S. Pattern Coinage,1 Cent (Pattern),coin,NO,
ref_coin_type_329315,1861,One Cent,,U.S. Pattern Coinage,1 Cent (Pattern),coin,NO,
ref_coin_type_329316,1861,One Cent,,U.S. Pattern Coinage,1 Cent (Pattern),coin,NO,
ref_coin_type_329324,1861,One Cent,,U.S. Pattern Coinage,1 Cent (Pattern),coin,NO,
ref_coin_type_356276,1861,One Cent,,U.S. Pattern Coinage,1 Cent (Pattern),coin,NO,
ref_coin_type_356289,1861,One Cent,,U.S. Pattern Coinage,1 Cent (Pattern),coin,NO,
ref_coin_flying_eagle___indian_head_cents_one_cent_1862_p_none,1862,One Cent,P,Flying Eagle & Indian Head Cents,,coin,NO,
ref_coin_flying_eagle___indian_head_cents_one_cent_1863_p_none,1863,One Cent,P,Flying Eagle & Indian Head Cents,,coin,NO,
ref_coin_type_22696,1863,One Cent,,Civil War Tokens,1 Cent (Alden and Frink),coin,NO,
ref_coin_type_22697,1863,One Cent,,Civil War Tokens,1 Cent (Alden and Frink),coin,NO,
ref_coin_type_324574,1863,One Dollar,,Civil War Tokens,The Octoroon,coin,NO,
ref_coin_flying_eagle___indian_head_cents_one_cent_1864_p_bronze,1864,One Cent,P,Flying Eagle & Indian Head Cents,Bronze,coin,NO,
ref_coin_flying_eagle___indian_head_cents_one_cent_1864_p_bronze_with_l,1864,One Cent,P,Flying Eagle & Indian Head Cents,Bronze with L,coin,NO,
ref_coin_flying_eagle___indian_head_cents_one_cent_1864_p_copper_nickel,1864,One Cent,P,Flying Eagle & Indian Head Cents,Copper-Nickel,coin,NO,
ref_coin_flying_eagle___indian_head_cents_one_cent_1864_p_none,1864,One Cent,P,Flying Eagle & Indian Head Cents,,coin,NO,
ref_coin_type_124177,1864,Twenty Cents,,U.S. Pattern Coinage,"20 Cents ""1864"" (Pattern; silver)",coin,NO,
ref_coin_type_2296,1864,Two Cents,,Lincoln Shield Cents,"2 Cents ""Union Shield""",coin,NO,
ref_coin_type_2356,1864,One Cent,,Flying Eagle & Indian Head Cents,"1 Cent ""Indian Head Cent""",coin,NO,
ref_coin_type_259620,1864,Twenty Cents,,U.S. Pattern Coinage,"20 Cents ""1864"" (Pattern; nickel)",coin,NO,
ref_coin_type_31756,1864,One Cent,,Civil War Tokens,1 Cent (Union Forever),coin,NO,
ref_coin_flying_eagle___indian_head_cents_one_cent_1865_p_fancy_5,1865,One Cent,P,Flying Eagle & Indian Head Cents,Fancy 5,coin,NO,
ref_coin_flying_eagle___indian_head_cents_one_cent_1865_p_none,1865,One Cent,P,Flying Eagle & Indian Head Cents,,coin,NO,
ref_coin_flying_eagle___indian_head_cents_one_cent_1865_p_plain_5,1865,One Cent,P,Flying Eagle & Indian Head Cents,Plain 5,coin,NO,
ref_coin_type_5336,1865,Three Cents,,Three Cent Nickels,"3 Cents ""Three Cent Nickel""",coin,NO,
ref_coin_flying_eagle___indian_head_cents_one_cent_1866_p_none,1866,One Cent,P,Flying Eagle & Indian Head Cents,,coin,NO,
ref_coin_type_102973,1866,Five Cents,,U.S. Pattern Coinage,"5 Cents ""1866 Nickel"" (Pattern)",coin,NO,
ref_coin_type_124007,1866,Five Cents,,U.S. Pattern Coinage,"5 Cents ""1866 Nickel"" (Pattern)",coin,NO,
ref_coin_type_124008,1866,Five Cents,,U.S. Pattern Coinage,"5 Cents ""1866 Nickel"" (Pattern; nickel)",coin,NO,
ref_coin_type_124009,1866,Five Cents,,U.S. Pattern Coinage,"5 Cents ""1866 Nickel"" (Pattern)",coin,NO,
ref_coin_type_124010,1866,Five Cents,,U.S. Pattern Coinage,"5 Cents ""1866 Shield Nickel"" (Pattern)",coin,NO,
ref_coin_type_124011,1866,Five Cents,,U.S. Pattern Coinage,"5 Cents ""1866 Shield Nickel With Rays"" (Pattern; nickel)",coin,NO,
ref_coin_type_124012,1866,Five Cents,,U.S. Pattern Coinage,"5 Cents ""1866 Shield Nickel Without Rays"" (Pattern)",coin,NO,
ref_coin_type_124014,1866,Five Cents,,U.S. Pattern Coinage,"5 Cents ""1866 Nickel Without Rays"" (Pattern; lead)",coin,NO,
ref_coin_type_124039,1866,Five Cents,,U.S. Pattern Coinage,"5 Cents ""1866 Nickel"" (Pattern)",coin,NO,
ref_coin_type_14852,1866,Five Cents,,Shield Nickels,"5 Cents ""Shield Nickel""",coin,NO,
ref_coin_type_15174,1866,Half Dollar,,Seated Liberty Coinage,"½ Dollar ""Seated Liberty Half Dollar"" (with motto)",coin,NO,
ref_coin_type_16134,1866,Ten Dollars,,Coronet Head Coinage,10 Dollars (Coronet Head - With motto),coin,NO,
ref_coin_type_18809,1866,Five Dollars,,Coronet Head Coinage,5 Dollars (Coronet Head - With motto),coin,NO,
ref_coin_type_27871,1866,One Dollar,,Seated Liberty Coinage,"1 Dollar ""Seated Liberty"" (with motto)",coin,NO,
ref_coin_type_290493,1866,Five Cents,,U.S. Pattern Coinage,"5 Cents ""1866 Shield Nickel With Rays"" (Pattern; copper)",coin,NO,
ref_coin_type_290494,1866,Five Cents,,U.S. Pattern Coinage,"5 Cents ""1866 Shield Nickel With Rays"" (Pattern; bronze)",coin,NO,
ref_coin_type_295500,1866,Five Cents,,U.S. Pattern Coinage,"5 Cents ""1866 Nickel Without Rays"" (Pattern; nickel)",coin,NO,
ref_coin_type_295501,1866,Five Cents,,U.S. Pattern Coinage,"5 Cents ""1866 Nickel Without Rays"" (Pattern; copper)",coin,NO,
ref_coin_type_295502,1866,Five Cents,,U.S. Pattern Coinage,"5 Cents ""1866 Nickel Without Rays"" (Pattern; silver)",coin,NO,
ref_coin_type_295503,1866,Five Cents,,U.S. Pattern Coinage,"5 Cents ""1866 Nickel Without Rays"" (Pattern; brass)",coin,NO,
ref_coin_type_295506,1866,Five Cents,,U.S. Pattern Coinage,"5 Cents ""1866 Nickel"" (Pattern; copper)",coin,NO,
ref_coin_type_295507,1866,Five Cents,,U.S. Pattern Coinage,"5 Cents ""1866 Nickel"" (Pattern; copper-nickel)",coin,NO,
ref_coin_type_3659,1866,Quarter Dollar,,Seated Liberty Coinage,"¼ Dollar ""Seated Liberty Quarter"" (with motto, without date arrows)",coin,NO,
ref_coin_flying_eagle___indian_head_cents_one_cent_1867_p_double_dented_date,1867,One Cent,P,Flying Eagle & Indian Head Cents,Double Dented Date,coin,NO,
ref_coin_flying_eagle___indian_head_cents_one_cent_1867_p_none,1867,One Cent,P,Flying Eagle & Indian Head Cents,,coin,NO,
ref_coin_type_124006,1867,Five Cents,,U.S. Pattern Coinage,"5 Cents ""1867 Nickel"" (Pattern; nickel)",coin,NO,
ref_coin_type_259619,1867,Five Cents,,U.S. Pattern Coinage,"5 Cents ""1867 Nickel"" (Pattern; copper)",coin,NO,
ref_coin_type_4411,1867,Five Cents,,Shield Nickels,"5 Cents ""Shield Nickel"" (without rays)",coin,NO,
ref_coin_flying_eagle___indian_head_cents_one_cent_1868_p_none,1868,One Cent,P,Flying Eagle & Indian Head Cents,,coin,NO,
ref_coin_type_124019,1868,Five Dollars,,U.S. Pattern Coinage,"5 Dollars ""1868 Half Eagle"" (Pattern; copper)",coin,NO,
ref_coin_type_124020,1868,Five Cents,,U.S. Pattern Coinage,"5 Cents ""1868 Nickel"" (Pattern)",coin,NO,
ref_coin_type_258072,1868,Five Dollars,,U.S. Pattern Coinage,"5 Dollars ""1868 Half Eagle"" (Pattern; aluminium)",coin,NO,
ref_coin_type_422072,1868,One Dime,,U.S. Pattern Coinage,10 Cents (Nickel Dime Pattern - 1868),coin,NO,
ref_coin_flying_eagle___indian_head_cents_one_cent_1869_p_9_over_9,1869,One Cent,P,Flying Eagle & Indian Head Cents,9 over 9,coin,NO,
ref_coin_flying_eagle___indian_head_cents_one_cent_1869_p_none,1869,One Cent,P,Flying Eagle & Indian Head Cents,,coin,NO,
ref_coin_type_122279,1869,Five Cents,,U.S. Pattern Coinage,"5 Cents ""1869 Nickel"" (Pattern)",coin,NO,
ref_coin_type_122280,1869,One Cent,,U.S. Pattern Coinage,"1 Cent ""1869"" (Pattern)",coin,NO,
ref_coin_type_77177,1869,Half Dollar,,U.S. Pattern Coinage,"½ Dollar ""1869"" (Pattern)",coin,NO,
ref_coin_type_77178,1869,Half Dollar,,U.S. Pattern Coinage,"½ Dollar ""1869"" (Pattern)",coin,NO,
ref_coin_flying_eagle___indian_head_cents_one_cent_1870_p_bold_n,1870,One Cent,P,Flying Eagle & Indian Head Cents,Bold N,coin,NO,
ref_coin_flying_eagle___indian_head_cents_one_cent_1870_p_none,1870,One Cent,P,Flying Eagle & Indian Head Cents,,coin,NO,
ref_coin_flying_eagle___indian_head_cents_one_cent_1870_p_shallow_n,1870,One Cent,P,Flying Eagle & Indian Head Cents,Shallow N,coin,NO,
ref_coin_type_102976,1870,Five Cents,,U.S. Pattern Coinage,"25 Cents ""1870 Quarter Dollar"" (Pattern)",coin,NO,
ref_coin_type_294122,1870,Half Dollar,,Seated Liberty Coinage,½ oz Silver (1870 CC Seated Liberty Half Dollar),coin,NO,
ref_coin_type_418044,1870,Five Cents,,U.S. Pattern Coinage,5 Cents (1870 Silver Half Disme Pattern),coin,NO,
ref_coin_type_419570,1870,Five Cents,,U.S. Pattern Coinage,5 Cents (Copper Half Disme Pattern - 1870),coin,NO,
ref_coin_type_419574,1870,Five Cents,,U.S. Pattern Coinage,5 Cents (Aluminium Half Disme Pattern 1870),coin,NO,
ref_coin_flying_eagle___indian_head_cents_one_cent_1871_p_bold_n,1871,One Cent,P,Flying Eagle & Indian Head Cents,Bold N,coin,NO,
ref_coin_flying_eagle___indian_head_cents_one_cent_1871_p_none,1871,One Cent,P,Flying Eagle & Indian Head Cents,,coin,NO,
ref_coin_flying_eagle___indian_head_cents_one_cent_1871_p_shallow_n,1871,One Cent,P,Flying Eagle & Indian Head Cents,Shallow N,coin,NO,
ref_coin_type_102998,1871,One Dollar,,U.S. Pattern Coinage,"1 Dollar ""1871 Dollar"" (Pattern; silver)",coin,NO,
ref_coin_type_290495,1871,One Dollar,,U.S. Pattern Coinage,"1 Dollar ""1871 Dollar"" (Pattern; copper)",coin,NO,
ref_coin_type_290496,1871,One Dollar,,U.S. Pattern Coinage,"1 Dollar ""1871 Dollar"" (Pattern; aluminium)",coin,NO,
ref_coin_flying_eagle___indian_head_cents_one_cent_1872_p_bold_n,1872,One Cent,P,Flying Eagle & Indian Head Cents,Bold N,coin,NO,
ref_coin_flying_eagle___indian_head_cents_one_cent_1872_p_none,1872,One Cent,P,Flying Eagle & Indian Head Cents,,coin,NO,
ref_coin_flying_eagle___indian_head_cents_one_cent_1872_p_shallow_n,1872,One Cent,P,Flying Eagle & Indian Head Cents,Shallow N,coin,NO,
ref_coin_type_124022,1872,Ten Dollars,,U.S. Pattern Coinage,"10 Dollars ""1872 Eagle"" (Pattern; gold)",coin,NO,
ref_coin_type_124030,1872,Twenty Dollars,,U.S. Pattern Coinage,"20 Dollars ""1872 Double Eagle"" (Pattern; copper)",coin,NO,
ref_coin_type_257482,1872,Twenty Dollars,,U.S. Pattern Coinage,"20 Dollars ""1872 Double Eagle"" (Pattern; aluminium)",coin,NO,
ref_coin_type_257483,1872,Twenty Dollars,,U.S. Pattern Coinage,"20 Dollars ""1872 Double Eagle"" (Pattern; gold)",coin,NO,
ref_coin_type_257485,1872,Ten Dollars,,U.S. Pattern Coinage,"10 Dollars ""1872 Eagle"" (Pattern; aluminium)",coin,NO,
ref_coin_type_257487,1872,Ten Dollars,,U.S. Pattern Coinage,"10 Dollars ""1872 Eagle"" (Pattern; copper)",coin,NO,
ref_coin_flying_eagle___indian_head_cents_one_cent_1873_p_closed_3,1873,One Cent,P,Flying Eagle & Indian Head Cents,Closed 3,coin,NO,
ref_coin_flying_eagle___indian_head_cents_one_cent_1873_p_doubled_liberty,1873,One Cent,P,Flying Eagle & Indian Head Cents,Doubled Liberty,coin,NO,
ref_coin_flying_eagle___indian_head_cents_one_cent_1873_p_none,1873,One Cent,P,Flying Eagle & Indian Head Cents,,coin,NO,
ref_coin_flying_eagle___indian_head_cents_one_cent_1873_p_open_3,1873,One Cent,P,Flying Eagle & Indian Head Cents,Open 3,coin,NO,
ref_coin_type_16466,1873,One Dollar,,Trade Dollars,"1 Dollar ""Trade Dollar""",coin,NO,
ref_coin_type_23016,1873,One Dollar,,U.S. Pattern Coinage,"1 Dollar ""1873 Trade Dollar"" (Pattern)",coin,NO,
ref_coin_type_30783,1873,One Dime,,Seated Liberty Coinage,"1 Dime ""Seated Liberty Dime"" (arrows at date)",coin,NO,
ref_coin_type_30784,1873,Quarter Dollar,,Seated Liberty Coinage,"¼ Dollar ""Seated Liberty Quarter"" (with motto; with date arrows)",coin,NO,
ref_coin_type_6790,1873,Half Dollar,,Seated Liberty Coinage,"½ Dollar ""Seated Liberty Half Dollar"" (with motto, with date arrows)",coin,NO,
ref_coin_flying_eagle___indian_head_cents_one_cent_1874_p_none,1874,One Cent,P,Flying Eagle & Indian Head Cents,,coin,NO,
ref_coin_type_128922,1874,Ten Dollars,,U.S. Pattern Coinage,"10 Dollars ""1874 Eagle"" (Pattern; gold)",coin,NO,
ref_coin_type_257489,1874,Ten Dollars,,U.S. Pattern Coinage,"10 Dollars ""1874 Eagle"" (Pattern; nickel)",coin,NO,
ref_coin_type_257490,1874,Ten Dollars,,U.S. Pattern Coinage,"10 Dollars ""1874 Eagle"" (Pattern; aluminium)",coin,NO,
ref_coin_type_257491,1874,Ten Dollars,,U.S. Pattern Coinage,"10 Dollars ""1874 Eagle"" (Pattern; copper)",coin,NO,
ref_coin_flying_eagle___indian_head_cents_one_cent_1875_p_dot_on_one,1875,One Cent,P,Flying Eagle & Indian Head Cents,Dot on One,coin,NO,
ref_coin_flying_eagle___indian_head_cents_one_cent_1875_p_none,1875,One Cent,P,Flying Eagle & Indian Head Cents,,coin,NO,
ref_coin_type_124181,1875,Twenty Cents,,U.S. Pattern Coinage,"20 Cents ""1875"" (Pattern; silver)",coin,NO,
ref_coin_type_124182,1875,Twenty Cents,,U.S. Pattern Coinage,"20 Cents ""1875"" (Pattern; silver)",coin,NO,
ref_coin_type_15175,1875,Half Dollar,,Seated Liberty Coinage,"½ Dollar ""Seated Liberty Half Dollar"" (without date arrows; with motto)",coin,NO,
ref_coin_type_18403,1875,Twenty Cents,,Seated Liberty Coinage,"20 Cents ""Seated Liberty""",coin,NO,
ref_coin_type_292132,1875,Twenty Cents,,U.S. Pattern Coinage,"20 Cents ""1875"" (Pattern; copper)",coin,NO,
ref_coin_type_292133,1875,Twenty Cents,,U.S. Pattern Coinage,"20 Cents ""1875"" (Pattern; aluminium)",coin,NO,
ref_coin_type_292134,1875,Twenty Cents,,U.S. Pattern Coinage,"20 Cents ""1875"" (Pattern; nickel)",coin,NO,
ref_coin_type_292135,1875,Twenty Cents,,U.S. Pattern Coinage,"20 Cents ""1875"" (Pattern; copper)",coin,NO,
ref_coin_type_292136,1875,Twenty Cents,,U.S. Pattern Coinage,"20 Cents ""1875"" (Pattern; aluminium)",coin,NO,
ref_coin_type_292137,1875,Twenty Cents,,U.S. Pattern Coinage,"20 Cents ""1875"" (Pattern; nickel)",coin,NO,
ref_coin_flying_eagle___indian_head_cents_one_cent_1876_p_none,1876,One Cent,P,Flying Eagle & Indian Head Cents,,coin,NO,
ref_coin_flying_eagle___indian_head_cents_one_cent_1877_p_none,1877,One Cent,P,Flying Eagle & Indian Head Cents,,coin,NO,
ref_coin_type_125525,1877,Half Dollar,,U.S. Pattern Coinage,"½ Dollar ""1877"" (Pattern; silver)",coin,NO,
ref_coin_type_23125,1877,Twenty Dollars,,Liberty Head Coinage,"20 Dollars (Liberty Head - Double Eagle, With motto)",coin,NO,
ref_coin_type_23127,1877,Twenty Dollars,,Liberty Head Coinage,"20 Dollars (Liberty Head - Double Eagle, With motto)",coin,NO,
ref_coin_type_258910,1877,Half Dollar,,U.S. Pattern Coinage,"½ Dollar ""1877"" (Pattern; copper)",coin,NO,
ref_coin_flying_eagle___indian_head_cents_one_cent_1878_p_none,1878,One Cent,P,Flying Eagle & Indian Head Cents,,coin,NO,
ref_coin_morgan_dollars_one_dollar_1878_cc_none,1878,One Dollar,CC,Morgan Dollars,,coin,NO,
ref_coin_morgan_dollars_one_dollar_1878_p_7_over_8_tail_feathers,1878,One Dollar,P,Morgan Dollars,7 Over 8 Tail Feathers,coin,NO,
ref_coin_morgan_dollars_one_dollar_1878_p_7_tail_feathers__reverse_of_1878,1878,One Dollar,P,Morgan Dollars,"7 Tail Feathers, Reverse of 1878",coin,NO,
ref_coin_morgan_dollars_one_dollar_1878_p_7_tail_feathers__reverse_of_1879,1878,One Dollar,P,Morgan Dollars,"7 Tail Feathers, Reverse of 1879",coin,NO,
ref_coin_morgan_dollars_one_dollar_1878_p_8_tail_feathers,1878,One Dollar,P,Morgan Dollars,8 Tail Feathers,coin,NO,
ref_coin_morgan_dollars_one_dollar_1878_p_none,1878,One Dollar,P,Morgan Dollars,,coin,NO,
ref_coin_morgan_dollars_one_dollar_1878_s_none,1878,One Dollar,S,Morgan Dollars,,coin,NO,
ref_coin_type_102984,1878,Five Dollars,,U.S. Pattern Coinage,"5 Dollars ""1878 Half Eagle"" (Pattern; copper)",coin,NO,
ref_coin_type_1492,1878,One Dollar,,Morgan Dollars,"1 Dollar ""Morgan Dollar""",coin,NO,
ref_coin_type_23024,1878,Two and a Half Dollars,,U.S. Pattern Coinage,"2½ Dollars ""Quarter Eagle"" (Pattern; copper)",coin,NO,
ref_coin_type_258071,1878,Five Dollars,,U.S. Pattern Coinage,"5 Dollars ""1878 Half Eagle"" (Pattern; brass)",coin,NO,
ref_coin_type_470817,1878,Ten Dollars,,1878 Half Eagle,"10 Dollars ""1878 Half Eagle"" - Morgan Type",coin,NO,
ref_coin_flying_eagle___indian_head_cents_one_cent_1879_p_none,1879,One Cent,P,Flying Eagle & Indian Head Cents,,coin,NO,
ref_coin_morgan_dollars_one_dollar_1879_cc_capped_cc,1879,One Dollar,CC,Morgan Dollars,Capped CC,coin,NO,
ref_coin_morgan_dollars_one_dollar_1879_cc_none,1879,One Dollar,CC,Morgan Dollars,,coin,NO,
ref_coin_morgan_dollars_one_dollar_1879_o_none,1879,One Dollar,O,Morgan Dollars,,coin,NO,
ref_coin_morgan_dollars_one_dollar_1879_p_none,1879,One Dollar,P,Morgan Dollars,,coin,NO,
ref_coin_morgan_dollars_one_dollar_1879_p_reverse_of_1878,1879,One Dollar,P,Morgan Dollars,Reverse of 1878,coin,NO,
ref_coin_morgan_dollars_one_dollar_1879_s_none,1879,One Dollar,S,Morgan Dollars,,coin,NO,
ref_coin_morgan_dollars_one_dollar_1879_s_reverse_of_1878,1879,One Dollar,S,Morgan Dollars,Reverse of 1878,coin,NO,
ref_coin_type_22991,1879,Four Dollars,,U.S. Pattern Coinage,"4 Dollars ""1879 Stella"" (Pattern)",coin,NO,
ref_coin_type_23017,1879,One Dollar,,U.S. Pattern Coinage,"1 Dollar ""1879 Goloid Metric Dollar"" (Pattern; Goloid)",coin,NO,
ref_coin_type_23023,1879,Twenty Dollars,,Metric Double Eagle / Quintuple Stella,"20 Dollars ""Metric Double Eagle / Quintuple Stella""",coin,NO,
ref_coin_type_240103,1879,Twenty Dollars,,1879 Quintuple Stella,"20 Dollars ""1879 Quintuple Stella""",coin,NO,
ref_coin_type_400052,1879,One Dollar,,U.S. Pattern Coinage,"1 Dollar ""1879 Goloid Metric Dollar"" (Pattern; Silver)",coin,NO,
ref_coin_type_400054,1879,One Dollar,,U.S. Pattern Coinage,"1 Dollar ""1879 Goloid Metric Dollar"" (Pattern; Copper)",coin,NO,
ref_coin_type_400076,1879,One Dollar,,U.S. Pattern Coinage,"1 Dollar ""1879 Goloid Metric Dollar"" (Pattern; Aluminium)",coin,NO,
ref_coin_type_400077,1879,One Dollar,,U.S. Pattern Coinage,"1 Dollar ""1879 Goloid Metric Dollar"" (Pattern; Lead)",coin,NO,
ref_coin_flying_eagle___indian_head_cents_one_cent_1880_p_none,1880,One Cent,P,Flying Eagle & Indian Head Cents,,coin,NO,
ref_coin_morgan_dollars_one_dollar_1880_cc_80_over_79,1880,One Dollar,CC,Morgan Dollars,80 Over 79,coin,NO,
ref_coin_morgan_dollars_one_dollar_1880_cc_none,1880,One Dollar,CC,Morgan Dollars,,coin,NO,
ref_coin_morgan_dollars_one_dollar_1880_o_80_over_79,1880,One Dollar,O,Morgan Dollars,80 Over 79,coin,NO,
ref_coin_morgan_dollars_one_dollar_1880_o_none,1880,One Dollar,O,Morgan Dollars,,coin,NO,
ref_coin_morgan_dollars_one_dollar_1880_p_80_over_79,1880,One Dollar,P,Morgan Dollars,80 Over 79,coin,NO,
ref_coin_morgan_dollars_one_dollar_1880_p_none,1880,One Dollar,P,Morgan Dollars,,coin,NO,
ref_coin_morgan_dollars_one_dollar_1880_s_80_over_79,1880,One Dollar,S,Morgan Dollars,80 Over 79,coin,NO,
ref_coin_morgan_dollars_one_dollar_1880_s_none,1880,One Dollar,S,Morgan Dollars,,coin,NO,
ref_coin_type_124033,1880,One Dollar,,U.S. Pattern Coinage,"1 Dollar ""1880 Metric Dollar"" (Pattern)",coin,NO,
ref_coin_type_23018,1880,Four Dollars,,U.S. Pattern Coinage,"1 Stella / 4 Dollars ""1880 Stella"" Pattern; aluminium",coin,NO,
ref_coin_type_23019,1880,Four Dollars,,U.S. Pattern Coinage,"4 Dollars ""1880 Stella"" (Pattern; gold)",coin,NO,
ref_coin_type_23020,1880,One Dollar,,U.S. Pattern Coinage,"1 Dollar ""1880 Goloid Metric Dollar"" (Pattern; Goloid)",coin,NO,
ref_coin_type_23021,1880,Four Dollars,,U.S. Pattern Coinage,"1 Stella / 4 Dollars ""1880 Stella"" (Pattern; gold)",coin,NO,
ref_coin_type_23022,1880,One Dollar,,U.S. Pattern Coinage,"1 Dollar ""1880 Goloid Metric Dollar"" (Pattern; Goloid)",coin,NO,
ref_coin_type_258073,1880,Four Dollars,,U.S. Pattern Coinage,"1 Stella / 4 Dollars ""1880 Stella"" (Pattern; copper)",coin,NO,
ref_coin_type_258074,1880,Four Dollars,,U.S. Pattern Coinage,"1 Stella / 4 Dollars ""1880 Stella"" (Pattern; aluminium)",coin,NO,
ref_coin_type_259621,1880,Four Dollars,,U.S. Pattern Coinage,"4 Dollars ""1880 Stella"" (Pattern; copper)",coin,NO,
ref_coin_type_259622,1880,Four Dollars,,U.S. Pattern Coinage,"4 Dollars ""1880 Stella"" (Pattern; aluminium)",coin,NO,
ref_coin_type_399891,1880,One Dollar,,U.S. Pattern Coinage,"1 Dollar ""1880 Goloid Metric Dollar"" (Pattern; Copper)",coin,NO,
ref_coin_type_399892,1880,One Dollar,,U.S. Pattern Coinage,"1 Dollar ""1880 Goloid Metric Dollar"" (Pattern; Aluminium)",coin,NO,
ref_coin_type_400047,1880,One Dollar,,U.S. Pattern Coinage,"1 Dollar ""1880 Goloid Metric Dollar"" (Pattern; Copper)",coin,NO,
ref_coin_type_400048,1880,One Dollar,,U.S. Pattern Coinage,"1 Dollar ""1880 Goloid Metric Dollar"" (Pattern; Aluminium)",coin,NO,
ref_coin_flying_eagle___indian_head_cents_one_cent_1881_p_none,1881,One Cent,P,Flying Eagle & Indian Head Cents,,coin,NO,
ref_coin_morgan_dollars_one_dollar_1881_cc_none,1881,One Dollar,CC,Morgan Dollars,,coin,NO,
ref_coin_morgan_dollars_one_dollar_1881_o_none,1881,One Dollar,O,Morgan Dollars,,coin,NO,
ref_coin_morgan_dollars_one_dollar_1881_p_none,1881,One Dollar,P,Morgan Dollars,,coin,NO,
ref_coin_morgan_dollars_one_dollar_1881_s_none,1881,One Dollar,S,Morgan Dollars,,coin,NO,
ref_coin_type_21734,1881,Five Cents,,Hawaiian Kingdom Coinage,5 Cents - Kalākaua I,coin,NO,
ref_coin_flying_eagle___indian_head_cents_one_cent_1882_p_none,1882,One Cent,P,Flying Eagle & Indian Head Cents,,coin,NO,
ref_coin_morgan_dollars_one_dollar_1882_cc_none,1882,One Dollar,CC,Morgan Dollars,,coin,NO,
ref_coin_morgan_dollars_one_dollar_1882_o_none,1882,One Dollar,O,Morgan Dollars,,coin,NO,
ref_coin_morgan_dollars_one_dollar_1882_o_o_over_s,1882,One Dollar,O,Morgan Dollars,O Over S,coin,NO,
ref_coin_morgan_dollars_one_dollar_1882_p_none,1882,One Dollar,P,Morgan Dollars,,coin,NO,
ref_coin_morgan_dollars_one_dollar_1882_s_none,1882,One Dollar,S,Morgan Dollars,,coin,NO,
ref_coin_type_124034,1882,Five Cents,,U.S. Pattern Coinage,"5 Cents ""1882 Liberty Nickel"" (Pattern)",coin,NO,
ref_coin_type_124035,1882,Five Cents,,U.S. Pattern Coinage,"5 Cents ""1882 Liberty Nickel"" (Pattern)",coin,NO,
ref_coin_type_124037,1882,Five Cents,,U.S. Pattern Coinage,"5 Cents ""1882 Liberty Nickel without cents"" (Pattern)",coin,NO,
ref_coin_flying_eagle___indian_head_cents_one_cent_1883_p_none,1883,One Cent,P,Flying Eagle & Indian Head Cents,,coin,NO,
ref_coin_liberty_head__v__nickels_five_cents_1883_p_no_cents,1883,Five Cents,P,Liberty Head (V) Nickels,No CENTS,coin,NO,
ref_coin_liberty_head__v__nickels_five_cents_1883_p_with_cents,1883,Five Cents,P,Liberty Head (V) Nickels,With CENTS,coin,NO,
ref_coin_morgan_dollars_one_dollar_1883_cc_none,1883,One Dollar,CC,Morgan Dollars,,coin,NO,
ref_coin_morgan_dollars_one_dollar_1883_o_none,1883,One Dollar,O,Morgan Dollars,,coin,NO,
ref_coin_morgan_dollars_one_dollar_1883_p_none,1883,One Dollar,P,Morgan Dollars,,coin,NO,
ref_coin_morgan_dollars_one_dollar_1883_s_none,1883,One Dollar,S,Morgan Dollars,,coin,NO,
ref_coin_type_124036,1883,Five Cents,,U.S. Pattern Coinage,"5 Cents ""1883 Liberty Nickel"" (Pattern)",coin,NO,
ref_coin_type_16182,1883,One Dime,,Hawaiian Kingdom Coinage,1 Dime - Kalākaua I,coin,NO,
ref_coin_type_16183,1883,One Dollar,,Hawaiian Kingdom Coinage,1 Dollar - Kalākaua I,coin,NO,
ref_coin_type_16185,1883,One Dollar,,Hawaiian Kingdom Coinage,⅛ Dollar - Kalākaua I,coin,NO,
ref_coin_type_16186,1883,Half Dollar,,Hawaiian Kingdom Coinage,½ Dollar - Kalākaua I,coin,NO,
ref_coin_type_18294,1883,Five Cents,,Liberty Nickels,"5 Cents ""Liberty Nickel"" (without ""CENTS"")",coin,NO,
ref_coin_type_303446,1883,Half Dollar,,Hawaiian Kingdom Coinage,½ Dollar - Kalākaua I,coin,NO,
ref_coin_type_3683,1883,Five Cents,,Liberty Nickels,"5 Cents ""Liberty Nickel"" (with ""CENTS"")",coin,NO,
ref_coin_type_6577,1883,Quarter Dollar,,Hawaiian Kingdom Coinage,¼ Dollar - Kalākaua I,coin,NO,
ref_coin_flying_eagle___indian_head_cents_one_cent_1884_p_doubled_die_ear,1884,One Cent,P,Flying Eagle & Indian Head Cents,Doubled Die Ear,coin,NO,
ref_coin_flying_eagle___indian_head_cents_one_cent_1884_p_none,1884,One Cent,P,Flying Eagle & Indian Head Cents,,coin,NO,
ref_coin_liberty_head__v__nickels_five_cents_1884_p_none,1884,Five Cents,P,Liberty Head (V) Nickels,,coin,NO,
ref_coin_morgan_dollars_one_dollar_1884_cc_none,1884,One Dollar,CC,Morgan Dollars,,coin,NO,
ref_coin_morgan_dollars_one_dollar_1884_o_none,1884,One Dollar,O,Morgan Dollars,,coin,NO,
ref_coin_morgan_dollars_one_dollar_1884_p_doubled_die_obverse,1884,One Dollar,P,Morgan Dollars,Doubled Die Obverse,coin,NO,
ref_coin_morgan_dollars_one_dollar_1884_p_none,1884,One Dollar,P,Morgan Dollars,,coin,NO,
ref_coin_morgan_dollars_one_dollar_1884_s_none,1884,One Dollar,S,Morgan Dollars,,coin,NO,
ref_coin_type_123987,1884,Five Cents,,U.S. Pattern Coinage,"5 Cents ""1884 Nickel"" (Pattern; nickel)",coin,NO,
ref_coin_type_124003,1884,One Cent,,U.S. Pattern Coinage,"1 Cent ""1884"" (Pattern; nickel)",coin,NO,
ref_coin_type_124723,1884,One Dollar,,Modern Commemorative Dollars,1 Dollar (Counterstamped),coin,NO,
ref_coin_type_252674,1884,One Cent,,U.S. Pattern Coinage,"1 Cent ""1884"" (Pattern; aluminium)",coin,NO,
ref_coin_type_252675,1884,One Cent,,U.S. Pattern Coinage,"1 Cent ""1884"" (Pattern; white metal)",coin,NO,
ref_coin_type_25332,1884,One Dollar,,Modern Commemorative Dollars,1 Dollar (Counterstamped),coin,NO,
ref_coin_type_25333,1884,One Dollar,,Modern Commemorative Dollars,1 Dollar (Counterstamped),coin,NO,
ref_coin_type_254068,1884,Five Cents,,U.S. Pattern Coinage,"5 Cents ""1884 Nickel"" (Pattern; white metal)",coin,NO,
ref_coin_type_254069,1884,Five Cents,,U.S. Pattern Coinage,"5 Cents ""1884 Nickel"" (Pattern; aluminium)",coin,NO,
ref_coin_flying_eagle___indian_head_cents_one_cent_1885_p_none,1885,One Cent,P,Flying Eagle & Indian Head Cents,,coin,NO,
ref_coin_liberty_head__v__nickels_five_cents_1885_p_none,1885,Five Cents,P,Liberty Head (V) Nickels,,coin,NO,
ref_coin_morgan_dollars_one_dollar_1885_cc_none,1885,One Dollar,CC,Morgan Dollars,,coin,NO,
ref_coin_morgan_dollars_one_dollar_1885_o_none,1885,One Dollar,O,Morgan Dollars,,coin,NO,
ref_coin_morgan_dollars_one_dollar_1885_p_none,1885,One Dollar,P,Morgan Dollars,,coin,NO,
ref_coin_morgan_dollars_one_dollar_1885_s_none,1885,One Dollar,S,Morgan Dollars,,coin,NO,
ref_coin_flying_eagle___indian_head_cents_one_cent_1886_p_type_1,1886,One Cent,P,Flying Eagle & Indian Head Cents,Type 1,coin,NO,
ref_coin_flying_eagle___indian_head_cents_one_cent_1886_p_type_2,1886,One Cent,P,Flying Eagle & Indian Head Cents,Type 2,coin,NO,
ref_coin_liberty_head__v__nickels_five_cents_1886_p_none,1886,Five Cents,P,Liberty Head (V) Nickels,,coin,NO,
ref_coin_morgan_dollars_one_dollar_1886_o_none,1886,One Dollar,O,Morgan Dollars,,coin,NO,
ref_coin_morgan_dollars_one_dollar_1886_p_none,1886,One Dollar,P,Morgan Dollars,,coin,NO,
ref_coin_morgan_dollars_one_dollar_1886_s_none,1886,One Dollar,S,Morgan Dollars,,coin,NO,
ref_coin_type_102991,1886,Five Cents,,U.S. Pattern Coinage,"5 Cents ""1886 Nickel"" (Pattern; copper)",coin,NO,
ref_coin_type_295504,1886,Five Cents,,U.S. Pattern Coinage,"5 Cents ""1886 Nickel"" (Pattern; nickel)",coin,NO,
ref_coin_type_295505,1886,Five Cents,,U.S. Pattern Coinage,"5 Cents ""1886 Nickel"" (Pattern; bronze)",coin,NO,
ref_coin_flying_eagle___indian_head_cents_one_cent_1887_p_7_over_6,1887,One Cent,P,Flying Eagle & Indian Head Cents,7 Over 6,coin,NO,
ref_coin_flying_eagle___indian_head_cents_one_cent_1887_p_none,1887,One Cent,P,Flying Eagle & Indian Head Cents,,coin,NO,
ref_coin_liberty_head__v__nickels_five_cents_1887_p_7_over_6,1887,Five Cents,P,Liberty Head (V) Nickels,7 Over 6,coin,NO,
ref_coin_liberty_head__v__nickels_five_cents_1887_p_none,1887,Five Cents,P,Liberty Head (V) Nickels,,coin,NO,
ref_coin_morgan_dollars_one_dollar_1887_o_7_over_6,1887,One Dollar,O,Morgan Dollars,7 Over 6,coin,NO,
ref_coin_morgan_dollars_one_dollar_1887_o_none,1887,One Dollar,O,Morgan Dollars,,coin,NO,
ref_coin_morgan_dollars_one_dollar_1887_p_7_over_6,1887,One Dollar,P,Morgan Dollars,7 Over 6,coin,NO,
ref_coin_morgan_dollars_one_dollar_1887_p_none,1887,One Dollar,P,Morgan Dollars,,coin,NO,
ref_coin_morgan_dollars_one_dollar_1887_s_none,1887,One Dollar,S,Morgan Dollars,,coin,NO,
ref_coin_flying_eagle___indian_head_cents_one_cent_1888_p_8_over_7,1888,One Cent,P,Flying Eagle & Indian Head Cents,8 Over 7,coin,NO,
ref_coin_flying_eagle___indian_head_cents_one_cent_1888_p_none,1888,One Cent,P,Flying Eagle & Indian Head Cents,,coin,NO,
ref_coin_liberty_head__v__nickels_five_cents_1888_p_none,1888,Five Cents,P,Liberty Head (V) Nickels,,coin,NO,
ref_coin_morgan_dollars_one_dollar_1888_o_doubled_die_obverse,1888,One Dollar,O,Morgan Dollars,Doubled Die Obverse,coin,NO,
ref_coin_morgan_dollars_one_dollar_1888_o_none,1888,One Dollar,O,Morgan Dollars,,coin,NO,
ref_coin_morgan_dollars_one_dollar_1888_p_none,1888,One Dollar,P,Morgan Dollars,,coin,NO,
ref_coin_morgan_dollars_one_dollar_1888_s_none,1888,One Dollar,S,Morgan Dollars,,coin,NO,
ref_coin_flying_eagle___indian_head_cents_one_cent_1889_p_none,1889,One Cent,P,Flying Eagle & Indian Head Cents,,coin,NO,
ref_coin_liberty_head__v__nickels_five_cents_1889_p_none,1889,Five Cents,P,Liberty Head (V) Nickels,,coin,NO,
ref_coin_morgan_dollars_one_dollar_1889_cc_none,1889,One Dollar,CC,Morgan Dollars,,coin,NO,
ref_coin_morgan_dollars_one_dollar_1889_o_none,1889,One Dollar,O,Morgan Dollars,,coin,NO,
ref_coin_morgan_dollars_one_dollar_1889_p_none,1889,One Dollar,P,Morgan Dollars,,coin,NO,
ref_coin_morgan_dollars_one_dollar_1889_s_none,1889,One Dollar,S,Morgan Dollars,,coin,NO,
ref_coin_flying_eagle___indian_head_cents_one_cent_1890_p_none,1890,One Cent,P,Flying Eagle & Indian Head Cents,,coin,NO,
ref_coin_liberty_head__v__nickels_five_cents_1890_p_none,1890,Five Cents,P,Liberty Head (V) Nickels,,coin,NO,
ref_coin_morgan_dollars_one_dollar_1890_cc_none,1890,One Dollar,CC,Morgan Dollars,,coin,NO,
ref_coin_morgan_dollars_one_dollar_1890_cc_tail_bar,1890,One Dollar,CC,Morgan Dollars,Tail Bar,coin,NO,
ref_coin_morgan_dollars_one_dollar_1890_o_none,1890,One Dollar,O,Morgan Dollars,,coin,NO,
ref_coin_morgan_dollars_one_dollar_1890_p_none,1890,One Dollar,P,Morgan Dollars,,coin,NO,
ref_coin_morgan_dollars_one_dollar_1890_s_none,1890,One Dollar,S,Morgan Dollars,,coin,NO,
ref_coin_flying_eagle___indian_head_cents_one_cent_1891_p_none,1891,One Cent,P,Flying Eagle & Indian Head Cents,,coin,NO,
ref_coin_liberty_head__v__nickels_five_cents_1891_p_none,1891,Five Cents,P,Liberty Head (V) Nickels,,coin,NO,
ref_coin_morgan_dollars_one_dollar_1891_cc_none,1891,One Dollar,CC,Morgan Dollars,,coin,NO,
ref_coin_morgan_dollars_one_dollar_1891_o_none,1891,One Dollar,O,Morgan Dollars,,coin,NO,
ref_coin_morgan_dollars_one_dollar_1891_p_none,1891,One Dollar,P,Morgan Dollars,,coin,NO,
ref_coin_morgan_dollars_one_dollar_1891_s_none,1891,One Dollar,S,Morgan Dollars,,coin,NO,
ref_coin_type_25257,1891,One Dollar,,U.S. Pattern Coinage,1 Dollar - Liliʻuokalani (Reginald Huth Pattern),coin,NO,
ref_coin_barber_dimes_one_dime_1892_o_none,1892,One Dime,O,Barber Dimes,,coin,NO,
ref_coin_barber_dimes_one_dime_1892_p_none,1892,One Dime,P,Barber Dimes,,coin,NO,
ref_coin_barber_dimes_one_dime_1892_s_none,1892,One Dime,S,Barber Dimes,,coin,NO,
ref_coin_barber_half_dollars_half_dollar_1892_o_micro_o,1892,Half Dollar,O,Barber Half Dollars,Micro O,coin,NO,
ref_coin_barber_half_dollars_half_dollar_1892_o_none,1892,Half Dollar,O,Barber Half Dollars,,coin,NO,
ref_coin_barber_half_dollars_half_dollar_1892_p_micro_o_reverse,1892,Half Dollar,P,Barber Half Dollars,Micro O Reverse,coin,NO,
ref_coin_barber_half_dollars_half_dollar_1892_p_none,1892,Half Dollar,P,Barber Half Dollars,,coin,NO,
ref_coin_barber_half_dollars_half_dollar_1892_s_micro_s,1892,Half Dollar,S,Barber Half Dollars,Micro S,coin,NO,
ref_coin_barber_half_dollars_half_dollar_1892_s_none,1892,Half Dollar,S,Barber Half Dollars,,coin,NO,
ref_coin_barber_quarters_quarter_dollar_1892_o_none,1892,Quarter Dollar,O,Barber Quarters,,coin,NO,
ref_coin_barber_quarters_quarter_dollar_1892_p_none,1892,Quarter Dollar,P,Barber Quarters,,coin,NO,
ref_coin_barber_quarters_quarter_dollar_1892_p_proof,1892,Quarter Dollar,P,Barber Quarters,Proof,coin,NO,
ref_coin_barber_quarters_quarter_dollar_1892_s_micro_s,1892,Quarter Dollar,S,Barber Quarters,Micro S,coin,NO,
ref_coin_barber_quarters_quarter_dollar_1892_s_none,1892,Quarter Dollar,S,Barber Quarters,,coin,NO,
ref_coin_flying_eagle___indian_head_cents_one_cent_1892_p_none,1892,One Cent,P,Flying Eagle & Indian Head Cents,,coin,NO,
ref_coin_liberty_head__v__nickels_five_cents_1892_p_none,1892,Five Cents,P,Liberty Head (V) Nickels,,coin,NO,
ref_coin_morgan_dollars_one_dollar_1892_cc_none,1892,One Dollar,CC,Morgan Dollars,,coin,NO,
ref_coin_morgan_dollars_one_dollar_1892_o_none,1892,One Dollar,O,Morgan Dollars,,coin,NO,
ref_coin_morgan_dollars_one_dollar_1892_p_none,1892,One Dollar,P,Morgan Dollars,,coin,NO,
ref_coin_morgan_dollars_one_dollar_1892_s_none,1892,One Dollar,S,Morgan Dollars,,coin,NO,
ref_coin_type_10085,1892,Half Dollar,,Barber Half Dollars,"½ Dollar ""Barber Half Dollar""",coin,NO,
ref_coin_type_10591,1892,Quarter Dollar,,Barber Quarters,"¼ Dollar ""Barber Quarter""",coin,NO,
ref_coin_type_4396,1892,Half Dollar,,Early Commemorative Half Dollars,½ Dollar (Columbian Exposition),coin,NO,
ref_coin_type_5830,1892,One Dime,,Barber Dimes,"1 Dime ""Barber Dime""",coin,NO,
ref_coin_barber_dimes_one_dime_1893_o_none,1893,One Dime,O,Barber Dimes,,coin,NO,
ref_coin_barber_dimes_one_dime_1893_p_3_over_2,1893,One Dime,P,Barber Dimes,3 Over 2,coin,NO,
ref_coin_barber_dimes_one_dime_1893_p_none,1893,One Dime,P,Barber Dimes,,coin,NO,
ref_coin_barber_dimes_one_dime_1893_s_none,1893,One Dime,S,Barber Dimes,,coin,NO,
ref_coin_barber_half_dollars_half_dollar_1893_o_none,1893,Half Dollar,O,Barber Half Dollars,,coin,NO,
ref_coin_barber_half_dollars_half_dollar_1893_p_none,1893,Half Dollar,P,Barber Half Dollars,,coin,NO,
ref_coin_barber_half_dollars_half_dollar_1893_s_none,1893,Half Dollar,S,Barber Half Dollars,,coin,NO,
ref_coin_barber_quarters_quarter_dollar_1893_o_none,1893,Quarter Dollar,O,Barber Quarters,,coin,NO,
ref_coin_barber_quarters_quarter_dollar_1893_p_none,1893,Quarter Dollar,P,Barber Quarters,,coin,NO,
ref_coin_barber_quarters_quarter_dollar_1893_p_proof,1893,Quarter Dollar,P,Barber Quarters,Proof,coin,NO,
ref_coin_barber_quarters_quarter_dollar_1893_s_none,1893,Quarter Dollar,S,Barber Quarters,,coin,NO,
ref_coin_flying_eagle___indian_head_cents_one_cent_1893_p_none,1893,One Cent,P,Flying Eagle & Indian Head Cents,,coin,NO,
ref_coin_liberty_head__v__nickels_five_cents_1893_p_none,1893,Five Cents,P,Liberty Head (V) Nickels,,coin,NO,
ref_coin_morgan_dollars_one_dollar_1893_cc_none,1893,One Dollar,CC,Morgan Dollars,,coin,NO,
ref_coin_morgan_dollars_one_dollar_1893_o_none,1893,One Dollar,O,Morgan Dollars,,coin,NO,
ref_coin_morgan_dollars_one_dollar_1893_p_none,1893,One Dollar,P,Morgan Dollars,,coin,NO,
ref_coin_morgan_dollars_one_dollar_1893_s_none,1893,One Dollar,S,Morgan Dollars,,coin,NO,
ref_coin_type_46206,1893,One Dollar,,Early Commemorative Half Dollars,So-Called Dollar - 1893 Columbian Exposition World Globe,coin,NO,
ref_coin_type_6695,1893,Quarter Dollar,,Early Commemorative Half Dollars,"¼ Dollar ""Isabella Quarter"" (Columbian Exposition Commemorative)",coin,NO,
ref_coin_barber_dimes_one_dime_1894_o_none,1894,One Dime,O,Barber Dimes,,coin,NO,
ref_coin_barber_dimes_one_dime_1894_p_none,1894,One Dime,P,Barber Dimes,,coin,NO,
ref_coin_barber_dimes_one_dime_1894_s_none,1894,One Dime,S,Barber Dimes,,coin,NO,
ref_coin_barber_half_dollars_half_dollar_1894_o_none,1894,Half Dollar,O,Barber Half Dollars,,coin,NO,
ref_coin_barber_half_dollars_half_dollar_1894_p_none,1894,Half Dollar,P,Barber Half Dollars,,coin,NO,
ref_coin_barber_half_dollars_half_dollar_1894_s_none,1894,Half Dollar,S,Barber Half Dollars,,coin,NO,
ref_coin_barber_quarters_quarter_dollar_1894_o_none,1894,Quarter Dollar,O,Barber Quarters,,coin,NO,
ref_coin_barber_quarters_quarter_dollar_1894_p_none,1894,Quarter Dollar,P,Barber Quarters,,coin,NO,
ref_coin_barber_quarters_quarter_dollar_1894_p_proof,1894,Quarter Dollar,P,Barber Quarters,Proof,coin,NO,
ref_coin_barber_quarters_quarter_dollar_1894_s_none,1894,Quarter Dollar,S,Barber Quarters,,coin,NO,
ref_coin_flying_eagle___indian_head_cents_one_cent_1894_p_double_date,1894,One Cent,P,Flying Eagle & Indian Head Cents,Double Date,coin,NO,
ref_coin_flying_eagle___indian_head_cents_one_cent_1894_p_none,1894,One Cent,P,Flying Eagle & Indian Head Cents,,coin,NO,
ref_coin_liberty_head__v__nickels_five_cents_1894_p_none,1894,Five Cents,P,Liberty Head (V) Nickels,,coin,NO,
ref_coin_morgan_dollars_one_dollar_1894_o_none,1894,One Dollar,O,Morgan Dollars,,coin,NO,
ref_coin_morgan_dollars_one_dollar_1894_p_none,1894,One Dollar,P,Morgan Dollars,,coin,NO,
ref_coin_morgan_dollars_one_dollar_1894_s_none,1894,One Dollar,S,Morgan Dollars,,coin,NO,
ref_coin_barber_dimes_one_dime_1895_o_none,1895,One Dime,O,Barber Dimes,,coin,NO,
ref_coin_barber_dimes_one_dime_1895_p_none,1895,One Dime,P,Barber Dimes,,coin,NO,
ref_coin_barber_dimes_one_dime_1895_s_none,1895,One Dime,S,Barber Dimes,,coin,NO,
ref_coin_barber_half_dollars_half_dollar_1895_o_none,1895,Half Dollar,O,Barber Half Dollars,,coin,NO,
ref_coin_barber_half_dollars_half_dollar_1895_p_none,1895,Half Dollar,P,Barber Half Dollars,,coin,NO,
ref_coin_barber_half_dollars_half_dollar_1895_s_none,1895,Half Dollar,S,Barber Half Dollars,,coin,NO,
ref_coin_barber_quarters_quarter_dollar_1895_o_none,1895,Quarter Dollar,O,Barber Quarters,,coin,NO,
ref_coin_barber_quarters_quarter_dollar_1895_p_none,1895,Quarter Dollar,P,Barber Quarters,,coin,NO,
ref_coin_barber_quarters_quarter_dollar_1895_p_proof,1895,Quarter Dollar,P,Barber Quarters,Proof,coin,NO,
ref_coin_barber_quarters_quarter_dollar_1895_s_none,1895,Quarter Dollar,S,Barber Quarters,,coin,NO,
ref_coin_flying_eagle___indian_head_cents_one_cent_1895_p_none,1895,One Cent,P,Flying Eagle & Indian Head Cents,,coin,NO,
ref_coin_liberty_head__v__nickels_five_cents_1895_p_none,1895,Five Cents,P,Liberty Head (V) Nickels,,coin,NO,
ref_coin_morgan_dollars_one_dollar_1895_o_none,1895,One Dollar,O,Morgan Dollars,,coin,NO,
ref_coin_morgan_dollars_one_dollar_1895_s_none,1895,One Dollar,S,Morgan Dollars,,coin,NO,
ref_coin_type_25255,1895,One Dollar,,U.S. Pattern Coinage,1 Dollar - Victoria Kaʻiulani (Reginald Huth Pattern),coin,NO,
ref_coin_type_25256,1895,One Dollar,,U.S. Pattern Coinage,1 Dollar - Victoria Kaʻiulani (Reginald Huth Pattern),coin,NO,
ref_coin_barber_dimes_one_dime_1896_o_none,1896,One Dime,O,Barber Dimes,,coin,NO,
ref_coin_barber_dimes_one_dime_1896_p_none,1896,One Dime,P,Barber Dimes,,coin,NO,
ref_coin_barber_dimes_one_dime_1896_s_none,1896,One Dime,S,Barber Dimes,,coin,NO,
ref_coin_barber_half_dollars_half_dollar_1896_o_none,1896,Half Dollar,O,Barber Half Dollars,,coin,NO,
ref_coin_barber_half_dollars_half_dollar_1896_p_none,1896,Half Dollar,P,Barber Half Dollars,,coin,NO,
ref_coin_barber_half_dollars_half_dollar_1896_s_none,1896,Half Dollar,S,Barber Half Dollars,,coin,NO,
ref_coin_barber_quarters_quarter_dollar_1896_o_none,1896,Quarter Dollar,O,Barber Quarters,,coin,NO,
ref_coin_barber_quarters_quarter_dollar_1896_p_none,1896,Quarter Dollar,P,Barber Quarters,,coin,NO,
ref_coin_barber_quarters_quarter_dollar_1896_p_proof,1896,Quarter Dollar,P,Barber Quarters,Proof,coin,NO,
ref_coin_barber_quarters_quarter_dollar_1896_s_none,1896,Quarter Dollar,S,Barber Quarters,,coin,NO,
ref_coin_flying_eagle___indian_head_cents_one_cent_1896_p_none,1896,One Cent,P,Flying Eagle & Indian Head Cents,,coin,NO,
ref_coin_liberty_head__v__nickels_five_cents_1896_p_none,1896,Five Cents,P,Liberty Head (V) Nickels,,coin,NO,
ref_coin_morgan_dollars_one_dollar_1896_o_none,1896,One Dollar,O,Morgan Dollars,,coin,NO,
ref_coin_morgan_dollars_one_dollar_1896_p_none,1896,One Dollar,P,Morgan Dollars,,coin,NO,
ref_coin_morgan_dollars_one_dollar_1896_s_none,1896,One Dollar,S,Morgan Dollars,,coin,NO,
ref_coin_type_124004,1896,Five Cents,,U.S. Pattern Coinage,"5 Cents ""1896 Nickel"" (Pattern)",coin,NO,
ref_coin_type_124005,1896,One Cent,,U.S. Pattern Coinage,"1 Cent ""1896"" (Pattern; bronze)",coin,NO,
ref_coin_type_290490,1896,One Cent,,U.S. Pattern Coinage,"1 Cent ""1896"" (Pattern; nickel; magnetic)",coin,NO,
ref_coin_type_290491,1896,One Cent,,U.S. Pattern Coinage,"1 Cent ""1896"" (Pattern; nickel; non-magnetic)",coin,NO,
ref_coin_type_290492,1896,One Cent,,U.S. Pattern Coinage,"1 Cent ""1896"" (Pattern; aluminium)",coin,NO,
ref_coin_barber_dimes_one_dime_1897_o_none,1897,One Dime,O,Barber Dimes,,coin,NO,
ref_coin_barber_dimes_one_dime_1897_p_none,1897,One Dime,P,Barber Dimes,,coin,NO,
ref_coin_barber_dimes_one_dime_1897_s_none,1897,One Dime,S,Barber Dimes,,coin,NO,
ref_coin_barber_half_dollars_half_dollar_1897_o_none,1897,Half Dollar,O,Barber Half Dollars,,coin,NO,
ref_coin_barber_half_dollars_half_dollar_1897_p_none,1897,Half Dollar,P,Barber Half Dollars,,coin,NO,
ref_coin_barber_half_dollars_half_dollar_1897_s_none,1897,Half Dollar,S,Barber Half Dollars,,coin,NO,
ref_coin_barber_quarters_quarter_dollar_1897_o_none,1897,Quarter Dollar,O,Barber Quarters,,coin,NO,
ref_coin_barber_quarters_quarter_dollar_1897_p_none,1897,Quarter Dollar,P,Barber Quarters,,coin,NO,
ref_coin_barber_quarters_quarter_dollar_1897_p_proof,1897,Quarter Dollar,P,Barber Quarters,Proof,coin,NO,
ref_coin_barber_quarters_quarter_dollar_1897_s_none,1897,Quarter Dollar,S,Barber Quarters,,coin,NO,
ref_coin_flying_eagle___indian_head_cents_one_cent_1897_p_1_in_neck,1897,One Cent,P,Flying Eagle & Indian Head Cents,1 in Neck,coin,NO,
ref_coin_flying_eagle___indian_head_cents_one_cent_1897_p_none,1897,One Cent,P,Flying Eagle & Indian Head Cents,,coin,NO,
ref_coin_liberty_head__v__nickels_five_cents_1897_p_1_over_1,1897,Five Cents,P,Liberty Head (V) Nickels,1 Over 1,coin,NO,
ref_coin_liberty_head__v__nickels_five_cents_1897_p_none,1897,Five Cents,P,Liberty Head (V) Nickels,,coin,NO,
ref_coin_morgan_dollars_one_dollar_1897_o_none,1897,One Dollar,O,Morgan Dollars,,coin,NO,
ref_coin_morgan_dollars_one_dollar_1897_p_none,1897,One Dollar,P,Morgan Dollars,,coin,NO,
ref_coin_morgan_dollars_one_dollar_1897_s_none,1897,One Dollar,S,Morgan Dollars,,coin,NO,
ref_coin_barber_dimes_one_dime_1898_o_none,1898,One Dime,O,Barber Dimes,,coin,NO,
ref_coin_barber_dimes_one_dime_1898_p_none,1898,One Dime,P,Barber Dimes,,coin,NO,
ref_coin_barber_dimes_one_dime_1898_s_none,1898,One Dime,S,Barber Dimes,,coin,NO,
ref_coin_barber_half_dollars_half_dollar_1898_o_none,1898,Half Dollar,O,Barber Half Dollars,,coin,NO,
ref_coin_barber_half_dollars_half_dollar_1898_p_none,1898,Half Dollar,P,Barber Half Dollars,,coin,NO,
ref_coin_barber_half_dollars_half_dollar_1898_s_none,1898,Half Dollar,S,Barber Half Dollars,,coin,NO,
ref_coin_barber_quarters_quarter_dollar_1898_o_none,1898,Quarter Dollar,O,Barber Quarters,,coin,NO,
ref_coin_barber_quarters_quarter_dollar_1898_p_none,1898,Quarter Dollar,P,Barber Quarters,,coin,NO,
ref_coin_barber_quarters_quarter_dollar_1898_p_proof,1898,Quarter Dollar,P,Barber Quarters,Proof,coin,NO,
ref_coin_barber_quarters_quarter_dollar_1898_s_none,1898,Quarter Dollar,S,Barber Quarters,,coin,NO,
ref_coin_flying_eagle___indian_head_cents_one_cent_1898_p_none,1898,One Cent,P,Flying Eagle & Indian Head Cents,,coin,NO,
ref_coin_liberty_head__v__nickels_five_cents_1898_p_none,1898,Five Cents,P,Liberty Head (V) Nickels,,coin,NO,
ref_coin_morgan_dollars_one_dollar_1898_o_none,1898,One Dollar,O,Morgan Dollars,,coin,NO,
ref_coin_morgan_dollars_one_dollar_1898_p_none,1898,One Dollar,P,Morgan Dollars,,coin,NO,
ref_coin_morgan_dollars_one_dollar_1898_s_none,1898,One Dollar,S,Morgan Dollars,,coin,NO,
ref_coin_barber_dimes_one_dime_1899_o_none,1899,One Dime,O,Barber Dimes,,coin,NO,
ref_coin_barber_dimes_one_dime_1899_p_none,1899,One Dime,P,Barber Dimes,,coin,NO,
ref_coin_barber_dimes_one_dime_1899_s_none,1899,One Dime,S,Barber Dimes,,coin,NO,
ref_coin_barber_half_dollars_half_dollar_1899_o_none,1899,Half Dollar,O,Barber Half Dollars,,coin,NO,
ref_coin_barber_half_dollars_half_dollar_1899_p_none,1899,Half Dollar,P,Barber Half Dollars,,coin,NO,
ref_coin_barber_half_dollars_half_dollar_1899_s_none,1899,Half Dollar,S,Barber Half Dollars,,coin,NO,
ref_coin_barber_quarters_quarter_dollar_1899_o_none,1899,Quarter Dollar,O,Barber Quarters,,coin,NO,
ref_coin_barber_quarters_quarter_dollar_1899_p_none,1899,Quarter Dollar,P,Barber Quarters,,coin,NO,
ref_coin_barber_quarters_quarter_dollar_1899_p_proof,1899,Quarter Dollar,P,Barber Quarters,Proof,coin,NO,
ref_coin_barber_quarters_quarter_dollar_1899_s_none,1899,Quarter Dollar,S,Barber Quarters,,coin,NO,
ref_coin_flying_eagle___indian_head_cents_one_cent_1899_p_none,1899,One Cent,P,Flying Eagle & Indian Head Cents,,coin,NO,
ref_coin_liberty_head__v__nickels_five_cents_1899_p_none,1899,Five Cents,P,Liberty Head (V) Nickels,,coin,NO,
ref_coin_morgan_dollars_one_dollar_1899_o_none,1899,One Dollar,O,Morgan Dollars,,coin,NO,
ref_coin_morgan_dollars_one_dollar_1899_p_none,1899,One Dollar,P,Morgan Dollars,,coin,NO,
ref_coin_morgan_dollars_one_dollar_1899_s_none,1899,One Dollar,S,Morgan Dollars,,coin,NO,
ref_coin_barber_dimes_one_dime_1900_o_none,1900,One Dime,O,Barber Dimes,,coin,NO,
ref_coin_barber_dimes_one_dime_1900_p_none,1900,One Dime,P,Barber Dimes,,coin,NO,
ref_coin_barber_dimes_one_dime_1900_s_none,1900,One Dime,S,Barber Dimes,,coin,NO,
ref_coin_barber_half_dollars_half_dollar_1900_o_none,1900,Half Dollar,O,Barber Half Dollars,,coin,NO,
ref_coin_barber_half_dollars_half_dollar_1900_p_none,1900,Half Dollar,P,Barber Half Dollars,,coin,NO,
ref_coin_barber_half_dollars_half_dollar_1900_s_none,1900,Half Dollar,S,Barber Half Dollars,,coin,NO,
ref_coin_barber_quarters_quarter_dollar_1900_o_none,1900,Quarter Dollar,O,Barber Quarters,,coin,NO,
ref_coin_barber_quarters_quarter_dollar_1900_p_none,1900,Quarter Dollar,P,Barber Quarters,,coin,NO,
ref_coin_barber_quarters_quarter_dollar_1900_p_proof,1900,Quarter Dollar,P,Barber Quarters,Proof,coin,NO,
ref_coin_barber_quarters_quarter_dollar_1900_s_none,1900,Quarter Dollar,S,Barber Quarters,,coin,NO,
ref_coin_flying_eagle___indian_head_cents_one_cent_1900_p_none,1900,One Cent,P,Flying Eagle & Indian Head Cents,,coin,NO,
ref_coin_liberty_head__v__nickels_five_cents_1900_p_none,1900,Five Cents,P,Liberty Head (V) Nickels,,coin,NO,
ref_coin_morgan_dollars_one_dollar_1900_o_none,1900,One Dollar,O,Morgan Dollars,,coin,NO,
ref_coin_morgan_dollars_one_dollar_1900_o_o_over_cc,1900,One Dollar,O,Morgan Dollars,O Over CC,coin,NO,
ref_coin_morgan_dollars_one_dollar_1900_p_none,1900,One Dollar,P,Morgan Dollars,,coin,NO,
ref_coin_morgan_dollars_one_dollar_1900_s_none,1900,One Dollar,S,Morgan Dollars,,coin,NO,
ref_coin_type_40890,1900,One Dollar,,Modern Commemorative Dollars,1 Dollar (Lafayette),coin,NO,
ref_coin_barber_dimes_one_dime_1901_o_none,1901,One Dime,O,Barber Dimes,,coin,NO,
ref_coin_barber_dimes_one_dime_1901_p_none,1901,One Dime,P,Barber Dimes,,coin,NO,
ref_coin_barber_dimes_one_dime_1901_s_none,1901,One Dime,S,Barber Dimes,,coin,NO,
ref_coin_barber_half_dollars_half_dollar_1901_o_none,1901,Half Dollar,O,Barber Half Dollars,,coin,NO,
ref_coin_barber_half_dollars_half_dollar_1901_p_none,1901,Half Dollar,P,Barber Half Dollars,,coin,NO,
ref_coin_barber_half_dollars_half_dollar_1901_s_none,1901,Half Dollar,S,Barber Half Dollars,,coin,NO,
ref_coin_barber_quarters_quarter_dollar_1901_o_none,1901,Quarter Dollar,O,Barber Quarters,,coin,NO,
ref_coin_barber_quarters_quarter_dollar_1901_p_none,1901,Quarter Dollar,P,Barber Quarters,,coin,NO,
ref_coin_barber_quarters_quarter_dollar_1901_p_proof,1901,Quarter Dollar,P,Barber Quarters,Proof,coin,NO,
ref_coin_barber_quarters_quarter_dollar_1901_s_none,1901,Quarter Dollar,S,Barber Quarters,,coin,NO,
ref_coin_flying_eagle___indian_head_cents_one_cent_1901_p_none,1901,One Cent,P,Flying Eagle & Indian Head Cents,,coin,NO,
ref_coin_liberty_head__v__nickels_five_cents_1901_p_none,1901,Five Cents,P,Liberty Head (V) Nickels,,coin,NO,
ref_coin_morgan_dollars_one_dollar_1901_o_none,1901,One Dollar,O,Morgan Dollars,,coin,NO,
ref_coin_morgan_dollars_one_dollar_1901_p_doubled_die_reverse,1901,One Dollar,P,Morgan Dollars,Doubled Die Reverse,coin,NO,
ref_coin_morgan_dollars_one_dollar_1901_p_none,1901,One Dollar,P,Morgan Dollars,,coin,NO,
ref_coin_morgan_dollars_one_dollar_1901_s_none,1901,One Dollar,S,Morgan Dollars,,coin,NO,
ref_coin_barber_dimes_one_dime_1902_o_none,1902,One Dime,O,Barber Dimes,,coin,NO,
ref_coin_barber_dimes_one_dime_1902_p_none,1902,One Dime,P,Barber Dimes,,coin,NO,
ref_coin_barber_dimes_one_dime_1902_s_none,1902,One Dime,S,Barber Dimes,,coin,NO,
ref_coin_barber_half_dollars_half_dollar_1902_o_none,1902,Half Dollar,O,Barber Half Dollars,,coin,NO,
ref_coin_barber_half_dollars_half_dollar_1902_p_none,1902,Half Dollar,P,Barber Half Dollars,,coin,NO,
ref_coin_barber_half_dollars_half_dollar_1902_s_none,1902,Half Dollar,S,Barber Half Dollars,,coin,NO,
ref_coin_barber_quarters_quarter_dollar_1902_o_none,1902,Quarter Dollar,O,Barber Quarters,,coin,NO,
ref_coin_barber_quarters_quarter_dollar_1902_p_none,1902,Quarter Dollar,P,Barber Quarters,,coin,NO,
ref_coin_barber_quarters_quarter_dollar_1902_p_proof,1902,Quarter Dollar,P,Barber Quarters,Proof,coin,NO,
ref_coin_barber_quarters_quarter_dollar_1902_s_none,1902,Quarter Dollar,S,Barber Quarters,,coin,NO,
ref_coin_flying_eagle___indian_head_cents_one_cent_1902_p_none,1902,One Cent,P,Flying Eagle & Indian Head Cents,,coin,NO,
ref_coin_liberty_head__v__nickels_five_cents_1902_p_none,1902,Five Cents,P,Liberty Head (V) Nickels,,coin,NO,
ref_coin_morgan_dollars_one_dollar_1902_o_none,1902,One Dollar,O,Morgan Dollars,,coin,NO,
ref_coin_morgan_dollars_one_dollar_1902_p_none,1902,One Dollar,P,Morgan Dollars,,coin,NO,
ref_coin_morgan_dollars_one_dollar_1902_s_none,1902,One Dollar,S,Morgan Dollars,,coin,NO,
ref_coin_barber_dimes_one_dime_1903_o_none,1903,One Dime,O,Barber Dimes,,coin,NO,
ref_coin_barber_dimes_one_dime_1903_p_none,1903,One Dime,P,Barber Dimes,,coin,NO,
ref_coin_barber_dimes_one_dime_1903_s_none,1903,One Dime,S,Barber Dimes,,coin,NO,
ref_coin_barber_half_dollars_half_dollar_1903_o_none,1903,Half Dollar,O,Barber Half Dollars,,coin,NO,
ref_coin_barber_half_dollars_half_dollar_1903_p_none,1903,Half Dollar,P,Barber Half Dollars,,coin,NO,
ref_coin_barber_half_dollars_half_dollar_1903_s_none,1903,Half Dollar,S,Barber Half Dollars,,coin,NO,
ref_coin_barber_quarters_quarter_dollar_1903_o_none,1903,Quarter Dollar,O,Barber Quarters,,coin,NO,
ref_coin_barber_quarters_quarter_dollar_1903_p_none,1903,Quarter Dollar,P,Barber Quarters,,coin,NO,
ref_coin_barber_quarters_quarter_dollar_1903_p_proof,1903,Quarter Dollar,P,Barber Quarters,Proof,coin,NO,
ref_coin_barber_quarters_quarter_dollar_1903_s_none,1903,Quarter Dollar,S,Barber Quarters,,coin,NO,
ref_coin_flying_eagle___indian_head_cents_one_cent_1903_p_none,1903,One Cent,P,Flying Eagle & Indian Head Cents,,coin,NO,
ref_coin_liberty_head__v__nickels_five_cents_1903_p_none,1903,Five Cents,P,Liberty Head (V) Nickels,,coin,NO,
ref_coin_morgan_dollars_one_dollar_1903_o_none,1903,One Dollar,O,Morgan Dollars,,coin,NO,
ref_coin_morgan_dollars_one_dollar_1903_p_none,1903,One Dollar,P,Morgan Dollars,,coin,NO,
ref_coin_morgan_dollars_one_dollar_1903_s_micro_s,1903,One Dollar,S,Morgan Dollars,Micro S,coin,NO,
ref_coin_morgan_dollars_one_dollar_1903_s_none,1903,One Dollar,S,Morgan Dollars,,coin,NO,
ref_coin_type_40892,1903,One Dollar,,Presidential Dollars,1 Dollar (William McKinley),coin,NO,
ref_coin_type_43418,1903,One Dollar,,Presidential Dollars,1 Dollar (William McKinley),coin,NO,
ref_coin_barber_dimes_one_dime_1904_p_none,1904,One Dime,P,Barber Dimes,,coin,NO,
ref_coin_barber_dimes_one_dime_1904_s_none,1904,One Dime,S,Barber Dimes,,coin,NO,
ref_coin_barber_half_dollars_half_dollar_1904_o_none,1904,Half Dollar,O,Barber Half Dollars,,coin,NO,
ref_coin_barber_half_dollars_half_dollar_1904_p_none,1904,Half Dollar,P,Barber Half Dollars,,coin,NO,
ref_coin_barber_half_dollars_half_dollar_1904_s_none,1904,Half Dollar,S,Barber Half Dollars,,coin,NO,
ref_coin_barber_quarters_quarter_dollar_1904_o_none,1904,Quarter Dollar,O,Barber Quarters,,coin,NO,
ref_coin_barber_quarters_quarter_dollar_1904_p_none,1904,Quarter Dollar,P,Barber Quarters,,coin,NO,
ref_coin_barber_quarters_quarter_dollar_1904_p_proof,1904,Quarter Dollar,P,Barber Quarters,Proof,coin,NO,
ref_coin_flying_eagle___indian_head_cents_one_cent_1904_p_none,1904,One Cent,P,Flying Eagle & Indian Head Cents,,coin,NO,
ref_coin_liberty_head__v__nickels_five_cents_1904_p_none,1904,Five Cents,P,Liberty Head (V) Nickels,,coin,NO,
ref_coin_morgan_dollars_one_dollar_1904_o_none,1904,One Dollar,O,Morgan Dollars,,coin,NO,
ref_coin_morgan_dollars_one_dollar_1904_p_none,1904,One Dollar,P,Morgan Dollars,,coin,NO,
ref_coin_morgan_dollars_one_dollar_1904_s_none,1904,One Dollar,S,Morgan Dollars,,coin,NO,
ref_coin_type_30364,1904,One Dollar,,Modern Commemorative Dollars,1 Dollar (Lewis and Clark),coin,NO,
ref_coin_barber_dimes_one_dime_1905_o_micro_o,1905,One Dime,O,Barber Dimes,Micro O,coin,NO,
ref_coin_barber_dimes_one_dime_1905_o_none,1905,One Dime,O,Barber Dimes,,coin,NO,
ref_coin_barber_dimes_one_dime_1905_p_none,1905,One Dime,P,Barber Dimes,,coin,NO,
ref_coin_barber_dimes_one_dime_1905_s_none,1905,One Dime,S,Barber Dimes,,coin,NO,
ref_coin_barber_half_dollars_half_dollar_1905_o_none,1905,Half Dollar,O,Barber Half Dollars,,coin,NO,
ref_coin_barber_half_dollars_half_dollar_1905_p_none,1905,Half Dollar,P,Barber Half Dollars,,coin,NO,
ref_coin_barber_half_dollars_half_dollar_1905_s_none,1905,Half Dollar,S,Barber Half Dollars,,coin,NO,
ref_coin_barber_quarters_quarter_dollar_1905_o_none,1905,Quarter Dollar,O,Barber Quarters,,coin,NO,
ref_coin_barber_quarters_quarter_dollar_1905_p_none,1905,Quarter Dollar,P,Barber Quarters,,coin,NO,
ref_coin_barber_quarters_quarter_dollar_1905_p_proof,1905,Quarter Dollar,P,Barber Quarters,Proof,coin,NO,
ref_coin_barber_quarters_quarter_dollar_1905_s_none,1905,Quarter Dollar,S,Barber Quarters,,coin,NO,
ref_coin_flying_eagle___indian_head_cents_one_cent_1905_p_none,1905,One Cent,P,Flying Eagle & Indian Head Cents,,coin,NO,
ref_coin_liberty_head__v__nickels_five_cents_1905_p_none,1905,Five Cents,P,Liberty Head (V) Nickels,,coin,NO,
ref_coin_barber_dimes_one_dime_1906_d_none,1906,One Dime,D,Barber Dimes,,coin,NO,
ref_coin_barber_dimes_one_dime_1906_o_none,1906,One Dime,O,Barber Dimes,,coin,NO,
ref_coin_barber_dimes_one_dime_1906_p_none,1906,One Dime,P,Barber Dimes,,coin,NO,
ref_coin_barber_dimes_one_dime_1906_s_none,1906,One Dime,S,Barber Dimes,,coin,NO,
ref_coin_barber_half_dollars_half_dollar_1906_d_none,1906,Half Dollar,D,Barber Half Dollars,,coin,NO,
ref_coin_barber_half_dollars_half_dollar_1906_o_none,1906,Half Dollar,O,Barber Half Dollars,,coin,NO,
ref_coin_barber_half_dollars_half_dollar_1906_p_none,1906,Half Dollar,P,Barber Half Dollars,,coin,NO,
ref_coin_barber_half_dollars_half_dollar_1906_s_none,1906,Half Dollar,S,Barber Half Dollars,,coin,NO,
ref_coin_barber_quarters_quarter_dollar_1906_d_none,1906,Quarter Dollar,D,Barber Quarters,,coin,NO,
ref_coin_barber_quarters_quarter_dollar_1906_o_none,1906,Quarter Dollar,O,Barber Quarters,,coin,NO,
ref_coin_barber_quarters_quarter_dollar_1906_p_none,1906,Quarter Dollar,P,Barber Quarters,,coin,NO,
ref_coin_barber_quarters_quarter_dollar_1906_p_proof,1906,Quarter Dollar,P,Barber Quarters,Proof,coin,NO,
ref_coin_flying_eagle___indian_head_cents_one_cent_1906_p_none,1906,One Cent,P,Flying Eagle & Indian Head Cents,,coin,NO,
ref_coin_liberty_head__v__nickels_five_cents_1906_p_none,1906,Five Cents,P,Liberty Head (V) Nickels,,coin,NO,
ref_coin_barber_dimes_one_dime_1907_d_none,1907,One Dime,D,Barber Dimes,,coin,NO,
ref_coin_barber_dimes_one_dime_1907_o_none,1907,One Dime,O,Barber Dimes,,coin,NO,
ref_coin_barber_dimes_one_dime_1907_p_none,1907,One Dime,P,Barber Dimes,,coin,NO,
ref_coin_barber_dimes_one_dime_1907_s_none,1907,One Dime,S,Barber Dimes,,coin,NO,
ref_coin_barber_half_dollars_half_dollar_1907_d_none,1907,Half Dollar,D,Barber Half Dollars,,coin,NO,
ref_coin_barber_half_dollars_half_dollar_1907_o_none,1907,Half Dollar,O,Barber Half Dollars,,coin,NO,
ref_coin_barber_half_dollars_half_dollar_1907_p_none,1907,Half Dollar,P,Barber Half Dollars,,coin,NO,
ref_coin_barber_half_dollars_half_dollar_1907_s_none,1907,Half Dollar,S,Barber Half Dollars,,coin,NO,
ref_coin_barber_quarters_quarter_dollar_1907_d_none,1907,Quarter Dollar,D,Barber Quarters,,coin,NO,
ref_coin_barber_quarters_quarter_dollar_1907_o_none,1907,Quarter Dollar,O,Barber Quarters,,coin,NO,
ref_coin_barber_quarters_quarter_dollar_1907_p_none,1907,Quarter Dollar,P,Barber Quarters,,coin,NO,
ref_coin_barber_quarters_quarter_dollar_1907_p_proof,1907,Quarter Dollar,P,Barber Quarters,Proof,coin,NO,
ref_coin_barber_quarters_quarter_dollar_1907_s_none,1907,Quarter Dollar,S,Barber Quarters,,coin,NO,
ref_coin_flying_eagle___indian_head_cents_one_cent_1907_p_none,1907,One Cent,P,Flying Eagle & Indian Head Cents,,coin,NO,
ref_coin_liberty_head__v__nickels_five_cents_1907_p_none,1907,Five Cents,P,Liberty Head (V) Nickels,,coin,NO,
ref_coin_type_23128,1907,Twenty Dollars,,Saint-Gaudens Gold Coinage,"20 Dollars (Saint-Gaudens - Double Eagle, No motto, Roman numerals)",coin,NO,
ref_coin_type_23129,1907,Twenty Dollars,,Saint-Gaudens Gold Coinage,"20 Dollars (Saint-Gaudens - Double Eagle, No motto)",coin,NO,
ref_coin_type_23163,1907,Twenty Dollars,,Saint-Gaudens Gold Coinage,"20 Dollars (Saint-Gaudens; Roman numerals, no motto, ultra high relief)",coin,NO,
ref_coin_type_91606,1907,Twenty Dollars,,Saint-Gaudens Gold Coinage,"20 Dollars ""Saint-Gaudens - Double Eagle 1907"" (Miniature coin)",coin,NO,
ref_coin_type_23123,1907-1908,Ten Dollars,,Saint-Gaudens Gold Coinage,10 Dollars (Indian Head - No motto),coin,NO,
ref_coin_barber_dimes_one_dime_1908_d_none,1908,One Dime,D,Barber Dimes,,coin,NO,
ref_coin_barber_dimes_one_dime_1908_o_none,1908,One Dime,O,Barber Dimes,,coin,NO,
ref_coin_barber_dimes_one_dime_1908_p_none,1908,One Dime,P,Barber Dimes,,coin,NO,
ref_coin_barber_dimes_one_dime_1908_s_none,1908,One Dime,S,Barber Dimes,,coin,NO,
ref_coin_barber_half_dollars_half_dollar_1908_d_none,1908,Half Dollar,D,Barber Half Dollars,,coin,NO,
ref_coin_barber_half_dollars_half_dollar_1908_o_none,1908,Half Dollar,O,Barber Half Dollars,,coin,NO,
ref_coin_barber_half_dollars_half_dollar_1908_p_none,1908,Half Dollar,P,Barber Half Dollars,,coin,NO,
ref_coin_barber_half_dollars_half_dollar_1908_s_none,1908,Half Dollar,S,Barber Half Dollars,,coin,NO,
ref_coin_barber_quarters_quarter_dollar_1908_d_none,1908,Quarter Dollar,D,Barber Quarters,,coin,NO,
ref_coin_barber_quarters_quarter_dollar_1908_o_none,1908,Quarter Dollar,O,Barber Quarters,,coin,NO,
ref_coin_barber_quarters_quarter_dollar_1908_p_none,1908,Quarter Dollar,P,Barber Quarters,,coin,NO,
ref_coin_barber_quarters_quarter_dollar_1908_p_proof,1908,Quarter Dollar,P,Barber Quarters,Proof,coin,NO,
ref_coin_barber_quarters_quarter_dollar_1908_s_none,1908,Quarter Dollar,S,Barber Quarters,,coin,NO,
ref_coin_flying_eagle___indian_head_cents_one_cent_1908_p_none,1908,One Cent,P,Flying Eagle & Indian Head Cents,,coin,NO,
ref_coin_flying_eagle___indian_head_cents_one_cent_1908_s_none,1908,One Cent,S,Flying Eagle & Indian Head Cents,,coin,NO,
ref_coin_liberty_head__v__nickels_five_cents_1908_p_none,1908,Five Cents,P,Liberty Head (V) Nickels,,coin,NO,
ref_coin_type_18681,1908,Five Dollars,,Liberty Head Coinage,5 Dollars (Indian Head),coin,NO,
ref_coin_type_23124,1908,Ten Dollars,,Saint-Gaudens Gold Coinage,10 Dollars (Indian Head - With motto),coin,NO,
ref_coin_type_23126,1908,Twenty Dollars,,Saint-Gaudens Gold Coinage,"20 Dollars (Saint-Gaudens - Double Eagle, With motto)",coin,NO,
ref_coin_type_6158,1908,Two and a Half Dollars,,Indian Head - Quarter Eagle,"2½ Dollars ""Indian Head - Quarter Eagle""",coin,NO,
ref_coin_barber_dimes_one_dime_1909_d_none,1909,One Dime,D,Barber Dimes,,coin,NO,
ref_coin_barber_dimes_one_dime_1909_o_none,1909,One Dime,O,Barber Dimes,,coin,NO,
ref_coin_barber_dimes_one_dime_1909_p_none,1909,One Dime,P,Barber Dimes,,coin,NO,
ref_coin_barber_dimes_one_dime_1909_s_none,1909,One Dime,S,Barber Dimes,,coin,NO,
ref_coin_barber_half_dollars_half_dollar_1909_o_none,1909,Half Dollar,O,Barber Half Dollars,,coin,NO,
ref_coin_barber_half_dollars_half_dollar_1909_p_none,1909,Half Dollar,P,Barber Half Dollars,,coin,NO,
ref_coin_barber_half_dollars_half_dollar_1909_s_none,1909,Half Dollar,S,Barber Half Dollars,,coin,NO,
ref_coin_barber_quarters_quarter_dollar_1909_d_none,1909,Quarter Dollar,D,Barber Quarters,,coin,NO,
ref_coin_barber_quarters_quarter_dollar_1909_o_none,1909,Quarter Dollar,O,Barber Quarters,,coin,NO,
ref_coin_barber_quarters_quarter_dollar_1909_p_none,1909,Quarter Dollar,P,Barber Quarters,,coin,NO,
ref_coin_barber_quarters_quarter_dollar_1909_p_proof,1909,Quarter Dollar,P,Barber Quarters,Proof,coin,NO,
ref_coin_barber_quarters_quarter_dollar_1909_s_none,1909,Quarter Dollar,S,Barber Quarters,,coin,NO,
ref_coin_flying_eagle___indian_head_cents_one_cent_1909_p_none,1909,One Cent,P,Flying Eagle & Indian Head Cents,,coin,NO,
ref_coin_flying_eagle___indian_head_cents_one_cent_1909_s_none,1909,One Cent,S,Flying Eagle & Indian Head Cents,,coin,NO,
ref_coin_liberty_head__v__nickels_five_cents_1909_p_none,1909,Five Cents,P,Liberty Head (V) Nickels,,coin,NO,
ref_coin_lincoln_cents_one_cent_1909_p_doubled_die_obverse,1909,One Cent,P,Lincoln Cents,Doubled Die Obverse,coin,NO,
ref_coin_lincoln_cents_one_cent_1909_p_no_v_d_b,1909,One Cent,P,Lincoln Cents,No V.D.B.,coin,NO,
ref_coin_lincoln_cents_one_cent_1909_p_none,1909,One Cent,P,Lincoln Cents,,coin,NO,
ref_coin_lincoln_cents_one_cent_1909_s_none,1909,One Cent,S,Lincoln Cents,,coin,NO,
ref_coin_lincoln_cents_one_cent_1909_s_s_over_horizontal_s,1909,One Cent,S,Lincoln Cents,S Over Horizontal S,coin,NO,
ref_coin_lincoln_cents_one_cent_1909_s_s_over_s__s_s,1909,One Cent,S,Lincoln Cents,S Over S (S/S),coin,NO,
ref_coin_lincoln_cents_one_cent_1909_s_v_d_b,1909,One Cent,S,Lincoln Cents,V.D.B.,coin,NO,
ref_coin_lincoln_wheat_pennies_one_cent_1909_p_none,1909,One Cent,P,Lincoln Wheat Pennies,,coin,NO,
ref_coin_lincoln_wheat_pennies_one_cent_1909_p_v_d_b,1909,One Cent,P,Lincoln Wheat Pennies,V.D.B.,coin,NO,
ref_coin_lincoln_wheat_pennies_one_cent_1909_s_none,1909,One Cent,S,Lincoln Wheat Pennies,,coin,NO,
ref_coin_lincoln_wheat_pennies_one_cent_1909_s_s_over_s__s_s,1909,One Cent,S,Lincoln Wheat Pennies,S Over S (S/S),coin,NO,
ref_coin_lincoln_wheat_pennies_one_cent_1909_s_v_d_b,1909,One Cent,S,Lincoln Wheat Pennies,V.D.B.,coin,NO,
ref_coin_type_908,1909,One Cent,,Lincoln Wheat Pennies,"1 Cent ""Lincoln - Wheat Ears Reverse""",coin,NO,
ref_coin_barber_dimes_one_dime_1910_d_none,1910,One Dime,D,Barber Dimes,,coin,NO,
ref_coin_barber_dimes_one_dime_1910_p_none,1910,One Dime,P,Barber Dimes,,coin,NO,
ref_coin_barber_dimes_one_dime_1910_s_none,1910,One Dime,S,Barber Dimes,,coin,NO,
ref_coin_barber_half_dollars_half_dollar_1910_p_none,1910,Half Dollar,P,Barber Half Dollars,,coin,NO,
ref_coin_barber_half_dollars_half_dollar_1910_s_none,1910,Half Dollar,S,Barber Half Dollars,,coin,NO,
ref_coin_barber_quarters_quarter_dollar_1910_d_none,1910,Quarter Dollar,D,Barber Quarters,,coin,NO,
ref_coin_barber_quarters_quarter_dollar_1910_p_none,1910,Quarter Dollar,P,Barber Quarters,,coin,NO,
ref_coin_barber_quarters_quarter_dollar_1910_p_proof,1910,Quarter Dollar,P,Barber Quarters,Proof,coin,NO,
ref_coin_liberty_head__v__nickels_five_cents_1910_p_none,1910,Five Cents,P,Liberty Head (V) Nickels,,coin,NO,
ref_coin_lincoln_cents_one_cent_1910_p_none,1910,One Cent,P,Lincoln Cents,,coin,NO,
ref_coin_lincoln_cents_one_cent_1910_s_none,1910,One Cent,S,Lincoln Cents,,coin,NO,
ref_coin_lincoln_wheat_pennies_one_cent_1910_p_none,1910,One Cent,P,Lincoln Wheat Pennies,,coin,NO,
ref_coin_lincoln_wheat_pennies_one_cent_1910_s_none,1910,One Cent,S,Lincoln Wheat Pennies,,coin,NO,
ref_coin_barber_dimes_one_dime_1911_d_none,1911,One Dime,D,Barber Dimes,,coin,NO,
ref_coin_barber_dimes_one_dime_1911_p_none,1911,One Dime,P,Barber Dimes,,coin,NO,
ref_coin_barber_dimes_one_dime_1911_s_none,1911,One Dime,S,Barber Dimes,,coin,NO,
ref_coin_barber_half_dollars_half_dollar_1911_d_none,1911,Half Dollar,D,Barber Half Dollars,,coin,NO,
ref_coin_barber_half_dollars_half_dollar_1911_p_none,1911,Half Dollar,P,Barber Half Dollars,,coin,NO,
ref_coin_barber_half_dollars_half_dollar_1911_s_none,1911,Half Dollar,S,Barber Half Dollars,,coin,NO,
ref_coin_barber_quarters_quarter_dollar_1911_d_none,1911,Quarter Dollar,D,Barber Quarters,,coin,NO,
ref_coin_barber_quarters_quarter_dollar_1911_p_none,1911,Quarter Dollar,P,Barber Quarters,,coin,NO,
ref_coin_barber_quarters_quarter_dollar_1911_p_proof,1911,Quarter Dollar,P,Barber Quarters,Proof,coin,NO,
ref_coin_barber_quarters_quarter_dollar_1911_s_none,1911,Quarter Dollar,S,Barber Quarters,,coin,NO,
ref_coin_liberty_head__v__nickels_five_cents_1911_p_none,1911,Five Cents,P,Liberty Head (V) Nickels,,coin,NO,
ref_coin_lincoln_cents_one_cent_1911_d_d_over_d__d_d,1911,One Cent,D,Lincoln Cents,D Over D (D/D),coin,NO,
ref_coin_lincoln_cents_one_cent_1911_d_none,1911,One Cent,D,Lincoln Cents,,coin,NO,
ref_coin_lincoln_cents_one_cent_1911_p_none,1911,One Cent,P,Lincoln Cents,,coin,NO,
ref_coin_lincoln_cents_one_cent_1911_s_none,1911,One Cent,S,Lincoln Cents,,coin,NO,
ref_coin_lincoln_cents_one_cent_1911_s_s_over_s__s_s,1911,One Cent,S,Lincoln Cents,S Over S (S/S),coin,NO,
ref_coin_lincoln_wheat_pennies_one_cent_1911_d_none,1911,One Cent,D,Lincoln Wheat Pennies,,coin,NO,
ref_coin_lincoln_wheat_pennies_one_cent_1911_p_none,1911,One Cent,P,Lincoln Wheat Pennies,,coin,NO,
ref_coin_lincoln_wheat_pennies_one_cent_1911_s_none,1911,One Cent,S,Lincoln Wheat Pennies,,coin,NO,
ref_coin_lincoln_wheat_pennies_one_cent_1911_s_s_over_s__s_s,1911,One Cent,S,Lincoln Wheat Pennies,S Over S (S/S),coin,NO,
ref_coin_barber_dimes_one_dime_1912_d_none,1912,One Dime,D,Barber Dimes,,coin,NO,
ref_coin_barber_dimes_one_dime_1912_p_none,1912,One Dime,P,Barber Dimes,,coin,NO,
ref_coin_barber_dimes_one_dime_1912_s_none,1912,One Dime,S,Barber Dimes,,coin,NO,
ref_coin_barber_half_dollars_half_dollar_1912_d_none,1912,Half Dollar,D,Barber Half Dollars,,coin,NO,
ref_coin_barber_half_dollars_half_dollar_1912_p_none,1912,Half Dollar,P,Barber Half Dollars,,coin,NO,
ref_coin_barber_half_dollars_half_dollar_1912_s_none,1912,Half Dollar,S,Barber Half Dollars,,coin,NO,
ref_coin_barber_quarters_quarter_dollar_1912_p_none,1912,Quarter Dollar,P,Barber Quarters,,coin,NO,
ref_coin_barber_quarters_quarter_dollar_1912_p_proof,1912,Quarter Dollar,P,Barber Quarters,Proof,coin,NO,
ref_coin_barber_quarters_quarter_dollar_1912_s_none,1912,Quarter Dollar,S,Barber Quarters,,coin,NO,
ref_coin_liberty_head__v__nickels_five_cents_1912_d_none,1912,Five Cents,D,Liberty Head (V) Nickels,,coin,NO,
ref_coin_liberty_head__v__nickels_five_cents_1912_p_none,1912,Five Cents,P,Liberty Head (V) Nickels,,coin,NO,
ref_coin_liberty_head__v__nickels_five_cents_1912_s_none,1912,Five Cents,S,Liberty Head (V) Nickels,,coin,NO,
ref_coin_lincoln_cents_one_cent_1912_d_none,1912,One Cent,D,Lincoln Cents,,coin,NO,
ref_coin_lincoln_cents_one_cent_1912_p_none,1912,One Cent,P,Lincoln Cents,,coin,NO,
ref_coin_lincoln_cents_one_cent_1912_s_none,1912,One Cent,S,Lincoln Cents,,coin,NO,
ref_coin_lincoln_wheat_pennies_one_cent_1912_d_none,1912,One Cent,D,Lincoln Wheat Pennies,,coin,NO,
ref_coin_lincoln_wheat_pennies_one_cent_1912_p_none,1912,One Cent,P,Lincoln Wheat Pennies,,coin,NO,
ref_coin_lincoln_wheat_pennies_one_cent_1912_s_none,1912,One Cent,S,Lincoln Wheat Pennies,,coin,NO,
ref_coin_barber_dimes_one_dime_1913_p_none,1913,One Dime,P,Barber Dimes,,coin,NO,
ref_coin_barber_dimes_one_dime_1913_s_none,1913,One Dime,S,Barber Dimes,,coin,NO,
ref_coin_barber_half_dollars_half_dollar_1913_d_none,1913,Half Dollar,D,Barber Half Dollars,,coin,NO,
ref_coin_barber_half_dollars_half_dollar_1913_p_none,1913,Half Dollar,P,Barber Half Dollars,,coin,NO,
ref_coin_barber_half_dollars_half_dollar_1913_s_none,1913,Half Dollar,S,Barber Half Dollars,,coin,NO,
ref_coin_barber_quarters_quarter_dollar_1913_d_none,1913,Quarter Dollar,D,Barber Quarters,,coin,NO,
ref_coin_barber_quarters_quarter_dollar_1913_p_none,1913,Quarter Dollar,P,Barber Quarters,,coin,NO,
ref_coin_barber_quarters_quarter_dollar_1913_p_proof,1913,Quarter Dollar,P,Barber Quarters,Proof,coin,NO,
ref_coin_barber_quarters_quarter_dollar_1913_s_none,1913,Quarter Dollar,S,Barber Quarters,,coin,NO,
ref_coin_buffalo_nickels_five_cents_1913_d_type_1___mound,1913,Five Cents,D,Buffalo Nickels,Type 1 - Mound,coin,NO,
ref_coin_buffalo_nickels_five_cents_1913_d_type_2___recessed_line,1913,Five Cents,D,Buffalo Nickels,Type 2 - Recessed Line,coin,NO,
ref_coin_buffalo_nickels_five_cents_1913_p_type_1___mound,1913,Five Cents,P,Buffalo Nickels,Type 1 - Mound,coin,NO,
ref_coin_buffalo_nickels_five_cents_1913_p_type_2___recessed_line,1913,Five Cents,P,Buffalo Nickels,Type 2 - Recessed Line,coin,NO,
ref_coin_buffalo_nickels_five_cents_1913_s_type_1___mound,1913,Five Cents,S,Buffalo Nickels,Type 1 - Mound,coin,NO,
ref_coin_buffalo_nickels_five_cents_1913_s_type_2___recessed_line,1913,Five Cents,S,Buffalo Nickels,Type 2 - Recessed Line,coin,NO,
ref_coin_lincoln_cents_one_cent_1913_d_none,1913,One Cent,D,Lincoln Cents,,coin,NO,
ref_coin_lincoln_cents_one_cent_1913_p_none,1913,One Cent,P,Lincoln Cents,,coin,NO,
ref_coin_lincoln_cents_one_cent_1913_s_none,1913,One Cent,S,Lincoln Cents,,coin,NO,
ref_coin_lincoln_wheat_pennies_one_cent_1913_d_none,1913,One Cent,D,Lincoln Wheat Pennies,,coin,NO,
ref_coin_lincoln_wheat_pennies_one_cent_1913_p_none,1913,One Cent,P,Lincoln Wheat Pennies,,coin,NO,
ref_coin_lincoln_wheat_pennies_one_cent_1913_s_none,1913,One Cent,S,Lincoln Wheat Pennies,,coin,NO,
ref_coin_type_1109,1913,Five Cents,,Buffalo Nickels,"5 Cents ""Buffalo Nickel"" (flat ground)",coin,NO,
ref_coin_type_4728,1913,Five Cents,,Buffalo Nickels,"5 Cents ""Buffalo Nickel"" (raised ground)",coin,NO,
ref_coin_barber_dimes_one_dime_1914_d_none,1914,One Dime,D,Barber Dimes,,coin,NO,
ref_coin_barber_dimes_one_dime_1914_p_none,1914,One Dime,P,Barber Dimes,,coin,NO,
ref_coin_barber_dimes_one_dime_1914_s_none,1914,One Dime,S,Barber Dimes,,coin,NO,
ref_coin_barber_half_dollars_half_dollar_1914_p_none,1914,Half Dollar,P,Barber Half Dollars,,coin,NO,
ref_coin_barber_half_dollars_half_dollar_1914_s_none,1914,Half Dollar,S,Barber Half Dollars,,coin,NO,
ref_coin_barber_quarters_quarter_dollar_1914_d_none,1914,Quarter Dollar,D,Barber Quarters,,coin,NO,
ref_coin_barber_quarters_quarter_dollar_1914_p_none,1914,Quarter Dollar,P,Barber Quarters,,coin,NO,
ref_coin_barber_quarters_quarter_dollar_1914_p_proof,1914,Quarter Dollar,P,Barber Quarters,Proof,coin,NO,
ref_coin_barber_quarters_quarter_dollar_1914_s_none,1914,Quarter Dollar,S,Barber Quarters,,coin,NO,
ref_coin_buffalo_nickels_five_cents_1914_d_none,1914,Five Cents,D,Buffalo Nickels,,coin,NO,
ref_coin_buffalo_nickels_five_cents_1914_p_4_over_3_overdate,1914,Five Cents,P,Buffalo Nickels,4 Over 3 Overdate,coin,NO,
ref_coin_buffalo_nickels_five_cents_1914_p_none,1914,Five Cents,P,Buffalo Nickels,,coin,NO,
ref_coin_buffalo_nickels_five_cents_1914_s_none,1914,Five Cents,S,Buffalo Nickels,,coin,NO,
ref_coin_lincoln_cents_one_cent_1914_p_none,1914,One Cent,P,Lincoln Cents,,coin,NO,
ref_coin_lincoln_cents_one_cent_1914_s_none,1914,One Cent,S,Lincoln Cents,,coin,NO,
ref_coin_lincoln_wheat_pennies_one_cent_1914_d_none,1914,One Cent,D,Lincoln Wheat Pennies,,coin,NO,
ref_coin_lincoln_wheat_pennies_one_cent_1914_p_none,1914,One Cent,P,Lincoln Wheat Pennies,,coin,NO,
ref_coin_lincoln_wheat_pennies_one_cent_1914_s_none,1914,One Cent,S,Lincoln Wheat Pennies,,coin,NO,
ref_coin_barber_dimes_one_dime_1915_p_none,1915,One Dime,P,Barber Dimes,,coin,NO,
ref_coin_barber_dimes_one_dime_1915_s_none,1915,One Dime,S,Barber Dimes,,coin,NO,
ref_coin_barber_half_dollars_half_dollar_1915_d_none,1915,Half Dollar,D,Barber Half Dollars,,coin,NO,
ref_coin_barber_half_dollars_half_dollar_1915_p_none,1915,Half Dollar,P,Barber Half Dollars,,coin,NO,
ref_coin_barber_half_dollars_half_dollar_1915_s_none,1915,Half Dollar,S,Barber Half Dollars,,coin,NO,
ref_coin_barber_quarters_quarter_dollar_1915_d_none,1915,Quarter Dollar,D,Barber Quarters,,coin,NO,
ref_coin_barber_quarters_quarter_dollar_1915_p_none,1915,Quarter Dollar,P,Barber Quarters,,coin,NO,
ref_coin_barber_quarters_quarter_dollar_1915_p_proof,1915,Quarter Dollar,P,Barber Quarters,Proof,coin,NO,
ref_coin_barber_quarters_quarter_dollar_1915_s_none,1915,Quarter Dollar,S,Barber Quarters,,coin,NO,
ref_coin_buffalo_nickels_five_cents_1915_d_none,1915,Five Cents,D,Buffalo Nickels,,coin,NO,
ref_coin_buffalo_nickels_five_cents_1915_p_none,1915,Five Cents,P,Buffalo Nickels,,coin,NO,
ref_coin_buffalo_nickels_five_cents_1915_s_none,1915,Five Cents,S,Buffalo Nickels,,coin,NO,
ref_coin_lincoln_cents_one_cent_1915_d_none,1915,One Cent,D,Lincoln Cents,,coin,NO,
ref_coin_lincoln_cents_one_cent_1915_p_none,1915,One Cent,P,Lincoln Cents,,coin,NO,
ref_coin_lincoln_cents_one_cent_1915_s_none,1915,One Cent,S,Lincoln Cents,,coin,NO,
ref_coin_lincoln_wheat_pennies_one_cent_1915_d_none,1915,One Cent,D,Lincoln Wheat Pennies,,coin,NO,
ref_coin_lincoln_wheat_pennies_one_cent_1915_p_none,1915,One Cent,P,Lincoln Wheat Pennies,,coin,NO,
ref_coin_lincoln_wheat_pennies_one_cent_1915_s_none,1915,One Cent,S,Lincoln Wheat Pennies,,coin,NO,
ref_coin_type_22587,1915,Half Dollar,S,Early Commemorative Half Dollars,½ Dollar (Panama-Pacific Exposition),coin,NO,
ref_coin_type_24934,1915,Fifty Dollars,,Early Commemorative Half Dollars,50 Dollars (Panama–Pacific Exposition),coin,NO,
ref_coin_type_24935,1915,Fifty Dollars,,Early Commemorative Half Dollars,50 Dollars (Panama–Pacific Exposition),coin,NO,
ref_coin_type_24936,1915,One Dollar,,Modern Commemorative Dollars,1 Dollar (Panama–Pacific Exposition),coin,NO,
ref_coin_type_24937,1915,Two and a Half Dollars,S,Early Commemorative Half Dollars,2½ Dollars (Panama–Pacific Exposition),coin,NO,
ref_coin_barber_dimes_one_dime_1916_p_none,1916,One Dime,P,Barber Dimes,,coin,NO,
ref_coin_barber_dimes_one_dime_1916_s_none,1916,One Dime,S,Barber Dimes,,coin,NO,
ref_coin_barber_quarters_quarter_dollar_1916_d_none,1916,Quarter Dollar,D,Barber Quarters,,coin,NO,
ref_coin_barber_quarters_quarter_dollar_1916_p_none,1916,Quarter Dollar,P,Barber Quarters,,coin,NO,
ref_coin_buffalo_nickels_five_cents_1916_d_none,1916,Five Cents,D,Buffalo Nickels,,coin,NO,
ref_coin_buffalo_nickels_five_cents_1916_p_doubled_die_obverse,1916,Five Cents,P,Buffalo Nickels,Doubled Die Obverse,coin,NO,
ref_coin_buffalo_nickels_five_cents_1916_p_none,1916,Five Cents,P,Buffalo Nickels,,coin,NO,
ref_coin_buffalo_nickels_five_cents_1916_s_none,1916,Five Cents,S,Buffalo Nickels,,coin,NO,
ref_coin_liberty_walking_half_dollars_half_dollar_1916_d_mint_mark_on_obverse,1916,Half Dollar,D,Liberty Walking Half Dollars,Mint Mark on Obverse,coin,NO,
ref_coin_liberty_walking_half_dollars_half_dollar_1916_p_none,1916,Half Dollar,P,Liberty Walking Half Dollars,,coin,NO,
ref_coin_liberty_walking_half_dollars_half_dollar_1916_s_mint_mark_on_obverse,1916,Half Dollar,S,Liberty Walking Half Dollars,Mint Mark on Obverse,coin,NO,
ref_coin_lincoln_cents_one_cent_1916_d_none,1916,One Cent,D,Lincoln Cents,,coin,NO,
ref_coin_lincoln_cents_one_cent_1916_p_doubled_die_obverse,1916,One Cent,P,Lincoln Cents,Doubled Die Obverse,coin,NO,
ref_coin_lincoln_cents_one_cent_1916_p_none,1916,One Cent,P,Lincoln Cents,,coin,NO,
ref_coin_lincoln_cents_one_cent_1916_s_none,1916,One Cent,S,Lincoln Cents,,coin,NO,
ref_coin_lincoln_wheat_pennies_one_cent_1916_d_none,1916,One Cent,D,Lincoln Wheat Pennies,,coin,NO,
ref_coin_lincoln_wheat_pennies_one_cent_1916_p_doubled_die_obverse__ddo,1916,One Cent,P,Lincoln Wheat Pennies,Doubled Die Obverse (DDO),coin,NO,
ref_coin_lincoln_wheat_pennies_one_cent_1916_p_none,1916,One Cent,P,Lincoln Wheat Pennies,,coin,NO,
ref_coin_lincoln_wheat_pennies_one_cent_1916_s_none,1916,One Cent,S,Lincoln Wheat Pennies,,coin,NO,
ref_coin_mercury_dimes_one_dime_1916_p_none,1916,One Dime,P,Mercury Dimes,,coin,NO,
ref_coin_mercury_dimes_one_dime_1916_s_none,1916,One Dime,S,Mercury Dimes,,coin,NO,
ref_coin_type_30785,1916,Quarter Dollar,,Standing Liberty Quarters,"¼ Dollar ""Standing Liberty Quarter"" (No Stars Below Eagle)",coin,NO,
ref_coin_type_4455,1916,Half Dollar,,Liberty Walking Half Dollars,"½ Dollar ""Walking Liberty Half Dollar""",coin,NO,
ref_coin_type_51,1916,One Dime,,Mercury Dimes,"1 Dime ""Mercury Dime""",coin,NO,
ref_coin_buffalo_nickels_five_cents_1917_d_none,1917,Five Cents,D,Buffalo Nickels,,coin,NO,
ref_coin_buffalo_nickels_five_cents_1917_p_none,1917,Five Cents,P,Buffalo Nickels,,coin,NO,
ref_coin_buffalo_nickels_five_cents_1917_s_none,1917,Five Cents,S,Buffalo Nickels,,coin,NO,
ref_coin_liberty_walking_half_dollars_half_dollar_1917_d_mint_mark_on_obverse,1917,Half Dollar,D,Liberty Walking Half Dollars,Mint Mark on Obverse,coin,NO,
ref_coin_liberty_walking_half_dollars_half_dollar_1917_d_mint_mark_on_reverse,1917,Half Dollar,D,Liberty Walking Half Dollars,Mint Mark on Reverse,coin,NO,
ref_coin_liberty_walking_half_dollars_half_dollar_1917_p_none,1917,Half Dollar,P,Liberty Walking Half Dollars,,coin,NO,
ref_coin_liberty_walking_half_dollars_half_dollar_1917_s_mint_mark_on_obverse,1917,Half Dollar,S,Liberty Walking Half Dollars,Mint Mark on Obverse,coin,NO,
ref_coin_liberty_walking_half_dollars_half_dollar_1917_s_mint_mark_on_reverse,1917,Half Dollar,S,Liberty Walking Half Dollars,Mint Mark on Reverse,coin,NO,
ref_coin_lincoln_cents_one_cent_1917_d_none,1917,One Cent,D,Lincoln Cents,,coin,NO,
ref_coin_lincoln_cents_one_cent_1917_p_doubled_die_obverse,1917,One Cent,P,Lincoln Cents,Doubled Die Obverse,coin,NO,
ref_coin_lincoln_cents_one_cent_1917_p_none,1917,One Cent,P,Lincoln Cents,,coin,NO,
ref_coin_lincoln_cents_one_cent_1917_s_none,1917,One Cent,S,Lincoln Cents,,coin,NO,
ref_coin_lincoln_wheat_pennies_one_cent_1917_d_none,1917,One Cent,D,Lincoln Wheat Pennies,,coin,NO,
ref_coin_lincoln_wheat_pennies_one_cent_1917_p_doubled_die_obverse__ddo,1917,One Cent,P,Lincoln Wheat Pennies,Doubled Die Obverse (DDO),coin,NO,
ref_coin_lincoln_wheat_pennies_one_cent_1917_p_none,1917,One Cent,P,Lincoln Wheat Pennies,,coin,NO,
ref_coin_lincoln_wheat_pennies_one_cent_1917_s_doubled_die_obverse__ddo,1917,One Cent,S,Lincoln Wheat Pennies,Doubled Die Obverse (DDO),coin,NO,
ref_coin_lincoln_wheat_pennies_one_cent_1917_s_none,1917,One Cent,S,Lincoln Wheat Pennies,,coin,NO,
ref_coin_mercury_dimes_one_dime_1917_d_none,1917,One Dime,D,Mercury Dimes,,coin,NO,
ref_coin_mercury_dimes_one_dime_1917_p_none,1917,One Dime,P,Mercury Dimes,,coin,NO,
ref_coin_mercury_dimes_one_dime_1917_s_none,1917,One Dime,S,Mercury Dimes,,coin,NO,
ref_coin_type_3573,1917,Quarter Dollar,,Standing Liberty Quarters,"¼ Dollar ""Standing Liberty Quarter"" (Stars Below Eagle)",coin,NO,
ref_coin_buffalo_nickels_five_cents_1918_d_8_over_7_overdate,1918,Five Cents,D,Buffalo Nickels,8 Over 7 Overdate,coin,NO,
ref_coin_buffalo_nickels_five_cents_1918_d_none,1918,Five Cents,D,Buffalo Nickels,,coin,NO,
ref_coin_buffalo_nickels_five_cents_1918_p_none,1918,Five Cents,P,Buffalo Nickels,,coin,NO,
ref_coin_buffalo_nickels_five_cents_1918_s_none,1918,Five Cents,S,Buffalo Nickels,,coin,NO,
ref_coin_liberty_walking_half_dollars_half_dollar_1918_d_none,1918,Half Dollar,D,Liberty Walking Half Dollars,,coin,NO,
ref_coin_liberty_walking_half_dollars_half_dollar_1918_p_none,1918,Half Dollar,P,Liberty Walking Half Dollars,,coin,NO,
ref_coin_liberty_walking_half_dollars_half_dollar_1918_s_none,1918,Half Dollar,S,Liberty Walking Half Dollars,,coin,NO,
ref_coin_lincoln_cents_one_cent_1918_d_none,1918,One Cent,D,Lincoln Cents,,coin,NO,
ref_coin_lincoln_cents_one_cent_1918_p_none,1918,One Cent,P,Lincoln Cents,,coin,NO,
ref_coin_lincoln_cents_one_cent_1918_s_none,1918,One Cent,S,Lincoln Cents,,coin,NO,
ref_coin_lincoln_wheat_pennies_one_cent_1918_d_none,1918,One Cent,D,Lincoln Wheat Pennies,,coin,NO,
ref_coin_lincoln_wheat_pennies_one_cent_1918_p_none,1918,One Cent,P,Lincoln Wheat Pennies,,coin,NO,
ref_coin_lincoln_wheat_pennies_one_cent_1918_s_none,1918,One Cent,S,Lincoln Wheat Pennies,,coin,NO,
ref_coin_mercury_dimes_one_dime_1918_d_none,1918,One Dime,D,Mercury Dimes,,coin,NO,
ref_coin_mercury_dimes_one_dime_1918_p_none,1918,One Dime,P,Mercury Dimes,,coin,NO,
ref_coin_mercury_dimes_one_dime_1918_s_none,1918,One Dime,S,Mercury Dimes,,coin,NO,
ref_coin_type_4397,1918,Half Dollar,,Early Commemorative Half Dollars,½ Dollar (State of Illinois Anniversary),coin,NO,
ref_coin_buffalo_nickels_five_cents_1919_d_none,1919,Five Cents,D,Buffalo Nickels,,coin,NO,
ref_coin_buffalo_nickels_five_cents_1919_p_none,1919,Five Cents,P,Buffalo Nickels,,coin,NO,
ref_coin_buffalo_nickels_five_cents_1919_s_none,1919,Five Cents,S,Buffalo Nickels,,coin,NO,
ref_coin_liberty_walking_half_dollars_half_dollar_1919_d_none,1919,Half Dollar,D,Liberty Walking Half Dollars,,coin,NO,
ref_coin_liberty_walking_half_dollars_half_dollar_1919_p_none,1919,Half Dollar,P,Liberty Walking Half Dollars,,coin,NO,
ref_coin_liberty_walking_half_dollars_half_dollar_1919_s_none,1919,Half Dollar,S,Liberty Walking Half Dollars,,coin,NO,
ref_coin_lincoln_cents_one_cent_1919_d_none,1919,One Cent,D,Lincoln Cents,,coin,NO,
ref_coin_lincoln_cents_one_cent_1919_p_none,1919,One Cent,P,Lincoln Cents,,coin,NO,
ref_coin_lincoln_cents_one_cent_1919_s_none,1919,One Cent,S,Lincoln Cents,,coin,NO,
ref_coin_lincoln_wheat_pennies_one_cent_1919_d_none,1919,One Cent,D,Lincoln Wheat Pennies,,coin,NO,
ref_coin_lincoln_wheat_pennies_one_cent_1919_p_none,1919,One Cent,P,Lincoln Wheat Pennies,,coin,NO,
ref_coin_lincoln_wheat_pennies_one_cent_1919_s_none,1919,One Cent,S,Lincoln Wheat Pennies,,coin,NO,
ref_coin_mercury_dimes_one_dime_1919_d_none,1919,One Dime,D,Mercury Dimes,,coin,NO,
ref_coin_mercury_dimes_one_dime_1919_p_none,1919,One Dime,P,Mercury Dimes,,coin,NO,
ref_coin_mercury_dimes_one_dime_1919_s_none,1919,One Dime,S,Mercury Dimes,,coin,NO,
ref_coin_buffalo_nickels_five_cents_1920_d_none,1920,Five Cents,D,Buffalo Nickels,,coin,NO,
ref_coin_buffalo_nickels_five_cents_1920_p_none,1920,Five Cents,P,Buffalo Nickels,,coin,NO,
ref_coin_buffalo_nickels_five_cents_1920_s_none,1920,Five Cents,S,Buffalo Nickels,,coin,NO,
ref_coin_liberty_walking_half_dollars_half_dollar_1920_d_none,1920,Half Dollar,D,Liberty Walking Half Dollars,,coin,NO,
ref_coin_liberty_walking_half_dollars_half_dollar_1920_p_none,1920,Half Dollar,P,Liberty Walking Half Dollars,,coin,NO,
ref_coin_liberty_walking_half_dollars_half_dollar_1920_s_none,1920,Half Dollar,S,Liberty Walking Half Dollars,,coin,NO,
ref_coin_lincoln_cents_one_cent_1920_d_none,1920,One Cent,D,Lincoln Cents,,coin,NO,
ref_coin_lincoln_cents_one_cent_1920_p_none,1920,One Cent,P,Lincoln Cents,,coin,NO,
ref_coin_lincoln_cents_one_cent_1920_s_none,1920,One Cent,S,Lincoln Cents,,coin,NO,
ref_coin_lincoln_wheat_pennies_one_cent_1920_d_none,1920,One Cent,D,Lincoln Wheat Pennies,,coin,NO,
ref_coin_lincoln_wheat_pennies_one_cent_1920_p_none,1920,One Cent,P,Lincoln Wheat Pennies,,coin,NO,
ref_coin_lincoln_wheat_pennies_one_cent_1920_s_none,1920,One Cent,S,Lincoln Wheat Pennies,,coin,NO,
ref_coin_mercury_dimes_one_dime_1920_d_none,1920,One Dime,D,Mercury Dimes,,coin,NO,
ref_coin_mercury_dimes_one_dime_1920_p_none,1920,One Dime,P,Mercury Dimes,,coin,NO,
ref_coin_mercury_dimes_one_dime_1920_s_none,1920,One Dime,S,Mercury Dimes,,coin,NO,
ref_coin_type_18972,1920,Half Dollar,,Early Commemorative Half Dollars,½ Dollar (Maine Statehood Centennial),coin,NO,
ref_coin_type_4398,1920,Half Dollar,,Early Commemorative Half Dollars,½ Dollar (Pilgrim Tercentenary),coin,NO,
ref_coin_buffalo_nickels_five_cents_1921_p_none,1921,Five Cents,P,Buffalo Nickels,,coin,NO,
ref_coin_buffalo_nickels_five_cents_1921_s_none,1921,Five Cents,S,Buffalo Nickels,,coin,NO,
ref_coin_liberty_walking_half_dollars_half_dollar_1921_d_none,1921,Half Dollar,D,Liberty Walking Half Dollars,,coin,NO,
ref_coin_liberty_walking_half_dollars_half_dollar_1921_p_none,1921,Half Dollar,P,Liberty Walking Half Dollars,,coin,NO,
ref_coin_liberty_walking_half_dollars_half_dollar_1921_s_none,1921,Half Dollar,S,Liberty Walking Half Dollars,,coin,NO,
ref_coin_lincoln_cents_one_cent_1921_p_none,1921,One Cent,P,Lincoln Cents,,coin,NO,
ref_coin_lincoln_cents_one_cent_1921_s_none,1921,One Cent,S,Lincoln Cents,,coin,NO,
ref_coin_lincoln_wheat_pennies_one_cent_1921_p_none,1921,One Cent,P,Lincoln Wheat Pennies,,coin,NO,
ref_coin_lincoln_wheat_pennies_one_cent_1921_s_none,1921,One Cent,S,Lincoln Wheat Pennies,,coin,NO,
ref_coin_mercury_dimes_one_dime_1921_d_none,1921,One Dime,D,Mercury Dimes,,coin,NO,
ref_coin_mercury_dimes_one_dime_1921_p_none,1921,One Dime,P,Mercury Dimes,,coin,NO,
ref_coin_morgan_dollars_one_dollar_1921_d_none,1921,One Dollar,D,Morgan Dollars,,coin,NO,
ref_coin_morgan_dollars_one_dollar_1921_p_infrequent_reeded_edge,1921,One Dollar,P,Morgan Dollars,Infrequent Reeded Edge,coin,NO,
ref_coin_morgan_dollars_one_dollar_1921_p_none,1921,One Dollar,P,Morgan Dollars,,coin,NO,
ref_coin_morgan_dollars_one_dollar_1921_s_none,1921,One Dollar,S,Morgan Dollars,,coin,NO,
ref_coin_peace_dollars_one_dollar_1921_p_none,1921,One Dollar,P,Peace Dollars,,coin,NO,
ref_coin_type_5580,1921,One Dollar,,Peace Dollars,"1 Dollar ""Peace Dollar""",coin,NO,
ref_coin_type_62530,1921,One Dollar,,Peace Dollars,"1 Dollar ""Peace Dollar""",coin,NO,
ref_coin_type_9257,1921,Half Dollar,,Early Commemorative Half Dollars,½ Dollar (Alabama Centennial),coin,NO,
ref_coin_type_284676,1921-2021,One Dollar,,Peace Dollars,2 oz Silver (1921-2021 Peace Dollar Commemorative),coin,NO,
ref_coin_lincoln_cents_one_cent_1922_d_no_d__strong_reverse,1922,One Cent,D,Lincoln Cents,No D (Strong Reverse),coin,NO,
ref_coin_lincoln_cents_one_cent_1922_d_none,1922,One Cent,D,Lincoln Cents,,coin,NO,
ref_coin_lincoln_cents_one_cent_1922_d_weak_d,1922,One Cent,D,Lincoln Cents,Weak D,coin,NO,
ref_coin_lincoln_cents_one_cent_1922_p_none,1922,One Cent,P,Lincoln Cents,,coin,NO,
ref_coin_lincoln_wheat_pennies_one_cent_1922_d_no_d__strong_reverse,1922,One Cent,D,Lincoln Wheat Pennies,No D (Strong Reverse),coin,NO,
ref_coin_lincoln_wheat_pennies_one_cent_1922_d_none,1922,One Cent,D,Lincoln Wheat Pennies,,coin,NO,
ref_coin_lincoln_wheat_pennies_one_cent_1922_d_weak_d,1922,One Cent,D,Lincoln Wheat Pennies,Weak D,coin,NO,
ref_coin_lincoln_wheat_pennies_one_cent_1922_p_none,1922,One Cent,P,Lincoln Wheat Pennies,,coin,NO,
ref_coin_peace_dollars_one_dollar_1922_d_none,1922,One Dollar,D,Peace Dollars,,coin,NO,
ref_coin_peace_dollars_one_dollar_1922_p_high_relief,1922,One Dollar,P,Peace Dollars,High Relief,coin,NO,
ref_coin_peace_dollars_one_dollar_1922_p_none,1922,One Dollar,P,Peace Dollars,,coin,NO,
ref_coin_peace_dollars_one_dollar_1922_s_none,1922,One Dollar,S,Peace Dollars,,coin,NO,
ref_coin_type_7944,1922,Half Dollar,,Presidential Dollars,½ Dollar (Ulysses S. Grant),coin,NO,
ref_coin_buffalo_nickels_five_cents_1923_p_none,1923,Five Cents,P,Buffalo Nickels,,coin,NO,
ref_coin_buffalo_nickels_five_cents_1923_s_none,1923,Five Cents,S,Buffalo Nickels,,coin,NO,
ref_coin_liberty_walking_half_dollars_half_dollar_1923_s_none,1923,Half Dollar,S,Liberty Walking Half Dollars,,coin,NO,
ref_coin_lincoln_cents_one_cent_1923_p_none,1923,One Cent,P,Lincoln Cents,,coin,NO,
ref_coin_lincoln_cents_one_cent_1923_s_none,1923,One Cent,S,Lincoln Cents,,coin,NO,
ref_coin_lincoln_wheat_pennies_one_cent_1923_p_none,1923,One Cent,P,Lincoln Wheat Pennies,,coin,NO,
ref_coin_lincoln_wheat_pennies_one_cent_1923_s_none,1923,One Cent,S,Lincoln Wheat Pennies,,coin,NO,
ref_coin_mercury_dimes_one_dime_1923_p_none,1923,One Dime,P,Mercury Dimes,,coin,NO,
ref_coin_mercury_dimes_one_dime_1923_s_none,1923,One Dime,S,Mercury Dimes,,coin,NO,
ref_coin_peace_dollars_one_dollar_1923_d_none,1923,One Dollar,D,Peace Dollars,,coin,NO,
ref_coin_peace_dollars_one_dollar_1923_p_none,1923,One Dollar,P,Peace Dollars,,coin,NO,
ref_coin_peace_dollars_one_dollar_1923_s_none,1923,One Dollar,S,Peace Dollars,,coin,NO,
ref_coin_type_17520,1923,Half Dollar,,Early Commemorative Half Dollars,½ Dollar (Monroe Doctrine Centennial),coin,NO,
ref_coin_buffalo_nickels_five_cents_1924_d_none,1924,Five Cents,D,Buffalo Nickels,,coin,NO,
ref_coin_buffalo_nickels_five_cents_1924_p_none,1924,Five Cents,P,Buffalo Nickels,,coin,NO,
ref_coin_buffalo_nickels_five_cents_1924_s_none,1924,Five Cents,S,Buffalo Nickels,,coin,NO,
ref_coin_lincoln_cents_one_cent_1924_d_none,1924,One Cent,D,Lincoln Cents,,coin,NO,
ref_coin_lincoln_cents_one_cent_1924_p_none,1924,One Cent,P,Lincoln Cents,,coin,NO,
ref_coin_lincoln_cents_one_cent_1924_s_none,1924,One Cent,S,Lincoln Cents,,coin,NO,
ref_coin_lincoln_wheat_pennies_one_cent_1924_d_none,1924,One Cent,D,Lincoln Wheat Pennies,,coin,NO,
ref_coin_lincoln_wheat_pennies_one_cent_1924_p_none,1924,One Cent,P,Lincoln Wheat Pennies,,coin,NO,
ref_coin_lincoln_wheat_pennies_one_cent_1924_s_none,1924,One Cent,S,Lincoln Wheat Pennies,,coin,NO,
ref_coin_mercury_dimes_one_dime_1924_d_none,1924,One Dime,D,Mercury Dimes,,coin,NO,
ref_coin_mercury_dimes_one_dime_1924_p_none,1924,One Dime,P,Mercury Dimes,,coin,NO,
ref_coin_mercury_dimes_one_dime_1924_s_none,1924,One Dime,S,Mercury Dimes,,coin,NO,
ref_coin_peace_dollars_one_dollar_1924_p_none,1924,One Dollar,P,Peace Dollars,,coin,NO,
ref_coin_peace_dollars_one_dollar_1924_s_none,1924,One Dollar,S,Peace Dollars,,coin,NO,
ref_coin_type_17541,1924,Half Dollar,,Early Commemorative Half Dollars,½ Dollar (Huguenot-Walloon Tercentenary),coin,NO,
ref_coin_type_391027,1924,One Dollar,,Sacagawea & Native American Dollars,"1 Dollar ""Native American Dollar"" (Indian Citizenship Act of 1924)",coin,NO,
ref_coin_buffalo_nickels_five_cents_1925_d_none,1925,Five Cents,D,Buffalo Nickels,,coin,NO,
ref_coin_buffalo_nickels_five_cents_1925_p_none,1925,Five Cents,P,Buffalo Nickels,,coin,NO,
ref_coin_buffalo_nickels_five_cents_1925_s_none,1925,Five Cents,S,Buffalo Nickels,,coin,NO,
ref_coin_lincoln_cents_one_cent_1925_d_none,1925,One Cent,D,Lincoln Cents,,coin,NO,
ref_coin_lincoln_cents_one_cent_1925_p_none,1925,One Cent,P,Lincoln Cents,,coin,NO,
ref_coin_lincoln_cents_one_cent_1925_s_none,1925,One Cent,S,Lincoln Cents,,coin,NO,
ref_coin_lincoln_wheat_pennies_one_cent_1925_d_none,1925,One Cent,D,Lincoln Wheat Pennies,,coin,NO,
ref_coin_lincoln_wheat_pennies_one_cent_1925_p_none,1925,One Cent,P,Lincoln Wheat Pennies,,coin,NO,
ref_coin_lincoln_wheat_pennies_one_cent_1925_s_none,1925,One Cent,S,Lincoln Wheat Pennies,,coin,NO,
ref_coin_lincoln_wheat_pennies_one_cent_1925_s_s_over_s__s_s,1925,One Cent,S,Lincoln Wheat Pennies,S Over S (S/S),coin,NO,
ref_coin_mercury_dimes_one_dime_1925_d_none,1925,One Dime,D,Mercury Dimes,,coin,NO,
ref_coin_mercury_dimes_one_dime_1925_p_none,1925,One Dime,P,Mercury Dimes,,coin,NO,
ref_coin_mercury_dimes_one_dime_1925_s_none,1925,One Dime,S,Mercury Dimes,,coin,NO,
ref_coin_peace_dollars_one_dollar_1925_p_none,1925,One Dollar,P,Peace Dollars,,coin,NO,
ref_coin_peace_dollars_one_dollar_1925_s_none,1925,One Dollar,S,Peace Dollars,,coin,NO,
ref_coin_type_28873,1925,Half Dollar,,Early Commemorative Half Dollars,½ Dollar (California Diamond Jubilee),coin,NO,
ref_coin_type_29194,1925,Half Dollar,,Early Commemorative Half Dollars,½ Dollar (Lexington-Concord Sesquicentennial),coin,NO,
ref_coin_type_4399,1925,Half Dollar,,Early Commemorative Half Dollars,½ Dollar (Stone Mountain Memorial),coin,NO,
ref_coin_buffalo_nickels_five_cents_1926_d_none,1926,Five Cents,D,Buffalo Nickels,,coin,NO,
ref_coin_buffalo_nickels_five_cents_1926_p_none,1926,Five Cents,P,Buffalo Nickels,,coin,NO,
ref_coin_buffalo_nickels_five_cents_1926_s_none,1926,Five Cents,S,Buffalo Nickels,,coin,NO,
ref_coin_lincoln_cents_one_cent_1926_d_none,1926,One Cent,D,Lincoln Cents,,coin,NO,
ref_coin_lincoln_cents_one_cent_1926_p_none,1926,One Cent,P,Lincoln Cents,,coin,NO,
ref_coin_lincoln_cents_one_cent_1926_s_none,1926,One Cent,S,Lincoln Cents,,coin,NO,
ref_coin_lincoln_wheat_pennies_one_cent_1926_d_none,1926,One Cent,D,Lincoln Wheat Pennies,,coin,NO,
ref_coin_lincoln_wheat_pennies_one_cent_1926_p_none,1926,One Cent,P,Lincoln Wheat Pennies,,coin,NO,
ref_coin_lincoln_wheat_pennies_one_cent_1926_s_none,1926,One Cent,S,Lincoln Wheat Pennies,,coin,NO,
ref_coin_mercury_dimes_one_dime_1926_d_none,1926,One Dime,D,Mercury Dimes,,coin,NO,
ref_coin_mercury_dimes_one_dime_1926_p_none,1926,One Dime,P,Mercury Dimes,,coin,NO,
ref_coin_mercury_dimes_one_dime_1926_s_none,1926,One Dime,S,Mercury Dimes,,coin,NO,
ref_coin_peace_dollars_one_dollar_1926_d_none,1926,One Dollar,D,Peace Dollars,,coin,NO,
ref_coin_peace_dollars_one_dollar_1926_p_none,1926,One Dollar,P,Peace Dollars,,coin,NO,
ref_coin_peace_dollars_one_dollar_1926_s_none,1926,One Dollar,S,Peace Dollars,,coin,NO,
ref_coin_type_37692,1926,Half Dollar,,Early Commemorative Half Dollars,½ Dollar (Sesquicentennial of American Independence),coin,NO,
ref_coin_type_9258,1926,Half Dollar,,Early Commemorative Half Dollars,½ Dollar (Oregon Trail Memorial),coin,NO,
ref_coin_buffalo_nickels_five_cents_1927_d_none,1927,Five Cents,D,Buffalo Nickels,,coin,NO,
ref_coin_buffalo_nickels_five_cents_1927_p_none,1927,Five Cents,P,Buffalo Nickels,,coin,NO,
ref_coin_buffalo_nickels_five_cents_1927_s_none,1927,Five Cents,S,Buffalo Nickels,,coin,NO,
ref_coin_liberty_walking_half_dollars_half_dollar_1927_s_none,1927,Half Dollar,S,Liberty Walking Half Dollars,,coin,NO,
ref_coin_lincoln_cents_one_cent_1927_d_none,1927,One Cent,D,Lincoln Cents,,coin,NO,
ref_coin_lincoln_cents_one_cent_1927_p_none,1927,One Cent,P,Lincoln Cents,,coin,NO,
ref_coin_lincoln_cents_one_cent_1927_s_none,1927,One Cent,S,Lincoln Cents,,coin,NO,
ref_coin_lincoln_wheat_pennies_one_cent_1927_d_none,1927,One Cent,D,Lincoln Wheat Pennies,,coin,NO,
ref_coin_lincoln_wheat_pennies_one_cent_1927_p_none,1927,One Cent,P,Lincoln Wheat Pennies,,coin,NO,
ref_coin_lincoln_wheat_pennies_one_cent_1927_s_none,1927,One Cent,S,Lincoln Wheat Pennies,,coin,NO,
ref_coin_mercury_dimes_one_dime_1927_d_none,1927,One Dime,D,Mercury Dimes,,coin,NO,
ref_coin_mercury_dimes_one_dime_1927_p_none,1927,One Dime,P,Mercury Dimes,,coin,NO,
ref_coin_mercury_dimes_one_dime_1927_s_none,1927,One Dime,S,Mercury Dimes,,coin,NO,
ref_coin_peace_dollars_one_dollar_1927_d_none,1927,One Dollar,D,Peace Dollars,,coin,NO,
ref_coin_peace_dollars_one_dollar_1927_p_none,1927,One Dollar,P,Peace Dollars,,coin,NO,
ref_coin_peace_dollars_one_dollar_1927_s_none,1927,One Dollar,S,Peace Dollars,,coin,NO,
ref_coin_type_25254,1927,Half Dollar,,Early Commemorative Half Dollars,½ Dollar (Vermont Sesquicentennial),coin,NO,
ref_coin_buffalo_nickels_five_cents_1928_d_none,1928,Five Cents,D,Buffalo Nickels,,coin,NO,
ref_coin_buffalo_nickels_five_cents_1928_p_none,1928,Five Cents,P,Buffalo Nickels,,coin,NO,
ref_coin_buffalo_nickels_five_cents_1928_s_none,1928,Five Cents,S,Buffalo Nickels,,coin,NO,
ref_coin_liberty_walking_half_dollars_half_dollar_1928_s_none,1928,Half Dollar,S,Liberty Walking Half Dollars,,coin,NO,
ref_coin_lincoln_cents_one_cent_1928_d_none,1928,One Cent,D,Lincoln Cents,,coin,NO,
ref_coin_lincoln_cents_one_cent_1928_p_none,1928,One Cent,P,Lincoln Cents,,coin,NO,
ref_coin_lincoln_cents_one_cent_1928_s_large_s,1928,One Cent,S,Lincoln Cents,Large S,coin,NO,
ref_coin_lincoln_cents_one_cent_1928_s_none,1928,One Cent,S,Lincoln Cents,,coin,NO,
ref_coin_lincoln_wheat_pennies_one_cent_1928_d_none,1928,One Cent,D,Lincoln Wheat Pennies,,coin,NO,
ref_coin_lincoln_wheat_pennies_one_cent_1928_p_none,1928,One Cent,P,Lincoln Wheat Pennies,,coin,NO,
ref_coin_lincoln_wheat_pennies_one_cent_1928_s_large_s,1928,One Cent,S,Lincoln Wheat Pennies,Large S,coin,NO,
ref_coin_lincoln_wheat_pennies_one_cent_1928_s_none,1928,One Cent,S,Lincoln Wheat Pennies,,coin,NO,
ref_coin_lincoln_wheat_pennies_one_cent_1928_s_small_s,1928,One Cent,S,Lincoln Wheat Pennies,Small S,coin,NO,
ref_coin_mercury_dimes_one_dime_1928_d_none,1928,One Dime,D,Mercury Dimes,,coin,NO,
ref_coin_mercury_dimes_one_dime_1928_p_none,1928,One Dime,P,Mercury Dimes,,coin,NO,
ref_coin_mercury_dimes_one_dime_1928_s_large_s,1928,One Dime,S,Mercury Dimes,Large S,coin,NO,
ref_coin_mercury_dimes_one_dime_1928_s_none,1928,One Dime,S,Mercury Dimes,,coin,NO,
ref_coin_peace_dollars_one_dollar_1928_p_none,1928,One Dollar,P,Peace Dollars,,coin,NO,
ref_coin_peace_dollars_one_dollar_1928_s_none,1928,One Dollar,S,Peace Dollars,,coin,NO,
ref_coin_type_25253,1928,Half Dollar,,Hawaiian Kingdom Coinage,½ Dollar (Hawaiian Sesquicentennial),coin,NO,
ref_coin_buffalo_nickels_five_cents_1929_d_none,1929,Five Cents,D,Buffalo Nickels,,coin,NO,
ref_coin_buffalo_nickels_five_cents_1929_p_none,1929,Five Cents,P,Buffalo Nickels,,coin,NO,
ref_coin_buffalo_nickels_five_cents_1929_s_none,1929,Five Cents,S,Buffalo Nickels,,coin,NO,
ref_coin_liberty_walking_half_dollars_half_dollar_1929_d_none,1929,Half Dollar,D,Liberty Walking Half Dollars,,coin,NO,
ref_coin_liberty_walking_half_dollars_half_dollar_1929_s_none,1929,Half Dollar,S,Liberty Walking Half Dollars,,coin,NO,
ref_coin_lincoln_cents_one_cent_1929_d_none,1929,One Cent,D,Lincoln Cents,,coin,NO,
ref_coin_lincoln_cents_one_cent_1929_p_none,1929,One Cent,P,Lincoln Cents,,coin,NO,
ref_coin_lincoln_cents_one_cent_1929_s_none,1929,One Cent,S,Lincoln Cents,,coin,NO,
ref_coin_lincoln_wheat_pennies_one_cent_1929_d_none,1929,One Cent,D,Lincoln Wheat Pennies,,coin,NO,
ref_coin_lincoln_wheat_pennies_one_cent_1929_p_none,1929,One Cent,P,Lincoln Wheat Pennies,,coin,NO,
ref_coin_lincoln_wheat_pennies_one_cent_1929_s_none,1929,One Cent,S,Lincoln Wheat Pennies,,coin,NO,
ref_coin_mercury_dimes_one_dime_1929_d_none,1929,One Dime,D,Mercury Dimes,,coin,NO,
ref_coin_mercury_dimes_one_dime_1929_p_none,1929,One Dime,P,Mercury Dimes,,coin,NO,
ref_coin_mercury_dimes_one_dime_1929_s_large_s,1929,One Dime,S,Mercury Dimes,Large S,coin,NO,
ref_coin_mercury_dimes_one_dime_1929_s_none,1929,One Dime,S,Mercury Dimes,,coin,NO,
ref_coin_buffalo_nickels_five_cents_1930_p_none,1930,Five Cents,P,Buffalo Nickels,,coin,NO,
ref_coin_buffalo_nickels_five_cents_1930_s_none,1930,Five Cents,S,Buffalo Nickels,,coin,NO,
ref_coin_lincoln_cents_one_cent_1930_d_none,1930,One Cent,D,Lincoln Cents,,coin,NO,
ref_coin_lincoln_cents_one_cent_1930_p_none,1930,One Cent,P,Lincoln Cents,,coin,NO,
ref_coin_lincoln_cents_one_cent_1930_s_none,1930,One Cent,S,Lincoln Cents,,coin,NO,
ref_coin_lincoln_wheat_pennies_one_cent_1930_d_none,1930,One Cent,D,Lincoln Wheat Pennies,,coin,NO,
ref_coin_lincoln_wheat_pennies_one_cent_1930_p_none,1930,One Cent,P,Lincoln Wheat Pennies,,coin,NO,
ref_coin_lincoln_wheat_pennies_one_cent_1930_s_none,1930,One Cent,S,Lincoln Wheat Pennies,,coin,NO,
ref_coin_mercury_dimes_one_dime_1930_p_none,1930,One Dime,P,Mercury Dimes,,coin,NO,
ref_coin_mercury_dimes_one_dime_1930_s_none,1930,One Dime,S,Mercury Dimes,,coin,NO,
ref_coin_buffalo_nickels_five_cents_1931_s_none,1931,Five Cents,S,Buffalo Nickels,,coin,NO,
ref_coin_lincoln_cents_one_cent_1931_d_none,1931,One Cent,D,Lincoln Cents,,coin,NO,
ref_coin_lincoln_cents_one_cent_1931_p_none,1931,One Cent,P,Lincoln Cents,,coin,NO,
ref_coin_lincoln_cents_one_cent_1931_s_none,1931,One Cent,S,Lincoln Cents,,coin,NO,
ref_coin_lincoln_wheat_pennies_one_cent_1931_d_none,1931,One Cent,D,Lincoln Wheat Pennies,,coin,NO,
ref_coin_lincoln_wheat_pennies_one_cent_1931_p_none,1931,One Cent,P,Lincoln Wheat Pennies,,coin,NO,
ref_coin_lincoln_wheat_pennies_one_cent_1931_s_none,1931,One Cent,S,Lincoln Wheat Pennies,,coin,NO,
ref_coin_mercury_dimes_one_dime_1931_d_none,1931,One Dime,D,Mercury Dimes,,coin,NO,
ref_coin_mercury_dimes_one_dime_1931_p_none,1931,One Dime,P,Mercury Dimes,,coin,NO,
ref_coin_mercury_dimes_one_dime_1931_s_none,1931,One Dime,S,Mercury Dimes,,coin,NO,
ref_coin_lincoln_cents_one_cent_1932_d_none,1932,One Cent,D,Lincoln Cents,,coin,NO,
ref_coin_lincoln_cents_one_cent_1932_p_none,1932,One Cent,P,Lincoln Cents,,coin,NO,
ref_coin_lincoln_wheat_pennies_one_cent_1932_d_none,1932,One Cent,D,Lincoln Wheat Pennies,,coin,NO,
ref_coin_lincoln_wheat_pennies_one_cent_1932_p_none,1932,One Cent,P,Lincoln Wheat Pennies,,coin,NO,
ref_coin_type_54,1932,Quarter Dollar,,Washington Silver Quarters,"¼ Dollar ""Washington Silver Quarter""",coin,NO,
ref_coin_washington_quarters__classic_quarter_dollar_1932_d_none,1932,Quarter Dollar,D,Washington Quarters (Classic),,coin,NO,
ref_coin_washington_quarters__classic_quarter_dollar_1932_p_none,1932,Quarter Dollar,P,Washington Quarters (Classic),,coin,NO,
ref_coin_washington_quarters__classic_quarter_dollar_1932_s_none,1932,Quarter Dollar,S,Washington Quarters (Classic),,coin,NO,
ref_coin_liberty_walking_half_dollars_half_dollar_1933_s_none,1933,Half Dollar,S,Liberty Walking Half Dollars,,coin,NO,
ref_coin_lincoln_cents_one_cent_1933_d_none,1933,One Cent,D,Lincoln Cents,,coin,NO,
ref_coin_lincoln_cents_one_cent_1933_p_none,1933,One Cent,P,Lincoln Cents,,coin,NO,
ref_coin_lincoln_wheat_pennies_one_cent_1933_d_none,1933,One Cent,D,Lincoln Wheat Pennies,,coin,NO,
ref_coin_lincoln_wheat_pennies_one_cent_1933_p_none,1933,One Cent,P,Lincoln Wheat Pennies,,coin,NO,
ref_coin_type_168852,1933,Twenty Dollars,,Saint-Gaudens Gold Coinage,20 Dollars - Double Eagle 1933 Saint-Gaudens,coin,NO,
ref_coin_type_283487,1933,Twenty Dollars,,Saint-Gaudens Gold Coinage,20 Dollars (Double Eagle 1933),coin,NO,
ref_coin_type_389944,1933,Twenty Dollars,,Saint-Gaudens Gold Coinage,20 Dollars (Double Eagle 1933),coin,NO,
ref_coin_buffalo_nickels_five_cents_1934_d_none,1934,Five Cents,D,Buffalo Nickels,,coin,NO,
ref_coin_buffalo_nickels_five_cents_1934_p_none,1934,Five Cents,P,Buffalo Nickels,,coin,NO,
ref_coin_liberty_walking_half_dollars_half_dollar_1934_d_none,1934,Half Dollar,D,Liberty Walking Half Dollars,,coin,NO,
ref_coin_liberty_walking_half_dollars_half_dollar_1934_p_none,1934,Half Dollar,P,Liberty Walking Half Dollars,,coin,NO,
ref_coin_liberty_walking_half_dollars_half_dollar_1934_s_none,1934,Half Dollar,S,Liberty Walking Half Dollars,,coin,NO,
ref_coin_lincoln_cents_one_cent_1934_d_none,1934,One Cent,D,Lincoln Cents,,coin,NO,
ref_coin_lincoln_cents_one_cent_1934_p_doubled_die_obverse,1934,One Cent,P,Lincoln Cents,Doubled Die Obverse,coin,NO,
ref_coin_lincoln_cents_one_cent_1934_p_none,1934,One Cent,P,Lincoln Cents,,coin,NO,
ref_coin_lincoln_wheat_pennies_one_cent_1934_d_none,1934,One Cent,D,Lincoln Wheat Pennies,,coin,NO,
ref_coin_lincoln_wheat_pennies_one_cent_1934_p_doubled_die_obverse,1934,One Cent,P,Lincoln Wheat Pennies,Doubled Die Obverse,coin,NO,
ref_coin_lincoln_wheat_pennies_one_cent_1934_p_none,1934,One Cent,P,Lincoln Wheat Pennies,,coin,NO,
ref_coin_mercury_dimes_one_dime_1934_d_none,1934,One Dime,D,Mercury Dimes,,coin,NO,
ref_coin_mercury_dimes_one_dime_1934_p_none,1934,One Dime,P,Mercury Dimes,,coin,NO,
ref_coin_peace_dollars_one_dollar_1934_d_doubled_die_obverse,1934,One Dollar,D,Peace Dollars,Doubled Die Obverse,coin,NO,
ref_coin_peace_dollars_one_dollar_1934_d_none,1934,One Dollar,D,Peace Dollars,,coin,NO,
ref_coin_peace_dollars_one_dollar_1934_p_none,1934,One Dollar,P,Peace Dollars,,coin,NO,
ref_coin_peace_dollars_one_dollar_1934_s_none,1934,One Dollar,S,Peace Dollars,,coin,NO,
ref_coin_type_10327,1934,Half Dollar,,Early Commemorative Half Dollars,½ Dollar (Texas Independence),coin,NO,
ref_coin_type_77060,1934,Half Dollar,,Early Commemorative Half Dollars,½ Dollar (Maryland),coin,NO,
ref_coin_washington_quarters__classic_quarter_dollar_1934_d_heavy_motto,1934,Quarter Dollar,D,Washington Quarters (Classic),Heavy Motto,coin,NO,
ref_coin_washington_quarters__classic_quarter_dollar_1934_d_medium_motto,1934,Quarter Dollar,D,Washington Quarters (Classic),Medium Motto,coin,NO,
ref_coin_washington_quarters__classic_quarter_dollar_1934_d_none,1934,Quarter Dollar,D,Washington Quarters (Classic),,coin,NO,
ref_coin_washington_quarters__classic_quarter_dollar_1934_p_doubled_die_obverse,1934,Quarter Dollar,P,Washington Quarters (Classic),Doubled Die Obverse,coin,NO,
ref_coin_washington_quarters__classic_quarter_dollar_1934_p_heavy_motto,1934,Quarter Dollar,P,Washington Quarters (Classic),Heavy Motto,coin,NO,
ref_coin_washington_quarters__classic_quarter_dollar_1934_p_light_motto,1934,Quarter Dollar,P,Washington Quarters (Classic),Light Motto,coin,NO,
ref_coin_washington_quarters__classic_quarter_dollar_1934_p_medium_motto,1934,Quarter Dollar,P,Washington Quarters (Classic),Medium Motto,coin,NO,
ref_coin_washington_quarters__classic_quarter_dollar_1934_p_none,1934,Quarter Dollar,P,Washington Quarters (Classic),,coin,NO,
ref_coin_washington_quarters__classic_quarter_dollar_1934_s_medium_motto,1934,Quarter Dollar,S,Washington Quarters (Classic),Medium Motto,coin,NO,
ref_coin_washington_quarters__classic_quarter_dollar_1934_s_none,1934,Quarter Dollar,S,Washington Quarters (Classic),,coin,NO,
ref_coin_buffalo_nickels_five_cents_1935_d_none,1935,Five Cents,D,Buffalo Nickels,,coin,NO,
ref_coin_buffalo_nickels_five_cents_1935_p_doubled_die_reverse,1935,Five Cents,P,Buffalo Nickels,Doubled Die Reverse,coin,NO,
ref_coin_buffalo_nickels_five_cents_1935_p_none,1935,Five Cents,P,Buffalo Nickels,,coin,NO,
ref_coin_buffalo_nickels_five_cents_1935_s_none,1935,Five Cents,S,Buffalo Nickels,,coin,NO,
ref_coin_liberty_walking_half_dollars_half_dollar_1935_d_none,1935,Half Dollar,D,Liberty Walking Half Dollars,,coin,NO,
ref_coin_liberty_walking_half_dollars_half_dollar_1935_p_none,1935,Half Dollar,P,Liberty Walking Half Dollars,,coin,NO,
ref_coin_liberty_walking_half_dollars_half_dollar_1935_s_none,1935,Half Dollar,S,Liberty Walking Half Dollars,,coin,NO,
ref_coin_lincoln_cents_one_cent_1935_d_none,1935,One Cent,D,Lincoln Cents,,coin,NO,
ref_coin_lincoln_cents_one_cent_1935_p_none,1935,One Cent,P,Lincoln Cents,,coin,NO,
ref_coin_lincoln_cents_one_cent_1935_s_none,1935,One Cent,S,Lincoln Cents,,coin,NO,
ref_coin_lincoln_wheat_pennies_one_cent_1935_d_none,1935,One Cent,D,Lincoln Wheat Pennies,,coin,NO,
ref_coin_lincoln_wheat_pennies_one_cent_1935_p_none,1935,One Cent,P,Lincoln Wheat Pennies,,coin,NO,
ref_coin_lincoln_wheat_pennies_one_cent_1935_s_none,1935,One Cent,S,Lincoln Wheat Pennies,,coin,NO,
ref_coin_mercury_dimes_one_dime_1935_d_none,1935,One Dime,D,Mercury Dimes,,coin,NO,
ref_coin_mercury_dimes_one_dime_1935_p_none,1935,One Dime,P,Mercury Dimes,,coin,NO,
ref_coin_mercury_dimes_one_dime_1935_s_none,1935,One Dime,S,Mercury Dimes,,coin,NO,
ref_coin_peace_dollars_one_dollar_1935_p_4_rays_below_eagle,1935,One Dollar,P,Peace Dollars,4 Rays Below Eagle,coin,NO,
ref_coin_peace_dollars_one_dollar_1935_p_none,1935,One Dollar,P,Peace Dollars,,coin,NO,
ref_coin_peace_dollars_one_dollar_1935_s_4_rays_below_eagle,1935,One Dollar,S,Peace Dollars,4 Rays Below Eagle,coin,NO,
ref_coin_peace_dollars_one_dollar_1935_s_none,1935,One Dollar,S,Peace Dollars,,coin,NO,
ref_coin_type_42762,1935,Half Dollar,,Early Commemorative Half Dollars,½ Dollar - San Diego (California-Pacific Exposition),coin,NO,
ref_coin_type_6482,1935,Half Dollar,,Early Commemorative Half Dollars,½ Dollar (Hudson),coin,NO,
ref_coin_washington_quarters__classic_quarter_dollar_1935_d_none,1935,Quarter Dollar,D,Washington Quarters (Classic),,coin,NO,
ref_coin_washington_quarters__classic_quarter_dollar_1935_p_none,1935,Quarter Dollar,P,Washington Quarters (Classic),,coin,NO,
ref_coin_washington_quarters__classic_quarter_dollar_1935_s_none,1935,Quarter Dollar,S,Washington Quarters (Classic),,coin,NO,
ref_coin_buffalo_nickels_five_cents_1936_d_3_1_2_legged,1936,Five Cents,D,Buffalo Nickels,3 1/2 Legged,coin,NO,
ref_coin_buffalo_nickels_five_cents_1936_d_none,1936,Five Cents,D,Buffalo Nickels,,coin,NO,
ref_coin_buffalo_nickels_five_cents_1936_p_none,1936,Five Cents,P,Buffalo Nickels,,coin,NO,
ref_coin_buffalo_nickels_five_cents_1936_s_none,1936,Five Cents,S,Buffalo Nickels,,coin,NO,
ref_coin_liberty_walking_half_dollars_half_dollar_1936_d_none,1936,Half Dollar,D,Liberty Walking Half Dollars,,coin,NO,
ref_coin_liberty_walking_half_dollars_half_dollar_1936_p_doubled_die_obverse,1936,Half Dollar,P,Liberty Walking Half Dollars,Doubled Die Obverse,coin,NO,
ref_coin_liberty_walking_half_dollars_half_dollar_1936_p_none,1936,Half Dollar,P,Liberty Walking Half Dollars,,coin,NO,
ref_coin_liberty_walking_half_dollars_half_dollar_1936_s_none,1936,Half Dollar,S,Liberty Walking Half Dollars,,coin,NO,
ref_coin_lincoln_cents_one_cent_1936_d_none,1936,One Cent,D,Lincoln Cents,,coin,NO,
ref_coin_lincoln_cents_one_cent_1936_p_doubled_die_obverse,1936,One Cent,P,Lincoln Cents,Doubled Die Obverse,coin,NO,
ref_coin_lincoln_cents_one_cent_1936_p_none,1936,One Cent,P,Lincoln Cents,,coin,NO,
ref_coin_lincoln_cents_one_cent_1936_s_none,1936,One Cent,S,Lincoln Cents,,coin,NO,
ref_coin_lincoln_wheat_pennies_one_cent_1936_d_none,1936,One Cent,D,Lincoln Wheat Pennies,,coin,NO,
ref_coin_lincoln_wheat_pennies_one_cent_1936_p_doubled_die_obverse,1936,One Cent,P,Lincoln Wheat Pennies,Doubled Die Obverse,coin,NO,
ref_coin_lincoln_wheat_pennies_one_cent_1936_p_none,1936,One Cent,P,Lincoln Wheat Pennies,,coin,NO,
ref_coin_lincoln_wheat_pennies_one_cent_1936_s_none,1936,One Cent,S,Lincoln Wheat Pennies,,coin,NO,
ref_coin_mercury_dimes_one_dime_1936_d_none,1936,One Dime,D,Mercury Dimes,,coin,NO,
ref_coin_mercury_dimes_one_dime_1936_p_none,1936,One Dime,P,Mercury Dimes,,coin,NO,
ref_coin_mercury_dimes_one_dime_1936_s_none,1936,One Dime,S,Mercury Dimes,,coin,NO,
ref_coin_type_17393,1936,Half Dollar,,Early Commemorative Half Dollars,½ Dollar (Long Island),coin,NO,
ref_coin_type_48619,1936,Half Dollar,,Early Commemorative Half Dollars,"½ Dollar (Elgin, Ill., Centennial)",coin,NO,
ref_coin_type_78984,1936,Half Dollar,,Early Commemorative Half Dollars,½ Dollar (Norfolk),coin,NO,
ref_coin_type_7945,1936,Half Dollar,,Early Commemorative Half Dollars,½ Dollar (Battle of Gettysburg),coin,NO,
ref_coin_washington_quarters__classic_quarter_dollar_1936_d_none,1936,Quarter Dollar,D,Washington Quarters (Classic),,coin,NO,
ref_coin_washington_quarters__classic_quarter_dollar_1936_p_doubled_die_obverse,1936,Quarter Dollar,P,Washington Quarters (Classic),Doubled Die Obverse,coin,NO,
ref_coin_washington_quarters__classic_quarter_dollar_1936_p_none,1936,Quarter Dollar,P,Washington Quarters (Classic),,coin,NO,
ref_coin_washington_quarters__classic_quarter_dollar_1936_s_none,1936,Quarter Dollar,S,Washington Quarters (Classic),,coin,NO,
ref_coin_buffalo_nickels_five_cents_1937_d_3_legged,1937,Five Cents,D,Buffalo Nickels,3 Legged,coin,NO,
ref_coin_buffalo_nickels_five_cents_1937_d_none,1937,Five Cents,D,Buffalo Nickels,,coin,NO,
ref_coin_buffalo_nickels_five_cents_1937_p_none,1937,Five Cents,P,Buffalo Nickels,,coin,NO,
ref_coin_buffalo_nickels_five_cents_1937_s_none,1937,Five Cents,S,Buffalo Nickels,,coin,NO,
ref_coin_liberty_walking_half_dollars_half_dollar_1937_d_none,1937,Half Dollar,D,Liberty Walking Half Dollars,,coin,NO,
ref_coin_liberty_walking_half_dollars_half_dollar_1937_p_none,1937,Half Dollar,P,Liberty Walking Half Dollars,,coin,NO,
ref_coin_liberty_walking_half_dollars_half_dollar_1937_s_none,1937,Half Dollar,S,Liberty Walking Half Dollars,,coin,NO,
ref_coin_lincoln_cents_one_cent_1937_d_none,1937,One Cent,D,Lincoln Cents,,coin,NO,
ref_coin_lincoln_cents_one_cent_1937_p_none,1937,One Cent,P,Lincoln Cents,,coin,NO,
ref_coin_lincoln_cents_one_cent_1937_s_none,1937,One Cent,S,Lincoln Cents,,coin,NO,
ref_coin_lincoln_wheat_pennies_one_cent_1937_d_none,1937,One Cent,D,Lincoln Wheat Pennies,,coin,NO,
ref_coin_lincoln_wheat_pennies_one_cent_1937_p_none,1937,One Cent,P,Lincoln Wheat Pennies,,coin,NO,
ref_coin_lincoln_wheat_pennies_one_cent_1937_s_none,1937,One Cent,S,Lincoln Wheat Pennies,,coin,NO,
ref_coin_mercury_dimes_one_dime_1937_d_none,1937,One Dime,D,Mercury Dimes,,coin,NO,
ref_coin_mercury_dimes_one_dime_1937_p_none,1937,One Dime,P,Mercury Dimes,,coin,NO,
ref_coin_mercury_dimes_one_dime_1937_s_none,1937,One Dime,S,Mercury Dimes,,coin,NO,
ref_coin_washington_quarters__classic_quarter_dollar_1937_d_none,1937,Quarter Dollar,D,Washington Quarters (Classic),,coin,NO,
ref_coin_washington_quarters__classic_quarter_dollar_1937_p_doubled_die_obverse,1937,Quarter Dollar,P,Washington Quarters (Classic),Doubled Die Obverse,coin,NO,
ref_coin_washington_quarters__classic_quarter_dollar_1937_p_none,1937,Quarter Dollar,P,Washington Quarters (Classic),,coin,NO,
ref_coin_washington_quarters__classic_quarter_dollar_1937_s_none,1937,Quarter Dollar,S,Washington Quarters (Classic),,coin,NO,
ref_coin_buffalo_nickels_five_cents_1938_d_d_over_s,1938,Five Cents,D,Buffalo Nickels,D Over S,coin,NO,
ref_coin_buffalo_nickels_five_cents_1938_d_none,1938,Five Cents,D,Buffalo Nickels,,coin,NO,
ref_coin_jefferson_nickels_five_cents_1938_d_none,1938,Five Cents,D,Jefferson Nickels,,coin,NO,
ref_coin_jefferson_nickels_five_cents_1938_p_none,1938,Five Cents,P,Jefferson Nickels,,coin,NO,
ref_coin_jefferson_nickels_five_cents_1938_s_none,1938,Five Cents,S,Jefferson Nickels,,coin,NO,
ref_coin_liberty_walking_half_dollars_half_dollar_1938_d_none,1938,Half Dollar,D,Liberty Walking Half Dollars,,coin,NO,
ref_coin_liberty_walking_half_dollars_half_dollar_1938_p_none,1938,Half Dollar,P,Liberty Walking Half Dollars,,coin,NO,
ref_coin_lincoln_cents_one_cent_1938_d_none,1938,One Cent,D,Lincoln Cents,,coin,NO,
ref_coin_lincoln_cents_one_cent_1938_p_none,1938,One Cent,P,Lincoln Cents,,coin,NO,
ref_coin_lincoln_cents_one_cent_1938_s_none,1938,One Cent,S,Lincoln Cents,,coin,NO,
ref_coin_lincoln_wheat_pennies_one_cent_1938_d_d_over_s,1938,One Cent,D,Lincoln Wheat Pennies,D over S,coin,NO,
ref_coin_lincoln_wheat_pennies_one_cent_1938_d_none,1938,One Cent,D,Lincoln Wheat Pennies,,coin,NO,
ref_coin_lincoln_wheat_pennies_one_cent_1938_p_none,1938,One Cent,P,Lincoln Wheat Pennies,,coin,NO,
ref_coin_lincoln_wheat_pennies_one_cent_1938_s_none,1938,One Cent,S,Lincoln Wheat Pennies,,coin,NO,
ref_coin_mercury_dimes_one_dime_1938_d_none,1938,One Dime,D,Mercury Dimes,,coin,NO,
ref_coin_mercury_dimes_one_dime_1938_p_none,1938,One Dime,P,Mercury Dimes,,coin,NO,
ref_coin_mercury_dimes_one_dime_1938_s_none,1938,One Dime,S,Mercury Dimes,,coin,NO,
ref_coin_type_44,1938,Five Cents,,Jefferson Nickels,"5 Cents ""Jefferson Nickel"" (1st portrait)",coin,NO,
ref_coin_washington_quarters__classic_quarter_dollar_1938_d_none,1938,Quarter Dollar,D,Washington Quarters (Classic),,coin,NO,
ref_coin_washington_quarters__classic_quarter_dollar_1938_p_none,1938,Quarter Dollar,P,Washington Quarters (Classic),,coin,NO,
ref_coin_washington_quarters__classic_quarter_dollar_1938_s_none,1938,Quarter Dollar,S,Washington Quarters (Classic),,coin,NO,
ref_coin_jefferson_nickels_five_cents_1939_d_none,1939,Five Cents,D,Jefferson Nickels,,coin,NO,
ref_coin_jefferson_nickels_five_cents_1939_d_reverse_of_1938,1939,Five Cents,D,Jefferson Nickels,Reverse of 1938,coin,NO,
ref_coin_jefferson_nickels_five_cents_1939_p_doubled_monticello,1939,Five Cents,P,Jefferson Nickels,Doubled Monticello,coin,NO,
ref_coin_jefferson_nickels_five_cents_1939_p_none,1939,Five Cents,P,Jefferson Nickels,,coin,NO,
ref_coin_jefferson_nickels_five_cents_1939_p_reverse_of_1938,1939,Five Cents,P,Jefferson Nickels,Reverse of 1938,coin,NO,
ref_coin_jefferson_nickels_five_cents_1939_s_none,1939,Five Cents,S,Jefferson Nickels,,coin,NO,
ref_coin_jefferson_nickels_five_cents_1939_s_reverse_of_1938,1939,Five Cents,S,Jefferson Nickels,Reverse of 1938,coin,NO,
ref_coin_liberty_walking_half_dollars_half_dollar_1939_d_none,1939,Half Dollar,D,Liberty Walking Half Dollars,,coin,NO,
ref_coin_liberty_walking_half_dollars_half_dollar_1939_p_none,1939,Half Dollar,P,Liberty Walking Half Dollars,,coin,NO,
ref_coin_liberty_walking_half_dollars_half_dollar_1939_s_none,1939,Half Dollar,S,Liberty Walking Half Dollars,,coin,NO,
ref_coin_lincoln_cents_one_cent_1939_d_none,1939,One Cent,D,Lincoln Cents,,coin,NO,
ref_coin_lincoln_cents_one_cent_1939_p_none,1939,One Cent,P,Lincoln Cents,,coin,NO,
ref_coin_lincoln_cents_one_cent_1939_s_none,1939,One Cent,S,Lincoln Cents,,coin,NO,
ref_coin_lincoln_wheat_pennies_one_cent_1939_d_none,1939,One Cent,D,Lincoln Wheat Pennies,,coin,NO,
ref_coin_lincoln_wheat_pennies_one_cent_1939_p_none,1939,One Cent,P,Lincoln Wheat Pennies,,coin,NO,
ref_coin_lincoln_wheat_pennies_one_cent_1939_s_none,1939,One Cent,S,Lincoln Wheat Pennies,,coin,NO,
ref_coin_mercury_dimes_one_dime_1939_d_none,1939,One Dime,D,Mercury Dimes,,coin,NO,
ref_coin_mercury_dimes_one_dime_1939_p_none,1939,One Dime,P,Mercury Dimes,,coin,NO,
ref_coin_mercury_dimes_one_dime_1939_s_none,1939,One Dime,S,Mercury Dimes,,coin,NO,
ref_coin_washington_quarters__classic_quarter_dollar_1939_d_none,1939,Quarter Dollar,D,Washington Quarters (Classic),,coin,NO,
ref_coin_washington_quarters__classic_quarter_dollar_1939_p_none,1939,Quarter Dollar,P,Washington Quarters (Classic),,coin,NO,
ref_coin_washington_quarters__classic_quarter_dollar_1939_s_none,1939,Quarter Dollar,S,Washington Quarters (Classic),,coin,NO,
ref_coin_jefferson_nickels_five_cents_1940_d_none,1940,Five Cents,D,Jefferson Nickels,,coin,NO,
ref_coin_jefferson_nickels_five_cents_1940_p_none,1940,Five Cents,P,Jefferson Nickels,,coin,NO,
ref_coin_jefferson_nickels_five_cents_1940_s_none,1940,Five Cents,S,Jefferson Nickels,,coin,NO,
ref_coin_liberty_walking_half_dollars_half_dollar_1940_p_none,1940,Half Dollar,P,Liberty Walking Half Dollars,,coin,NO,
ref_coin_liberty_walking_half_dollars_half_dollar_1940_s_none,1940,Half Dollar,S,Liberty Walking Half Dollars,,coin,NO,
ref_coin_lincoln_cents_one_cent_1940_d_none,1940,One Cent,D,Lincoln Cents,,coin,NO,
ref_coin_lincoln_cents_one_cent_1940_p_none,1940,One Cent,P,Lincoln Cents,,coin,NO,
ref_coin_lincoln_cents_one_cent_1940_s_none,1940,One Cent,S,Lincoln Cents,,coin,NO,
ref_coin_lincoln_wheat_pennies_one_cent_1940_d_none,1940,One Cent,D,Lincoln Wheat Pennies,,coin,NO,
ref_coin_lincoln_wheat_pennies_one_cent_1940_p_none,1940,One Cent,P,Lincoln Wheat Pennies,,coin,NO,
ref_coin_lincoln_wheat_pennies_one_cent_1940_s_none,1940,One Cent,S,Lincoln Wheat Pennies,,coin,NO,
ref_coin_mercury_dimes_one_dime_1940_d_none,1940,One Dime,D,Mercury Dimes,,coin,NO,
ref_coin_mercury_dimes_one_dime_1940_p_none,1940,One Dime,P,Mercury Dimes,,coin,NO,
ref_coin_mercury_dimes_one_dime_1940_s_none,1940,One Dime,S,Mercury Dimes,,coin,NO,
ref_coin_washington_quarters__classic_quarter_dollar_1940_d_none,1940,Quarter Dollar,D,Washington Quarters (Classic),,coin,NO,
ref_coin_washington_quarters__classic_quarter_dollar_1940_p_none,1940,Quarter Dollar,P,Washington Quarters (Classic),,coin,NO,
ref_coin_washington_quarters__classic_quarter_dollar_1940_s_none,1940,Quarter Dollar,S,Washington Quarters (Classic),,coin,NO,
ref_coin_jefferson_nickels_five_cents_1941_d_none,1941,Five Cents,D,Jefferson Nickels,,coin,NO,
ref_coin_jefferson_nickels_five_cents_1941_p_none,1941,Five Cents,P,Jefferson Nickels,,coin,NO,
ref_coin_jefferson_nickels_five_cents_1941_s_large_s,1941,Five Cents,S,Jefferson Nickels,Large S,coin,NO,
ref_coin_jefferson_nickels_five_cents_1941_s_none,1941,Five Cents,S,Jefferson Nickels,,coin,NO,
ref_coin_liberty_walking_half_dollars_half_dollar_1941_d_none,1941,Half Dollar,D,Liberty Walking Half Dollars,,coin,NO,
ref_coin_liberty_walking_half_dollars_half_dollar_1941_p_none,1941,Half Dollar,P,Liberty Walking Half Dollars,,coin,NO,
ref_coin_liberty_walking_half_dollars_half_dollar_1941_s_none,1941,Half Dollar,S,Liberty Walking Half Dollars,,coin,NO,
ref_coin_lincoln_cents_one_cent_1941_d_none,1941,One Cent,D,Lincoln Cents,,coin,NO,
ref_coin_lincoln_cents_one_cent_1941_p_doubled_die_obverse,1941,One Cent,P,Lincoln Cents,Doubled Die Obverse,coin,NO,
ref_coin_lincoln_cents_one_cent_1941_p_none,1941,One Cent,P,Lincoln Cents,,coin,NO,
ref_coin_lincoln_cents_one_cent_1941_s_large_s,1941,One Cent,S,Lincoln Cents,Large S,coin,NO,
ref_coin_lincoln_cents_one_cent_1941_s_none,1941,One Cent,S,Lincoln Cents,,coin,NO,
ref_coin_lincoln_wheat_pennies_one_cent_1941_d_none,1941,One Cent,D,Lincoln Wheat Pennies,,coin,NO,
ref_coin_lincoln_wheat_pennies_one_cent_1941_p_doubled_die_obverse,1941,One Cent,P,Lincoln Wheat Pennies,Doubled Die Obverse,coin,NO,
ref_coin_lincoln_wheat_pennies_one_cent_1941_p_none,1941,One Cent,P,Lincoln Wheat Pennies,,coin,NO,
ref_coin_lincoln_wheat_pennies_one_cent_1941_s_none,1941,One Cent,S,Lincoln Wheat Pennies,,coin,NO,
ref_coin_mercury_dimes_one_dime_1941_d_none,1941,One Dime,D,Mercury Dimes,,coin,NO,
ref_coin_mercury_dimes_one_dime_1941_p_none,1941,One Dime,P,Mercury Dimes,,coin,NO,
ref_coin_mercury_dimes_one_dime_1941_s_large_s,1941,One Dime,S,Mercury Dimes,Large S,coin,NO,
ref_coin_mercury_dimes_one_dime_1941_s_none,1941,One Dime,S,Mercury Dimes,,coin,NO,
ref_coin_washington_quarters__classic_quarter_dollar_1941_d_none,1941,Quarter Dollar,D,Washington Quarters (Classic),,coin,NO,
ref_coin_washington_quarters__classic_quarter_dollar_1941_p_none,1941,Quarter Dollar,P,Washington Quarters (Classic),,coin,NO,
ref_coin_washington_quarters__classic_quarter_dollar_1941_s_large_s,1941,Quarter Dollar,S,Washington Quarters (Classic),Large S,coin,NO,
ref_coin_washington_quarters__classic_quarter_dollar_1941_s_none,1941,Quarter Dollar,S,Washington Quarters (Classic),,coin,NO,
ref_coin_jefferson_nickels_five_cents_1942_d_d_over_horizontal_d,1942,Five Cents,D,Jefferson Nickels,D Over Horizontal D,coin,NO,
ref_coin_jefferson_nickels_five_cents_1942_d_none,1942,Five Cents,D,Jefferson Nickels,,coin,NO,
ref_coin_jefferson_nickels_five_cents_1942_p_none,1942,Five Cents,P,Jefferson Nickels,,coin,NO,
ref_coin_jefferson_nickels_five_cents_1942_p_silver_war_nickel,1942,Five Cents,P,Jefferson Nickels,Silver War Nickel,coin,NO,
ref_coin_jefferson_nickels_five_cents_1942_p_silver_war_nickel__6_over_5,1942,Five Cents,P,Jefferson Nickels,"Silver War Nickel, 6 Over 5",coin,NO,
ref_coin_jefferson_nickels_five_cents_1942_s_silver_war_nickel,1942,Five Cents,S,Jefferson Nickels,Silver War Nickel,coin,NO,
ref_coin_liberty_walking_half_dollars_half_dollar_1942_d_none,1942,Half Dollar,D,Liberty Walking Half Dollars,,coin,NO,
ref_coin_liberty_walking_half_dollars_half_dollar_1942_p_doubled_die_obverse,1942,Half Dollar,P,Liberty Walking Half Dollars,Doubled Die Obverse,coin,NO,
ref_coin_liberty_walking_half_dollars_half_dollar_1942_p_none,1942,Half Dollar,P,Liberty Walking Half Dollars,,coin,NO,
ref_coin_liberty_walking_half_dollars_half_dollar_1942_s_none,1942,Half Dollar,S,Liberty Walking Half Dollars,,coin,NO,
ref_coin_lincoln_cents_one_cent_1942_d_none,1942,One Cent,D,Lincoln Cents,,coin,NO,
ref_coin_lincoln_cents_one_cent_1942_p_none,1942,One Cent,P,Lincoln Cents,,coin,NO,
ref_coin_lincoln_cents_one_cent_1942_s_none,1942,One Cent,S,Lincoln Cents,,coin,NO,
ref_coin_lincoln_wheat_pennies_one_cent_1942_d_none,1942,One Cent,D,Lincoln Wheat Pennies,,coin,NO,
ref_coin_lincoln_wheat_pennies_one_cent_1942_p_none,1942,One Cent,P,Lincoln Wheat Pennies,,coin,NO,
ref_coin_lincoln_wheat_pennies_one_cent_1942_s_none,1942,One Cent,S,Lincoln Wheat Pennies,,coin,NO,
ref_coin_mercury_dimes_one_dime_1942_d_1942_1_d_overdate,1942,One Dime,D,Mercury Dimes,1942/1-D Overdate,coin,NO,
ref_coin_mercury_dimes_one_dime_1942_d_none,1942,One Dime,D,Mercury Dimes,,coin,NO,
ref_coin_mercury_dimes_one_dime_1942_p_1942_1_overdate,1942,One Dime,P,Mercury Dimes,1942/1 Overdate,coin,NO,
ref_coin_mercury_dimes_one_dime_1942_p_none,1942,One Dime,P,Mercury Dimes,,coin,NO,
ref_coin_mercury_dimes_one_dime_1942_s_none,1942,One Dime,S,Mercury Dimes,,coin,NO,
ref_coin_type_124038,1942,One Cent,,U.S. Pattern Coinage,"1 Cent ""1942"" (Pattern)",coin,NO,
ref_coin_type_45,1942,Five Cents,,Jefferson Wartime Nickels,"5 Cents ""Jefferson Wartime Nickel"" (1st portrait)",coin,NO,
ref_coin_washington_quarters__classic_quarter_dollar_1942_d_doubled_die_obverse,1942,Quarter Dollar,D,Washington Quarters (Classic),Doubled Die Obverse,coin,NO,
ref_coin_washington_quarters__classic_quarter_dollar_1942_d_none,1942,Quarter Dollar,D,Washington Quarters (Classic),,coin,NO,
ref_coin_washington_quarters__classic_quarter_dollar_1942_p_none,1942,Quarter Dollar,P,Washington Quarters (Classic),,coin,NO,
ref_coin_washington_quarters__classic_quarter_dollar_1942_s_none,1942,Quarter Dollar,S,Washington Quarters (Classic),,coin,NO,
ref_coin_jefferson_nickels_five_cents_1943_d_silver_war_nickel,1943,Five Cents,D,Jefferson Nickels,Silver War Nickel,coin,NO,
ref_coin_jefferson_nickels_five_cents_1943_p_silver_war_nickel,1943,Five Cents,P,Jefferson Nickels,Silver War Nickel,coin,NO,
ref_coin_jefferson_nickels_five_cents_1943_p_silver_war_nickel__3_over_2,1943,Five Cents,P,Jefferson Nickels,"Silver War Nickel, 3 Over 2",coin,NO,
ref_coin_jefferson_nickels_five_cents_1943_p_silver_war_nickel__doubled_eye,1943,Five Cents,P,Jefferson Nickels,"Silver War Nickel, Doubled Eye",coin,NO,
ref_coin_jefferson_nickels_five_cents_1943_s_silver_war_nickel,1943,Five Cents,S,Jefferson Nickels,Silver War Nickel,coin,NO,
ref_coin_liberty_walking_half_dollars_half_dollar_1943_d_none,1943,Half Dollar,D,Liberty Walking Half Dollars,,coin,NO,
ref_coin_liberty_walking_half_dollars_half_dollar_1943_p_doubled_die_obverse,1943,Half Dollar,P,Liberty Walking Half Dollars,Doubled Die Obverse,coin,NO,
ref_coin_liberty_walking_half_dollars_half_dollar_1943_p_none,1943,Half Dollar,P,Liberty Walking Half Dollars,,coin,NO,
ref_coin_liberty_walking_half_dollars_half_dollar_1943_s_none,1943,Half Dollar,S,Liberty Walking Half Dollars,,coin,NO,
ref_coin_lincoln_cents_one_cent_1943_p_copper_alloy_transitional,1943,One Cent,P,Lincoln Cents,Copper Alloy Transitional,coin,NO,
ref_coin_lincoln_cents_one_cent_1943_p_none,1943,One Cent,P,Lincoln Cents,,coin,NO,
ref_coin_lincoln_wheat_pennies_one_cent_1943_p_none,1943,One Cent,P,Lincoln Wheat Pennies,,coin,NO,
ref_coin_lincoln_wheat_pennies_one_cent_1943_p_struck_on_bronze_planchet,1943,One Cent,P,Lincoln Wheat Pennies,Struck on Bronze Planchet,coin,NO,
ref_coin_mercury_dimes_one_dime_1943_d_none,1943,One Dime,D,Mercury Dimes,,coin,NO,
ref_coin_mercury_dimes_one_dime_1943_p_none,1943,One Dime,P,Mercury Dimes,,coin,NO,
ref_coin_mercury_dimes_one_dime_1943_s_none,1943,One Dime,S,Mercury Dimes,,coin,NO,
ref_coin_type_3173,1943,One Cent,,Lincoln Wheat Pennies,"1 Cent ""Lincoln - Wheat Ears Reverse - Steel""",coin,NO,
ref_coin_washington_quarters__classic_quarter_dollar_1943_d_none,1943,Quarter Dollar,D,Washington Quarters (Classic),,coin,NO,
ref_coin_washington_quarters__classic_quarter_dollar_1943_p_doubled_die_obverse,1943,Quarter Dollar,P,Washington Quarters (Classic),Doubled Die Obverse,coin,NO,
ref_coin_washington_quarters__classic_quarter_dollar_1943_p_none,1943,Quarter Dollar,P,Washington Quarters (Classic),,coin,NO,
ref_coin_washington_quarters__classic_quarter_dollar_1943_s_none,1943,Quarter Dollar,S,Washington Quarters (Classic),,coin,NO,
ref_coin_washington_quarters__classic_quarter_dollar_1943_s_trumpet_s,1943,Quarter Dollar,S,Washington Quarters (Classic),Trumpet S,coin,NO,
ref_coin_jefferson_nickels_five_cents_1944_d_silver_war_nickel,1944,Five Cents,D,Jefferson Nickels,Silver War Nickel,coin,NO,
ref_coin_jefferson_nickels_five_cents_1944_p_silver_war_nickel,1944,Five Cents,P,Jefferson Nickels,Silver War Nickel,coin,NO,
ref_coin_jefferson_nickels_five_cents_1944_s_silver_war_nickel,1944,Five Cents,S,Jefferson Nickels,Silver War Nickel,coin,NO,
ref_coin_liberty_walking_half_dollars_half_dollar_1944_d_none,1944,Half Dollar,D,Liberty Walking Half Dollars,,coin,NO,
ref_coin_liberty_walking_half_dollars_half_dollar_1944_p_none,1944,Half Dollar,P,Liberty Walking Half Dollars,,coin,NO,
ref_coin_liberty_walking_half_dollars_half_dollar_1944_s_hand_carved_aw,1944,Half Dollar,S,Liberty Walking Half Dollars,Hand-Carved AW,coin,NO,
ref_coin_liberty_walking_half_dollars_half_dollar_1944_s_none,1944,Half Dollar,S,Liberty Walking Half Dollars,,coin,NO,
ref_coin_lincoln_cents_one_cent_1944_d_d_over_s,1944,One Cent,D,Lincoln Cents,D over S,coin,NO,
ref_coin_lincoln_cents_one_cent_1944_d_none,1944,One Cent,D,Lincoln Cents,,coin,NO,
ref_coin_lincoln_cents_one_cent_1944_p_none,1944,One Cent,P,Lincoln Cents,,coin,NO,
ref_coin_lincoln_cents_one_cent_1944_p_steel_transitional,1944,One Cent,P,Lincoln Cents,Steel Transitional,coin,NO,
ref_coin_lincoln_cents_one_cent_1944_s_none,1944,One Cent,S,Lincoln Cents,,coin,NO,
ref_coin_lincoln_wheat_pennies_one_cent_1944_d_d_over_s,1944,One Cent,D,Lincoln Wheat Pennies,D over S,coin,NO,
ref_coin_lincoln_wheat_pennies_one_cent_1944_d_none,1944,One Cent,D,Lincoln Wheat Pennies,,coin,NO,
ref_coin_lincoln_wheat_pennies_one_cent_1944_p_none,1944,One Cent,P,Lincoln Wheat Pennies,,coin,NO,
ref_coin_lincoln_wheat_pennies_one_cent_1944_p_struck_on_steel_planchet,1944,One Cent,P,Lincoln Wheat Pennies,Struck on Steel Planchet,coin,NO,
ref_coin_lincoln_wheat_pennies_one_cent_1944_s_none,1944,One Cent,S,Lincoln Wheat Pennies,,coin,NO,
ref_coin_mercury_dimes_one_dime_1944_d_none,1944,One Dime,D,Mercury Dimes,,coin,NO,
ref_coin_mercury_dimes_one_dime_1944_p_doubled_die_obverse,1944,One Dime,P,Mercury Dimes,Doubled Die Obverse,coin,NO,
ref_coin_mercury_dimes_one_dime_1944_p_none,1944,One Dime,P,Mercury Dimes,,coin,NO,
ref_coin_mercury_dimes_one_dime_1944_s_blundered_mintmark,1944,One Dime,S,Mercury Dimes,Blundered Mintmark,coin,NO,
ref_coin_mercury_dimes_one_dime_1944_s_none,1944,One Dime,S,Mercury Dimes,,coin,NO,
ref_coin_washington_quarters__classic_quarter_dollar_1944_d_none,1944,Quarter Dollar,D,Washington Quarters (Classic),,coin,NO,
ref_coin_washington_quarters__classic_quarter_dollar_1944_p_none,1944,Quarter Dollar,P,Washington Quarters (Classic),,coin,NO,
ref_coin_washington_quarters__classic_quarter_dollar_1944_s_none,1944,Quarter Dollar,S,Washington Quarters (Classic),,coin,NO,
ref_coin_jefferson_nickels_five_cents_1945_d_silver_war_nickel,1945,Five Cents,D,Jefferson Nickels,Silver War Nickel,coin,NO,
ref_coin_jefferson_nickels_five_cents_1945_p_silver_war_nickel,1945,Five Cents,P,Jefferson Nickels,Silver War Nickel,coin,NO,
ref_coin_jefferson_nickels_five_cents_1945_p_silver_war_nickel__doubled_die_reverse,1945,Five Cents,P,Jefferson Nickels,"Silver War Nickel, Doubled Die Reverse",coin,NO,
ref_coin_jefferson_nickels_five_cents_1945_s_silver_war_nickel,1945,Five Cents,S,Jefferson Nickels,Silver War Nickel,coin,NO,
ref_coin_jefferson_nickels_five_cents_1945_s_silver_war_nickel__re_engraved_reverse,1945,Five Cents,S,Jefferson Nickels,"Silver War Nickel, Re-engraved Reverse",coin,NO,
ref_coin_liberty_walking_half_dollars_half_dollar_1945_d_none,1945,Half Dollar,D,Liberty Walking Half Dollars,,coin,NO,
ref_coin_liberty_walking_half_dollars_half_dollar_1945_p_none,1945,Half Dollar,P,Liberty Walking Half Dollars,,coin,NO,
ref_coin_liberty_walking_half_dollars_half_dollar_1945_s_none,1945,Half Dollar,S,Liberty Walking Half Dollars,,coin,NO,
ref_coin_lincoln_cents_one_cent_1945_d_none,1945,One Cent,D,Lincoln Cents,,coin,NO,
ref_coin_lincoln_cents_one_cent_1945_p_none,1945,One Cent,P,Lincoln Cents,,coin,NO,
ref_coin_lincoln_cents_one_cent_1945_s_none,1945,One Cent,S,Lincoln Cents,,coin,NO,
ref_coin_lincoln_wheat_pennies_one_cent_1945_d_none,1945,One Cent,D,Lincoln Wheat Pennies,,coin,NO,
ref_coin_lincoln_wheat_pennies_one_cent_1945_p_none,1945,One Cent,P,Lincoln Wheat Pennies,,coin,NO,
ref_coin_lincoln_wheat_pennies_one_cent_1945_s_none,1945,One Cent,S,Lincoln Wheat Pennies,,coin,NO,
ref_coin_mercury_dimes_one_dime_1945_d_none,1945,One Dime,D,Mercury Dimes,,coin,NO,
ref_coin_mercury_dimes_one_dime_1945_p_micro_fb,1945,One Dime,P,Mercury Dimes,Micro FB,coin,NO,
ref_coin_mercury_dimes_one_dime_1945_p_none,1945,One Dime,P,Mercury Dimes,,coin,NO,
ref_coin_mercury_dimes_one_dime_1945_s_micro_s,1945,One Dime,S,Mercury Dimes,Micro S,coin,NO,
ref_coin_mercury_dimes_one_dime_1945_s_none,1945,One Dime,S,Mercury Dimes,,coin,NO,
ref_coin_type_193553,1945,One Dollar,,Sacagawea & Native American Dollars,"1 Dollar ""Native American Dollar"" (Elizabeth Peratrovich and the Anti-Discrimination Law of 1945)",coin,NO,
ref_coin_washington_quarters__classic_quarter_dollar_1945_d_none,1945,Quarter Dollar,D,Washington Quarters (Classic),,coin,NO,
ref_coin_washington_quarters__classic_quarter_dollar_1945_p_none,1945,Quarter Dollar,P,Washington Quarters (Classic),,coin,NO,
ref_coin_washington_quarters__classic_quarter_dollar_1945_s_micro_s,1945,Quarter Dollar,S,Washington Quarters (Classic),Micro S,coin,NO,
ref_coin_washington_quarters__classic_quarter_dollar_1945_s_none,1945,Quarter Dollar,S,Washington Quarters (Classic),,coin,NO,
ref_coin_jefferson_nickels_five_cents_1946_d_none,1946,Five Cents,D,Jefferson Nickels,,coin,NO,
ref_coin_jefferson_nickels_five_cents_1946_p_none,1946,Five Cents,P,Jefferson Nickels,,coin,NO,
ref_coin_jefferson_nickels_five_cents_1946_s_d_over_s,1946,Five Cents,S,Jefferson Nickels,D Over S,coin,NO,
ref_coin_jefferson_nickels_five_cents_1946_s_none,1946,Five Cents,S,Jefferson Nickels,,coin,NO,
ref_coin_liberty_walking_half_dollars_half_dollar_1946_d_none,1946,Half Dollar,D,Liberty Walking Half Dollars,,coin,NO,
ref_coin_liberty_walking_half_dollars_half_dollar_1946_p_doubled_die_reverse,1946,Half Dollar,P,Liberty Walking Half Dollars,Doubled Die Reverse,coin,NO,
ref_coin_liberty_walking_half_dollars_half_dollar_1946_p_none,1946,Half Dollar,P,Liberty Walking Half Dollars,,coin,NO,
ref_coin_liberty_walking_half_dollars_half_dollar_1946_s_none,1946,Half Dollar,S,Liberty Walking Half Dollars,,coin,NO,
ref_coin_lincoln_cents_one_cent_1946_d_none,1946,One Cent,D,Lincoln Cents,,coin,NO,
ref_coin_lincoln_cents_one_cent_1946_p_none,1946,One Cent,P,Lincoln Cents,,coin,NO,
ref_coin_lincoln_cents_one_cent_1946_s_none,1946,One Cent,S,Lincoln Cents,,coin,NO,
ref_coin_lincoln_cents_one_cent_1946_s_s_over_d,1946,One Cent,S,Lincoln Cents,S over D,coin,NO,
ref_coin_lincoln_wheat_pennies_one_cent_1946_d_none,1946,One Cent,D,Lincoln Wheat Pennies,,coin,NO,
ref_coin_lincoln_wheat_pennies_one_cent_1946_p_none,1946,One Cent,P,Lincoln Wheat Pennies,,coin,NO,
ref_coin_lincoln_wheat_pennies_one_cent_1946_s_none,1946,One Cent,S,Lincoln Wheat Pennies,,coin,NO,
ref_coin_lincoln_wheat_pennies_one_cent_1946_s_s_over_d,1946,One Cent,S,Lincoln Wheat Pennies,S over D,coin,NO,
ref_coin_roosevelt_dimes_one_dime_1946_d_none,1946,One Dime,D,Roosevelt Dimes,,coin,NO,
ref_coin_roosevelt_dimes_one_dime_1946_p_none,1946,One Dime,P,Roosevelt Dimes,,coin,NO,
ref_coin_roosevelt_dimes_one_dime_1946_s_inverted_s,1946,One Dime,S,Roosevelt Dimes,Inverted S,coin,NO,
ref_coin_roosevelt_dimes_one_dime_1946_s_none,1946,One Dime,S,Roosevelt Dimes,,coin,NO,
ref_coin_type_18229,1946,Half Dollar,,Early Commemorative Half Dollars,½ Dollar (Iowa Centennial),coin,NO,
ref_coin_type_4400,1946,Half Dollar,,Early Commemorative Half Dollars,½ Dollar (Booker T. Washington Memorial),coin,NO,
ref_coin_type_52,1946,One Dime,,Roosevelt Dimes,"1 Dime ""Roosevelt Silver Dime""",coin,NO,
ref_coin_washington_quarters__classic_quarter_dollar_1946_d_none,1946,Quarter Dollar,D,Washington Quarters (Classic),,coin,NO,
ref_coin_washington_quarters__classic_quarter_dollar_1946_p_none,1946,Quarter Dollar,P,Washington Quarters (Classic),,coin,NO,
ref_coin_washington_quarters__classic_quarter_dollar_1946_s_none,1946,Quarter Dollar,S,Washington Quarters (Classic),,coin,NO,
ref_coin_jefferson_nickels_five_cents_1947_d_none,1947,Five Cents,D,Jefferson Nickels,,coin,NO,
ref_coin_jefferson_nickels_five_cents_1947_p_none,1947,Five Cents,P,Jefferson Nickels,,coin,NO,
ref_coin_jefferson_nickels_five_cents_1947_s_none,1947,Five Cents,S,Jefferson Nickels,,coin,NO,
ref_coin_liberty_walking_half_dollars_half_dollar_1947_d_none,1947,Half Dollar,D,Liberty Walking Half Dollars,,coin,NO,
ref_coin_liberty_walking_half_dollars_half_dollar_1947_p_none,1947,Half Dollar,P,Liberty Walking Half Dollars,,coin,NO,
ref_coin_lincoln_cents_one_cent_1947_d_none,1947,One Cent,D,Lincoln Cents,,coin,NO,
ref_coin_lincoln_cents_one_cent_1947_p_none,1947,One Cent,P,Lincoln Cents,,coin,NO,
ref_coin_lincoln_cents_one_cent_1947_s_none,1947,One Cent,S,Lincoln Cents,,coin,NO,
ref_coin_lincoln_wheat_pennies_one_cent_1947_d_none,1947,One Cent,D,Lincoln Wheat Pennies,,coin,NO,
ref_coin_lincoln_wheat_pennies_one_cent_1947_p_none,1947,One Cent,P,Lincoln Wheat Pennies,,coin,NO,
ref_coin_lincoln_wheat_pennies_one_cent_1947_s_none,1947,One Cent,S,Lincoln Wheat Pennies,,coin,NO,
ref_coin_roosevelt_dimes_one_dime_1947_d_none,1947,One Dime,D,Roosevelt Dimes,,coin,NO,
ref_coin_roosevelt_dimes_one_dime_1947_p_none,1947,One Dime,P,Roosevelt Dimes,,coin,NO,
ref_coin_roosevelt_dimes_one_dime_1947_s_none,1947,One Dime,S,Roosevelt Dimes,,coin,NO,
ref_coin_washington_quarters__classic_quarter_dollar_1947_d_none,1947,Quarter Dollar,D,Washington Quarters (Classic),,coin,NO,
ref_coin_washington_quarters__classic_quarter_dollar_1947_p_none,1947,Quarter Dollar,P,Washington Quarters (Classic),,coin,NO,
ref_coin_washington_quarters__classic_quarter_dollar_1947_s_none,1947,Quarter Dollar,S,Washington Quarters (Classic),,coin,NO,
ref_coin_franklin_half_dollars_half_dollar_1948_d_none,1948,Half Dollar,D,Franklin Half Dollars,,coin,NO,
ref_coin_franklin_half_dollars_half_dollar_1948_p_none,1948,Half Dollar,P,Franklin Half Dollars,,coin,NO,
ref_coin_jefferson_nickels_five_cents_1948_d_none,1948,Five Cents,D,Jefferson Nickels,,coin,NO,
ref_coin_jefferson_nickels_five_cents_1948_p_none,1948,Five Cents,P,Jefferson Nickels,,coin,NO,
ref_coin_jefferson_nickels_five_cents_1948_s_none,1948,Five Cents,S,Jefferson Nickels,,coin,NO,
ref_coin_lincoln_cents_one_cent_1948_d_none,1948,One Cent,D,Lincoln Cents,,coin,NO,
ref_coin_lincoln_cents_one_cent_1948_p_none,1948,One Cent,P,Lincoln Cents,,coin,NO,
ref_coin_lincoln_cents_one_cent_1948_s_none,1948,One Cent,S,Lincoln Cents,,coin,NO,
ref_coin_lincoln_wheat_pennies_one_cent_1948_d_none,1948,One Cent,D,Lincoln Wheat Pennies,,coin,NO,
ref_coin_lincoln_wheat_pennies_one_cent_1948_p_none,1948,One Cent,P,Lincoln Wheat Pennies,,coin,NO,
ref_coin_lincoln_wheat_pennies_one_cent_1948_s_none,1948,One Cent,S,Lincoln Wheat Pennies,,coin,NO,
ref_coin_roosevelt_dimes_one_dime_1948_d_none,1948,One Dime,D,Roosevelt Dimes,,coin,NO,
ref_coin_roosevelt_dimes_one_dime_1948_p_none,1948,One Dime,P,Roosevelt Dimes,,coin,NO,
ref_coin_roosevelt_dimes_one_dime_1948_s_none,1948,One Dime,S,Roosevelt Dimes,,coin,NO,
ref_coin_type_2835,1948,Half Dollar,,Franklin Half Dollars,"½ Dollar ""Franklin Half Dollar""",coin,NO,
ref_coin_washington_quarters__classic_quarter_dollar_1948_d_none,1948,Quarter Dollar,D,Washington Quarters (Classic),,coin,NO,
ref_coin_washington_quarters__classic_quarter_dollar_1948_p_none,1948,Quarter Dollar,P,Washington Quarters (Classic),,coin,NO,
ref_coin_washington_quarters__classic_quarter_dollar_1948_s_none,1948,Quarter Dollar,S,Washington Quarters (Classic),,coin,NO,
ref_coin_franklin_half_dollars_half_dollar_1949_d_none,1949,Half Dollar,D,Franklin Half Dollars,,coin,NO,
ref_coin_franklin_half_dollars_half_dollar_1949_p_none,1949,Half Dollar,P,Franklin Half Dollars,,coin,NO,
ref_coin_franklin_half_dollars_half_dollar_1949_s_none,1949,Half Dollar,S,Franklin Half Dollars,,coin,NO,
ref_coin_jefferson_nickels_five_cents_1949_d_d_over_s,1949,Five Cents,D,Jefferson Nickels,D Over S,coin,NO,
ref_coin_jefferson_nickels_five_cents_1949_d_none,1949,Five Cents,D,Jefferson Nickels,,coin,NO,
ref_coin_jefferson_nickels_five_cents_1949_p_none,1949,Five Cents,P,Jefferson Nickels,,coin,NO,
ref_coin_jefferson_nickels_five_cents_1949_s_none,1949,Five Cents,S,Jefferson Nickels,,coin,NO,
ref_coin_lincoln_cents_one_cent_1949_d_none,1949,One Cent,D,Lincoln Cents,,coin,NO,
ref_coin_lincoln_cents_one_cent_1949_p_none,1949,One Cent,P,Lincoln Cents,,coin,NO,
ref_coin_lincoln_cents_one_cent_1949_s_none,1949,One Cent,S,Lincoln Cents,,coin,NO,
ref_coin_lincoln_cents_one_cent_1949_s_s_over_d,1949,One Cent,S,Lincoln Cents,S over D,coin,NO,
ref_coin_lincoln_wheat_pennies_one_cent_1949_d_none,1949,One Cent,D,Lincoln Wheat Pennies,,coin,NO,
ref_coin_lincoln_wheat_pennies_one_cent_1949_p_none,1949,One Cent,P,Lincoln Wheat Pennies,,coin,NO,
ref_coin_lincoln_wheat_pennies_one_cent_1949_s_none,1949,One Cent,S,Lincoln Wheat Pennies,,coin,NO,
ref_coin_roosevelt_dimes_one_dime_1949_d_none,1949,One Dime,D,Roosevelt Dimes,,coin,NO,
ref_coin_roosevelt_dimes_one_dime_1949_p_none,1949,One Dime,P,Roosevelt Dimes,,coin,NO,
ref_coin_roosevelt_dimes_one_dime_1949_s_none,1949,One Dime,S,Roosevelt Dimes,,coin,NO,
ref_coin_washington_quarters__classic_quarter_dollar_1949_d_none,1949,Quarter Dollar,D,Washington Quarters (Classic),,coin,NO,
ref_coin_washington_quarters__classic_quarter_dollar_1949_p_none,1949,Quarter Dollar,P,Washington Quarters (Classic),,coin,NO,
ref_coin_washington_quarters__classic_quarter_dollar_1949_s_none,1949,Quarter Dollar,S,Washington Quarters (Classic),,coin,NO,
ref_coin_franklin_half_dollars_half_dollar_1950_d_none,1950,Half Dollar,D,Franklin Half Dollars,,coin,NO,
ref_coin_franklin_half_dollars_half_dollar_1950_p_none,1950,Half Dollar,P,Franklin Half Dollars,,coin,NO,
ref_coin_franklin_half_dollars_half_dollar_1950_proof_none,1950,Half Dollar,Proof,Franklin Half Dollars,,coin,NO,
ref_coin_jefferson_nickels_five_cents_1950_d_none,1950,Five Cents,D,Jefferson Nickels,,coin,NO,
ref_coin_jefferson_nickels_five_cents_1950_p_none,1950,Five Cents,P,Jefferson Nickels,,coin,NO,
ref_coin_jefferson_nickels_five_cents_1950_s_none,1950,Five Cents,S,Jefferson Nickels,,coin,NO,
ref_coin_lincoln_cents_one_cent_1950_d_none,1950,One Cent,D,Lincoln Cents,,coin,NO,
ref_coin_lincoln_cents_one_cent_1950_p_none,1950,One Cent,P,Lincoln Cents,,coin,NO,
ref_coin_lincoln_cents_one_cent_1950_s_none,1950,One Cent,S,Lincoln Cents,,coin,NO,
ref_coin_lincoln_wheat_pennies_one_cent_1950_d_none,1950,One Cent,D,Lincoln Wheat Pennies,,coin,NO,
ref_coin_lincoln_wheat_pennies_one_cent_1950_p_none,1950,One Cent,P,Lincoln Wheat Pennies,,coin,NO,
ref_coin_lincoln_wheat_pennies_one_cent_1950_s_none,1950,One Cent,S,Lincoln Wheat Pennies,,coin,NO,
ref_coin_roosevelt_dimes_one_dime_1950_d_none,1950,One Dime,D,Roosevelt Dimes,,coin,NO,
ref_coin_roosevelt_dimes_one_dime_1950_p_none,1950,One Dime,P,Roosevelt Dimes,,coin,NO,
ref_coin_roosevelt_dimes_one_dime_1950_s_none,1950,One Dime,S,Roosevelt Dimes,,coin,NO,
ref_coin_roosevelt_dimes_one_dime_1950_s_s_over_d,1950,One Dime,S,Roosevelt Dimes,S over D,coin,NO,
ref_coin_washington_quarters__classic_quarter_dollar_1950_d_d_over_s,1950,Quarter Dollar,D,Washington Quarters (Classic),D Over S,coin,NO,
ref_coin_washington_quarters__classic_quarter_dollar_1950_d_none,1950,Quarter Dollar,D,Washington Quarters (Classic),,coin,NO,
ref_coin_washington_quarters__classic_quarter_dollar_1950_p_none,1950,Quarter Dollar,P,Washington Quarters (Classic),,coin,NO,
ref_coin_washington_quarters__classic_quarter_dollar_1950_s_none,1950,Quarter Dollar,S,Washington Quarters (Classic),,coin,NO,
ref_coin_washington_quarters__classic_quarter_dollar_1950_s_s_over_d,1950,Quarter Dollar,S,Washington Quarters (Classic),S Over D,coin,NO,
ref_coin_franklin_half_dollars_half_dollar_1951_d_none,1951,Half Dollar,D,Franklin Half Dollars,,coin,NO,
ref_coin_franklin_half_dollars_half_dollar_1951_p_none,1951,Half Dollar,P,Franklin Half Dollars,,coin,NO,
ref_coin_franklin_half_dollars_half_dollar_1951_proof_none,1951,Half Dollar,Proof,Franklin Half Dollars,,coin,NO,
ref_coin_franklin_half_dollars_half_dollar_1951_s_none,1951,Half Dollar,S,Franklin Half Dollars,,coin,NO,
ref_coin_jefferson_nickels_five_cents_1951_d_none,1951,Five Cents,D,Jefferson Nickels,,coin,NO,
ref_coin_jefferson_nickels_five_cents_1951_p_none,1951,Five Cents,P,Jefferson Nickels,,coin,NO,
ref_coin_jefferson_nickels_five_cents_1951_s_none,1951,Five Cents,S,Jefferson Nickels,,coin,NO,
ref_coin_jefferson_nickels_five_cents_1951_s_s_over_d,1951,Five Cents,S,Jefferson Nickels,S Over D,coin,NO,
ref_coin_lincoln_cents_one_cent_1951_d_none,1951,One Cent,D,Lincoln Cents,,coin,NO,
ref_coin_lincoln_cents_one_cent_1951_p_none,1951,One Cent,P,Lincoln Cents,,coin,NO,
ref_coin_lincoln_cents_one_cent_1951_s_none,1951,One Cent,S,Lincoln Cents,,coin,NO,
ref_coin_lincoln_cents_one_cent_1951_s_s_over_d,1951,One Cent,S,Lincoln Cents,S over D,coin,NO,
ref_coin_lincoln_wheat_pennies_one_cent_1951_d_none,1951,One Cent,D,Lincoln Wheat Pennies,,coin,NO,
ref_coin_lincoln_wheat_pennies_one_cent_1951_p_none,1951,One Cent,P,Lincoln Wheat Pennies,,coin,NO,
ref_coin_lincoln_wheat_pennies_one_cent_1951_s_none,1951,One Cent,S,Lincoln Wheat Pennies,,coin,NO,
ref_coin_roosevelt_dimes_one_dime_1951_d_none,1951,One Dime,D,Roosevelt Dimes,,coin,NO,
ref_coin_roosevelt_dimes_one_dime_1951_p_none,1951,One Dime,P,Roosevelt Dimes,,coin,NO,
ref_coin_roosevelt_dimes_one_dime_1951_s_none,1951,One Dime,S,Roosevelt Dimes,,coin,NO,
ref_coin_type_11591,1951,Half Dollar,,Early Commemorative Half Dollars,½ Dollar (Washington-Carver),coin,NO,
ref_coin_washington_quarters__classic_quarter_dollar_1951_d_none,1951,Quarter Dollar,D,Washington Quarters (Classic),,coin,NO,
ref_coin_washington_quarters__classic_quarter_dollar_1951_p_none,1951,Quarter Dollar,P,Washington Quarters (Classic),,coin,NO,
ref_coin_washington_quarters__classic_quarter_dollar_1951_s_none,1951,Quarter Dollar,S,Washington Quarters (Classic),,coin,NO,
ref_coin_franklin_half_dollars_half_dollar_1952_d_none,1952,Half Dollar,D,Franklin Half Dollars,,coin,NO,
ref_coin_franklin_half_dollars_half_dollar_1952_p_none,1952,Half Dollar,P,Franklin Half Dollars,,coin,NO,
ref_coin_franklin_half_dollars_half_dollar_1952_proof_none,1952,Half Dollar,Proof,Franklin Half Dollars,,coin,NO,
ref_coin_franklin_half_dollars_half_dollar_1952_s_none,1952,Half Dollar,S,Franklin Half Dollars,,coin,NO,
ref_coin_jefferson_nickels_five_cents_1952_d_d_over_s,1952,Five Cents,D,Jefferson Nickels,D Over S,coin,NO,
ref_coin_jefferson_nickels_five_cents_1952_d_none,1952,Five Cents,D,Jefferson Nickels,,coin,NO,
ref_coin_jefferson_nickels_five_cents_1952_p_none,1952,Five Cents,P,Jefferson Nickels,,coin,NO,
ref_coin_jefferson_nickels_five_cents_1952_s_none,1952,Five Cents,S,Jefferson Nickels,,coin,NO,
ref_coin_lincoln_cents_one_cent_1952_d_d_over_s,1952,One Cent,D,Lincoln Cents,D over S,coin,NO,
ref_coin_lincoln_cents_one_cent_1952_d_none,1952,One Cent,D,Lincoln Cents,,coin,NO,
ref_coin_lincoln_cents_one_cent_1952_p_none,1952,One Cent,P,Lincoln Cents,,coin,NO,
ref_coin_lincoln_cents_one_cent_1952_s_none,1952,One Cent,S,Lincoln Cents,,coin,NO,
ref_coin_lincoln_wheat_pennies_one_cent_1952_d_none,1952,One Cent,D,Lincoln Wheat Pennies,,coin,NO,
ref_coin_lincoln_wheat_pennies_one_cent_1952_p_none,1952,One Cent,P,Lincoln Wheat Pennies,,coin,NO,
ref_coin_lincoln_wheat_pennies_one_cent_1952_s_none,1952,One Cent,S,Lincoln Wheat Pennies,,coin,NO,
ref_coin_lincoln_wheat_pennies_one_cent_1952_s_s_over_d,1952,One Cent,S,Lincoln Wheat Pennies,S over D,coin,NO,
ref_coin_roosevelt_dimes_one_dime_1952_d_none,1952,One Dime,D,Roosevelt Dimes,,coin,NO,
ref_coin_roosevelt_dimes_one_dime_1952_p_none,1952,One Dime,P,Roosevelt Dimes,,coin,NO,
ref_coin_roosevelt_dimes_one_dime_1952_s_none,1952,One Dime,S,Roosevelt Dimes,,coin,NO,
ref_coin_washington_quarters__classic_quarter_dollar_1952_d_none,1952,Quarter Dollar,D,Washington Quarters (Classic),,coin,NO,
ref_coin_washington_quarters__classic_quarter_dollar_1952_p_none,1952,Quarter Dollar,P,Washington Quarters (Classic),,coin,NO,
ref_coin_washington_quarters__classic_quarter_dollar_1952_s_doubled_die_obverse,1952,Quarter Dollar,S,Washington Quarters (Classic),Doubled Die Obverse,coin,NO,
ref_coin_washington_quarters__classic_quarter_dollar_1952_s_none,1952,Quarter Dollar,S,Washington Quarters (Classic),,coin,NO,
ref_coin_franklin_half_dollars_half_dollar_1953_d_none,1953,Half Dollar,D,Franklin Half Dollars,,coin,NO,
ref_coin_franklin_half_dollars_half_dollar_1953_p_none,1953,Half Dollar,P,Franklin Half Dollars,,coin,NO,
ref_coin_franklin_half_dollars_half_dollar_1953_proof_none,1953,Half Dollar,Proof,Franklin Half Dollars,,coin,NO,
ref_coin_franklin_half_dollars_half_dollar_1953_s_none,1953,Half Dollar,S,Franklin Half Dollars,,coin,NO,
ref_coin_jefferson_nickels_five_cents_1953_d_none,1953,Five Cents,D,Jefferson Nickels,,coin,NO,
ref_coin_jefferson_nickels_five_cents_1953_p_none,1953,Five Cents,P,Jefferson Nickels,,coin,NO,
ref_coin_jefferson_nickels_five_cents_1953_s_none,1953,Five Cents,S,Jefferson Nickels,,coin,NO,
ref_coin_lincoln_cents_one_cent_1953_d_none,1953,One Cent,D,Lincoln Cents,,coin,NO,
ref_coin_lincoln_cents_one_cent_1953_p_none,1953,One Cent,P,Lincoln Cents,,coin,NO,
ref_coin_lincoln_cents_one_cent_1953_s_none,1953,One Cent,S,Lincoln Cents,,coin,NO,
ref_coin_lincoln_wheat_pennies_one_cent_1953_d_none,1953,One Cent,D,Lincoln Wheat Pennies,,coin,NO,
ref_coin_lincoln_wheat_pennies_one_cent_1953_p_none,1953,One Cent,P,Lincoln Wheat Pennies,,coin,NO,
ref_coin_lincoln_wheat_pennies_one_cent_1953_s_none,1953,One Cent,S,Lincoln Wheat Pennies,,coin,NO,
ref_coin_roosevelt_dimes_one_dime_1953_d_none,1953,One Dime,D,Roosevelt Dimes,,coin,NO,
ref_coin_roosevelt_dimes_one_dime_1953_p_none,1953,One Dime,P,Roosevelt Dimes,,coin,NO,
ref_coin_roosevelt_dimes_one_dime_1953_s_none,1953,One Dime,S,Roosevelt Dimes,,coin,NO,
ref_coin_washington_quarters__classic_quarter_dollar_1953_d_none,1953,Quarter Dollar,D,Washington Quarters (Classic),,coin,NO,
ref_coin_washington_quarters__classic_quarter_dollar_1953_p_none,1953,Quarter Dollar,P,Washington Quarters (Classic),,coin,NO,
ref_coin_washington_quarters__classic_quarter_dollar_1953_s_none,1953,Quarter Dollar,S,Washington Quarters (Classic),,coin,NO,
ref_coin_franklin_half_dollars_half_dollar_1954_d_none,1954,Half Dollar,D,Franklin Half Dollars,,coin,NO,
ref_coin_franklin_half_dollars_half_dollar_1954_p_none,1954,Half Dollar,P,Franklin Half Dollars,,coin,NO,
ref_coin_franklin_half_dollars_half_dollar_1954_proof_none,1954,Half Dollar,Proof,Franklin Half Dollars,,coin,NO,
ref_coin_franklin_half_dollars_half_dollar_1954_s_none,1954,Half Dollar,S,Franklin Half Dollars,,coin,NO,
ref_coin_jefferson_nickels_five_cents_1954_d_none,1954,Five Cents,D,Jefferson Nickels,,coin,NO,
ref_coin_jefferson_nickels_five_cents_1954_d_s_over_d,1954,Five Cents,D,Jefferson Nickels,S Over D,coin,NO,
ref_coin_jefferson_nickels_five_cents_1954_p_none,1954,Five Cents,P,Jefferson Nickels,,coin,NO,
ref_coin_jefferson_nickels_five_cents_1954_s_none,1954,Five Cents,S,Jefferson Nickels,,coin,NO,
ref_coin_lincoln_cents_one_cent_1954_d_none,1954,One Cent,D,Lincoln Cents,,coin,NO,
ref_coin_lincoln_cents_one_cent_1954_p_none,1954,One Cent,P,Lincoln Cents,,coin,NO,
ref_coin_lincoln_cents_one_cent_1954_s_none,1954,One Cent,S,Lincoln Cents,,coin,NO,
ref_coin_lincoln_wheat_pennies_one_cent_1954_d_none,1954,One Cent,D,Lincoln Wheat Pennies,,coin,NO,
ref_coin_lincoln_wheat_pennies_one_cent_1954_p_none,1954,One Cent,P,Lincoln Wheat Pennies,,coin,NO,
ref_coin_lincoln_wheat_pennies_one_cent_1954_s_none,1954,One Cent,S,Lincoln Wheat Pennies,,coin,NO,
ref_coin_roosevelt_dimes_one_dime_1954_d_none,1954,One Dime,D,Roosevelt Dimes,,coin,NO,
ref_coin_roosevelt_dimes_one_dime_1954_p_none,1954,One Dime,P,Roosevelt Dimes,,coin,NO,
ref_coin_roosevelt_dimes_one_dime_1954_s_none,1954,One Dime,S,Roosevelt Dimes,,coin,NO,
ref_coin_washington_quarters__classic_quarter_dollar_1954_d_none,1954,Quarter Dollar,D,Washington Quarters (Classic),,coin,NO,
ref_coin_washington_quarters__classic_quarter_dollar_1954_p_none,1954,Quarter Dollar,P,Washington Quarters (Classic),,coin,NO,
ref_coin_washington_quarters__classic_quarter_dollar_1954_s_none,1954,Quarter Dollar,S,Washington Quarters (Classic),,coin,NO,
ref_coin_franklin_half_dollars_half_dollar_1955_p_bugs_bunny,1955,Half Dollar,P,Franklin Half Dollars,Bugs Bunny,coin,NO,
ref_coin_franklin_half_dollars_half_dollar_1955_p_none,1955,Half Dollar,P,Franklin Half Dollars,,coin,NO,
ref_coin_franklin_half_dollars_half_dollar_1955_proof_none,1955,Half Dollar,Proof,Franklin Half Dollars,,coin,NO,
ref_coin_jefferson_nickels_five_cents_1955_d_d_over_s,1955,Five Cents,D,Jefferson Nickels,D Over S,coin,NO,
ref_coin_jefferson_nickels_five_cents_1955_d_none,1955,Five Cents,D,Jefferson Nickels,,coin,NO,
ref_coin_jefferson_nickels_five_cents_1955_p_none,1955,Five Cents,P,Jefferson Nickels,,coin,NO,
ref_coin_jefferson_nickels_five_cents_1955_s_none,1955,Five Cents,S,Jefferson Nickels,,coin,NO,
ref_coin_lincoln_cents_one_cent_1955_d_none,1955,One Cent,D,Lincoln Cents,,coin,NO,
ref_coin_lincoln_cents_one_cent_1955_p_doubled_die_obverse,1955,One Cent,P,Lincoln Cents,Doubled Die Obverse,coin,NO,
ref_coin_lincoln_cents_one_cent_1955_p_none,1955,One Cent,P,Lincoln Cents,,coin,NO,
ref_coin_lincoln_cents_one_cent_1955_s_none,1955,One Cent,S,Lincoln Cents,,coin,NO,
ref_coin_lincoln_wheat_pennies_one_cent_1955_d_horizontal_d,1955,One Cent,D,Lincoln Wheat Pennies,Horizontal D,coin,NO,
ref_coin_lincoln_wheat_pennies_one_cent_1955_d_none,1955,One Cent,D,Lincoln Wheat Pennies,,coin,NO,
ref_coin_lincoln_wheat_pennies_one_cent_1955_p_doubled_die_obverse,1955,One Cent,P,Lincoln Wheat Pennies,Doubled Die Obverse,coin,NO,
ref_coin_lincoln_wheat_pennies_one_cent_1955_p_none,1955,One Cent,P,Lincoln Wheat Pennies,,coin,NO,
ref_coin_lincoln_wheat_pennies_one_cent_1955_s_none,1955,One Cent,S,Lincoln Wheat Pennies,,coin,NO,
ref_coin_roosevelt_dimes_one_dime_1955_d_none,1955,One Dime,D,Roosevelt Dimes,,coin,NO,
ref_coin_roosevelt_dimes_one_dime_1955_p_none,1955,One Dime,P,Roosevelt Dimes,,coin,NO,
ref_coin_roosevelt_dimes_one_dime_1955_s_none,1955,One Dime,S,Roosevelt Dimes,,coin,NO,
ref_coin_washington_quarters__classic_quarter_dollar_1955_d_none,1955,Quarter Dollar,D,Washington Quarters (Classic),,coin,NO,
ref_coin_washington_quarters__classic_quarter_dollar_1955_p_none,1955,Quarter Dollar,P,Washington Quarters (Classic),,coin,NO,
ref_coin_washington_quarters__classic_quarter_dollar_1955_s_none,1955,Quarter Dollar,S,Washington Quarters (Classic),,coin,NO,
ref_coin_franklin_half_dollars_half_dollar_1956_p_none,1956,Half Dollar,P,Franklin Half Dollars,,coin,NO,
ref_coin_franklin_half_dollars_half_dollar_1956_proof_type_1_reverse,1956,Half Dollar,Proof,Franklin Half Dollars,Type 1 Reverse,coin,NO,
ref_coin_franklin_half_dollars_half_dollar_1956_proof_type_2_reverse,1956,Half Dollar,Proof,Franklin Half Dollars,Type 2 Reverse,coin,NO,
ref_coin_jefferson_nickels_five_cents_1956_d_none,1956,Five Cents,D,Jefferson Nickels,,coin,NO,
ref_coin_jefferson_nickels_five_cents_1956_p_none,1956,Five Cents,P,Jefferson Nickels,,coin,NO,
ref_coin_jefferson_nickels_five_cents_1956_s_none,1956,Five Cents,S,Jefferson Nickels,,coin,NO,
ref_coin_lincoln_cents_one_cent_1956_d_d_over_inverted_d,1956,One Cent,D,Lincoln Cents,D over Inverted D,coin,NO,
ref_coin_lincoln_cents_one_cent_1956_d_none,1956,One Cent,D,Lincoln Cents,,coin,NO,
ref_coin_lincoln_cents_one_cent_1956_p_none,1956,One Cent,P,Lincoln Cents,,coin,NO,
ref_coin_lincoln_wheat_pennies_one_cent_1956_d_d_over_s,1956,One Cent,D,Lincoln Wheat Pennies,D over S,coin,NO,
ref_coin_lincoln_wheat_pennies_one_cent_1956_d_none,1956,One Cent,D,Lincoln Wheat Pennies,,coin,NO,
ref_coin_lincoln_wheat_pennies_one_cent_1956_p_none,1956,One Cent,P,Lincoln Wheat Pennies,,coin,NO,
ref_coin_roosevelt_dimes_one_dime_1956_d_none,1956,One Dime,D,Roosevelt Dimes,,coin,NO,
ref_coin_roosevelt_dimes_one_dime_1956_p_none,1956,One Dime,P,Roosevelt Dimes,,coin,NO,
ref_coin_roosevelt_dimes_one_dime_1956_s_none,1956,One Dime,S,Roosevelt Dimes,,coin,NO,
ref_coin_washington_quarters__classic_quarter_dollar_1956_d_none,1956,Quarter Dollar,D,Washington Quarters (Classic),,coin,NO,
ref_coin_washington_quarters__classic_quarter_dollar_1956_p_none,1956,Quarter Dollar,P,Washington Quarters (Classic),,coin,NO,
ref_coin_washington_quarters__classic_quarter_dollar_1956_s_none,1956,Quarter Dollar,S,Washington Quarters (Classic),,coin,NO,
ref_coin_franklin_half_dollars_half_dollar_1957_d_none,1957,Half Dollar,D,Franklin Half Dollars,,coin,NO,
ref_coin_franklin_half_dollars_half_dollar_1957_p_none,1957,Half Dollar,P,Franklin Half Dollars,,coin,NO,
ref_coin_franklin_half_dollars_half_dollar_1957_proof_none,1957,Half Dollar,Proof,Franklin Half Dollars,,coin,NO,
ref_coin_jefferson_nickels_five_cents_1957_d_none,1957,Five Cents,D,Jefferson Nickels,,coin,NO,
ref_coin_jefferson_nickels_five_cents_1957_p_none,1957,Five Cents,P,Jefferson Nickels,,coin,NO,
ref_coin_jefferson_nickels_five_cents_1957_s_none,1957,Five Cents,S,Jefferson Nickels,,coin,NO,
ref_coin_lincoln_cents_one_cent_1957_d_none,1957,One Cent,D,Lincoln Cents,,coin,NO,
ref_coin_lincoln_cents_one_cent_1957_p_none,1957,One Cent,P,Lincoln Cents,,coin,NO,
ref_coin_lincoln_wheat_pennies_one_cent_1957_d_none,1957,One Cent,D,Lincoln Wheat Pennies,,coin,NO,
ref_coin_lincoln_wheat_pennies_one_cent_1957_p_none,1957,One Cent,P,Lincoln Wheat Pennies,,coin,NO,
ref_coin_roosevelt_dimes_one_dime_1957_d_none,1957,One Dime,D,Roosevelt Dimes,,coin,NO,
ref_coin_roosevelt_dimes_one_dime_1957_p_none,1957,One Dime,P,Roosevelt Dimes,,coin,NO,
ref_coin_roosevelt_dimes_one_dime_1957_s_none,1957,One Dime,S,Roosevelt Dimes,,coin,NO,
ref_coin_washington_quarters__classic_quarter_dollar_1957_d_none,1957,Quarter Dollar,D,Washington Quarters (Classic),,coin,NO,
ref_coin_washington_quarters__classic_quarter_dollar_1957_p_none,1957,Quarter Dollar,P,Washington Quarters (Classic),,coin,NO,
ref_coin_washington_quarters__classic_quarter_dollar_1957_s_none,1957,Quarter Dollar,S,Washington Quarters (Classic),,coin,NO,
ref_coin_franklin_half_dollars_half_dollar_1958_d_none,1958,Half Dollar,D,Franklin Half Dollars,,coin,NO,
ref_coin_franklin_half_dollars_half_dollar_1958_p_none,1958,Half Dollar,P,Franklin Half Dollars,,coin,NO,
ref_coin_franklin_half_dollars_half_dollar_1958_proof_none,1958,Half Dollar,Proof,Franklin Half Dollars,,coin,NO,
ref_coin_jefferson_nickels_five_cents_1958_d_none,1958,Five Cents,D,Jefferson Nickels,,coin,NO,
ref_coin_jefferson_nickels_five_cents_1958_p_none,1958,Five Cents,P,Jefferson Nickels,,coin,NO,
ref_coin_jefferson_nickels_five_cents_1958_s_none,1958,Five Cents,S,Jefferson Nickels,,coin,NO,
ref_coin_lincoln_cents_one_cent_1958_d_none,1958,One Cent,D,Lincoln Cents,,coin,NO,
ref_coin_lincoln_cents_one_cent_1958_p_doubled_die_obverse,1958,One Cent,P,Lincoln Cents,Doubled Die Obverse,coin,NO,
ref_coin_lincoln_cents_one_cent_1958_p_none,1958,One Cent,P,Lincoln Cents,,coin,NO,
ref_coin_lincoln_wheat_pennies_one_cent_1958_d_none,1958,One Cent,D,Lincoln Wheat Pennies,,coin,NO,
ref_coin_lincoln_wheat_pennies_one_cent_1958_p_doubled_die_obverse,1958,One Cent,P,Lincoln Wheat Pennies,Doubled Die Obverse,coin,NO,
ref_coin_lincoln_wheat_pennies_one_cent_1958_p_none,1958,One Cent,P,Lincoln Wheat Pennies,,coin,NO,
ref_coin_roosevelt_dimes_one_dime_1958_d_none,1958,One Dime,D,Roosevelt Dimes,,coin,NO,
ref_coin_roosevelt_dimes_one_dime_1958_p_none,1958,One Dime,P,Roosevelt Dimes,,coin,NO,
ref_coin_roosevelt_dimes_one_dime_1958_s_none,1958,One Dime,S,Roosevelt Dimes,,coin,NO,
ref_coin_washington_quarters__classic_quarter_dollar_1958_d_none,1958,Quarter Dollar,D,Washington Quarters (Classic),,coin,NO,
ref_coin_washington_quarters__classic_quarter_dollar_1958_p_none,1958,Quarter Dollar,P,Washington Quarters (Classic),,coin,NO,
ref_coin_washington_quarters__classic_quarter_dollar_1958_p_proof,1958,Quarter Dollar,P,Washington Quarters (Classic),Proof,coin,NO,
ref_coin_washington_quarters__classic_quarter_dollar_1958_s_none,1958,Quarter Dollar,S,Washington Quarters (Classic),,coin,NO,
ref_coin_franklin_half_dollars_half_dollar_1959_d_none,1959,Half Dollar,D,Franklin Half Dollars,,coin,NO,
ref_coin_franklin_half_dollars_half_dollar_1959_p_none,1959,Half Dollar,P,Franklin Half Dollars,,coin,NO,
ref_coin_franklin_half_dollars_half_dollar_1959_proof_none,1959,Half Dollar,Proof,Franklin Half Dollars,,coin,NO,
ref_coin_jefferson_nickels_five_cents_1959_d_none,1959,Five Cents,D,Jefferson Nickels,,coin,NO,
ref_coin_jefferson_nickels_five_cents_1959_p_none,1959,Five Cents,P,Jefferson Nickels,,coin,NO,
ref_coin_jefferson_nickels_five_cents_1959_s_none,1959,Five Cents,S,Jefferson Nickels,,coin,NO,
ref_coin_lincoln_cents_one_cent_1959_d_none,1959,One Cent,D,Lincoln Cents,,coin,NO,
ref_coin_lincoln_cents_one_cent_1959_p_none,1959,One Cent,P,Lincoln Cents,,coin,NO,
ref_coin_lincoln_memorial_cents_one_cent_1959_d_none,1959,One Cent,D,Lincoln Memorial Cents,,coin,NO,
ref_coin_lincoln_memorial_cents_one_cent_1959_p_none,1959,One Cent,P,Lincoln Memorial Cents,,coin,NO,
ref_coin_roosevelt_dimes_one_dime_1959_d_none,1959,One Dime,D,Roosevelt Dimes,,coin,NO,
ref_coin_roosevelt_dimes_one_dime_1959_p_none,1959,One Dime,P,Roosevelt Dimes,,coin,NO,
ref_coin_roosevelt_dimes_one_dime_1959_s_none,1959,One Dime,S,Roosevelt Dimes,,coin,NO,
ref_coin_type_20534,1959,Half Dollar,,Early Commemorative Half Dollars,"50 Cents - Firelands Sesquicentennial (Norwalk, Ohio)",coin,NO,
ref_coin_type_352037,1959,One Dollar,,Hawaiian Kingdom Coinage,King Kamehameha 1959 Iolani Palace (Hawaii),coin,NO,
ref_coin_type_42,1959,One Cent,,Lincoln Memorial Cents,"1 Cent ""Lincoln Memorial Cent"" (Bronze)",coin,NO,
ref_coin_washington_quarters__classic_quarter_dollar_1959_d_none,1959,Quarter Dollar,D,Washington Quarters (Classic),,coin,NO,
ref_coin_washington_quarters__classic_quarter_dollar_1959_p_none,1959,Quarter Dollar,P,Washington Quarters (Classic),,coin,NO,
ref_coin_washington_quarters__classic_quarter_dollar_1959_p_proof,1959,Quarter Dollar,P,Washington Quarters (Classic),Proof,coin,NO,
ref_coin_washington_quarters__classic_quarter_dollar_1959_s_none,1959,Quarter Dollar,S,Washington Quarters (Classic),,coin,NO,
ref_coin_franklin_half_dollars_half_dollar_1960_d_none,1960,Half Dollar,D,Franklin Half Dollars,,coin,NO,
ref_coin_franklin_half_dollars_half_dollar_1960_p_none,1960,Half Dollar,P,Franklin Half Dollars,,coin,NO,
ref_coin_franklin_half_dollars_half_dollar_1960_proof_none,1960,Half Dollar,Proof,Franklin Half Dollars,,coin,NO,
ref_coin_jefferson_nickels_five_cents_1960_d_none,1960,Five Cents,D,Jefferson Nickels,,coin,NO,
ref_coin_jefferson_nickels_five_cents_1960_p_none,1960,Five Cents,P,Jefferson Nickels,,coin,NO,
ref_coin_jefferson_nickels_five_cents_1960_s_none,1960,Five Cents,S,Jefferson Nickels,,coin,NO,
ref_coin_lincoln_cents_one_cent_1960_p_large_date,1960,One Cent,P,Lincoln Cents,Large Date,coin,NO,
ref_coin_lincoln_cents_one_cent_1960_p_small_date,1960,One Cent,P,Lincoln Cents,Small Date,coin,NO,
ref_coin_lincoln_cents_one_cent_1960_p_small_date_over_large_date__ddo_001,1960,One Cent,P,Lincoln Cents,Small Date Over Large Date (DDO-001),coin,NO,
ref_coin_lincoln_memorial_cents_one_cent_1960_p_doubled_die_obverse,1960,One Cent,P,Lincoln Memorial Cents,Doubled Die Obverse,coin,NO,
ref_coin_lincoln_memorial_cents_one_cent_1960_p_large_date,1960,One Cent,P,Lincoln Memorial Cents,Large Date,coin,NO,
ref_coin_lincoln_memorial_cents_one_cent_1960_p_small_date,1960,One Cent,P,Lincoln Memorial Cents,Small Date,coin,NO,
ref_coin_roosevelt_dimes_one_dime_1960_d_none,1960,One Dime,D,Roosevelt Dimes,,coin,NO,
ref_coin_roosevelt_dimes_one_dime_1960_p_none,1960,One Dime,P,Roosevelt Dimes,,coin,NO,
ref_coin_roosevelt_dimes_one_dime_1960_s_none,1960,One Dime,S,Roosevelt Dimes,,coin,NO,
ref_coin_type_17545,1960,Half Dollar,,Early Commemorative Half Dollars,50 Cents - Cumberland County Anniversary (Maine),coin,NO,
ref_coin_washington_quarters__classic_quarter_dollar_1960_d_none,1960,Quarter Dollar,D,Washington Quarters (Classic),,coin,NO,
ref_coin_washington_quarters__classic_quarter_dollar_1960_p_none,1960,Quarter Dollar,P,Washington Quarters (Classic),,coin,NO,
ref_coin_washington_quarters__classic_quarter_dollar_1960_p_proof,1960,Quarter Dollar,P,Washington Quarters (Classic),Proof,coin,NO,
ref_coin_washington_quarters__classic_quarter_dollar_1960_s_none,1960,Quarter Dollar,S,Washington Quarters (Classic),,coin,NO,
ref_coin_franklin_half_dollars_half_dollar_1961_d_none,1961,Half Dollar,D,Franklin Half Dollars,,coin,NO,
ref_coin_franklin_half_dollars_half_dollar_1961_p_none,1961,Half Dollar,P,Franklin Half Dollars,,coin,NO,
ref_coin_franklin_half_dollars_half_dollar_1961_proof_doubled_die_reverse,1961,Half Dollar,Proof,Franklin Half Dollars,Doubled Die Reverse,coin,NO,
ref_coin_franklin_half_dollars_half_dollar_1961_proof_none,1961,Half Dollar,Proof,Franklin Half Dollars,,coin,NO,
ref_coin_jefferson_nickels_five_cents_1961_d_none,1961,Five Cents,D,Jefferson Nickels,,coin,NO,
ref_coin_jefferson_nickels_five_cents_1961_p_none,1961,Five Cents,P,Jefferson Nickels,,coin,NO,
ref_coin_jefferson_nickels_five_cents_1961_s_none,1961,Five Cents,S,Jefferson Nickels,,coin,NO,
ref_coin_lincoln_cents_one_cent_1961_d_horizontal_d_over_d__rpm_001,1961,One Cent,D,Lincoln Cents,Horizontal D Over D (RPM-001),coin,NO,
ref_coin_lincoln_cents_one_cent_1961_d_none,1961,One Cent,D,Lincoln Cents,,coin,NO,
ref_coin_lincoln_cents_one_cent_1961_p_none,1961,One Cent,P,Lincoln Cents,,coin,NO,
ref_coin_lincoln_memorial_cents_one_cent_1961_d_horizontal_d_over_d,1961,One Cent,D,Lincoln Memorial Cents,Horizontal D Over D,coin,NO,
ref_coin_lincoln_memorial_cents_one_cent_1961_d_none,1961,One Cent,D,Lincoln Memorial Cents,,coin,NO,
ref_coin_lincoln_memorial_cents_one_cent_1961_p_none,1961,One Cent,P,Lincoln Memorial Cents,,coin,NO,
ref_coin_roosevelt_dimes_one_dime_1961_d_none,1961,One Dime,D,Roosevelt Dimes,,coin,NO,
ref_coin_roosevelt_dimes_one_dime_1961_p_none,1961,One Dime,P,Roosevelt Dimes,,coin,NO,
ref_coin_roosevelt_dimes_one_dime_1961_s_none,1961,One Dime,S,Roosevelt Dimes,,coin,NO,
ref_coin_washington_quarters__classic_quarter_dollar_1961_d_none,1961,Quarter Dollar,D,Washington Quarters (Classic),,coin,NO,
ref_coin_washington_quarters__classic_quarter_dollar_1961_d_repunched_mintmark__rpm,1961,Quarter Dollar,D,Washington Quarters (Classic),Repunched Mintmark (RPM),coin,NO,
ref_coin_washington_quarters__classic_quarter_dollar_1961_p_none,1961,Quarter Dollar,P,Washington Quarters (Classic),,coin,NO,
ref_coin_washington_quarters__classic_quarter_dollar_1961_p_proof,1961,Quarter Dollar,P,Washington Quarters (Classic),Proof,coin,NO,
ref_coin_washington_quarters__classic_quarter_dollar_1961_s_none,1961,Quarter Dollar,S,Washington Quarters (Classic),,coin,NO,
ref_coin_franklin_half_dollars_half_dollar_1962_d_none,1962,Half Dollar,D,Franklin Half Dollars,,coin,NO,
ref_coin_franklin_half_dollars_half_dollar_1962_p_none,1962,Half Dollar,P,Franklin Half Dollars,,coin,NO,
ref_coin_franklin_half_dollars_half_dollar_1962_proof_none,1962,Half Dollar,Proof,Franklin Half Dollars,,coin,NO,
ref_coin_jefferson_nickels_five_cents_1962_d_none,1962,Five Cents,D,Jefferson Nickels,,coin,NO,
ref_coin_jefferson_nickels_five_cents_1962_p_none,1962,Five Cents,P,Jefferson Nickels,,coin,NO,
ref_coin_jefferson_nickels_five_cents_1962_s_none,1962,Five Cents,S,Jefferson Nickels,,coin,NO,
ref_coin_lincoln_cents_one_cent_1962_d_none,1962,One Cent,D,Lincoln Cents,,coin,NO,
ref_coin_lincoln_cents_one_cent_1962_p_none,1962,One Cent,P,Lincoln Cents,,coin,NO,
ref_coin_lincoln_memorial_cents_one_cent_1962_d_none,1962,One Cent,D,Lincoln Memorial Cents,,coin,NO,
ref_coin_lincoln_memorial_cents_one_cent_1962_p_none,1962,One Cent,P,Lincoln Memorial Cents,,coin,NO,
ref_coin_roosevelt_dimes_one_dime_1962_d_none,1962,One Dime,D,Roosevelt Dimes,,coin,NO,
ref_coin_roosevelt_dimes_one_dime_1962_p_none,1962,One Dime,P,Roosevelt Dimes,,coin,NO,
ref_coin_roosevelt_dimes_one_dime_1962_s_none,1962,One Dime,S,Roosevelt Dimes,,coin,NO,
ref_coin_washington_quarters__classic_quarter_dollar_1962_d_none,1962,Quarter Dollar,D,Washington Quarters (Classic),,coin,NO,
ref_coin_washington_quarters__classic_quarter_dollar_1962_p_none,1962,Quarter Dollar,P,Washington Quarters (Classic),,coin,NO,
ref_coin_washington_quarters__classic_quarter_dollar_1962_p_proof,1962,Quarter Dollar,P,Washington Quarters (Classic),Proof,coin,NO,
ref_coin_washington_quarters__classic_quarter_dollar_1962_s_none,1962,Quarter Dollar,S,Washington Quarters (Classic),,coin,NO,
ref_coin_franklin_half_dollars_half_dollar_1963_d_none,1963,Half Dollar,D,Franklin Half Dollars,,coin,NO,
ref_coin_franklin_half_dollars_half_dollar_1963_p_none,1963,Half Dollar,P,Franklin Half Dollars,,coin,NO,
ref_coin_franklin_half_dollars_half_dollar_1963_proof_none,1963,Half Dollar,Proof,Franklin Half Dollars,,coin,NO,
ref_coin_jefferson_nickels_five_cents_1963_d_none,1963,Five Cents,D,Jefferson Nickels,,coin,NO,
ref_coin_jefferson_nickels_five_cents_1963_p_none,1963,Five Cents,P,Jefferson Nickels,,coin,NO,
ref_coin_jefferson_nickels_five_cents_1963_s_none,1963,Five Cents,S,Jefferson Nickels,,coin,NO,
ref_coin_lincoln_cents_one_cent_1963_d_none,1963,One Cent,D,Lincoln Cents,,coin,NO,
ref_coin_lincoln_cents_one_cent_1963_p_none,1963,One Cent,P,Lincoln Cents,,coin,NO,
ref_coin_lincoln_memorial_cents_one_cent_1963_d_none,1963,One Cent,D,Lincoln Memorial Cents,,coin,NO,
ref_coin_lincoln_memorial_cents_one_cent_1963_p_none,1963,One Cent,P,Lincoln Memorial Cents,,coin,NO,
ref_coin_roosevelt_dimes_one_dime_1963_d_none,1963,One Dime,D,Roosevelt Dimes,,coin,NO,
ref_coin_roosevelt_dimes_one_dime_1963_p_none,1963,One Dime,P,Roosevelt Dimes,,coin,NO,
ref_coin_roosevelt_dimes_one_dime_1963_s_none,1963,One Dime,S,Roosevelt Dimes,,coin,NO,
ref_coin_washington_quarters__classic_quarter_dollar_1963_d_none,1963,Quarter Dollar,D,Washington Quarters (Classic),,coin,NO,
ref_coin_washington_quarters__classic_quarter_dollar_1963_p_none,1963,Quarter Dollar,P,Washington Quarters (Classic),,coin,NO,
ref_coin_washington_quarters__classic_quarter_dollar_1963_p_proof,1963,Quarter Dollar,P,Washington Quarters (Classic),Proof,coin,NO,
ref_coin_washington_quarters__classic_quarter_dollar_1963_s_none,1963,Quarter Dollar,S,Washington Quarters (Classic),,coin,NO,
ref_coin_jefferson_nickels_five_cents_1964_d_none,1964,Five Cents,D,Jefferson Nickels,,coin,NO,
ref_coin_jefferson_nickels_five_cents_1964_d_repunched_mintmark__rpm,1964,Five Cents,D,Jefferson Nickels,Repunched Mintmark (RPM),coin,NO,
ref_coin_jefferson_nickels_five_cents_1964_p_none,1964,Five Cents,P,Jefferson Nickels,,coin,NO,
ref_coin_jefferson_nickels_five_cents_1964_p_special_mint_set__sms,1964,Five Cents,P,Jefferson Nickels,Special Mint Set (SMS),coin,NO,
ref_coin_jefferson_nickels_five_cents_1964_s_none,1964,Five Cents,S,Jefferson Nickels,,coin,NO,
ref_coin_kennedy_half_dollars_half_dollar_1964_d_doubled_die_reverse,1964,Half Dollar,D,Kennedy Half Dollars,Doubled Die Reverse,coin,NO,
ref_coin_kennedy_half_dollars_half_dollar_1964_d_none,1964,Half Dollar,D,Kennedy Half Dollars,,coin,NO,
ref_coin_kennedy_half_dollars_half_dollar_1964_p_accented_hair,1964,Half Dollar,P,Kennedy Half Dollars,Accented Hair,coin,NO,
ref_coin_kennedy_half_dollars_half_dollar_1964_p_doubled_die_obverse,1964,Half Dollar,P,Kennedy Half Dollars,Doubled Die Obverse,coin,NO,
ref_coin_kennedy_half_dollars_half_dollar_1964_p_none,1964,Half Dollar,P,Kennedy Half Dollars,,coin,NO,
ref_coin_lincoln_cents_one_cent_1964_d_none,1964,One Cent,D,Lincoln Cents,,coin,NO,
ref_coin_lincoln_cents_one_cent_1964_p_none,1964,One Cent,P,Lincoln Cents,,coin,NO,
ref_coin_lincoln_memorial_cents_one_cent_1964_d_none,1964,One Cent,D,Lincoln Memorial Cents,,coin,NO,
ref_coin_lincoln_memorial_cents_one_cent_1964_p_none,1964,One Cent,P,Lincoln Memorial Cents,,coin,NO,
ref_coin_roosevelt_dimes_one_dime_1964_d_none,1964,One Dime,D,Roosevelt Dimes,,coin,NO,
ref_coin_roosevelt_dimes_one_dime_1964_p_none,1964,One Dime,P,Roosevelt Dimes,,coin,NO,
ref_coin_roosevelt_dimes_one_dime_1964_s_none,1964,One Dime,S,Roosevelt Dimes,,coin,NO,
ref_coin_type_124044,1964,Half Dollar,,U.S. Pattern Coinage,"½ Dollar ""1964 Kennedy"" (Pattern)",coin,NO,
ref_coin_type_183800,1964,One Dollar,,Modern Commemorative Dollars,1 Dollar (1964 D Moonlight Mint),coin,NO,
ref_coin_type_60799,1964,One Dollar,,Modern Commemorative Dollars,1 Dollar (Civil Rights Act of 1964),coin,NO,
ref_coin_type_943,1964,Half Dollar,,Kennedy Half Dollars,"½ Dollar ""Kennedy Half Dollar"" (90% Silver)",coin,NO,
ref_coin_washington_quarters__classic_quarter_dollar_1964_d_none,1964,Quarter Dollar,D,Washington Quarters (Classic),,coin,NO,
ref_coin_washington_quarters__classic_quarter_dollar_1964_d_repunched_mintmark__rpm,1964,Quarter Dollar,D,Washington Quarters (Classic),Repunched Mintmark (RPM),coin,NO,
ref_coin_washington_quarters__classic_quarter_dollar_1964_p_none,1964,Quarter Dollar,P,Washington Quarters (Classic),,coin,NO,
ref_coin_washington_quarters__classic_quarter_dollar_1964_p_proof,1964,Quarter Dollar,P,Washington Quarters (Classic),Proof,coin,NO,
ref_coin_washington_quarters__classic_quarter_dollar_1964_s_none,1964,Quarter Dollar,S,Washington Quarters (Classic),,coin,NO,
ref_coin_jefferson_nickels_five_cents_1965_d_none,1965,Five Cents,D,Jefferson Nickels,,coin,NO,
ref_coin_jefferson_nickels_five_cents_1965_p_none,1965,Five Cents,P,Jefferson Nickels,,coin,NO,
ref_coin_jefferson_nickels_five_cents_1965_p_special_mint_set__sms,1965,Five Cents,P,Jefferson Nickels,Special Mint Set (SMS),coin,NO,
ref_coin_kennedy_half_dollars_half_dollar_1965_d_none,1965,Half Dollar,D,Kennedy Half Dollars,,coin,NO,
ref_coin_kennedy_half_dollars_half_dollar_1965_p_none,1965,Half Dollar,P,Kennedy Half Dollars,,coin,NO,
ref_coin_lincoln_cents_one_cent_1965_p_none,1965,One Cent,P,Lincoln Cents,,coin,NO,
ref_coin_lincoln_memorial_cents_one_cent_1965_p_none,1965,One Cent,P,Lincoln Memorial Cents,,coin,NO,
ref_coin_roosevelt_dimes_one_dime_1965_sms_none,1965,One Dime,SMS,Roosevelt Dimes,,coin,NO,
ref_coin_type_10865,1965,Half Dollar,,Kennedy Half Dollars,"½ Dollar ""Kennedy Half Dollar"" (40% Silver)",coin,NO,
ref_coin_type_53,1965,One Dime,,Roosevelt Dimes,"1 Dime ""Roosevelt Dime""",coin,NO,
ref_coin_type_55,1965,Quarter Dollar,,Washington Quarters (Classic),"¼ Dollar ""Washington Quarter""",coin,NO,
ref_coin_washington_quarters__classic_quarter_dollar_1965_sms_90__silver_transitional_error,1965,Quarter Dollar,SMS,Washington Quarters (Classic),90% Silver Transitional Error,coin,NO,
ref_coin_washington_quarters__classic_quarter_dollar_1965_sms_none,1965,Quarter Dollar,SMS,Washington Quarters (Classic),,coin,NO,
ref_coin_washington_quarters__classic_quarter_dollar_1965_sms_silver_clad_transitional_error,1965,Quarter Dollar,SMS,Washington Quarters (Classic),Silver Clad Transitional Error,coin,NO,
ref_coin_jefferson_nickels_five_cents_1966_d_none,1966,Five Cents,D,Jefferson Nickels,,coin,NO,
ref_coin_jefferson_nickels_five_cents_1966_p_none,1966,Five Cents,P,Jefferson Nickels,,coin,NO,
ref_coin_jefferson_nickels_five_cents_1966_p_special_mint_set__sms,1966,Five Cents,P,Jefferson Nickels,Special Mint Set (SMS),coin,NO,
ref_coin_kennedy_half_dollars_half_dollar_1966_d_none,1966,Half Dollar,D,Kennedy Half Dollars,,coin,NO,
ref_coin_kennedy_half_dollars_half_dollar_1966_p_none,1966,Half Dollar,P,Kennedy Half Dollars,,coin,NO,
ref_coin_lincoln_cents_one_cent_1966_p_none,1966,One Cent,P,Lincoln Cents,,coin,NO,
ref_coin_lincoln_memorial_cents_one_cent_1966_p_none,1966,One Cent,P,Lincoln Memorial Cents,,coin,NO,
ref_coin_roosevelt_dimes_one_dime_1966_sms_none,1966,One Dime,SMS,Roosevelt Dimes,,coin,NO,
ref_coin_type_17543,1966,Half Dollar,,Early Commemorative Half Dollars,50 Cents - Illinois (100th anniversary New Athens),coin,NO,
ref_coin_washington_quarters__classic_quarter_dollar_1966_sms_none,1966,Quarter Dollar,SMS,Washington Quarters (Classic),,coin,NO,
ref_coin_jefferson_nickels_five_cents_1967_d_none,1967,Five Cents,D,Jefferson Nickels,,coin,NO,
ref_coin_jefferson_nickels_five_cents_1967_p_none,1967,Five Cents,P,Jefferson Nickels,,coin,NO,
ref_coin_jefferson_nickels_five_cents_1967_p_special_mint_set__sms,1967,Five Cents,P,Jefferson Nickels,Special Mint Set (SMS),coin,NO,
ref_coin_kennedy_half_dollars_half_dollar_1967_d_none,1967,Half Dollar,D,Kennedy Half Dollars,,coin,NO,
ref_coin_kennedy_half_dollars_half_dollar_1967_p_none,1967,Half Dollar,P,Kennedy Half Dollars,,coin,NO,
ref_coin_lincoln_cents_one_cent_1967_p_none,1967,One Cent,P,Lincoln Cents,,coin,NO,
ref_coin_lincoln_memorial_cents_one_cent_1967_p_none,1967,One Cent,P,Lincoln Memorial Cents,,coin,NO,
ref_coin_roosevelt_dimes_one_dime_1967_sms_none,1967,One Dime,SMS,Roosevelt Dimes,,coin,NO,
ref_coin_washington_quarters__classic_quarter_dollar_1967_sms_none,1967,Quarter Dollar,SMS,Washington Quarters (Classic),,coin,NO,
ref_coin_jefferson_nickels_five_cents_1968_d_none,1968,Five Cents,D,Jefferson Nickels,,coin,NO,
ref_coin_jefferson_nickels_five_cents_1968_p_none,1968,Five Cents,P,Jefferson Nickels,,coin,NO,
ref_coin_jefferson_nickels_five_cents_1968_s_none,1968,Five Cents,S,Jefferson Nickels,,coin,NO,
ref_coin_kennedy_half_dollars_half_dollar_1968_d_none,1968,Half Dollar,D,Kennedy Half Dollars,,coin,NO,
ref_coin_kennedy_half_dollars_half_dollar_1968_p_none,1968,Half Dollar,P,Kennedy Half Dollars,,coin,NO,
ref_coin_kennedy_half_dollars_half_dollar_1968_s_inverted_s_mint_mark,1968,Half Dollar,S,Kennedy Half Dollars,Inverted S Mint Mark,coin,NO,
ref_coin_kennedy_half_dollars_half_dollar_1968_s_none,1968,Half Dollar,S,Kennedy Half Dollars,,coin,NO,
ref_coin_lincoln_cents_one_cent_1968_d_none,1968,One Cent,D,Lincoln Cents,,coin,NO,
ref_coin_lincoln_cents_one_cent_1968_p_none,1968,One Cent,P,Lincoln Cents,,coin,NO,
ref_coin_lincoln_cents_one_cent_1968_s_none,1968,One Cent,S,Lincoln Cents,,coin,NO,
ref_coin_lincoln_memorial_cents_one_cent_1968_d_none,1968,One Cent,D,Lincoln Memorial Cents,,coin,NO,
ref_coin_lincoln_memorial_cents_one_cent_1968_p_none,1968,One Cent,P,Lincoln Memorial Cents,,coin,NO,
ref_coin_lincoln_memorial_cents_one_cent_1968_s_none,1968,One Cent,S,Lincoln Memorial Cents,,coin,NO,
ref_coin_roosevelt_dimes_one_dime_1968_d_none,1968,One Dime,D,Roosevelt Dimes,,coin,NO,
ref_coin_roosevelt_dimes_one_dime_1968_p_none,1968,One Dime,P,Roosevelt Dimes,,coin,NO,
ref_coin_roosevelt_dimes_one_dime_1968_s_no_s_proof,1968,One Dime,S,Roosevelt Dimes,No S Proof,coin,NO,
ref_coin_roosevelt_dimes_one_dime_1968_s_none,1968,One Dime,S,Roosevelt Dimes,,coin,NO,
ref_coin_type_17546,1968,Half Dollar,,Early Commemorative Half Dollars,"50 Cents - Atlantic Centennial (Atlantic, Iowa)",coin,NO,
ref_coin_washington_quarters__classic_quarter_dollar_1968_d_none,1968,Quarter Dollar,D,Washington Quarters (Classic),,coin,NO,
ref_coin_washington_quarters__classic_quarter_dollar_1968_p_none,1968,Quarter Dollar,P,Washington Quarters (Classic),,coin,NO,
ref_coin_washington_quarters__classic_quarter_dollar_1968_s_proof,1968,Quarter Dollar,S,Washington Quarters (Classic),Proof,coin,NO,
ref_coin_jefferson_nickels_five_cents_1969_d_d_over_d_repunched_mintmark,1969,Five Cents,D,Jefferson Nickels,D over D Repunched Mintmark,coin,NO,
ref_coin_jefferson_nickels_five_cents_1969_d_none,1969,Five Cents,D,Jefferson Nickels,,coin,NO,
ref_coin_jefferson_nickels_five_cents_1969_p_none,1969,Five Cents,P,Jefferson Nickels,,coin,NO,
ref_coin_jefferson_nickels_five_cents_1969_s_none,1969,Five Cents,S,Jefferson Nickels,,coin,NO,
ref_coin_kennedy_half_dollars_half_dollar_1969_d_none,1969,Half Dollar,D,Kennedy Half Dollars,,coin,NO,
ref_coin_kennedy_half_dollars_half_dollar_1969_p_none,1969,Half Dollar,P,Kennedy Half Dollars,,coin,NO,
ref_coin_kennedy_half_dollars_half_dollar_1969_s_none,1969,Half Dollar,S,Kennedy Half Dollars,,coin,NO,
ref_coin_lincoln_cents_one_cent_1969_d_none,1969,One Cent,D,Lincoln Cents,,coin,NO,
ref_coin_lincoln_cents_one_cent_1969_p_none,1969,One Cent,P,Lincoln Cents,,coin,NO,
ref_coin_lincoln_cents_one_cent_1969_s_doubled_die_obverse__ddo_001,1969,One Cent,S,Lincoln Cents,Doubled Die Obverse (DDO-001),coin,NO,
ref_coin_lincoln_cents_one_cent_1969_s_none,1969,One Cent,S,Lincoln Cents,,coin,NO,
ref_coin_lincoln_memorial_cents_one_cent_1969_d_none,1969,One Cent,D,Lincoln Memorial Cents,,coin,NO,
ref_coin_lincoln_memorial_cents_one_cent_1969_p_none,1969,One Cent,P,Lincoln Memorial Cents,,coin,NO,
ref_coin_lincoln_memorial_cents_one_cent_1969_s_doubled_die_obverse,1969,One Cent,S,Lincoln Memorial Cents,Doubled Die Obverse,coin,NO,
ref_coin_lincoln_memorial_cents_one_cent_1969_s_none,1969,One Cent,S,Lincoln Memorial Cents,,coin,NO,
ref_coin_roosevelt_dimes_one_dime_1969_d_none,1969,One Dime,D,Roosevelt Dimes,,coin,NO,
ref_coin_roosevelt_dimes_one_dime_1969_p_none,1969,One Dime,P,Roosevelt Dimes,,coin,NO,
ref_coin_roosevelt_dimes_one_dime_1969_s_none,1969,One Dime,S,Roosevelt Dimes,,coin,NO,
ref_coin_washington_quarters__classic_quarter_dollar_1969_d_none,1969,Quarter Dollar,D,Washington Quarters (Classic),,coin,NO,
ref_coin_washington_quarters__classic_quarter_dollar_1969_p_none,1969,Quarter Dollar,P,Washington Quarters (Classic),,coin,NO,
ref_coin_washington_quarters__classic_quarter_dollar_1969_s_proof,1969,Quarter Dollar,S,Washington Quarters (Classic),Proof,coin,NO,
ref_coin_jefferson_nickels_five_cents_1970_d_d_over_d_repunched_mintmark,1970,Five Cents,D,Jefferson Nickels,D over D Repunched Mintmark,coin,NO,
ref_coin_jefferson_nickels_five_cents_1970_d_none,1970,Five Cents,D,Jefferson Nickels,,coin,NO,
ref_coin_jefferson_nickels_five_cents_1970_p_none,1970,Five Cents,P,Jefferson Nickels,,coin,NO,
ref_coin_jefferson_nickels_five_cents_1970_s_none,1970,Five Cents,S,Jefferson Nickels,,coin,NO,
ref_coin_kennedy_half_dollars_half_dollar_1970_d_none,1970,Half Dollar,D,Kennedy Half Dollars,,coin,NO,
ref_coin_kennedy_half_dollars_half_dollar_1970_s_none,1970,Half Dollar,S,Kennedy Half Dollars,,coin,NO,
ref_coin_lincoln_cents_one_cent_1970_d_none,1970,One Cent,D,Lincoln Cents,,coin,NO,
ref_coin_lincoln_cents_one_cent_1970_p_none,1970,One Cent,P,Lincoln Cents,,coin,NO,
ref_coin_lincoln_cents_one_cent_1970_s_large_date,1970,One Cent,S,Lincoln Cents,Large Date,coin,NO,
ref_coin_lincoln_cents_one_cent_1970_s_small_date,1970,One Cent,S,Lincoln Cents,Small Date,coin,NO,
ref_coin_lincoln_cents_one_cent_1970_s_small_date_doubled_die_obverse__ddo_001,1970,One Cent,S,Lincoln Cents,Small Date Doubled Die Obverse (DDO-001),coin,NO,
ref_coin_lincoln_memorial_cents_one_cent_1970_d_none,1970,One Cent,D,Lincoln Memorial Cents,,coin,NO,
ref_coin_lincoln_memorial_cents_one_cent_1970_p_none,1970,One Cent,P,Lincoln Memorial Cents,,coin,NO,
ref_coin_lincoln_memorial_cents_one_cent_1970_s_large_date,1970,One Cent,S,Lincoln Memorial Cents,Large Date,coin,NO,
ref_coin_lincoln_memorial_cents_one_cent_1970_s_small_date,1970,One Cent,S,Lincoln Memorial Cents,Small Date,coin,NO,
ref_coin_lincoln_memorial_cents_one_cent_1970_s_small_date_doubled_die_obverse,1970,One Cent,S,Lincoln Memorial Cents,Small Date Doubled Die Obverse,coin,NO,
ref_coin_roosevelt_dimes_one_dime_1970_d_none,1970,One Dime,D,Roosevelt Dimes,,coin,NO,
ref_coin_roosevelt_dimes_one_dime_1970_p_none,1970,One Dime,P,Roosevelt Dimes,,coin,NO,
ref_coin_roosevelt_dimes_one_dime_1970_s_no_s_proof,1970,One Dime,S,Roosevelt Dimes,No S Proof,coin,NO,
ref_coin_roosevelt_dimes_one_dime_1970_s_none,1970,One Dime,S,Roosevelt Dimes,,coin,NO,
ref_coin_washington_quarters__classic_quarter_dollar_1970_d_none,1970,Quarter Dollar,D,Washington Quarters (Classic),,coin,NO,
ref_coin_washington_quarters__classic_quarter_dollar_1970_p_none,1970,Quarter Dollar,P,Washington Quarters (Classic),,coin,NO,
ref_coin_washington_quarters__classic_quarter_dollar_1970_s_proof,1970,Quarter Dollar,S,Washington Quarters (Classic),Proof,coin,NO,
ref_coin_eisenhower_dollars_one_dollar_1971_d_friendly_eagle,1971,One Dollar,D,Eisenhower Dollars,Friendly Eagle,coin,NO,
ref_coin_eisenhower_dollars_one_dollar_1971_d_none,1971,One Dollar,D,Eisenhower Dollars,,coin,NO,
ref_coin_eisenhower_dollars_one_dollar_1971_p_friendly_eagle,1971,One Dollar,P,Eisenhower Dollars,Friendly Eagle,coin,NO,
ref_coin_eisenhower_dollars_one_dollar_1971_p_none,1971,One Dollar,P,Eisenhower Dollars,,coin,NO,
ref_coin_eisenhower_dollars_one_dollar_1971_s_blue_envelope,1971,One Dollar,S,Eisenhower Dollars,Blue Envelope,coin,NO,
ref_coin_eisenhower_dollars_one_dollar_1971_s_brown_box_proof,1971,One Dollar,S,Eisenhower Dollars,Brown Box Proof,coin,NO,
ref_coin_jefferson_nickels_five_cents_1971_d_none,1971,Five Cents,D,Jefferson Nickels,,coin,NO,
ref_coin_jefferson_nickels_five_cents_1971_p_none,1971,Five Cents,P,Jefferson Nickels,,coin,NO,
ref_coin_jefferson_nickels_five_cents_1971_s_no_s_proof,1971,Five Cents,S,Jefferson Nickels,No S Proof,coin,NO,
ref_coin_jefferson_nickels_five_cents_1971_s_none,1971,Five Cents,S,Jefferson Nickels,,coin,NO,
ref_coin_kennedy_half_dollars_half_dollar_1971_d_none,1971,Half Dollar,D,Kennedy Half Dollars,,coin,NO,
ref_coin_kennedy_half_dollars_half_dollar_1971_p_none,1971,Half Dollar,P,Kennedy Half Dollars,,coin,NO,
ref_coin_kennedy_half_dollars_half_dollar_1971_s_none,1971,Half Dollar,S,Kennedy Half Dollars,,coin,NO,
ref_coin_lincoln_cents_one_cent_1971_d_none,1971,One Cent,D,Lincoln Cents,,coin,NO,
ref_coin_lincoln_cents_one_cent_1971_p_doubled_die_obverse__ddo_001,1971,One Cent,P,Lincoln Cents,Doubled Die Obverse (DDO-001),coin,NO,
ref_coin_lincoln_cents_one_cent_1971_p_none,1971,One Cent,P,Lincoln Cents,,coin,NO,
ref_coin_lincoln_cents_one_cent_1971_s_none,1971,One Cent,S,Lincoln Cents,,coin,NO,
ref_coin_lincoln_memorial_cents_one_cent_1971_d_none,1971,One Cent,D,Lincoln Memorial Cents,,coin,NO,
ref_coin_lincoln_memorial_cents_one_cent_1971_p_doubled_die_obverse,1971,One Cent,P,Lincoln Memorial Cents,Doubled Die Obverse,coin,NO,
ref_coin_lincoln_memorial_cents_one_cent_1971_p_none,1971,One Cent,P,Lincoln Memorial Cents,,coin,NO,
ref_coin_lincoln_memorial_cents_one_cent_1971_s_none,1971,One Cent,S,Lincoln Memorial Cents,,coin,NO,
ref_coin_roosevelt_dimes_one_dime_1971_d_none,1971,One Dime,D,Roosevelt Dimes,,coin,NO,
ref_coin_roosevelt_dimes_one_dime_1971_p_none,1971,One Dime,P,Roosevelt Dimes,,coin,NO,
ref_coin_roosevelt_dimes_one_dime_1971_s_no_s,1971,One Dime,S,Roosevelt Dimes,No S,coin,NO,
ref_coin_roosevelt_dimes_one_dime_1971_s_none,1971,One Dime,S,Roosevelt Dimes,,coin,NO,
ref_coin_type_1346,1971,One Dollar,,Eisenhower Dollars,"1 Dollar ""Eisenhower Dollar""",coin,NO,
ref_coin_type_15202,1971,One Dollar,,Eisenhower Dollars,"1 Dollar ""Eisenhower Dollar"" (Silver Collectors' Issue)",coin,NO,
ref_coin_type_6918,1971,Half Dollar,,Kennedy Half Dollars,"½ Dollar ""Kennedy Half Dollar""",coin,NO,
ref_coin_washington_quarters__classic_quarter_dollar_1971_d_none,1971,Quarter Dollar,D,Washington Quarters (Classic),,coin,NO,
ref_coin_washington_quarters__classic_quarter_dollar_1971_p_none,1971,Quarter Dollar,P,Washington Quarters (Classic),,coin,NO,
ref_coin_washington_quarters__classic_quarter_dollar_1971_s_proof,1971,Quarter Dollar,S,Washington Quarters (Classic),Proof,coin,NO,
ref_coin_eisenhower_dollars_one_dollar_1972_d_none,1972,One Dollar,D,Eisenhower Dollars,,coin,NO,
ref_coin_eisenhower_dollars_one_dollar_1972_p_type_1,1972,One Dollar,P,Eisenhower Dollars,Type 1,coin,NO,
ref_coin_eisenhower_dollars_one_dollar_1972_p_type_2,1972,One Dollar,P,Eisenhower Dollars,Type 2,coin,NO,
ref_coin_eisenhower_dollars_one_dollar_1972_p_type_3,1972,One Dollar,P,Eisenhower Dollars,Type 3,coin,NO,
ref_coin_eisenhower_dollars_one_dollar_1972_s_blue_envelope,1972,One Dollar,S,Eisenhower Dollars,Blue Envelope,coin,NO,
ref_coin_eisenhower_dollars_one_dollar_1972_s_brown_box_proof,1972,One Dollar,S,Eisenhower Dollars,Brown Box Proof,coin,NO,
ref_coin_jefferson_nickels_five_cents_1972_d_none,1972,Five Cents,D,Jefferson Nickels,,coin,NO,
ref_coin_jefferson_nickels_five_cents_1972_p_none,1972,Five Cents,P,Jefferson Nickels,,coin,NO,
ref_coin_jefferson_nickels_five_cents_1972_s_none,1972,Five Cents,S,Jefferson Nickels,,coin,NO,
ref_coin_kennedy_half_dollars_half_dollar_1972_d_none,1972,Half Dollar,D,Kennedy Half Dollars,,coin,NO,
ref_coin_kennedy_half_dollars_half_dollar_1972_p_doubled_die_obverse,1972,Half Dollar,P,Kennedy Half Dollars,Doubled Die Obverse,coin,NO,
ref_coin_kennedy_half_dollars_half_dollar_1972_p_none,1972,Half Dollar,P,Kennedy Half Dollars,,coin,NO,
ref_coin_kennedy_half_dollars_half_dollar_1972_s_none,1972,Half Dollar,S,Kennedy Half Dollars,,coin,NO,
ref_coin_lincoln_cents_one_cent_1972_d_none,1972,One Cent,D,Lincoln Cents,,coin,NO,
ref_coin_lincoln_cents_one_cent_1972_p_doubled_die_obverse__ddo_001,1972,One Cent,P,Lincoln Cents,Doubled Die Obverse (DDO-001),coin,NO,
ref_coin_lincoln_cents_one_cent_1972_p_none,1972,One Cent,P,Lincoln Cents,,coin,NO,
ref_coin_lincoln_cents_one_cent_1972_s_none,1972,One Cent,S,Lincoln Cents,,coin,NO,
ref_coin_lincoln_memorial_cents_one_cent_1972_d_none,1972,One Cent,D,Lincoln Memorial Cents,,coin,NO,
ref_coin_lincoln_memorial_cents_one_cent_1972_p_doubled_die_obverse,1972,One Cent,P,Lincoln Memorial Cents,Doubled Die Obverse,coin,NO,
ref_coin_lincoln_memorial_cents_one_cent_1972_p_none,1972,One Cent,P,Lincoln Memorial Cents,,coin,NO,
ref_coin_lincoln_memorial_cents_one_cent_1972_s_none,1972,One Cent,S,Lincoln Memorial Cents,,coin,NO,
ref_coin_roosevelt_dimes_one_dime_1972_d_none,1972,One Dime,D,Roosevelt Dimes,,coin,NO,
ref_coin_roosevelt_dimes_one_dime_1972_p_none,1972,One Dime,P,Roosevelt Dimes,,coin,NO,
ref_coin_roosevelt_dimes_one_dime_1972_s_none,1972,One Dime,S,Roosevelt Dimes,,coin,NO,
ref_coin_washington_quarters__classic_quarter_dollar_1972_d_none,1972,Quarter Dollar,D,Washington Quarters (Classic),,coin,NO,
ref_coin_washington_quarters__classic_quarter_dollar_1972_p_none,1972,Quarter Dollar,P,Washington Quarters (Classic),,coin,NO,
ref_coin_washington_quarters__classic_quarter_dollar_1972_s_proof,1972,Quarter Dollar,S,Washington Quarters (Classic),Proof,coin,NO,
ref_coin_eisenhower_dollars_one_dollar_1973_d_none,1973,One Dollar,D,Eisenhower Dollars,,coin,NO,
ref_coin_eisenhower_dollars_one_dollar_1973_p_none,1973,One Dollar,P,Eisenhower Dollars,,coin,NO,
ref_coin_eisenhower_dollars_one_dollar_1973_s_blue_envelope,1973,One Dollar,S,Eisenhower Dollars,Blue Envelope,coin,NO,
ref_coin_eisenhower_dollars_one_dollar_1973_s_brown_box_proof,1973,One Dollar,S,Eisenhower Dollars,Brown Box Proof,coin,NO,
ref_coin_jefferson_nickels_five_cents_1973_d_none,1973,Five Cents,D,Jefferson Nickels,,coin,NO,
ref_coin_jefferson_nickels_five_cents_1973_p_none,1973,Five Cents,P,Jefferson Nickels,,coin,NO,
ref_coin_jefferson_nickels_five_cents_1973_s_none,1973,Five Cents,S,Jefferson Nickels,,coin,NO,
ref_coin_kennedy_half_dollars_half_dollar_1973_d_none,1973,Half Dollar,D,Kennedy Half Dollars,,coin,NO,
ref_coin_kennedy_half_dollars_half_dollar_1973_p_none,1973,Half Dollar,P,Kennedy Half Dollars,,coin,NO,
ref_coin_kennedy_half_dollars_half_dollar_1973_s_none,1973,Half Dollar,S,Kennedy Half Dollars,,coin,NO,
ref_coin_lincoln_cents_one_cent_1973_d_none,1973,One Cent,D,Lincoln Cents,,coin,NO,
ref_coin_lincoln_cents_one_cent_1973_p_none,1973,One Cent,P,Lincoln Cents,,coin,NO,
ref_coin_lincoln_cents_one_cent_1973_s_none,1973,One Cent,S,Lincoln Cents,,coin,NO,
ref_coin_lincoln_memorial_cents_one_cent_1973_d_none,1973,One Cent,D,Lincoln Memorial Cents,,coin,NO,
ref_coin_lincoln_memorial_cents_one_cent_1973_p_none,1973,One Cent,P,Lincoln Memorial Cents,,coin,NO,
ref_coin_lincoln_memorial_cents_one_cent_1973_s_none,1973,One Cent,S,Lincoln Memorial Cents,,coin,NO,
ref_coin_roosevelt_dimes_one_dime_1973_d_none,1973,One Dime,D,Roosevelt Dimes,,coin,NO,
ref_coin_roosevelt_dimes_one_dime_1973_p_none,1973,One Dime,P,Roosevelt Dimes,,coin,NO,
ref_coin_roosevelt_dimes_one_dime_1973_s_none,1973,One Dime,S,Roosevelt Dimes,,coin,NO,
ref_coin_type_38764,1973,One Dollar,,Hawaiian Kingdom Coinage,"1 Kauai Dollar (Kauai, Hawaii)",coin,NO,
ref_coin_washington_quarters__classic_quarter_dollar_1973_d_none,1973,Quarter Dollar,D,Washington Quarters (Classic),,coin,NO,
ref_coin_washington_quarters__classic_quarter_dollar_1973_p_none,1973,Quarter Dollar,P,Washington Quarters (Classic),,coin,NO,
ref_coin_washington_quarters__classic_quarter_dollar_1973_s_proof,1973,Quarter Dollar,S,Washington Quarters (Classic),Proof,coin,NO,
ref_coin_eisenhower_dollars_one_dollar_1974_d_none,1974,One Dollar,D,Eisenhower Dollars,,coin,NO,
ref_coin_eisenhower_dollars_one_dollar_1974_p_none,1974,One Dollar,P,Eisenhower Dollars,,coin,NO,
ref_coin_eisenhower_dollars_one_dollar_1974_s_blue_envelope,1974,One Dollar,S,Eisenhower Dollars,Blue Envelope,coin,NO,
ref_coin_eisenhower_dollars_one_dollar_1974_s_brown_box_proof,1974,One Dollar,S,Eisenhower Dollars,Brown Box Proof,coin,NO,
ref_coin_jefferson_nickels_five_cents_1974_d_d_over_d_repunched_mintmark,1974,Five Cents,D,Jefferson Nickels,D over D Repunched Mintmark,coin,NO,
ref_coin_jefferson_nickels_five_cents_1974_d_none,1974,Five Cents,D,Jefferson Nickels,,coin,NO,
ref_coin_jefferson_nickels_five_cents_1974_p_none,1974,Five Cents,P,Jefferson Nickels,,coin,NO,
ref_coin_jefferson_nickels_five_cents_1974_s_none,1974,Five Cents,S,Jefferson Nickels,,coin,NO,
ref_coin_kennedy_half_dollars_half_dollar_1974_d_doubled_die_obverse,1974,Half Dollar,D,Kennedy Half Dollars,Doubled Die Obverse,coin,NO,
ref_coin_kennedy_half_dollars_half_dollar_1974_d_none,1974,Half Dollar,D,Kennedy Half Dollars,,coin,NO,
ref_coin_kennedy_half_dollars_half_dollar_1974_p_none,1974,Half Dollar,P,Kennedy Half Dollars,,coin,NO,
ref_coin_kennedy_half_dollars_half_dollar_1974_s_none,1974,Half Dollar,S,Kennedy Half Dollars,,coin,NO,
ref_coin_lincoln_cents_one_cent_1974_d_none,1974,One Cent,D,Lincoln Cents,,coin,NO,
ref_coin_lincoln_cents_one_cent_1974_p_none,1974,One Cent,P,Lincoln Cents,,coin,NO,
ref_coin_lincoln_cents_one_cent_1974_s_none,1974,One Cent,S,Lincoln Cents,,coin,NO,
ref_coin_lincoln_memorial_cents_one_cent_1974_d_none,1974,One Cent,D,Lincoln Memorial Cents,,coin,NO,
ref_coin_lincoln_memorial_cents_one_cent_1974_p_none,1974,One Cent,P,Lincoln Memorial Cents,,coin,NO,
ref_coin_lincoln_memorial_cents_one_cent_1974_s_none,1974,One Cent,S,Lincoln Memorial Cents,,coin,NO,
ref_coin_roosevelt_dimes_one_dime_1974_d_none,1974,One Dime,D,Roosevelt Dimes,,coin,NO,
ref_coin_roosevelt_dimes_one_dime_1974_p_none,1974,One Dime,P,Roosevelt Dimes,,coin,NO,
ref_coin_roosevelt_dimes_one_dime_1974_s_none,1974,One Dime,S,Roosevelt Dimes,,coin,NO,
ref_coin_type_109095,1974,One Dollar,,Hawaiian Kingdom Coinage,"1 Hawaii Dollar (Honolulu, Hawaii)",coin,NO,
ref_coin_type_131030,1974,One Cent,,U.S. Pattern Coinage,"1 Cent ""1974 Lincoln Memorial"" (Pattern)",coin,NO,
ref_coin_type_26117,1974,One Dollar,,Hawaiian Kingdom Coinage,"1 Hawaii Dollar (Honolulu, Hawaii)",coin,NO,
ref_coin_type_476549,1974,One Dollar,,Hawaiian Kingdom Coinage,"1 Hawaii Dollar (Honolulu, Hawaii)",coin,NO,
ref_coin_washington_quarters__classic_quarter_dollar_1974_d_none,1974,Quarter Dollar,D,Washington Quarters (Classic),,coin,NO,
ref_coin_washington_quarters__classic_quarter_dollar_1974_p_none,1974,Quarter Dollar,P,Washington Quarters (Classic),,coin,NO,
ref_coin_washington_quarters__classic_quarter_dollar_1974_s_proof,1974,Quarter Dollar,S,Washington Quarters (Classic),Proof,coin,NO,
ref_coin_jefferson_nickels_five_cents_1975_d_high_d_mintmark,1975,Five Cents,D,Jefferson Nickels,High D Mintmark,coin,NO,
ref_coin_jefferson_nickels_five_cents_1975_d_none,1975,Five Cents,D,Jefferson Nickels,,coin,NO,
ref_coin_jefferson_nickels_five_cents_1975_p_none,1975,Five Cents,P,Jefferson Nickels,,coin,NO,
ref_coin_jefferson_nickels_five_cents_1975_s_high_s_proof,1975,Five Cents,S,Jefferson Nickels,High S Proof,coin,NO,
ref_coin_jefferson_nickels_five_cents_1975_s_none,1975,Five Cents,S,Jefferson Nickels,,coin,NO,
ref_coin_lincoln_cents_one_cent_1975_d_none,1975,One Cent,D,Lincoln Cents,,coin,NO,
ref_coin_lincoln_cents_one_cent_1975_p_none,1975,One Cent,P,Lincoln Cents,,coin,NO,
ref_coin_lincoln_cents_one_cent_1975_s_none,1975,One Cent,S,Lincoln Cents,,coin,NO,
ref_coin_lincoln_memorial_cents_one_cent_1975_d_none,1975,One Cent,D,Lincoln Memorial Cents,,coin,NO,
ref_coin_lincoln_memorial_cents_one_cent_1975_p_none,1975,One Cent,P,Lincoln Memorial Cents,,coin,NO,
ref_coin_lincoln_memorial_cents_one_cent_1975_s_none,1975,One Cent,S,Lincoln Memorial Cents,,coin,NO,
ref_coin_roosevelt_dimes_one_dime_1975_d_none,1975,One Dime,D,Roosevelt Dimes,,coin,NO,
ref_coin_roosevelt_dimes_one_dime_1975_p_none,1975,One Dime,P,Roosevelt Dimes,,coin,NO,
ref_coin_roosevelt_dimes_one_dime_1975_s_no_s,1975,One Dime,S,Roosevelt Dimes,No S,coin,NO,
ref_coin_roosevelt_dimes_one_dime_1975_s_none,1975,One Dime,S,Roosevelt Dimes,,coin,NO,
ref_coin_eisenhower_dollars_one_dollar_1976_d_type_1,1976,One Dollar,D,Eisenhower Dollars,Type 1,coin,NO,
ref_coin_eisenhower_dollars_one_dollar_1976_d_type_2,1976,One Dollar,D,Eisenhower Dollars,Type 2,coin,NO,
ref_coin_eisenhower_dollars_one_dollar_1976_p_type_1,1976,One Dollar,P,Eisenhower Dollars,Type 1,coin,NO,
ref_coin_eisenhower_dollars_one_dollar_1976_p_type_2,1976,One Dollar,P,Eisenhower Dollars,Type 2,coin,NO,
ref_coin_eisenhower_dollars_one_dollar_1976_s_silver_proof,1976,One Dollar,S,Eisenhower Dollars,Silver Proof,coin,NO,
ref_coin_eisenhower_dollars_one_dollar_1976_s_silver_uncirculated,1976,One Dollar,S,Eisenhower Dollars,Silver Uncirculated,coin,NO,
ref_coin_eisenhower_dollars_one_dollar_1976_s_type_1_proof,1976,One Dollar,S,Eisenhower Dollars,Type 1 Proof,coin,NO,
ref_coin_eisenhower_dollars_one_dollar_1976_s_type_2_proof,1976,One Dollar,S,Eisenhower Dollars,Type 2 Proof,coin,NO,
ref_coin_jefferson_nickels_five_cents_1976_d_none,1976,Five Cents,D,Jefferson Nickels,,coin,NO,
ref_coin_jefferson_nickels_five_cents_1976_p_none,1976,Five Cents,P,Jefferson Nickels,,coin,NO,
ref_coin_jefferson_nickels_five_cents_1976_s_none,1976,Five Cents,S,Jefferson Nickels,,coin,NO,
ref_coin_kennedy_half_dollars_half_dollar_1976_d_none,1976,Half Dollar,D,Kennedy Half Dollars,,coin,NO,
ref_coin_kennedy_half_dollars_half_dollar_1976_p_none,1976,Half Dollar,P,Kennedy Half Dollars,,coin,NO,
ref_coin_kennedy_half_dollars_half_dollar_1976_s_none,1976,Half Dollar,S,Kennedy Half Dollars,,coin,NO,
ref_coin_kennedy_half_dollars_half_dollar_1976_s_silver_clad,1976,Half Dollar,S,Kennedy Half Dollars,Silver Clad,coin,NO,
ref_coin_kennedy_half_dollars_half_dollar_1976_s_silver_clad_proof,1976,Half Dollar,S,Kennedy Half Dollars,Silver Clad Proof,coin,NO,
ref_coin_lincoln_cents_one_cent_1976_d_none,1976,One Cent,D,Lincoln Cents,,coin,NO,
ref_coin_lincoln_cents_one_cent_1976_p_none,1976,One Cent,P,Lincoln Cents,,coin,NO,
ref_coin_lincoln_cents_one_cent_1976_s_none,1976,One Cent,S,Lincoln Cents,,coin,NO,
ref_coin_lincoln_memorial_cents_one_cent_1976_d_none,1976,One Cent,D,Lincoln Memorial Cents,,coin,NO,
ref_coin_lincoln_memorial_cents_one_cent_1976_p_none,1976,One Cent,P,Lincoln Memorial Cents,,coin,NO,
ref_coin_lincoln_memorial_cents_one_cent_1976_s_none,1976,One Cent,S,Lincoln Memorial Cents,,coin,NO,
ref_coin_roosevelt_dimes_one_dime_1976_d_none,1976,One Dime,D,Roosevelt Dimes,,coin,NO,
ref_coin_roosevelt_dimes_one_dime_1976_p_none,1976,One Dime,P,Roosevelt Dimes,,coin,NO,
ref_coin_roosevelt_dimes_one_dime_1976_s_none,1976,One Dime,S,Roosevelt Dimes,,coin,NO,
ref_coin_type_1489,1976,Half Dollar,,Kennedy Half Dollars,"½ Dollar ""Kennedy Half Dollar"" (Bicentennial)",coin,NO,
ref_coin_type_15203,1976,One Dollar,,Modern Commemorative Dollars,"1 Dollar ""Eisenhower Bicentennial Dollar"" (Silver Collectors' Issue)",coin,NO,
ref_coin_type_21333,1976,Quarter Dollar,,Washington Quarters (Classic),"¼ Dollar ""Washington Quarter"" (Bicentennial, Silver Issue)",coin,NO,
ref_coin_type_21336,1976,Half Dollar,,Kennedy Half Dollars,"½ Dollar ""Kennedy Half Dollar"" (Bicentennial, Silver Issue)",coin,NO,
ref_coin_type_3366,1976,One Dollar,,Eisenhower Dollars,"1 Dollar ""Eisenhower Dollar"" (Bicentennial)",coin,NO,
ref_coin_type_56,1976,Quarter Dollar,,Washington Quarters (Classic),"¼ Dollar ""Washington Quarter"" (Bicentennial)",coin,NO,
ref_coin_washington_quarters__classic_quarter_dollar_1976_d_bicentennial,1976,Quarter Dollar,D,Washington Quarters (Classic),Bicentennial,coin,NO,
ref_coin_washington_quarters__classic_quarter_dollar_1976_p_bicentennial,1976,Quarter Dollar,P,Washington Quarters (Classic),Bicentennial,coin,NO,
ref_coin_washington_quarters__classic_quarter_dollar_1976_s_bicentennial_clad_proof,1976,Quarter Dollar,S,Washington Quarters (Classic),Bicentennial Clad Proof,coin,NO,
ref_coin_washington_quarters__classic_quarter_dollar_1976_s_bicentennial_silver_business_strike,1976,Quarter Dollar,S,Washington Quarters (Classic),Bicentennial Silver Business Strike,coin,NO,
ref_coin_washington_quarters__classic_quarter_dollar_1976_s_bicentennial_silver_proof,1976,Quarter Dollar,S,Washington Quarters (Classic),Bicentennial Silver Proof,coin,NO,
ref_coin_eisenhower_dollars_one_dollar_1977_d_none,1977,One Dollar,D,Eisenhower Dollars,,coin,NO,
ref_coin_eisenhower_dollars_one_dollar_1977_p_none,1977,One Dollar,P,Eisenhower Dollars,,coin,NO,
ref_coin_eisenhower_dollars_one_dollar_1977_s_none,1977,One Dollar,S,Eisenhower Dollars,,coin,NO,
ref_coin_jefferson_nickels_five_cents_1977_d_none,1977,Five Cents,D,Jefferson Nickels,,coin,NO,
ref_coin_jefferson_nickels_five_cents_1977_p_none,1977,Five Cents,P,Jefferson Nickels,,coin,NO,
ref_coin_jefferson_nickels_five_cents_1977_s_none,1977,Five Cents,S,Jefferson Nickels,,coin,NO,
ref_coin_kennedy_half_dollars_half_dollar_1977_d_none,1977,Half Dollar,D,Kennedy Half Dollars,,coin,NO,
ref_coin_kennedy_half_dollars_half_dollar_1977_d_struck_on_40__silver_clad_planchet,1977,Half Dollar,D,Kennedy Half Dollars,Struck on 40% Silver Clad Planchet,coin,NO,
ref_coin_kennedy_half_dollars_half_dollar_1977_p_none,1977,Half Dollar,P,Kennedy Half Dollars,,coin,NO,
ref_coin_kennedy_half_dollars_half_dollar_1977_s_none,1977,Half Dollar,S,Kennedy Half Dollars,,coin,NO,
ref_coin_lincoln_cents_one_cent_1977_d_none,1977,One Cent,D,Lincoln Cents,,coin,NO,
ref_coin_lincoln_cents_one_cent_1977_p_none,1977,One Cent,P,Lincoln Cents,,coin,NO,
ref_coin_lincoln_cents_one_cent_1977_s_none,1977,One Cent,S,Lincoln Cents,,coin,NO,
ref_coin_lincoln_memorial_cents_one_cent_1977_d_none,1977,One Cent,D,Lincoln Memorial Cents,,coin,NO,
ref_coin_lincoln_memorial_cents_one_cent_1977_p_none,1977,One Cent,P,Lincoln Memorial Cents,,coin,NO,
ref_coin_lincoln_memorial_cents_one_cent_1977_s_none,1977,One Cent,S,Lincoln Memorial Cents,,coin,NO,
ref_coin_roosevelt_dimes_one_dime_1977_d_none,1977,One Dime,D,Roosevelt Dimes,,coin,NO,
ref_coin_roosevelt_dimes_one_dime_1977_p_none,1977,One Dime,P,Roosevelt Dimes,,coin,NO,
ref_coin_roosevelt_dimes_one_dime_1977_s_none,1977,One Dime,S,Roosevelt Dimes,,coin,NO,
ref_coin_washington_quarters__classic_quarter_dollar_1977_d_none,1977,Quarter Dollar,D,Washington Quarters (Classic),,coin,NO,
ref_coin_washington_quarters__classic_quarter_dollar_1977_p_none,1977,Quarter Dollar,P,Washington Quarters (Classic),,coin,NO,
ref_coin_washington_quarters__classic_quarter_dollar_1977_s_proof,1977,Quarter Dollar,S,Washington Quarters (Classic),Proof,coin,NO,
ref_coin_eisenhower_dollars_one_dollar_1978_d_none,1978,One Dollar,D,Eisenhower Dollars,,coin,NO,
ref_coin_eisenhower_dollars_one_dollar_1978_p_none,1978,One Dollar,P,Eisenhower Dollars,,coin,NO,
ref_coin_eisenhower_dollars_one_dollar_1978_s_none,1978,One Dollar,S,Eisenhower Dollars,,coin,NO,
ref_coin_jefferson_nickels_five_cents_1978_d_none,1978,Five Cents,D,Jefferson Nickels,,coin,NO,
ref_coin_jefferson_nickels_five_cents_1978_p_none,1978,Five Cents,P,Jefferson Nickels,,coin,NO,
ref_coin_jefferson_nickels_five_cents_1978_s_none,1978,Five Cents,S,Jefferson Nickels,,coin,NO,
ref_coin_kennedy_half_dollars_half_dollar_1978_d_none,1978,Half Dollar,D,Kennedy Half Dollars,,coin,NO,
ref_coin_kennedy_half_dollars_half_dollar_1978_p_none,1978,Half Dollar,P,Kennedy Half Dollars,,coin,NO,
ref_coin_kennedy_half_dollars_half_dollar_1978_s_none,1978,Half Dollar,S,Kennedy Half Dollars,,coin,NO,
ref_coin_lincoln_cents_one_cent_1978_d_none,1978,One Cent,D,Lincoln Cents,,coin,NO,
ref_coin_lincoln_cents_one_cent_1978_p_none,1978,One Cent,P,Lincoln Cents,,coin,NO,
ref_coin_lincoln_cents_one_cent_1978_s_none,1978,One Cent,S,Lincoln Cents,,coin,NO,
ref_coin_lincoln_memorial_cents_one_cent_1978_d_none,1978,One Cent,D,Lincoln Memorial Cents,,coin,NO,
ref_coin_lincoln_memorial_cents_one_cent_1978_p_none,1978,One Cent,P,Lincoln Memorial Cents,,coin,NO,
ref_coin_lincoln_memorial_cents_one_cent_1978_s_none,1978,One Cent,S,Lincoln Memorial Cents,,coin,NO,
ref_coin_roosevelt_dimes_one_dime_1978_d_none,1978,One Dime,D,Roosevelt Dimes,,coin,NO,
ref_coin_roosevelt_dimes_one_dime_1978_p_none,1978,One Dime,P,Roosevelt Dimes,,coin,NO,
ref_coin_roosevelt_dimes_one_dime_1978_s_none,1978,One Dime,S,Roosevelt Dimes,,coin,NO,
ref_coin_washington_quarters__classic_quarter_dollar_1978_d_none,1978,Quarter Dollar,D,Washington Quarters (Classic),,coin,NO,
ref_coin_washington_quarters__classic_quarter_dollar_1978_p_none,1978,Quarter Dollar,P,Washington Quarters (Classic),,coin,NO,
ref_coin_washington_quarters__classic_quarter_dollar_1978_s_proof,1978,Quarter Dollar,S,Washington Quarters (Classic),Proof,coin,NO,
ref_coin_jefferson_nickels_five_cents_1979_d_none,1979,Five Cents,D,Jefferson Nickels,,coin,NO,
ref_coin_jefferson_nickels_five_cents_1979_p_none,1979,Five Cents,P,Jefferson Nickels,,coin,NO,
ref_coin_jefferson_nickels_five_cents_1979_s_type_1_filled_s_proof,1979,Five Cents,S,Jefferson Nickels,Type 1 Filled S Proof,coin,NO,
ref_coin_jefferson_nickels_five_cents_1979_s_type_2_clear_s_proof,1979,Five Cents,S,Jefferson Nickels,Type 2 Clear S Proof,coin,NO,
ref_coin_kennedy_half_dollars_half_dollar_1979_d_none,1979,Half Dollar,D,Kennedy Half Dollars,,coin,NO,
ref_coin_kennedy_half_dollars_half_dollar_1979_p_none,1979,Half Dollar,P,Kennedy Half Dollars,,coin,NO,
ref_coin_kennedy_half_dollars_half_dollar_1979_s_type_1_filled_s,1979,Half Dollar,S,Kennedy Half Dollars,Type 1 Filled S,coin,NO,
ref_coin_kennedy_half_dollars_half_dollar_1979_s_type_2_clear_s,1979,Half Dollar,S,Kennedy Half Dollars,Type 2 Clear S,coin,NO,
ref_coin_lincoln_cents_one_cent_1979_d_none,1979,One Cent,D,Lincoln Cents,,coin,NO,
ref_coin_lincoln_cents_one_cent_1979_p_none,1979,One Cent,P,Lincoln Cents,,coin,NO,
ref_coin_lincoln_cents_one_cent_1979_s_none,1979,One Cent,S,Lincoln Cents,,coin,NO,
ref_coin_lincoln_memorial_cents_one_cent_1979_d_none,1979,One Cent,D,Lincoln Memorial Cents,,coin,NO,
ref_coin_lincoln_memorial_cents_one_cent_1979_p_none,1979,One Cent,P,Lincoln Memorial Cents,,coin,NO,
ref_coin_lincoln_memorial_cents_one_cent_1979_s_type_1_filled_s,1979,One Cent,S,Lincoln Memorial Cents,Type 1 Filled S,coin,NO,
ref_coin_lincoln_memorial_cents_one_cent_1979_s_type_2_clear_s,1979,One Cent,S,Lincoln Memorial Cents,Type 2 Clear S,coin,NO,
ref_coin_roosevelt_dimes_one_dime_1979_d_none,1979,One Dime,D,Roosevelt Dimes,,coin,NO,
ref_coin_roosevelt_dimes_one_dime_1979_p_none,1979,One Dime,P,Roosevelt Dimes,,coin,NO,
ref_coin_roosevelt_dimes_one_dime_1979_s_type_1_filled_s,1979,One Dime,S,Roosevelt Dimes,Type 1 Filled S,coin,NO,
ref_coin_roosevelt_dimes_one_dime_1979_s_type_2_clear_s,1979,One Dime,S,Roosevelt Dimes,Type 2 Clear S,coin,NO,
ref_coin_susan_b__anthony_dollars_one_dollar_1979_d_none,1979,One Dollar,D,Susan B. Anthony Dollars,,coin,NO,
ref_coin_susan_b__anthony_dollars_one_dollar_1979_p_none,1979,One Dollar,P,Susan B. Anthony Dollars,,coin,NO,
ref_coin_susan_b__anthony_dollars_one_dollar_1979_p_wide_border__near_date,1979,One Dollar,P,Susan B. Anthony Dollars,Wide Border (Near Date),coin,NO,
ref_coin_susan_b__anthony_dollars_one_dollar_1979_s_none,1979,One Dollar,S,Susan B. Anthony Dollars,,coin,NO,
ref_coin_susan_b__anthony_dollars_one_dollar_1979_s_proof___type_1__filled_s,1979,One Dollar,S,Susan B. Anthony Dollars,Proof - Type 1 (Filled S),coin,NO,
ref_coin_susan_b__anthony_dollars_one_dollar_1979_s_proof___type_2__clear_s,1979,One Dollar,S,Susan B. Anthony Dollars,Proof - Type 2 (Clear S),coin,NO,
ref_coin_type_3548,1979,One Dollar,,Susan B. Anthony Dollars,"1 Dollar ""Susan B. Anthony Dollar""",coin,NO,
ref_coin_type_43952,1979,One Dollar,,Trade Dollars,1 Trade Dollar - Catalina Island,coin,NO,
ref_coin_type_83812,1979,One Dollar,,Trade Dollars,1 Trade Dollar - Catalina Island,coin,NO,
ref_coin_washington_quarters__classic_quarter_dollar_1979_d_none,1979,Quarter Dollar,D,Washington Quarters (Classic),,coin,NO,
ref_coin_washington_quarters__classic_quarter_dollar_1979_p_none,1979,Quarter Dollar,P,Washington Quarters (Classic),,coin,NO,
ref_coin_washington_quarters__classic_quarter_dollar_1979_s_proof___type_1_filled_s,1979,Quarter Dollar,S,Washington Quarters (Classic),Proof - Type 1 Filled S,coin,NO,
ref_coin_washington_quarters__classic_quarter_dollar_1979_s_proof___type_2_clear_s,1979,Quarter Dollar,S,Washington Quarters (Classic),Proof - Type 2 Clear S,coin,NO,
ref_coin_jefferson_nickels_five_cents_1980_d_none,1980,Five Cents,D,Jefferson Nickels,,coin,NO,
ref_coin_jefferson_nickels_five_cents_1980_p_none,1980,Five Cents,P,Jefferson Nickels,,coin,NO,
ref_coin_jefferson_nickels_five_cents_1980_s_none,1980,Five Cents,S,Jefferson Nickels,,coin,NO,
ref_coin_kennedy_half_dollars_half_dollar_1980_d_none,1980,Half Dollar,D,Kennedy Half Dollars,,coin,NO,
ref_coin_kennedy_half_dollars_half_dollar_1980_p_none,1980,Half Dollar,P,Kennedy Half Dollars,,coin,NO,
ref_coin_kennedy_half_dollars_half_dollar_1980_s_none,1980,Half Dollar,S,Kennedy Half Dollars,,coin,NO,
ref_coin_lincoln_cents_one_cent_1980_d_none,1980,One Cent,D,Lincoln Cents,,coin,NO,
ref_coin_lincoln_cents_one_cent_1980_p_none,1980,One Cent,P,Lincoln Cents,,coin,NO,
ref_coin_lincoln_cents_one_cent_1980_s_none,1980,One Cent,S,Lincoln Cents,,coin,NO,
ref_coin_lincoln_memorial_cents_one_cent_1980_d_none,1980,One Cent,D,Lincoln Memorial Cents,,coin,NO,
ref_coin_lincoln_memorial_cents_one_cent_1980_p_none,1980,One Cent,P,Lincoln Memorial Cents,,coin,NO,
ref_coin_lincoln_memorial_cents_one_cent_1980_s_none,1980,One Cent,S,Lincoln Memorial Cents,,coin,NO,
ref_coin_roosevelt_dimes_one_dime_1980_d_none,1980,One Dime,D,Roosevelt Dimes,,coin,NO,
ref_coin_roosevelt_dimes_one_dime_1980_p_none,1980,One Dime,P,Roosevelt Dimes,,coin,NO,
ref_coin_roosevelt_dimes_one_dime_1980_s_none,1980,One Dime,S,Roosevelt Dimes,,coin,NO,
ref_coin_susan_b__anthony_dollars_one_dollar_1980_d_none,1980,One Dollar,D,Susan B. Anthony Dollars,,coin,NO,
ref_coin_susan_b__anthony_dollars_one_dollar_1980_p_none,1980,One Dollar,P,Susan B. Anthony Dollars,,coin,NO,
ref_coin_susan_b__anthony_dollars_one_dollar_1980_s_none,1980,One Dollar,S,Susan B. Anthony Dollars,,coin,NO,
ref_coin_susan_b__anthony_dollars_one_dollar_1980_s_proof,1980,One Dollar,S,Susan B. Anthony Dollars,Proof,coin,NO,
ref_coin_washington_quarters__classic_quarter_dollar_1980_d_none,1980,Quarter Dollar,D,Washington Quarters (Classic),,coin,NO,
ref_coin_washington_quarters__classic_quarter_dollar_1980_p_none,1980,Quarter Dollar,P,Washington Quarters (Classic),,coin,NO,
ref_coin_washington_quarters__classic_quarter_dollar_1980_s_proof,1980,Quarter Dollar,S,Washington Quarters (Classic),Proof,coin,NO,
ref_coin_jefferson_nickels_five_cents_1981_d_none,1981,Five Cents,D,Jefferson Nickels,,coin,NO,
ref_coin_jefferson_nickels_five_cents_1981_p_none,1981,Five Cents,P,Jefferson Nickels,,coin,NO,
ref_coin_jefferson_nickels_five_cents_1981_s_type_1_filled_s_proof,1981,Five Cents,S,Jefferson Nickels,Type 1 Filled S Proof,coin,NO,
ref_coin_jefferson_nickels_five_cents_1981_s_type_2_clear_s_proof,1981,Five Cents,S,Jefferson Nickels,Type 2 Clear S Proof,coin,NO,
ref_coin_kennedy_half_dollars_half_dollar_1981_d_none,1981,Half Dollar,D,Kennedy Half Dollars,,coin,NO,
ref_coin_kennedy_half_dollars_half_dollar_1981_p_none,1981,Half Dollar,P,Kennedy Half Dollars,,coin,NO,
ref_coin_kennedy_half_dollars_half_dollar_1981_s_type_1_filled_s,1981,Half Dollar,S,Kennedy Half Dollars,Type 1 Filled S,coin,NO,
ref_coin_kennedy_half_dollars_half_dollar_1981_s_type_2_clear_s,1981,Half Dollar,S,Kennedy Half Dollars,Type 2 Clear S,coin,NO,
ref_coin_lincoln_cents_one_cent_1981_d_none,1981,One Cent,D,Lincoln Cents,,coin,NO,
ref_coin_lincoln_cents_one_cent_1981_p_none,1981,One Cent,P,Lincoln Cents,,coin,NO,
ref_coin_lincoln_cents_one_cent_1981_s_none,1981,One Cent,S,Lincoln Cents,,coin,NO,
ref_coin_lincoln_memorial_cents_one_cent_1981_d_none,1981,One Cent,D,Lincoln Memorial Cents,,coin,NO,
ref_coin_lincoln_memorial_cents_one_cent_1981_p_none,1981,One Cent,P,Lincoln Memorial Cents,,coin,NO,
ref_coin_lincoln_memorial_cents_one_cent_1981_s_type_1_filled_s,1981,One Cent,S,Lincoln Memorial Cents,Type 1 Filled S,coin,NO,
ref_coin_lincoln_memorial_cents_one_cent_1981_s_type_2_clear_s,1981,One Cent,S,Lincoln Memorial Cents,Type 2 Clear S,coin,NO,
ref_coin_roosevelt_dimes_one_dime_1981_d_none,1981,One Dime,D,Roosevelt Dimes,,coin,NO,
ref_coin_roosevelt_dimes_one_dime_1981_p_none,1981,One Dime,P,Roosevelt Dimes,,coin,NO,
ref_coin_roosevelt_dimes_one_dime_1981_s_type_1_filled_s,1981,One Dime,S,Roosevelt Dimes,Type 1 Filled S,coin,NO,
ref_coin_roosevelt_dimes_one_dime_1981_s_type_2_clear_s,1981,One Dime,S,Roosevelt Dimes,Type 2 Clear S,coin,NO,
ref_coin_susan_b__anthony_dollars_one_dollar_1981_d_none,1981,One Dollar,D,Susan B. Anthony Dollars,,coin,NO,
ref_coin_susan_b__anthony_dollars_one_dollar_1981_p_none,1981,One Dollar,P,Susan B. Anthony Dollars,,coin,NO,
ref_coin_susan_b__anthony_dollars_one_dollar_1981_s_none,1981,One Dollar,S,Susan B. Anthony Dollars,,coin,NO,
ref_coin_susan_b__anthony_dollars_one_dollar_1981_s_proof___type_1__filled_s,1981,One Dollar,S,Susan B. Anthony Dollars,Proof - Type 1 (Filled S),coin,NO,
ref_coin_susan_b__anthony_dollars_one_dollar_1981_s_proof___type_2__clear_s___flat_s,1981,One Dollar,S,Susan B. Anthony Dollars,Proof - Type 2 (Clear S / Flat S),coin,NO,
ref_coin_washington_quarters__classic_quarter_dollar_1981_d_none,1981,Quarter Dollar,D,Washington Quarters (Classic),,coin,NO,
ref_coin_washington_quarters__classic_quarter_dollar_1981_p_none,1981,Quarter Dollar,P,Washington Quarters (Classic),,coin,NO,
ref_coin_washington_quarters__classic_quarter_dollar_1981_s_proof___type_1_filled_s,1981,Quarter Dollar,S,Washington Quarters (Classic),Proof - Type 1 Filled S,coin,NO,
ref_coin_washington_quarters__classic_quarter_dollar_1981_s_proof___type_2_clear_s,1981,Quarter Dollar,S,Washington Quarters (Classic),Proof - Type 2 Clear S,coin,NO,
ref_coin_jefferson_nickels_five_cents_1982_d_none,1982,Five Cents,D,Jefferson Nickels,,coin,NO,
ref_coin_jefferson_nickels_five_cents_1982_p_none,1982,Five Cents,P,Jefferson Nickels,,coin,NO,
ref_coin_jefferson_nickels_five_cents_1982_s_none,1982,Five Cents,S,Jefferson Nickels,,coin,NO,
ref_coin_kennedy_half_dollars_half_dollar_1982_d_none,1982,Half Dollar,D,Kennedy Half Dollars,,coin,NO,
ref_coin_kennedy_half_dollars_half_dollar_1982_p_no_fg,1982,Half Dollar,P,Kennedy Half Dollars,No FG,coin,NO,
ref_coin_kennedy_half_dollars_half_dollar_1982_p_none,1982,Half Dollar,P,Kennedy Half Dollars,,coin,NO,
ref_coin_kennedy_half_dollars_half_dollar_1982_s_none,1982,Half Dollar,S,Kennedy Half Dollars,,coin,NO,
ref_coin_lincoln_cents_one_cent_1982_p_copper_large_date,1982,One Cent,P,Lincoln Cents,Copper Large Date,coin,NO,
ref_coin_lincoln_cents_one_cent_1982_p_copper_small_date,1982,One Cent,P,Lincoln Cents,Copper Small Date,coin,NO,
ref_coin_lincoln_cents_one_cent_1982_p_zinc_large_date,1982,One Cent,P,Lincoln Cents,Zinc Large Date,coin,NO,
ref_coin_lincoln_cents_one_cent_1982_p_zinc_small_date,1982,One Cent,P,Lincoln Cents,Zinc Small Date,coin,NO,
ref_coin_lincoln_cents_one_cent_1982_s_none,1982,One Cent,S,Lincoln Cents,,coin,NO,
ref_coin_lincoln_memorial_cents_one_cent_1982_p_copper_large_date,1982,One Cent,P,Lincoln Memorial Cents,Copper Large Date,coin,NO,
ref_coin_lincoln_memorial_cents_one_cent_1982_p_copper_small_date,1982,One Cent,P,Lincoln Memorial Cents,Copper Small Date,coin,NO,
ref_coin_lincoln_memorial_cents_one_cent_1982_p_zinc_large_date,1982,One Cent,P,Lincoln Memorial Cents,Zinc Large Date,coin,NO,
ref_coin_lincoln_memorial_cents_one_cent_1982_p_zinc_small_date,1982,One Cent,P,Lincoln Memorial Cents,Zinc Small Date,coin,NO,
ref_coin_lincoln_memorial_cents_one_cent_1982_s_copper_large_date,1982,One Cent,S,Lincoln Memorial Cents,Copper Large Date,coin,NO,
ref_coin_roosevelt_dimes_one_dime_1982_d_none,1982,One Dime,D,Roosevelt Dimes,,coin,NO,
ref_coin_roosevelt_dimes_one_dime_1982_p_no_p_strong,1982,One Dime,P,Roosevelt Dimes,No P Strong,coin,NO,
ref_coin_roosevelt_dimes_one_dime_1982_p_no_p_weak,1982,One Dime,P,Roosevelt Dimes,No P Weak,coin,NO,
ref_coin_roosevelt_dimes_one_dime_1982_p_none,1982,One Dime,P,Roosevelt Dimes,,coin,NO,
ref_coin_roosevelt_dimes_one_dime_1982_s_none,1982,One Dime,S,Roosevelt Dimes,,coin,NO,
ref_coin_type_43,1982,One Cent,,Lincoln Memorial Cents,"1 Cent ""Lincoln Memorial Cent"" (copper plated zinc)",coin,NO,
ref_coin_type_4403,1982,Half Dollar,,Presidential Dollars,½ Dollar (George Washington),coin,NO,
ref_coin_washington_quarters__classic_quarter_dollar_1982_d_none,1982,Quarter Dollar,D,Washington Quarters (Classic),,coin,NO,
ref_coin_washington_quarters__classic_quarter_dollar_1982_p_none,1982,Quarter Dollar,P,Washington Quarters (Classic),,coin,NO,
ref_coin_washington_quarters__classic_quarter_dollar_1982_s_proof,1982,Quarter Dollar,S,Washington Quarters (Classic),Proof,coin,NO,
ref_coin_jefferson_nickels_five_cents_1983_d_none,1983,Five Cents,D,Jefferson Nickels,,coin,NO,
ref_coin_jefferson_nickels_five_cents_1983_p_none,1983,Five Cents,P,Jefferson Nickels,,coin,NO,
ref_coin_jefferson_nickels_five_cents_1983_s_none,1983,Five Cents,S,Jefferson Nickels,,coin,NO,
ref_coin_kennedy_half_dollars_half_dollar_1983_d_none,1983,Half Dollar,D,Kennedy Half Dollars,,coin,NO,
ref_coin_kennedy_half_dollars_half_dollar_1983_p_no_fg,1983,Half Dollar,P,Kennedy Half Dollars,No FG,coin,NO,
ref_coin_kennedy_half_dollars_half_dollar_1983_p_none,1983,Half Dollar,P,Kennedy Half Dollars,,coin,NO,
ref_coin_kennedy_half_dollars_half_dollar_1983_s_none,1983,Half Dollar,S,Kennedy Half Dollars,,coin,NO,
ref_coin_lincoln_cents_one_cent_1983_d_none,1983,One Cent,D,Lincoln Cents,,coin,NO,
ref_coin_lincoln_cents_one_cent_1983_p_doubled_die_reverse__ddr_001,1983,One Cent,P,Lincoln Cents,Doubled Die Reverse (DDR-001),coin,NO,
ref_coin_lincoln_cents_one_cent_1983_p_none,1983,One Cent,P,Lincoln Cents,,coin,NO,
ref_coin_lincoln_cents_one_cent_1983_s_none,1983,One Cent,S,Lincoln Cents,,coin,NO,
ref_coin_lincoln_memorial_cents_one_cent_1983_d_none,1983,One Cent,D,Lincoln Memorial Cents,,coin,NO,
ref_coin_lincoln_memorial_cents_one_cent_1983_p_doubled_die_reverse,1983,One Cent,P,Lincoln Memorial Cents,Doubled Die Reverse,coin,NO,
ref_coin_lincoln_memorial_cents_one_cent_1983_p_none,1983,One Cent,P,Lincoln Memorial Cents,,coin,NO,
ref_coin_lincoln_memorial_cents_one_cent_1983_s_none,1983,One Cent,S,Lincoln Memorial Cents,,coin,NO,
ref_coin_roosevelt_dimes_one_dime_1983_d_none,1983,One Dime,D,Roosevelt Dimes,,coin,NO,
ref_coin_roosevelt_dimes_one_dime_1983_p_none,1983,One Dime,P,Roosevelt Dimes,,coin,NO,
ref_coin_roosevelt_dimes_one_dime_1983_s_no_s,1983,One Dime,S,Roosevelt Dimes,No S,coin,NO,
ref_coin_roosevelt_dimes_one_dime_1983_s_none,1983,One Dime,S,Roosevelt Dimes,,coin,NO,
ref_coin_type_15848,1983,One Dollar,,Modern Commemorative Dollars,1 Dollar (XXIII Olympiad Los Angeles),coin,NO,
ref_coin_washington_quarters__classic_quarter_dollar_1983_d_none,1983,Quarter Dollar,D,Washington Quarters (Classic),,coin,NO,
ref_coin_washington_quarters__classic_quarter_dollar_1983_p_none,1983,Quarter Dollar,P,Washington Quarters (Classic),,coin,NO,
ref_coin_washington_quarters__classic_quarter_dollar_1983_s_proof,1983,Quarter Dollar,S,Washington Quarters (Classic),Proof,coin,NO,
ref_coin_jefferson_nickels_five_cents_1984_d_none,1984,Five Cents,D,Jefferson Nickels,,coin,NO,
ref_coin_jefferson_nickels_five_cents_1984_p_none,1984,Five Cents,P,Jefferson Nickels,,coin,NO,
ref_coin_jefferson_nickels_five_cents_1984_s_none,1984,Five Cents,S,Jefferson Nickels,,coin,NO,
ref_coin_kennedy_half_dollars_half_dollar_1984_d_none,1984,Half Dollar,D,Kennedy Half Dollars,,coin,NO,
ref_coin_kennedy_half_dollars_half_dollar_1984_p_none,1984,Half Dollar,P,Kennedy Half Dollars,,coin,NO,
ref_coin_kennedy_half_dollars_half_dollar_1984_s_none,1984,Half Dollar,S,Kennedy Half Dollars,,coin,NO,
ref_coin_lincoln_cents_one_cent_1984_d_none,1984,One Cent,D,Lincoln Cents,,coin,NO,
ref_coin_lincoln_cents_one_cent_1984_p_doubled_die_obverse,1984,One Cent,P,Lincoln Cents,Doubled Die Obverse,coin,NO,
ref_coin_lincoln_cents_one_cent_1984_p_none,1984,One Cent,P,Lincoln Cents,,coin,NO,
ref_coin_lincoln_cents_one_cent_1984_s_none,1984,One Cent,S,Lincoln Cents,,coin,NO,
ref_coin_lincoln_memorial_cents_one_cent_1984_d_none,1984,One Cent,D,Lincoln Memorial Cents,,coin,NO,
ref_coin_lincoln_memorial_cents_one_cent_1984_p_doubled_die_obverse,1984,One Cent,P,Lincoln Memorial Cents,Doubled Die Obverse,coin,NO,
ref_coin_lincoln_memorial_cents_one_cent_1984_p_none,1984,One Cent,P,Lincoln Memorial Cents,,coin,NO,
ref_coin_lincoln_memorial_cents_one_cent_1984_s_none,1984,One Cent,S,Lincoln Memorial Cents,,coin,NO,
ref_coin_roosevelt_dimes_one_dime_1984_d_none,1984,One Dime,D,Roosevelt Dimes,,coin,NO,
ref_coin_roosevelt_dimes_one_dime_1984_p_none,1984,One Dime,P,Roosevelt Dimes,,coin,NO,
ref_coin_roosevelt_dimes_one_dime_1984_s_none,1984,One Dime,S,Roosevelt Dimes,,coin,NO,
ref_coin_type_18802,1984,One Dollar,,Modern Commemorative Dollars,1 Dollar (XXIII Olympiad),coin,NO,
ref_coin_type_20525,1984,One Dollar,,Presidential Dollars,Ronald Reagan - Double Eagle (Series AA),coin,NO,
ref_coin_type_41446,1984,Ten Dollars,,Modern Commemorative Dollars,10 Dollars (Summer Olympics),coin,NO,
ref_coin_type_526528,1984,One Dollar,,Presidential Dollars,Ronald Reagan - Double Eagle (Series AA),coin,NO,
ref_coin_washington_quarters__classic_quarter_dollar_1984_d_none,1984,Quarter Dollar,D,Washington Quarters (Classic),,coin,NO,
ref_coin_washington_quarters__classic_quarter_dollar_1984_p_none,1984,Quarter Dollar,P,Washington Quarters (Classic),,coin,NO,
ref_coin_washington_quarters__classic_quarter_dollar_1984_s_none,1984,Quarter Dollar,S,Washington Quarters (Classic),,coin,NO,
ref_coin_jefferson_nickels_five_cents_1985_d_none,1985,Five Cents,D,Jefferson Nickels,,coin,NO,
ref_coin_jefferson_nickels_five_cents_1985_p_none,1985,Five Cents,P,Jefferson Nickels,,coin,NO,
ref_coin_jefferson_nickels_five_cents_1985_s_none,1985,Five Cents,S,Jefferson Nickels,,coin,NO,
ref_coin_kennedy_half_dollars_half_dollar_1985_d_none,1985,Half Dollar,D,Kennedy Half Dollars,,coin,NO,
ref_coin_kennedy_half_dollars_half_dollar_1985_p_none,1985,Half Dollar,P,Kennedy Half Dollars,,coin,NO,
ref_coin_kennedy_half_dollars_half_dollar_1985_s_none,1985,Half Dollar,S,Kennedy Half Dollars,,coin,NO,
ref_coin_lincoln_cents_one_cent_1985_d_none,1985,One Cent,D,Lincoln Cents,,coin,NO,
ref_coin_lincoln_cents_one_cent_1985_p_none,1985,One Cent,P,Lincoln Cents,,coin,NO,
ref_coin_lincoln_cents_one_cent_1985_s_none,1985,One Cent,S,Lincoln Cents,,coin,NO,
ref_coin_lincoln_memorial_cents_one_cent_1985_d_none,1985,One Cent,D,Lincoln Memorial Cents,,coin,NO,
ref_coin_lincoln_memorial_cents_one_cent_1985_p_none,1985,One Cent,P,Lincoln Memorial Cents,,coin,NO,
ref_coin_lincoln_memorial_cents_one_cent_1985_s_none,1985,One Cent,S,Lincoln Memorial Cents,,coin,NO,
ref_coin_roosevelt_dimes_one_dime_1985_d_none,1985,One Dime,D,Roosevelt Dimes,,coin,NO,
ref_coin_roosevelt_dimes_one_dime_1985_p_none,1985,One Dime,P,Roosevelt Dimes,,coin,NO,
ref_coin_roosevelt_dimes_one_dime_1985_s_none,1985,One Dime,S,Roosevelt Dimes,,coin,NO,
ref_coin_washington_quarters__classic_quarter_dollar_1985_d_none,1985,Quarter Dollar,D,Washington Quarters (Classic),,coin,NO,
ref_coin_washington_quarters__classic_quarter_dollar_1985_p_none,1985,Quarter Dollar,P,Washington Quarters (Classic),,coin,NO,
ref_coin_washington_quarters__classic_quarter_dollar_1985_s_none,1985,Quarter Dollar,S,Washington Quarters (Classic),,coin,NO,
ref_coin_american_silver_eagles_one_dollar_1986_p_none,1986,One Dollar,P,American Silver Eagles,,coin,NO,
ref_coin_american_silver_eagles_one_dollar_1986_s_proof,1986,One Dollar,S,American Silver Eagles,Proof,coin,NO,
ref_coin_jefferson_nickels_five_cents_1986_d_none,1986,Five Cents,D,Jefferson Nickels,,coin,NO,
ref_coin_jefferson_nickels_five_cents_1986_p_none,1986,Five Cents,P,Jefferson Nickels,,coin,NO,
ref_coin_jefferson_nickels_five_cents_1986_s_none,1986,Five Cents,S,Jefferson Nickels,,coin,NO,
ref_coin_kennedy_half_dollars_half_dollar_1986_d_none,1986,Half Dollar,D,Kennedy Half Dollars,,coin,NO,
ref_coin_kennedy_half_dollars_half_dollar_1986_p_none,1986,Half Dollar,P,Kennedy Half Dollars,,coin,NO,
ref_coin_kennedy_half_dollars_half_dollar_1986_s_none,1986,Half Dollar,S,Kennedy Half Dollars,,coin,NO,
ref_coin_lincoln_cents_one_cent_1986_d_none,1986,One Cent,D,Lincoln Cents,,coin,NO,
ref_coin_lincoln_cents_one_cent_1986_p_none,1986,One Cent,P,Lincoln Cents,,coin,NO,
ref_coin_lincoln_cents_one_cent_1986_s_none,1986,One Cent,S,Lincoln Cents,,coin,NO,
ref_coin_lincoln_memorial_cents_one_cent_1986_d_none,1986,One Cent,D,Lincoln Memorial Cents,,coin,NO,
ref_coin_lincoln_memorial_cents_one_cent_1986_p_none,1986,One Cent,P,Lincoln Memorial Cents,,coin,NO,
ref_coin_lincoln_memorial_cents_one_cent_1986_s_none,1986,One Cent,S,Lincoln Memorial Cents,,coin,NO,
ref_coin_roosevelt_dimes_one_dime_1986_d_none,1986,One Dime,D,Roosevelt Dimes,,coin,NO,
ref_coin_roosevelt_dimes_one_dime_1986_p_none,1986,One Dime,P,Roosevelt Dimes,,coin,NO,
ref_coin_roosevelt_dimes_one_dime_1986_s_none,1986,One Dime,S,Roosevelt Dimes,,coin,NO,
ref_coin_type_10493,1986,Five Dollars,,American Gold Eagle,"5 Dollars ""American Gold Eagle"" (Bullion Coinage)",coin,NO,
ref_coin_type_145517,1986,One Dollar,,Modern Commemorative Dollars,1 Dollar (Statue of Liberty),coin,NO,
ref_coin_type_1493,1986,One Dollar,,American Silver Eagle,"1 Dollar ""American Silver Eagle"" (Bullion Coin)",coin,NO,
ref_coin_type_16326,1986,One Dollar,,Modern Commemorative Dollars,1 Dollar (Statue of Liberty),coin,NO,
ref_coin_type_21899,1986,Five Dollars,,American Gold Eagle,"25 Dollars ""American Gold Eagle"" (Bullion Coinage)",coin,NO,
ref_coin_type_23134,1986,Fifty Dollars,,American Gold Eagle,"50 Dollars ""American Gold Eagle"" (Bullion Coinage)",coin,NO,
ref_coin_type_25416,1986,Ten Dollars,,American Gold Eagle,"10 Dollars ""American Gold Eagle"" (Bullion Coinage)",coin,NO,
ref_coin_type_300374,1986,Five Dollars,,American Gold Eagle,"5 Dollars ""American Gold Eagle"" (Bullion Coinage)",coin,NO,
ref_coin_type_300375,1986,Ten Dollars,,American Gold Eagle,"10 Dollars ""American Gold Eagle"" (Bullion Coinage)",coin,NO,
ref_coin_type_300376,1986,Five Dollars,,American Gold Eagle,"25 Dollars ""American Gold Eagle"" (Bullion Coinage)",coin,NO,
ref_coin_type_300377,1986,Fifty Dollars,,American Gold Eagle,"50 Dollars ""American Gold Eagle"" (Bullion Coinage)",coin,NO,
ref_coin_type_4404,1986,Half Dollar,,Modern Commemorative Dollars,½ Dollar (Statue of Liberty),coin,NO,
ref_coin_washington_quarters__classic_quarter_dollar_1986_d_none,1986,Quarter Dollar,D,Washington Quarters (Classic),,coin,NO,
ref_coin_washington_quarters__classic_quarter_dollar_1986_p_none,1986,Quarter Dollar,P,Washington Quarters (Classic),,coin,NO,
ref_coin_washington_quarters__classic_quarter_dollar_1986_s_none,1986,Quarter Dollar,S,Washington Quarters (Classic),,coin,NO,
ref_coin_american_silver_eagles_one_dollar_1987_p_none,1987,One Dollar,P,American Silver Eagles,,coin,NO,
ref_coin_american_silver_eagles_one_dollar_1987_s_proof,1987,One Dollar,S,American Silver Eagles,Proof,coin,NO,
ref_coin_jefferson_nickels_five_cents_1987_d_none,1987,Five Cents,D,Jefferson Nickels,,coin,NO,
ref_coin_jefferson_nickels_five_cents_1987_p_none,1987,Five Cents,P,Jefferson Nickels,,coin,NO,
ref_coin_jefferson_nickels_five_cents_1987_s_none,1987,Five Cents,S,Jefferson Nickels,,coin,NO,
ref_coin_kennedy_half_dollars_half_dollar_1987_d_none,1987,Half Dollar,D,Kennedy Half Dollars,,coin,NO,
ref_coin_kennedy_half_dollars_half_dollar_1987_p_none,1987,Half Dollar,P,Kennedy Half Dollars,,coin,NO,
ref_coin_kennedy_half_dollars_half_dollar_1987_s_none,1987,Half Dollar,S,Kennedy Half Dollars,,coin,NO,
ref_coin_lincoln_cents_one_cent_1987_d_none,1987,One Cent,D,Lincoln Cents,,coin,NO,
ref_coin_lincoln_cents_one_cent_1987_p_none,1987,One Cent,P,Lincoln Cents,,coin,NO,
ref_coin_lincoln_cents_one_cent_1987_s_none,1987,One Cent,S,Lincoln Cents,,coin,NO,
ref_coin_lincoln_memorial_cents_one_cent_1987_d_none,1987,One Cent,D,Lincoln Memorial Cents,,coin,NO,
ref_coin_lincoln_memorial_cents_one_cent_1987_p_none,1987,One Cent,P,Lincoln Memorial Cents,,coin,NO,
ref_coin_lincoln_memorial_cents_one_cent_1987_s_none,1987,One Cent,S,Lincoln Memorial Cents,,coin,NO,
ref_coin_roosevelt_dimes_one_dime_1987_d_none,1987,One Dime,D,Roosevelt Dimes,,coin,NO,
ref_coin_roosevelt_dimes_one_dime_1987_p_none,1987,One Dime,P,Roosevelt Dimes,,coin,NO,
ref_coin_roosevelt_dimes_one_dime_1987_s_none,1987,One Dime,S,Roosevelt Dimes,,coin,NO,
ref_coin_type_17658,1987,One Dollar,,Modern Commemorative Dollars,1 Dollar (Constitution),coin,NO,
ref_coin_type_41463,1987,Five Dollars,,Modern Commemorative Dollars,5 Dollars (Constitution),coin,NO,
ref_coin_washington_quarters__classic_quarter_dollar_1987_d_none,1987,Quarter Dollar,D,Washington Quarters (Classic),,coin,NO,
ref_coin_washington_quarters__classic_quarter_dollar_1987_p_none,1987,Quarter Dollar,P,Washington Quarters (Classic),,coin,NO,
ref_coin_washington_quarters__classic_quarter_dollar_1987_s_none,1987,Quarter Dollar,S,Washington Quarters (Classic),,coin,NO,
ref_coin_american_silver_eagles_one_dollar_1988_p_none,1988,One Dollar,P,American Silver Eagles,,coin,NO,
ref_coin_american_silver_eagles_one_dollar_1988_s_proof,1988,One Dollar,S,American Silver Eagles,Proof,coin,NO,
ref_coin_jefferson_nickels_five_cents_1988_d_none,1988,Five Cents,D,Jefferson Nickels,,coin,NO,
ref_coin_jefferson_nickels_five_cents_1988_p_none,1988,Five Cents,P,Jefferson Nickels,,coin,NO,
ref_coin_jefferson_nickels_five_cents_1988_s_none,1988,Five Cents,S,Jefferson Nickels,,coin,NO,
ref_coin_kennedy_half_dollars_half_dollar_1988_d_none,1988,Half Dollar,D,Kennedy Half Dollars,,coin,NO,
ref_coin_kennedy_half_dollars_half_dollar_1988_p_none,1988,Half Dollar,P,Kennedy Half Dollars,,coin,NO,
ref_coin_kennedy_half_dollars_half_dollar_1988_s_none,1988,Half Dollar,S,Kennedy Half Dollars,,coin,NO,
ref_coin_lincoln_cents_one_cent_1988_d_none,1988,One Cent,D,Lincoln Cents,,coin,NO,
ref_coin_lincoln_cents_one_cent_1988_d_transition_reverse__rdv_006,1988,One Cent,D,Lincoln Cents,Transition Reverse (RDV-006),coin,NO,
ref_coin_lincoln_cents_one_cent_1988_p_none,1988,One Cent,P,Lincoln Cents,,coin,NO,
ref_coin_lincoln_cents_one_cent_1988_p_transition_reverse__rdv_006,1988,One Cent,P,Lincoln Cents,Transition Reverse (RDV-006),coin,NO,
ref_coin_lincoln_cents_one_cent_1988_s_none,1988,One Cent,S,Lincoln Cents,,coin,NO,
ref_coin_lincoln_memorial_cents_one_cent_1988_d_none,1988,One Cent,D,Lincoln Memorial Cents,,coin,NO,
ref_coin_lincoln_memorial_cents_one_cent_1988_d_reverse_of_1989,1988,One Cent,D,Lincoln Memorial Cents,Reverse of 1989,coin,NO,
ref_coin_lincoln_memorial_cents_one_cent_1988_p_none,1988,One Cent,P,Lincoln Memorial Cents,,coin,NO,
ref_coin_lincoln_memorial_cents_one_cent_1988_p_reverse_of_1989,1988,One Cent,P,Lincoln Memorial Cents,Reverse of 1989,coin,NO,
ref_coin_lincoln_memorial_cents_one_cent_1988_s_none,1988,One Cent,S,Lincoln Memorial Cents,,coin,NO,
ref_coin_roosevelt_dimes_one_dime_1988_d_none,1988,One Dime,D,Roosevelt Dimes,,coin,NO,
ref_coin_roosevelt_dimes_one_dime_1988_p_none,1988,One Dime,P,Roosevelt Dimes,,coin,NO,
ref_coin_roosevelt_dimes_one_dime_1988_s_none,1988,One Dime,S,Roosevelt Dimes,,coin,NO,
ref_coin_type_20149,1988,One Dollar,,Modern Commemorative Dollars,1 Dollar (Seoul Olympiad),coin,NO,
ref_coin_type_20836,1988,Five Dollars,,Modern Commemorative Dollars,5 Dollars (Olympics),coin,NO,
ref_coin_type_35555,1988,One Dollar,,Modern Commemorative Dollars,1 Dollar (America's Cup with Rope-like Ornamentation),coin,NO,
ref_coin_washington_quarters__classic_quarter_dollar_1988_d_none,1988,Quarter Dollar,D,Washington Quarters (Classic),,coin,NO,
ref_coin_washington_quarters__classic_quarter_dollar_1988_p_none,1988,Quarter Dollar,P,Washington Quarters (Classic),,coin,NO,
ref_coin_washington_quarters__classic_quarter_dollar_1988_s_none,1988,Quarter Dollar,S,Washington Quarters (Classic),,coin,NO,
ref_coin_american_silver_eagles_one_dollar_1989_p_none,1989,One Dollar,P,American Silver Eagles,,coin,NO,
ref_coin_american_silver_eagles_one_dollar_1989_s_proof,1989,One Dollar,S,American Silver Eagles,Proof,coin,NO,
ref_coin_jefferson_nickels_five_cents_1989_d_none,1989,Five Cents,D,Jefferson Nickels,,coin,NO,
ref_coin_jefferson_nickels_five_cents_1989_p_none,1989,Five Cents,P,Jefferson Nickels,,coin,NO,
ref_coin_jefferson_nickels_five_cents_1989_s_none,1989,Five Cents,S,Jefferson Nickels,,coin,NO,
ref_coin_kennedy_half_dollars_half_dollar_1989_d_none,1989,Half Dollar,D,Kennedy Half Dollars,,coin,NO,
ref_coin_kennedy_half_dollars_half_dollar_1989_p_none,1989,Half Dollar,P,Kennedy Half Dollars,,coin,NO,
ref_coin_kennedy_half_dollars_half_dollar_1989_s_none,1989,Half Dollar,S,Kennedy Half Dollars,,coin,NO,
ref_coin_lincoln_cents_one_cent_1989_d_none,1989,One Cent,D,Lincoln Cents,,coin,NO,
ref_coin_lincoln_cents_one_cent_1989_p_none,1989,One Cent,P,Lincoln Cents,,coin,NO,
ref_coin_lincoln_cents_one_cent_1989_s_none,1989,One Cent,S,Lincoln Cents,,coin,NO,
ref_coin_lincoln_memorial_cents_one_cent_1989_d_none,1989,One Cent,D,Lincoln Memorial Cents,,coin,NO,
ref_coin_lincoln_memorial_cents_one_cent_1989_p_none,1989,One Cent,P,Lincoln Memorial Cents,,coin,NO,
ref_coin_lincoln_memorial_cents_one_cent_1989_s_none,1989,One Cent,S,Lincoln Memorial Cents,,coin,NO,
ref_coin_roosevelt_dimes_one_dime_1989_d_none,1989,One Dime,D,Roosevelt Dimes,,coin,NO,
ref_coin_roosevelt_dimes_one_dime_1989_p_none,1989,One Dime,P,Roosevelt Dimes,,coin,NO,
ref_coin_roosevelt_dimes_one_dime_1989_s_none,1989,One Dime,S,Roosevelt Dimes,,coin,NO,
ref_coin_type_17628,1989,One Dollar,,Modern Commemorative Dollars,1 Dollar (Bicentennial of the Congress),coin,NO,
ref_coin_type_17631,1989,Half Dollar,,Modern Commemorative Dollars,½ Dollar (Congress),coin,NO,
ref_coin_washington_quarters__classic_quarter_dollar_1989_d_none,1989,Quarter Dollar,D,Washington Quarters (Classic),,coin,NO,
ref_coin_washington_quarters__classic_quarter_dollar_1989_p_none,1989,Quarter Dollar,P,Washington Quarters (Classic),,coin,NO,
ref_coin_washington_quarters__classic_quarter_dollar_1989_s_none,1989,Quarter Dollar,S,Washington Quarters (Classic),,coin,NO,
ref_coin_american_silver_eagles_one_dollar_1990_p_none,1990,One Dollar,P,American Silver Eagles,,coin,NO,
ref_coin_american_silver_eagles_one_dollar_1990_s_proof,1990,One Dollar,S,American Silver Eagles,Proof,coin,NO,
ref_coin_jefferson_nickels_five_cents_1990_d_none,1990,Five Cents,D,Jefferson Nickels,,coin,NO,
ref_coin_jefferson_nickels_five_cents_1990_p_none,1990,Five Cents,P,Jefferson Nickels,,coin,NO,
ref_coin_jefferson_nickels_five_cents_1990_s_no_s,1990,Five Cents,S,Jefferson Nickels,No S,coin,NO,
ref_coin_jefferson_nickels_five_cents_1990_s_none,1990,Five Cents,S,Jefferson Nickels,,coin,NO,
ref_coin_kennedy_half_dollars_half_dollar_1990_d_none,1990,Half Dollar,D,Kennedy Half Dollars,,coin,NO,
ref_coin_kennedy_half_dollars_half_dollar_1990_p_none,1990,Half Dollar,P,Kennedy Half Dollars,,coin,NO,
ref_coin_kennedy_half_dollars_half_dollar_1990_s_none,1990,Half Dollar,S,Kennedy Half Dollars,,coin,NO,
ref_coin_lincoln_cents_one_cent_1990_d_none,1990,One Cent,D,Lincoln Cents,,coin,NO,
ref_coin_lincoln_cents_one_cent_1990_p_none,1990,One Cent,P,Lincoln Cents,,coin,NO,
ref_coin_lincoln_cents_one_cent_1990_s_no_s_mint_mark,1990,One Cent,S,Lincoln Cents,No S Mint Mark,coin,NO,
ref_coin_lincoln_cents_one_cent_1990_s_none,1990,One Cent,S,Lincoln Cents,,coin,NO,
ref_coin_lincoln_memorial_cents_one_cent_1990_d_none,1990,One Cent,D,Lincoln Memorial Cents,,coin,NO,
ref_coin_lincoln_memorial_cents_one_cent_1990_p_none,1990,One Cent,P,Lincoln Memorial Cents,,coin,NO,
ref_coin_lincoln_memorial_cents_one_cent_1990_s_no_s,1990,One Cent,S,Lincoln Memorial Cents,No S,coin,NO,
ref_coin_lincoln_memorial_cents_one_cent_1990_s_none,1990,One Cent,S,Lincoln Memorial Cents,,coin,NO,
ref_coin_roosevelt_dimes_one_dime_1990_d_none,1990,One Dime,D,Roosevelt Dimes,,coin,NO,
ref_coin_roosevelt_dimes_one_dime_1990_p_none,1990,One Dime,P,Roosevelt Dimes,,coin,NO,
ref_coin_roosevelt_dimes_one_dime_1990_s_no_s,1990,One Dime,S,Roosevelt Dimes,No S,coin,NO,
ref_coin_roosevelt_dimes_one_dime_1990_s_none,1990,One Dime,S,Roosevelt Dimes,,coin,NO,
ref_coin_type_20573,1990,One Dollar,,Modern Commemorative Dollars,1 Dollar (Eisenhower Centennial),coin,NO,
ref_coin_washington_quarters__classic_quarter_dollar_1990_d_none,1990,Quarter Dollar,D,Washington Quarters (Classic),,coin,NO,
ref_coin_washington_quarters__classic_quarter_dollar_1990_p_none,1990,Quarter Dollar,P,Washington Quarters (Classic),,coin,NO,
ref_coin_washington_quarters__classic_quarter_dollar_1990_s_none,1990,Quarter Dollar,S,Washington Quarters (Classic),,coin,NO,
ref_coin_american_silver_eagles_one_dollar_1991_p_none,1991,One Dollar,P,American Silver Eagles,,coin,NO,
ref_coin_american_silver_eagles_one_dollar_1991_s_proof,1991,One Dollar,S,American Silver Eagles,Proof,coin,NO,
ref_coin_jefferson_nickels_five_cents_1991_d_none,1991,Five Cents,D,Jefferson Nickels,,coin,NO,
ref_coin_jefferson_nickels_five_cents_1991_p_none,1991,Five Cents,P,Jefferson Nickels,,coin,NO,
ref_coin_jefferson_nickels_five_cents_1991_s_none,1991,Five Cents,S,Jefferson Nickels,,coin,NO,
ref_coin_kennedy_half_dollars_half_dollar_1991_d_none,1991,Half Dollar,D,Kennedy Half Dollars,,coin,NO,
ref_coin_kennedy_half_dollars_half_dollar_1991_p_none,1991,Half Dollar,P,Kennedy Half Dollars,,coin,NO,
ref_coin_kennedy_half_dollars_half_dollar_1991_s_none,1991,Half Dollar,S,Kennedy Half Dollars,,coin,NO,
ref_coin_lincoln_cents_one_cent_1991_d_none,1991,One Cent,D,Lincoln Cents,,coin,NO,
ref_coin_lincoln_cents_one_cent_1991_p_none,1991,One Cent,P,Lincoln Cents,,coin,NO,
ref_coin_lincoln_cents_one_cent_1991_s_none,1991,One Cent,S,Lincoln Cents,,coin,NO,
ref_coin_lincoln_memorial_cents_one_cent_1991_d_none,1991,One Cent,D,Lincoln Memorial Cents,,coin,NO,
ref_coin_lincoln_memorial_cents_one_cent_1991_p_none,1991,One Cent,P,Lincoln Memorial Cents,,coin,NO,
ref_coin_lincoln_memorial_cents_one_cent_1991_s_none,1991,One Cent,S,Lincoln Memorial Cents,,coin,NO,
ref_coin_roosevelt_dimes_one_dime_1991_d_none,1991,One Dime,D,Roosevelt Dimes,,coin,NO,
ref_coin_roosevelt_dimes_one_dime_1991_p_none,1991,One Dime,P,Roosevelt Dimes,,coin,NO,
ref_coin_roosevelt_dimes_one_dime_1991_s_none,1991,One Dime,S,Roosevelt Dimes,,coin,NO,
ref_coin_type_20183,1991,One Dollar,,Modern Commemorative Dollars,1 Dollar (Korean War Memorial Coin),coin,NO,
ref_coin_type_20572,1991,One Dollar,,Modern Commemorative Dollars,1 Dollar (USO Anniversary),coin,NO,
ref_coin_type_26702,1991,Half Dollar,,Modern Commemorative Dollars,½ Dollar (Mt. Rushmore),coin,NO,
ref_coin_type_4744,1991,One Dollar,,Modern Commemorative Dollars,1 Dollar (Mount Rushmore),coin,NO,
ref_coin_washington_quarters__classic_quarter_dollar_1991_d_none,1991,Quarter Dollar,D,Washington Quarters (Classic),,coin,NO,
ref_coin_washington_quarters__classic_quarter_dollar_1991_p_none,1991,Quarter Dollar,P,Washington Quarters (Classic),,coin,NO,
ref_coin_washington_quarters__classic_quarter_dollar_1991_s_none,1991,Quarter Dollar,S,Washington Quarters (Classic),,coin,NO,
ref_coin_american_silver_eagles_one_dollar_1992_p_none,1992,One Dollar,P,American Silver Eagles,,coin,NO,
ref_coin_american_silver_eagles_one_dollar_1992_s_proof,1992,One Dollar,S,American Silver Eagles,Proof,coin,NO,
ref_coin_jefferson_nickels_five_cents_1992_d_none,1992,Five Cents,D,Jefferson Nickels,,coin,NO,
ref_coin_jefferson_nickels_five_cents_1992_p_none,1992,Five Cents,P,Jefferson Nickels,,coin,NO,
ref_coin_jefferson_nickels_five_cents_1992_s_none,1992,Five Cents,S,Jefferson Nickels,,coin,NO,
ref_coin_kennedy_half_dollars_half_dollar_1992_d_none,1992,Half Dollar,D,Kennedy Half Dollars,,coin,NO,
ref_coin_kennedy_half_dollars_half_dollar_1992_p_none,1992,Half Dollar,P,Kennedy Half Dollars,,coin,NO,
ref_coin_kennedy_half_dollars_half_dollar_1992_s_none,1992,Half Dollar,S,Kennedy Half Dollars,,coin,NO,
ref_coin_kennedy_half_dollars_half_dollar_1992_s_silver_proof,1992,Half Dollar,S,Kennedy Half Dollars,Silver Proof,coin,NO,
ref_coin_lincoln_cents_one_cent_1992_d_close_am,1992,One Cent,D,Lincoln Cents,Close AM,coin,NO,
ref_coin_lincoln_cents_one_cent_1992_d_none,1992,One Cent,D,Lincoln Cents,,coin,NO,
ref_coin_lincoln_cents_one_cent_1992_p_close_am,1992,One Cent,P,Lincoln Cents,Close AM,coin,NO,
ref_coin_lincoln_cents_one_cent_1992_p_none,1992,One Cent,P,Lincoln Cents,,coin,NO,
ref_coin_lincoln_cents_one_cent_1992_s_none,1992,One Cent,S,Lincoln Cents,,coin,NO,
ref_coin_lincoln_memorial_cents_one_cent_1992_d_close_am,1992,One Cent,D,Lincoln Memorial Cents,Close AM,coin,NO,
ref_coin_lincoln_memorial_cents_one_cent_1992_d_none,1992,One Cent,D,Lincoln Memorial Cents,,coin,NO,
ref_coin_lincoln_memorial_cents_one_cent_1992_p_close_am,1992,One Cent,P,Lincoln Memorial Cents,Close AM,coin,NO,
ref_coin_lincoln_memorial_cents_one_cent_1992_p_none,1992,One Cent,P,Lincoln Memorial Cents,,coin,NO,
ref_coin_lincoln_memorial_cents_one_cent_1992_s_none,1992,One Cent,S,Lincoln Memorial Cents,,coin,NO,
ref_coin_roosevelt_dimes_one_dime_1992_d_none,1992,One Dime,D,Roosevelt Dimes,,coin,NO,
ref_coin_roosevelt_dimes_one_dime_1992_p_none,1992,One Dime,P,Roosevelt Dimes,,coin,NO,
ref_coin_roosevelt_dimes_one_dime_1992_s_none,1992,One Dime,S,Roosevelt Dimes,,coin,NO,
ref_coin_roosevelt_dimes_one_dime_1992_s_silver_proof,1992,One Dime,S,Roosevelt Dimes,Silver Proof,coin,NO,
ref_coin_type_10867,1992,Half Dollar,,Kennedy Half Dollars,"½ Dollar ""Kennedy Half Dollar"" (Silver .900)",coin,NO,
ref_coin_type_166351,1992,One Dime,,Roosevelt Dimes,"1 Dime ""Roosevelt Dime"" (Silver Proof)",coin,NO,
ref_coin_type_20184,1992,One Dollar,,Modern Commemorative Dollars,1 Dollar (XXV Olympiad),coin,NO,
ref_coin_type_24510,1992,Half Dollar,,Early Commemorative Half Dollars,½ Dollar (Columbus),coin,NO,
ref_coin_type_30062,1992,Quarter Dollar,,Washington Quarters (Classic),"¼ Dollar ""Washington Quarter"" (Silver Proof Issue)",coin,NO,
ref_coin_type_32995,1992,One Dollar,,Modern Commemorative Dollars,1 Dollar (Columbus Quincentenary),coin,NO,
ref_coin_type_32998,1992,Half Dollar,,Modern Commemorative Dollars,½ Dollar (1992 Olympics),coin,NO,
ref_coin_type_41795,1992,One Dollar,,Modern Commemorative Dollars,1 Dollar (White House Bicentenary),coin,NO,
ref_coin_type_8934,1992,One Dime,,Roosevelt Dimes,"1 Dime ""Roosevelt Dime"" (Silver Proof)",coin,NO,
ref_coin_washington_quarters__classic_quarter_dollar_1992_d_none,1992,Quarter Dollar,D,Washington Quarters (Classic),,coin,NO,
ref_coin_washington_quarters__classic_quarter_dollar_1992_p_none,1992,Quarter Dollar,P,Washington Quarters (Classic),,coin,NO,
ref_coin_washington_quarters__classic_quarter_dollar_1992_s_none,1992,Quarter Dollar,S,Washington Quarters (Classic),,coin,NO,
ref_coin_washington_quarters__classic_quarter_dollar_1992_s_silver_proof,1992,Quarter Dollar,S,Washington Quarters (Classic),Silver Proof,coin,NO,
ref_coin_american_silver_eagles_one_dollar_1993_p_none,1993,One Dollar,P,American Silver Eagles,,coin,NO,
ref_coin_american_silver_eagles_one_dollar_1993_p_proof,1993,One Dollar,P,American Silver Eagles,Proof,coin,NO,
ref_coin_jefferson_nickels_five_cents_1993_d_none,1993,Five Cents,D,Jefferson Nickels,,coin,NO,
ref_coin_jefferson_nickels_five_cents_1993_p_none,1993,Five Cents,P,Jefferson Nickels,,coin,NO,
ref_coin_jefferson_nickels_five_cents_1993_s_none,1993,Five Cents,S,Jefferson Nickels,,coin,NO,
ref_coin_kennedy_half_dollars_half_dollar_1993_d_none,1993,Half Dollar,D,Kennedy Half Dollars,,coin,NO,
ref_coin_kennedy_half_dollars_half_dollar_1993_p_none,1993,Half Dollar,P,Kennedy Half Dollars,,coin,NO,
ref_coin_kennedy_half_dollars_half_dollar_1993_s_none,1993,Half Dollar,S,Kennedy Half Dollars,,coin,NO,
ref_coin_kennedy_half_dollars_half_dollar_1993_s_silver_proof,1993,Half Dollar,S,Kennedy Half Dollars,Silver Proof,coin,NO,
ref_coin_lincoln_cents_one_cent_1993_d_none,1993,One Cent,D,Lincoln Cents,,coin,NO,
ref_coin_lincoln_cents_one_cent_1993_p_none,1993,One Cent,P,Lincoln Cents,,coin,NO,
ref_coin_lincoln_cents_one_cent_1993_s_none,1993,One Cent,S,Lincoln Cents,,coin,NO,
ref_coin_lincoln_memorial_cents_one_cent_1993_d_none,1993,One Cent,D,Lincoln Memorial Cents,,coin,NO,
ref_coin_lincoln_memorial_cents_one_cent_1993_p_none,1993,One Cent,P,Lincoln Memorial Cents,,coin,NO,
ref_coin_lincoln_memorial_cents_one_cent_1993_s_none,1993,One Cent,S,Lincoln Memorial Cents,,coin,NO,
ref_coin_roosevelt_dimes_one_dime_1993_d_none,1993,One Dime,D,Roosevelt Dimes,,coin,NO,
ref_coin_roosevelt_dimes_one_dime_1993_p_none,1993,One Dime,P,Roosevelt Dimes,,coin,NO,
ref_coin_roosevelt_dimes_one_dime_1993_s_none,1993,One Dime,S,Roosevelt Dimes,,coin,NO,
ref_coin_roosevelt_dimes_one_dime_1993_s_silver_proof,1993,One Dime,S,Roosevelt Dimes,Silver Proof,coin,NO,
ref_coin_type_20185,1993,One Dollar,,Modern Commemorative Dollars,1 Dollar (Bill of Rights),coin,NO,
ref_coin_type_20243,1993,One Dollar,,Modern Commemorative Dollars,1 Dollar (World War II),coin,NO,
ref_coin_type_21202,1993,Half Dollar,,Modern Commemorative Dollars,½ Dollar (Bill Of Rights),coin,NO,
ref_coin_type_32982,1993,Half Dollar,,Modern Commemorative Dollars,½ Dollar (50th Anniversary of World War II),coin,NO,
ref_coin_type_38462,1993,One Dollar,,Presidential Dollars,1 Dollar (Birth of Thomas Jefferson),coin,NO,
ref_coin_washington_quarters__classic_quarter_dollar_1993_d_none,1993,Quarter Dollar,D,Washington Quarters (Classic),,coin,NO,
ref_coin_washington_quarters__classic_quarter_dollar_1993_p_none,1993,Quarter Dollar,P,Washington Quarters (Classic),,coin,NO,
ref_coin_washington_quarters__classic_quarter_dollar_1993_s_none,1993,Quarter Dollar,S,Washington Quarters (Classic),,coin,NO,
ref_coin_washington_quarters__classic_quarter_dollar_1993_s_silver_proof,1993,Quarter Dollar,S,Washington Quarters (Classic),Silver Proof,coin,NO,
ref_coin_american_silver_eagles_one_dollar_1994_p_none,1994,One Dollar,P,American Silver Eagles,,coin,NO,
ref_coin_american_silver_eagles_one_dollar_1994_p_proof,1994,One Dollar,P,American Silver Eagles,Proof,coin,NO,
ref_coin_jefferson_nickels_five_cents_1994_d_none,1994,Five Cents,D,Jefferson Nickels,,coin,NO,
ref_coin_jefferson_nickels_five_cents_1994_p_none,1994,Five Cents,P,Jefferson Nickels,,coin,NO,
ref_coin_jefferson_nickels_five_cents_1994_p_special_uncirculated__matte_finish,1994,Five Cents,P,Jefferson Nickels,Special Uncirculated (Matte Finish),coin,NO,
ref_coin_jefferson_nickels_five_cents_1994_s_none,1994,Five Cents,S,Jefferson Nickels,,coin,NO,
ref_coin_kennedy_half_dollars_half_dollar_1994_d_none,1994,Half Dollar,D,Kennedy Half Dollars,,coin,NO,
ref_coin_kennedy_half_dollars_half_dollar_1994_p_none,1994,Half Dollar,P,Kennedy Half Dollars,,coin,NO,
ref_coin_kennedy_half_dollars_half_dollar_1994_s_none,1994,Half Dollar,S,Kennedy Half Dollars,,coin,NO,
ref_coin_kennedy_half_dollars_half_dollar_1994_s_silver_proof,1994,Half Dollar,S,Kennedy Half Dollars,Silver Proof,coin,NO,
ref_coin_lincoln_cents_one_cent_1994_d_none,1994,One Cent,D,Lincoln Cents,,coin,NO,
ref_coin_lincoln_cents_one_cent_1994_p_none,1994,One Cent,P,Lincoln Cents,,coin,NO,
ref_coin_lincoln_cents_one_cent_1994_s_none,1994,One Cent,S,Lincoln Cents,,coin,NO,
ref_coin_lincoln_memorial_cents_one_cent_1994_d_none,1994,One Cent,D,Lincoln Memorial Cents,,coin,NO,
ref_coin_lincoln_memorial_cents_one_cent_1994_p_none,1994,One Cent,P,Lincoln Memorial Cents,,coin,NO,
ref_coin_lincoln_memorial_cents_one_cent_1994_s_none,1994,One Cent,S,Lincoln Memorial Cents,,coin,NO,
ref_coin_roosevelt_dimes_one_dime_1994_d_none,1994,One Dime,D,Roosevelt Dimes,,coin,NO,
ref_coin_roosevelt_dimes_one_dime_1994_p_none,1994,One Dime,P,Roosevelt Dimes,,coin,NO,
ref_coin_roosevelt_dimes_one_dime_1994_s_none,1994,One Dime,S,Roosevelt Dimes,,coin,NO,
ref_coin_roosevelt_dimes_one_dime_1994_s_silver_proof,1994,One Dime,S,Roosevelt Dimes,Silver Proof,coin,NO,
ref_coin_type_15323,1994,Half Dollar,,Modern Commemorative Dollars,½ Dollar (World Cup Soccer),coin,NO,
ref_coin_type_20251,1994,One Dollar,,Modern Commemorative Dollars,1 Dollar (1994 World Cup Tournament),coin,NO,
ref_coin_type_20253,1994,One Dollar,,Modern Commemorative Dollars,1 Dollar (Bicentennial of the U.S. Capitol),coin,NO,
ref_coin_type_38464,1994,One Dollar,,Modern Commemorative Dollars,1 Dollar (Vietnam Veterans Memorial),coin,NO,
ref_coin_type_38465,1994,One Dollar,,Modern Commemorative Dollars,1 Dollar (Women In Military Service For America Memorial),coin,NO,
ref_coin_washington_quarters__classic_quarter_dollar_1994_d_none,1994,Quarter Dollar,D,Washington Quarters (Classic),,coin,NO,
ref_coin_washington_quarters__classic_quarter_dollar_1994_p_none,1994,Quarter Dollar,P,Washington Quarters (Classic),,coin,NO,
ref_coin_washington_quarters__classic_quarter_dollar_1994_s_none,1994,Quarter Dollar,S,Washington Quarters (Classic),,coin,NO,
ref_coin_washington_quarters__classic_quarter_dollar_1994_s_silver_proof,1994,Quarter Dollar,S,Washington Quarters (Classic),Silver Proof,coin,NO,
ref_coin_american_silver_eagles_one_dollar_1995_p_none,1995,One Dollar,P,American Silver Eagles,,coin,NO,
ref_coin_american_silver_eagles_one_dollar_1995_p_proof,1995,One Dollar,P,American Silver Eagles,Proof,coin,NO,
ref_coin_american_silver_eagles_one_dollar_1995_w_proof,1995,One Dollar,W,American Silver Eagles,Proof,coin,NO,
ref_coin_jefferson_nickels_five_cents_1995_d_none,1995,Five Cents,D,Jefferson Nickels,,coin,NO,
ref_coin_jefferson_nickels_five_cents_1995_p_none,1995,Five Cents,P,Jefferson Nickels,,coin,NO,
ref_coin_jefferson_nickels_five_cents_1995_s_none,1995,Five Cents,S,Jefferson Nickels,,coin,NO,
ref_coin_kennedy_half_dollars_half_dollar_1995_d_none,1995,Half Dollar,D,Kennedy Half Dollars,,coin,NO,
ref_coin_kennedy_half_dollars_half_dollar_1995_p_none,1995,Half Dollar,P,Kennedy Half Dollars,,coin,NO,
ref_coin_kennedy_half_dollars_half_dollar_1995_s_none,1995,Half Dollar,S,Kennedy Half Dollars,,coin,NO,
ref_coin_kennedy_half_dollars_half_dollar_1995_s_silver_proof,1995,Half Dollar,S,Kennedy Half Dollars,Silver Proof,coin,NO,
ref_coin_lincoln_cents_one_cent_1995_d_doubled_die_obverse,1995,One Cent,D,Lincoln Cents,Doubled Die Obverse,coin,NO,
ref_coin_lincoln_cents_one_cent_1995_d_none,1995,One Cent,D,Lincoln Cents,,coin,NO,
ref_coin_lincoln_cents_one_cent_1995_p_doubled_die_obverse,1995,One Cent,P,Lincoln Cents,Doubled Die Obverse,coin,NO,
ref_coin_lincoln_cents_one_cent_1995_p_none,1995,One Cent,P,Lincoln Cents,,coin,NO,
ref_coin_lincoln_cents_one_cent_1995_s_none,1995,One Cent,S,Lincoln Cents,,coin,NO,
ref_coin_lincoln_memorial_cents_one_cent_1995_d_doubled_die_obverse,1995,One Cent,D,Lincoln Memorial Cents,Doubled Die Obverse,coin,NO,
ref_coin_lincoln_memorial_cents_one_cent_1995_d_none,1995,One Cent,D,Lincoln Memorial Cents,,coin,NO,
ref_coin_lincoln_memorial_cents_one_cent_1995_p_doubled_die_obverse,1995,One Cent,P,Lincoln Memorial Cents,Doubled Die Obverse,coin,NO,
ref_coin_lincoln_memorial_cents_one_cent_1995_p_none,1995,One Cent,P,Lincoln Memorial Cents,,coin,NO,
ref_coin_lincoln_memorial_cents_one_cent_1995_s_none,1995,One Cent,S,Lincoln Memorial Cents,,coin,NO,
ref_coin_roosevelt_dimes_one_dime_1995_d_none,1995,One Dime,D,Roosevelt Dimes,,coin,NO,
ref_coin_roosevelt_dimes_one_dime_1995_p_none,1995,One Dime,P,Roosevelt Dimes,,coin,NO,
ref_coin_roosevelt_dimes_one_dime_1995_s_none,1995,One Dime,S,Roosevelt Dimes,,coin,NO,
ref_coin_roosevelt_dimes_one_dime_1995_s_silver_proof,1995,One Dime,S,Roosevelt Dimes,Silver Proof,coin,NO,
ref_coin_type_15926,1995,One Dollar,,Modern Commemorative Dollars,1 Dollar (Atlanta Olympics - Track and Field),coin,NO,
ref_coin_type_19521,1995,One Dollar,,Modern Commemorative Dollars,1 Dollar (Atlanta Olympics - Cycling),coin,NO,
ref_coin_type_20269,1995,One Dollar,,Modern Commemorative Dollars,"1 Dollar (Centennial Olympic Games, Gymnastics)",coin,NO,
ref_coin_type_20270,1995,One Dollar,,Modern Commemorative Dollars,"1 Dollar (Centennial Olympic Games, Paralympics)",coin,NO,
ref_coin_type_30054,1995,Half Dollar,,Modern Commemorative Dollars,½ Dollar (Atlanta Olympics - Baseball),coin,NO,
ref_coin_type_30790,1995,Half Dollar,,Modern Commemorative Dollars,½ Dollar (Atlanta Olympics - Basketball),coin,NO,
ref_coin_type_31211,1995,Half Dollar,,Civil War Tokens,½ Dollar (Civil War Battlefields),coin,NO,
ref_coin_type_38460,1995,One Dollar,,Civil War Tokens,1 Dollar (Civil War Battlefield),coin,NO,
ref_coin_type_38467,1995,One Dollar,,Modern Commemorative Dollars,1 Dollar (Special Olympics World Games),coin,NO,
ref_coin_type_43953,1995,One Dollar,,Trade Dollars,2 Trade Dollars - Catalina Island,coin,NO,
ref_coin_washington_quarters__classic_quarter_dollar_1995_d_none,1995,Quarter Dollar,D,Washington Quarters (Classic),,coin,NO,
ref_coin_washington_quarters__classic_quarter_dollar_1995_p_none,1995,Quarter Dollar,P,Washington Quarters (Classic),,coin,NO,
ref_coin_washington_quarters__classic_quarter_dollar_1995_s_none,1995,Quarter Dollar,S,Washington Quarters (Classic),,coin,NO,
ref_coin_washington_quarters__classic_quarter_dollar_1995_s_silver_proof,1995,Quarter Dollar,S,Washington Quarters (Classic),Silver Proof,coin,NO,
ref_coin_american_silver_eagles_one_dollar_1996_p_none,1996,One Dollar,P,American Silver Eagles,,coin,NO,
ref_coin_american_silver_eagles_one_dollar_1996_p_proof,1996,One Dollar,P,American Silver Eagles,Proof,coin,NO,
ref_coin_jefferson_nickels_five_cents_1996_d_none,1996,Five Cents,D,Jefferson Nickels,,coin,NO,
ref_coin_jefferson_nickels_five_cents_1996_p_none,1996,Five Cents,P,Jefferson Nickels,,coin,NO,
ref_coin_jefferson_nickels_five_cents_1996_s_none,1996,Five Cents,S,Jefferson Nickels,,coin,NO,
ref_coin_kennedy_half_dollars_half_dollar_1996_d_none,1996,Half Dollar,D,Kennedy Half Dollars,,coin,NO,
ref_coin_kennedy_half_dollars_half_dollar_1996_p_none,1996,Half Dollar,P,Kennedy Half Dollars,,coin,NO,
ref_coin_kennedy_half_dollars_half_dollar_1996_s_none,1996,Half Dollar,S,Kennedy Half Dollars,,coin,NO,
ref_coin_kennedy_half_dollars_half_dollar_1996_s_silver_proof,1996,Half Dollar,S,Kennedy Half Dollars,Silver Proof,coin,NO,
ref_coin_lincoln_cents_one_cent_1996_d_none,1996,One Cent,D,Lincoln Cents,,coin,NO,
ref_coin_lincoln_cents_one_cent_1996_p_none,1996,One Cent,P,Lincoln Cents,,coin,NO,
ref_coin_lincoln_cents_one_cent_1996_s_none,1996,One Cent,S,Lincoln Cents,,coin,NO,
ref_coin_lincoln_memorial_cents_one_cent_1996_d_none,1996,One Cent,D,Lincoln Memorial Cents,,coin,NO,
ref_coin_lincoln_memorial_cents_one_cent_1996_p_none,1996,One Cent,P,Lincoln Memorial Cents,,coin,NO,
ref_coin_lincoln_memorial_cents_one_cent_1996_s_none,1996,One Cent,S,Lincoln Memorial Cents,,coin,NO,
ref_coin_roosevelt_dimes_one_dime_1996_d_none,1996,One Dime,D,Roosevelt Dimes,,coin,NO,
ref_coin_roosevelt_dimes_one_dime_1996_p_none,1996,One Dime,P,Roosevelt Dimes,,coin,NO,
ref_coin_roosevelt_dimes_one_dime_1996_s_clad_proof,1996,One Dime,S,Roosevelt Dimes,Clad Proof,coin,NO,
ref_coin_roosevelt_dimes_one_dime_1996_s_silver_proof,1996,One Dime,S,Roosevelt Dimes,Silver Proof,coin,NO,
ref_coin_type_25342,1996,One Dollar,,Hawaiian Kingdom Coinage,1 Dollar - Kamehameha I (Bernard von NotHaus Bullion Issue),coin,NO,
ref_coin_type_25343,1996,One Dollar,,Hawaiian Kingdom Coinage,1 Dollar - Kalākaua (Bernard von NotHaus Bullion Issue),coin,NO,
ref_coin_type_35618,1996,One Dollar,,Modern Commemorative Dollars,1 Dollar (Smithsonian 150th Anniversary),coin,NO,
ref_coin_type_43447,1996,Half Dollar,,Modern Commemorative Dollars,½ Dollar (Atlanta Olympics - Swimming),coin,NO,
ref_coin_type_43448,1996,Half Dollar,,Modern Commemorative Dollars,½ Dollar (Atlanta Olympics - Women's Soccer),coin,NO,
ref_coin_type_43449,1996,One Dollar,,Modern Commemorative Dollars,1 Dollar (Atlanta Olympics - Tennis),coin,NO,
ref_coin_type_43450,1996,One Dollar,,Modern Commemorative Dollars,1 Dollar (Atlanta Olympics - Rowing),coin,NO,
ref_coin_type_43451,1996,One Dollar,,Modern Commemorative Dollars,1 Dollar (Atlanta Olympics - High Jump),coin,NO,
ref_coin_type_43452,1996,One Dollar,,Modern Commemorative Dollars,1 Dollar (Atlanta Olympics - Paralympics),coin,NO,
ref_coin_washington_quarters__classic_quarter_dollar_1996_d_none,1996,Quarter Dollar,D,Washington Quarters (Classic),,coin,NO,
ref_coin_washington_quarters__classic_quarter_dollar_1996_p_none,1996,Quarter Dollar,P,Washington Quarters (Classic),,coin,NO,
ref_coin_washington_quarters__classic_quarter_dollar_1996_s_none,1996,Quarter Dollar,S,Washington Quarters (Classic),,coin,NO,
ref_coin_washington_quarters__classic_quarter_dollar_1996_s_silver_proof,1996,Quarter Dollar,S,Washington Quarters (Classic),Silver Proof,coin,NO,
ref_coin_american_silver_eagles_one_dollar_1997_p_none,1997,One Dollar,P,American Silver Eagles,,coin,NO,
ref_coin_american_silver_eagles_one_dollar_1997_p_proof,1997,One Dollar,P,American Silver Eagles,Proof,coin,NO,
ref_coin_jefferson_nickels_five_cents_1997_d_none,1997,Five Cents,D,Jefferson Nickels,,coin,NO,
ref_coin_jefferson_nickels_five_cents_1997_p_none,1997,Five Cents,P,Jefferson Nickels,,coin,NO,
ref_coin_jefferson_nickels_five_cents_1997_p_special_uncirculated__matte_finish,1997,Five Cents,P,Jefferson Nickels,Special Uncirculated (Matte Finish),coin,NO,
ref_coin_jefferson_nickels_five_cents_1997_s_none,1997,Five Cents,S,Jefferson Nickels,,coin,NO,
ref_coin_kennedy_half_dollars_half_dollar_1997_d_none,1997,Half Dollar,D,Kennedy Half Dollars,,coin,NO,
ref_coin_kennedy_half_dollars_half_dollar_1997_p_none,1997,Half Dollar,P,Kennedy Half Dollars,,coin,NO,
ref_coin_kennedy_half_dollars_half_dollar_1997_s_none,1997,Half Dollar,S,Kennedy Half Dollars,,coin,NO,
ref_coin_kennedy_half_dollars_half_dollar_1997_s_silver_proof,1997,Half Dollar,S,Kennedy Half Dollars,Silver Proof,coin,NO,
ref_coin_lincoln_cents_one_cent_1997_d_none,1997,One Cent,D,Lincoln Cents,,coin,NO,
ref_coin_lincoln_cents_one_cent_1997_p_doubled_die_obverse,1997,One Cent,P,Lincoln Cents,Doubled Die Obverse,coin,NO,
ref_coin_lincoln_cents_one_cent_1997_p_none,1997,One Cent,P,Lincoln Cents,,coin,NO,
ref_coin_lincoln_cents_one_cent_1997_s_none,1997,One Cent,S,Lincoln Cents,,coin,NO,
ref_coin_lincoln_memorial_cents_one_cent_1997_d_none,1997,One Cent,D,Lincoln Memorial Cents,,coin,NO,
ref_coin_lincoln_memorial_cents_one_cent_1997_p_doubled_die_obverse,1997,One Cent,P,Lincoln Memorial Cents,Doubled Die Obverse,coin,NO,
ref_coin_lincoln_memorial_cents_one_cent_1997_p_none,1997,One Cent,P,Lincoln Memorial Cents,,coin,NO,
ref_coin_lincoln_memorial_cents_one_cent_1997_s_none,1997,One Cent,S,Lincoln Memorial Cents,,coin,NO,
ref_coin_roosevelt_dimes_one_dime_1997_d_none,1997,One Dime,D,Roosevelt Dimes,,coin,NO,
ref_coin_roosevelt_dimes_one_dime_1997_p_none,1997,One Dime,P,Roosevelt Dimes,,coin,NO,
ref_coin_roosevelt_dimes_one_dime_1997_s_clad_proof,1997,One Dime,S,Roosevelt Dimes,Clad Proof,coin,NO,
ref_coin_roosevelt_dimes_one_dime_1997_s_silver_proof,1997,One Dime,S,Roosevelt Dimes,Silver Proof,coin,NO,
ref_coin_type_101789,1997,Five Dollars,,American Platinum Eagle,"25 Dollars ""American Platinum Eagle"" (Bullion Coinage)",coin,NO,
ref_coin_type_101793,1997,Five Dollars,,American Platinum Eagle,"25 Dollars ""American Platinum Eagle"" (Bullion Coinage)",coin,NO,
ref_coin_type_101833,1997,Five Dollars,,American Platinum Eagle,"25 Dollars ""American Platinum Eagle"" (Bullion Coinage)",coin,NO,
ref_coin_type_101842,1997,Five Dollars,,American Platinum Eagle,"25 Dollars ""American Platinum Eagle"" (Bullion Coinage)",coin,NO,
ref_coin_type_101848,1997,Five Dollars,,American Platinum Eagle,"25 Dollars ""American Platinum Eagle"" (Bullion Coinage)",coin,NO,
ref_coin_type_101902,1997,Five Dollars,,American Platinum Eagle,"25 Dollars ""American Platinum Eagle"" (Bullion Coinage)",coin,NO,
ref_coin_type_101907,1997,Five Dollars,,American Platinum Eagle,"25 Dollars ""American Platinum Eagle"" (Bullion Coinage)",coin,NO,
ref_coin_type_101965,1997,Five Dollars,,American Platinum Eagle,"25 Dollars ""American Platinum Eagle"" (Bullion Coinage)",coin,NO,
ref_coin_type_101971,1997,Five Dollars,,American Platinum Eagle,"25 Dollars ""American Platinum Eagle"" (Bullion Coinage)",coin,NO,
ref_coin_type_20286,1997,One Dollar,,Modern Commemorative Dollars,1 Dollar (Botanic Garden),coin,NO,
ref_coin_type_23131,1997,Five Dollars,,American Platinum Eagle,"25 Dollars ""American Platinum Eagle"" (Bullion Coinage)",coin,NO,
ref_coin_type_25388,1997,Five Dollars,,American Platinum Eagle,"25 Dollars ""American Platinum Eagle"" (Bullion Coinage)",coin,NO,
ref_coin_type_38468,1997,One Dollar,,Modern Commemorative Dollars,1 Dollar (National Law Enforcement Officers Memorial),coin,NO,
ref_coin_type_42068,1997,One Dollar,,Modern Commemorative Dollars,1 Dollar (Jackie Robinson),coin,NO,
ref_coin_type_556395,1997,Five Dollars,,American Platinum Eagle,"25 Dollars ""American Platinum Eagle"" (Bullion Coinage)",coin,NO,
ref_coin_washington_quarters__classic_quarter_dollar_1997_d_none,1997,Quarter Dollar,D,Washington Quarters (Classic),,coin,NO,
ref_coin_washington_quarters__classic_quarter_dollar_1997_p_none,1997,Quarter Dollar,P,Washington Quarters (Classic),,coin,NO,
ref_coin_washington_quarters__classic_quarter_dollar_1997_s_none,1997,Quarter Dollar,S,Washington Quarters (Classic),,coin,NO,
ref_coin_washington_quarters__classic_quarter_dollar_1997_s_silver_proof,1997,Quarter Dollar,S,Washington Quarters (Classic),Silver Proof,coin,NO,
ref_coin_american_silver_eagles_one_dollar_1998_p_none,1998,One Dollar,P,American Silver Eagles,,coin,NO,
ref_coin_american_silver_eagles_one_dollar_1998_p_proof,1998,One Dollar,P,American Silver Eagles,Proof,coin,NO,
ref_coin_jefferson_nickels_five_cents_1998_d_none,1998,Five Cents,D,Jefferson Nickels,,coin,NO,
ref_coin_jefferson_nickels_five_cents_1998_p_none,1998,Five Cents,P,Jefferson Nickels,,coin,NO,
ref_coin_jefferson_nickels_five_cents_1998_s_none,1998,Five Cents,S,Jefferson Nickels,,coin,NO,
ref_coin_kennedy_half_dollars_half_dollar_1998_d_none,1998,Half Dollar,D,Kennedy Half Dollars,,coin,NO,
ref_coin_kennedy_half_dollars_half_dollar_1998_p_none,1998,Half Dollar,P,Kennedy Half Dollars,,coin,NO,
ref_coin_kennedy_half_dollars_half_dollar_1998_s_matte_finish,1998,Half Dollar,S,Kennedy Half Dollars,Matte Finish,coin,NO,
ref_coin_kennedy_half_dollars_half_dollar_1998_s_none,1998,Half Dollar,S,Kennedy Half Dollars,,coin,NO,
ref_coin_kennedy_half_dollars_half_dollar_1998_s_silver_proof,1998,Half Dollar,S,Kennedy Half Dollars,Silver Proof,coin,NO,
ref_coin_lincoln_cents_one_cent_1998_d_none,1998,One Cent,D,Lincoln Cents,,coin,NO,
ref_coin_lincoln_cents_one_cent_1998_p_none,1998,One Cent,P,Lincoln Cents,,coin,NO,
ref_coin_lincoln_cents_one_cent_1998_p_wide_am,1998,One Cent,P,Lincoln Cents,Wide AM,coin,NO,
ref_coin_lincoln_cents_one_cent_1998_s_close_am,1998,One Cent,S,Lincoln Cents,Close AM,coin,NO,
ref_coin_lincoln_cents_one_cent_1998_s_none,1998,One Cent,S,Lincoln Cents,,coin,NO,
ref_coin_lincoln_memorial_cents_one_cent_1998_d_none,1998,One Cent,D,Lincoln Memorial Cents,,coin,NO,
ref_coin_lincoln_memorial_cents_one_cent_1998_p_none,1998,One Cent,P,Lincoln Memorial Cents,,coin,NO,
ref_coin_lincoln_memorial_cents_one_cent_1998_p_wide_am,1998,One Cent,P,Lincoln Memorial Cents,Wide AM,coin,NO,
ref_coin_lincoln_memorial_cents_one_cent_1998_s_close_am,1998,One Cent,S,Lincoln Memorial Cents,Close AM,coin,NO,
ref_coin_lincoln_memorial_cents_one_cent_1998_s_none,1998,One Cent,S,Lincoln Memorial Cents,,coin,NO,
ref_coin_roosevelt_dimes_one_dime_1998_d_none,1998,One Dime,D,Roosevelt Dimes,,coin,NO,
ref_coin_roosevelt_dimes_one_dime_1998_p_none,1998,One Dime,P,Roosevelt Dimes,,coin,NO,
ref_coin_roosevelt_dimes_one_dime_1998_s_clad_proof,1998,One Dime,S,Roosevelt Dimes,Clad Proof,coin,NO,
ref_coin_roosevelt_dimes_one_dime_1998_s_silver_proof,1998,One Dime,S,Roosevelt Dimes,Silver Proof,coin,NO,
ref_coin_type_30055,1998,One Dollar,,Modern Commemorative Dollars,1 Dollar (Robert F. Kennedy),coin,NO,
ref_coin_type_38466,1998,One Dollar,,Modern Commemorative Dollars,1 Dollar (Black Revolutionary War Patriots),coin,NO,
ref_coin_washington_quarters__classic_quarter_dollar_1998_d_none,1998,Quarter Dollar,D,Washington Quarters (Classic),,coin,NO,
ref_coin_washington_quarters__classic_quarter_dollar_1998_p_none,1998,Quarter Dollar,P,Washington Quarters (Classic),,coin,NO,
ref_coin_washington_quarters__classic_quarter_dollar_1998_s_none,1998,Quarter Dollar,S,Washington Quarters (Classic),,coin,NO,
ref_coin_washington_quarters__classic_quarter_dollar_1998_s_silver_proof,1998,Quarter Dollar,S,Washington Quarters (Classic),Silver Proof,coin,NO,
ref_coin_50_state_quarters_quarter_dollar_1999_d_connecticut,1999,Quarter Dollar,D,50 State Quarters,Connecticut,coin,NO,
ref_coin_50_state_quarters_quarter_dollar_1999_d_delaware,1999,Quarter Dollar,D,50 State Quarters,Delaware,coin,NO,
ref_coin_50_state_quarters_quarter_dollar_1999_d_georgia,1999,Quarter Dollar,D,50 State Quarters,Georgia,coin,NO,
ref_coin_50_state_quarters_quarter_dollar_1999_d_new_jersey,1999,Quarter Dollar,D,50 State Quarters,New Jersey,coin,NO,
ref_coin_50_state_quarters_quarter_dollar_1999_d_pennsylvania,1999,Quarter Dollar,D,50 State Quarters,Pennsylvania,coin,NO,
ref_coin_50_state_quarters_quarter_dollar_1999_p_connecticut,1999,Quarter Dollar,P,50 State Quarters,Connecticut,coin,NO,
ref_coin_50_state_quarters_quarter_dollar_1999_p_delaware,1999,Quarter Dollar,P,50 State Quarters,Delaware,coin,NO,
ref_coin_50_state_quarters_quarter_dollar_1999_p_georgia,1999,Quarter Dollar,P,50 State Quarters,Georgia,coin,NO,
ref_coin_50_state_quarters_quarter_dollar_1999_p_new_jersey,1999,Quarter Dollar,P,50 State Quarters,New Jersey,coin,NO,
ref_coin_50_state_quarters_quarter_dollar_1999_p_pennsylvania,1999,Quarter Dollar,P,50 State Quarters,Pennsylvania,coin,NO,
ref_coin_50_state_quarters_quarter_dollar_1999_s_connecticut,1999,Quarter Dollar,S,50 State Quarters,Connecticut,coin,NO,
ref_coin_50_state_quarters_quarter_dollar_1999_s_connecticut_silver_proof,1999,Quarter Dollar,S,50 State Quarters,Connecticut Silver Proof,coin,NO,
ref_coin_50_state_quarters_quarter_dollar_1999_s_delaware,1999,Quarter Dollar,S,50 State Quarters,Delaware,coin,NO,
ref_coin_50_state_quarters_quarter_dollar_1999_s_delaware_silver_proof,1999,Quarter Dollar,S,50 State Quarters,Delaware Silver Proof,coin,NO,
ref_coin_50_state_quarters_quarter_dollar_1999_s_georgia,1999,Quarter Dollar,S,50 State Quarters,Georgia,coin,NO,
ref_coin_50_state_quarters_quarter_dollar_1999_s_georgia_silver_proof,1999,Quarter Dollar,S,50 State Quarters,Georgia Silver Proof,coin,NO,
ref_coin_50_state_quarters_quarter_dollar_1999_s_new_jersey,1999,Quarter Dollar,S,50 State Quarters,New Jersey,coin,NO,
ref_coin_50_state_quarters_quarter_dollar_1999_s_new_jersey_silver_proof,1999,Quarter Dollar,S,50 State Quarters,New Jersey Silver Proof,coin,NO,
ref_coin_50_state_quarters_quarter_dollar_1999_s_pennsylvania,1999,Quarter Dollar,S,50 State Quarters,Pennsylvania,coin,NO,
ref_coin_50_state_quarters_quarter_dollar_1999_s_pennsylvania_silver_proof,1999,Quarter Dollar,S,50 State Quarters,Pennsylvania Silver Proof,coin,NO,
ref_coin_american_silver_eagles_one_dollar_1999_p_none,1999,One Dollar,P,American Silver Eagles,,coin,NO,
ref_coin_american_silver_eagles_one_dollar_1999_p_proof,1999,One Dollar,P,American Silver Eagles,Proof,coin,NO,
ref_coin_jefferson_nickels_five_cents_1999_d_none,1999,Five Cents,D,Jefferson Nickels,,coin,NO,
ref_coin_jefferson_nickels_five_cents_1999_p_none,1999,Five Cents,P,Jefferson Nickels,,coin,NO,
ref_coin_jefferson_nickels_five_cents_1999_s_none,1999,Five Cents,S,Jefferson Nickels,,coin,NO,
ref_coin_kennedy_half_dollars_half_dollar_1999_d_none,1999,Half Dollar,D,Kennedy Half Dollars,,coin,NO,
ref_coin_kennedy_half_dollars_half_dollar_1999_p_none,1999,Half Dollar,P,Kennedy Half Dollars,,coin,NO,
ref_coin_kennedy_half_dollars_half_dollar_1999_s_none,1999,Half Dollar,S,Kennedy Half Dollars,,coin,NO,
ref_coin_kennedy_half_dollars_half_dollar_1999_s_silver_proof,1999,Half Dollar,S,Kennedy Half Dollars,Silver Proof,coin,NO,
ref_coin_lincoln_cents_one_cent_1999_d_none,1999,One Cent,D,Lincoln Cents,,coin,NO,
ref_coin_lincoln_cents_one_cent_1999_p_none,1999,One Cent,P,Lincoln Cents,,coin,NO,
ref_coin_lincoln_cents_one_cent_1999_p_wide_am,1999,One Cent,P,Lincoln Cents,Wide AM,coin,NO,
ref_coin_lincoln_cents_one_cent_1999_s_close_am,1999,One Cent,S,Lincoln Cents,Close AM,coin,NO,
ref_coin_lincoln_cents_one_cent_1999_s_none,1999,One Cent,S,Lincoln Cents,,coin,NO,
ref_coin_lincoln_memorial_cents_one_cent_1999_d_none,1999,One Cent,D,Lincoln Memorial Cents,,coin,NO,
ref_coin_lincoln_memorial_cents_one_cent_1999_p_none,1999,One Cent,P,Lincoln Memorial Cents,,coin,NO,
ref_coin_lincoln_memorial_cents_one_cent_1999_p_wide_am,1999,One Cent,P,Lincoln Memorial Cents,Wide AM,coin,NO,
ref_coin_lincoln_memorial_cents_one_cent_1999_s_close_am,1999,One Cent,S,Lincoln Memorial Cents,Close AM,coin,NO,
ref_coin_lincoln_memorial_cents_one_cent_1999_s_none,1999,One Cent,S,Lincoln Memorial Cents,,coin,NO,
ref_coin_roosevelt_dimes_one_dime_1999_d_none,1999,One Dime,D,Roosevelt Dimes,,coin,NO,
ref_coin_roosevelt_dimes_one_dime_1999_p_none,1999,One Dime,P,Roosevelt Dimes,,coin,NO,
ref_coin_roosevelt_dimes_one_dime_1999_s_clad_proof,1999,One Dime,S,Roosevelt Dimes,Clad Proof,coin,NO,
ref_coin_roosevelt_dimes_one_dime_1999_s_silver_proof,1999,One Dime,S,Roosevelt Dimes,Silver Proof,coin,NO,
ref_coin_susan_b__anthony_dollars_one_dollar_1999_d_none,1999,One Dollar,D,Susan B. Anthony Dollars,,coin,NO,
ref_coin_susan_b__anthony_dollars_one_dollar_1999_p_none,1999,One Dollar,P,Susan B. Anthony Dollars,,coin,NO,
ref_coin_susan_b__anthony_dollars_one_dollar_1999_p_proof,1999,One Dollar,P,Susan B. Anthony Dollars,Proof,coin,NO,
ref_coin_type_101787,1999,Ten Dollars,,American Platinum Eagle,"10 Dollars ""American Platinum Eagle"" (Bullion Coinage)",coin,NO,
ref_coin_type_101791,1999,Ten Dollars,,American Platinum Eagle,"10 Dollars ""American Platinum Eagle"" (Bullion Coinage)",coin,NO,
ref_coin_type_101794,1999,Fifty Dollars,,American Platinum Eagle,"50 Dollars ""American Platinum Eagle"" (Bullion Coinage)",coin,NO,
ref_coin_type_101832,1999,Fifty Dollars,,American Platinum Eagle,"50 Dollars ""American Platinum Eagle"" (Bullion Coinage)",coin,NO,
ref_coin_type_101834,1999,Ten Dollars,,American Platinum Eagle,"10 Dollars ""American Platinum Eagle"" (Bullion Coinage)",coin,NO,
ref_coin_type_101843,1999,Fifty Dollars,,American Platinum Eagle,"50 Dollars ""American Platinum Eagle"" (Bullion Coinage)",coin,NO,
ref_coin_type_101847,1999,Ten Dollars,,American Platinum Eagle,"10 Dollars ""American Platinum Eagle"" (Bullion Coinage)",coin,NO,
ref_coin_type_101849,1999,Fifty Dollars,,American Platinum Eagle,"50 Dollars ""American Platinum Eagle"" (Bullion Coinage)",coin,NO,
ref_coin_type_101897,1999,Fifty Dollars,,American Platinum Eagle,"50 Dollars ""American Platinum Eagle"" (Bullion Coinage)",coin,NO,
ref_coin_type_101898,1999,Ten Dollars,,American Platinum Eagle,"10 Dollars ""American Platinum Eagle"" (Bullion Coinage)",coin,NO,
ref_coin_type_101901,1999,Fifty Dollars,,American Platinum Eagle,"50 Dollars ""American Platinum Eagle"" (Bullion Coinage)",coin,NO,
ref_coin_type_101903,1999,Ten Dollars,,American Platinum Eagle,"10 Dollars ""American Platinum Eagle"" (Bullion Coinage)",coin,NO,
ref_coin_type_101906,1999,Ten Dollars,,American Platinum Eagle,"10 Dollars ""American Platinum Eagle"" (Bullion Coinage)",coin,NO,
ref_coin_type_101908,1999,Fifty Dollars,,American Platinum Eagle,"50 Dollars ""American Platinum Eagle"" (Bullion Coinage)",coin,NO,
ref_coin_type_101963,1999,Fifty Dollars,,American Platinum Eagle,"50 Dollars ""American Platinum Eagle"" (Bullion Coinage)",coin,NO,
ref_coin_type_101968,1999,Ten Dollars,,American Platinum Eagle,"10 Dollars ""American Platinum Eagle"" (Bullion Coinage)",coin,NO,
ref_coin_type_101970,1999,Fifty Dollars,,American Platinum Eagle,"50 Dollars ""American Platinum Eagle"" (Bullion Coinage)",coin,NO,
ref_coin_type_13553,1999,Quarter Dollar,,Washington Quarters (Classic),"¼ Dollar ""Washington Quarter"" (Georgia - Silver Proof)",coin,NO,
ref_coin_type_13556,1999,Quarter Dollar,,Washington Quarters (Classic),"¼ Dollar ""Washington Quarter"" (Delaware - Silver Proof)",coin,NO,
ref_coin_type_13558,1999,Quarter Dollar,,Washington Quarters (Classic),"¼ Dollar ""Washington Quarter"" (Pennsylvania - Silver Proof)",coin,NO,
ref_coin_type_13560,1999,Quarter Dollar,,Washington Quarters (Classic),"¼ Dollar ""Washington Quarter"" (New Jersey - Silver Proof)",coin,NO,
ref_coin_type_13566,1999,Quarter Dollar,,Washington Quarters (Classic),"¼ Dollar ""Washington Quarter"" (Connecticut - Silver Proof)",coin,NO,
ref_coin_type_25387,1999,Ten Dollars,,American Platinum Eagle,"10 Dollars ""American Platinum Eagle"" (Bullion Coinage)",coin,NO,
ref_coin_type_25389,1999,Fifty Dollars,,American Platinum Eagle,"50 Dollars ""American Platinum Eagle"" (Bullion Coinage)",coin,NO,
ref_coin_type_25392,1999,Fifty Dollars,,American Platinum Eagle,"50 Dollars ""American Platinum Eagle"" (Bullion Coinage)",coin,NO,
ref_coin_type_25393,1999,Ten Dollars,,American Platinum Eagle,"10 Dollars ""American Platinum Eagle"" (Bullion Coinage)",coin,NO,
ref_coin_type_25394,1999,Fifty Dollars,,American Platinum Eagle,"50 Dollars ""American Platinum Eagle"" (Bullion Coinage)",coin,NO,
ref_coin_type_25435,1999,One Dollar,,Modern Commemorative Dollars,1 Dollar (Dolley Madison),coin,NO,
ref_coin_type_37837,1999,One Dollar,,Modern Commemorative Dollars,1 Dollar (Yellowstone),coin,NO,
ref_coin_type_604,1999,Quarter Dollar,,Washington Quarters (Classic),"¼ Dollar ""Washington Quarter"" (Delaware)",coin,NO,
ref_coin_type_605,1999,Quarter Dollar,,Washington Quarters (Classic),"¼ Dollar ""Washington Quarter"" (Pennsylvania)",coin,NO,
ref_coin_type_606,1999,Quarter Dollar,,Washington Quarters (Classic),"¼ Dollar ""Washington Quarter"" (New Jersey)",coin,NO,
ref_coin_type_607,1999,Quarter Dollar,,Washington Quarters (Classic),"¼ Dollar ""Washington Quarter"" (Georgia)",coin,NO,
ref_coin_type_608,1999,Quarter Dollar,,Washington Quarters (Classic),"¼ Dollar ""Washington Quarter"" (Connecticut)",coin,NO,
ref_coin_50_state_quarters_quarter_dollar_2000_d_maryland,2000,Quarter Dollar,D,50 State Quarters,Maryland,coin,NO,
ref_coin_50_state_quarters_quarter_dollar_2000_d_massachusetts,2000,Quarter Dollar,D,50 State Quarters,Massachusetts,coin,NO,
ref_coin_50_state_quarters_quarter_dollar_2000_d_new_hampshire,2000,Quarter Dollar,D,50 State Quarters,New Hampshire,coin,NO,
ref_coin_50_state_quarters_quarter_dollar_2000_d_south_carolina,2000,Quarter Dollar,D,50 State Quarters,South Carolina,coin,NO,
ref_coin_50_state_quarters_quarter_dollar_2000_d_virginia,2000,Quarter Dollar,D,50 State Quarters,Virginia,coin,NO,
ref_coin_50_state_quarters_quarter_dollar_2000_p_maryland,2000,Quarter Dollar,P,50 State Quarters,Maryland,coin,NO,
ref_coin_50_state_quarters_quarter_dollar_2000_p_massachusetts,2000,Quarter Dollar,P,50 State Quarters,Massachusetts,coin,NO,
ref_coin_50_state_quarters_quarter_dollar_2000_p_new_hampshire,2000,Quarter Dollar,P,50 State Quarters,New Hampshire,coin,NO,
ref_coin_50_state_quarters_quarter_dollar_2000_p_south_carolina,2000,Quarter Dollar,P,50 State Quarters,South Carolina,coin,NO,
ref_coin_50_state_quarters_quarter_dollar_2000_p_virginia,2000,Quarter Dollar,P,50 State Quarters,Virginia,coin,NO,
ref_coin_50_state_quarters_quarter_dollar_2000_s_maryland,2000,Quarter Dollar,S,50 State Quarters,Maryland,coin,NO,
ref_coin_50_state_quarters_quarter_dollar_2000_s_maryland_silver_proof,2000,Quarter Dollar,S,50 State Quarters,Maryland Silver Proof,coin,NO,
ref_coin_50_state_quarters_quarter_dollar_2000_s_massachusetts,2000,Quarter Dollar,S,50 State Quarters,Massachusetts,coin,NO,
ref_coin_50_state_quarters_quarter_dollar_2000_s_massachusetts_silver_proof,2000,Quarter Dollar,S,50 State Quarters,Massachusetts Silver Proof,coin,NO,
ref_coin_50_state_quarters_quarter_dollar_2000_s_new_hampshire,2000,Quarter Dollar,S,50 State Quarters,New Hampshire,coin,NO,
ref_coin_50_state_quarters_quarter_dollar_2000_s_new_hampshire_silver_proof,2000,Quarter Dollar,S,50 State Quarters,New Hampshire Silver Proof,coin,NO,
ref_coin_50_state_quarters_quarter_dollar_2000_s_south_carolina,2000,Quarter Dollar,S,50 State Quarters,South Carolina,coin,NO,
ref_coin_50_state_quarters_quarter_dollar_2000_s_south_carolina_silver_proof,2000,Quarter Dollar,S,50 State Quarters,South Carolina Silver Proof,coin,NO,
ref_coin_50_state_quarters_quarter_dollar_2000_s_virginia,2000,Quarter Dollar,S,50 State Quarters,Virginia,coin,NO,
ref_coin_50_state_quarters_quarter_dollar_2000_s_virginia_silver_proof,2000,Quarter Dollar,S,50 State Quarters,Virginia Silver Proof,coin,NO,
ref_coin_american_silver_eagles_one_dollar_2000_p_none,2000,One Dollar,P,American Silver Eagles,,coin,NO,
ref_coin_american_silver_eagles_one_dollar_2000_p_proof,2000,One Dollar,P,American Silver Eagles,Proof,coin,NO,
ref_coin_jefferson_nickels_five_cents_2000_d_none,2000,Five Cents,D,Jefferson Nickels,,coin,NO,
ref_coin_jefferson_nickels_five_cents_2000_p_none,2000,Five Cents,P,Jefferson Nickels,,coin,NO,
ref_coin_jefferson_nickels_five_cents_2000_s_none,2000,Five Cents,S,Jefferson Nickels,,coin,NO,
ref_coin_kennedy_half_dollars_half_dollar_2000_d_none,2000,Half Dollar,D,Kennedy Half Dollars,,coin,NO,
ref_coin_kennedy_half_dollars_half_dollar_2000_p_none,2000,Half Dollar,P,Kennedy Half Dollars,,coin,NO,
ref_coin_kennedy_half_dollars_half_dollar_2000_s_none,2000,Half Dollar,S,Kennedy Half Dollars,,coin,NO,
ref_coin_kennedy_half_dollars_half_dollar_2000_s_silver_proof,2000,Half Dollar,S,Kennedy Half Dollars,Silver Proof,coin,NO,
ref_coin_lincoln_cents_one_cent_2000_d_none,2000,One Cent,D,Lincoln Cents,,coin,NO,
ref_coin_lincoln_cents_one_cent_2000_p_none,2000,One Cent,P,Lincoln Cents,,coin,NO,
ref_coin_lincoln_cents_one_cent_2000_p_wide_am,2000,One Cent,P,Lincoln Cents,Wide AM,coin,NO,
ref_coin_lincoln_cents_one_cent_2000_s_none,2000,One Cent,S,Lincoln Cents,,coin,NO,
ref_coin_lincoln_memorial_cents_one_cent_2000_d_none,2000,One Cent,D,Lincoln Memorial Cents,,coin,NO,
ref_coin_lincoln_memorial_cents_one_cent_2000_p_none,2000,One Cent,P,Lincoln Memorial Cents,,coin,NO,
ref_coin_lincoln_memorial_cents_one_cent_2000_p_wide_am,2000,One Cent,P,Lincoln Memorial Cents,Wide AM,coin,NO,
ref_coin_lincoln_memorial_cents_one_cent_2000_s_none,2000,One Cent,S,Lincoln Memorial Cents,,coin,NO,
ref_coin_roosevelt_dimes_one_dime_2000_d_none,2000,One Dime,D,Roosevelt Dimes,,coin,NO,
ref_coin_roosevelt_dimes_one_dime_2000_p_none,2000,One Dime,P,Roosevelt Dimes,,coin,NO,
ref_coin_roosevelt_dimes_one_dime_2000_s_clad_proof,2000,One Dime,S,Roosevelt Dimes,Clad Proof,coin,NO,
ref_coin_roosevelt_dimes_one_dime_2000_s_silver_proof,2000,One Dime,S,Roosevelt Dimes,Silver Proof,coin,NO,
ref_coin_sacagawea___native_american_dollars_one_dollar_2000_d_none,2000,One Dollar,D,Sacagawea & Native American Dollars,,coin,NO,
ref_coin_sacagawea___native_american_dollars_one_dollar_2000_p_cheerio_dollar__detailed_eagle_tail_f,2000,One Dollar,P,Sacagawea & Native American Dollars,Cheerio Dollar (Detailed Eagle Tail Feathers),coin,NO,
ref_coin_sacagawea___native_american_dollars_one_dollar_2000_p_goodacre_presentation_specimen,2000,One Dollar,P,Sacagawea & Native American Dollars,Goodacre Presentation Specimen,coin,NO,
ref_coin_sacagawea___native_american_dollars_one_dollar_2000_p_none,2000,One Dollar,P,Sacagawea & Native American Dollars,,coin,NO,
ref_coin_sacagawea___native_american_dollars_one_dollar_2000_p_wounded_eagle,2000,One Dollar,P,Sacagawea & Native American Dollars,Wounded Eagle,coin,NO,
ref_coin_sacagawea___native_american_dollars_one_dollar_2000_s_none,2000,One Dollar,S,Sacagawea & Native American Dollars,,coin,NO,
ref_coin_type_101445,2000,One Dollar,,Trade Dollars,1 Maui Trade Dollar,coin,NO,
ref_coin_type_122343,2000,One Dollar,,U.S. Pattern Coinage,"1 Dollar ""2000 Sacagawea Dollar"" (Pattern)",coin,NO,
ref_coin_type_13567,2000,Quarter Dollar,,Washington Quarters (Classic),"¼ Dollar ""Washington Quarter"" (Massachusetts - Silver Proof)",coin,NO,
ref_coin_type_13568,2000,Quarter Dollar,,Washington Quarters (Classic),"¼ Dollar ""Washington Quarter"" (Maryland - Silver Proof)",coin,NO,
ref_coin_type_13569,2000,Quarter Dollar,,Washington Quarters (Classic),"¼ Dollar ""Washington Quarter"" (South Carolina - Silver Proof)",coin,NO,
ref_coin_type_13570,2000,Quarter Dollar,,Washington Quarters (Classic),"¼ Dollar ""Washington Quarter"" (New Hampshire - Silver Proof)",coin,NO,
ref_coin_type_13626,2000,Quarter Dollar,,Washington Quarters (Classic),"¼ Dollar ""Washington Quarter"" (Virginia - Silver Proof)",coin,NO,
ref_coin_type_158960,2000,One Dollar,,Trade Dollars,1 Maui Trade Dollar,coin,NO,
ref_coin_type_16937,2000,One Dollar,,Trade Dollars,1 Maui Trade Dollar,coin,NO,
ref_coin_type_23362,2000,Ten Dollars,W,Modern Commemorative Dollars,10 Dollars (Library of Congress; Bimetallic),coin,NO,
ref_coin_type_25436,2000,One Dollar,,Modern Commemorative Dollars,1 Dollar (Leif Ericson Millennium),coin,NO,
ref_coin_type_41855,2000,One Dollar,,Modern Commemorative Dollars,1 Dollar (Library of Congress),coin,NO,
ref_coin_type_609,2000,Quarter Dollar,,Washington Quarters (Classic),"¼ Dollar ""Washington Quarter"" (Massachusetts)",coin,NO,
ref_coin_type_610,2000,Quarter Dollar,,Washington Quarters (Classic),"¼ Dollar ""Washington Quarter"" (Maryland)",coin,NO,
ref_coin_type_611,2000,Quarter Dollar,,Washington Quarters (Classic),"¼ Dollar ""Washington Quarter"" (South Carolina)",coin,NO,
ref_coin_type_612,2000,Quarter Dollar,,Washington Quarters (Classic),"¼ Dollar ""Washington Quarter"" (New Hampshire)",coin,NO,
ref_coin_type_613,2000,Quarter Dollar,,Washington Quarters (Classic),"¼ Dollar ""Washington Quarter"" (Virginia)",coin,NO,
ref_coin_type_63497,2000,One Dollar,,Trade Dollars,1 Maui Trade Dollar,coin,NO,
ref_coin_type_74329,2000,One Dollar,,Trade Dollars,1 Maui Trade Dollar,coin,NO,
ref_coin_type_83813,2000,One Dollar,,Trade Dollars,1 Maui Trade Dollar,coin,NO,
ref_coin_type_87193,2000,One Dollar,,Trade Dollars,1 Maui Trade Dollar,coin,NO,
ref_coin_type_87222,2000,One Dollar,,Trade Dollars,1 Maui Trade Dollar,coin,NO,
ref_coin_type_87223,2000,One Dollar,,Trade Dollars,1 Maui Trade Dollar,coin,NO,
ref_coin_type_87224,2000,One Dollar,,Trade Dollars,1 Maui Trade Dollar,coin,NO,
ref_coin_type_87225,2000,One Dollar,,Trade Dollars,1 Maui Trade Dollar,coin,NO,
ref_coin_type_87226,2000,One Dollar,,Trade Dollars,1 Maui Trade Dollar,coin,NO,
ref_coin_type_87227,2000,One Dollar,,Trade Dollars,1 Maui Trade Dollar,coin,NO,
ref_coin_type_87399,2000,One Dollar,,Trade Dollars,1 Maui Trade Dollar,coin,NO,
ref_coin_type_87400,2000,One Dollar,,Trade Dollars,1 Maui Trade Dollar,coin,NO,
ref_coin_type_87401,2000,One Dollar,,Trade Dollars,1 Maui Trade Dollar,coin,NO,
ref_coin_type_923,2000,One Dollar,,Sacagawea & Native American Dollars,"1 Dollar ""Sacagawea Dollar""",coin,NO,
ref_coin_50_state_quarters_quarter_dollar_2001_d_kentucky,2001,Quarter Dollar,D,50 State Quarters,Kentucky,coin,NO,
ref_coin_50_state_quarters_quarter_dollar_2001_d_new_york,2001,Quarter Dollar,D,50 State Quarters,New York,coin,NO,
ref_coin_50_state_quarters_quarter_dollar_2001_d_north_carolina,2001,Quarter Dollar,D,50 State Quarters,North Carolina,coin,NO,
ref_coin_50_state_quarters_quarter_dollar_2001_d_rhode_island,2001,Quarter Dollar,D,50 State Quarters,Rhode Island,coin,NO,
ref_coin_50_state_quarters_quarter_dollar_2001_d_vermont,2001,Quarter Dollar,D,50 State Quarters,Vermont,coin,NO,
ref_coin_50_state_quarters_quarter_dollar_2001_p_kentucky,2001,Quarter Dollar,P,50 State Quarters,Kentucky,coin,NO,
ref_coin_50_state_quarters_quarter_dollar_2001_p_new_york,2001,Quarter Dollar,P,50 State Quarters,New York,coin,NO,
ref_coin_50_state_quarters_quarter_dollar_2001_p_north_carolina,2001,Quarter Dollar,P,50 State Quarters,North Carolina,coin,NO,
ref_coin_50_state_quarters_quarter_dollar_2001_p_rhode_island,2001,Quarter Dollar,P,50 State Quarters,Rhode Island,coin,NO,
ref_coin_50_state_quarters_quarter_dollar_2001_p_vermont,2001,Quarter Dollar,P,50 State Quarters,Vermont,coin,NO,
ref_coin_50_state_quarters_quarter_dollar_2001_s_kentucky,2001,Quarter Dollar,S,50 State Quarters,Kentucky,coin,NO,
ref_coin_50_state_quarters_quarter_dollar_2001_s_kentucky_silver_proof,2001,Quarter Dollar,S,50 State Quarters,Kentucky Silver Proof,coin,NO,
ref_coin_50_state_quarters_quarter_dollar_2001_s_new_york,2001,Quarter Dollar,S,50 State Quarters,New York,coin,NO,
ref_coin_50_state_quarters_quarter_dollar_2001_s_new_york_silver_proof,2001,Quarter Dollar,S,50 State Quarters,New York Silver Proof,coin,NO,
ref_coin_50_state_quarters_quarter_dollar_2001_s_north_carolina,2001,Quarter Dollar,S,50 State Quarters,North Carolina,coin,NO,
ref_coin_50_state_quarters_quarter_dollar_2001_s_north_carolina_silver_proof,2001,Quarter Dollar,S,50 State Quarters,North Carolina Silver Proof,coin,NO,
ref_coin_50_state_quarters_quarter_dollar_2001_s_rhode_island,2001,Quarter Dollar,S,50 State Quarters,Rhode Island,coin,NO,
ref_coin_50_state_quarters_quarter_dollar_2001_s_rhode_island_silver_proof,2001,Quarter Dollar,S,50 State Quarters,Rhode Island Silver Proof,coin,NO,
ref_coin_50_state_quarters_quarter_dollar_2001_s_vermont,2001,Quarter Dollar,S,50 State Quarters,Vermont,coin,NO,
ref_coin_50_state_quarters_quarter_dollar_2001_s_vermont_silver_proof,2001,Quarter Dollar,S,50 State Quarters,Vermont Silver Proof,coin,NO,
ref_coin_american_silver_eagles_one_dollar_2001_p_none,2001,One Dollar,P,American Silver Eagles,,coin,NO,
ref_coin_american_silver_eagles_one_dollar_2001_w_proof,2001,One Dollar,W,American Silver Eagles,Proof,coin,NO,
ref_coin_jefferson_nickels_five_cents_2001_d_none,2001,Five Cents,D,Jefferson Nickels,,coin,NO,
ref_coin_jefferson_nickels_five_cents_2001_p_none,2001,Five Cents,P,Jefferson Nickels,,coin,NO,
ref_coin_jefferson_nickels_five_cents_2001_s_none,2001,Five Cents,S,Jefferson Nickels,,coin,NO,
ref_coin_kennedy_half_dollars_half_dollar_2001_d_none,2001,Half Dollar,D,Kennedy Half Dollars,,coin,NO,
ref_coin_kennedy_half_dollars_half_dollar_2001_p_none,2001,Half Dollar,P,Kennedy Half Dollars,,coin,NO,
ref_coin_kennedy_half_dollars_half_dollar_2001_s_none,2001,Half Dollar,S,Kennedy Half Dollars,,coin,NO,
ref_coin_kennedy_half_dollars_half_dollar_2001_s_silver_proof,2001,Half Dollar,S,Kennedy Half Dollars,Silver Proof,coin,NO,
ref_coin_lincoln_cents_one_cent_2001_d_none,2001,One Cent,D,Lincoln Cents,,coin,NO,
ref_coin_lincoln_cents_one_cent_2001_p_none,2001,One Cent,P,Lincoln Cents,,coin,NO,
ref_coin_lincoln_cents_one_cent_2001_s_none,2001,One Cent,S,Lincoln Cents,,coin,NO,
ref_coin_lincoln_memorial_cents_one_cent_2001_d_none,2001,One Cent,D,Lincoln Memorial Cents,,coin,NO,
ref_coin_lincoln_memorial_cents_one_cent_2001_p_none,2001,One Cent,P,Lincoln Memorial Cents,,coin,NO,
ref_coin_lincoln_memorial_cents_one_cent_2001_s_none,2001,One Cent,S,Lincoln Memorial Cents,,coin,NO,
ref_coin_roosevelt_dimes_one_dime_2001_d_none,2001,One Dime,D,Roosevelt Dimes,,coin,NO,
ref_coin_roosevelt_dimes_one_dime_2001_p_none,2001,One Dime,P,Roosevelt Dimes,,coin,NO,
ref_coin_roosevelt_dimes_one_dime_2001_s_clad_proof,2001,One Dime,S,Roosevelt Dimes,Clad Proof,coin,NO,
ref_coin_roosevelt_dimes_one_dime_2001_s_silver_proof,2001,One Dime,S,Roosevelt Dimes,Silver Proof,coin,NO,
ref_coin_sacagawea___native_american_dollars_one_dollar_2001_d_none,2001,One Dollar,D,Sacagawea & Native American Dollars,,coin,NO,
ref_coin_sacagawea___native_american_dollars_one_dollar_2001_p_none,2001,One Dollar,P,Sacagawea & Native American Dollars,,coin,NO,
ref_coin_sacagawea___native_american_dollars_one_dollar_2001_s_none,2001,One Dollar,S,Sacagawea & Native American Dollars,,coin,NO,
ref_coin_type_13628,2001,Quarter Dollar,,Washington Quarters (Classic),"¼ Dollar ""Washington Quarter"" (New York - Silver Proof)",coin,NO,
ref_coin_type_13629,2001,Quarter Dollar,,Washington Quarters (Classic),"¼ Dollar ""Washington Quarter"" (North Carolina - Silver Proof)",coin,NO,
ref_coin_type_13630,2001,Quarter Dollar,,Washington Quarters (Classic),"¼ Dollar ""Washington Quarter"" (Rhode Island - Silver Proof)",coin,NO,
ref_coin_type_13631,2001,Quarter Dollar,,Washington Quarters (Classic),"¼ Dollar ""Washington Quarter"" (Vermont - Silver Proof)",coin,NO,
ref_coin_type_13632,2001,Quarter Dollar,,Washington Quarters (Classic),"¼ Dollar ""Washington Quarter"" (Kentucky - Silver Proof)",coin,NO,
ref_coin_type_32996,2001,Half Dollar,,Modern Commemorative Dollars,½ Dollar (US Capitol Visitor Center),coin,NO,
ref_coin_type_38959,2001,One Dollar,,Modern Commemorative Dollars,1 Dollar (American Buffalo),coin,NO,
ref_coin_type_551567,2001,Half Dollar,,Modern Commemorative Dollars,½ Dollar (Enduring Liberty),coin,NO,
ref_coin_type_551682,2001,Half Dollar,,Modern Commemorative Dollars,½ Dollar (Enduring Liberty; Silver),coin,NO,
ref_coin_type_614,2001,Quarter Dollar,,Washington Quarters (Classic),"¼ Dollar ""Washington Quarter"" (New York)",coin,NO,
ref_coin_type_615,2001,Quarter Dollar,,Washington Quarters (Classic),"¼ Dollar ""Washington Quarter"" (North Carolina)",coin,NO,
ref_coin_type_616,2001,Quarter Dollar,,Washington Quarters (Classic),"¼ Dollar ""Washington Quarter"" (Rhode Island)",coin,NO,
ref_coin_type_617,2001,Quarter Dollar,,Washington Quarters (Classic),"¼ Dollar ""Washington Quarter"" (Vermont)",coin,NO,
ref_coin_type_618,2001,Quarter Dollar,,Washington Quarters (Classic),"¼ Dollar ""Washington Quarter"" (Kentucky)",coin,NO,
ref_coin_50_state_quarters_quarter_dollar_2002_d_indiana,2002,Quarter Dollar,D,50 State Quarters,Indiana,coin,NO,
ref_coin_50_state_quarters_quarter_dollar_2002_d_louisiana,2002,Quarter Dollar,D,50 State Quarters,Louisiana,coin,NO,
ref_coin_50_state_quarters_quarter_dollar_2002_d_mississippi,2002,Quarter Dollar,D,50 State Quarters,Mississippi,coin,NO,
ref_coin_50_state_quarters_quarter_dollar_2002_d_ohio,2002,Quarter Dollar,D,50 State Quarters,Ohio,coin,NO,
ref_coin_50_state_quarters_quarter_dollar_2002_d_tennessee,2002,Quarter Dollar,D,50 State Quarters,Tennessee,coin,NO,
ref_coin_50_state_quarters_quarter_dollar_2002_p_indiana,2002,Quarter Dollar,P,50 State Quarters,Indiana,coin,NO,
ref_coin_50_state_quarters_quarter_dollar_2002_p_louisiana,2002,Quarter Dollar,P,50 State Quarters,Louisiana,coin,NO,
ref_coin_50_state_quarters_quarter_dollar_2002_p_mississippi,2002,Quarter Dollar,P,50 State Quarters,Mississippi,coin,NO,
ref_coin_50_state_quarters_quarter_dollar_2002_p_ohio,2002,Quarter Dollar,P,50 State Quarters,Ohio,coin,NO,
ref_coin_50_state_quarters_quarter_dollar_2002_p_tennessee,2002,Quarter Dollar,P,50 State Quarters,Tennessee,coin,NO,
ref_coin_50_state_quarters_quarter_dollar_2002_s_indiana,2002,Quarter Dollar,S,50 State Quarters,Indiana,coin,NO,
ref_coin_50_state_quarters_quarter_dollar_2002_s_indiana_silver_proof,2002,Quarter Dollar,S,50 State Quarters,Indiana Silver Proof,coin,NO,
ref_coin_50_state_quarters_quarter_dollar_2002_s_louisiana,2002,Quarter Dollar,S,50 State Quarters,Louisiana,coin,NO,
ref_coin_50_state_quarters_quarter_dollar_2002_s_louisiana_silver_proof,2002,Quarter Dollar,S,50 State Quarters,Louisiana Silver Proof,coin,NO,
ref_coin_50_state_quarters_quarter_dollar_2002_s_mississippi,2002,Quarter Dollar,S,50 State Quarters,Mississippi,coin,NO,
ref_coin_50_state_quarters_quarter_dollar_2002_s_mississippi_silver_proof,2002,Quarter Dollar,S,50 State Quarters,Mississippi Silver Proof,coin,NO,
ref_coin_50_state_quarters_quarter_dollar_2002_s_ohio,2002,Quarter Dollar,S,50 State Quarters,Ohio,coin,NO,
ref_coin_50_state_quarters_quarter_dollar_2002_s_ohio_silver_proof,2002,Quarter Dollar,S,50 State Quarters,Ohio Silver Proof,coin,NO,
ref_coin_50_state_quarters_quarter_dollar_2002_s_tennessee,2002,Quarter Dollar,S,50 State Quarters,Tennessee,coin,NO,
ref_coin_50_state_quarters_quarter_dollar_2002_s_tennessee_silver_proof,2002,Quarter Dollar,S,50 State Quarters,Tennessee Silver Proof,coin,NO,
ref_coin_american_silver_eagles_one_dollar_2002_p_none,2002,One Dollar,P,American Silver Eagles,,coin,NO,
ref_coin_american_silver_eagles_one_dollar_2002_w_proof,2002,One Dollar,W,American Silver Eagles,Proof,coin,NO,
ref_coin_jefferson_nickels_five_cents_2002_d_none,2002,Five Cents,D,Jefferson Nickels,,coin,NO,
ref_coin_jefferson_nickels_five_cents_2002_p_none,2002,Five Cents,P,Jefferson Nickels,,coin,NO,
ref_coin_jefferson_nickels_five_cents_2002_s_none,2002,Five Cents,S,Jefferson Nickels,,coin,NO,
ref_coin_kennedy_half_dollars_half_dollar_2002_d_none,2002,Half Dollar,D,Kennedy Half Dollars,,coin,NO,
ref_coin_kennedy_half_dollars_half_dollar_2002_p_none,2002,Half Dollar,P,Kennedy Half Dollars,,coin,NO,
ref_coin_kennedy_half_dollars_half_dollar_2002_s_none,2002,Half Dollar,S,Kennedy Half Dollars,,coin,NO,
ref_coin_kennedy_half_dollars_half_dollar_2002_s_silver_proof,2002,Half Dollar,S,Kennedy Half Dollars,Silver Proof,coin,NO,
ref_coin_lincoln_cents_one_cent_2002_d_none,2002,One Cent,D,Lincoln Cents,,coin,NO,
ref_coin_lincoln_cents_one_cent_2002_p_none,2002,One Cent,P,Lincoln Cents,,coin,NO,
ref_coin_lincoln_cents_one_cent_2002_s_none,2002,One Cent,S,Lincoln Cents,,coin,NO,
ref_coin_lincoln_memorial_cents_one_cent_2002_d_none,2002,One Cent,D,Lincoln Memorial Cents,,coin,NO,
ref_coin_lincoln_memorial_cents_one_cent_2002_p_none,2002,One Cent,P,Lincoln Memorial Cents,,coin,NO,
ref_coin_lincoln_memorial_cents_one_cent_2002_s_none,2002,One Cent,S,Lincoln Memorial Cents,,coin,NO,
ref_coin_roosevelt_dimes_one_dime_2002_d_none,2002,One Dime,D,Roosevelt Dimes,,coin,NO,
ref_coin_roosevelt_dimes_one_dime_2002_p_none,2002,One Dime,P,Roosevelt Dimes,,coin,NO,
ref_coin_roosevelt_dimes_one_dime_2002_s_clad_proof,2002,One Dime,S,Roosevelt Dimes,Clad Proof,coin,NO,
ref_coin_roosevelt_dimes_one_dime_2002_s_silver_proof,2002,One Dime,S,Roosevelt Dimes,Silver Proof,coin,NO,
ref_coin_sacagawea___native_american_dollars_one_dollar_2002_d_none,2002,One Dollar,D,Sacagawea & Native American Dollars,,coin,NO,
ref_coin_sacagawea___native_american_dollars_one_dollar_2002_p_none,2002,One Dollar,P,Sacagawea & Native American Dollars,,coin,NO,
ref_coin_sacagawea___native_american_dollars_one_dollar_2002_s_none,2002,One Dollar,S,Sacagawea & Native American Dollars,,coin,NO,
ref_coin_type_14799,2002,Quarter Dollar,,Washington Quarters (Classic),"¼ Dollar ""Washington Quarter"" (Ohio - Silver Proof)",coin,NO,
ref_coin_type_14800,2002,Quarter Dollar,,Washington Quarters (Classic),"¼ Dollar ""Washington Quarter"" (Tennessee - Silver Proof)",coin,NO,
ref_coin_type_14801,2002,Quarter Dollar,,Washington Quarters (Classic),"¼ Dollar ""Washington Quarter"" (Louisiana - Silver Proof)",coin,NO,
ref_coin_type_14802,2002,Quarter Dollar,,Washington Quarters (Classic),"¼ Dollar ""Washington Quarter"" (Indiana - Silver Proof)",coin,NO,
ref_coin_type_14803,2002,Quarter Dollar,,Washington Quarters (Classic),"¼ Dollar ""Washington Quarter"" (Mississippi - Silver Proof)",coin,NO,
ref_coin_type_25437,2002,One Dollar,W,Modern Commemorative Dollars,1 Dollar (West Point Bicentennial),coin,NO,
ref_coin_type_32515,2002,One Dollar,,Modern Commemorative Dollars,1 Dollar (Salt Lake City Olympic Games),coin,NO,
ref_coin_type_363015,2002,One Dollar,,50 State Quarters,Crater Lake (Oregon),coin,NO,
ref_coin_type_619,2002,Quarter Dollar,,Washington Quarters (Classic),"¼ Dollar ""Washington Quarter"" (Tennessee)",coin,NO,
ref_coin_type_620,2002,Quarter Dollar,,Washington Quarters (Classic),"¼ Dollar ""Washington Quarter"" (Ohio)",coin,NO,
ref_coin_type_621,2002,Quarter Dollar,,Washington Quarters (Classic),"¼ Dollar ""Washington Quarter"" (Louisiana)",coin,NO,
ref_coin_type_622,2002,Quarter Dollar,,Washington Quarters (Classic),"¼ Dollar ""Washington Quarter"" (Indiana)",coin,NO,
ref_coin_type_623,2002,Quarter Dollar,,Washington Quarters (Classic),"¼ Dollar ""Washington Quarter"" (Mississippi)",coin,NO,
ref_coin_50_state_quarters_quarter_dollar_2003_d_alabama,2003,Quarter Dollar,D,50 State Quarters,Alabama,coin,NO,
ref_coin_50_state_quarters_quarter_dollar_2003_d_arkansas,2003,Quarter Dollar,D,50 State Quarters,Arkansas,coin,NO,
ref_coin_50_state_quarters_quarter_dollar_2003_d_illinois,2003,Quarter Dollar,D,50 State Quarters,Illinois,coin,NO,
ref_coin_50_state_quarters_quarter_dollar_2003_d_maine,2003,Quarter Dollar,D,50 State Quarters,Maine,coin,NO,
ref_coin_50_state_quarters_quarter_dollar_2003_d_missouri,2003,Quarter Dollar,D,50 State Quarters,Missouri,coin,NO,
ref_coin_50_state_quarters_quarter_dollar_2003_p_alabama,2003,Quarter Dollar,P,50 State Quarters,Alabama,coin,NO,
ref_coin_50_state_quarters_quarter_dollar_2003_p_arkansas,2003,Quarter Dollar,P,50 State Quarters,Arkansas,coin,NO,
ref_coin_50_state_quarters_quarter_dollar_2003_p_illinois,2003,Quarter Dollar,P,50 State Quarters,Illinois,coin,NO,
ref_coin_50_state_quarters_quarter_dollar_2003_p_maine,2003,Quarter Dollar,P,50 State Quarters,Maine,coin,NO,
ref_coin_50_state_quarters_quarter_dollar_2003_p_missouri,2003,Quarter Dollar,P,50 State Quarters,Missouri,coin,NO,
ref_coin_50_state_quarters_quarter_dollar_2003_s_alabama,2003,Quarter Dollar,S,50 State Quarters,Alabama,coin,NO,
ref_coin_50_state_quarters_quarter_dollar_2003_s_alabama_silver_proof,2003,Quarter Dollar,S,50 State Quarters,Alabama Silver Proof,coin,NO,
ref_coin_50_state_quarters_quarter_dollar_2003_s_arkansas,2003,Quarter Dollar,S,50 State Quarters,Arkansas,coin,NO,
ref_coin_50_state_quarters_quarter_dollar_2003_s_arkansas_silver_proof,2003,Quarter Dollar,S,50 State Quarters,Arkansas Silver Proof,coin,NO,
ref_coin_50_state_quarters_quarter_dollar_2003_s_illinois,2003,Quarter Dollar,S,50 State Quarters,Illinois,coin,NO,
ref_coin_50_state_quarters_quarter_dollar_2003_s_illinois_silver_proof,2003,Quarter Dollar,S,50 State Quarters,Illinois Silver Proof,coin,NO,
ref_coin_50_state_quarters_quarter_dollar_2003_s_maine,2003,Quarter Dollar,S,50 State Quarters,Maine,coin,NO,
ref_coin_50_state_quarters_quarter_dollar_2003_s_maine_silver_proof,2003,Quarter Dollar,S,50 State Quarters,Maine Silver Proof,coin,NO,
ref_coin_50_state_quarters_quarter_dollar_2003_s_missouri,2003,Quarter Dollar,S,50 State Quarters,Missouri,coin,NO,
ref_coin_50_state_quarters_quarter_dollar_2003_s_missouri_silver_proof,2003,Quarter Dollar,S,50 State Quarters,Missouri Silver Proof,coin,NO,
ref_coin_american_silver_eagles_one_dollar_2003_p_none,2003,One Dollar,P,American Silver Eagles,,coin,NO,
ref_coin_american_silver_eagles_one_dollar_2003_w_proof,2003,One Dollar,W,American Silver Eagles,Proof,coin,NO,
ref_coin_jefferson_nickels_five_cents_2003_d_none,2003,Five Cents,D,Jefferson Nickels,,coin,NO,
ref_coin_jefferson_nickels_five_cents_2003_p_none,2003,Five Cents,P,Jefferson Nickels,,coin,NO,
ref_coin_jefferson_nickels_five_cents_2003_s_none,2003,Five Cents,S,Jefferson Nickels,,coin,NO,
ref_coin_kennedy_half_dollars_half_dollar_2003_d_none,2003,Half Dollar,D,Kennedy Half Dollars,,coin,NO,
ref_coin_kennedy_half_dollars_half_dollar_2003_p_none,2003,Half Dollar,P,Kennedy Half Dollars,,coin,NO,
ref_coin_kennedy_half_dollars_half_dollar_2003_s_none,2003,Half Dollar,S,Kennedy Half Dollars,,coin,NO,
ref_coin_kennedy_half_dollars_half_dollar_2003_s_silver_proof,2003,Half Dollar,S,Kennedy Half Dollars,Silver Proof,coin,NO,
ref_coin_lincoln_cents_one_cent_2003_d_none,2003,One Cent,D,Lincoln Cents,,coin,NO,
ref_coin_lincoln_cents_one_cent_2003_p_none,2003,One Cent,P,Lincoln Cents,,coin,NO,
ref_coin_lincoln_cents_one_cent_2003_s_none,2003,One Cent,S,Lincoln Cents,,coin,NO,
ref_coin_lincoln_memorial_cents_one_cent_2003_d_none,2003,One Cent,D,Lincoln Memorial Cents,,coin,NO,
ref_coin_lincoln_memorial_cents_one_cent_2003_p_none,2003,One Cent,P,Lincoln Memorial Cents,,coin,NO,
ref_coin_lincoln_memorial_cents_one_cent_2003_s_none,2003,One Cent,S,Lincoln Memorial Cents,,coin,NO,
ref_coin_roosevelt_dimes_one_dime_2003_d_none,2003,One Dime,D,Roosevelt Dimes,,coin,NO,
ref_coin_roosevelt_dimes_one_dime_2003_p_none,2003,One Dime,P,Roosevelt Dimes,,coin,NO,
ref_coin_roosevelt_dimes_one_dime_2003_s_clad_proof,2003,One Dime,S,Roosevelt Dimes,Clad Proof,coin,NO,
ref_coin_roosevelt_dimes_one_dime_2003_s_silver_proof,2003,One Dime,S,Roosevelt Dimes,Silver Proof,coin,NO,
ref_coin_sacagawea___native_american_dollars_one_dollar_2003_d_none,2003,One Dollar,D,Sacagawea & Native American Dollars,,coin,NO,
ref_coin_sacagawea___native_american_dollars_one_dollar_2003_p_none,2003,One Dollar,P,Sacagawea & Native American Dollars,,coin,NO,
ref_coin_sacagawea___native_american_dollars_one_dollar_2003_s_none,2003,One Dollar,S,Sacagawea & Native American Dollars,,coin,NO,
ref_coin_type_14804,2003,Quarter Dollar,,Washington Quarters (Classic),"¼ Dollar ""Washington Quarter"" (Illinois - Silver Proof)",coin,NO,
ref_coin_type_14805,2003,Quarter Dollar,,Washington Quarters (Classic),"¼ Dollar ""Washington Quarter"" (Alabama - Silver Proof)",coin,NO,
ref_coin_type_14806,2003,Quarter Dollar,,Washington Quarters (Classic),"¼ Dollar ""Washington Quarter"" (Maine - Silver Proof)",coin,NO,
ref_coin_type_14807,2003,Quarter Dollar,,Washington Quarters (Classic),"¼ Dollar ""Washington Quarter"" (Missouri - Silver Proof)",coin,NO,
ref_coin_type_14808,2003,Quarter Dollar,,Washington Quarters (Classic),"¼ Dollar ""Washington Quarter"" (Arkansas - Silver Proof)",coin,NO,
ref_coin_type_25438,2003,One Dollar,,Modern Commemorative Dollars,1 Dollar (First Flight Centennial),coin,NO,
ref_coin_type_44904,2003,Half Dollar,,Early Commemorative Half Dollars,½ Dollar (First Flight Centennial),coin,NO,
ref_coin_type_624,2003,Quarter Dollar,,Washington Quarters (Classic),"¼ Dollar ""Washington Quarter"" (Illinois)",coin,NO,
ref_coin_type_625,2003,Quarter Dollar,,Washington Quarters (Classic),"¼ Dollar ""Washington Quarter"" (Alabama)",coin,NO,
ref_coin_type_626,2003,Quarter Dollar,,Washington Quarters (Classic),"¼ Dollar ""Washington Quarter"" (Maine)",coin,NO,
ref_coin_type_627,2003,Quarter Dollar,,Washington Quarters (Classic),"¼ Dollar ""Washington Quarter"" (Missouri)",coin,NO,
ref_coin_type_628,2003,Quarter Dollar,,Washington Quarters (Classic),"¼ Dollar ""Washington Quarter"" (Arkansas)",coin,NO,
ref_coin_50_state_quarters_quarter_dollar_2004_d_florida,2004,Quarter Dollar,D,50 State Quarters,Florida,coin,NO,
ref_coin_50_state_quarters_quarter_dollar_2004_d_iowa,2004,Quarter Dollar,D,50 State Quarters,Iowa,coin,NO,
ref_coin_50_state_quarters_quarter_dollar_2004_d_michigan,2004,Quarter Dollar,D,50 State Quarters,Michigan,coin,NO,
ref_coin_50_state_quarters_quarter_dollar_2004_d_texas,2004,Quarter Dollar,D,50 State Quarters,Texas,coin,NO,
ref_coin_50_state_quarters_quarter_dollar_2004_d_wisconsin,2004,Quarter Dollar,D,50 State Quarters,Wisconsin,coin,NO,
ref_coin_50_state_quarters_quarter_dollar_2004_d_wisconsin__extra_leaf_high,2004,Quarter Dollar,D,50 State Quarters,Wisconsin (Extra Leaf High),coin,NO,
ref_coin_50_state_quarters_quarter_dollar_2004_d_wisconsin__extra_leaf_low,2004,Quarter Dollar,D,50 State Quarters,Wisconsin (Extra Leaf Low),coin,NO,
ref_coin_50_state_quarters_quarter_dollar_2004_p_florida,2004,Quarter Dollar,P,50 State Quarters,Florida,coin,NO,
ref_coin_50_state_quarters_quarter_dollar_2004_p_iowa,2004,Quarter Dollar,P,50 State Quarters,Iowa,coin,NO,
ref_coin_50_state_quarters_quarter_dollar_2004_p_michigan,2004,Quarter Dollar,P,50 State Quarters,Michigan,coin,NO,
ref_coin_50_state_quarters_quarter_dollar_2004_p_texas,2004,Quarter Dollar,P,50 State Quarters,Texas,coin,NO,
ref_coin_50_state_quarters_quarter_dollar_2004_p_wisconsin,2004,Quarter Dollar,P,50 State Quarters,Wisconsin,coin,NO,
ref_coin_50_state_quarters_quarter_dollar_2004_s_florida,2004,Quarter Dollar,S,50 State Quarters,Florida,coin,NO,
ref_coin_50_state_quarters_quarter_dollar_2004_s_florida__silver,2004,Quarter Dollar,S,50 State Quarters,Florida (Silver),coin,NO,
ref_coin_50_state_quarters_quarter_dollar_2004_s_iowa,2004,Quarter Dollar,S,50 State Quarters,Iowa,coin,NO,
ref_coin_50_state_quarters_quarter_dollar_2004_s_iowa__silver,2004,Quarter Dollar,S,50 State Quarters,Iowa (Silver),coin,NO,
ref_coin_50_state_quarters_quarter_dollar_2004_s_michigan,2004,Quarter Dollar,S,50 State Quarters,Michigan,coin,NO,
ref_coin_50_state_quarters_quarter_dollar_2004_s_michigan__silver,2004,Quarter Dollar,S,50 State Quarters,Michigan (Silver),coin,NO,
ref_coin_50_state_quarters_quarter_dollar_2004_s_texas,2004,Quarter Dollar,S,50 State Quarters,Texas,coin,NO,
ref_coin_50_state_quarters_quarter_dollar_2004_s_texas__silver,2004,Quarter Dollar,S,50 State Quarters,Texas (Silver),coin,NO,
ref_coin_50_state_quarters_quarter_dollar_2004_s_wisconsin,2004,Quarter Dollar,S,50 State Quarters,Wisconsin,coin,NO,
ref_coin_50_state_quarters_quarter_dollar_2004_s_wisconsin__silver,2004,Quarter Dollar,S,50 State Quarters,Wisconsin (Silver),coin,NO,
ref_coin_american_silver_eagles_one_dollar_2004_p_none,2004,One Dollar,P,American Silver Eagles,,coin,NO,
ref_coin_american_silver_eagles_one_dollar_2004_w_proof,2004,One Dollar,W,American Silver Eagles,Proof,coin,NO,
ref_coin_jefferson_nickels_five_cents_2004_d_keelboat,2004,Five Cents,D,Jefferson Nickels,Keelboat,coin,NO,
ref_coin_jefferson_nickels_five_cents_2004_d_peace_medal,2004,Five Cents,D,Jefferson Nickels,Peace Medal,coin,NO,
ref_coin_jefferson_nickels_five_cents_2004_p_keelboat,2004,Five Cents,P,Jefferson Nickels,Keelboat,coin,NO,
ref_coin_jefferson_nickels_five_cents_2004_p_peace_medal,2004,Five Cents,P,Jefferson Nickels,Peace Medal,coin,NO,
ref_coin_jefferson_nickels_five_cents_2004_s_keelboat,2004,Five Cents,S,Jefferson Nickels,Keelboat,coin,NO,
ref_coin_jefferson_nickels_five_cents_2004_s_peace_medal,2004,Five Cents,S,Jefferson Nickels,Peace Medal,coin,NO,
ref_coin_kennedy_half_dollars_half_dollar_2004_d_none,2004,Half Dollar,D,Kennedy Half Dollars,,coin,NO,
ref_coin_kennedy_half_dollars_half_dollar_2004_p_none,2004,Half Dollar,P,Kennedy Half Dollars,,coin,NO,
ref_coin_kennedy_half_dollars_half_dollar_2004_s_none,2004,Half Dollar,S,Kennedy Half Dollars,,coin,NO,
ref_coin_kennedy_half_dollars_half_dollar_2004_s_silver_proof,2004,Half Dollar,S,Kennedy Half Dollars,Silver Proof,coin,NO,
ref_coin_lincoln_cents_one_cent_2004_d_none,2004,One Cent,D,Lincoln Cents,,coin,NO,
ref_coin_lincoln_cents_one_cent_2004_p_none,2004,One Cent,P,Lincoln Cents,,coin,NO,
ref_coin_lincoln_cents_one_cent_2004_s_none,2004,One Cent,S,Lincoln Cents,,coin,NO,
ref_coin_lincoln_memorial_cents_one_cent_2004_d_none,2004,One Cent,D,Lincoln Memorial Cents,,coin,NO,
ref_coin_lincoln_memorial_cents_one_cent_2004_p_none,2004,One Cent,P,Lincoln Memorial Cents,,coin,NO,
ref_coin_lincoln_memorial_cents_one_cent_2004_s_none,2004,One Cent,S,Lincoln Memorial Cents,,coin,NO,
ref_coin_roosevelt_dimes_one_dime_2004_d_none,2004,One Dime,D,Roosevelt Dimes,,coin,NO,
ref_coin_roosevelt_dimes_one_dime_2004_p_none,2004,One Dime,P,Roosevelt Dimes,,coin,NO,
ref_coin_roosevelt_dimes_one_dime_2004_s_clad_proof,2004,One Dime,S,Roosevelt Dimes,Clad Proof,coin,NO,
ref_coin_roosevelt_dimes_one_dime_2004_s_silver_proof,2004,One Dime,S,Roosevelt Dimes,Silver Proof,coin,NO,
ref_coin_sacagawea___native_american_dollars_one_dollar_2004_d_none,2004,One Dollar,D,Sacagawea & Native American Dollars,,coin,NO,
ref_coin_sacagawea___native_american_dollars_one_dollar_2004_p_none,2004,One Dollar,P,Sacagawea & Native American Dollars,,coin,NO,
ref_coin_sacagawea___native_american_dollars_one_dollar_2004_s_none,2004,One Dollar,S,Sacagawea & Native American Dollars,,coin,NO,
ref_coin_type_14809,2004,Quarter Dollar,,Washington Quarters (Classic),"¼ Dollar ""Washington Quarter"" (Michigan - Silver Proof)",coin,NO,
ref_coin_type_14810,2004,Quarter Dollar,,Washington Quarters (Classic),"¼ Dollar ""Washington Quarter"" (Florida - Silver Proof)",coin,NO,
ref_coin_type_14811,2004,Quarter Dollar,,Washington Quarters (Classic),"¼ Dollar ""Washington Quarter"" (Texas - Silver Proof)",coin,NO,
ref_coin_type_14812,2004,Quarter Dollar,,Washington Quarters (Classic),"¼ Dollar ""Washington Quarter"" (Iowa - Silver Proof)",coin,NO,
ref_coin_type_14813,2004,Quarter Dollar,,Washington Quarters (Classic),"¼ Dollar ""Washington Quarter"" (Wisconsin - Silver Proof)",coin,NO,
ref_coin_type_183799,2004,One Dollar,,Modern Commemorative Dollars,1 Dollar (Freedom Tower),coin,NO,
ref_coin_type_19862,2004,One Dollar,,Modern Commemorative Dollars,1 Dollar (Thomas Alva Edison),coin,NO,
ref_coin_type_20293,2004,One Dollar,,Modern Commemorative Dollars,1 Dollar (Lewis and Clark Bicentennial),coin,NO,
ref_coin_type_33198,2004,One Dollar,,Modern Commemorative Dollars,1 Dollar (Freedom Tower),coin,NO,
ref_coin_type_33368,2004,One Dollar,,Modern Commemorative Dollars,1 Dollar (Petrus),coin,NO,
ref_coin_type_33387,2004,One Dollar,,Modern Commemorative Dollars,1 Dollar (German Colony),coin,NO,
ref_coin_type_35924,2004,One Dollar,,Modern Commemorative Dollars,1 Dollar (Pope Leo III),coin,NO,
ref_coin_type_43695,2004,One Dollar,,Modern Commemorative Dollars,1 Dollar (Pope John Paul II),coin,NO,
ref_coin_type_44486,2004,One Dollar,,Modern Commemorative Dollars,1 Dollar (Hillary Rodham Clinton),coin,NO,
ref_coin_type_46,2004,Five Cents,,Jefferson Nickels,"5 Cents ""Jefferson Nickel"" (Louisiana Purchase)",coin,NO,
ref_coin_type_47,2004,Five Cents,,Jefferson Nickels,"5 Cents ""Jefferson Nickel"" (Westward Journey, Keelboat)",coin,NO,
ref_coin_type_629,2004,Quarter Dollar,,Washington Quarters (Classic),"¼ Dollar ""Washington Quarter"" (Michigan)",coin,NO,
ref_coin_type_630,2004,Quarter Dollar,,Washington Quarters (Classic),"¼ Dollar ""Washington Quarter"" (Florida)",coin,NO,
ref_coin_type_631,2004,Quarter Dollar,,Washington Quarters (Classic),"¼ Dollar ""Washington Quarter"" (Texas)",coin,NO,
ref_coin_type_632,2004,Quarter Dollar,,Washington Quarters (Classic),"¼ Dollar ""Washington Quarter"" (Iowa)",coin,NO,
ref_coin_type_633,2004,Quarter Dollar,,Washington Quarters (Classic),"¼ Dollar ""Washington Quarter"" (Wisconsin)",coin,NO,
ref_coin_50_state_quarters_quarter_dollar_2005_d_california,2005,Quarter Dollar,D,50 State Quarters,California,coin,NO,
ref_coin_50_state_quarters_quarter_dollar_2005_d_kansas,2005,Quarter Dollar,D,50 State Quarters,Kansas,coin,NO,
ref_coin_50_state_quarters_quarter_dollar_2005_d_minnesota,2005,Quarter Dollar,D,50 State Quarters,Minnesota,coin,NO,
ref_coin_50_state_quarters_quarter_dollar_2005_d_oregon,2005,Quarter Dollar,D,50 State Quarters,Oregon,coin,NO,
ref_coin_50_state_quarters_quarter_dollar_2005_d_west_virginia,2005,Quarter Dollar,D,50 State Quarters,West Virginia,coin,NO,
ref_coin_50_state_quarters_quarter_dollar_2005_p_california,2005,Quarter Dollar,P,50 State Quarters,California,coin,NO,
ref_coin_50_state_quarters_quarter_dollar_2005_p_kansas,2005,Quarter Dollar,P,50 State Quarters,Kansas,coin,NO,
ref_coin_50_state_quarters_quarter_dollar_2005_p_kansas___in_god_we_rust,2005,Quarter Dollar,P,50 State Quarters,Kansas ('In God We Rust'),coin,NO,
ref_coin_50_state_quarters_quarter_dollar_2005_p_minnesota,2005,Quarter Dollar,P,50 State Quarters,Minnesota,coin,NO,
ref_coin_50_state_quarters_quarter_dollar_2005_p_minnesota__doubled_die_reverse,2005,Quarter Dollar,P,50 State Quarters,Minnesota (Doubled Die Reverse),coin,NO,
ref_coin_50_state_quarters_quarter_dollar_2005_p_oregon,2005,Quarter Dollar,P,50 State Quarters,Oregon,coin,NO,
ref_coin_50_state_quarters_quarter_dollar_2005_p_west_virginia,2005,Quarter Dollar,P,50 State Quarters,West Virginia,coin,NO,
ref_coin_50_state_quarters_quarter_dollar_2005_s_california,2005,Quarter Dollar,S,50 State Quarters,California,coin,NO,
ref_coin_50_state_quarters_quarter_dollar_2005_s_california__silver,2005,Quarter Dollar,S,50 State Quarters,California (Silver),coin,NO,
ref_coin_50_state_quarters_quarter_dollar_2005_s_kansas,2005,Quarter Dollar,S,50 State Quarters,Kansas,coin,NO,
ref_coin_50_state_quarters_quarter_dollar_2005_s_kansas__silver,2005,Quarter Dollar,S,50 State Quarters,Kansas (Silver),coin,NO,
ref_coin_50_state_quarters_quarter_dollar_2005_s_minnesota,2005,Quarter Dollar,S,50 State Quarters,Minnesota,coin,NO,
ref_coin_50_state_quarters_quarter_dollar_2005_s_minnesota__silver,2005,Quarter Dollar,S,50 State Quarters,Minnesota (Silver),coin,NO,
ref_coin_50_state_quarters_quarter_dollar_2005_s_oregon,2005,Quarter Dollar,S,50 State Quarters,Oregon,coin,NO,
ref_coin_50_state_quarters_quarter_dollar_2005_s_oregon__silver,2005,Quarter Dollar,S,50 State Quarters,Oregon (Silver),coin,NO,
ref_coin_50_state_quarters_quarter_dollar_2005_s_west_virginia,2005,Quarter Dollar,S,50 State Quarters,West Virginia,coin,NO,
ref_coin_50_state_quarters_quarter_dollar_2005_s_west_virginia__silver,2005,Quarter Dollar,S,50 State Quarters,West Virginia (Silver),coin,NO,
ref_coin_american_silver_eagles_one_dollar_2005_p_none,2005,One Dollar,P,American Silver Eagles,,coin,NO,
ref_coin_american_silver_eagles_one_dollar_2005_w_proof,2005,One Dollar,W,American Silver Eagles,Proof,coin,NO,
ref_coin_jefferson_nickels_five_cents_2005_d_american_bison,2005,Five Cents,D,Jefferson Nickels,American Bison,coin,NO,
ref_coin_jefferson_nickels_five_cents_2005_d_american_bison___speared_bison,2005,Five Cents,D,Jefferson Nickels,American Bison - Speared Bison,coin,NO,
ref_coin_jefferson_nickels_five_cents_2005_d_ocean_in_view,2005,Five Cents,D,Jefferson Nickels,Ocean in View,coin,NO,
ref_coin_jefferson_nickels_five_cents_2005_p_american_bison,2005,Five Cents,P,Jefferson Nickels,American Bison,coin,NO,
ref_coin_jefferson_nickels_five_cents_2005_p_ocean_in_view,2005,Five Cents,P,Jefferson Nickels,Ocean in View,coin,NO,
ref_coin_jefferson_nickels_five_cents_2005_s_american_bison,2005,Five Cents,S,Jefferson Nickels,American Bison,coin,NO,
ref_coin_jefferson_nickels_five_cents_2005_s_ocean_in_view,2005,Five Cents,S,Jefferson Nickels,Ocean in View,coin,NO,
ref_coin_kennedy_half_dollars_half_dollar_2005_d_none,2005,Half Dollar,D,Kennedy Half Dollars,,coin,NO,
ref_coin_kennedy_half_dollars_half_dollar_2005_d_satin_finish,2005,Half Dollar,D,Kennedy Half Dollars,Satin Finish,coin,NO,
ref_coin_kennedy_half_dollars_half_dollar_2005_p_none,2005,Half Dollar,P,Kennedy Half Dollars,,coin,NO,
ref_coin_kennedy_half_dollars_half_dollar_2005_p_satin_finish,2005,Half Dollar,P,Kennedy Half Dollars,Satin Finish,coin,NO,
ref_coin_kennedy_half_dollars_half_dollar_2005_s_none,2005,Half Dollar,S,Kennedy Half Dollars,,coin,NO,
ref_coin_kennedy_half_dollars_half_dollar_2005_s_silver_proof,2005,Half Dollar,S,Kennedy Half Dollars,Silver Proof,coin,NO,
ref_coin_lincoln_cents_one_cent_2005_d_none,2005,One Cent,D,Lincoln Cents,,coin,NO,
ref_coin_lincoln_cents_one_cent_2005_d_satin_finish,2005,One Cent,D,Lincoln Cents,Satin Finish,coin,NO,
ref_coin_lincoln_cents_one_cent_2005_p_none,2005,One Cent,P,Lincoln Cents,,coin,NO,
ref_coin_lincoln_cents_one_cent_2005_p_satin_finish,2005,One Cent,P,Lincoln Cents,Satin Finish,coin,NO,
ref_coin_lincoln_cents_one_cent_2005_s_none,2005,One Cent,S,Lincoln Cents,,coin,NO,
ref_coin_lincoln_memorial_cents_one_cent_2005_d_none,2005,One Cent,D,Lincoln Memorial Cents,,coin,NO,
ref_coin_lincoln_memorial_cents_one_cent_2005_p_none,2005,One Cent,P,Lincoln Memorial Cents,,coin,NO,
ref_coin_lincoln_memorial_cents_one_cent_2005_s_none,2005,One Cent,S,Lincoln Memorial Cents,,coin,NO,
ref_coin_roosevelt_dimes_one_dime_2005_d_none,2005,One Dime,D,Roosevelt Dimes,,coin,NO,
ref_coin_roosevelt_dimes_one_dime_2005_p_none,2005,One Dime,P,Roosevelt Dimes,,coin,NO,
ref_coin_roosevelt_dimes_one_dime_2005_s_clad_proof,2005,One Dime,S,Roosevelt Dimes,Clad Proof,coin,NO,
ref_coin_roosevelt_dimes_one_dime_2005_s_silver_proof,2005,One Dime,S,Roosevelt Dimes,Silver Proof,coin,NO,
ref_coin_sacagawea___native_american_dollars_one_dollar_2005_d_none,2005,One Dollar,D,Sacagawea & Native American Dollars,,coin,NO,
ref_coin_sacagawea___native_american_dollars_one_dollar_2005_d_satin_finish,2005,One Dollar,D,Sacagawea & Native American Dollars,Satin Finish,coin,NO,
ref_coin_sacagawea___native_american_dollars_one_dollar_2005_p_none,2005,One Dollar,P,Sacagawea & Native American Dollars,,coin,NO,
ref_coin_sacagawea___native_american_dollars_one_dollar_2005_p_satin_finish,2005,One Dollar,P,Sacagawea & Native American Dollars,Satin Finish,coin,NO,
ref_coin_sacagawea___native_american_dollars_one_dollar_2005_s_none,2005,One Dollar,S,Sacagawea & Native American Dollars,,coin,NO,
ref_coin_type_14814,2005,Quarter Dollar,,Washington Quarters (Classic),"¼ Dollar ""Washington Quarter"" (California - Silver Proof)",coin,NO,
ref_coin_type_14815,2005,Quarter Dollar,,Washington Quarters (Classic),"¼ Dollar ""Washington Quarter"" (Minnesota - Silver Proof)",coin,NO,
ref_coin_type_14879,2005,Quarter Dollar,,Washington Quarters (Classic),"¼ Dollar ""Washington Quarter"" (Oregon - Silver Proof)",coin,NO,
ref_coin_type_14880,2005,Quarter Dollar,,Washington Quarters (Classic),"¼ Dollar ""Washington Quarter"" (Kansas - Silver Proof)",coin,NO,
ref_coin_type_14881,2005,Quarter Dollar,,Washington Quarters (Classic),"¼ Dollar ""Washington Quarter"" (West Virginia - Silver Proof)",coin,NO,
ref_coin_type_25439,2005,One Dollar,,Modern Commemorative Dollars,1 Dollar (Marine Corps 230th Anniversary),coin,NO,
ref_coin_type_48,2005,Five Cents,,Jefferson Nickels,"5 Cents ""Jefferson Nickel"" (Westward Journey, Bison)",coin,NO,
ref_coin_type_49,2005,Five Cents,,Jefferson Nickels,"5 Cents ""Jefferson Nickel"" (Westward Journey, Ocean View)",coin,NO,
ref_coin_type_634,2005,Quarter Dollar,,Washington Quarters (Classic),"¼ Dollar ""Washington Quarter"" (California)",coin,NO,
ref_coin_type_635,2005,Quarter Dollar,,Washington Quarters (Classic),"¼ Dollar ""Washington Quarter"" (Minnesota)",coin,NO,
ref_coin_type_636,2005,Quarter Dollar,,Washington Quarters (Classic),"¼ Dollar ""Washington Quarter"" (Oregon)",coin,NO,
ref_coin_type_637,2005,Quarter Dollar,,Washington Quarters (Classic),"¼ Dollar ""Washington Quarter"" (Kansas)",coin,NO,
ref_coin_type_638,2005,Quarter Dollar,,Washington Quarters (Classic),"¼ Dollar ""Washington Quarter"" (West Virginia)",coin,NO,
ref_coin_50_state_quarters_quarter_dollar_2006_d_colorado,2006,Quarter Dollar,D,50 State Quarters,Colorado,coin,NO,
ref_coin_50_state_quarters_quarter_dollar_2006_d_nebraska,2006,Quarter Dollar,D,50 State Quarters,Nebraska,coin,NO,
ref_coin_50_state_quarters_quarter_dollar_2006_d_nevada,2006,Quarter Dollar,D,50 State Quarters,Nevada,coin,NO,
ref_coin_50_state_quarters_quarter_dollar_2006_d_north_dakota,2006,Quarter Dollar,D,50 State Quarters,North Dakota,coin,NO,
ref_coin_50_state_quarters_quarter_dollar_2006_d_south_dakota,2006,Quarter Dollar,D,50 State Quarters,South Dakota,coin,NO,
ref_coin_50_state_quarters_quarter_dollar_2006_p_colorado,2006,Quarter Dollar,P,50 State Quarters,Colorado,coin,NO,
ref_coin_50_state_quarters_quarter_dollar_2006_p_nebraska,2006,Quarter Dollar,P,50 State Quarters,Nebraska,coin,NO,
ref_coin_50_state_quarters_quarter_dollar_2006_p_nevada,2006,Quarter Dollar,P,50 State Quarters,Nevada,coin,NO,
ref_coin_50_state_quarters_quarter_dollar_2006_p_north_dakota,2006,Quarter Dollar,P,50 State Quarters,North Dakota,coin,NO,
ref_coin_50_state_quarters_quarter_dollar_2006_p_south_dakota,2006,Quarter Dollar,P,50 State Quarters,South Dakota,coin,NO,
ref_coin_50_state_quarters_quarter_dollar_2006_s_colorado,2006,Quarter Dollar,S,50 State Quarters,Colorado,coin,NO,
ref_coin_50_state_quarters_quarter_dollar_2006_s_colorado__silver,2006,Quarter Dollar,S,50 State Quarters,Colorado (Silver),coin,NO,
ref_coin_50_state_quarters_quarter_dollar_2006_s_nebraska,2006,Quarter Dollar,S,50 State Quarters,Nebraska,coin,NO,
ref_coin_50_state_quarters_quarter_dollar_2006_s_nebraska__silver,2006,Quarter Dollar,S,50 State Quarters,Nebraska (Silver),coin,NO,
ref_coin_50_state_quarters_quarter_dollar_2006_s_nevada,2006,Quarter Dollar,S,50 State Quarters,Nevada,coin,NO,
ref_coin_50_state_quarters_quarter_dollar_2006_s_nevada__silver,2006,Quarter Dollar,S,50 State Quarters,Nevada (Silver),coin,NO,
ref_coin_50_state_quarters_quarter_dollar_2006_s_north_dakota,2006,Quarter Dollar,S,50 State Quarters,North Dakota,coin,NO,
ref_coin_50_state_quarters_quarter_dollar_2006_s_north_dakota__silver,2006,Quarter Dollar,S,50 State Quarters,North Dakota (Silver),coin,NO,
ref_coin_50_state_quarters_quarter_dollar_2006_s_south_dakota,2006,Quarter Dollar,S,50 State Quarters,South Dakota,coin,NO,
ref_coin_50_state_quarters_quarter_dollar_2006_s_south_dakota__silver,2006,Quarter Dollar,S,50 State Quarters,South Dakota (Silver),coin,NO,
ref_coin_american_silver_eagles_one_dollar_2006_p_none,2006,One Dollar,P,American Silver Eagles,,coin,NO,
ref_coin_american_silver_eagles_one_dollar_2006_p_reverse_proof,2006,One Dollar,P,American Silver Eagles,Reverse Proof,coin,NO,
ref_coin_american_silver_eagles_one_dollar_2006_w_burnished_uncirculated,2006,One Dollar,W,American Silver Eagles,Burnished Uncirculated,coin,NO,
ref_coin_american_silver_eagles_one_dollar_2006_w_proof,2006,One Dollar,W,American Silver Eagles,Proof,coin,NO,
ref_coin_jefferson_nickels_five_cents_2006_d_none,2006,Five Cents,D,Jefferson Nickels,,coin,NO,
ref_coin_jefferson_nickels_five_cents_2006_p_none,2006,Five Cents,P,Jefferson Nickels,,coin,NO,
ref_coin_jefferson_nickels_five_cents_2006_s_none,2006,Five Cents,S,Jefferson Nickels,,coin,NO,
ref_coin_kennedy_half_dollars_half_dollar_2006_d_none,2006,Half Dollar,D,Kennedy Half Dollars,,coin,NO,
ref_coin_kennedy_half_dollars_half_dollar_2006_d_satin_finish,2006,Half Dollar,D,Kennedy Half Dollars,Satin Finish,coin,NO,
ref_coin_kennedy_half_dollars_half_dollar_2006_p_none,2006,Half Dollar,P,Kennedy Half Dollars,,coin,NO,
ref_coin_kennedy_half_dollars_half_dollar_2006_p_satin_finish,2006,Half Dollar,P,Kennedy Half Dollars,Satin Finish,coin,NO,
ref_coin_kennedy_half_dollars_half_dollar_2006_s_none,2006,Half Dollar,S,Kennedy Half Dollars,,coin,NO,
ref_coin_kennedy_half_dollars_half_dollar_2006_s_silver_proof,2006,Half Dollar,S,Kennedy Half Dollars,Silver Proof,coin,NO,
ref_coin_lincoln_cents_one_cent_2006_d_none,2006,One Cent,D,Lincoln Cents,,coin,NO,
ref_coin_lincoln_cents_one_cent_2006_d_satin_finish,2006,One Cent,D,Lincoln Cents,Satin Finish,coin,NO,
ref_coin_lincoln_cents_one_cent_2006_p_doubled_die_obverse,2006,One Cent,P,Lincoln Cents,Doubled Die Obverse,coin,NO,
ref_coin_lincoln_cents_one_cent_2006_p_none,2006,One Cent,P,Lincoln Cents,,coin,NO,
ref_coin_lincoln_cents_one_cent_2006_p_satin_finish,2006,One Cent,P,Lincoln Cents,Satin Finish,coin,NO,
ref_coin_lincoln_cents_one_cent_2006_s_none,2006,One Cent,S,Lincoln Cents,,coin,NO,
ref_coin_lincoln_memorial_cents_one_cent_2006_d_none,2006,One Cent,D,Lincoln Memorial Cents,,coin,NO,
ref_coin_lincoln_memorial_cents_one_cent_2006_p_doubled_die_obverse,2006,One Cent,P,Lincoln Memorial Cents,Doubled Die Obverse,coin,NO,
ref_coin_lincoln_memorial_cents_one_cent_2006_p_none,2006,One Cent,P,Lincoln Memorial Cents,,coin,NO,
ref_coin_lincoln_memorial_cents_one_cent_2006_s_none,2006,One Cent,S,Lincoln Memorial Cents,,coin,NO,
ref_coin_roosevelt_dimes_one_dime_2006_d_none,2006,One Dime,D,Roosevelt Dimes,,coin,NO,
ref_coin_roosevelt_dimes_one_dime_2006_p_none,2006,One Dime,P,Roosevelt Dimes,,coin,NO,
ref_coin_roosevelt_dimes_one_dime_2006_s_clad_proof,2006,One Dime,S,Roosevelt Dimes,Clad Proof,coin,NO,
ref_coin_roosevelt_dimes_one_dime_2006_s_silver_proof,2006,One Dime,S,Roosevelt Dimes,Silver Proof,coin,NO,
ref_coin_sacagawea___native_american_dollars_one_dollar_2006_d_none,2006,One Dollar,D,Sacagawea & Native American Dollars,,coin,NO,
ref_coin_sacagawea___native_american_dollars_one_dollar_2006_d_satin_finish,2006,One Dollar,D,Sacagawea & Native American Dollars,Satin Finish,coin,NO,
ref_coin_sacagawea___native_american_dollars_one_dollar_2006_p_none,2006,One Dollar,P,Sacagawea & Native American Dollars,,coin,NO,
ref_coin_sacagawea___native_american_dollars_one_dollar_2006_p_satin_finish,2006,One Dollar,P,Sacagawea & Native American Dollars,Satin Finish,coin,NO,
ref_coin_sacagawea___native_american_dollars_one_dollar_2006_s_none,2006,One Dollar,S,Sacagawea & Native American Dollars,,coin,NO,
ref_coin_type_14882,2006,Quarter Dollar,,Washington Quarters (Classic),"¼ Dollar ""Washington Quarter"" (Nevada - Silver Proof)",coin,NO,
ref_coin_type_14883,2006,Quarter Dollar,,Washington Quarters (Classic),"¼ Dollar ""Washington Quarter"" (Nebraska - Silver Proof)",coin,NO,
ref_coin_type_14884,2006,Quarter Dollar,,Washington Quarters (Classic),"¼ Dollar ""Washington Quarter"" (Colorado - Silver Proof)",coin,NO,
ref_coin_type_14885,2006,Quarter Dollar,,Washington Quarters (Classic),"¼ Dollar ""Washington Quarter"" (North Dakota - Silver Proof)",coin,NO,
ref_coin_type_14886,2006,Quarter Dollar,,Washington Quarters (Classic),"¼ Dollar ""Washington Quarter"" (South Dakota - Silver Proof)",coin,NO,
ref_coin_type_18451,2006,Fifty Dollars,,American Buffalo,"50 Dollars ""American Buffalo"" (Gold Bullion Coinage)",coin,NO,
ref_coin_type_20292,2006,One Dollar,S,Modern Commemorative Dollars,1 Dollar (San Francisco Old Mint Centennial),coin,NO,
ref_coin_type_25452,2006,One Dollar,,Franklin Half Dollars,"1 Dollar (Benjamin Franklin Tercentenary, Scientist)",coin,NO,
ref_coin_type_25453,2006,One Dollar,,Franklin Half Dollars,"1 Dollar (Benjamin Franklin Tercentenary, Founding Father)",coin,NO,
ref_coin_type_50,2006,Five Cents,,Jefferson Nickels,"5 Cents ""Jefferson Nickel"" (2nd portrait, Return to Monticello)",coin,NO,
ref_coin_type_557585,2006,Five Cents,,Jefferson Nickels,"5 Cents ""Jefferson Nickel"" (2nd portrait, Return to Monticello)",coin,NO,
ref_coin_type_639,2006,Quarter Dollar,,Washington Quarters (Classic),"¼ Dollar ""Washington Quarter"" (Nevada)",coin,NO,
ref_coin_type_640,2006,Quarter Dollar,,Washington Quarters (Classic),"¼ Dollar ""Washington Quarter"" (Nebraska)",coin,NO,
ref_coin_type_641,2006,Quarter Dollar,,Washington Quarters (Classic),"¼ Dollar ""Washington Quarter"" (Colorado)",coin,NO,
ref_coin_type_642,2006,Quarter Dollar,,Washington Quarters (Classic),"¼ Dollar ""Washington Quarter"" (North Dakota)",coin,NO,
ref_coin_type_643,2006,Quarter Dollar,,Washington Quarters (Classic),"¼ Dollar ""Washington Quarter"" (South Dakota)",coin,NO,
ref_coin_50_state_quarters_quarter_dollar_2007_d_idaho,2007,Quarter Dollar,D,50 State Quarters,Idaho,coin,NO,
ref_coin_50_state_quarters_quarter_dollar_2007_d_montana,2007,Quarter Dollar,D,50 State Quarters,Montana,coin,NO,
ref_coin_50_state_quarters_quarter_dollar_2007_d_utah,2007,Quarter Dollar,D,50 State Quarters,Utah,coin,NO,
ref_coin_50_state_quarters_quarter_dollar_2007_d_washington,2007,Quarter Dollar,D,50 State Quarters,Washington,coin,NO,
ref_coin_50_state_quarters_quarter_dollar_2007_d_wyoming,2007,Quarter Dollar,D,50 State Quarters,Wyoming,coin,NO,
ref_coin_50_state_quarters_quarter_dollar_2007_p_idaho,2007,Quarter Dollar,P,50 State Quarters,Idaho,coin,NO,
ref_coin_50_state_quarters_quarter_dollar_2007_p_montana,2007,Quarter Dollar,P,50 State Quarters,Montana,coin,NO,
ref_coin_50_state_quarters_quarter_dollar_2007_p_utah,2007,Quarter Dollar,P,50 State Quarters,Utah,coin,NO,
ref_coin_50_state_quarters_quarter_dollar_2007_p_washington,2007,Quarter Dollar,P,50 State Quarters,Washington,coin,NO,
ref_coin_50_state_quarters_quarter_dollar_2007_p_wyoming,2007,Quarter Dollar,P,50 State Quarters,Wyoming,coin,NO,
ref_coin_50_state_quarters_quarter_dollar_2007_s_idaho,2007,Quarter Dollar,S,50 State Quarters,Idaho,coin,NO,
ref_coin_50_state_quarters_quarter_dollar_2007_s_idaho__silver,2007,Quarter Dollar,S,50 State Quarters,Idaho (Silver),coin,NO,
ref_coin_50_state_quarters_quarter_dollar_2007_s_montana,2007,Quarter Dollar,S,50 State Quarters,Montana,coin,NO,
ref_coin_50_state_quarters_quarter_dollar_2007_s_montana__silver,2007,Quarter Dollar,S,50 State Quarters,Montana (Silver),coin,NO,
ref_coin_50_state_quarters_quarter_dollar_2007_s_utah,2007,Quarter Dollar,S,50 State Quarters,Utah,coin,NO,
ref_coin_50_state_quarters_quarter_dollar_2007_s_utah__silver,2007,Quarter Dollar,S,50 State Quarters,Utah (Silver),coin,NO,
ref_coin_50_state_quarters_quarter_dollar_2007_s_washington,2007,Quarter Dollar,S,50 State Quarters,Washington,coin,NO,
ref_coin_50_state_quarters_quarter_dollar_2007_s_washington__silver,2007,Quarter Dollar,S,50 State Quarters,Washington (Silver),coin,NO,
ref_coin_50_state_quarters_quarter_dollar_2007_s_wyoming,2007,Quarter Dollar,S,50 State Quarters,Wyoming,coin,NO,
ref_coin_50_state_quarters_quarter_dollar_2007_s_wyoming__silver,2007,Quarter Dollar,S,50 State Quarters,Wyoming (Silver),coin,NO,
ref_coin_american_silver_eagles_one_dollar_2007_p_none,2007,One Dollar,P,American Silver Eagles,,coin,NO,
ref_coin_american_silver_eagles_one_dollar_2007_w_burnished_uncirculated,2007,One Dollar,W,American Silver Eagles,Burnished Uncirculated,coin,NO,
ref_coin_american_silver_eagles_one_dollar_2007_w_proof,2007,One Dollar,W,American Silver Eagles,Proof,coin,NO,
ref_coin_jefferson_nickels_five_cents_2007_d_none,2007,Five Cents,D,Jefferson Nickels,,coin,NO,
ref_coin_jefferson_nickels_five_cents_2007_p_none,2007,Five Cents,P,Jefferson Nickels,,coin,NO,
ref_coin_jefferson_nickels_five_cents_2007_s_none,2007,Five Cents,S,Jefferson Nickels,,coin,NO,
ref_coin_kennedy_half_dollars_half_dollar_2007_d_none,2007,Half Dollar,D,Kennedy Half Dollars,,coin,NO,
ref_coin_kennedy_half_dollars_half_dollar_2007_d_satin_finish,2007,Half Dollar,D,Kennedy Half Dollars,Satin Finish,coin,NO,
ref_coin_kennedy_half_dollars_half_dollar_2007_p_none,2007,Half Dollar,P,Kennedy Half Dollars,,coin,NO,
ref_coin_kennedy_half_dollars_half_dollar_2007_p_satin_finish,2007,Half Dollar,P,Kennedy Half Dollars,Satin Finish,coin,NO,
ref_coin_kennedy_half_dollars_half_dollar_2007_s_none,2007,Half Dollar,S,Kennedy Half Dollars,,coin,NO,
ref_coin_kennedy_half_dollars_half_dollar_2007_s_silver_proof,2007,Half Dollar,S,Kennedy Half Dollars,Silver Proof,coin,NO,
ref_coin_lincoln_cents_one_cent_2007_d_none,2007,One Cent,D,Lincoln Cents,,coin,NO,
ref_coin_lincoln_cents_one_cent_2007_d_satin_finish,2007,One Cent,D,Lincoln Cents,Satin Finish,coin,NO,
ref_coin_lincoln_cents_one_cent_2007_p_none,2007,One Cent,P,Lincoln Cents,,coin,NO,
ref_coin_lincoln_cents_one_cent_2007_p_satin_finish,2007,One Cent,P,Lincoln Cents,Satin Finish,coin,NO,
ref_coin_lincoln_cents_one_cent_2007_s_none,2007,One Cent,S,Lincoln Cents,,coin,NO,
ref_coin_lincoln_memorial_cents_one_cent_2007_d_none,2007,One Cent,D,Lincoln Memorial Cents,,coin,NO,
ref_coin_lincoln_memorial_cents_one_cent_2007_p_none,2007,One Cent,P,Lincoln Memorial Cents,,coin,NO,
ref_coin_lincoln_memorial_cents_one_cent_2007_s_none,2007,One Cent,S,Lincoln Memorial Cents,,coin,NO,
ref_coin_presidential_dollars_one_dollar_2007_d_missing_edge_lettering,2007,One Dollar,D,Presidential Dollars,Missing Edge Lettering,coin,NO,
ref_coin_presidential_dollars_one_dollar_2007_d_none,2007,One Dollar,D,Presidential Dollars,,coin,NO,
ref_coin_presidential_dollars_one_dollar_2007_p_double_edge_lettering,2007,One Dollar,P,Presidential Dollars,Double Edge Lettering,coin,NO,
ref_coin_presidential_dollars_one_dollar_2007_p_missing_edge_lettering,2007,One Dollar,P,Presidential Dollars,Missing Edge Lettering,coin,NO,
ref_coin_presidential_dollars_one_dollar_2007_p_none,2007,One Dollar,P,Presidential Dollars,,coin,NO,
ref_coin_presidential_dollars_one_dollar_2007_s_none,2007,One Dollar,S,Presidential Dollars,,coin,NO,
ref_coin_roosevelt_dimes_one_dime_2007_d_none,2007,One Dime,D,Roosevelt Dimes,,coin,NO,
ref_coin_roosevelt_dimes_one_dime_2007_p_none,2007,One Dime,P,Roosevelt Dimes,,coin,NO,
ref_coin_roosevelt_dimes_one_dime_2007_s_clad_proof,2007,One Dime,S,Roosevelt Dimes,Clad Proof,coin,NO,
ref_coin_roosevelt_dimes_one_dime_2007_s_silver_proof,2007,One Dime,S,Roosevelt Dimes,Silver Proof,coin,NO,
ref_coin_sacagawea___native_american_dollars_one_dollar_2007_d_none,2007,One Dollar,D,Sacagawea & Native American Dollars,,coin,NO,
ref_coin_sacagawea___native_american_dollars_one_dollar_2007_d_satin_finish,2007,One Dollar,D,Sacagawea & Native American Dollars,Satin Finish,coin,NO,
ref_coin_sacagawea___native_american_dollars_one_dollar_2007_p_none,2007,One Dollar,P,Sacagawea & Native American Dollars,,coin,NO,
ref_coin_sacagawea___native_american_dollars_one_dollar_2007_p_satin_finish,2007,One Dollar,P,Sacagawea & Native American Dollars,Satin Finish,coin,NO,
ref_coin_sacagawea___native_american_dollars_one_dollar_2007_s_none,2007,One Dollar,S,Sacagawea & Native American Dollars,,coin,NO,
ref_coin_type_14887,2007,Quarter Dollar,,Washington Quarters (Classic),"¼ Dollar ""Washington Quarter"" (Montana - Silver Proof)",coin,NO,
ref_coin_type_14888,2007,Quarter Dollar,,Washington Quarters (Classic),"¼ Dollar ""Washington Quarter"" (Washington - Silver Proof)",coin,NO,
ref_coin_type_14889,2007,Quarter Dollar,,Washington Quarters (Classic),"¼ Dollar ""Washington Quarter"" (Idaho - Silver Proof)",coin,NO,
ref_coin_type_14893,2007,Quarter Dollar,,Washington Quarters (Classic),"¼ Dollar ""Washington Quarter"" (Wyoming - Silver Proof)",coin,NO,
ref_coin_type_14894,2007,Quarter Dollar,,Washington Quarters (Classic),"¼ Dollar ""Washington Quarter"" (Utah - Silver Proof)",coin,NO,
ref_coin_type_1491,2007,One Dollar,,Presidential Dollars,1 Dollar (George Washington),coin,NO,
ref_coin_type_1497,2007,One Dollar,,Presidential Dollars,1 Dollar (John Adams),coin,NO,
ref_coin_type_1498,2007,One Dollar,,Presidential Dollars,1 Dollar (Thomas Jefferson),coin,NO,
ref_coin_type_1499,2007,One Dollar,,Presidential Dollars,1 Dollar (James Madison),coin,NO,
ref_coin_type_191106,2007,One Dollar,,Presidential Dollars,1 Dollar (George Washington),coin,NO,
ref_coin_type_23374,2007,Ten Dollars,,Presidential Dollars,10 Dollars (Thomas Jefferson's Liberty; Bullion Coinage),coin,NO,
ref_coin_type_38153,2007,One Dollar,,Trade Dollars,Maui Trade Dollar,coin,NO,
ref_coin_type_40891,2007,One Dollar,,Presidential Dollars,1 Dollar (Thomas Jefferson),coin,NO,
ref_coin_type_644,2007,Quarter Dollar,,Washington Quarters (Classic),"¼ Dollar ""Washington Quarter"" (Montana)",coin,NO,
ref_coin_type_645,2007,Quarter Dollar,,Washington Quarters (Classic),"¼ Dollar ""Washington Quarter"" (Washington)",coin,NO,
ref_coin_type_646,2007,Quarter Dollar,,Washington Quarters (Classic),"¼ Dollar ""Washington Quarter"" (Idaho)",coin,NO,
ref_coin_type_647,2007,Quarter Dollar,,Washington Quarters (Classic),"¼ Dollar ""Washington Quarter"" (Wyoming)",coin,NO,
ref_coin_type_648,2007,Quarter Dollar,,Washington Quarters (Classic),"¼ Dollar ""Washington Quarter"" (Utah)",coin,NO,
ref_coin_type_96260,2007,Ten Dollars,W,First Spouse Gold Coins,10 Dollars (Mamie Eisenhower; Bullion Coinage),coin,NO,
ref_coin_50_state_quarters_quarter_dollar_2008_d_arizona,2008,Quarter Dollar,D,50 State Quarters,Arizona,coin,NO,
ref_coin_50_state_quarters_quarter_dollar_2008_d_hawaii,2008,Quarter Dollar,D,50 State Quarters,Hawaii,coin,NO,
ref_coin_50_state_quarters_quarter_dollar_2008_d_new_mexico,2008,Quarter Dollar,D,50 State Quarters,New Mexico,coin,NO,
ref_coin_50_state_quarters_quarter_dollar_2008_d_oklahoma,2008,Quarter Dollar,D,50 State Quarters,Oklahoma,coin,NO,
ref_coin_50_state_quarters_quarter_dollar_2008_p_arizona,2008,Quarter Dollar,P,50 State Quarters,Arizona,coin,NO,
ref_coin_50_state_quarters_quarter_dollar_2008_p_hawaii,2008,Quarter Dollar,P,50 State Quarters,Hawaii,coin,NO,
ref_coin_50_state_quarters_quarter_dollar_2008_p_new_mexico,2008,Quarter Dollar,P,50 State Quarters,New Mexico,coin,NO,
ref_coin_50_state_quarters_quarter_dollar_2008_s_arizona,2008,Quarter Dollar,S,50 State Quarters,Arizona,coin,NO,
ref_coin_50_state_quarters_quarter_dollar_2008_s_arizona__silver,2008,Quarter Dollar,S,50 State Quarters,Arizona (Silver),coin,NO,
ref_coin_50_state_quarters_quarter_dollar_2008_s_hawaii,2008,Quarter Dollar,S,50 State Quarters,Hawaii,coin,NO,
ref_coin_50_state_quarters_quarter_dollar_2008_s_hawaii__silver,2008,Quarter Dollar,S,50 State Quarters,Hawaii (Silver),coin,NO,
ref_coin_50_state_quarters_quarter_dollar_2008_s_new_mexico,2008,Quarter Dollar,S,50 State Quarters,New Mexico,coin,NO,
ref_coin_50_state_quarters_quarter_dollar_2008_s_new_mexico__silver,2008,Quarter Dollar,S,50 State Quarters,New Mexico (Silver),coin,NO,
ref_coin_50_state_quarters_quarter_dollar_2008_s_oklahoma,2008,Quarter Dollar,S,50 State Quarters,Oklahoma,coin,NO,
ref_coin_50_state_quarters_quarter_dollar_2008_s_oklahoma__silver,2008,Quarter Dollar,S,50 State Quarters,Oklahoma (Silver),coin,NO,
ref_coin_american_silver_eagles_one_dollar_2008_p_none,2008,One Dollar,P,American Silver Eagles,,coin,NO,
ref_coin_american_silver_eagles_one_dollar_2008_w_burnished_uncirculated,2008,One Dollar,W,American Silver Eagles,Burnished Uncirculated,coin,NO,
ref_coin_american_silver_eagles_one_dollar_2008_w_proof,2008,One Dollar,W,American Silver Eagles,Proof,coin,NO,
ref_coin_american_silver_eagles_one_dollar_2008_w_reverse_of_2007,2008,One Dollar,W,American Silver Eagles,Reverse of 2007,coin,NO,
ref_coin_jefferson_nickels_five_cents_2008_d_none,2008,Five Cents,D,Jefferson Nickels,,coin,NO,
ref_coin_jefferson_nickels_five_cents_2008_p_none,2008,Five Cents,P,Jefferson Nickels,,coin,NO,
ref_coin_jefferson_nickels_five_cents_2008_s_none,2008,Five Cents,S,Jefferson Nickels,,coin,NO,
ref_coin_kennedy_half_dollars_half_dollar_2008_d_none,2008,Half Dollar,D,Kennedy Half Dollars,,coin,NO,
ref_coin_kennedy_half_dollars_half_dollar_2008_d_satin_finish,2008,Half Dollar,D,Kennedy Half Dollars,Satin Finish,coin,NO,
ref_coin_kennedy_half_dollars_half_dollar_2008_p_none,2008,Half Dollar,P,Kennedy Half Dollars,,coin,NO,
ref_coin_kennedy_half_dollars_half_dollar_2008_p_satin_finish,2008,Half Dollar,P,Kennedy Half Dollars,Satin Finish,coin,NO,
ref_coin_kennedy_half_dollars_half_dollar_2008_s_none,2008,Half Dollar,S,Kennedy Half Dollars,,coin,NO,
ref_coin_kennedy_half_dollars_half_dollar_2008_s_silver_proof,2008,Half Dollar,S,Kennedy Half Dollars,Silver Proof,coin,NO,
ref_coin_lincoln_cents_one_cent_2008_d_none,2008,One Cent,D,Lincoln Cents,,coin,NO,
ref_coin_lincoln_cents_one_cent_2008_d_satin_finish,2008,One Cent,D,Lincoln Cents,Satin Finish,coin,NO,
ref_coin_lincoln_cents_one_cent_2008_p_none,2008,One Cent,P,Lincoln Cents,,coin,NO,
ref_coin_lincoln_cents_one_cent_2008_p_satin_finish,2008,One Cent,P,Lincoln Cents,Satin Finish,coin,NO,
ref_coin_lincoln_cents_one_cent_2008_s_none,2008,One Cent,S,Lincoln Cents,,coin,NO,
ref_coin_lincoln_memorial_cents_one_cent_2008_d_none,2008,One Cent,D,Lincoln Memorial Cents,,coin,NO,
ref_coin_lincoln_memorial_cents_one_cent_2008_p_none,2008,One Cent,P,Lincoln Memorial Cents,,coin,NO,
ref_coin_lincoln_memorial_cents_one_cent_2008_s_none,2008,One Cent,S,Lincoln Memorial Cents,,coin,NO,
ref_coin_presidential_dollars_one_dollar_2008_d_missing_edge_lettering,2008,One Dollar,D,Presidential Dollars,Missing Edge Lettering,coin,NO,
ref_coin_presidential_dollars_one_dollar_2008_d_none,2008,One Dollar,D,Presidential Dollars,,coin,NO,
ref_coin_presidential_dollars_one_dollar_2008_p_missing_edge_lettering,2008,One Dollar,P,Presidential Dollars,Missing Edge Lettering,coin,NO,
ref_coin_presidential_dollars_one_dollar_2008_p_none,2008,One Dollar,P,Presidential Dollars,,coin,NO,
ref_coin_presidential_dollars_one_dollar_2008_s_none,2008,One Dollar,S,Presidential Dollars,,coin,NO,
ref_coin_roosevelt_dimes_one_dime_2008_d_none,2008,One Dime,D,Roosevelt Dimes,,coin,NO,
ref_coin_roosevelt_dimes_one_dime_2008_p_none,2008,One Dime,P,Roosevelt Dimes,,coin,NO,
ref_coin_roosevelt_dimes_one_dime_2008_s_clad_proof,2008,One Dime,S,Roosevelt Dimes,Clad Proof,coin,NO,
ref_coin_roosevelt_dimes_one_dime_2008_s_silver_proof,2008,One Dime,S,Roosevelt Dimes,Silver Proof,coin,NO,
ref_coin_sacagawea___native_american_dollars_one_dollar_2008_d_none,2008,One Dollar,D,Sacagawea & Native American Dollars,,coin,NO,
ref_coin_sacagawea___native_american_dollars_one_dollar_2008_d_satin_finish,2008,One Dollar,D,Sacagawea & Native American Dollars,Satin Finish,coin,NO,
ref_coin_sacagawea___native_american_dollars_one_dollar_2008_p_none,2008,One Dollar,P,Sacagawea & Native American Dollars,,coin,NO,
ref_coin_sacagawea___native_american_dollars_one_dollar_2008_p_satin_finish,2008,One Dollar,P,Sacagawea & Native American Dollars,Satin Finish,coin,NO,
ref_coin_sacagawea___native_american_dollars_one_dollar_2008_s_none,2008,One Dollar,S,Sacagawea & Native American Dollars,,coin,NO,
ref_coin_type_116828,2008,One Dollar,,Trade Dollars,2 Maui Trade Dollars,coin,NO,
ref_coin_type_116831,2008,One Dollar,,Trade Dollars,2 Maui Trade Dollars,coin,NO,
ref_coin_type_116836,2008,One Dollar,,Trade Dollars,2 Maui Trade Dollars,coin,NO,
ref_coin_type_116837,2008,One Dollar,,Trade Dollars,2 Maui Trade Dollars,coin,NO,
ref_coin_type_14895,2008,Quarter Dollar,,Washington Quarters (Classic),"¼ Dollar ""Washington Quarter"" (Oklahoma - Silver Proof)",coin,NO,
ref_coin_type_14896,2008,Quarter Dollar,,Washington Quarters (Classic),"¼ Dollar ""Washington Quarter"" (New Mexico - Silver Proof)",coin,NO,
ref_coin_type_14897,2008,Quarter Dollar,,Washington Quarters (Classic),"¼ Dollar ""Washington Quarter"" (Arizona - Silver Proof)",coin,NO,
ref_coin_type_14898,2008,Quarter Dollar,,Washington Quarters (Classic),"¼ Dollar ""Washington Quarter"" (Alaska - Silver Proof)",coin,NO,
ref_coin_type_14899,2008,Quarter Dollar,,Washington Quarters (Classic),"¼ Dollar ""Washington Quarter"" (Hawaii - Silver Proof)",coin,NO,
ref_coin_type_18716,2008,Half Dollar,,Modern Commemorative Dollars,½ Dollar (American Bald Eagle),coin,NO,
ref_coin_type_23382,2008,Ten Dollars,,Presidential Dollars,10 Dollars (Andrew Jackson's Liberty; Bullion Coinage),coin,NO,
ref_coin_type_23384,2008,Ten Dollars,,Presidential Dollars,10 Dollars (Martin van Buren's Liberty; Bullion Coinage),coin,NO,
ref_coin_type_23476,2008,Ten Dollars,W,Presidential Dollars,10 Dollars (Julia Tyler; Bullion Coinage),coin,NO,
ref_coin_type_25440,2008,One Dollar,,Modern Commemorative Dollars,1 Dollar (Bald Eagle Recovery and National Emblem),coin,NO,
ref_coin_type_38155,2008,One Dollar,,Trade Dollars,2 Maui Trade Dollars,coin,NO,
ref_coin_type_38156,2008,One Dollar,,Trade Dollars,2 Maui Trade Dollars,coin,NO,
ref_coin_type_38157,2008,One Dollar,,Trade Dollars,2 Maui Trade Dollars,coin,NO,
ref_coin_type_38158,2008,One Dollar,,Trade Dollars,2 Maui Trade Dollars,coin,NO,
ref_coin_type_4951,2008,One Dollar,,Presidential Dollars,1 Dollar (James Monroe),coin,NO,
ref_coin_type_4953,2008,One Dollar,,Presidential Dollars,1 Dollar (John Quincy Adams),coin,NO,
ref_coin_type_4955,2008,One Dollar,,Presidential Dollars,1 Dollar (Andrew Jackson),coin,NO,
ref_coin_type_4957,2008,One Dollar,,Presidential Dollars,1 Dollar (Martin Van Buren),coin,NO,
ref_coin_type_53734,2008,One Dollar,,Trade Dollars,2 Maui Trade Dollars,coin,NO,
ref_coin_type_649,2008,Quarter Dollar,,Washington Quarters (Classic),"¼ Dollar ""Washington Quarter"" (Oklahoma)",coin,NO,
ref_coin_type_650,2008,Quarter Dollar,,Washington Quarters (Classic),"¼ Dollar ""Washington Quarter"" (New Mexico)",coin,NO,
ref_coin_type_651,2008,Quarter Dollar,,Washington Quarters (Classic),"¼ Dollar ""Washington Quarter"" (Arizona)",coin,NO,
ref_coin_type_652,2008,Quarter Dollar,,Washington Quarters (Classic),"¼ Dollar ""Washington Quarter"" (Alaska)",coin,NO,
ref_coin_type_653,2008,Quarter Dollar,,Washington Quarters (Classic),"¼ Dollar ""Washington Quarter"" (Hawaii)",coin,NO,
ref_coin_type_87402,2008,One Dollar,,Trade Dollars,2 Maui Trade Dollars,coin,NO,
ref_coin_american_silver_eagles_one_dollar_2009_p_none,2009,One Dollar,P,American Silver Eagles,,coin,NO,
ref_coin_d_c____u_s__territories_quarters_quarter_dollar_2009_d_american_samoa,2009,Quarter Dollar,D,D.C. & U.S. Territories Quarters,American Samoa,coin,NO,
ref_coin_d_c____u_s__territories_quarters_quarter_dollar_2009_d_district_of_columbia,2009,Quarter Dollar,D,D.C. & U.S. Territories Quarters,District of Columbia,coin,NO,
ref_coin_d_c____u_s__territories_quarters_quarter_dollar_2009_d_district_of_columbia_doubled_die_rev,2009,Quarter Dollar,D,D.C. & U.S. Territories Quarters,District of Columbia Doubled Die Reverse,coin,NO,
ref_coin_d_c____u_s__territories_quarters_quarter_dollar_2009_d_guam,2009,Quarter Dollar,D,D.C. & U.S. Territories Quarters,Guam,coin,NO,
ref_coin_d_c____u_s__territories_quarters_quarter_dollar_2009_d_northern_mariana_islands,2009,Quarter Dollar,D,D.C. & U.S. Territories Quarters,Northern Mariana Islands,coin,NO,
ref_coin_d_c____u_s__territories_quarters_quarter_dollar_2009_d_puerto_rico,2009,Quarter Dollar,D,D.C. & U.S. Territories Quarters,Puerto Rico,coin,NO,
ref_coin_d_c____u_s__territories_quarters_quarter_dollar_2009_d_u_s__virgin_islands,2009,Quarter Dollar,D,D.C. & U.S. Territories Quarters,U.S. Virgin Islands,coin,NO,
ref_coin_d_c____u_s__territories_quarters_quarter_dollar_2009_p_american_samoa,2009,Quarter Dollar,P,D.C. & U.S. Territories Quarters,American Samoa,coin,NO,
ref_coin_d_c____u_s__territories_quarters_quarter_dollar_2009_p_district_of_columbia,2009,Quarter Dollar,P,D.C. & U.S. Territories Quarters,District of Columbia,coin,NO,
ref_coin_d_c____u_s__territories_quarters_quarter_dollar_2009_p_district_of_columbia_doubled_die_rev,2009,Quarter Dollar,P,D.C. & U.S. Territories Quarters,District of Columbia Doubled Die Reverse,coin,NO,
ref_coin_d_c____u_s__territories_quarters_quarter_dollar_2009_p_guam,2009,Quarter Dollar,P,D.C. & U.S. Territories Quarters,Guam,coin,NO,
ref_coin_d_c____u_s__territories_quarters_quarter_dollar_2009_p_northern_mariana_islands,2009,Quarter Dollar,P,D.C. & U.S. Territories Quarters,Northern Mariana Islands,coin,NO,
ref_coin_d_c____u_s__territories_quarters_quarter_dollar_2009_p_puerto_rico,2009,Quarter Dollar,P,D.C. & U.S. Territories Quarters,Puerto Rico,coin,NO,
ref_coin_d_c____u_s__territories_quarters_quarter_dollar_2009_p_u_s__virgin_islands,2009,Quarter Dollar,P,D.C. & U.S. Territories Quarters,U.S. Virgin Islands,coin,NO,
ref_coin_d_c____u_s__territories_quarters_quarter_dollar_2009_s_american_samoa,2009,Quarter Dollar,S,D.C. & U.S. Territories Quarters,American Samoa,coin,NO,
ref_coin_d_c____u_s__territories_quarters_quarter_dollar_2009_s_american_samoa_silver,2009,Quarter Dollar,S,D.C. & U.S. Territories Quarters,American Samoa Silver,coin,NO,
ref_coin_d_c____u_s__territories_quarters_quarter_dollar_2009_s_district_of_columbia,2009,Quarter Dollar,S,D.C. & U.S. Territories Quarters,District of Columbia,coin,NO,
ref_coin_d_c____u_s__territories_quarters_quarter_dollar_2009_s_district_of_columbia_silver,2009,Quarter Dollar,S,D.C. & U.S. Territories Quarters,District of Columbia Silver,coin,NO,
ref_coin_d_c____u_s__territories_quarters_quarter_dollar_2009_s_guam,2009,Quarter Dollar,S,D.C. & U.S. Territories Quarters,Guam,coin,NO,
ref_coin_d_c____u_s__territories_quarters_quarter_dollar_2009_s_guam_silver,2009,Quarter Dollar,S,D.C. & U.S. Territories Quarters,Guam Silver,coin,NO,
ref_coin_d_c____u_s__territories_quarters_quarter_dollar_2009_s_northern_mariana_islands,2009,Quarter Dollar,S,D.C. & U.S. Territories Quarters,Northern Mariana Islands,coin,NO,
ref_coin_d_c____u_s__territories_quarters_quarter_dollar_2009_s_northern_mariana_islands_silver,2009,Quarter Dollar,S,D.C. & U.S. Territories Quarters,Northern Mariana Islands Silver,coin,NO,
ref_coin_d_c____u_s__territories_quarters_quarter_dollar_2009_s_puerto_rico,2009,Quarter Dollar,S,D.C. & U.S. Territories Quarters,Puerto Rico,coin,NO,
ref_coin_d_c____u_s__territories_quarters_quarter_dollar_2009_s_puerto_rico_silver,2009,Quarter Dollar,S,D.C. & U.S. Territories Quarters,Puerto Rico Silver,coin,NO,
ref_coin_d_c____u_s__territories_quarters_quarter_dollar_2009_s_u_s__virgin_islands,2009,Quarter Dollar,S,D.C. & U.S. Territories Quarters,U.S. Virgin Islands,coin,NO,
ref_coin_d_c____u_s__territories_quarters_quarter_dollar_2009_s_u_s__virgin_islands_silver,2009,Quarter Dollar,S,D.C. & U.S. Territories Quarters,U.S. Virgin Islands Silver,coin,NO,
ref_coin_jefferson_nickels_five_cents_2009_d_none,2009,Five Cents,D,Jefferson Nickels,,coin,NO,
ref_coin_jefferson_nickels_five_cents_2009_p_none,2009,Five Cents,P,Jefferson Nickels,,coin,NO,
ref_coin_jefferson_nickels_five_cents_2009_s_none,2009,Five Cents,S,Jefferson Nickels,,coin,NO,
ref_coin_kennedy_half_dollars_half_dollar_2009_d_none,2009,Half Dollar,D,Kennedy Half Dollars,,coin,NO,
ref_coin_kennedy_half_dollars_half_dollar_2009_d_satin_finish,2009,Half Dollar,D,Kennedy Half Dollars,Satin Finish,coin,NO,
ref_coin_kennedy_half_dollars_half_dollar_2009_p_none,2009,Half Dollar,P,Kennedy Half Dollars,,coin,NO,
ref_coin_kennedy_half_dollars_half_dollar_2009_p_satin_finish,2009,Half Dollar,P,Kennedy Half Dollars,Satin Finish,coin,NO,
ref_coin_kennedy_half_dollars_half_dollar_2009_s_none,2009,Half Dollar,S,Kennedy Half Dollars,,coin,NO,
ref_coin_kennedy_half_dollars_half_dollar_2009_s_silver_proof,2009,Half Dollar,S,Kennedy Half Dollars,Silver Proof,coin,NO,
ref_coin_lincoln_bicentennial_cents__2009_one_cent_2009_d_birthplace,2009,One Cent,D,Lincoln Bicentennial Cents (2009),Birthplace,coin,NO,
ref_coin_lincoln_bicentennial_cents__2009_one_cent_2009_d_birthplace___satin_finish,2009,One Cent,D,Lincoln Bicentennial Cents (2009),Birthplace - Satin Finish,coin,NO,
ref_coin_lincoln_bicentennial_cents__2009_one_cent_2009_d_formative_years,2009,One Cent,D,Lincoln Bicentennial Cents (2009),Formative Years,coin,NO,
ref_coin_lincoln_bicentennial_cents__2009_one_cent_2009_d_formative_years___satin_finish,2009,One Cent,D,Lincoln Bicentennial Cents (2009),Formative Years - Satin Finish,coin,NO,
ref_coin_lincoln_bicentennial_cents__2009_one_cent_2009_d_presidency,2009,One Cent,D,Lincoln Bicentennial Cents (2009),Presidency,coin,NO,
ref_coin_lincoln_bicentennial_cents__2009_one_cent_2009_d_presidency___satin_finish,2009,One Cent,D,Lincoln Bicentennial Cents (2009),Presidency - Satin Finish,coin,NO,
ref_coin_lincoln_bicentennial_cents__2009_one_cent_2009_d_professional_life,2009,One Cent,D,Lincoln Bicentennial Cents (2009),Professional Life,coin,NO,
ref_coin_lincoln_bicentennial_cents__2009_one_cent_2009_d_professional_life___satin_finish,2009,One Cent,D,Lincoln Bicentennial Cents (2009),Professional Life - Satin Finish,coin,NO,
ref_coin_lincoln_bicentennial_cents__2009_one_cent_2009_p_birthplace___satin_finish,2009,One Cent,P,Lincoln Bicentennial Cents (2009),Birthplace - Satin Finish,coin,NO,
ref_coin_lincoln_bicentennial_cents__2009_one_cent_2009_p_birthyplace,2009,One Cent,P,Lincoln Bicentennial Cents (2009),Birthyplace,coin,NO,
ref_coin_lincoln_bicentennial_cents__2009_one_cent_2009_p_formative_years,2009,One Cent,P,Lincoln Bicentennial Cents (2009),Formative Years,coin,NO,
ref_coin_lincoln_bicentennial_cents__2009_one_cent_2009_p_formative_years___doubled_die_reverse__ddr,2009,One Cent,P,Lincoln Bicentennial Cents (2009),Formative Years - Doubled Die Reverse (DDR-001),coin,NO,
ref_coin_lincoln_bicentennial_cents__2009_one_cent_2009_p_formative_years___satin_finish,2009,One Cent,P,Lincoln Bicentennial Cents (2009),Formative Years - Satin Finish,coin,NO,
ref_coin_lincoln_bicentennial_cents__2009_one_cent_2009_p_presidency,2009,One Cent,P,Lincoln Bicentennial Cents (2009),Presidency,coin,NO,
ref_coin_lincoln_bicentennial_cents__2009_one_cent_2009_p_presidency___satin_finish,2009,One Cent,P,Lincoln Bicentennial Cents (2009),Presidency - Satin Finish,coin,NO,
ref_coin_lincoln_bicentennial_cents__2009_one_cent_2009_p_professional_life,2009,One Cent,P,Lincoln Bicentennial Cents (2009),Professional Life,coin,NO,
ref_coin_lincoln_bicentennial_cents__2009_one_cent_2009_p_professional_life___satin_finish,2009,One Cent,P,Lincoln Bicentennial Cents (2009),Professional Life - Satin Finish,coin,NO,
ref_coin_lincoln_bicentennial_cents__2009_one_cent_2009_s_birthplace___proof,2009,One Cent,S,Lincoln Bicentennial Cents (2009),Birthplace - Proof,coin,NO,
ref_coin_lincoln_bicentennial_cents__2009_one_cent_2009_s_formative_years___proof,2009,One Cent,S,Lincoln Bicentennial Cents (2009),Formative Years - Proof,coin,NO,
ref_coin_lincoln_bicentennial_cents__2009_one_cent_2009_s_presidency___proof,2009,One Cent,S,Lincoln Bicentennial Cents (2009),Presidency - Proof,coin,NO,
ref_coin_lincoln_bicentennial_cents__2009_one_cent_2009_s_professional_life___proof,2009,One Cent,S,Lincoln Bicentennial Cents (2009),Professional Life - Proof,coin,NO,
ref_coin_lincoln_cents_one_cent_2009_d_birth_and_early_childhood,2009,One Cent,D,Lincoln Cents,Birth and Early Childhood,coin,NO,
ref_coin_lincoln_cents_one_cent_2009_d_formative_years,2009,One Cent,D,Lincoln Cents,Formative Years,coin,NO,
ref_coin_lincoln_cents_one_cent_2009_d_presidency,2009,One Cent,D,Lincoln Cents,Presidency,coin,NO,
ref_coin_lincoln_cents_one_cent_2009_d_professional_life,2009,One Cent,D,Lincoln Cents,Professional Life,coin,NO,
ref_coin_lincoln_cents_one_cent_2009_p_birthy_and_early_childhood,2009,One Cent,P,Lincoln Cents,Birthy and Early Childhood,coin,NO,
ref_coin_lincoln_cents_one_cent_2009_p_formative_years,2009,One Cent,P,Lincoln Cents,Formative Years,coin,NO,
ref_coin_lincoln_cents_one_cent_2009_p_formative_years_doubled_die_reverse,2009,One Cent,P,Lincoln Cents,Formative Years Doubled Die Reverse,coin,NO,
ref_coin_lincoln_cents_one_cent_2009_p_presidency,2009,One Cent,P,Lincoln Cents,Presidency,coin,NO,
ref_coin_lincoln_cents_one_cent_2009_p_professional_life,2009,One Cent,P,Lincoln Cents,Professional Life,coin,NO,
ref_coin_lincoln_cents_one_cent_2009_s_birth_and_early_childhood___proof,2009,One Cent,S,Lincoln Cents,Birth and Early Childhood - Proof,coin,NO,
ref_coin_lincoln_cents_one_cent_2009_s_formative_years___proof,2009,One Cent,S,Lincoln Cents,Formative Years - Proof,coin,NO,
ref_coin_lincoln_cents_one_cent_2009_s_presidency___proof,2009,One Cent,S,Lincoln Cents,Presidency - Proof,coin,NO,
ref_coin_lincoln_cents_one_cent_2009_s_professional_life___proof,2009,One Cent,S,Lincoln Cents,Professional Life - Proof,coin,NO,
ref_coin_presidential_dollars_one_dollar_2009_d_none,2009,One Dollar,D,Presidential Dollars,,coin,NO,
ref_coin_presidential_dollars_one_dollar_2009_p_missing_edge_lettering,2009,One Dollar,P,Presidential Dollars,Missing Edge Lettering,coin,NO,
ref_coin_presidential_dollars_one_dollar_2009_p_none,2009,One Dollar,P,Presidential Dollars,,coin,NO,
ref_coin_presidential_dollars_one_dollar_2009_s_none,2009,One Dollar,S,Presidential Dollars,,coin,NO,
ref_coin_roosevelt_dimes_one_dime_2009_d_none,2009,One Dime,D,Roosevelt Dimes,,coin,NO,
ref_coin_roosevelt_dimes_one_dime_2009_p_none,2009,One Dime,P,Roosevelt Dimes,,coin,NO,
ref_coin_roosevelt_dimes_one_dime_2009_s_clad_proof,2009,One Dime,S,Roosevelt Dimes,Clad Proof,coin,NO,
ref_coin_roosevelt_dimes_one_dime_2009_s_silver_proof,2009,One Dime,S,Roosevelt Dimes,Silver Proof,coin,NO,
ref_coin_sacagawea___native_american_dollars_one_dollar_2009_d_none,2009,One Dollar,D,Sacagawea & Native American Dollars,,coin,NO,
ref_coin_sacagawea___native_american_dollars_one_dollar_2009_d_satin_finish,2009,One Dollar,D,Sacagawea & Native American Dollars,Satin Finish,coin,NO,
ref_coin_sacagawea___native_american_dollars_one_dollar_2009_p_none,2009,One Dollar,P,Sacagawea & Native American Dollars,,coin,NO,
ref_coin_sacagawea___native_american_dollars_one_dollar_2009_p_satin_finish,2009,One Dollar,P,Sacagawea & Native American Dollars,Satin Finish,coin,NO,
ref_coin_sacagawea___native_american_dollars_one_dollar_2009_s_none,2009,One Dollar,S,Sacagawea & Native American Dollars,,coin,NO,
ref_coin_type_101541,2009,One Hundred Dollars,,American Platinum Eagle,"100 Dollars ""American Platinum Eagle"" (Bullion Coinage)",coin,NO,
ref_coin_type_101546,2009,One Hundred Dollars,,American Platinum Eagle,"100 Dollars ""American Platinum Eagle"" (Bullion Coinage)",coin,NO,
ref_coin_type_101558,2009,One Hundred Dollars,,American Platinum Eagle,"100 Dollars ""American Platinum Eagle"" (Bullion Coinage)",coin,NO,
ref_coin_type_101560,2009,One Hundred Dollars,,American Platinum Eagle,"100 Dollars ""American Platinum Eagle"" (Bullion Coinage)",coin,NO,
ref_coin_type_101566,2009,One Hundred Dollars,,American Platinum Eagle,"100 Dollars ""American Platinum Eagle"" (Bullion Coinage)",coin,NO,
ref_coin_type_101571,2009,One Hundred Dollars,,American Platinum Eagle,"100 Dollars ""American Platinum Eagle"" (Bullion Coinage)",coin,NO,
ref_coin_type_101572,2009,One Hundred Dollars,,American Platinum Eagle,"100 Dollars ""American Platinum Eagle"" (Bullion Coinage)",coin,NO,
ref_coin_type_101576,2009,One Hundred Dollars,,American Platinum Eagle,"100 Dollars ""American Platinum Eagle"" (Bullion Coinage)",coin,NO,
ref_coin_type_101580,2009,One Hundred Dollars,,American Platinum Eagle,"100 Dollars ""American Platinum Eagle"" (Bullion Coinage)",coin,NO,
ref_coin_type_101657,2009,One Hundred Dollars,,American Platinum Eagle,"100 Dollars ""American Platinum Eagle"" (Bullion Coinage)",coin,NO,
ref_coin_type_101660,2009,One Hundred Dollars,,American Platinum Eagle,"100 Dollars ""American Platinum Eagle"" (Bullion Coinage)",coin,NO,
ref_coin_type_101665,2009,One Hundred Dollars,,American Platinum Eagle,"100 Dollars ""American Platinum Eagle"" (Bullion Coinage)",coin,NO,
ref_coin_type_101670,2009,One Hundred Dollars,,American Platinum Eagle,"100 Dollars ""American Platinum Eagle"" (Bullion Coinage)",coin,NO,
ref_coin_type_101673,2009,One Hundred Dollars,,American Platinum Eagle,"100 Dollars ""American Platinum Eagle"" (Bullion Coinage)",coin,NO,
ref_coin_type_132522,2009,One Hundred Dollars,,American Platinum Eagle,"100 Dollars ""American Platinum Eagle"" (Bullion Coinage)",coin,NO,
ref_coin_type_163197,2009,One Hundred Dollars,,American Platinum Eagle,"100 Dollars ""American Platinum Eagle"" (Bullion Coinage)",coin,NO,
ref_coin_type_18228,2009,One Hundred Dollars,,American Platinum Eagle,"100 Dollars ""American Platinum Eagle"" (Bullion Coinage)",coin,NO,
ref_coin_type_19305,2009,One Dollar,,Modern Commemorative Dollars,1 Dollar (Louis Braille Bicentennial),coin,NO,
ref_coin_type_23135,2009,One Hundred Dollars,,American Platinum Eagle,"100 Dollars ""American Platinum Eagle"" (Bullion Coinage)",coin,NO,
ref_coin_type_23137,2009,One Hundred Dollars,,American Platinum Eagle,"100 Dollars ""American Platinum Eagle"" (Bullion Coinage)",coin,NO,
ref_coin_type_23171,2009,Twenty Dollars,,Saint-Gaudens Gold Coinage,"20 Dollars ""Saint-Gaudens - Double Eagle"" (Bullion Coinage)",coin,NO,
ref_coin_type_23473,2009,Ten Dollars,W,Presidential Dollars,10 Dollars (Anna Harrison; Bullion Coinage),coin,NO,
ref_coin_type_25390,2009,One Hundred Dollars,,American Platinum Eagle,"100 Dollars ""American Platinum Eagle"" (Bullion Coinage)",coin,NO,
ref_coin_type_25391,2009,One Hundred Dollars,,American Platinum Eagle,"100 Dollars ""American Platinum Eagle"" (Bullion Coinage)",coin,NO,
ref_coin_type_30986,2009,Quarter Dollar,,Washington Quarters (Classic),"¼ Dollar ""Washington Quarter"" (District of Columbia - Silver Proof)",coin,NO,
ref_coin_type_30987,2009,Quarter Dollar,,Washington Quarters (Classic),"¼ Dollar ""Washington Quarter"" (Puerto Rico - Silver Proof)",coin,NO,
ref_coin_type_30990,2009,Quarter Dollar,,Washington Quarters (Classic),"¼ Dollar ""Washington Quarter"" (Guam - Silver Proof)",coin,NO,
ref_coin_type_30991,2009,Quarter Dollar,,Washington Quarters (Classic),"¼ Dollar ""Washington Quarter"" (American Samoa - Silver Proof)",coin,NO,
ref_coin_type_30992,2009,Quarter Dollar,,Washington Quarters (Classic),"¼ Dollar ""Washington Quarter"" (U.S. Virgin Islands - Silver Proof)",coin,NO,
ref_coin_type_30993,2009,Quarter Dollar,,Washington Quarters (Classic),"¼ Dollar ""Washington Quarter"" (Northern Mariana Islands - Silver Proof)",coin,NO,
ref_coin_type_313939,2009,One Hundred Dollars,,American Platinum Eagle,"100 Dollars ""American Platinum Eagle"" (Bullion Coinage)",coin,NO,
ref_coin_type_321197,2009,One Hundred Dollars,,American Platinum Eagle,"100 Dollars ""American Platinum Eagle"" (Bullion Coinage)",coin,NO,
ref_coin_type_32997,2009,One Dollar,,Presidential Dollars,1 Dollar (Abraham Lincoln Bicentennial),coin,NO,
ref_coin_type_354735,2009,One Hundred Dollars,,American Platinum Eagle,"100 Dollars ""American Platinum Eagle"" (Bullion Coinage)",coin,NO,
ref_coin_type_432295,2009,One Hundred Dollars,,American Platinum Eagle,"100 Dollars ""American Platinum Eagle"" (Bullion Coinage)",coin,NO,
ref_coin_type_48529,2009,One Hundred Dollars,,American Platinum Eagle,"100 Dollars ""American Platinum Eagle"" (Bullion Coinage)",coin,NO,
ref_coin_type_555547,2009,One Hundred Dollars,,American Platinum Eagle,"100 Dollars ""American Platinum Eagle"" (Bullion Coinage)",coin,NO,
ref_coin_type_556625,2009,One Hundred Dollars,,American Platinum Eagle,"100 Dollars ""American Platinum Eagle"" (Bullion Coinage)",coin,NO,
ref_coin_type_5715,2009,Quarter Dollar,,Washington Quarters (Classic),"¼ Dollar ""Washington Quarter"" (District of Columbia)",coin,NO,
ref_coin_type_6624,2009,Quarter Dollar,,Washington Quarters (Classic),"¼ Dollar ""Washington Quarter"" (Puerto Rico)",coin,NO,
ref_coin_type_6731,2009,One Cent,,Lincoln Cents,"1 Cent ""Lincoln Cent"" (Birth and Early Childhood)",coin,NO,
ref_coin_type_7214,2009,One Cent,,Lincoln Cents,"1 Cent ""Lincoln Cent"" (Formative Years)",coin,NO,
ref_coin_type_7282,2009,One Dollar,,Sacagawea & Native American Dollars,"1 Dollar ""Native American Dollar"" (Spread of Three Sisters Agriculture)",coin,NO,
ref_coin_type_7458,2009,One Dollar,,Presidential Dollars,1 Dollar (John Tyler),coin,NO,
ref_coin_type_7509,2009,One Dollar,,Presidential Dollars,1 Dollar (William Henry Harrison),coin,NO,
ref_coin_type_7528,2009,Quarter Dollar,,Washington Quarters (Classic),"¼ Dollar ""Washington Quarter"" (Guam)",coin,NO,
ref_coin_type_7577,2009,One Dollar,,Presidential Dollars,1 Dollar (James K. Polk),coin,NO,
ref_coin_type_7578,2009,One Dollar,,Presidential Dollars,1 Dollar (Zachary Taylor),coin,NO,
ref_coin_type_7579,2009,One Cent,,Lincoln Cents,"1 Cent ""Lincoln Cent"" (Professional Life)",coin,NO,
ref_coin_type_7580,2009,One Cent,,Lincoln Cents,"1 Cent ""Lincoln Cent"" (Presidency)",coin,NO,
ref_coin_type_8123,2009,Quarter Dollar,,Washington Quarters (Classic),"¼ Dollar ""Washington Quarter"" (American Samoa)",coin,NO,
ref_coin_type_8126,2009,Quarter Dollar,,Washington Quarters (Classic),"¼ Dollar ""Washington Quarter"" (U.S. Virgin Islands)",coin,NO,
ref_coin_type_8127,2009,Quarter Dollar,,Washington Quarters (Classic),"¼ Dollar ""Washington Quarter"" (Northern Mariana Islands)",coin,NO,
ref_coin_america_the_beautiful_quarters__national_parks_quarter_dollar_2010_d_grand_canyon_national_,2010,Quarter Dollar,D,America the Beautiful Quarters (National Parks),Grand Canyon National Park (Arizona),coin,NO,
ref_coin_america_the_beautiful_quarters__national_parks_quarter_dollar_2010_d_hot_springs_national_p,2010,Quarter Dollar,D,America the Beautiful Quarters (National Parks),Hot Springs National Park (Arkansas),coin,NO,
ref_coin_america_the_beautiful_quarters__national_parks_quarter_dollar_2010_d_mount_hood_national_fo,2010,Quarter Dollar,D,America the Beautiful Quarters (National Parks),Mount Hood National Forest (Oregon),coin,NO,
ref_coin_america_the_beautiful_quarters__national_parks_quarter_dollar_2010_d_yellowstone_national_p,2010,Quarter Dollar,D,America the Beautiful Quarters (National Parks),Yellowstone National Park (Wyoming),coin,NO,
ref_coin_america_the_beautiful_quarters__national_parks_quarter_dollar_2010_d_yosemite_national_park,2010,Quarter Dollar,D,America the Beautiful Quarters (National Parks),Yosemite National Park (California),coin,NO,
ref_coin_america_the_beautiful_quarters__national_parks_quarter_dollar_2010_p_grand_canyon_national_,2010,Quarter Dollar,P,America the Beautiful Quarters (National Parks),Grand Canyon National Park (Arizona),coin,NO,
ref_coin_america_the_beautiful_quarters__national_parks_quarter_dollar_2010_p_hot_springs_national_p,2010,Quarter Dollar,P,America the Beautiful Quarters (National Parks),Hot Springs National Park (Arkansas),coin,NO,
ref_coin_america_the_beautiful_quarters__national_parks_quarter_dollar_2010_p_mount_hood_national_fo,2010,Quarter Dollar,P,America the Beautiful Quarters (National Parks),Mount Hood National Forest (Oregon),coin,NO,
ref_coin_america_the_beautiful_quarters__national_parks_quarter_dollar_2010_p_yellowstone_national_p,2010,Quarter Dollar,P,America the Beautiful Quarters (National Parks),Yellowstone National Park (Wyoming),coin,NO,
ref_coin_america_the_beautiful_quarters__national_parks_quarter_dollar_2010_p_yosemite_national_park,2010,Quarter Dollar,P,America the Beautiful Quarters (National Parks),Yosemite National Park (California),coin,NO,
ref_coin_america_the_beautiful_quarters__national_parks_quarter_dollar_2010_s_grand_canyon_national_,2010,Quarter Dollar,S,America the Beautiful Quarters (National Parks),Grand Canyon National Park (Arizona),coin,NO,
ref_coin_america_the_beautiful_quarters__national_parks_quarter_dollar_2010_s_hot_springs_national_p,2010,Quarter Dollar,S,America the Beautiful Quarters (National Parks),Hot Springs National Park (Arkansas),coin,NO,
ref_coin_america_the_beautiful_quarters__national_parks_quarter_dollar_2010_s_mount_hood_national_fo,2010,Quarter Dollar,S,America the Beautiful Quarters (National Parks),Mount Hood National Forest (Oregon),coin,NO,
ref_coin_america_the_beautiful_quarters__national_parks_quarter_dollar_2010_s_yellowstone_national_p,2010,Quarter Dollar,S,America the Beautiful Quarters (National Parks),Yellowstone National Park (Wyoming),coin,NO,
ref_coin_america_the_beautiful_quarters__national_parks_quarter_dollar_2010_s_yosemite_national_park,2010,Quarter Dollar,S,America the Beautiful Quarters (National Parks),Yosemite National Park (California),coin,NO,
ref_coin_american_silver_eagles_one_dollar_2010_p_none,2010,One Dollar,P,American Silver Eagles,,coin,NO,
ref_coin_american_silver_eagles_one_dollar_2010_w_proof,2010,One Dollar,W,American Silver Eagles,Proof,coin,NO,
ref_coin_jefferson_nickels_five_cents_2010_d_none,2010,Five Cents,D,Jefferson Nickels,,coin,NO,
ref_coin_jefferson_nickels_five_cents_2010_p_none,2010,Five Cents,P,Jefferson Nickels,,coin,NO,
ref_coin_jefferson_nickels_five_cents_2010_s_none,2010,Five Cents,S,Jefferson Nickels,,coin,NO,
ref_coin_kennedy_half_dollars_half_dollar_2010_d_none,2010,Half Dollar,D,Kennedy Half Dollars,,coin,NO,
ref_coin_kennedy_half_dollars_half_dollar_2010_d_satin_finish,2010,Half Dollar,D,Kennedy Half Dollars,Satin Finish,coin,NO,
ref_coin_kennedy_half_dollars_half_dollar_2010_p_none,2010,Half Dollar,P,Kennedy Half Dollars,,coin,NO,
ref_coin_kennedy_half_dollars_half_dollar_2010_p_satin_finish,2010,Half Dollar,P,Kennedy Half Dollars,Satin Finish,coin,NO,
ref_coin_kennedy_half_dollars_half_dollar_2010_s_none,2010,Half Dollar,S,Kennedy Half Dollars,,coin,NO,
ref_coin_kennedy_half_dollars_half_dollar_2010_s_silver_proof,2010,Half Dollar,S,Kennedy Half Dollars,Silver Proof,coin,NO,
ref_coin_lincoln_cents_one_cent_2010_d_none,2010,One Cent,D,Lincoln Cents,,coin,NO,
ref_coin_lincoln_cents_one_cent_2010_p_none,2010,One Cent,P,Lincoln Cents,,coin,NO,
ref_coin_lincoln_cents_one_cent_2010_s_proof,2010,One Cent,S,Lincoln Cents,Proof,coin,NO,
ref_coin_lincoln_shield_cents_one_cent_2010_d_none,2010,One Cent,D,Lincoln Shield Cents,,coin,NO,
ref_coin_lincoln_shield_cents_one_cent_2010_p_none,2010,One Cent,P,Lincoln Shield Cents,,coin,NO,
ref_coin_lincoln_shield_cents_one_cent_2010_s_none,2010,One Cent,S,Lincoln Shield Cents,,coin,NO,
ref_coin_presidential_dollars_one_dollar_2010_d_none,2010,One Dollar,D,Presidential Dollars,,coin,NO,
ref_coin_presidential_dollars_one_dollar_2010_p_none,2010,One Dollar,P,Presidential Dollars,,coin,NO,
ref_coin_presidential_dollars_one_dollar_2010_s_none,2010,One Dollar,S,Presidential Dollars,,coin,NO,
ref_coin_roosevelt_dimes_one_dime_2010_d_none,2010,One Dime,D,Roosevelt Dimes,,coin,NO,
ref_coin_roosevelt_dimes_one_dime_2010_p_none,2010,One Dime,P,Roosevelt Dimes,,coin,NO,
ref_coin_roosevelt_dimes_one_dime_2010_s_clad_proof,2010,One Dime,S,Roosevelt Dimes,Clad Proof,coin,NO,
ref_coin_roosevelt_dimes_one_dime_2010_s_silver_proof,2010,One Dime,S,Roosevelt Dimes,Silver Proof,coin,NO,
ref_coin_sacagawea___native_american_dollars_one_dollar_2010_d_none,2010,One Dollar,D,Sacagawea & Native American Dollars,,coin,NO,
ref_coin_sacagawea___native_american_dollars_one_dollar_2010_d_satin_finish,2010,One Dollar,D,Sacagawea & Native American Dollars,Satin Finish,coin,NO,
ref_coin_sacagawea___native_american_dollars_one_dollar_2010_p_none,2010,One Dollar,P,Sacagawea & Native American Dollars,,coin,NO,
ref_coin_sacagawea___native_american_dollars_one_dollar_2010_p_satin_finish,2010,One Dollar,P,Sacagawea & Native American Dollars,Satin Finish,coin,NO,
ref_coin_sacagawea___native_american_dollars_one_dollar_2010_s_none,2010,One Dollar,S,Sacagawea & Native American Dollars,,coin,NO,
ref_coin_type_10334,2010,One Dollar,,Presidential Dollars,1 Dollar (Millard Fillmore),coin,NO,
ref_coin_type_10969,2010,One Cent,,Lincoln Cents,"1 Cent ""Lincoln Cent - Shield Reverse""",coin,NO,
ref_coin_type_11010,2010,Quarter Dollar,,Washington Quarters (Classic),"¼ Dollar ""Washington Quarter"" (Hot Springs, Arkansas)",coin,NO,
ref_coin_type_11130,2010,One Dollar,,Franklin Half Dollars,1 Dollar (Franklin Pierce),coin,NO,
ref_coin_type_14668,2010,One Dollar,,Presidential Dollars,1 Dollar (James Buchanan),coin,NO,
ref_coin_type_15022,2010,Quarter Dollar,,Washington Quarters (Classic),"¼ Dollar ""Washington Quarter"" (Yellowstone, Wyoming)",coin,NO,
ref_coin_type_15025,2010,Quarter Dollar,,Washington Quarters (Classic),"¼ Dollar ""Washington Quarter"" (Yosemite, California)",coin,NO,
ref_coin_type_16196,2010,Quarter Dollar,,Washington Quarters (Classic),"¼ Dollar ""Washington Quarter"" (Grand Canyon, Arizona)",coin,NO,
ref_coin_type_16546,2010,One Dollar,,Presidential Dollars,1 Dollar (Abraham Lincoln),coin,NO,
ref_coin_type_17265,2010,Quarter Dollar,,Washington Quarters (Classic),"¼ Dollar ""Washington Quarter"" (Mount Hood, Oregon)",coin,NO,
ref_coin_type_21015,2010,One Dollar,,Modern Commemorative Dollars,1 Dollar (Boy Scouts of America Centennial),coin,NO,
ref_coin_type_23482,2010,Ten Dollars,,Presidential Dollars,10 Dollars (James Buchanan's Liberty; Bullion Coinage),coin,NO,
ref_coin_type_35013,2010,Quarter Dollar,,Washington Quarters (Classic),"¼ Dollar ""Washington Quarter"" (Hot Springs, Arkansas - Silver Proof)",coin,NO,
ref_coin_type_35014,2010,Quarter Dollar,,Washington Quarters (Classic),"¼ Dollar ""Washington Quarter"" (Yellowstone, Wyoming - Silver Proof)",coin,NO,
ref_coin_type_35015,2010,Quarter Dollar,,Washington Quarters (Classic),"¼ Dollar ""Washington Quarter"" (Yosemite, California - Silver Proof)",coin,NO,
ref_coin_type_35016,2010,Quarter Dollar,,Washington Quarters (Classic),"¼ Dollar ""Washington Quarter"" (Grand Canyon, Arizona - Silver Proof)",coin,NO,
ref_coin_type_35017,2010,Quarter Dollar,,Washington Quarters (Classic),"¼ Dollar ""Washington Quarter"" (Mount Hood, Oregon - Silver Proof)",coin,NO,
ref_coin_type_43777,2010,One Dollar,,Modern Commemorative Dollars,1 Dollar (American Veterans Disabled for Life),coin,NO,
ref_coin_type_9953,2010,One Dollar,,Sacagawea & Native American Dollars,"1 Dollar ""Native American Dollar"" (Haudenosaunee — Great Law of Peace)",coin,NO,
ref_coin_america_the_beautiful_quarters__national_parks_quarter_dollar_2011_d_chickasaw_national_rec,2011,Quarter Dollar,D,America the Beautiful Quarters (National Parks),Chickasaw National Recreation Area (Oklahoma),coin,NO,
ref_coin_america_the_beautiful_quarters__national_parks_quarter_dollar_2011_d_gettysburg_national_mi,2011,Quarter Dollar,D,America the Beautiful Quarters (National Parks),Gettysburg National Military Park (Pennsylvania),coin,NO,
ref_coin_america_the_beautiful_quarters__national_parks_quarter_dollar_2011_d_glacier_national_park_,2011,Quarter Dollar,D,America the Beautiful Quarters (National Parks),Glacier National Park (Montana),coin,NO,
ref_coin_america_the_beautiful_quarters__national_parks_quarter_dollar_2011_d_olympic_national_park_,2011,Quarter Dollar,D,America the Beautiful Quarters (National Parks),Olympic National Park (Washington),coin,NO,
ref_coin_america_the_beautiful_quarters__national_parks_quarter_dollar_2011_d_vicksburg_national_mil,2011,Quarter Dollar,D,America the Beautiful Quarters (National Parks),Vicksburg National Military Park (Mississippi),coin,NO,
ref_coin_america_the_beautiful_quarters__national_parks_quarter_dollar_2011_p_chickasaw_national_rec,2011,Quarter Dollar,P,America the Beautiful Quarters (National Parks),Chickasaw National Recreation Area (Oklahoma),coin,NO,
ref_coin_america_the_beautiful_quarters__national_parks_quarter_dollar_2011_p_gettysburg_national_mi,2011,Quarter Dollar,P,America the Beautiful Quarters (National Parks),Gettysburg National Military Park (Pennsylvania),coin,NO,
ref_coin_america_the_beautiful_quarters__national_parks_quarter_dollar_2011_p_glacier_national_park_,2011,Quarter Dollar,P,America the Beautiful Quarters (National Parks),Glacier National Park (Montana),coin,NO,
ref_coin_america_the_beautiful_quarters__national_parks_quarter_dollar_2011_p_olympic_national_park_,2011,Quarter Dollar,P,America the Beautiful Quarters (National Parks),Olympic National Park (Washington),coin,NO,
ref_coin_america_the_beautiful_quarters__national_parks_quarter_dollar_2011_p_vicksburg_national_mil,2011,Quarter Dollar,P,America the Beautiful Quarters (National Parks),Vicksburg National Military Park (Mississippi),coin,NO,
ref_coin_america_the_beautiful_quarters__national_parks_quarter_dollar_2011_s_chickasaw_national_rec,2011,Quarter Dollar,S,America the Beautiful Quarters (National Parks),Chickasaw National Recreation Area (Oklahoma),coin,NO,
ref_coin_america_the_beautiful_quarters__national_parks_quarter_dollar_2011_s_gettysburg_national_mi,2011,Quarter Dollar,S,America the Beautiful Quarters (National Parks),Gettysburg National Military Park (Pennsylvania),coin,NO,
ref_coin_america_the_beautiful_quarters__national_parks_quarter_dollar_2011_s_glacier_national_park_,2011,Quarter Dollar,S,America the Beautiful Quarters (National Parks),Glacier National Park (Montana),coin,NO,
ref_coin_america_the_beautiful_quarters__national_parks_quarter_dollar_2011_s_olympic_national_park_,2011,Quarter Dollar,S,America the Beautiful Quarters (National Parks),Olympic National Park (Washington),coin,NO,
ref_coin_america_the_beautiful_quarters__national_parks_quarter_dollar_2011_s_vicksburg_national_mil,2011,Quarter Dollar,S,America the Beautiful Quarters (National Parks),Vicksburg National Military Park (Mississippi),coin,NO,
ref_coin_american_silver_eagles_one_dollar_2011_p_none,2011,One Dollar,P,American Silver Eagles,,coin,NO,
ref_coin_american_silver_eagles_one_dollar_2011_p_reverse_proof,2011,One Dollar,P,American Silver Eagles,Reverse Proof,coin,NO,
ref_coin_american_silver_eagles_one_dollar_2011_s_burnished,2011,One Dollar,S,American Silver Eagles,Burnished,coin,NO,
ref_coin_american_silver_eagles_one_dollar_2011_s_none,2011,One Dollar,S,American Silver Eagles,,coin,NO,
ref_coin_american_silver_eagles_one_dollar_2011_w_none,2011,One Dollar,W,American Silver Eagles,,coin,NO,
ref_coin_american_silver_eagles_one_dollar_2011_w_proof,2011,One Dollar,W,American Silver Eagles,Proof,coin,NO,
ref_coin_jefferson_nickels_five_cents_2011_d_none,2011,Five Cents,D,Jefferson Nickels,,coin,NO,
ref_coin_jefferson_nickels_five_cents_2011_p_none,2011,Five Cents,P,Jefferson Nickels,,coin,NO,
ref_coin_jefferson_nickels_five_cents_2011_s_none,2011,Five Cents,S,Jefferson Nickels,,coin,NO,
ref_coin_kennedy_half_dollars_half_dollar_2011_d_none,2011,Half Dollar,D,Kennedy Half Dollars,,coin,NO,
ref_coin_kennedy_half_dollars_half_dollar_2011_p_none,2011,Half Dollar,P,Kennedy Half Dollars,,coin,NO,
ref_coin_kennedy_half_dollars_half_dollar_2011_s_none,2011,Half Dollar,S,Kennedy Half Dollars,,coin,NO,
ref_coin_kennedy_half_dollars_half_dollar_2011_s_silver_proof,2011,Half Dollar,S,Kennedy Half Dollars,Silver Proof,coin,NO,
ref_coin_lincoln_cents_one_cent_2011_d_none,2011,One Cent,D,Lincoln Cents,,coin,NO,
ref_coin_lincoln_cents_one_cent_2011_p_none,2011,One Cent,P,Lincoln Cents,,coin,NO,
ref_coin_lincoln_cents_one_cent_2011_s_proof,2011,One Cent,S,Lincoln Cents,Proof,coin,NO,
ref_coin_lincoln_shield_cents_one_cent_2011_d_none,2011,One Cent,D,Lincoln Shield Cents,,coin,NO,
ref_coin_lincoln_shield_cents_one_cent_2011_p_doubled_die_obverse,2011,One Cent,P,Lincoln Shield Cents,Doubled Die Obverse,coin,NO,
ref_coin_lincoln_shield_cents_one_cent_2011_p_none,2011,One Cent,P,Lincoln Shield Cents,,coin,NO,
ref_coin_lincoln_shield_cents_one_cent_2011_s_none,2011,One Cent,S,Lincoln Shield Cents,,coin,NO,
ref_coin_presidential_dollars_one_dollar_2011_d_none,2011,One Dollar,D,Presidential Dollars,,coin,NO,
ref_coin_presidential_dollars_one_dollar_2011_p_none,2011,One Dollar,P,Presidential Dollars,,coin,NO,
ref_coin_presidential_dollars_one_dollar_2011_s_none,2011,One Dollar,S,Presidential Dollars,,coin,NO,
ref_coin_roosevelt_dimes_one_dime_2011_d_none,2011,One Dime,D,Roosevelt Dimes,,coin,NO,
ref_coin_roosevelt_dimes_one_dime_2011_p_none,2011,One Dime,P,Roosevelt Dimes,,coin,NO,
ref_coin_roosevelt_dimes_one_dime_2011_s_clad_proof,2011,One Dime,S,Roosevelt Dimes,Clad Proof,coin,NO,
ref_coin_roosevelt_dimes_one_dime_2011_s_silver_proof,2011,One Dime,S,Roosevelt Dimes,Silver Proof,coin,NO,
ref_coin_sacagawea___native_american_dollars_one_dollar_2011_d_none,2011,One Dollar,D,Sacagawea & Native American Dollars,,coin,NO,
ref_coin_sacagawea___native_american_dollars_one_dollar_2011_p_none,2011,One Dollar,P,Sacagawea & Native American Dollars,,coin,NO,
ref_coin_sacagawea___native_american_dollars_one_dollar_2011_s_none,2011,One Dollar,S,Sacagawea & Native American Dollars,,coin,NO,
ref_coin_type_19025,2011,One Dollar,,Presidential Dollars,1 Dollar (Andrew Johnson),coin,NO,
ref_coin_type_19265,2011,Quarter Dollar,,Washington Quarters (Classic),"¼ Dollar ""Washington Quarter"" (Gettysburg National Military Park, Pennsylvania)",coin,NO,
ref_coin_type_19974,2011,One Dollar,,Sacagawea & Native American Dollars,"1 Dollar ""Native American Dollar"" (Wampanoag Treaty)",coin,NO,
ref_coin_type_20923,2011,Quarter Dollar,,America the Beautiful Quarters (National Parks),"¼ Dollar ""Washington Quarter"" (Glacier National Park, Montana)",coin,NO,
ref_coin_type_21839,2011,One Dollar,,Presidential Dollars,1 Dollar (Ulysses S. Grant),coin,NO,
ref_coin_type_22539,2011,One Dollar,,Modern Commemorative Dollars,1 Dollar (James Garfield),coin,NO,
ref_coin_type_22804,2011,Quarter Dollar,,America the Beautiful Quarters (National Parks),"¼ Dollar ""Washington Quarter"" (Olympic National Park, Washington)",coin,NO,
ref_coin_type_24693,2011,One Dollar,,Presidential Dollars,1 Dollar (Rutherford B. Hayes),coin,NO,
ref_coin_type_24704,2011,Quarter Dollar,,Washington Quarters (Classic),"¼ Dollar ""Washington Quarter"" (Vicksburg National Military Park, Mississippi)",coin,NO,
ref_coin_type_24705,2011,Quarter Dollar,,Washington Quarters (Classic),"¼ Dollar ""Washington Quarter"" (Chickasaw National Recreation Area, Oklahoma)",coin,NO,
ref_coin_type_35018,2011,Quarter Dollar,,Washington Quarters (Classic),"¼ Dollar ""Washington Quarter"" (Gettysburg National Military Park, Pennsylvania - Silver Proof)",coin,NO,
ref_coin_type_35019,2011,Quarter Dollar,,America the Beautiful Quarters (National Parks),"¼ Dollar ""Washington Quarter"" (Glacier National Park, Montana - Silver Proof)",coin,NO,
ref_coin_type_35020,2011,Quarter Dollar,,America the Beautiful Quarters (National Parks),"¼ Dollar ""Washington Quarter"" (Olympic National Park, Washington - Silver Proof)",coin,NO,
ref_coin_type_35021,2011,Quarter Dollar,,Washington Quarters (Classic),"¼ Dollar ""Washington Quarter"" (Vicksburg National Military Park, Mississippi - Silver Proof)",coin,NO,
ref_coin_type_35022,2011,Quarter Dollar,,Washington Quarters (Classic),"¼ Dollar ""Washington Quarter"" (Chickasaw National Recreation Area, Oklahoma - Silver Proof)",coin,NO,
ref_coin_type_43443,2011,Quarter Dollar,,Washington Quarters (Classic),"¼ Dollar ""Washington Quarter"" (Chickasaw National Recreation - Silver 5 oz Bullion)",coin,NO,
ref_coin_type_44382,2011,One Dollar,,Liberty Walking Half Dollars,¼ oz Copper (Walking Liberty),coin,NO,
ref_coin_type_93210,2011,Five Dollars,W,Modern Commemorative Dollars,5 Dollars (United States Army),coin,NO,
ref_coin_type_93413,2011,Ten Dollars,W,First Spouse Gold Coins,10 Dollars (Julia Grant; Bullion Coinage),coin,NO,
ref_coin_america_the_beautiful_quarters__national_parks_quarter_dollar_2012_d_acadia_national_park__,2012,Quarter Dollar,D,America the Beautiful Quarters (National Parks),Acadia National Park (Maine),coin,NO,
ref_coin_america_the_beautiful_quarters__national_parks_quarter_dollar_2012_d_chaco_culture_national,2012,Quarter Dollar,D,America the Beautiful Quarters (National Parks),Chaco Culture National Historical Park (New Mexico),coin,NO,
ref_coin_america_the_beautiful_quarters__national_parks_quarter_dollar_2012_d_denali_national_park_a,2012,Quarter Dollar,D,America the Beautiful Quarters (National Parks),Denali National Park and Preserve (Alaska),coin,NO,
ref_coin_america_the_beautiful_quarters__national_parks_quarter_dollar_2012_d_el_yunque_national_for,2012,Quarter Dollar,D,America the Beautiful Quarters (National Parks),El Yunque National Forest (Puerto Rico),coin,NO,
ref_coin_america_the_beautiful_quarters__national_parks_quarter_dollar_2012_d_hawai_i_volcanoes_nati,2012,Quarter Dollar,D,America the Beautiful Quarters (National Parks),Hawai'i Volcanoes National Park (Hawaii),coin,NO,
ref_coin_america_the_beautiful_quarters__national_parks_quarter_dollar_2012_p_acadia_national_park__,2012,Quarter Dollar,P,America the Beautiful Quarters (National Parks),Acadia National Park (Maine),coin,NO,
ref_coin_america_the_beautiful_quarters__national_parks_quarter_dollar_2012_p_chaco_culture_national,2012,Quarter Dollar,P,America the Beautiful Quarters (National Parks),Chaco Culture National Historical Park (New Mexico),coin,NO,
ref_coin_america_the_beautiful_quarters__national_parks_quarter_dollar_2012_p_denali_national_park_a,2012,Quarter Dollar,P,America the Beautiful Quarters (National Parks),Denali National Park and Preserve (Alaska),coin,NO,
ref_coin_america_the_beautiful_quarters__national_parks_quarter_dollar_2012_p_el_yunque_national_for,2012,Quarter Dollar,P,America the Beautiful Quarters (National Parks),El Yunque National Forest (Puerto Rico),coin,NO,
ref_coin_america_the_beautiful_quarters__national_parks_quarter_dollar_2012_p_hawai_i_volcanoes_nati,2012,Quarter Dollar,P,America the Beautiful Quarters (National Parks),Hawai'i Volcanoes National Park (Hawaii),coin,NO,
ref_coin_america_the_beautiful_quarters__national_parks_quarter_dollar_2012_s_acadia_national_park__,2012,Quarter Dollar,S,America the Beautiful Quarters (National Parks),Acadia National Park (Maine),coin,NO,
ref_coin_america_the_beautiful_quarters__national_parks_quarter_dollar_2012_s_chaco_culture_national,2012,Quarter Dollar,S,America the Beautiful Quarters (National Parks),Chaco Culture National Historical Park (New Mexico),coin,NO,
ref_coin_america_the_beautiful_quarters__national_parks_quarter_dollar_2012_s_denali_national_park_a,2012,Quarter Dollar,S,America the Beautiful Quarters (National Parks),Denali National Park and Preserve (Alaska),coin,NO,
ref_coin_america_the_beautiful_quarters__national_parks_quarter_dollar_2012_s_el_yunque_national_for,2012,Quarter Dollar,S,America the Beautiful Quarters (National Parks),El Yunque National Forest (Puerto Rico),coin,NO,
ref_coin_america_the_beautiful_quarters__national_parks_quarter_dollar_2012_s_hawai_i_volcanoes_nati,2012,Quarter Dollar,S,America the Beautiful Quarters (National Parks),Hawai'i Volcanoes National Park (Hawaii),coin,NO,
ref_coin_american_silver_eagles_one_dollar_2012_p_none,2012,One Dollar,P,American Silver Eagles,,coin,NO,
ref_coin_american_silver_eagles_one_dollar_2012_s_none,2012,One Dollar,S,American Silver Eagles,,coin,NO,
ref_coin_american_silver_eagles_one_dollar_2012_s_proof,2012,One Dollar,S,American Silver Eagles,Proof,coin,NO,
ref_coin_american_silver_eagles_one_dollar_2012_s_reverse_proof,2012,One Dollar,S,American Silver Eagles,Reverse Proof,coin,NO,
ref_coin_american_silver_eagles_one_dollar_2012_w_none,2012,One Dollar,W,American Silver Eagles,,coin,NO,
ref_coin_american_silver_eagles_one_dollar_2012_w_proof,2012,One Dollar,W,American Silver Eagles,Proof,coin,NO,
ref_coin_jefferson_nickels_five_cents_2012_d_none,2012,Five Cents,D,Jefferson Nickels,,coin,NO,
ref_coin_jefferson_nickels_five_cents_2012_p_none,2012,Five Cents,P,Jefferson Nickels,,coin,NO,
ref_coin_jefferson_nickels_five_cents_2012_s_none,2012,Five Cents,S,Jefferson Nickels,,coin,NO,
ref_coin_kennedy_half_dollars_half_dollar_2012_d_none,2012,Half Dollar,D,Kennedy Half Dollars,,coin,NO,
ref_coin_kennedy_half_dollars_half_dollar_2012_p_none,2012,Half Dollar,P,Kennedy Half Dollars,,coin,NO,
ref_coin_kennedy_half_dollars_half_dollar_2012_s_none,2012,Half Dollar,S,Kennedy Half Dollars,,coin,NO,
ref_coin_kennedy_half_dollars_half_dollar_2012_s_silver_proof,2012,Half Dollar,S,Kennedy Half Dollars,Silver Proof,coin,NO,
ref_coin_lincoln_cents_one_cent_2012_d_none,2012,One Cent,D,Lincoln Cents,,coin,NO,
ref_coin_lincoln_cents_one_cent_2012_p_none,2012,One Cent,P,Lincoln Cents,,coin,NO,
ref_coin_lincoln_cents_one_cent_2012_s_proof,2012,One Cent,S,Lincoln Cents,Proof,coin,NO,
ref_coin_lincoln_shield_cents_one_cent_2012_d_none,2012,One Cent,D,Lincoln Shield Cents,,coin,NO,
ref_coin_lincoln_shield_cents_one_cent_2012_p_none,2012,One Cent,P,Lincoln Shield Cents,,coin,NO,
ref_coin_lincoln_shield_cents_one_cent_2012_s_none,2012,One Cent,S,Lincoln Shield Cents,,coin,NO,
ref_coin_presidential_dollars_one_dollar_2012_d_none,2012,One Dollar,D,Presidential Dollars,,coin,NO,
ref_coin_presidential_dollars_one_dollar_2012_p_none,2012,One Dollar,P,Presidential Dollars,,coin,NO,
ref_coin_presidential_dollars_one_dollar_2012_s_none,2012,One Dollar,S,Presidential Dollars,,coin,NO,
ref_coin_roosevelt_dimes_one_dime_2012_d_none,2012,One Dime,D,Roosevelt Dimes,,coin,NO,
ref_coin_roosevelt_dimes_one_dime_2012_p_none,2012,One Dime,P,Roosevelt Dimes,,coin,NO,
ref_coin_roosevelt_dimes_one_dime_2012_s_clad_proof,2012,One Dime,S,Roosevelt Dimes,Clad Proof,coin,NO,
ref_coin_roosevelt_dimes_one_dime_2012_s_silver_proof,2012,One Dime,S,Roosevelt Dimes,Silver Proof,coin,NO,
ref_coin_sacagawea___native_american_dollars_one_dollar_2012_d_none,2012,One Dollar,D,Sacagawea & Native American Dollars,,coin,NO,
ref_coin_sacagawea___native_american_dollars_one_dollar_2012_p_none,2012,One Dollar,P,Sacagawea & Native American Dollars,,coin,NO,
ref_coin_sacagawea___native_american_dollars_one_dollar_2012_s_none,2012,One Dollar,S,Sacagawea & Native American Dollars,,coin,NO,
ref_coin_type_29265,2012,Quarter Dollar,,Washington Quarters (Classic),"¼ Dollar ""Washington Quarter"" (El Yunque National Forest, Puerto Rico)",coin,NO,
ref_coin_type_29644,2012,One Dollar,,Modern Commemorative Dollars,1 Dollar (Chester Arthur),coin,NO,
ref_coin_type_29645,2012,One Dollar,,Presidential Dollars,"1 Dollar (Grover Cleveland, first term)",coin,NO,
ref_coin_type_29646,2012,One Dollar,,Presidential Dollars,1 Dollar (Benjamin Harrison),coin,NO,
ref_coin_type_29649,2012,One Dollar,,Presidential Dollars,"1 Dollar (Grover Cleveland, second term)",coin,NO,
ref_coin_type_29655,2012,One Dollar,,Sacagawea & Native American Dollars,"1 Dollar ""Native American Dollar"" (Trade Routes in the 17th Century)",coin,NO,
ref_coin_type_32172,2012,Quarter Dollar,,Washington Quarters (Classic),"¼ Dollar ""Washington Quarter"" (Chaco Culture National Historical Park, New Mexico)",coin,NO,
ref_coin_type_33916,2012,Quarter Dollar,,America the Beautiful Quarters (National Parks),"¼ Dollar ""Washington Quarter"" (Acadia National Park, Maine)",coin,NO,
ref_coin_type_33985,2012,Quarter Dollar,,America the Beautiful Quarters (National Parks),"¼ Dollar ""Washington Quarter"" (Hawai'i Volcanoes National Park, Hawaii)",coin,NO,
ref_coin_type_33986,2012,Quarter Dollar,,America the Beautiful Quarters (National Parks),"¼ Dollar ""Washington Quarter"" (Denali National Park and Preserve, Alaska)",coin,NO,
ref_coin_type_35023,2012,Quarter Dollar,,Washington Quarters (Classic),"¼ Dollar ""Washington Quarter"" (El Yunque National Forest, Puerto Rico - Silver Proof)",coin,NO,
ref_coin_type_35024,2012,Quarter Dollar,,Washington Quarters (Classic),"¼ Dollar ""Washington Quarter"" (Chaco Culture National Historical Park, New Mexico - Silver Proof)",coin,NO,
ref_coin_type_35025,2012,Quarter Dollar,,America the Beautiful Quarters (National Parks),"¼ Dollar ""Washington Quarter"" (Acadia National Park, Maine - Silver Proof)",coin,NO,
ref_coin_type_35026,2012,Quarter Dollar,,America the Beautiful Quarters (National Parks),"¼ Dollar ""Washington Quarter"" (Hawai'i Volcanoes National Park, Hawaii - Silver Proof)",coin,NO,
ref_coin_type_35027,2012,Quarter Dollar,,America the Beautiful Quarters (National Parks),"¼ Dollar ""Washington Quarter"" (Denali National Park and Preserve, Alaska - Silver Proof)",coin,NO,
ref_coin_type_39978,2012,One Dollar,,Modern Commemorative Dollars,1 Dollar (Star Spangled Banner),coin,NO,
ref_coin_type_39979,2012,One Dollar,,Modern Commemorative Dollars,1 Dollar (Infantry Soldier),coin,NO,
ref_coin_type_93271,2012,Five Dollars,,Modern Commemorative Dollars,5 Dollars (Star Spangled Banner),coin,NO,
ref_coin_america_the_beautiful_quarters__national_parks_quarter_dollar_2013_d_fort_mchenry_national_,2013,Quarter Dollar,D,America the Beautiful Quarters (National Parks),Fort McHenry National Monument (Maryland),coin,NO,
ref_coin_america_the_beautiful_quarters__national_parks_quarter_dollar_2013_d_great_basin_national_p,2013,Quarter Dollar,D,America the Beautiful Quarters (National Parks),Great Basin National Park (Nevada),coin,NO,
ref_coin_america_the_beautiful_quarters__national_parks_quarter_dollar_2013_d_mount_rushmore_nationa,2013,Quarter Dollar,D,America the Beautiful Quarters (National Parks),Mount Rushmore National Memorial (South Dakota),coin,NO,
ref_coin_america_the_beautiful_quarters__national_parks_quarter_dollar_2013_d_perry_s_victory_and_in,2013,Quarter Dollar,D,America the Beautiful Quarters (National Parks),Perry's Victory and International Peace Memorial (Ohio),coin,NO,
ref_coin_america_the_beautiful_quarters__national_parks_quarter_dollar_2013_d_white_mountain_nationa,2013,Quarter Dollar,D,America the Beautiful Quarters (National Parks),White Mountain National Forest (New Hampshire),coin,NO,
ref_coin_america_the_beautiful_quarters__national_parks_quarter_dollar_2013_p_fort_mchenry_national_,2013,Quarter Dollar,P,America the Beautiful Quarters (National Parks),Fort McHenry National Monument (Maryland),coin,NO,
ref_coin_america_the_beautiful_quarters__national_parks_quarter_dollar_2013_p_great_basin_national_p,2013,Quarter Dollar,P,America the Beautiful Quarters (National Parks),Great Basin National Park (Nevada),coin,NO,
ref_coin_america_the_beautiful_quarters__national_parks_quarter_dollar_2013_p_mount_rushmore_nationa,2013,Quarter Dollar,P,America the Beautiful Quarters (National Parks),Mount Rushmore National Memorial (South Dakota),coin,NO,
ref_coin_america_the_beautiful_quarters__national_parks_quarter_dollar_2013_p_perry_s_victory_and_in,2013,Quarter Dollar,P,America the Beautiful Quarters (National Parks),Perry's Victory and International Peace Memorial (Ohio),coin,NO,
ref_coin_america_the_beautiful_quarters__national_parks_quarter_dollar_2013_p_white_mountain_nationa,2013,Quarter Dollar,P,America the Beautiful Quarters (National Parks),White Mountain National Forest (New Hampshire),coin,NO,
ref_coin_america_the_beautiful_quarters__national_parks_quarter_dollar_2013_s_fort_mchenry_national_,2013,Quarter Dollar,S,America the Beautiful Quarters (National Parks),Fort McHenry National Monument (Maryland),coin,NO,
ref_coin_america_the_beautiful_quarters__national_parks_quarter_dollar_2013_s_great_basin_national_p,2013,Quarter Dollar,S,America the Beautiful Quarters (National Parks),Great Basin National Park (Nevada),coin,NO,
ref_coin_america_the_beautiful_quarters__national_parks_quarter_dollar_2013_s_mount_rushmore_nationa,2013,Quarter Dollar,S,America the Beautiful Quarters (National Parks),Mount Rushmore National Memorial (South Dakota),coin,NO,
ref_coin_america_the_beautiful_quarters__national_parks_quarter_dollar_2013_s_perry_s_victory_and_in,2013,Quarter Dollar,S,America the Beautiful Quarters (National Parks),Perry's Victory and International Peace Memorial (Ohio),coin,NO,
ref_coin_america_the_beautiful_quarters__national_parks_quarter_dollar_2013_s_white_mountain_nationa,2013,Quarter Dollar,S,America the Beautiful Quarters (National Parks),White Mountain National Forest (New Hampshire),coin,NO,
ref_coin_american_silver_eagles_one_dollar_2013_p_none,2013,One Dollar,P,American Silver Eagles,,coin,NO,
ref_coin_american_silver_eagles_one_dollar_2013_w_enhanced_uncirculated,2013,One Dollar,W,American Silver Eagles,Enhanced Uncirculated,coin,NO,
ref_coin_american_silver_eagles_one_dollar_2013_w_none,2013,One Dollar,W,American Silver Eagles,,coin,NO,
ref_coin_american_silver_eagles_one_dollar_2013_w_proof,2013,One Dollar,W,American Silver Eagles,Proof,coin,NO,
ref_coin_american_silver_eagles_one_dollar_2013_w_reverse_proof,2013,One Dollar,W,American Silver Eagles,Reverse Proof,coin,NO,
ref_coin_jefferson_nickels_five_cents_2013_d_none,2013,Five Cents,D,Jefferson Nickels,,coin,NO,
ref_coin_jefferson_nickels_five_cents_2013_p_none,2013,Five Cents,P,Jefferson Nickels,,coin,NO,
ref_coin_jefferson_nickels_five_cents_2013_s_proof,2013,Five Cents,S,Jefferson Nickels,Proof,coin,NO,
ref_coin_kennedy_half_dollars_half_dollar_2013_d_none,2013,Half Dollar,D,Kennedy Half Dollars,,coin,NO,
ref_coin_kennedy_half_dollars_half_dollar_2013_p_none,2013,Half Dollar,P,Kennedy Half Dollars,,coin,NO,
ref_coin_kennedy_half_dollars_half_dollar_2013_s_none,2013,Half Dollar,S,Kennedy Half Dollars,,coin,NO,
ref_coin_kennedy_half_dollars_half_dollar_2013_s_silver_proof,2013,Half Dollar,S,Kennedy Half Dollars,Silver Proof,coin,NO,
ref_coin_lincoln_cents_one_cent_2013_d_none,2013,One Cent,D,Lincoln Cents,,coin,NO,
ref_coin_lincoln_cents_one_cent_2013_p_none,2013,One Cent,P,Lincoln Cents,,coin,NO,
ref_coin_lincoln_cents_one_cent_2013_s_proof,2013,One Cent,S,Lincoln Cents,Proof,coin,NO,
ref_coin_lincoln_shield_cents_one_cent_2013_d_none,2013,One Cent,D,Lincoln Shield Cents,,coin,NO,
ref_coin_lincoln_shield_cents_one_cent_2013_p_none,2013,One Cent,P,Lincoln Shield Cents,,coin,NO,
ref_coin_lincoln_shield_cents_one_cent_2013_s_none,2013,One Cent,S,Lincoln Shield Cents,,coin,NO,
ref_coin_presidential_dollars_one_dollar_2013_d_none,2013,One Dollar,D,Presidential Dollars,,coin,NO,
ref_coin_presidential_dollars_one_dollar_2013_p_none,2013,One Dollar,P,Presidential Dollars,,coin,NO,
ref_coin_presidential_dollars_one_dollar_2013_s_none,2013,One Dollar,S,Presidential Dollars,,coin,NO,
ref_coin_roosevelt_dimes_one_dime_2013_d_none,2013,One Dime,D,Roosevelt Dimes,,coin,NO,
ref_coin_roosevelt_dimes_one_dime_2013_p_none,2013,One Dime,P,Roosevelt Dimes,,coin,NO,
ref_coin_roosevelt_dimes_one_dime_2013_s_clad_proof,2013,One Dime,S,Roosevelt Dimes,Clad Proof,coin,NO,
ref_coin_roosevelt_dimes_one_dime_2013_s_silver_proof,2013,One Dime,S,Roosevelt Dimes,Silver Proof,coin,NO,
ref_coin_sacagawea___native_american_dollars_one_dollar_2013_d_none,2013,One Dollar,D,Sacagawea & Native American Dollars,,coin,NO,
ref_coin_sacagawea___native_american_dollars_one_dollar_2013_p_none,2013,One Dollar,P,Sacagawea & Native American Dollars,,coin,NO,
ref_coin_sacagawea___native_american_dollars_one_dollar_2013_s_none,2013,One Dollar,S,Sacagawea & Native American Dollars,,coin,NO,
ref_coin_type_43010,2013,Quarter Dollar,,Washington Quarters (Classic),"¼ Dollar ""Washington Quarter"" (White Mountain National Forest, New Hampshire)",coin,NO,
ref_coin_type_43516,2013,One Dollar,,Presidential Dollars,1 Dollar (Theodore Roosevelt),coin,NO,
ref_coin_type_43517,2013,One Dollar,,Presidential Dollars,1 Dollar (William Howard Taft),coin,NO,
ref_coin_type_43518,2013,One Dollar,,Presidential Dollars,1 Dollar (Woodrow Wilson),coin,NO,
ref_coin_type_43520,2013,Quarter Dollar,,Washington Quarters (Classic),"¼ Dollar ""Washington Quarter"" (Perry's Victory, Ohio)",coin,NO,
ref_coin_type_43521,2013,Quarter Dollar,,America the Beautiful Quarters (National Parks),"¼ Dollar ""Washington Quarter"" (Great Basin National Park, Nevada)",coin,NO,
ref_coin_type_43522,2013,Quarter Dollar,,Washington Quarters (Classic),"¼ Dollar ""Washington Quarter"" (Fort McHenry, Maryland)",coin,NO,
ref_coin_type_43523,2013,Quarter Dollar,,Washington Quarters (Classic),"¼ Dollar ""Washington Quarter"" (Mount Rushmore, South Dakota)",coin,NO,
ref_coin_type_44767,2013,One Dollar,,Sacagawea & Native American Dollars,"1 Dollar ""Native American Dollar"" (Treaty With the Delawares)",coin,NO,
ref_coin_type_45350,2013,Quarter Dollar,,Washington Quarters (Classic),"¼ Dollar ""Washington Quarter"" (White Mountain National Forest, New Hampshire - Silver Proof)",coin,NO,
ref_coin_type_48426,2013,Quarter Dollar,,Washington Quarters (Classic),"¼ Dollar ""Washington Quarter"" (Perry's Victory - Silver Proof)",coin,NO,
ref_coin_type_48427,2013,Quarter Dollar,,Washington Quarters (Classic),"¼ Dollar ""Washington Quarter"" (Great Basin - Silver Proof)",coin,NO,
ref_coin_type_48428,2013,Quarter Dollar,,Washington Quarters (Classic),"¼ Dollar ""Washington Quarter"" (Fort McHenry - Silver Proof)",coin,NO,
ref_coin_type_48429,2013,Quarter Dollar,,Washington Quarters (Classic),"¼ Dollar ""Washington Quarter"" (Mount Rushmore - Silver Proof)",coin,NO,
ref_coin_type_49746,2013,One Dollar,,Modern Commemorative Dollars,1 Dollar (5-Star Generals),coin,NO,
ref_coin_type_71639,2013,Half Dollar,,Modern Commemorative Dollars,½ Dollar (US Army 5-Star Generals),coin,NO,
ref_coin_type_95243,2013,Ten Dollars,W,Presidential Dollars,10 Dollars (Helen Taft; Bullion Coinage),coin,NO,
ref_coin_america_the_beautiful_quarters__national_parks_quarter_dollar_2014_d_arches_national_park__,2014,Quarter Dollar,D,America the Beautiful Quarters (National Parks),Arches National Park (Utah),coin,NO,
ref_coin_america_the_beautiful_quarters__national_parks_quarter_dollar_2014_d_everglades_national_pa,2014,Quarter Dollar,D,America the Beautiful Quarters (National Parks),Everglades National Park (Florida),coin,NO,
ref_coin_america_the_beautiful_quarters__national_parks_quarter_dollar_2014_d_great_sand_dunes_natio,2014,Quarter Dollar,D,America the Beautiful Quarters (National Parks),Great Sand Dunes National Park and Preserve (Colorado),coin,NO,
ref_coin_america_the_beautiful_quarters__national_parks_quarter_dollar_2014_d_great_smoky_mountains_,2014,Quarter Dollar,D,America the Beautiful Quarters (National Parks),Great Smoky Mountains National Park (Tennessee),coin,NO,
ref_coin_america_the_beautiful_quarters__national_parks_quarter_dollar_2014_d_shenandoah_national_pa,2014,Quarter Dollar,D,America the Beautiful Quarters (National Parks),Shenandoah National Park (Virginia),coin,NO,
ref_coin_america_the_beautiful_quarters__national_parks_quarter_dollar_2014_p_arches_national_park__,2014,Quarter Dollar,P,America the Beautiful Quarters (National Parks),Arches National Park (Utah),coin,NO,
ref_coin_america_the_beautiful_quarters__national_parks_quarter_dollar_2014_p_everglades_national_pa,2014,Quarter Dollar,P,America the Beautiful Quarters (National Parks),Everglades National Park (Florida),coin,NO,
ref_coin_america_the_beautiful_quarters__national_parks_quarter_dollar_2014_p_great_sand_dunes_natio,2014,Quarter Dollar,P,America the Beautiful Quarters (National Parks),Great Sand Dunes National Park and Preserve (Colorado),coin,NO,
ref_coin_america_the_beautiful_quarters__national_parks_quarter_dollar_2014_p_great_smoky_mountains_,2014,Quarter Dollar,P,America the Beautiful Quarters (National Parks),Great Smoky Mountains National Park (Tennessee),coin,NO,
ref_coin_america_the_beautiful_quarters__national_parks_quarter_dollar_2014_p_shenandoah_national_pa,2014,Quarter Dollar,P,America the Beautiful Quarters (National Parks),Shenandoah National Park (Virginia),coin,NO,
ref_coin_america_the_beautiful_quarters__national_parks_quarter_dollar_2014_s_arches_national_park__,2014,Quarter Dollar,S,America the Beautiful Quarters (National Parks),Arches National Park (Utah),coin,NO,
ref_coin_america_the_beautiful_quarters__national_parks_quarter_dollar_2014_s_everglades_national_pa,2014,Quarter Dollar,S,America the Beautiful Quarters (National Parks),Everglades National Park (Florida),coin,NO,
ref_coin_america_the_beautiful_quarters__national_parks_quarter_dollar_2014_s_great_sand_dunes_natio,2014,Quarter Dollar,S,America the Beautiful Quarters (National Parks),Great Sand Dunes National Park and Preserve (Colorado),coin,NO,
ref_coin_america_the_beautiful_quarters__national_parks_quarter_dollar_2014_s_great_smoky_mountains_,2014,Quarter Dollar,S,America the Beautiful Quarters (National Parks),Great Smoky Mountains National Park (Tennessee),coin,NO,
ref_coin_america_the_beautiful_quarters__national_parks_quarter_dollar_2014_s_shenandoah_national_pa,2014,Quarter Dollar,S,America the Beautiful Quarters (National Parks),Shenandoah National Park (Virginia),coin,NO,
ref_coin_american_silver_eagles_one_dollar_2014_p_none,2014,One Dollar,P,American Silver Eagles,,coin,NO,
ref_coin_american_silver_eagles_one_dollar_2014_w_none,2014,One Dollar,W,American Silver Eagles,,coin,NO,
ref_coin_american_silver_eagles_one_dollar_2014_w_proof,2014,One Dollar,W,American Silver Eagles,Proof,coin,NO,
ref_coin_jefferson_nickels_five_cents_2014_d_none,2014,Five Cents,D,Jefferson Nickels,,coin,NO,
ref_coin_jefferson_nickels_five_cents_2014_p_none,2014,Five Cents,P,Jefferson Nickels,,coin,NO,
ref_coin_jefferson_nickels_five_cents_2014_s_proof,2014,Five Cents,S,Jefferson Nickels,Proof,coin,NO,
ref_coin_kennedy_half_dollars_half_dollar_2014_d_50th_anniversary_high_relief,2014,Half Dollar,D,Kennedy Half Dollars,50th Anniversary High Relief,coin,NO,
ref_coin_kennedy_half_dollars_half_dollar_2014_d_none,2014,Half Dollar,D,Kennedy Half Dollars,,coin,NO,
ref_coin_kennedy_half_dollars_half_dollar_2014_p_50th_anniversary_high_relief,2014,Half Dollar,P,Kennedy Half Dollars,50th Anniversary High Relief,coin,NO,
ref_coin_kennedy_half_dollars_half_dollar_2014_p_50th_anniversary_silver_matte_finish,2014,Half Dollar,P,Kennedy Half Dollars,50th Anniversary Silver Matte Finish,coin,NO,
ref_coin_kennedy_half_dollars_half_dollar_2014_p_none,2014,Half Dollar,P,Kennedy Half Dollars,,coin,NO,
ref_coin_kennedy_half_dollars_half_dollar_2014_s_50th_anniversary_silver_proof,2014,Half Dollar,S,Kennedy Half Dollars,50th Anniversary Silver Proof,coin,NO,
ref_coin_kennedy_half_dollars_half_dollar_2014_s_50th_anniversary_silver_reverse_proof,2014,Half Dollar,S,Kennedy Half Dollars,50th Anniversary Silver Reverse Proof,coin,NO,
ref_coin_kennedy_half_dollars_half_dollar_2014_s_none,2014,Half Dollar,S,Kennedy Half Dollars,,coin,NO,
ref_coin_kennedy_half_dollars_half_dollar_2014_s_silver_proof,2014,Half Dollar,S,Kennedy Half Dollars,Silver Proof,coin,NO,
ref_coin_lincoln_cents_one_cent_2014_d_none,2014,One Cent,D,Lincoln Cents,,coin,NO,
ref_coin_lincoln_cents_one_cent_2014_p_none,2014,One Cent,P,Lincoln Cents,,coin,NO,
ref_coin_lincoln_cents_one_cent_2014_s_proof,2014,One Cent,S,Lincoln Cents,Proof,coin,NO,
ref_coin_lincoln_shield_cents_one_cent_2014_d_none,2014,One Cent,D,Lincoln Shield Cents,,coin,NO,
ref_coin_lincoln_shield_cents_one_cent_2014_p_none,2014,One Cent,P,Lincoln Shield Cents,,coin,NO,
ref_coin_lincoln_shield_cents_one_cent_2014_s_none,2014,One Cent,S,Lincoln Shield Cents,,coin,NO,
ref_coin_lincoln_shield_cents_one_cent_2014_s_preservation_reverse_proof,2014,One Cent,S,Lincoln Shield Cents,Preservation Reverse Proof,coin,NO,
ref_coin_presidential_dollars_one_dollar_2014_d_none,2014,One Dollar,D,Presidential Dollars,,coin,NO,
ref_coin_presidential_dollars_one_dollar_2014_p_none,2014,One Dollar,P,Presidential Dollars,,coin,NO,
ref_coin_presidential_dollars_one_dollar_2014_s_none,2014,One Dollar,S,Presidential Dollars,,coin,NO,
ref_coin_roosevelt_dimes_one_dime_2014_d_none,2014,One Dime,D,Roosevelt Dimes,,coin,NO,
ref_coin_roosevelt_dimes_one_dime_2014_p_none,2014,One Dime,P,Roosevelt Dimes,,coin,NO,
ref_coin_roosevelt_dimes_one_dime_2014_s_clad_proof,2014,One Dime,S,Roosevelt Dimes,Clad Proof,coin,NO,
ref_coin_roosevelt_dimes_one_dime_2014_s_silver_proof,2014,One Dime,S,Roosevelt Dimes,Silver Proof,coin,NO,
ref_coin_sacagawea___native_american_dollars_one_dollar_2014_d_none,2014,One Dollar,D,Sacagawea & Native American Dollars,,coin,NO,
ref_coin_sacagawea___native_american_dollars_one_dollar_2014_p_none,2014,One Dollar,P,Sacagawea & Native American Dollars,,coin,NO,
ref_coin_sacagawea___native_american_dollars_one_dollar_2014_s_none,2014,One Dollar,S,Sacagawea & Native American Dollars,,coin,NO,
ref_coin_type_58917,2014,Five Dollars,W,Modern Commemorative Dollars,5 Dollars (National Baseball Hall of Fame),coin,NO,
ref_coin_type_95362,2014,Ten Dollars,W,Presidential Dollars,10 Dollars (Eleanor Roosevelt; Bullion Coinage),coin,NO,
ref_coin_america_the_beautiful_quarters__national_parks_quarter_dollar_2015_d_blue_ridge_parkway__no,2015,Quarter Dollar,D,America the Beautiful Quarters (National Parks),Blue Ridge Parkway (North Carolina),coin,NO,
ref_coin_america_the_beautiful_quarters__national_parks_quarter_dollar_2015_d_bombay_hook_national_w,2015,Quarter Dollar,D,America the Beautiful Quarters (National Parks),Bombay Hook National Wildlife Refuge (Delaware),coin,NO,
ref_coin_america_the_beautiful_quarters__national_parks_quarter_dollar_2015_d_homestead_national_his,2015,Quarter Dollar,D,America the Beautiful Quarters (National Parks),Homestead National Historical Park (Nebraska),coin,NO,
ref_coin_america_the_beautiful_quarters__national_parks_quarter_dollar_2015_d_kisatchie_national_for,2015,Quarter Dollar,D,America the Beautiful Quarters (National Parks),Kisatchie National Forest (Louisiana),coin,NO,
ref_coin_america_the_beautiful_quarters__national_parks_quarter_dollar_2015_d_saratoga_national_hist,2015,Quarter Dollar,D,America the Beautiful Quarters (National Parks),Saratoga National Historical Park (New York),coin,NO,
ref_coin_america_the_beautiful_quarters__national_parks_quarter_dollar_2015_p_blue_ridge_parkway__no,2015,Quarter Dollar,P,America the Beautiful Quarters (National Parks),Blue Ridge Parkway (North Carolina),coin,NO,
ref_coin_america_the_beautiful_quarters__national_parks_quarter_dollar_2015_p_bombay_hook_national_w,2015,Quarter Dollar,P,America the Beautiful Quarters (National Parks),Bombay Hook National Wildlife Refuge (Delaware),coin,NO,
ref_coin_america_the_beautiful_quarters__national_parks_quarter_dollar_2015_p_homestead_national_his,2015,Quarter Dollar,P,America the Beautiful Quarters (National Parks),Homestead National Historical Park (Nebraska) - Doubled Die Reverse,coin,NO,
ref_coin_america_the_beautiful_quarters__national_parks_quarter_dollar_2015_p_kisatchie_national_for,2015,Quarter Dollar,P,America the Beautiful Quarters (National Parks),Kisatchie National Forest (Louisiana),coin,NO,
ref_coin_america_the_beautiful_quarters__national_parks_quarter_dollar_2015_p_saratoga_national_hist,2015,Quarter Dollar,P,America the Beautiful Quarters (National Parks),Saratoga National Historical Park (New York),coin,NO,
ref_coin_america_the_beautiful_quarters__national_parks_quarter_dollar_2015_s_blue_ridge_parkway__no,2015,Quarter Dollar,S,America the Beautiful Quarters (National Parks),Blue Ridge Parkway (North Carolina),coin,NO,
ref_coin_america_the_beautiful_quarters__national_parks_quarter_dollar_2015_s_bombay_hook_national_w,2015,Quarter Dollar,S,America the Beautiful Quarters (National Parks),Bombay Hook National Wildlife Refuge (Delaware),coin,NO,
ref_coin_america_the_beautiful_quarters__national_parks_quarter_dollar_2015_s_homestead_national_his,2015,Quarter Dollar,S,America the Beautiful Quarters (National Parks),Homestead National Historical Park (Nebraska),coin,NO,
ref_coin_america_the_beautiful_quarters__national_parks_quarter_dollar_2015_s_kisatchie_national_for,2015,Quarter Dollar,S,America the Beautiful Quarters (National Parks),Kisatchie National Forest (Louisiana),coin,NO,
ref_coin_america_the_beautiful_quarters__national_parks_quarter_dollar_2015_s_saratoga_national_hist,2015,Quarter Dollar,S,America the Beautiful Quarters (National Parks),Saratoga National Historical Park (New York),coin,NO,
ref_coin_american_silver_eagles_one_dollar_2015_p_none,2015,One Dollar,P,American Silver Eagles,,coin,NO,
ref_coin_american_silver_eagles_one_dollar_2015_w_none,2015,One Dollar,W,American Silver Eagles,,coin,NO,
ref_coin_american_silver_eagles_one_dollar_2015_w_proof,2015,One Dollar,W,American Silver Eagles,Proof,coin,NO,
ref_coin_jefferson_nickels_five_cents_2015_d_none,2015,Five Cents,D,Jefferson Nickels,,coin,NO,
ref_coin_jefferson_nickels_five_cents_2015_p_none,2015,Five Cents,P,Jefferson Nickels,,coin,NO,
ref_coin_jefferson_nickels_five_cents_2015_s_proof,2015,Five Cents,S,Jefferson Nickels,Proof,coin,NO,
ref_coin_kennedy_half_dollars_half_dollar_2015_d_none,2015,Half Dollar,D,Kennedy Half Dollars,,coin,NO,
ref_coin_kennedy_half_dollars_half_dollar_2015_p_none,2015,Half Dollar,P,Kennedy Half Dollars,,coin,NO,
ref_coin_kennedy_half_dollars_half_dollar_2015_s_proof,2015,Half Dollar,S,Kennedy Half Dollars,Proof,coin,NO,
ref_coin_kennedy_half_dollars_half_dollar_2015_s_silver_proof,2015,Half Dollar,S,Kennedy Half Dollars,Silver Proof,coin,NO,
ref_coin_lincoln_cents_one_cent_2015_d_none,2015,One Cent,D,Lincoln Cents,,coin,NO,
ref_coin_lincoln_cents_one_cent_2015_p_none,2015,One Cent,P,Lincoln Cents,,coin,NO,
ref_coin_lincoln_cents_one_cent_2015_s_proof,2015,One Cent,S,Lincoln Cents,Proof,coin,NO,
ref_coin_lincoln_shield_cents_one_cent_2015_d_none,2015,One Cent,D,Lincoln Shield Cents,,coin,NO,
ref_coin_lincoln_shield_cents_one_cent_2015_p_none,2015,One Cent,P,Lincoln Shield Cents,,coin,NO,
ref_coin_lincoln_shield_cents_one_cent_2015_s_none,2015,One Cent,S,Lincoln Shield Cents,,coin,NO,
ref_coin_presidential_dollars_one_dollar_2015_d_none,2015,One Dollar,D,Presidential Dollars,,coin,NO,
ref_coin_presidential_dollars_one_dollar_2015_p_none,2015,One Dollar,P,Presidential Dollars,,coin,NO,
ref_coin_presidential_dollars_one_dollar_2015_s_none,2015,One Dollar,S,Presidential Dollars,,coin,NO,
ref_coin_roosevelt_dimes_one_dime_2015_d_none,2015,One Dime,D,Roosevelt Dimes,,coin,NO,
ref_coin_roosevelt_dimes_one_dime_2015_p_none,2015,One Dime,P,Roosevelt Dimes,,coin,NO,
ref_coin_roosevelt_dimes_one_dime_2015_p_special_reverse_proof,2015,One Dime,P,Roosevelt Dimes,Special Reverse Proof,coin,NO,
ref_coin_roosevelt_dimes_one_dime_2015_s_clad_proof,2015,One Dime,S,Roosevelt Dimes,Clad Proof,coin,NO,
ref_coin_roosevelt_dimes_one_dime_2015_s_silver_proof,2015,One Dime,S,Roosevelt Dimes,Silver Proof,coin,NO,
ref_coin_sacagawea___native_american_dollars_one_dollar_2015_d_none,2015,One Dollar,D,Sacagawea & Native American Dollars,,coin,NO,
ref_coin_sacagawea___native_american_dollars_one_dollar_2015_p_none,2015,One Dollar,P,Sacagawea & Native American Dollars,,coin,NO,
ref_coin_sacagawea___native_american_dollars_one_dollar_2015_s_none,2015,One Dollar,S,Sacagawea & Native American Dollars,,coin,NO,
ref_coin_america_the_beautiful_quarters__national_parks_quarter_dollar_2016_d_cumberland_gap_nationa,2016,Quarter Dollar,D,America the Beautiful Quarters (National Parks),Cumberland Gap National Historical Park (Kentucky),coin,NO,
ref_coin_america_the_beautiful_quarters__national_parks_quarter_dollar_2016_d_fort_moultrie___fort_s,2016,Quarter Dollar,D,America the Beautiful Quarters (National Parks),Fort Moultrie ( Fort Sumter National Monument ) (South Carolina),coin,NO,
ref_coin_america_the_beautiful_quarters__national_parks_quarter_dollar_2016_d_harpers_ferry_national,2016,Quarter Dollar,D,America the Beautiful Quarters (National Parks),Harpers Ferry National Historical Park (West Virginia),coin,NO,
ref_coin_america_the_beautiful_quarters__national_parks_quarter_dollar_2016_d_shawnee_national_fores,2016,Quarter Dollar,D,America the Beautiful Quarters (National Parks),Shawnee National Forest (Illinois),coin,NO,
ref_coin_america_the_beautiful_quarters__national_parks_quarter_dollar_2016_d_theodore_roosevelt_nat,2016,Quarter Dollar,D,America the Beautiful Quarters (National Parks),Theodore Roosevelt National Park (North Dakota),coin,NO,
ref_coin_america_the_beautiful_quarters__national_parks_quarter_dollar_2016_p_cumberland_gap_nationa,2016,Quarter Dollar,P,America the Beautiful Quarters (National Parks),Cumberland Gap National Historical Park (Kentucky),coin,NO,
ref_coin_america_the_beautiful_quarters__national_parks_quarter_dollar_2016_p_fort_moultrie___fort_s,2016,Quarter Dollar,P,America the Beautiful Quarters (National Parks),Fort Moultrie ( Fort Sumter National Monument ) (South Carolina),coin,NO,
ref_coin_america_the_beautiful_quarters__national_parks_quarter_dollar_2016_p_harpers_ferry_national,2016,Quarter Dollar,P,America the Beautiful Quarters (National Parks),Harpers Ferry National Historical Park (West Virginia),coin,NO,
ref_coin_america_the_beautiful_quarters__national_parks_quarter_dollar_2016_p_shawnee_national_fores,2016,Quarter Dollar,P,America the Beautiful Quarters (National Parks),Shawnee National Forest (Illinois),coin,NO,
ref_coin_america_the_beautiful_quarters__national_parks_quarter_dollar_2016_p_theodore_roosevelt_nat,2016,Quarter Dollar,P,America the Beautiful Quarters (National Parks),Theodore Roosevelt National Park (North Dakota),coin,NO,
ref_coin_america_the_beautiful_quarters__national_parks_quarter_dollar_2016_s_cumberland_gap_nationa,2016,Quarter Dollar,S,America the Beautiful Quarters (National Parks),Cumberland Gap National Historical Park (Kentucky),coin,NO,
ref_coin_america_the_beautiful_quarters__national_parks_quarter_dollar_2016_s_fort_moultrie___fort_s,2016,Quarter Dollar,S,America the Beautiful Quarters (National Parks),Fort Moultrie ( Fort Sumter National Monument ) (South Carolina),coin,NO,
ref_coin_america_the_beautiful_quarters__national_parks_quarter_dollar_2016_s_harpers_ferry_national,2016,Quarter Dollar,S,America the Beautiful Quarters (National Parks),Harpers Ferry National Historical Park (West Virginia),coin,NO,
ref_coin_america_the_beautiful_quarters__national_parks_quarter_dollar_2016_s_shawnee_national_fores,2016,Quarter Dollar,S,America the Beautiful Quarters (National Parks),Shawnee National Forest (Illinois),coin,NO,
ref_coin_america_the_beautiful_quarters__national_parks_quarter_dollar_2016_s_theodore_roosevelt_nat,2016,Quarter Dollar,S,America the Beautiful Quarters (National Parks),Theodore Roosevelt National Park (North Dakota),coin,NO,
ref_coin_american_silver_eagles_one_dollar_2016_p_none,2016,One Dollar,P,American Silver Eagles,,coin,NO,
ref_coin_american_silver_eagles_one_dollar_2016_w_burnished___30th_anniversary_lettered_edge,2016,One Dollar,W,American Silver Eagles,Burnished - 30th Anniversary Lettered Edge,coin,NO,
ref_coin_american_silver_eagles_one_dollar_2016_w_none,2016,One Dollar,W,American Silver Eagles,,coin,NO,
ref_coin_american_silver_eagles_one_dollar_2016_w_proof___30th_anniversary_lettered_edge,2016,One Dollar,W,American Silver Eagles,Proof - 30th Anniversary Lettered Edge,coin,NO,
ref_coin_jefferson_nickels_five_cents_2016_d_none,2016,Five Cents,D,Jefferson Nickels,,coin,NO,
ref_coin_jefferson_nickels_five_cents_2016_p_none,2016,Five Cents,P,Jefferson Nickels,,coin,NO,
ref_coin_jefferson_nickels_five_cents_2016_s_proof,2016,Five Cents,S,Jefferson Nickels,Proof,coin,NO,
ref_coin_kennedy_half_dollars_half_dollar_2016_d_none,2016,Half Dollar,D,Kennedy Half Dollars,,coin,NO,
ref_coin_kennedy_half_dollars_half_dollar_2016_p_none,2016,Half Dollar,P,Kennedy Half Dollars,,coin,NO,
ref_coin_kennedy_half_dollars_half_dollar_2016_s_proof,2016,Half Dollar,S,Kennedy Half Dollars,Proof,coin,NO,
ref_coin_kennedy_half_dollars_half_dollar_2016_s_silver_proof,2016,Half Dollar,S,Kennedy Half Dollars,Silver Proof,coin,NO,
ref_coin_lincoln_cents_one_cent_2016_d_none,2016,One Cent,D,Lincoln Cents,,coin,NO,
ref_coin_lincoln_cents_one_cent_2016_p_none,2016,One Cent,P,Lincoln Cents,,coin,NO,
ref_coin_lincoln_cents_one_cent_2016_s_proof,2016,One Cent,S,Lincoln Cents,Proof,coin,NO,
ref_coin_lincoln_shield_cents_one_cent_2016_d_none,2016,One Cent,D,Lincoln Shield Cents,,coin,NO,
ref_coin_lincoln_shield_cents_one_cent_2016_p_none,2016,One Cent,P,Lincoln Shield Cents,,coin,NO,
ref_coin_lincoln_shield_cents_one_cent_2016_s_none,2016,One Cent,S,Lincoln Shield Cents,,coin,NO,
ref_coin_presidential_dollars_one_dollar_2016_d_none,2016,One Dollar,D,Presidential Dollars,,coin,NO,
ref_coin_presidential_dollars_one_dollar_2016_p_none,2016,One Dollar,P,Presidential Dollars,,coin,NO,
ref_coin_presidential_dollars_one_dollar_2016_s_none,2016,One Dollar,S,Presidential Dollars,,coin,NO,
ref_coin_roosevelt_dimes_one_dime_2016_d_none,2016,One Dime,D,Roosevelt Dimes,,coin,NO,
ref_coin_roosevelt_dimes_one_dime_2016_p_none,2016,One Dime,P,Roosevelt Dimes,,coin,NO,
ref_coin_roosevelt_dimes_one_dime_2016_s_clad_proof,2016,One Dime,S,Roosevelt Dimes,Clad Proof,coin,NO,
ref_coin_roosevelt_dimes_one_dime_2016_s_silver_proof,2016,One Dime,S,Roosevelt Dimes,Silver Proof,coin,NO,
ref_coin_sacagawea___native_american_dollars_one_dollar_2016_d_none,2016,One Dollar,D,Sacagawea & Native American Dollars,,coin,NO,
ref_coin_sacagawea___native_american_dollars_one_dollar_2016_p_none,2016,One Dollar,P,Sacagawea & Native American Dollars,,coin,NO,
ref_coin_sacagawea___native_american_dollars_one_dollar_2016_s_none,2016,One Dollar,S,Sacagawea & Native American Dollars,,coin,NO,
ref_coin_america_the_beautiful_quarters__national_parks_quarter_dollar_2017_d_effigy_mounds_national,2017,Quarter Dollar,D,America the Beautiful Quarters (National Parks),Effigy Mounds National Monument (Iowa),coin,NO,
ref_coin_america_the_beautiful_quarters__national_parks_quarter_dollar_2017_d_ellis_island___statue_,2017,Quarter Dollar,D,America the Beautiful Quarters (National Parks),Ellis Island ( Statue of Liberty National Monument ) (New Jersey),coin,NO,
ref_coin_america_the_beautiful_quarters__national_parks_quarter_dollar_2017_d_frederick_douglass_nat,2017,Quarter Dollar,D,America the Beautiful Quarters (National Parks),Frederick Douglass National Historic Site (District of Columbia),coin,NO,
ref_coin_america_the_beautiful_quarters__national_parks_quarter_dollar_2017_d_george_rogers_clark_na,2017,Quarter Dollar,D,America the Beautiful Quarters (National Parks),George Rogers Clark National Historical Park (Indiana),coin,NO,
ref_coin_america_the_beautiful_quarters__national_parks_quarter_dollar_2017_d_ozark_national_scenic_,2017,Quarter Dollar,D,America the Beautiful Quarters (National Parks),Ozark National Scenic Riverways (Missouri),coin,NO,
ref_coin_america_the_beautiful_quarters__national_parks_quarter_dollar_2017_p_effigy_mounds_national,2017,Quarter Dollar,P,America the Beautiful Quarters (National Parks),Effigy Mounds National Monument (Iowa),coin,NO,
ref_coin_america_the_beautiful_quarters__national_parks_quarter_dollar_2017_p_ellis_island___statue_,2017,Quarter Dollar,P,America the Beautiful Quarters (National Parks),Ellis Island ( Statue of Liberty National Monument ) (New Jersey),coin,NO,
ref_coin_america_the_beautiful_quarters__national_parks_quarter_dollar_2017_p_frederick_douglass_nat,2017,Quarter Dollar,P,America the Beautiful Quarters (National Parks),Frederick Douglass National Historic Site (District of Columbia),coin,NO,
ref_coin_america_the_beautiful_quarters__national_parks_quarter_dollar_2017_p_george_rogers_clark_na,2017,Quarter Dollar,P,America the Beautiful Quarters (National Parks),George Rogers Clark National Historical Park (Indiana),coin,NO,
ref_coin_america_the_beautiful_quarters__national_parks_quarter_dollar_2017_p_ozark_national_scenic_,2017,Quarter Dollar,P,America the Beautiful Quarters (National Parks),Ozark National Scenic Riverways (Missouri),coin,NO,
ref_coin_america_the_beautiful_quarters__national_parks_quarter_dollar_2017_s_effigy_mounds_national,2017,Quarter Dollar,S,America the Beautiful Quarters (National Parks),Effigy Mounds National Monument (Iowa),coin,NO,
ref_coin_america_the_beautiful_quarters__national_parks_quarter_dollar_2017_s_ellis_island___statue_,2017,Quarter Dollar,S,America the Beautiful Quarters (National Parks),Ellis Island ( Statue of Liberty National Monument ) (New Jersey),coin,NO,
ref_coin_america_the_beautiful_quarters__national_parks_quarter_dollar_2017_s_frederick_douglass_nat,2017,Quarter Dollar,S,America the Beautiful Quarters (National Parks),Frederick Douglass National Historic Site (District of Columbia),coin,NO,
ref_coin_america_the_beautiful_quarters__national_parks_quarter_dollar_2017_s_george_rogers_clark_na,2017,Quarter Dollar,S,America the Beautiful Quarters (National Parks),George Rogers Clark National Historical Park (Indiana),coin,NO,
ref_coin_america_the_beautiful_quarters__national_parks_quarter_dollar_2017_s_ozark_national_scenic_,2017,Quarter Dollar,S,America the Beautiful Quarters (National Parks),Ozark National Scenic Riverways (Missouri),coin,NO,
ref_coin_american_silver_eagles_one_dollar_2017_p_none,2017,One Dollar,P,American Silver Eagles,,coin,NO,
ref_coin_american_silver_eagles_one_dollar_2017_s_none,2017,One Dollar,S,American Silver Eagles,,coin,NO,
ref_coin_american_silver_eagles_one_dollar_2017_s_proof,2017,One Dollar,S,American Silver Eagles,Proof,coin,NO,
ref_coin_american_silver_eagles_one_dollar_2017_w_none,2017,One Dollar,W,American Silver Eagles,,coin,NO,
ref_coin_american_silver_eagles_one_dollar_2017_w_proof,2017,One Dollar,W,American Silver Eagles,Proof,coin,NO,
ref_coin_jefferson_nickels_five_cents_2017_d_none,2017,Five Cents,D,Jefferson Nickels,,coin,NO,
ref_coin_jefferson_nickels_five_cents_2017_p_none,2017,Five Cents,P,Jefferson Nickels,,coin,NO,
ref_coin_jefferson_nickels_five_cents_2017_s_proof,2017,Five Cents,S,Jefferson Nickels,Proof,coin,NO,
ref_coin_kennedy_half_dollars_half_dollar_2017_d_none,2017,Half Dollar,D,Kennedy Half Dollars,,coin,NO,
ref_coin_kennedy_half_dollars_half_dollar_2017_p_none,2017,Half Dollar,P,Kennedy Half Dollars,,coin,NO,
ref_coin_kennedy_half_dollars_half_dollar_2017_s_enhanced_uncirculated,2017,Half Dollar,S,Kennedy Half Dollars,Enhanced Uncirculated,coin,NO,
ref_coin_kennedy_half_dollars_half_dollar_2017_s_proof,2017,Half Dollar,S,Kennedy Half Dollars,Proof,coin,NO,
ref_coin_kennedy_half_dollars_half_dollar_2017_s_silver_proof,2017,Half Dollar,S,Kennedy Half Dollars,Silver Proof,coin,NO,
ref_coin_lincoln_cents_one_cent_2017_d_none,2017,One Cent,D,Lincoln Cents,,coin,NO,
ref_coin_lincoln_cents_one_cent_2017_p_p_mint_mark,2017,One Cent,P,Lincoln Cents,P Mint Mark,coin,NO,
ref_coin_lincoln_cents_one_cent_2017_s_proof,2017,One Cent,S,Lincoln Cents,Proof,coin,NO,
ref_coin_lincoln_shield_cents_one_cent_2017_d_none,2017,One Cent,D,Lincoln Shield Cents,,coin,NO,
ref_coin_lincoln_shield_cents_one_cent_2017_p_none,2017,One Cent,P,Lincoln Shield Cents,,coin,NO,
ref_coin_lincoln_shield_cents_one_cent_2017_s_enhanced_uncirculated,2017,One Cent,S,Lincoln Shield Cents,Enhanced Uncirculated,coin,NO,
ref_coin_lincoln_shield_cents_one_cent_2017_s_none,2017,One Cent,S,Lincoln Shield Cents,,coin,NO,
ref_coin_roosevelt_dimes_one_dime_2017_d_none,2017,One Dime,D,Roosevelt Dimes,,coin,NO,
ref_coin_roosevelt_dimes_one_dime_2017_p_none,2017,One Dime,P,Roosevelt Dimes,,coin,NO,
ref_coin_roosevelt_dimes_one_dime_2017_s_clad_proof,2017,One Dime,S,Roosevelt Dimes,Clad Proof,coin,NO,
ref_coin_roosevelt_dimes_one_dime_2017_s_silver_proof,2017,One Dime,S,Roosevelt Dimes,Silver Proof,coin,NO,
ref_coin_sacagawea___native_american_dollars_one_dollar_2017_d_none,2017,One Dollar,D,Sacagawea & Native American Dollars,,coin,NO,
ref_coin_sacagawea___native_american_dollars_one_dollar_2017_p_none,2017,One Dollar,P,Sacagawea & Native American Dollars,,coin,NO,
ref_coin_sacagawea___native_american_dollars_one_dollar_2017_s_none,2017,One Dollar,S,Sacagawea & Native American Dollars,,coin,NO,
ref_coin_america_the_beautiful_quarters__national_parks_quarter_dollar_2018_d_apostle_islands_nation,2018,Quarter Dollar,D,America the Beautiful Quarters (National Parks),Apostle Islands National Lakeshore (Wisconsin),coin,NO,
ref_coin_america_the_beautiful_quarters__national_parks_quarter_dollar_2018_d_block_island_national_,2018,Quarter Dollar,D,America the Beautiful Quarters (National Parks),Block Island National Wildlife Refuge (Rhode Island),coin,NO,
ref_coin_america_the_beautiful_quarters__national_parks_quarter_dollar_2018_d_cumberland_island_nati,2018,Quarter Dollar,D,America the Beautiful Quarters (National Parks),Cumberland Island National Seashore (Georgia),coin,NO,
ref_coin_america_the_beautiful_quarters__national_parks_quarter_dollar_2018_d_pictured_rocks_nationa,2018,Quarter Dollar,D,America the Beautiful Quarters (National Parks),Pictured Rocks National Lakeshore (Michigan),coin,NO,
ref_coin_america_the_beautiful_quarters__national_parks_quarter_dollar_2018_d_voyageurs_national_par,2018,Quarter Dollar,D,America the Beautiful Quarters (National Parks),Voyageurs National Park (Minnesota),coin,NO,
ref_coin_america_the_beautiful_quarters__national_parks_quarter_dollar_2018_p_apostle_islands_nation,2018,Quarter Dollar,P,America the Beautiful Quarters (National Parks),Apostle Islands National Lakeshore (Wisconsin),coin,NO,
ref_coin_america_the_beautiful_quarters__national_parks_quarter_dollar_2018_p_block_island_national_,2018,Quarter Dollar,P,America the Beautiful Quarters (National Parks),Block Island National Wildlife Refuge (Rhode Island),coin,NO,
ref_coin_america_the_beautiful_quarters__national_parks_quarter_dollar_2018_p_cumberland_island_nati,2018,Quarter Dollar,P,America the Beautiful Quarters (National Parks),Cumberland Island National Seashore (Georgia),coin,NO,
ref_coin_america_the_beautiful_quarters__national_parks_quarter_dollar_2018_p_pictured_rocks_nationa,2018,Quarter Dollar,P,America the Beautiful Quarters (National Parks),Pictured Rocks National Lakeshore (Michigan),coin,NO,
ref_coin_america_the_beautiful_quarters__national_parks_quarter_dollar_2018_p_voyageurs_national_par,2018,Quarter Dollar,P,America the Beautiful Quarters (National Parks),Voyageurs National Park (Minnesota),coin,NO,
ref_coin_america_the_beautiful_quarters__national_parks_quarter_dollar_2018_s_apostle_islands_nation,2018,Quarter Dollar,S,America the Beautiful Quarters (National Parks),Apostle Islands National Lakeshore (Wisconsin),coin,NO,
ref_coin_america_the_beautiful_quarters__national_parks_quarter_dollar_2018_s_block_island_national_,2018,Quarter Dollar,S,America the Beautiful Quarters (National Parks),Block Island National Wildlife Refuge (Rhode Island),coin,NO,
ref_coin_america_the_beautiful_quarters__national_parks_quarter_dollar_2018_s_cumberland_island_nati,2018,Quarter Dollar,S,America the Beautiful Quarters (National Parks),Cumberland Island National Seashore (Georgia),coin,NO,
ref_coin_america_the_beautiful_quarters__national_parks_quarter_dollar_2018_s_pictured_rocks_nationa,2018,Quarter Dollar,S,America the Beautiful Quarters (National Parks),Pictured Rocks National Lakeshore (Michigan),coin,NO,
ref_coin_america_the_beautiful_quarters__national_parks_quarter_dollar_2018_s_voyageurs_national_par,2018,Quarter Dollar,S,America the Beautiful Quarters (National Parks),Voyageurs National Park (Minnesota),coin,NO,
ref_coin_american_innovation__1_coin_program_one_dollar_2018_d_introductory_first_patent,2018,One Dollar,D,American Innovation $1 Coin Program,Introductory First patent,coin,NO,
ref_coin_american_innovation__1_coin_program_one_dollar_2018_p_introductory_first_patent,2018,One Dollar,P,American Innovation $1 Coin Program,Introductory First patent,coin,NO,
ref_coin_american_innovation__1_coin_program_one_dollar_2018_s_introductory_first_patent__proof,2018,One Dollar,S,American Innovation $1 Coin Program,Introductory First patent (Proof),coin,NO,
ref_coin_american_innovation__1_coin_program_one_dollar_2018_s_introductory_first_patent__reverse_pr,2018,One Dollar,S,American Innovation $1 Coin Program,Introductory First patent (Reverse Proof),coin,NO,
ref_coin_american_innovation__1_coin_program_one_dollar_2018_s_introductory_first_patent__uncirculat,2018,One Dollar,S,American Innovation $1 Coin Program,Introductory First patent (Uncirculated),coin,NO,
ref_coin_american_silver_eagles_one_dollar_2018_p_none,2018,One Dollar,P,American Silver Eagles,,coin,NO,
ref_coin_american_silver_eagles_one_dollar_2018_s_none,2018,One Dollar,S,American Silver Eagles,,coin,NO,
ref_coin_american_silver_eagles_one_dollar_2018_s_proof,2018,One Dollar,S,American Silver Eagles,Proof,coin,NO,
ref_coin_american_silver_eagles_one_dollar_2018_s_reverse_proof,2018,One Dollar,S,American Silver Eagles,Reverse Proof,coin,NO,
ref_coin_american_silver_eagles_one_dollar_2018_w_none,2018,One Dollar,W,American Silver Eagles,,coin,NO,
ref_coin_american_silver_eagles_one_dollar_2018_w_proof,2018,One Dollar,W,American Silver Eagles,Proof,coin,NO,
ref_coin_jefferson_nickels_five_cents_2018_d_none,2018,Five Cents,D,Jefferson Nickels,,coin,NO,
ref_coin_jefferson_nickels_five_cents_2018_p_none,2018,Five Cents,P,Jefferson Nickels,,coin,NO,
ref_coin_jefferson_nickels_five_cents_2018_s_proof,2018,Five Cents,S,Jefferson Nickels,Proof,coin,NO,
ref_coin_kennedy_half_dollars_half_dollar_2018_d_none,2018,Half Dollar,D,Kennedy Half Dollars,,coin,NO,
ref_coin_kennedy_half_dollars_half_dollar_2018_p_none,2018,Half Dollar,P,Kennedy Half Dollars,,coin,NO,
ref_coin_kennedy_half_dollars_half_dollar_2018_s_proof,2018,Half Dollar,S,Kennedy Half Dollars,Proof,coin,NO,
ref_coin_kennedy_half_dollars_half_dollar_2018_s_reverse_proof,2018,Half Dollar,S,Kennedy Half Dollars,Reverse Proof,coin,NO,
ref_coin_kennedy_half_dollars_half_dollar_2018_s_silver_proof,2018,Half Dollar,S,Kennedy Half Dollars,Silver Proof,coin,NO,
ref_coin_lincoln_cents_one_cent_2018_d_none,2018,One Cent,D,Lincoln Cents,,coin,NO,
ref_coin_lincoln_cents_one_cent_2018_p_none,2018,One Cent,P,Lincoln Cents,,coin,NO,
ref_coin_lincoln_cents_one_cent_2018_s_proof,2018,One Cent,S,Lincoln Cents,Proof,coin,NO,
ref_coin_lincoln_shield_cents_one_cent_2018_d_none,2018,One Cent,D,Lincoln Shield Cents,,coin,NO,
ref_coin_lincoln_shield_cents_one_cent_2018_p_none,2018,One Cent,P,Lincoln Shield Cents,,coin,NO,
ref_coin_lincoln_shield_cents_one_cent_2018_s_none,2018,One Cent,S,Lincoln Shield Cents,,coin,NO,
ref_coin_roosevelt_dimes_one_dime_2018_d_none,2018,One Dime,D,Roosevelt Dimes,,coin,NO,
ref_coin_roosevelt_dimes_one_dime_2018_p_none,2018,One Dime,P,Roosevelt Dimes,,coin,NO,
ref_coin_roosevelt_dimes_one_dime_2018_s_clad_proof,2018,One Dime,S,Roosevelt Dimes,Clad Proof,coin,NO,
ref_coin_roosevelt_dimes_one_dime_2018_s_reverse_proof,2018,One Dime,S,Roosevelt Dimes,Reverse Proof,coin,NO,
ref_coin_roosevelt_dimes_one_dime_2018_s_silver_proof,2018,One Dime,S,Roosevelt Dimes,Silver Proof,coin,NO,
ref_coin_sacagawea___native_american_dollars_one_dollar_2018_d_none,2018,One Dollar,D,Sacagawea & Native American Dollars,,coin,NO,
ref_coin_sacagawea___native_american_dollars_one_dollar_2018_p_none,2018,One Dollar,P,Sacagawea & Native American Dollars,,coin,NO,
ref_coin_sacagawea___native_american_dollars_one_dollar_2018_s_none,2018,One Dollar,S,Sacagawea & Native American Dollars,,coin,NO,
ref_coin_america_the_beautiful_quarters__national_parks_quarter_dollar_2019_d_american_memorial_park,2019,Quarter Dollar,D,America the Beautiful Quarters (National Parks),American Memorial Park (Northern Mariana Islands),coin,NO,
ref_coin_america_the_beautiful_quarters__national_parks_quarter_dollar_2019_d_frank_church_river_of_,2019,Quarter Dollar,D,America the Beautiful Quarters (National Parks),Frank Church–River of No Return Wilderness (Idaho),coin,NO,
ref_coin_america_the_beautiful_quarters__national_parks_quarter_dollar_2019_d_lowell_national_histor,2019,Quarter Dollar,D,America the Beautiful Quarters (National Parks),Lowell National Historical Park (Massachusetts),coin,NO,
ref_coin_america_the_beautiful_quarters__national_parks_quarter_dollar_2019_d_san_antonio_missions_n,2019,Quarter Dollar,D,America the Beautiful Quarters (National Parks),San Antonio Missions National Historical Park (Texas),coin,NO,
ref_coin_america_the_beautiful_quarters__national_parks_quarter_dollar_2019_d_war_in_the_pacific_nat,2019,Quarter Dollar,D,America the Beautiful Quarters (National Parks),War in the Pacific National Historical Park (Guam),coin,NO,
ref_coin_america_the_beautiful_quarters__national_parks_quarter_dollar_2019_p_american_memorial_park,2019,Quarter Dollar,P,America the Beautiful Quarters (National Parks),American Memorial Park (Northern Mariana Islands),coin,NO,
ref_coin_america_the_beautiful_quarters__national_parks_quarter_dollar_2019_p_frank_church_river_of_,2019,Quarter Dollar,P,America the Beautiful Quarters (National Parks),Frank Church–River of No Return Wilderness (Idaho),coin,NO,
ref_coin_america_the_beautiful_quarters__national_parks_quarter_dollar_2019_p_lowell_national_histor,2019,Quarter Dollar,P,America the Beautiful Quarters (National Parks),Lowell National Historical Park (Massachusetts),coin,NO,
ref_coin_america_the_beautiful_quarters__national_parks_quarter_dollar_2019_p_san_antonio_missions_n,2019,Quarter Dollar,P,America the Beautiful Quarters (National Parks),San Antonio Missions National Historical Park (Texas),coin,NO,
ref_coin_america_the_beautiful_quarters__national_parks_quarter_dollar_2019_p_war_in_the_pacific_nat,2019,Quarter Dollar,P,America the Beautiful Quarters (National Parks),War in the Pacific National Historical Park (Guam),coin,NO,
ref_coin_america_the_beautiful_quarters__national_parks_quarter_dollar_2019_s_american_memorial_park,2019,Quarter Dollar,S,America the Beautiful Quarters (National Parks),American Memorial Park (Northern Mariana Islands),coin,NO,
ref_coin_america_the_beautiful_quarters__national_parks_quarter_dollar_2019_s_frank_church_river_of_,2019,Quarter Dollar,S,America the Beautiful Quarters (National Parks),Frank Church–River of No Return Wilderness (Idaho),coin,NO,
ref_coin_america_the_beautiful_quarters__national_parks_quarter_dollar_2019_s_lowell_national_histor,2019,Quarter Dollar,S,America the Beautiful Quarters (National Parks),Lowell National Historical Park (Massachusetts),coin,NO,
ref_coin_america_the_beautiful_quarters__national_parks_quarter_dollar_2019_s_san_antonio_missions_n,2019,Quarter Dollar,S,America the Beautiful Quarters (National Parks),San Antonio Missions National Historical Park (Texas),coin,NO,
ref_coin_america_the_beautiful_quarters__national_parks_quarter_dollar_2019_s_war_in_the_pacific_nat,2019,Quarter Dollar,S,America the Beautiful Quarters (National Parks),War in the Pacific National Historical Park (Guam),coin,NO,
ref_coin_american_innovation__1_coin_program_one_dollar_2019_d_delaware_annie_jump_cannon,2019,One Dollar,D,American Innovation $1 Coin Program,Delaware Annie Jump Cannon,coin,NO,
ref_coin_american_innovation__1_coin_program_one_dollar_2019_d_georgia_trustees__garden,2019,One Dollar,D,American Innovation $1 Coin Program,Georgia Trustees' Garden,coin,NO,
ref_coin_american_innovation__1_coin_program_one_dollar_2019_d_new_jersey_lightbulb,2019,One Dollar,D,American Innovation $1 Coin Program,New Jersey Lightbulb,coin,NO,
ref_coin_american_innovation__1_coin_program_one_dollar_2019_d_pennsylvania_polio_vaccine,2019,One Dollar,D,American Innovation $1 Coin Program,Pennsylvania Polio vaccine,coin,NO,
ref_coin_american_innovation__1_coin_program_one_dollar_2019_p_delaware_annie_jump_cannon,2019,One Dollar,P,American Innovation $1 Coin Program,Delaware Annie Jump Cannon,coin,NO,
ref_coin_american_innovation__1_coin_program_one_dollar_2019_p_georgia_trustees__garden,2019,One Dollar,P,American Innovation $1 Coin Program,Georgia Trustees' Garden,coin,NO,
ref_coin_american_innovation__1_coin_program_one_dollar_2019_p_new_jersey_lightbulb,2019,One Dollar,P,American Innovation $1 Coin Program,New Jersey Lightbulb,coin,NO,
ref_coin_american_innovation__1_coin_program_one_dollar_2019_p_pennsylvania_polio_vaccine,2019,One Dollar,P,American Innovation $1 Coin Program,Pennsylvania Polio vaccine,coin,NO,
ref_coin_american_innovation__1_coin_program_one_dollar_2019_s_delaware_annie_jump_cannon__proof,2019,One Dollar,S,American Innovation $1 Coin Program,Delaware Annie Jump Cannon (Proof),coin,NO,
ref_coin_american_innovation__1_coin_program_one_dollar_2019_s_delaware_annie_jump_cannon__reverse_p,2019,One Dollar,S,American Innovation $1 Coin Program,Delaware Annie Jump Cannon (Reverse Proof),coin,NO,
ref_coin_american_innovation__1_coin_program_one_dollar_2019_s_delaware_annie_jump_cannon__uncircula,2019,One Dollar,S,American Innovation $1 Coin Program,Delaware Annie Jump Cannon (Uncirculated),coin,NO,
ref_coin_american_innovation__1_coin_program_one_dollar_2019_s_georgia_trustees__garden__proof,2019,One Dollar,S,American Innovation $1 Coin Program,Georgia Trustees' Garden (Proof),coin,NO,
ref_coin_american_innovation__1_coin_program_one_dollar_2019_s_georgia_trustees__garden__reverse_pro,2019,One Dollar,S,American Innovation $1 Coin Program,Georgia Trustees' Garden (Reverse Proof),coin,NO,
ref_coin_american_innovation__1_coin_program_one_dollar_2019_s_georgia_trustees__garden__uncirculate,2019,One Dollar,S,American Innovation $1 Coin Program,Georgia Trustees' Garden (Uncirculated),coin,NO,
ref_coin_american_innovation__1_coin_program_one_dollar_2019_s_new_jersey_lightbulb__proof,2019,One Dollar,S,American Innovation $1 Coin Program,New Jersey Lightbulb (Proof),coin,NO,
ref_coin_american_innovation__1_coin_program_one_dollar_2019_s_new_jersey_lightbulb__reverse_proof,2019,One Dollar,S,American Innovation $1 Coin Program,New Jersey Lightbulb (Reverse Proof),coin,NO,
ref_coin_american_innovation__1_coin_program_one_dollar_2019_s_new_jersey_lightbulb__uncirculated,2019,One Dollar,S,American Innovation $1 Coin Program,New Jersey Lightbulb (Uncirculated),coin,NO,
ref_coin_american_innovation__1_coin_program_one_dollar_2019_s_pennsylvania_polio_vaccine__proof,2019,One Dollar,S,American Innovation $1 Coin Program,Pennsylvania Polio vaccine (Proof),coin,NO,
ref_coin_american_innovation__1_coin_program_one_dollar_2019_s_pennsylvania_polio_vaccine__reverse_p,2019,One Dollar,S,American Innovation $1 Coin Program,Pennsylvania Polio vaccine (Reverse Proof),coin,NO,
ref_coin_american_innovation__1_coin_program_one_dollar_2019_s_pennsylvania_polio_vaccine__uncircula,2019,One Dollar,S,American Innovation $1 Coin Program,Pennsylvania Polio vaccine (Uncirculated),coin,NO,
ref_coin_american_silver_eagles_one_dollar_2019_p_none,2019,One Dollar,P,American Silver Eagles,,coin,NO,
ref_coin_american_silver_eagles_one_dollar_2019_s_enhanced_reverse_proof,2019,One Dollar,S,American Silver Eagles,Enhanced Reverse Proof,coin,NO,
ref_coin_american_silver_eagles_one_dollar_2019_s_none,2019,One Dollar,S,American Silver Eagles,,coin,NO,
ref_coin_american_silver_eagles_one_dollar_2019_s_proof,2019,One Dollar,S,American Silver Eagles,Proof,coin,NO,
ref_coin_american_silver_eagles_one_dollar_2019_w_enhanced_reverse_proof,2019,One Dollar,W,American Silver Eagles,Enhanced Reverse Proof,coin,NO,
ref_coin_american_silver_eagles_one_dollar_2019_w_none,2019,One Dollar,W,American Silver Eagles,,coin,NO,
ref_coin_american_silver_eagles_one_dollar_2019_w_proof,2019,One Dollar,W,American Silver Eagles,Proof,coin,NO,
ref_coin_jefferson_nickels_five_cents_2019_d_none,2019,Five Cents,D,Jefferson Nickels,,coin,NO,
ref_coin_jefferson_nickels_five_cents_2019_p_none,2019,Five Cents,P,Jefferson Nickels,,coin,NO,
ref_coin_jefferson_nickels_five_cents_2019_s_proof,2019,Five Cents,S,Jefferson Nickels,Proof,coin,NO,
ref_coin_kennedy_half_dollars_half_dollar_2019_d_none,2019,Half Dollar,D,Kennedy Half Dollars,,coin,NO,
ref_coin_kennedy_half_dollars_half_dollar_2019_p_none,2019,Half Dollar,P,Kennedy Half Dollars,,coin,NO,
ref_coin_kennedy_half_dollars_half_dollar_2019_s_fine_silver_proof,2019,Half Dollar,S,Kennedy Half Dollars,Fine Silver Proof,coin,NO,
ref_coin_kennedy_half_dollars_half_dollar_2019_s_proof,2019,Half Dollar,S,Kennedy Half Dollars,Proof,coin,NO,
ref_coin_lincoln_cents_one_cent_2019_d_none,2019,One Cent,D,Lincoln Cents,,coin,NO,
ref_coin_lincoln_cents_one_cent_2019_p_none,2019,One Cent,P,Lincoln Cents,,coin,NO,
ref_coin_lincoln_cents_one_cent_2019_s_proof,2019,One Cent,S,Lincoln Cents,Proof,coin,NO,
ref_coin_lincoln_cents_one_cent_2019_w_proof,2019,One Cent,W,Lincoln Cents,Proof,coin,NO,
ref_coin_lincoln_cents_one_cent_2019_w_reverse_proof,2019,One Cent,W,Lincoln Cents,Reverse Proof,coin,NO,
ref_coin_lincoln_cents_one_cent_2019_w_uncirculated,2019,One Cent,W,Lincoln Cents,Uncirculated,coin,NO,
ref_coin_lincoln_shield_cents_one_cent_2019_d_none,2019,One Cent,D,Lincoln Shield Cents,,coin,NO,
ref_coin_lincoln_shield_cents_one_cent_2019_p_none,2019,One Cent,P,Lincoln Shield Cents,,coin,NO,
ref_coin_lincoln_shield_cents_one_cent_2019_s_none,2019,One Cent,S,Lincoln Shield Cents,,coin,NO,
ref_coin_lincoln_shield_cents_one_cent_2019_w_proof,2019,One Cent,W,Lincoln Shield Cents,Proof,coin,NO,
ref_coin_lincoln_shield_cents_one_cent_2019_w_reverse_proof,2019,One Cent,W,Lincoln Shield Cents,Reverse Proof,coin,NO,
ref_coin_lincoln_shield_cents_one_cent_2019_w_uncirculated,2019,One Cent,W,Lincoln Shield Cents,Uncirculated,coin,NO,
ref_coin_roosevelt_dimes_one_dime_2019_d_none,2019,One Dime,D,Roosevelt Dimes,,coin,NO,
ref_coin_roosevelt_dimes_one_dime_2019_p_none,2019,One Dime,P,Roosevelt Dimes,,coin,NO,
ref_coin_roosevelt_dimes_one_dime_2019_s_clad_proof,2019,One Dime,S,Roosevelt Dimes,Clad Proof,coin,NO,
ref_coin_roosevelt_dimes_one_dime_2019_s_silver_proof,2019,One Dime,S,Roosevelt Dimes,Silver Proof,coin,NO,
ref_coin_sacagawea___native_american_dollars_one_dollar_2019_d_none,2019,One Dollar,D,Sacagawea & Native American Dollars,,coin,NO,
ref_coin_sacagawea___native_american_dollars_one_dollar_2019_p_none,2019,One Dollar,P,Sacagawea & Native American Dollars,,coin,NO,
ref_coin_sacagawea___native_american_dollars_one_dollar_2019_s_none,2019,One Dollar,S,Sacagawea & Native American Dollars,,coin,NO,
ref_coin_america_the_beautiful_quarters__national_parks_quarter_dollar_2020_d_marsh_billings_rockefe,2020,Quarter Dollar,D,America the Beautiful Quarters (National Parks),Marsh-Billings-Rockefeller National Historical Park (Vermont),coin,NO,
ref_coin_america_the_beautiful_quarters__national_parks_quarter_dollar_2020_d_national_park_of_ameri,2020,Quarter Dollar,D,America the Beautiful Quarters (National Parks),National Park of American Samoa (American Samoa),coin,NO,
ref_coin_america_the_beautiful_quarters__national_parks_quarter_dollar_2020_d_salt_river_bay_nationa,2020,Quarter Dollar,D,America the Beautiful Quarters (National Parks),Salt River Bay National Historical Park and Ecological Preserve (U.S. Virgin Islands),coin,NO,
ref_coin_america_the_beautiful_quarters__national_parks_quarter_dollar_2020_d_tallgrass_prairie_nati,2020,Quarter Dollar,D,America the Beautiful Quarters (National Parks),Tallgrass Prairie National Preserve (Kansas),coin,NO,
ref_coin_america_the_beautiful_quarters__national_parks_quarter_dollar_2020_d_weir_farm_national_his,2020,Quarter Dollar,D,America the Beautiful Quarters (National Parks),Weir Farm National Historical Park (Connecticut),coin,NO,
ref_coin_america_the_beautiful_quarters__national_parks_quarter_dollar_2020_p_marsh_billings_rockefe,2020,Quarter Dollar,P,America the Beautiful Quarters (National Parks),Marsh-Billings-Rockefeller National Historical Park (Vermont),coin,NO,
ref_coin_america_the_beautiful_quarters__national_parks_quarter_dollar_2020_p_national_park_of_ameri,2020,Quarter Dollar,P,America the Beautiful Quarters (National Parks),National Park of American Samoa (American Samoa),coin,NO,
ref_coin_america_the_beautiful_quarters__national_parks_quarter_dollar_2020_p_salt_river_bay_nationa,2020,Quarter Dollar,P,America the Beautiful Quarters (National Parks),Salt River Bay National Historical Park and Ecological Preserve (U.S. Virgin Islands),coin,NO,
ref_coin_america_the_beautiful_quarters__national_parks_quarter_dollar_2020_p_tallgrass_prairie_nati,2020,Quarter Dollar,P,America the Beautiful Quarters (National Parks),Tallgrass Prairie National Preserve (Kansas),coin,NO,
ref_coin_america_the_beautiful_quarters__national_parks_quarter_dollar_2020_p_weir_farm_national_his,2020,Quarter Dollar,P,America the Beautiful Quarters (National Parks),Weir Farm National Historical Park (Connecticut),coin,NO,
ref_coin_america_the_beautiful_quarters__national_parks_quarter_dollar_2020_s_marsh_billings_rockefe,2020,Quarter Dollar,S,America the Beautiful Quarters (National Parks),Marsh-Billings-Rockefeller National Historical Park (Vermont),coin,NO,
ref_coin_america_the_beautiful_quarters__national_parks_quarter_dollar_2020_s_national_park_of_ameri,2020,Quarter Dollar,S,America the Beautiful Quarters (National Parks),National Park of American Samoa (American Samoa),coin,NO,
ref_coin_america_the_beautiful_quarters__national_parks_quarter_dollar_2020_s_salt_river_bay_nationa,2020,Quarter Dollar,S,America the Beautiful Quarters (National Parks),Salt River Bay National Historical Park and Ecological Preserve (U.S. Virgin Islands),coin,NO,
ref_coin_america_the_beautiful_quarters__national_parks_quarter_dollar_2020_s_tallgrass_prairie_nati,2020,Quarter Dollar,S,America the Beautiful Quarters (National Parks),Tallgrass Prairie National Preserve (Kansas),coin,NO,
ref_coin_america_the_beautiful_quarters__national_parks_quarter_dollar_2020_s_weir_farm_national_his,2020,Quarter Dollar,S,America the Beautiful Quarters (National Parks),Weir Farm National Historical Park (Connecticut),coin,NO,
ref_coin_american_innovation__1_coin_program_one_dollar_2020_d_connecticut_gerber_variable_scale,2020,One Dollar,D,American Innovation $1 Coin Program,Connecticut Gerber Variable Scale,coin,NO,
ref_coin_american_innovation__1_coin_program_one_dollar_2020_d_maryland_hubble_space_telescope,2020,One Dollar,D,American Innovation $1 Coin Program,Maryland Hubble Space Telescope,coin,NO,
ref_coin_american_innovation__1_coin_program_one_dollar_2020_d_massachusetts_telephone,2020,One Dollar,D,American Innovation $1 Coin Program,Massachusetts Telephone,coin,NO,
ref_coin_american_innovation__1_coin_program_one_dollar_2020_d_south_carolina_septima_clark,2020,One Dollar,D,American Innovation $1 Coin Program,South Carolina Septima Clark,coin,NO,
ref_coin_american_innovation__1_coin_program_one_dollar_2020_p_connecticut_gerber_variable_scale,2020,One Dollar,P,American Innovation $1 Coin Program,Connecticut Gerber Variable Scale,coin,NO,
ref_coin_american_innovation__1_coin_program_one_dollar_2020_p_maryland_hubble_space_telescope,2020,One Dollar,P,American Innovation $1 Coin Program,Maryland Hubble Space Telescope,coin,NO,
ref_coin_american_innovation__1_coin_program_one_dollar_2020_p_massachusetts_telephone,2020,One Dollar,P,American Innovation $1 Coin Program,Massachusetts Telephone,coin,NO,
ref_coin_american_innovation__1_coin_program_one_dollar_2020_p_south_carolina_septima_clark,2020,One Dollar,P,American Innovation $1 Coin Program,South Carolina Septima Clark,coin,NO,
ref_coin_american_innovation__1_coin_program_one_dollar_2020_s_connecticut_gerber_variable_scale__pr,2020,One Dollar,S,American Innovation $1 Coin Program,Connecticut Gerber Variable Scale (Proof),coin,NO,
ref_coin_american_innovation__1_coin_program_one_dollar_2020_s_connecticut_gerber_variable_scale__re,2020,One Dollar,S,American Innovation $1 Coin Program,Connecticut Gerber Variable Scale (Reverse Proof),coin,NO,
ref_coin_american_innovation__1_coin_program_one_dollar_2020_s_connecticut_gerber_variable_scale__un,2020,One Dollar,S,American Innovation $1 Coin Program,Connecticut Gerber Variable Scale (Uncirculated),coin,NO,
ref_coin_american_innovation__1_coin_program_one_dollar_2020_s_maryland_hubble_space_telescope__proo,2020,One Dollar,S,American Innovation $1 Coin Program,Maryland Hubble Space Telescope (Proof),coin,NO,
ref_coin_american_innovation__1_coin_program_one_dollar_2020_s_maryland_hubble_space_telescope__reve,2020,One Dollar,S,American Innovation $1 Coin Program,Maryland Hubble Space Telescope (Reverse Proof),coin,NO,
ref_coin_american_innovation__1_coin_program_one_dollar_2020_s_maryland_hubble_space_telescope__unci,2020,One Dollar,S,American Innovation $1 Coin Program,Maryland Hubble Space Telescope (Uncirculated),coin,NO,
ref_coin_american_innovation__1_coin_program_one_dollar_2020_s_massachusetts_telephone__proof,2020,One Dollar,S,American Innovation $1 Coin Program,Massachusetts Telephone (Proof),coin,NO,
ref_coin_american_innovation__1_coin_program_one_dollar_2020_s_massachusetts_telephone__reverse_proo,2020,One Dollar,S,American Innovation $1 Coin Program,Massachusetts Telephone (Reverse Proof),coin,NO,
ref_coin_american_innovation__1_coin_program_one_dollar_2020_s_massachusetts_telephone__uncirculated,2020,One Dollar,S,American Innovation $1 Coin Program,Massachusetts Telephone (Uncirculated),coin,NO,
ref_coin_american_innovation__1_coin_program_one_dollar_2020_s_south_carolina_septima_clark__proof,2020,One Dollar,S,American Innovation $1 Coin Program,South Carolina Septima Clark (Proof),coin,NO,
ref_coin_american_innovation__1_coin_program_one_dollar_2020_s_south_carolina_septima_clark__reverse,2020,One Dollar,S,American Innovation $1 Coin Program,South Carolina Septima Clark (Reverse Proof),coin,NO,
ref_coin_american_innovation__1_coin_program_one_dollar_2020_s_south_carolina_septima_clark__uncircu,2020,One Dollar,S,American Innovation $1 Coin Program,South Carolina Septima Clark (Uncirculated),coin,NO,
ref_coin_american_silver_eagles_one_dollar_2020_p_none,2020,One Dollar,P,American Silver Eagles,,coin,NO,
ref_coin_american_silver_eagles_one_dollar_2020_s_none,2020,One Dollar,S,American Silver Eagles,,coin,NO,
ref_coin_american_silver_eagles_one_dollar_2020_s_proof,2020,One Dollar,S,American Silver Eagles,Proof,coin,NO,
ref_coin_american_silver_eagles_one_dollar_2020_w_none,2020,One Dollar,W,American Silver Eagles,,coin,NO,
ref_coin_american_silver_eagles_one_dollar_2020_w_proof,2020,One Dollar,W,American Silver Eagles,Proof,coin,NO,
ref_coin_american_silver_eagles_one_dollar_2020_w_v75_privy_mark_proof,2020,One Dollar,W,American Silver Eagles,V75 Privy Mark Proof,coin,NO,
ref_coin_jefferson_nickels_five_cents_2020_d_none,2020,Five Cents,D,Jefferson Nickels,,coin,NO,
ref_coin_jefferson_nickels_five_cents_2020_p_none,2020,Five Cents,P,Jefferson Nickels,,coin,NO,
ref_coin_jefferson_nickels_five_cents_2020_s_proof,2020,Five Cents,S,Jefferson Nickels,Proof,coin,NO,
ref_coin_kennedy_half_dollars_half_dollar_2020_d_none,2020,Half Dollar,D,Kennedy Half Dollars,,coin,NO,
ref_coin_kennedy_half_dollars_half_dollar_2020_p_none,2020,Half Dollar,P,Kennedy Half Dollars,,coin,NO,
ref_coin_kennedy_half_dollars_half_dollar_2020_s_fine_silver_proof,2020,Half Dollar,S,Kennedy Half Dollars,Fine Silver Proof,coin,NO,
ref_coin_kennedy_half_dollars_half_dollar_2020_s_proof,2020,Half Dollar,S,Kennedy Half Dollars,Proof,coin,NO,
ref_coin_lincoln_cents_one_cent_2020_d_none,2020,One Cent,D,Lincoln Cents,,coin,NO,
ref_coin_lincoln_cents_one_cent_2020_p_none,2020,One Cent,P,Lincoln Cents,,coin,NO,
ref_coin_lincoln_cents_one_cent_2020_s_proof,2020,One Cent,S,Lincoln Cents,Proof,coin,NO,
ref_coin_lincoln_shield_cents_one_cent_2020_d_none,2020,One Cent,D,Lincoln Shield Cents,,coin,NO,
ref_coin_lincoln_shield_cents_one_cent_2020_p_none,2020,One Cent,P,Lincoln Shield Cents,,coin,NO,
ref_coin_lincoln_shield_cents_one_cent_2020_s_none,2020,One Cent,S,Lincoln Shield Cents,,coin,NO,
ref_coin_presidential_dollars_one_dollar_2020_d_none,2020,One Dollar,D,Presidential Dollars,,coin,NO,
ref_coin_presidential_dollars_one_dollar_2020_p_none,2020,One Dollar,P,Presidential Dollars,,coin,NO,
ref_coin_presidential_dollars_one_dollar_2020_s_none,2020,One Dollar,S,Presidential Dollars,,coin,NO,
ref_coin_roosevelt_dimes_one_dime_2020_d_none,2020,One Dime,D,Roosevelt Dimes,,coin,NO,
ref_coin_roosevelt_dimes_one_dime_2020_p_none,2020,One Dime,P,Roosevelt Dimes,,coin,NO,
ref_coin_roosevelt_dimes_one_dime_2020_s_clad_proof,2020,One Dime,S,Roosevelt Dimes,Clad Proof,coin,NO,
ref_coin_roosevelt_dimes_one_dime_2020_s_silver_proof,2020,One Dime,S,Roosevelt Dimes,Silver Proof,coin,NO,
ref_coin_sacagawea___native_american_dollars_one_dollar_2020_d_none,2020,One Dollar,D,Sacagawea & Native American Dollars,,coin,NO,
ref_coin_sacagawea___native_american_dollars_one_dollar_2020_p_none,2020,One Dollar,P,Sacagawea & Native American Dollars,,coin,NO,
ref_coin_sacagawea___native_american_dollars_one_dollar_2020_s_none,2020,One Dollar,S,Sacagawea & Native American Dollars,,coin,NO,
ref_coin_type_197718,2020,Five Dollars,,Modern Commemorative Dollars,5 Dollars (Basketball Hall of Fame),coin,NO,
ref_coin_america_the_beautiful_quarters__national_parks_quarter_dollar_2021_d_tuskegee_airmen_nation,2021,Quarter Dollar,D,America the Beautiful Quarters (National Parks),Tuskegee Airmen National Historic Site (Alabama),coin,NO,
ref_coin_america_the_beautiful_quarters__national_parks_quarter_dollar_2021_p_tuskegee_airmen_nation,2021,Quarter Dollar,P,America the Beautiful Quarters (National Parks),Tuskegee Airmen National Historic Site (Alabama),coin,NO,
ref_coin_america_the_beautiful_quarters__national_parks_quarter_dollar_2021_s_tuskegee_airmen_nation,2021,Quarter Dollar,S,America the Beautiful Quarters (National Parks),Tuskegee Airmen National Historic Site (Alabama),coin,NO,
ref_coin_american_innovation__1_coin_program_one_dollar_2021_d_new_hampshire_in_home_video_game_syst,2021,One Dollar,D,American Innovation $1 Coin Program,New Hampshire In-home video game system,coin,NO,
ref_coin_american_innovation__1_coin_program_one_dollar_2021_d_new_york_erie_canal,2021,One Dollar,D,American Innovation $1 Coin Program,New York Erie Canal,coin,NO,
ref_coin_american_innovation__1_coin_program_one_dollar_2021_d_north_carolina_higher_education,2021,One Dollar,D,American Innovation $1 Coin Program,North Carolina Higher education,coin,NO,
ref_coin_american_innovation__1_coin_program_one_dollar_2021_d_virginia_chesapeake_bay_bridge_tunnel,2021,One Dollar,D,American Innovation $1 Coin Program,Virginia Chesapeake Bay Bridge-Tunnel,coin,NO,
ref_coin_american_innovation__1_coin_program_one_dollar_2021_p_new_hampshire_in_home_video_game_syst,2021,One Dollar,P,American Innovation $1 Coin Program,New Hampshire In-home video game system,coin,NO,
ref_coin_american_innovation__1_coin_program_one_dollar_2021_p_new_york_erie_canal,2021,One Dollar,P,American Innovation $1 Coin Program,New York Erie Canal,coin,NO,
ref_coin_american_innovation__1_coin_program_one_dollar_2021_p_north_carolina_higher_education,2021,One Dollar,P,American Innovation $1 Coin Program,North Carolina Higher education,coin,NO,
ref_coin_american_innovation__1_coin_program_one_dollar_2021_p_virginia_chesapeake_bay_bridge_tunnel,2021,One Dollar,P,American Innovation $1 Coin Program,Virginia Chesapeake Bay Bridge-Tunnel,coin,NO,
ref_coin_american_innovation__1_coin_program_one_dollar_2021_s_new_hampshire_in_home_video_game_syst,2021,One Dollar,S,American Innovation $1 Coin Program,New Hampshire In-home video game system (Reverse Proof),coin,NO,
ref_coin_american_innovation__1_coin_program_one_dollar_2021_s_new_york_erie_canal__proof,2021,One Dollar,S,American Innovation $1 Coin Program,New York Erie Canal (Proof),coin,NO,
ref_coin_american_innovation__1_coin_program_one_dollar_2021_s_new_york_erie_canal__reverse_proof,2021,One Dollar,S,American Innovation $1 Coin Program,New York Erie Canal (Reverse Proof),coin,NO,
ref_coin_american_innovation__1_coin_program_one_dollar_2021_s_new_york_erie_canal__uncirculated,2021,One Dollar,S,American Innovation $1 Coin Program,New York Erie Canal (Uncirculated),coin,NO,
ref_coin_american_innovation__1_coin_program_one_dollar_2021_s_north_carolina_higher_education__proo,2021,One Dollar,S,American Innovation $1 Coin Program,North Carolina Higher education (Proof),coin,NO,
ref_coin_american_innovation__1_coin_program_one_dollar_2021_s_north_carolina_higher_education__reve,2021,One Dollar,S,American Innovation $1 Coin Program,North Carolina Higher education (Reverse Proof),coin,NO,
ref_coin_american_innovation__1_coin_program_one_dollar_2021_s_north_carolina_higher_education__unci,2021,One Dollar,S,American Innovation $1 Coin Program,North Carolina Higher education (Uncirculated),coin,NO,
ref_coin_american_innovation__1_coin_program_one_dollar_2021_s_virginia_chesapeake_bay_bridge_tunnel,2021,One Dollar,S,American Innovation $1 Coin Program,Virginia Chesapeake Bay Bridge-Tunnel (Reverse Proof),coin,NO,
ref_coin_american_silver_eagles_one_dollar_2021_w_burnished_type_2,2021,One Dollar,W,American Silver Eagles,Burnished Type 2,coin,NO,
ref_coin_jefferson_nickels_five_cents_2021_d_none,2021,Five Cents,D,Jefferson Nickels,,coin,NO,
ref_coin_jefferson_nickels_five_cents_2021_p_none,2021,Five Cents,P,Jefferson Nickels,,coin,NO,
ref_coin_jefferson_nickels_five_cents_2021_s_proof,2021,Five Cents,S,Jefferson Nickels,Proof,coin,NO,
ref_coin_kennedy_half_dollars_half_dollar_2021_d_none,2021,Half Dollar,D,Kennedy Half Dollars,,coin,NO,
ref_coin_kennedy_half_dollars_half_dollar_2021_p_none,2021,Half Dollar,P,Kennedy Half Dollars,,coin,NO,
ref_coin_kennedy_half_dollars_half_dollar_2021_s_fine_silver_proof,2021,Half Dollar,S,Kennedy Half Dollars,Fine Silver Proof,coin,NO,
ref_coin_kennedy_half_dollars_half_dollar_2021_s_proof,2021,Half Dollar,S,Kennedy Half Dollars,Proof,coin,NO,
ref_coin_lincoln_cents_one_cent_2021_d_none,2021,One Cent,D,Lincoln Cents,,coin,NO,
ref_coin_lincoln_cents_one_cent_2021_p_none,2021,One Cent,P,Lincoln Cents,,coin,NO,
ref_coin_lincoln_cents_one_cent_2021_s_proof,2021,One Cent,S,Lincoln Cents,Proof,coin,NO,
ref_coin_lincoln_shield_cents_one_cent_2021_d_none,2021,One Cent,D,Lincoln Shield Cents,,coin,NO,
ref_coin_lincoln_shield_cents_one_cent_2021_p_none,2021,One Cent,P,Lincoln Shield Cents,,coin,NO,
ref_coin_lincoln_shield_cents_one_cent_2021_s_none,2021,One Cent,S,Lincoln Shield Cents,,coin,NO,
ref_coin_morgan_dollars_one_dollar_2021_cc_cc_privy_mark,2021,One Dollar,CC,Morgan Dollars,CC Privy Mark,coin,NO,
ref_coin_morgan_dollars_one_dollar_2021_d_none,2021,One Dollar,D,Morgan Dollars,,coin,NO,
ref_coin_morgan_dollars_one_dollar_2021_o_o_privy_mark,2021,One Dollar,O,Morgan Dollars,O Privy Mark,coin,NO,
ref_coin_morgan_dollars_one_dollar_2021_p_none,2021,One Dollar,P,Morgan Dollars,,coin,NO,
ref_coin_morgan_dollars_one_dollar_2021_s_none,2021,One Dollar,S,Morgan Dollars,,coin,NO,
ref_coin_peace_dollars_one_dollar_2021_p_none,2021,One Dollar,P,Peace Dollars,,coin,NO,
ref_coin_roosevelt_dimes_one_dime_2021_d_none,2021,One Dime,D,Roosevelt Dimes,,coin,NO,
ref_coin_roosevelt_dimes_one_dime_2021_p_none,2021,One Dime,P,Roosevelt Dimes,,coin,NO,
ref_coin_roosevelt_dimes_one_dime_2021_s_proof,2021,One Dime,S,Roosevelt Dimes,Proof,coin,NO,
ref_coin_roosevelt_dimes_one_dime_2021_s_silver_proof,2021,One Dime,S,Roosevelt Dimes,Silver Proof,coin,NO,
ref_coin_sacagawea___native_american_dollars_one_dollar_2021_d_none,2021,One Dollar,D,Sacagawea & Native American Dollars,,coin,NO,
ref_coin_sacagawea___native_american_dollars_one_dollar_2021_p_none,2021,One Dollar,P,Sacagawea & Native American Dollars,,coin,NO,
ref_coin_sacagawea___native_american_dollars_one_dollar_2021_s_none,2021,One Dollar,S,Sacagawea & Native American Dollars,,coin,NO,
ref_coin_washington_quarters__classic_quarter_dollar_2021_d_none,2021,Quarter Dollar,D,Washington Quarters (Classic),,coin,NO,
ref_coin_washington_quarters__classic_quarter_dollar_2021_p_none,2021,Quarter Dollar,P,Washington Quarters (Classic),,coin,NO,
ref_coin_washington_quarters__classic_quarter_dollar_2021_s_fine_silver_proof,2021,Quarter Dollar,S,Washington Quarters (Classic),Fine Silver Proof,coin,NO,
ref_coin_washington_quarters__classic_quarter_dollar_2021_s_none,2021,Quarter Dollar,S,Washington Quarters (Classic),,coin,NO,
ref_coin_washington_quarters__classic_quarter_dollar_2021_s_proof,2021,Quarter Dollar,S,Washington Quarters (Classic),Proof,coin,NO,
ref_coin_washington_quarters__classic_quarter_dollar_2021_w_none,2021,Quarter Dollar,W,Washington Quarters (Classic),,coin,NO,
ref_coin_american_innovation__1_coin_program_one_dollar_2022_d_kentucky_kentucky_bluegrass,2022,One Dollar,D,American Innovation $1 Coin Program,Kentucky Kentucky bluegrass,coin,NO,
ref_coin_american_innovation__1_coin_program_one_dollar_2022_d_rhode_island_reliance_yacht,2022,One Dollar,D,American Innovation $1 Coin Program,Rhode Island Reliance yacht,coin,NO,
ref_coin_american_innovation__1_coin_program_one_dollar_2022_d_tennessee_tennessee_valley_authority_,2022,One Dollar,D,American Innovation $1 Coin Program,Tennessee Tennessee Valley Authority (TVA),coin,NO,
ref_coin_american_innovation__1_coin_program_one_dollar_2022_d_vermont_snowboarding,2022,One Dollar,D,American Innovation $1 Coin Program,Vermont Snowboarding,coin,NO,
ref_coin_american_innovation__1_coin_program_one_dollar_2022_p_kentucky_kentucky_bluegrass,2022,One Dollar,P,American Innovation $1 Coin Program,Kentucky Kentucky bluegrass,coin,NO,
ref_coin_american_innovation__1_coin_program_one_dollar_2022_p_rhode_island_reliance_yacht,2022,One Dollar,P,American Innovation $1 Coin Program,Rhode Island Reliance yacht,coin,NO,
ref_coin_american_innovation__1_coin_program_one_dollar_2022_p_tennessee_tennessee_valley_authority_,2022,One Dollar,P,American Innovation $1 Coin Program,Tennessee Tennessee Valley Authority (TVA),coin,NO,
ref_coin_american_innovation__1_coin_program_one_dollar_2022_p_vermont_snowboarding,2022,One Dollar,P,American Innovation $1 Coin Program,Vermont Snowboarding,coin,NO,
ref_coin_american_innovation__1_coin_program_one_dollar_2022_s_kentucky_kentucky_bluegrass__proof,2022,One Dollar,S,American Innovation $1 Coin Program,Kentucky Kentucky bluegrass (Proof),coin,NO,
ref_coin_american_innovation__1_coin_program_one_dollar_2022_s_kentucky_kentucky_bluegrass__reverse_,2022,One Dollar,S,American Innovation $1 Coin Program,Kentucky Kentucky bluegrass (Reverse Proof),coin,NO,
ref_coin_american_innovation__1_coin_program_one_dollar_2022_s_kentucky_kentucky_bluegrass__uncircul,2022,One Dollar,S,American Innovation $1 Coin Program,Kentucky Kentucky bluegrass (Uncirculated),coin,NO,
ref_coin_american_innovation__1_coin_program_one_dollar_2022_s_rhode_island_reliance_yacht__proof,2022,One Dollar,S,American Innovation $1 Coin Program,Rhode Island Reliance yacht (Proof),coin,NO,
ref_coin_american_innovation__1_coin_program_one_dollar_2022_s_rhode_island_reliance_yacht__reverse_,2022,One Dollar,S,American Innovation $1 Coin Program,Rhode Island Reliance yacht (Reverse Proof),coin,NO,
ref_coin_american_innovation__1_coin_program_one_dollar_2022_s_rhode_island_reliance_yacht__uncircul,2022,One Dollar,S,American Innovation $1 Coin Program,Rhode Island Reliance yacht (Uncirculated),coin,NO,
ref_coin_american_innovation__1_coin_program_one_dollar_2022_s_tennessee_tennessee_valley_authority_,2022,One Dollar,S,American Innovation $1 Coin Program,Tennessee Tennessee Valley Authority (TVA) (Reverse Proof),coin,NO,
ref_coin_american_innovation__1_coin_program_one_dollar_2022_s_vermont_snowboarding__proof,2022,One Dollar,S,American Innovation $1 Coin Program,Vermont Snowboarding (Proof),coin,NO,
ref_coin_american_innovation__1_coin_program_one_dollar_2022_s_vermont_snowboarding__reverse_proof,2022,One Dollar,S,American Innovation $1 Coin Program,Vermont Snowboarding (Reverse Proof),coin,NO,
ref_coin_american_innovation__1_coin_program_one_dollar_2022_s_vermont_snowboarding__uncirculated,2022,One Dollar,S,American Innovation $1 Coin Program,Vermont Snowboarding (Uncirculated),coin,NO,
ref_coin_american_silver_eagles_one_dollar_2022_p_none,2022,One Dollar,P,American Silver Eagles,,coin,NO,
ref_coin_american_silver_eagles_one_dollar_2022_w_none,2022,One Dollar,W,American Silver Eagles,,coin,NO,
ref_coin_american_silver_eagles_one_dollar_2022_w_proof,2022,One Dollar,W,American Silver Eagles,Proof,coin,NO,
ref_coin_american_women_quarters_quarter_dollar_2022_d_anna_may_wong,2022,Quarter Dollar,D,American Women Quarters,Anna May Wong,coin,NO,
ref_coin_american_women_quarters_quarter_dollar_2022_d_maya_angelou,2022,Quarter Dollar,D,American Women Quarters,Maya Angelou,coin,NO,
ref_coin_american_women_quarters_quarter_dollar_2022_d_nina_otero_warren,2022,Quarter Dollar,D,American Women Quarters,Nina Otero-Warren,coin,NO,
ref_coin_american_women_quarters_quarter_dollar_2022_d_wilma_mankiller,2022,Quarter Dollar,D,American Women Quarters,Wilma Mankiller,coin,NO,
ref_coin_american_women_quarters_quarter_dollar_2022_p_anna_may_wong,2022,Quarter Dollar,P,American Women Quarters,Anna May Wong,coin,NO,
ref_coin_american_women_quarters_quarter_dollar_2022_p_dr__sally_ride,2022,Quarter Dollar,P,American Women Quarters,Dr. Sally Ride,coin,NO,
ref_coin_american_women_quarters_quarter_dollar_2022_p_nina_otero_warren,2022,Quarter Dollar,P,American Women Quarters,Nina Otero-Warren,coin,NO,
ref_coin_american_women_quarters_quarter_dollar_2022_p_wilma_mankiller,2022,Quarter Dollar,P,American Women Quarters,Wilma Mankiller,coin,NO,
ref_coin_american_women_quarters_quarter_dollar_2022_s_anna_may_wong,2022,Quarter Dollar,S,American Women Quarters,Anna May Wong,coin,NO,
ref_coin_american_women_quarters_quarter_dollar_2022_s_dr__sally_ride,2022,Quarter Dollar,S,American Women Quarters,Dr. Sally Ride,coin,NO,
ref_coin_american_women_quarters_quarter_dollar_2022_s_maya_angelou,2022,Quarter Dollar,S,American Women Quarters,Maya Angelou,coin,NO,
ref_coin_american_women_quarters_quarter_dollar_2022_s_nina_otero_warren,2022,Quarter Dollar,S,American Women Quarters,Nina Otero-Warren,coin,NO,
ref_coin_american_women_quarters_quarter_dollar_2022_s_wilma_mankiller,2022,Quarter Dollar,S,American Women Quarters,Wilma Mankiller,coin,NO,
ref_coin_jefferson_nickels_five_cents_2022_d_none,2022,Five Cents,D,Jefferson Nickels,,coin,NO,
ref_coin_jefferson_nickels_five_cents_2022_p_none,2022,Five Cents,P,Jefferson Nickels,,coin,NO,
ref_coin_jefferson_nickels_five_cents_2022_s_proof,2022,Five Cents,S,Jefferson Nickels,Proof,coin,NO,
ref_coin_kennedy_half_dollars_half_dollar_2022_d_none,2022,Half Dollar,D,Kennedy Half Dollars,,coin,NO,
ref_coin_kennedy_half_dollars_half_dollar_2022_p_none,2022,Half Dollar,P,Kennedy Half Dollars,,coin,NO,
ref_coin_kennedy_half_dollars_half_dollar_2022_s_fine_silver_proof,2022,Half Dollar,S,Kennedy Half Dollars,Fine Silver Proof,coin,NO,
ref_coin_kennedy_half_dollars_half_dollar_2022_s_proof,2022,Half Dollar,S,Kennedy Half Dollars,Proof,coin,NO,
ref_coin_lincoln_cents_one_cent_2022_d_none,2022,One Cent,D,Lincoln Cents,,coin,NO,
ref_coin_lincoln_cents_one_cent_2022_p_none,2022,One Cent,P,Lincoln Cents,,coin,NO,
ref_coin_lincoln_cents_one_cent_2022_s_proof,2022,One Cent,S,Lincoln Cents,Proof,coin,NO,
ref_coin_lincoln_shield_cents_one_cent_2022_d_none,2022,One Cent,D,Lincoln Shield Cents,,coin,NO,
ref_coin_lincoln_shield_cents_one_cent_2022_p_none,2022,One Cent,P,Lincoln Shield Cents,,coin,NO,
ref_coin_lincoln_shield_cents_one_cent_2022_s_none,2022,One Cent,S,Lincoln Shield Cents,,coin,NO,
ref_coin_roosevelt_dimes_one_dime_2022_d_none,2022,One Dime,D,Roosevelt Dimes,,coin,NO,
ref_coin_roosevelt_dimes_one_dime_2022_p_none,2022,One Dime,P,Roosevelt Dimes,,coin,NO,
ref_coin_roosevelt_dimes_one_dime_2022_s_proof,2022,One Dime,S,Roosevelt Dimes,Proof,coin,NO,
ref_coin_roosevelt_dimes_one_dime_2022_s_silver_proof,2022,One Dime,S,Roosevelt Dimes,Silver Proof,coin,NO,
ref_coin_sacagawea___native_american_dollars_one_dollar_2022_d_none,2022,One Dollar,D,Sacagawea & Native American Dollars,,coin,NO,
ref_coin_sacagawea___native_american_dollars_one_dollar_2022_p_none,2022,One Dollar,P,Sacagawea & Native American Dollars,,coin,NO,
ref_coin_sacagawea___native_american_dollars_one_dollar_2022_s_none,2022,One Dollar,S,Sacagawea & Native American Dollars,,coin,NO,
ref_coin_type_315922,2022,Five Dollars,,Modern Commemorative Dollars,5 Dollars (Negro Leagues Baseball),coin,NO,
ref_coin_type_321357,2022,Half Dollar,,Modern Commemorative Dollars,½ Dollar (National Purple Heart Hall of Honor),coin,NO,
ref_coin_type_321361,2022,Five Dollars,W,Modern Commemorative Dollars,5 Dollars (National Purple Heart Hall of Honor),coin,NO,
ref_coin_american_innovation__1_coin_program_one_dollar_2023_d_indiana_automobile_industry,2023,One Dollar,D,American Innovation $1 Coin Program,Indiana Automobile industry,coin,NO,
ref_coin_american_innovation__1_coin_program_one_dollar_2023_d_louisiana_higgins_boat,2023,One Dollar,D,American Innovation $1 Coin Program,Louisiana Higgins boat,coin,NO,
ref_coin_american_innovation__1_coin_program_one_dollar_2023_d_mississippi_first_human_lung_transpla,2023,One Dollar,D,American Innovation $1 Coin Program,Mississippi First human lung transplant,coin,NO,
ref_coin_american_innovation__1_coin_program_one_dollar_2023_d_ohio_underground_railroad,2023,One Dollar,D,American Innovation $1 Coin Program,Ohio Underground Railroad,coin,NO,
ref_coin_american_innovation__1_coin_program_one_dollar_2023_p_indiana_automobile_industry,2023,One Dollar,P,American Innovation $1 Coin Program,Indiana Automobile industry,coin,NO,
ref_coin_american_innovation__1_coin_program_one_dollar_2023_p_louisiana_higgins_boat,2023,One Dollar,P,American Innovation $1 Coin Program,Louisiana Higgins boat,coin,NO,
ref_coin_american_innovation__1_coin_program_one_dollar_2023_p_mississippi_first_human_lung_transpla,2023,One Dollar,P,American Innovation $1 Coin Program,Mississippi First human lung transplant,coin,NO,
ref_coin_american_innovation__1_coin_program_one_dollar_2023_p_ohio_underground_railroad,2023,One Dollar,P,American Innovation $1 Coin Program,Ohio Underground Railroad,coin,NO,
ref_coin_american_innovation__1_coin_program_one_dollar_2023_s_indiana_automobile_industry__proof,2023,One Dollar,S,American Innovation $1 Coin Program,Indiana Automobile industry (Proof),coin,NO,
ref_coin_american_innovation__1_coin_program_one_dollar_2023_s_indiana_automobile_industry__reverse_,2023,One Dollar,S,American Innovation $1 Coin Program,Indiana Automobile industry (Reverse Proof),coin,NO,
ref_coin_american_innovation__1_coin_program_one_dollar_2023_s_indiana_automobile_industry__uncircul,2023,One Dollar,S,American Innovation $1 Coin Program,Indiana Automobile industry (Uncirculated),coin,NO,
ref_coin_american_innovation__1_coin_program_one_dollar_2023_s_louisiana_higgins_boat__proof,2023,One Dollar,S,American Innovation $1 Coin Program,Louisiana Higgins boat (Proof),coin,NO,
ref_coin_american_innovation__1_coin_program_one_dollar_2023_s_louisiana_higgins_boat__reverse_proof,2023,One Dollar,S,American Innovation $1 Coin Program,Louisiana Higgins boat (Reverse Proof),coin,NO,
ref_coin_american_innovation__1_coin_program_one_dollar_2023_s_louisiana_higgins_boat__uncirculated,2023,One Dollar,S,American Innovation $1 Coin Program,Louisiana Higgins boat (Uncirculated),coin,NO,
ref_coin_american_innovation__1_coin_program_one_dollar_2023_s_mississippi_first_human_lung_transpla,2023,One Dollar,S,American Innovation $1 Coin Program,Mississippi First human lung transplant (Reverse Proof),coin,NO,
ref_coin_american_innovation__1_coin_program_one_dollar_2023_s_ohio_underground_railroad__proof,2023,One Dollar,S,American Innovation $1 Coin Program,Ohio Underground Railroad (Proof),coin,NO,
ref_coin_american_innovation__1_coin_program_one_dollar_2023_s_ohio_underground_railroad__reverse_pr,2023,One Dollar,S,American Innovation $1 Coin Program,Ohio Underground Railroad (Reverse Proof),coin,NO,
ref_coin_american_innovation__1_coin_program_one_dollar_2023_s_ohio_underground_railroad__uncirculat,2023,One Dollar,S,American Innovation $1 Coin Program,Ohio Underground Railroad (Uncirculated),coin,NO,
ref_coin_american_silver_eagles_one_dollar_2023_p_none,2023,One Dollar,P,American Silver Eagles,,coin,NO,
ref_coin_american_silver_eagles_one_dollar_2023_w_none,2023,One Dollar,W,American Silver Eagles,,coin,NO,
ref_coin_american_silver_eagles_one_dollar_2023_w_proof,2023,One Dollar,W,American Silver Eagles,Proof,coin,NO,
ref_coin_american_women_quarters_quarter_dollar_2023_d_bessie_coleman,2023,Quarter Dollar,D,American Women Quarters,Bessie Coleman,coin,NO,
ref_coin_american_women_quarters_quarter_dollar_2023_d_edith_kanaka_ole,2023,Quarter Dollar,D,American Women Quarters,Edith Kanaka'ole,coin,NO,
ref_coin_american_women_quarters_quarter_dollar_2023_d_eleanor_roosevelt,2023,Quarter Dollar,D,American Women Quarters,Eleanor Roosevelt,coin,NO,
ref_coin_american_women_quarters_quarter_dollar_2023_d_jovita_idar,2023,Quarter Dollar,D,American Women Quarters,Jovita Idar,coin,NO,
ref_coin_american_women_quarters_quarter_dollar_2023_d_maria_tallchief,2023,Quarter Dollar,D,American Women Quarters,Maria Tallchief,coin,NO,
ref_coin_american_women_quarters_quarter_dollar_2023_p_bessie_coleman,2023,Quarter Dollar,P,American Women Quarters,Bessie Coleman,coin,NO,
ref_coin_american_women_quarters_quarter_dollar_2023_p_edith_kanaka_ole,2023,Quarter Dollar,P,American Women Quarters,Edith Kanaka'ole,coin,NO,
ref_coin_american_women_quarters_quarter_dollar_2023_p_eleanor_roosevelt,2023,Quarter Dollar,P,American Women Quarters,Eleanor Roosevelt,coin,NO,
ref_coin_american_women_quarters_quarter_dollar_2023_p_jovita_idar,2023,Quarter Dollar,P,American Women Quarters,Jovita Idar,coin,NO,
ref_coin_american_women_quarters_quarter_dollar_2023_p_maria_tallchief,2023,Quarter Dollar,P,American Women Quarters,Maria Tallchief,coin,NO,
ref_coin_american_women_quarters_quarter_dollar_2023_s_bessie_coleman,2023,Quarter Dollar,S,American Women Quarters,Bessie Coleman,coin,NO,
ref_coin_american_women_quarters_quarter_dollar_2023_s_edith_kanaka_ole,2023,Quarter Dollar,S,American Women Quarters,Edith Kanaka'ole,coin,NO,
ref_coin_american_women_quarters_quarter_dollar_2023_s_eleanor_roosevelt,2023,Quarter Dollar,S,American Women Quarters,Eleanor Roosevelt,coin,NO,
ref_coin_american_women_quarters_quarter_dollar_2023_s_jovita_idar,2023,Quarter Dollar,S,American Women Quarters,Jovita Idar,coin,NO,
ref_coin_american_women_quarters_quarter_dollar_2023_s_maria_tallchief,2023,Quarter Dollar,S,American Women Quarters,Maria Tallchief,coin,NO,
ref_coin_jefferson_nickels_five_cents_2023_d_none,2023,Five Cents,D,Jefferson Nickels,,coin,NO,
ref_coin_jefferson_nickels_five_cents_2023_p_none,2023,Five Cents,P,Jefferson Nickels,,coin,NO,
ref_coin_jefferson_nickels_five_cents_2023_s_proof,2023,Five Cents,S,Jefferson Nickels,Proof,coin,NO,
ref_coin_kennedy_half_dollars_half_dollar_2023_d_none,2023,Half Dollar,D,Kennedy Half Dollars,,coin,NO,
ref_coin_kennedy_half_dollars_half_dollar_2023_p_none,2023,Half Dollar,P,Kennedy Half Dollars,,coin,NO,
ref_coin_kennedy_half_dollars_half_dollar_2023_s_fine_silver_proof,2023,Half Dollar,S,Kennedy Half Dollars,Fine Silver Proof,coin,NO,
ref_coin_kennedy_half_dollars_half_dollar_2023_s_proof,2023,Half Dollar,S,Kennedy Half Dollars,Proof,coin,NO,
ref_coin_lincoln_cents_one_cent_2023_d_extra_v_d_b__doubled_die_obverse,2023,One Cent,D,Lincoln Cents,Extra V.D.B. Doubled Die Obverse,coin,NO,
ref_coin_lincoln_cents_one_cent_2023_d_none,2023,One Cent,D,Lincoln Cents,,coin,NO,
ref_coin_lincoln_cents_one_cent_2023_p_none,2023,One Cent,P,Lincoln Cents,,coin,NO,
ref_coin_lincoln_cents_one_cent_2023_s_proof,2023,One Cent,S,Lincoln Cents,Proof,coin,NO,
ref_coin_lincoln_shield_cents_one_cent_2023_d_none,2023,One Cent,D,Lincoln Shield Cents,,coin,NO,
ref_coin_lincoln_shield_cents_one_cent_2023_p_extra_v_d_b__doubled_die_obverse,2023,One Cent,P,Lincoln Shield Cents,Extra V.D.B. Doubled Die Obverse,coin,NO,
ref_coin_lincoln_shield_cents_one_cent_2023_p_none,2023,One Cent,P,Lincoln Shield Cents,,coin,NO,
ref_coin_lincoln_shield_cents_one_cent_2023_s_none,2023,One Cent,S,Lincoln Shield Cents,,coin,NO,
ref_coin_morgan_dollars_one_dollar_2023_p_none,2023,One Dollar,P,Morgan Dollars,,coin,NO,
ref_coin_morgan_dollars_one_dollar_2023_s_proof,2023,One Dollar,S,Morgan Dollars,Proof,coin,NO,
ref_coin_morgan_dollars_one_dollar_2023_s_reverse_proof,2023,One Dollar,S,Morgan Dollars,Reverse Proof,coin,NO,
ref_coin_peace_dollars_one_dollar_2023_p_none,2023,One Dollar,P,Peace Dollars,,coin,NO,
ref_coin_peace_dollars_one_dollar_2023_s_proof,2023,One Dollar,S,Peace Dollars,Proof,coin,NO,
ref_coin_peace_dollars_one_dollar_2023_s_reverse_proof,2023,One Dollar,S,Peace Dollars,Reverse Proof,coin,NO,
ref_coin_roosevelt_dimes_one_dime_2023_d_none,2023,One Dime,D,Roosevelt Dimes,,coin,NO,
ref_coin_roosevelt_dimes_one_dime_2023_p_none,2023,One Dime,P,Roosevelt Dimes,,coin,NO,
ref_coin_roosevelt_dimes_one_dime_2023_s_proof,2023,One Dime,S,Roosevelt Dimes,Proof,coin,NO,
ref_coin_roosevelt_dimes_one_dime_2023_s_silver_proof,2023,One Dime,S,Roosevelt Dimes,Silver Proof,coin,NO,
ref_coin_sacagawea___native_american_dollars_one_dollar_2023_d_none,2023,One Dollar,D,Sacagawea & Native American Dollars,,coin,NO,
ref_coin_sacagawea___native_american_dollars_one_dollar_2023_p_none,2023,One Dollar,P,Sacagawea & Native American Dollars,,coin,NO,
ref_coin_sacagawea___native_american_dollars_one_dollar_2023_s_none,2023,One Dollar,S,Sacagawea & Native American Dollars,,coin,NO,
ref_coin_american_innovation__1_coin_program_one_dollar_2024_d_alabama_saturn_v_rocket,2024,One Dollar,D,American Innovation $1 Coin Program,Alabama Saturn V Rocket,coin,NO,
ref_coin_american_innovation__1_coin_program_one_dollar_2024_d_illinois_steel_plow,2024,One Dollar,D,American Innovation $1 Coin Program,Illinois Steel Plow,coin,NO,
ref_coin_american_innovation__1_coin_program_one_dollar_2024_d_maine_dc_defibrillator,2024,One Dollar,D,American Innovation $1 Coin Program,Maine DC Defibrillator,coin,NO,
ref_coin_american_innovation__1_coin_program_one_dollar_2024_d_missouri_george_washington_carver,2024,One Dollar,D,American Innovation $1 Coin Program,Missouri George Washington Carver,coin,NO,
ref_coin_american_innovation__1_coin_program_one_dollar_2024_p_alabama_saturn_v_rocket,2024,One Dollar,P,American Innovation $1 Coin Program,Alabama Saturn V Rocket,coin,NO,
ref_coin_american_innovation__1_coin_program_one_dollar_2024_p_illinois_steel_plow,2024,One Dollar,P,American Innovation $1 Coin Program,Illinois Steel Plow,coin,NO,
ref_coin_american_innovation__1_coin_program_one_dollar_2024_p_maine_dc_defibrillator,2024,One Dollar,P,American Innovation $1 Coin Program,Maine DC Defibrillator,coin,NO,
ref_coin_american_innovation__1_coin_program_one_dollar_2024_p_missouri_george_washington_carver,2024,One Dollar,P,American Innovation $1 Coin Program,Missouri George Washington Carver,coin,NO,
ref_coin_american_innovation__1_coin_program_one_dollar_2024_s_alabama_saturn_v_rocket__proof,2024,One Dollar,S,American Innovation $1 Coin Program,Alabama Saturn V Rocket (Proof),coin,NO,
ref_coin_american_innovation__1_coin_program_one_dollar_2024_s_alabama_saturn_v_rocket__reverse_proo,2024,One Dollar,S,American Innovation $1 Coin Program,Alabama Saturn V Rocket (Reverse Proof),coin,NO,
ref_coin_american_innovation__1_coin_program_one_dollar_2024_s_alabama_saturn_v_rocket__uncirculated,2024,One Dollar,S,American Innovation $1 Coin Program,Alabama Saturn V Rocket (Uncirculated),coin,NO,
ref_coin_american_innovation__1_coin_program_one_dollar_2024_s_illinois_steel_plow__proof,2024,One Dollar,S,American Innovation $1 Coin Program,Illinois Steel Plow (Proof),coin,NO,
ref_coin_american_innovation__1_coin_program_one_dollar_2024_s_illinois_steel_plow__reverse_proof,2024,One Dollar,S,American Innovation $1 Coin Program,Illinois Steel Plow (Reverse Proof),coin,NO,
ref_coin_american_innovation__1_coin_program_one_dollar_2024_s_illinois_steel_plow__uncirculated,2024,One Dollar,S,American Innovation $1 Coin Program,Illinois Steel Plow (Uncirculated),coin,NO,
ref_coin_american_innovation__1_coin_program_one_dollar_2024_s_maine_dc_defibrillator__proof,2024,One Dollar,S,American Innovation $1 Coin Program,Maine DC Defibrillator (Proof),coin,NO,
ref_coin_american_innovation__1_coin_program_one_dollar_2024_s_maine_dc_defibrillator__reverse_proof,2024,One Dollar,S,American Innovation $1 Coin Program,Maine DC Defibrillator (Reverse Proof),coin,NO,
ref_coin_american_innovation__1_coin_program_one_dollar_2024_s_maine_dc_defibrillator__uncirculated,2024,One Dollar,S,American Innovation $1 Coin Program,Maine DC Defibrillator (Uncirculated),coin,NO,
ref_coin_american_innovation__1_coin_program_one_dollar_2024_s_missouri_george_washington_carver__pr,2024,One Dollar,S,American Innovation $1 Coin Program,Missouri George Washington Carver (Proof),coin,NO,
ref_coin_american_innovation__1_coin_program_one_dollar_2024_s_missouri_george_washington_carver__re,2024,One Dollar,S,American Innovation $1 Coin Program,Missouri George Washington Carver (Reverse Proof),coin,NO,
ref_coin_american_innovation__1_coin_program_one_dollar_2024_s_missouri_george_washington_carver__un,2024,One Dollar,S,American Innovation $1 Coin Program,Missouri George Washington Carver (Uncirculated),coin,NO,
ref_coin_american_silver_eagles_one_dollar_2024_p_none,2024,One Dollar,P,American Silver Eagles,,coin,NO,
ref_coin_american_silver_eagles_one_dollar_2024_w_none,2024,One Dollar,W,American Silver Eagles,,coin,NO,
ref_coin_american_silver_eagles_one_dollar_2024_w_proof,2024,One Dollar,W,American Silver Eagles,Proof,coin,NO,
ref_coin_american_women_quarters_quarter_dollar_2024_d_celia_cruz,2024,Quarter Dollar,D,American Women Quarters,Celia Cruz,coin,NO,
ref_coin_american_women_quarters_quarter_dollar_2024_d_dr__mary_edwards_walker,2024,Quarter Dollar,D,American Women Quarters,Dr. Mary Edwards Walker,coin,NO,
ref_coin_american_women_quarters_quarter_dollar_2024_d_dr__pauli_murray,2024,Quarter Dollar,D,American Women Quarters,Dr. Pauli Murray,coin,NO,
ref_coin_american_women_quarters_quarter_dollar_2024_d_patsy_mink,2024,Quarter Dollar,D,American Women Quarters,Patsy Mink,coin,NO,
ref_coin_american_women_quarters_quarter_dollar_2024_d_zitkala_ša,2024,Quarter Dollar,D,American Women Quarters,Zitkala-Ša,coin,NO,
ref_coin_american_women_quarters_quarter_dollar_2024_p_celia_cruz,2024,Quarter Dollar,P,American Women Quarters,Celia Cruz,coin,NO,
ref_coin_american_women_quarters_quarter_dollar_2024_p_dr__mary_edwards_walker,2024,Quarter Dollar,P,American Women Quarters,Dr. Mary Edwards Walker,coin,NO,
ref_coin_american_women_quarters_quarter_dollar_2024_p_dr__pauli_murray,2024,Quarter Dollar,P,American Women Quarters,Dr. Pauli Murray,coin,NO,
ref_coin_american_women_quarters_quarter_dollar_2024_p_patsy_mink,2024,Quarter Dollar,P,American Women Quarters,Patsy Mink,coin,NO,
ref_coin_american_women_quarters_quarter_dollar_2024_p_zitkala_ša,2024,Quarter Dollar,P,American Women Quarters,Zitkala-Ša,coin,NO,
ref_coin_american_women_quarters_quarter_dollar_2024_s_celia_cruz,2024,Quarter Dollar,S,American Women Quarters,Celia Cruz,coin,NO,
ref_coin_american_women_quarters_quarter_dollar_2024_s_dr__mary_edwards_walker,2024,Quarter Dollar,S,American Women Quarters,Dr. Mary Edwards Walker,coin,NO,
ref_coin_american_women_quarters_quarter_dollar_2024_s_dr__pauli_murray,2024,Quarter Dollar,S,American Women Quarters,Dr. Pauli Murray,coin,NO,
ref_coin_american_women_quarters_quarter_dollar_2024_s_patsy_mink,2024,Quarter Dollar,S,American Women Quarters,Patsy Mink,coin,NO,
ref_coin_american_women_quarters_quarter_dollar_2024_s_zitkala_ša,2024,Quarter Dollar,S,American Women Quarters,Zitkala-Ša,coin,NO,
ref_coin_barber_dimes_one_dime_2024_d_none,2024,One Dime,D,Barber Dimes,,coin,NO,
ref_coin_barber_dimes_one_dime_2024_p_none,2024,One Dime,P,Barber Dimes,,coin,NO,
ref_coin_barber_dimes_one_dime_2024_s_none,2024,One Dime,S,Barber Dimes,,coin,NO,
ref_coin_barber_half_dollars_half_dollar_2024_d_none,2024,Half Dollar,D,Barber Half Dollars,,coin,NO,
ref_coin_barber_half_dollars_half_dollar_2024_p_none,2024,Half Dollar,P,Barber Half Dollars,,coin,NO,
ref_coin_barber_half_dollars_half_dollar_2024_s_none,2024,Half Dollar,S,Barber Half Dollars,,coin,NO,
ref_coin_barber_quarters_quarter_dollar_2024_d_none,2024,Quarter Dollar,D,Barber Quarters,,coin,NO,
ref_coin_barber_quarters_quarter_dollar_2024_p_none,2024,Quarter Dollar,P,Barber Quarters,,coin,NO,
ref_coin_barber_quarters_quarter_dollar_2024_s_none,2024,Quarter Dollar,S,Barber Quarters,,coin,NO,
ref_coin_buffalo_nickels_five_cents_2024_d_none,2024,Five Cents,D,Buffalo Nickels,,coin,NO,
ref_coin_buffalo_nickels_five_cents_2024_p_none,2024,Five Cents,P,Buffalo Nickels,,coin,NO,
ref_coin_buffalo_nickels_five_cents_2024_s_none,2024,Five Cents,S,Buffalo Nickels,,coin,NO,
ref_coin_eisenhower_dollars_one_dollar_2024_d_none,2024,One Dollar,D,Eisenhower Dollars,,coin,NO,
ref_coin_eisenhower_dollars_one_dollar_2024_p_none,2024,One Dollar,P,Eisenhower Dollars,,coin,NO,
ref_coin_eisenhower_dollars_one_dollar_2024_s_none,2024,One Dollar,S,Eisenhower Dollars,,coin,NO,
ref_coin_flying_eagle___indian_head_cents_one_cent_2024_d_none,2024,One Cent,D,Flying Eagle & Indian Head Cents,,coin,NO,
ref_coin_flying_eagle___indian_head_cents_one_cent_2024_p_none,2024,One Cent,P,Flying Eagle & Indian Head Cents,,coin,NO,
ref_coin_flying_eagle___indian_head_cents_one_cent_2024_s_none,2024,One Cent,S,Flying Eagle & Indian Head Cents,,coin,NO,
ref_coin_franklin_half_dollars_half_dollar_2024_d_none,2024,Half Dollar,D,Franklin Half Dollars,,coin,NO,
ref_coin_franklin_half_dollars_half_dollar_2024_p_none,2024,Half Dollar,P,Franklin Half Dollars,,coin,NO,
ref_coin_franklin_half_dollars_half_dollar_2024_s_none,2024,Half Dollar,S,Franklin Half Dollars,,coin,NO,
ref_coin_jefferson_nickels_five_cents_2024_d_none,2024,Five Cents,D,Jefferson Nickels,,coin,NO,
ref_coin_jefferson_nickels_five_cents_2024_p_none,2024,Five Cents,P,Jefferson Nickels,,coin,NO,
ref_coin_jefferson_nickels_five_cents_2024_s_proof,2024,Five Cents,S,Jefferson Nickels,Proof,coin,NO,
ref_coin_kennedy_half_dollars_half_dollar_2024_d_none,2024,Half Dollar,D,Kennedy Half Dollars,,coin,NO,
ref_coin_kennedy_half_dollars_half_dollar_2024_p_none,2024,Half Dollar,P,Kennedy Half Dollars,,coin,NO,
ref_coin_kennedy_half_dollars_half_dollar_2024_s_fine_silver_proof,2024,Half Dollar,S,Kennedy Half Dollars,Fine Silver Proof,coin,NO,
ref_coin_kennedy_half_dollars_half_dollar_2024_s_proof,2024,Half Dollar,S,Kennedy Half Dollars,Proof,coin,NO,
ref_coin_liberty_head__v__nickels_five_cents_2024_d_none,2024,Five Cents,D,Liberty Head (V) Nickels,,coin,NO,
ref_coin_liberty_head__v__nickels_five_cents_2024_p_none,2024,Five Cents,P,Liberty Head (V) Nickels,,coin,NO,
ref_coin_liberty_head__v__nickels_five_cents_2024_s_none,2024,Five Cents,S,Liberty Head (V) Nickels,,coin,NO,
ref_coin_liberty_walking_half_dollars_half_dollar_2024_d_none,2024,Half Dollar,D,Liberty Walking Half Dollars,,coin,NO,
ref_coin_liberty_walking_half_dollars_half_dollar_2024_p_none,2024,Half Dollar,P,Liberty Walking Half Dollars,,coin,NO,
ref_coin_liberty_walking_half_dollars_half_dollar_2024_s_none,2024,Half Dollar,S,Liberty Walking Half Dollars,,coin,NO,
ref_coin_lincoln_bicentennial_cents__2009_one_cent_2024_d_none,2024,One Cent,D,Lincoln Bicentennial Cents (2009),,coin,NO,
ref_coin_lincoln_bicentennial_cents__2009_one_cent_2024_p_none,2024,One Cent,P,Lincoln Bicentennial Cents (2009),,coin,NO,
ref_coin_lincoln_bicentennial_cents__2009_one_cent_2024_s_proof,2024,One Cent,S,Lincoln Bicentennial Cents (2009),Proof,coin,NO,
ref_coin_lincoln_cents_one_cent_2024_d_none,2024,One Cent,D,Lincoln Cents,,coin,NO,
ref_coin_lincoln_cents_one_cent_2024_p_none,2024,One Cent,P,Lincoln Cents,,coin,NO,
ref_coin_lincoln_cents_one_cent_2024_s_proof,2024,One Cent,S,Lincoln Cents,Proof,coin,NO,
ref_coin_lincoln_memorial_cents_one_cent_2024_d_none,2024,One Cent,D,Lincoln Memorial Cents,,coin,NO,
ref_coin_lincoln_memorial_cents_one_cent_2024_p_none,2024,One Cent,P,Lincoln Memorial Cents,,coin,NO,
ref_coin_lincoln_memorial_cents_one_cent_2024_s_none,2024,One Cent,S,Lincoln Memorial Cents,,coin,NO,
ref_coin_lincoln_shield_cents_one_cent_2024_d_none,2024,One Cent,D,Lincoln Shield Cents,,coin,NO,
ref_coin_lincoln_shield_cents_one_cent_2024_p_none,2024,One Cent,P,Lincoln Shield Cents,,coin,NO,
ref_coin_lincoln_shield_cents_one_cent_2024_s_none,2024,One Cent,S,Lincoln Shield Cents,,coin,NO,
ref_coin_lincoln_wheat_pennies_one_cent_2024_d_none,2024,One Cent,D,Lincoln Wheat Pennies,,coin,NO,
ref_coin_lincoln_wheat_pennies_one_cent_2024_p_none,2024,One Cent,P,Lincoln Wheat Pennies,,coin,NO,
ref_coin_lincoln_wheat_pennies_one_cent_2024_s_none,2024,One Cent,S,Lincoln Wheat Pennies,,coin,NO,
ref_coin_mercury_dimes_one_dime_2024_d_none,2024,One Dime,D,Mercury Dimes,,coin,NO,
ref_coin_mercury_dimes_one_dime_2024_p_none,2024,One Dime,P,Mercury Dimes,,coin,NO,
ref_coin_mercury_dimes_one_dime_2024_s_none,2024,One Dime,S,Mercury Dimes,,coin,NO,
ref_coin_morgan_dollars_one_dollar_2024_d_none,2024,One Dollar,D,Morgan Dollars,,coin,NO,
ref_coin_morgan_dollars_one_dollar_2024_p_none,2024,One Dollar,P,Morgan Dollars,,coin,NO,
ref_coin_morgan_dollars_one_dollar_2024_s_proof,2024,One Dollar,S,Morgan Dollars,Proof,coin,NO,
ref_coin_morgan_dollars_one_dollar_2024_s_reverse_proof,2024,One Dollar,S,Morgan Dollars,Reverse Proof,coin,NO,
ref_coin_peace_dollars_one_dollar_2024_d_none,2024,One Dollar,D,Peace Dollars,,coin,NO,
ref_coin_peace_dollars_one_dollar_2024_p_none,2024,One Dollar,P,Peace Dollars,,coin,NO,
ref_coin_peace_dollars_one_dollar_2024_s_proof,2024,One Dollar,S,Peace Dollars,Proof,coin,NO,
ref_coin_peace_dollars_one_dollar_2024_s_reverse_proof,2024,One Dollar,S,Peace Dollars,Reverse Proof,coin,NO,
ref_coin_presidential_dollars_one_dollar_2024_d_none,2024,One Dollar,D,Presidential Dollars,,coin,NO,
ref_coin_presidential_dollars_one_dollar_2024_p_none,2024,One Dollar,P,Presidential Dollars,,coin,NO,
ref_coin_presidential_dollars_one_dollar_2024_s_none,2024,One Dollar,S,Presidential Dollars,,coin,NO,
ref_coin_roosevelt_dimes_one_dime_2024_d_none,2024,One Dime,D,Roosevelt Dimes,,coin,NO,
ref_coin_roosevelt_dimes_one_dime_2024_p_none,2024,One Dime,P,Roosevelt Dimes,,coin,NO,
ref_coin_roosevelt_dimes_one_dime_2024_s_proof,2024,One Dime,S,Roosevelt Dimes,Proof,coin,NO,
ref_coin_roosevelt_dimes_one_dime_2024_s_silver_proof,2024,One Dime,S,Roosevelt Dimes,Silver Proof,coin,NO,
ref_coin_sacagawea___native_american_dollars_one_dollar_2024_d_none,2024,One Dollar,D,Sacagawea & Native American Dollars,,coin,NO,
ref_coin_sacagawea___native_american_dollars_one_dollar_2024_p_none,2024,One Dollar,P,Sacagawea & Native American Dollars,,coin,NO,
ref_coin_sacagawea___native_american_dollars_one_dollar_2024_s_none,2024,One Dollar,S,Sacagawea & Native American Dollars,,coin,NO,
ref_coin_susan_b__anthony_dollars_one_dollar_2024_d_none,2024,One Dollar,D,Susan B. Anthony Dollars,,coin,NO,
ref_coin_susan_b__anthony_dollars_one_dollar_2024_p_none,2024,One Dollar,P,Susan B. Anthony Dollars,,coin,NO,
ref_coin_susan_b__anthony_dollars_one_dollar_2024_s_proof,2024,One Dollar,S,Susan B. Anthony Dollars,Proof,coin,NO,
ref_coin_type_394414,2024,Half Dollar,,Modern Commemorative Dollars,½ Dollar (Greatest Generation),coin,NO,
ref_coin_type_394417,2024,Five Dollars,,Modern Commemorative Dollars,5 Dollars (Greatest Generation),coin,NO,
ref_coin_american_innovation__1_coin_program_one_dollar_2025_d_arkansas_raye_montague,2025,One Dollar,D,American Innovation $1 Coin Program,Arkansas Raye Montague,coin,NO,
ref_coin_american_innovation__1_coin_program_one_dollar_2025_d_florida_space_shuttle,2025,One Dollar,D,American Innovation $1 Coin Program,Florida Space Shuttle,coin,NO,
ref_coin_american_innovation__1_coin_program_one_dollar_2025_d_michigan_automobile_assembly_line,2025,One Dollar,D,American Innovation $1 Coin Program,Michigan Automobile assembly line,coin,NO,
ref_coin_american_innovation__1_coin_program_one_dollar_2025_d_texas_international_space_station,2025,One Dollar,D,American Innovation $1 Coin Program,Texas International Space Station,coin,NO,
ref_coin_american_innovation__1_coin_program_one_dollar_2025_p_arkansas_raye_montague,2025,One Dollar,P,American Innovation $1 Coin Program,Arkansas Raye Montague,coin,NO,
ref_coin_american_innovation__1_coin_program_one_dollar_2025_p_florida_space_shuttle,2025,One Dollar,P,American Innovation $1 Coin Program,Florida Space Shuttle,coin,NO,
ref_coin_american_innovation__1_coin_program_one_dollar_2025_p_michigan_automobile_assembly_line,2025,One Dollar,P,American Innovation $1 Coin Program,Michigan Automobile assembly line,coin,NO,
ref_coin_american_innovation__1_coin_program_one_dollar_2025_p_texas_international_space_station,2025,One Dollar,P,American Innovation $1 Coin Program,Texas International Space Station,coin,NO,
ref_coin_american_innovation__1_coin_program_one_dollar_2025_s_arkansas_raye_montague__proof,2025,One Dollar,S,American Innovation $1 Coin Program,Arkansas Raye Montague (Proof),coin,NO,
ref_coin_american_innovation__1_coin_program_one_dollar_2025_s_arkansas_raye_montague__reverse_proof,2025,One Dollar,S,American Innovation $1 Coin Program,Arkansas Raye Montague (Reverse Proof),coin,NO,
ref_coin_american_innovation__1_coin_program_one_dollar_2025_s_arkansas_raye_montague__uncirculated,2025,One Dollar,S,American Innovation $1 Coin Program,Arkansas Raye Montague (Uncirculated),coin,NO,
ref_coin_american_innovation__1_coin_program_one_dollar_2025_s_florida_space_shuttle__proof,2025,One Dollar,S,American Innovation $1 Coin Program,Florida Space Shuttle (Proof),coin,NO,
ref_coin_american_innovation__1_coin_program_one_dollar_2025_s_florida_space_shuttle__reverse_proof,2025,One Dollar,S,American Innovation $1 Coin Program,Florida Space Shuttle (Reverse Proof),coin,NO,
ref_coin_american_innovation__1_coin_program_one_dollar_2025_s_florida_space_shuttle__uncirculated,2025,One Dollar,S,American Innovation $1 Coin Program,Florida Space Shuttle (Uncirculated),coin,NO,
ref_coin_american_innovation__1_coin_program_one_dollar_2025_s_michigan_automobile_assembly_line__pr,2025,One Dollar,S,American Innovation $1 Coin Program,Michigan Automobile assembly line (Proof),coin,NO,
ref_coin_american_innovation__1_coin_program_one_dollar_2025_s_michigan_automobile_assembly_line__re,2025,One Dollar,S,American Innovation $1 Coin Program,Michigan Automobile assembly line (Reverse Proof),coin,NO,
ref_coin_american_innovation__1_coin_program_one_dollar_2025_s_michigan_automobile_assembly_line__un,2025,One Dollar,S,American Innovation $1 Coin Program,Michigan Automobile assembly line (Uncirculated),coin,NO,
ref_coin_american_innovation__1_coin_program_one_dollar_2025_s_texas_international_space_station__pr,2025,One Dollar,S,American Innovation $1 Coin Program,Texas International Space Station (Proof),coin,NO,
ref_coin_american_innovation__1_coin_program_one_dollar_2025_s_texas_international_space_station__re,2025,One Dollar,S,American Innovation $1 Coin Program,Texas International Space Station (Reverse Proof),coin,NO,
ref_coin_american_innovation__1_coin_program_one_dollar_2025_s_texas_international_space_station__un,2025,One Dollar,S,American Innovation $1 Coin Program,Texas International Space Station (Uncirculated),coin,NO,
ref_coin_american_silver_eagles_one_dollar_2025_p_none,2025,One Dollar,P,American Silver Eagles,,coin,NO,
ref_coin_american_silver_eagles_one_dollar_2025_w_none,2025,One Dollar,W,American Silver Eagles,,coin,NO,
ref_coin_american_silver_eagles_one_dollar_2025_w_proof,2025,One Dollar,W,American Silver Eagles,Proof,coin,NO,
ref_coin_american_women_quarters_quarter_dollar_2025_d_althea_gibson,2025,Quarter Dollar,D,American Women Quarters,Althea Gibson,coin,NO,
ref_coin_american_women_quarters_quarter_dollar_2025_d_dr__vera_rubin,2025,Quarter Dollar,D,American Women Quarters,Dr. Vera Rubin,coin,NO,
ref_coin_american_women_quarters_quarter_dollar_2025_d_ida_b__wells,2025,Quarter Dollar,D,American Women Quarters,Ida B. Wells,coin,NO,
ref_coin_american_women_quarters_quarter_dollar_2025_d_juliette_gordon_low,2025,Quarter Dollar,D,American Women Quarters,Juliette Gordon Low,coin,NO,
ref_coin_american_women_quarters_quarter_dollar_2025_d_stacey_milbern,2025,Quarter Dollar,D,American Women Quarters,Stacey Milbern,coin,NO,
ref_coin_american_women_quarters_quarter_dollar_2025_p_althea_gibson,2025,Quarter Dollar,P,American Women Quarters,Althea Gibson,coin,NO,
ref_coin_american_women_quarters_quarter_dollar_2025_p_dr__vera_rubin,2025,Quarter Dollar,P,American Women Quarters,Dr. Vera Rubin,coin,NO,
ref_coin_american_women_quarters_quarter_dollar_2025_p_ida_b__wells,2025,Quarter Dollar,P,American Women Quarters,Ida B. Wells,coin,NO,
ref_coin_american_women_quarters_quarter_dollar_2025_p_juliette_gordon_low,2025,Quarter Dollar,P,American Women Quarters,Juliette Gordon Low,coin,NO,
ref_coin_american_women_quarters_quarter_dollar_2025_p_stacey_milbern,2025,Quarter Dollar,P,American Women Quarters,Stacey Milbern,coin,NO,
ref_coin_american_women_quarters_quarter_dollar_2025_s_althea_gibson,2025,Quarter Dollar,S,American Women Quarters,Althea Gibson,coin,NO,
ref_coin_american_women_quarters_quarter_dollar_2025_s_dr__vera_rubin,2025,Quarter Dollar,S,American Women Quarters,Dr. Vera Rubin,coin,NO,
ref_coin_american_women_quarters_quarter_dollar_2025_s_ida_b__wells,2025,Quarter Dollar,S,American Women Quarters,Ida B. Wells,coin,NO,
ref_coin_american_women_quarters_quarter_dollar_2025_s_juliette_gordon_low,2025,Quarter Dollar,S,American Women Quarters,Juliette Gordon Low,coin,NO,
ref_coin_american_women_quarters_quarter_dollar_2025_s_stacey_milbern,2025,Quarter Dollar,S,American Women Quarters,Stacey Milbern,coin,NO,
ref_coin_lincoln_cents_one_cent_2025_d_none,2025,One Cent,D,Lincoln Cents,,coin,NO,
ref_coin_lincoln_cents_one_cent_2025_p_none,2025,One Cent,P,Lincoln Cents,,coin,NO,
ref_coin_lincoln_cents_one_cent_2025_s_proof,2025,One Cent,S,Lincoln Cents,Proof,coin,NO,
ref_coin_lincoln_shield_cents_one_cent_2025_d_none,2025,One Cent,D,Lincoln Shield Cents,,coin,NO,
ref_coin_lincoln_shield_cents_one_cent_2025_p_none,2025,One Cent,P,Lincoln Shield Cents,,coin,NO,
ref_coin_lincoln_shield_cents_one_cent_2025_s_none,2025,One Cent,S,Lincoln Shield Cents,,coin,NO,
ref_coin_sacagawea___native_american_dollars_one_dollar_2025_d_none,2025,One Dollar,D,Sacagawea & Native American Dollars,,coin,NO,
ref_coin_sacagawea___native_american_dollars_one_dollar_2025_p_none,2025,One Dollar,P,Sacagawea & Native American Dollars,,coin,NO,
ref_coin_sacagawea___native_american_dollars_one_dollar_2025_s_proof,2025,One Dollar,S,Sacagawea & Native American Dollars,Proof,coin,NO,
ref_coin_type_537028,2025,One Hundred Dollars,W,American Liberty Gold Coins,100 Dollars (American Liberty 2025 High Relief),coin,NO,
ref_coin_2026_u_s__circulating_coins_one_cent_2026_d_liberty_bell_250_privy_mark,2026,One Cent,D,2026 U.S. Circulating Coins,Liberty Bell 250 Privy Mark,coin,NO,
ref_coin_2026_u_s__circulating_coins_one_cent_2026_p_liberty_bell_250_privy_mark,2026,One Cent,P,2026 U.S. Circulating Coins,Liberty Bell 250 Privy Mark,coin,NO,
ref_coin_american_innovation__1_coin_program_one_dollar_2026_d_california_steve_jobs_liberty_bell_25,2026,One Dollar,D,American Innovation $1 Coin Program,California Steve Jobs Liberty Bell 250 Privy Mark,coin,NO,
ref_coin_american_innovation__1_coin_program_one_dollar_2026_d_iowa_norman_borlaug_liberty_bell_250_,2026,One Dollar,D,American Innovation $1 Coin Program,Iowa Norman Borlaug Liberty Bell 250 Privy Mark,coin,NO,
ref_coin_american_innovation__1_coin_program_one_dollar_2026_d_minnesota_mobile_refrigeration_libert,2026,One Dollar,D,American Innovation $1 Coin Program,Minnesota Mobile refrigeration Liberty Bell 250 Privy Mark,coin,NO,
ref_coin_american_innovation__1_coin_program_one_dollar_2026_d_wisconsin_cray_1_supercomputer_libert,2026,One Dollar,D,American Innovation $1 Coin Program,Wisconsin Cray-1 supercomputer Liberty Bell 250 Privy Mark,coin,NO,
ref_coin_american_innovation__1_coin_program_one_dollar_2026_p_california_steve_jobs_liberty_bell_25,2026,One Dollar,P,American Innovation $1 Coin Program,California Steve Jobs Liberty Bell 250 Privy Mark,coin,NO,
ref_coin_american_innovation__1_coin_program_one_dollar_2026_p_iowa_norman_borlaug_liberty_bell_250_,2026,One Dollar,P,American Innovation $1 Coin Program,Iowa Norman Borlaug Liberty Bell 250 Privy Mark,coin,NO,
ref_coin_american_innovation__1_coin_program_one_dollar_2026_p_minnesota_mobile_refrigeration_libert,2026,One Dollar,P,American Innovation $1 Coin Program,Minnesota Mobile refrigeration Liberty Bell 250 Privy Mark,coin,NO,
ref_coin_american_innovation__1_coin_program_one_dollar_2026_p_wisconsin_cray_1_supercomputer_libert,2026,One Dollar,P,American Innovation $1 Coin Program,Wisconsin Cray-1 supercomputer Liberty Bell 250 Privy Mark,coin,NO,
ref_coin_american_innovation__1_coin_program_one_dollar_2026_s_california_steve_jobs_liberty_bell_25,2026,One Dollar,S,American Innovation $1 Coin Program,California Steve Jobs Liberty Bell 250 Privy Mark (Reverse Proof),coin,NO,
ref_coin_american_innovation__1_coin_program_one_dollar_2026_s_iowa_norman_borlaug_liberty_bell_250_,2026,One Dollar,S,American Innovation $1 Coin Program,Iowa Norman Borlaug Liberty Bell 250 Privy Mark (Reverse Proof),coin,NO,
ref_coin_american_innovation__1_coin_program_one_dollar_2026_s_minnesota_mobile_refrigeration_libert,2026,One Dollar,S,American Innovation $1 Coin Program,Minnesota Mobile refrigeration Liberty Bell 250 Privy Mark (Reverse Proof),coin,NO,
ref_coin_american_innovation__1_coin_program_one_dollar_2026_s_wisconsin_cray_1_supercomputer_libert,2026,One Dollar,S,American Innovation $1 Coin Program,Wisconsin Cray-1 supercomputer Liberty Bell 250 Privy Mark (Reverse Proof),coin,NO,
ref_coin_american_silver_eagles_one_dollar_2026_d_liberty_bell_250_privy_mark,2026,One Dollar,D,American Silver Eagles,Liberty Bell 250 Privy Mark,coin,NO,
ref_coin_american_silver_eagles_one_dollar_2026_p_liberty_bell_250_privy_mark,2026,One Dollar,P,American Silver Eagles,Liberty Bell 250 Privy Mark,coin,NO,
ref_coin_american_silver_eagles_one_dollar_2026_s_liberty_bell_250_privy_mark_proof,2026,One Dollar,S,American Silver Eagles,Liberty Bell 250 Privy Mark Proof,coin,NO,
ref_coin_american_silver_eagles_one_dollar_2026_w_liberty_bell_250_privy_mark_proof,2026,One Dollar,W,American Silver Eagles,Liberty Bell 250 Privy Mark Proof,coin,NO,
ref_coin_barber_dimes_one_dime_2026_d_liberty_bell_250_privy_mark,2026,One Dime,D,Barber Dimes,Liberty Bell 250 Privy Mark,coin,NO,
ref_coin_barber_dimes_one_dime_2026_p_liberty_bell_250_privy_mark,2026,One Dime,P,Barber Dimes,Liberty Bell 250 Privy Mark,coin,NO,
ref_coin_barber_dimes_one_dime_2026_s_liberty_bell_250_privy_mark,2026,One Dime,S,Barber Dimes,Liberty Bell 250 Privy Mark,coin,NO,
ref_coin_barber_dimes_one_dime_2026_w_liberty_bell_250_privy_mark,2026,One Dime,W,Barber Dimes,Liberty Bell 250 Privy Mark,coin,NO,
ref_coin_barber_half_dollars_half_dollar_2026_d_liberty_bell_250_privy_mark,2026,Half Dollar,D,Barber Half Dollars,Liberty Bell 250 Privy Mark,coin,NO,
ref_coin_barber_half_dollars_half_dollar_2026_p_liberty_bell_250_privy_mark,2026,Half Dollar,P,Barber Half Dollars,Liberty Bell 250 Privy Mark,coin,NO,
ref_coin_barber_half_dollars_half_dollar_2026_s_liberty_bell_250_privy_mark,2026,Half Dollar,S,Barber Half Dollars,Liberty Bell 250 Privy Mark,coin,NO,
ref_coin_barber_half_dollars_half_dollar_2026_w_liberty_bell_250_privy_mark,2026,Half Dollar,W,Barber Half Dollars,Liberty Bell 250 Privy Mark,coin,NO,
ref_coin_barber_quarters_quarter_dollar_2026_d_liberty_bell_250_privy_mark,2026,Quarter Dollar,D,Barber Quarters,Liberty Bell 250 Privy Mark,coin,NO,
ref_coin_barber_quarters_quarter_dollar_2026_p_liberty_bell_250_privy_mark,2026,Quarter Dollar,P,Barber Quarters,Liberty Bell 250 Privy Mark,coin,NO,
ref_coin_barber_quarters_quarter_dollar_2026_s_liberty_bell_250_privy_mark,2026,Quarter Dollar,S,Barber Quarters,Liberty Bell 250 Privy Mark,coin,NO,
ref_coin_barber_quarters_quarter_dollar_2026_w_liberty_bell_250_privy_mark,2026,Quarter Dollar,W,Barber Quarters,Liberty Bell 250 Privy Mark,coin,NO,
ref_coin_buffalo_nickels_five_cents_2026_d_liberty_bell_250_privy_mark,2026,Five Cents,D,Buffalo Nickels,Liberty Bell 250 Privy Mark,coin,NO,
ref_coin_buffalo_nickels_five_cents_2026_p_liberty_bell_250_privy_mark,2026,Five Cents,P,Buffalo Nickels,Liberty Bell 250 Privy Mark,coin,NO,
ref_coin_buffalo_nickels_five_cents_2026_s_liberty_bell_250_privy_mark,2026,Five Cents,S,Buffalo Nickels,Liberty Bell 250 Privy Mark,coin,NO,
ref_coin_buffalo_nickels_five_cents_2026_w_liberty_bell_250_privy_mark,2026,Five Cents,W,Buffalo Nickels,Liberty Bell 250 Privy Mark,coin,NO,
ref_coin_eisenhower_dollars_one_dollar_2026_d_liberty_bell_250_privy_mark,2026,One Dollar,D,Eisenhower Dollars,Liberty Bell 250 Privy Mark,coin,NO,
ref_coin_eisenhower_dollars_one_dollar_2026_p_liberty_bell_250_privy_mark,2026,One Dollar,P,Eisenhower Dollars,Liberty Bell 250 Privy Mark,coin,NO,
ref_coin_eisenhower_dollars_one_dollar_2026_s_liberty_bell_250_privy_mark,2026,One Dollar,S,Eisenhower Dollars,Liberty Bell 250 Privy Mark,coin,NO,
ref_coin_eisenhower_dollars_one_dollar_2026_w_liberty_bell_250_privy_mark,2026,One Dollar,W,Eisenhower Dollars,Liberty Bell 250 Privy Mark,coin,NO,
ref_coin_flying_eagle___indian_head_cents_one_cent_2026_d_liberty_bell_250_privy_mark,2026,One Cent,D,Flying Eagle & Indian Head Cents,Liberty Bell 250 Privy Mark,coin,NO,
ref_coin_flying_eagle___indian_head_cents_one_cent_2026_p_liberty_bell_250_privy_mark,2026,One Cent,P,Flying Eagle & Indian Head Cents,Liberty Bell 250 Privy Mark,coin,NO,
ref_coin_flying_eagle___indian_head_cents_one_cent_2026_s_liberty_bell_250_privy_mark,2026,One Cent,S,Flying Eagle & Indian Head Cents,Liberty Bell 250 Privy Mark,coin,NO,
ref_coin_flying_eagle___indian_head_cents_one_cent_2026_w_liberty_bell_250_privy_mark,2026,One Cent,W,Flying Eagle & Indian Head Cents,Liberty Bell 250 Privy Mark,coin,NO,
ref_coin_franklin_half_dollars_half_dollar_2026_d_liberty_bell_250_privy_mark,2026,Half Dollar,D,Franklin Half Dollars,Liberty Bell 250 Privy Mark,coin,NO,
ref_coin_franklin_half_dollars_half_dollar_2026_p_liberty_bell_250_privy_mark,2026,Half Dollar,P,Franklin Half Dollars,Liberty Bell 250 Privy Mark,coin,NO,
ref_coin_franklin_half_dollars_half_dollar_2026_s_liberty_bell_250_privy_mark,2026,Half Dollar,S,Franklin Half Dollars,Liberty Bell 250 Privy Mark,coin,NO,
ref_coin_franklin_half_dollars_half_dollar_2026_w_liberty_bell_250_privy_mark,2026,Half Dollar,W,Franklin Half Dollars,Liberty Bell 250 Privy Mark,coin,NO,
ref_coin_jefferson_nickels_five_cents_2026_d_liberty_bell_250_privy_mark,2026,Five Cents,D,Jefferson Nickels,Liberty Bell 250 Privy Mark,coin,NO,
ref_coin_jefferson_nickels_five_cents_2026_p_liberty_bell_250_privy_mark,2026,Five Cents,P,Jefferson Nickels,Liberty Bell 250 Privy Mark,coin,NO,
ref_coin_jefferson_nickels_five_cents_2026_s_proof___liberty_bell_250_privy_mark,2026,Five Cents,S,Jefferson Nickels,Proof - Liberty Bell 250 Privy Mark,coin,NO,
ref_coin_jefferson_nickels_five_cents_2026_w_uncirculated___liberty_bell_250_privy_mark,2026,Five Cents,W,Jefferson Nickels,Uncirculated - Liberty Bell 250 Privy Mark,coin,NO,
ref_coin_kennedy_half_dollars_half_dollar_2026_d_liberty_bell_250_privy_mark,2026,Half Dollar,D,Kennedy Half Dollars,Liberty Bell 250 Privy Mark,coin,NO,
ref_coin_kennedy_half_dollars_half_dollar_2026_p_liberty_bell_250_privy_mark,2026,Half Dollar,P,Kennedy Half Dollars,Liberty Bell 250 Privy Mark,coin,NO,
ref_coin_kennedy_half_dollars_half_dollar_2026_s_liberty_bell_250_privy_mark_fine_silver_proof,2026,Half Dollar,S,Kennedy Half Dollars,Liberty Bell 250 Privy Mark Fine Silver Proof,coin,NO,
ref_coin_kennedy_half_dollars_half_dollar_2026_s_liberty_bell_250_privy_mark_proof,2026,Half Dollar,S,Kennedy Half Dollars,Liberty Bell 250 Privy Mark Proof,coin,NO,
ref_coin_kennedy_half_dollars_half_dollar_2026_w_liberty_bell_250_privy_mark_uncirculated,2026,Half Dollar,W,Kennedy Half Dollars,Liberty Bell 250 Privy Mark Uncirculated,coin,NO,
ref_coin_liberty_head__v__nickels_five_cents_2026_d_liberty_bell_250_privy_mark,2026,Five Cents,D,Liberty Head (V) Nickels,Liberty Bell 250 Privy Mark,coin,NO,
ref_coin_liberty_head__v__nickels_five_cents_2026_p_liberty_bell_250_privy_mark,2026,Five Cents,P,Liberty Head (V) Nickels,Liberty Bell 250 Privy Mark,coin,NO,
ref_coin_liberty_head__v__nickels_five_cents_2026_s_liberty_bell_250_privy_mark,2026,Five Cents,S,Liberty Head (V) Nickels,Liberty Bell 250 Privy Mark,coin,NO,
ref_coin_liberty_head__v__nickels_five_cents_2026_w_liberty_bell_250_privy_mark,2026,Five Cents,W,Liberty Head (V) Nickels,Liberty Bell 250 Privy Mark,coin,NO,
ref_coin_liberty_walking_half_dollars_half_dollar_2026_d_liberty_bell_250_privy_mark,2026,Half Dollar,D,Liberty Walking Half Dollars,Liberty Bell 250 Privy Mark,coin,NO,
ref_coin_liberty_walking_half_dollars_half_dollar_2026_p_liberty_bell_250_privy_mark,2026,Half Dollar,P,Liberty Walking Half Dollars,Liberty Bell 250 Privy Mark,coin,NO,
ref_coin_liberty_walking_half_dollars_half_dollar_2026_s_liberty_bell_250_privy_mark_proof,2026,Half Dollar,S,Liberty Walking Half Dollars,Liberty Bell 250 Privy Mark Proof,coin,NO,
ref_coin_liberty_walking_half_dollars_half_dollar_2026_w_liberty_bell_250_privy_mark_gold,2026,Half Dollar,W,Liberty Walking Half Dollars,Liberty Bell 250 Privy Mark Gold,coin,NO,
ref_coin_lincoln_bicentennial_cents__2009_one_cent_2026_d_liberty_bell_250_privy_mark,2026,One Cent,D,Lincoln Bicentennial Cents (2009),Liberty Bell 250 Privy Mark,coin,NO,
ref_coin_lincoln_bicentennial_cents__2009_one_cent_2026_p_liberty_bell_250_privy_mark,2026,One Cent,P,Lincoln Bicentennial Cents (2009),Liberty Bell 250 Privy Mark,coin,NO,
ref_coin_lincoln_bicentennial_cents__2009_one_cent_2026_s_liberty_bell_250_privy_mark___proof,2026,One Cent,S,Lincoln Bicentennial Cents (2009),Liberty Bell 250 Privy Mark - Proof,coin,NO,
ref_coin_lincoln_bicentennial_cents__2009_one_cent_2026_w_liberty_bell_250_privy_mark___uncirculated,2026,One Cent,W,Lincoln Bicentennial Cents (2009),Liberty Bell 250 Privy Mark - Uncirculated,coin,NO,
ref_coin_lincoln_cents_one_cent_2026_d_liberty_bell_250_privy_mark,2026,One Cent,D,Lincoln Cents,Liberty Bell 250 Privy Mark,coin,NO,
ref_coin_lincoln_cents_one_cent_2026_p_liberty_bell_250_privy_mark,2026,One Cent,P,Lincoln Cents,Liberty Bell 250 Privy Mark,coin,NO,
ref_coin_lincoln_cents_one_cent_2026_s_liberty_bell_250_privy_mark_proof,2026,One Cent,S,Lincoln Cents,Liberty Bell 250 Privy Mark Proof,coin,NO,
ref_coin_lincoln_cents_one_cent_2026_w_liberty_bell_250_privy_mark_uncirculated,2026,One Cent,W,Lincoln Cents,Liberty Bell 250 Privy Mark Uncirculated,coin,NO,
ref_coin_lincoln_memorial_cents_one_cent_2026_d_liberty_bell_250_privy_mark,2026,One Cent,D,Lincoln Memorial Cents,Liberty Bell 250 Privy Mark,coin,NO,
ref_coin_lincoln_memorial_cents_one_cent_2026_p_liberty_bell_250_privy_mark,2026,One Cent,P,Lincoln Memorial Cents,Liberty Bell 250 Privy Mark,coin,NO,
ref_coin_lincoln_memorial_cents_one_cent_2026_s_liberty_bell_250_privy_mark_proof,2026,One Cent,S,Lincoln Memorial Cents,Liberty Bell 250 Privy Mark Proof,coin,NO,
ref_coin_lincoln_memorial_cents_one_cent_2026_w_liberty_bell_250_privy_mark,2026,One Cent,W,Lincoln Memorial Cents,Liberty Bell 250 Privy Mark,coin,NO,
ref_coin_lincoln_shield_cents_one_cent_2026_d_liberty_bell_250_privy_mark,2026,One Cent,D,Lincoln Shield Cents,Liberty Bell 250 Privy Mark,coin,NO,
ref_coin_lincoln_shield_cents_one_cent_2026_p_liberty_bell_250_privy_mark,2026,One Cent,P,Lincoln Shield Cents,Liberty Bell 250 Privy Mark,coin,NO,
ref_coin_lincoln_shield_cents_one_cent_2026_s_proof_liberty_bell_250_privy_mark,2026,One Cent,S,Lincoln Shield Cents,Proof Liberty Bell 250 Privy Mark,coin,NO,
ref_coin_lincoln_shield_cents_one_cent_2026_w_uncirculated_liberty_bell_250_privy_mark,2026,One Cent,W,Lincoln Shield Cents,Uncirculated Liberty Bell 250 Privy Mark,coin,NO,
ref_coin_lincoln_wheat_pennies_one_cent_2026_d_liberty_bell_250_privy_mark,2026,One Cent,D,Lincoln Wheat Pennies,Liberty Bell 250 Privy Mark,coin,NO,
ref_coin_lincoln_wheat_pennies_one_cent_2026_p_liberty_bell_250_privy_mark,2026,One Cent,P,Lincoln Wheat Pennies,Liberty Bell 250 Privy Mark,coin,NO,
ref_coin_lincoln_wheat_pennies_one_cent_2026_s_liberty_bell_250_privy_mark_proof,2026,One Cent,S,Lincoln Wheat Pennies,Liberty Bell 250 Privy Mark Proof,coin,NO,
ref_coin_lincoln_wheat_pennies_one_cent_2026_w_liberty_bell_250_privy_mark,2026,One Cent,W,Lincoln Wheat Pennies,Liberty Bell 250 Privy Mark,coin,NO,
ref_coin_mercury_dimes_one_dime_2026_d_liberty_bell_250_privy_mark,2026,One Dime,D,Mercury Dimes,Liberty Bell 250 Privy Mark,coin,NO,
ref_coin_mercury_dimes_one_dime_2026_p_liberty_bell_250_privy_mark,2026,One Dime,P,Mercury Dimes,Liberty Bell 250 Privy Mark,coin,NO,
ref_coin_mercury_dimes_one_dime_2026_s_liberty_bell_250_privy_mark,2026,One Dime,S,Mercury Dimes,Liberty Bell 250 Privy Mark,coin,NO,
ref_coin_mercury_dimes_one_dime_2026_w_liberty_bell_250_privy_mark,2026,One Dime,W,Mercury Dimes,Liberty Bell 250 Privy Mark,coin,NO,
ref_coin_morgan_dollars_one_dollar_2026_d_liberty_bell_250_privy_mark,2026,One Dollar,D,Morgan Dollars,Liberty Bell 250 Privy Mark,coin,NO,
ref_coin_morgan_dollars_one_dollar_2026_p_liberty_bell_250_privy_mark,2026,One Dollar,P,Morgan Dollars,Liberty Bell 250 Privy Mark,coin,NO,
ref_coin_morgan_dollars_one_dollar_2026_s_liberty_bell_250_privy_mark_proof,2026,One Dollar,S,Morgan Dollars,Liberty Bell 250 Privy Mark Proof,coin,NO,
ref_coin_morgan_dollars_one_dollar_2026_w_liberty_bell_250_privy_mark_enhanced_uncirculated,2026,One Dollar,W,Morgan Dollars,Liberty Bell 250 Privy Mark Enhanced Uncirculated,coin,NO,
ref_coin_peace_dollars_one_dollar_2026_d_liberty_bell_250_privy_mark,2026,One Dollar,D,Peace Dollars,Liberty Bell 250 Privy Mark,coin,NO,
ref_coin_peace_dollars_one_dollar_2026_p_liberty_bell_250_privy_mark,2026,One Dollar,P,Peace Dollars,Liberty Bell 250 Privy Mark,coin,NO,
ref_coin_peace_dollars_one_dollar_2026_s_liberty_bell_250_privy_mark_proof,2026,One Dollar,S,Peace Dollars,Liberty Bell 250 Privy Mark Proof,coin,NO,
ref_coin_peace_dollars_one_dollar_2026_w_liberty_bell_250_privy_mark,2026,One Dollar,W,Peace Dollars,Liberty Bell 250 Privy Mark,coin,NO,
ref_coin_presidential_dollars_one_dollar_2026_d_liberty_bell_250_privy_mark,2026,One Dollar,D,Presidential Dollars,Liberty Bell 250 Privy Mark,coin,NO,
ref_coin_presidential_dollars_one_dollar_2026_p_liberty_bell_250_privy_mark,2026,One Dollar,P,Presidential Dollars,Liberty Bell 250 Privy Mark,coin,NO,
ref_coin_presidential_dollars_one_dollar_2026_s_liberty_bell_250_privy_mark,2026,One Dollar,S,Presidential Dollars,Liberty Bell 250 Privy Mark,coin,NO,
ref_coin_presidential_dollars_one_dollar_2026_w_liberty_bell_250_privy_mark,2026,One Dollar,W,Presidential Dollars,Liberty Bell 250 Privy Mark,coin,NO,
ref_coin_roosevelt_dimes_one_dime_2026_d_liberty_bell_250_privy_mark,2026,One Dime,D,Roosevelt Dimes,Liberty Bell 250 Privy Mark,coin,NO,
ref_coin_roosevelt_dimes_one_dime_2026_p_liberty_bell_250_privy_mark,2026,One Dime,P,Roosevelt Dimes,Liberty Bell 250 Privy Mark,coin,NO,
ref_coin_roosevelt_dimes_one_dime_2026_s_proof_liberty_bell_250_privy_mark,2026,One Dime,S,Roosevelt Dimes,Proof Liberty Bell 250 Privy Mark,coin,NO,
ref_coin_roosevelt_dimes_one_dime_2026_s_silver_proof_liberty_bell_250_privy_mark,2026,One Dime,S,Roosevelt Dimes,Silver Proof Liberty Bell 250 Privy Mark,coin,NO,
ref_coin_roosevelt_dimes_one_dime_2026_w_uncirculated_liberty_bell_250_privy_mark,2026,One Dime,W,Roosevelt Dimes,Uncirculated Liberty Bell 250 Privy Mark,coin,NO,
ref_coin_sacagawea___native_american_dollars_one_dollar_2026_d_liberty_bell_250_privy_mark,2026,One Dollar,D,Sacagawea & Native American Dollars,Liberty Bell 250 Privy Mark,coin,NO,
ref_coin_sacagawea___native_american_dollars_one_dollar_2026_p_liberty_bell_250_privy_mark,2026,One Dollar,P,Sacagawea & Native American Dollars,Liberty Bell 250 Privy Mark,coin,NO,
ref_coin_sacagawea___native_american_dollars_one_dollar_2026_s_liberty_bell_250_privy_mark_proof,2026,One Dollar,S,Sacagawea & Native American Dollars,Liberty Bell 250 Privy Mark Proof,coin,NO,
ref_coin_susan_b__anthony_dollars_one_dollar_2026_d_liberty_bell_250_privy_mark,2026,One Dollar,D,Susan B. Anthony Dollars,Liberty Bell 250 Privy Mark,coin,NO,
ref_coin_susan_b__anthony_dollars_one_dollar_2026_p_liberty_bell_250_privy_mark,2026,One Dollar,P,Susan B. Anthony Dollars,Liberty Bell 250 Privy Mark,coin,NO,
ref_coin_susan_b__anthony_dollars_one_dollar_2026_s_proof___liberty_bell_250_privy_mark,2026,One Dollar,S,Susan B. Anthony Dollars,Proof - Liberty Bell 250 Privy Mark,coin,NO,
ref_coin_susan_b__anthony_dollars_one_dollar_2026_w_uncirculated___liberty_bell_250_privy_mark,2026,One Dollar,W,Susan B. Anthony Dollars,Uncirculated - Liberty Bell 250 Privy Mark,coin,NO,
ref_coin_american_innovation__1_coin_program_one_dollar_2027_d_kansas,2027,One Dollar,D,American Innovation $1 Coin Program,Kansas,coin,NO,
ref_coin_american_innovation__1_coin_program_one_dollar_2027_d_nevada,2027,One Dollar,D,American Innovation $1 Coin Program,Nevada,coin,NO,
ref_coin_american_innovation__1_coin_program_one_dollar_2027_d_oregon,2027,One Dollar,D,American Innovation $1 Coin Program,Oregon,coin,NO,
ref_coin_american_innovation__1_coin_program_one_dollar_2027_d_west_virginia,2027,One Dollar,D,American Innovation $1 Coin Program,West Virginia,coin,NO,
ref_coin_american_innovation__1_coin_program_one_dollar_2027_p_kansas,2027,One Dollar,P,American Innovation $1 Coin Program,Kansas,coin,NO,
ref_coin_american_innovation__1_coin_program_one_dollar_2027_p_nevada,2027,One Dollar,P,American Innovation $1 Coin Program,Nevada,coin,NO,
ref_coin_american_innovation__1_coin_program_one_dollar_2027_p_oregon,2027,One Dollar,P,American Innovation $1 Coin Program,Oregon,coin,NO,
ref_coin_american_innovation__1_coin_program_one_dollar_2027_p_west_virginia,2027,One Dollar,P,American Innovation $1 Coin Program,West Virginia,coin,NO,
ref_coin_american_innovation__1_coin_program_one_dollar_2027_s_kansas__proof,2027,One Dollar,S,American Innovation $1 Coin Program,Kansas (Proof),coin,NO,
ref_coin_american_innovation__1_coin_program_one_dollar_2027_s_kansas__uncirculated,2027,One Dollar,S,American Innovation $1 Coin Program,Kansas (Uncirculated),coin,NO,
ref_coin_american_innovation__1_coin_program_one_dollar_2027_s_nevada__proof,2027,One Dollar,S,American Innovation $1 Coin Program,Nevada (Proof),coin,NO,
ref_coin_american_innovation__1_coin_program_one_dollar_2027_s_nevada__uncirculated,2027,One Dollar,S,American Innovation $1 Coin Program,Nevada (Uncirculated),coin,NO,
ref_coin_american_innovation__1_coin_program_one_dollar_2027_s_oregon__proof,2027,One Dollar,S,American Innovation $1 Coin Program,Oregon (Proof),coin,NO,
ref_coin_american_innovation__1_coin_program_one_dollar_2027_s_oregon__uncirculated,2027,One Dollar,S,American Innovation $1 Coin Program,Oregon (Uncirculated),coin,NO,
ref_coin_american_innovation__1_coin_program_one_dollar_2027_s_west_virginia__proof,2027,One Dollar,S,American Innovation $1 Coin Program,West Virginia (Proof),coin,NO,
ref_coin_american_innovation__1_coin_program_one_dollar_2027_s_west_virginia__uncirculated,2027,One Dollar,S,American Innovation $1 Coin Program,West Virginia (Uncirculated),coin,NO,
ref_coin_american_innovation__1_coin_program_one_dollar_2028_d_colorado,2028,One Dollar,D,American Innovation $1 Coin Program,Colorado,coin,NO,
ref_coin_american_innovation__1_coin_program_one_dollar_2028_d_nebraska,2028,One Dollar,D,American Innovation $1 Coin Program,Nebraska,coin,NO,
ref_coin_american_innovation__1_coin_program_one_dollar_2028_d_north_dakota,2028,One Dollar,D,American Innovation $1 Coin Program,North Dakota,coin,NO,
ref_coin_american_innovation__1_coin_program_one_dollar_2028_d_south_dakota,2028,One Dollar,D,American Innovation $1 Coin Program,South Dakota,coin,NO,
ref_coin_american_innovation__1_coin_program_one_dollar_2028_p_colorado,2028,One Dollar,P,American Innovation $1 Coin Program,Colorado,coin,NO,
ref_coin_american_innovation__1_coin_program_one_dollar_2028_p_nebraska,2028,One Dollar,P,American Innovation $1 Coin Program,Nebraska,coin,NO,
ref_coin_american_innovation__1_coin_program_one_dollar_2028_p_north_dakota,2028,One Dollar,P,American Innovation $1 Coin Program,North Dakota,coin,NO,
ref_coin_american_innovation__1_coin_program_one_dollar_2028_p_south_dakota,2028,One Dollar,P,American Innovation $1 Coin Program,South Dakota,coin,NO,
ref_coin_american_innovation__1_coin_program_one_dollar_2028_s_colorado__proof,2028,One Dollar,S,American Innovation $1 Coin Program,Colorado (Proof),coin,NO,
ref_coin_american_innovation__1_coin_program_one_dollar_2028_s_colorado__uncirculated,2028,One Dollar,S,American Innovation $1 Coin Program,Colorado (Uncirculated),coin,NO,
ref_coin_american_innovation__1_coin_program_one_dollar_2028_s_nebraska__proof,2028,One Dollar,S,American Innovation $1 Coin Program,Nebraska (Proof),coin,NO,
ref_coin_american_innovation__1_coin_program_one_dollar_2028_s_nebraska__uncirculated,2028,One Dollar,S,American Innovation $1 Coin Program,Nebraska (Uncirculated),coin,NO,
ref_coin_american_innovation__1_coin_program_one_dollar_2028_s_north_dakota__proof,2028,One Dollar,S,American Innovation $1 Coin Program,North Dakota (Proof),coin,NO,
ref_coin_american_innovation__1_coin_program_one_dollar_2028_s_north_dakota__uncirculated,2028,One Dollar,S,American Innovation $1 Coin Program,North Dakota (Uncirculated),coin,NO,
ref_coin_american_innovation__1_coin_program_one_dollar_2028_s_south_dakota__proof,2028,One Dollar,S,American Innovation $1 Coin Program,South Dakota (Proof),coin,NO,
ref_coin_american_innovation__1_coin_program_one_dollar_2028_s_south_dakota__uncirculated,2028,One Dollar,S,American Innovation $1 Coin Program,South Dakota (Uncirculated),coin,NO,
ref_coin_american_innovation__1_coin_program_one_dollar_2029_d_idaho,2029,One Dollar,D,American Innovation $1 Coin Program,Idaho,coin,NO,
ref_coin_american_innovation__1_coin_program_one_dollar_2029_d_montana,2029,One Dollar,D,American Innovation $1 Coin Program,Montana,coin,NO,
ref_coin_american_innovation__1_coin_program_one_dollar_2029_d_washington,2029,One Dollar,D,American Innovation $1 Coin Program,Washington,coin,NO,
ref_coin_american_innovation__1_coin_program_one_dollar_2029_d_wyoming,2029,One Dollar,D,American Innovation $1 Coin Program,Wyoming,coin,NO,
ref_coin_american_innovation__1_coin_program_one_dollar_2029_p_idaho,2029,One Dollar,P,American Innovation $1 Coin Program,Idaho,coin,NO,
ref_coin_american_innovation__1_coin_program_one_dollar_2029_p_montana,2029,One Dollar,P,American Innovation $1 Coin Program,Montana,coin,NO,
ref_coin_american_innovation__1_coin_program_one_dollar_2029_p_washington,2029,One Dollar,P,American Innovation $1 Coin Program,Washington,coin,NO,
ref_coin_american_innovation__1_coin_program_one_dollar_2029_p_wyoming,2029,One Dollar,P,American Innovation $1 Coin Program,Wyoming,coin,NO,
ref_coin_american_innovation__1_coin_program_one_dollar_2029_s_idaho__proof,2029,One Dollar,S,American Innovation $1 Coin Program,Idaho (Proof),coin,NO,
ref_coin_american_innovation__1_coin_program_one_dollar_2029_s_idaho__uncirculated,2029,One Dollar,S,American Innovation $1 Coin Program,Idaho (Uncirculated),coin,NO,
ref_coin_american_innovation__1_coin_program_one_dollar_2029_s_montana__proof,2029,One Dollar,S,American Innovation $1 Coin Program,Montana (Proof),coin,NO,
ref_coin_american_innovation__1_coin_program_one_dollar_2029_s_montana__uncirculated,2029,One Dollar,S,American Innovation $1 Coin Program,Montana (Uncirculated),coin,NO,
ref_coin_american_innovation__1_coin_program_one_dollar_2029_s_washington__proof,2029,One Dollar,S,American Innovation $1 Coin Program,Washington (Proof),coin,NO,
ref_coin_american_innovation__1_coin_program_one_dollar_2029_s_washington__uncirculated,2029,One Dollar,S,American Innovation $1 Coin Program,Washington (Uncirculated),coin,NO,
ref_coin_american_innovation__1_coin_program_one_dollar_2029_s_wyoming__proof,2029,One Dollar,S,American Innovation $1 Coin Program,Wyoming (Proof),coin,NO,
ref_coin_american_innovation__1_coin_program_one_dollar_2029_s_wyoming__uncirculated,2029,One Dollar,S,American Innovation $1 Coin Program,Wyoming (Uncirculated),coin,NO,
ref_coin_american_innovation__1_coin_program_one_dollar_2030_d_arizona,2030,One Dollar,D,American Innovation $1 Coin Program,Arizona,coin,NO,
ref_coin_american_innovation__1_coin_program_one_dollar_2030_d_new_mexico,2030,One Dollar,D,American Innovation $1 Coin Program,New Mexico,coin,NO,
ref_coin_american_innovation__1_coin_program_one_dollar_2030_d_oklahoma,2030,One Dollar,D,American Innovation $1 Coin Program,Oklahoma,coin,NO,
ref_coin_american_innovation__1_coin_program_one_dollar_2030_d_utah,2030,One Dollar,D,American Innovation $1 Coin Program,Utah,coin,NO,
ref_coin_american_innovation__1_coin_program_one_dollar_2030_p_arizona,2030,One Dollar,P,American Innovation $1 Coin Program,Arizona,coin,NO,
ref_coin_american_innovation__1_coin_program_one_dollar_2030_p_new_mexico,2030,One Dollar,P,American Innovation $1 Coin Program,New Mexico,coin,NO,
ref_coin_american_innovation__1_coin_program_one_dollar_2030_p_oklahoma,2030,One Dollar,P,American Innovation $1 Coin Program,Oklahoma,coin,NO,
ref_coin_american_innovation__1_coin_program_one_dollar_2030_p_utah,2030,One Dollar,P,American Innovation $1 Coin Program,Utah,coin,NO,
ref_coin_american_innovation__1_coin_program_one_dollar_2030_s_arizona__proof,2030,One Dollar,S,American Innovation $1 Coin Program,Arizona (Proof),coin,NO,
ref_coin_american_innovation__1_coin_program_one_dollar_2030_s_arizona__uncirculated,2030,One Dollar,S,American Innovation $1 Coin Program,Arizona (Uncirculated),coin,NO,
ref_coin_american_innovation__1_coin_program_one_dollar_2030_s_new_mexico__proof,2030,One Dollar,S,American Innovation $1 Coin Program,New Mexico (Proof),coin,NO,
ref_coin_american_innovation__1_coin_program_one_dollar_2030_s_new_mexico__uncirculated,2030,One Dollar,S,American Innovation $1 Coin Program,New Mexico (Uncirculated),coin,NO,
ref_coin_american_innovation__1_coin_program_one_dollar_2030_s_oklahoma__proof,2030,One Dollar,S,American Innovation $1 Coin Program,Oklahoma (Proof),coin,NO,
ref_coin_american_innovation__1_coin_program_one_dollar_2030_s_oklahoma__uncirculated,2030,One Dollar,S,American Innovation $1 Coin Program,Oklahoma (Uncirculated),coin,NO,
ref_coin_american_innovation__1_coin_program_one_dollar_2030_s_utah__proof,2030,One Dollar,S,American Innovation $1 Coin Program,Utah (Proof),coin,NO,
ref_coin_american_innovation__1_coin_program_one_dollar_2030_s_utah__uncirculated,2030,One Dollar,S,American Innovation $1 Coin Program,Utah (Uncirculated),coin,NO,
ref_coin_american_innovation__1_coin_program_one_dollar_2031_d_alaska,2031,One Dollar,D,American Innovation $1 Coin Program,Alaska,coin,NO,
ref_coin_american_innovation__1_coin_program_one_dollar_2031_d_district_of_columbia,2031,One Dollar,D,American Innovation $1 Coin Program,District of Columbia,coin,NO,
ref_coin_american_innovation__1_coin_program_one_dollar_2031_d_hawaii,2031,One Dollar,D,American Innovation $1 Coin Program,Hawaii,coin,NO,
ref_coin_american_innovation__1_coin_program_one_dollar_2031_d_puerto_rico,2031,One Dollar,D,American Innovation $1 Coin Program,Puerto Rico,coin,NO,
ref_coin_american_innovation__1_coin_program_one_dollar_2031_p_alaska,2031,One Dollar,P,American Innovation $1 Coin Program,Alaska,coin,NO,
ref_coin_american_innovation__1_coin_program_one_dollar_2031_p_district_of_columbia,2031,One Dollar,P,American Innovation $1 Coin Program,District of Columbia,coin,NO,
ref_coin_american_innovation__1_coin_program_one_dollar_2031_p_hawaii,2031,One Dollar,P,American Innovation $1 Coin Program,Hawaii,coin,NO,
ref_coin_american_innovation__1_coin_program_one_dollar_2031_p_puerto_rico,2031,One Dollar,P,American Innovation $1 Coin Program,Puerto Rico,coin,NO,
ref_coin_american_innovation__1_coin_program_one_dollar_2031_proof_district_of_columbia,2031,One Dollar,Proof,American Innovation $1 Coin Program,District of Columbia,coin,NO,
ref_coin_american_innovation__1_coin_program_one_dollar_2031_proof_hawaii,2031,One Dollar,Proof,American Innovation $1 Coin Program,Hawaii,coin,NO,
ref_coin_american_innovation__1_coin_program_one_dollar_2031_proof_puerto_rico,2031,One Dollar,Proof,American Innovation $1 Coin Program,Puerto Rico,coin,NO,
ref_coin_american_innovation__1_coin_program_one_dollar_2031_s_alaska__proof,2031,One Dollar,S,American Innovation $1 Coin Program,Alaska (Proof),coin,NO,
ref_coin_american_innovation__1_coin_program_one_dollar_2031_s_alaska__uncirculated,2031,One Dollar,S,American Innovation $1 Coin Program,Alaska (Uncirculated),coin,NO,
ref_coin_american_innovation__1_coin_program_one_dollar_2031_s_district_of_columbia,2031,One Dollar,S,American Innovation $1 Coin Program,District of Columbia,coin,NO,
ref_coin_american_innovation__1_coin_program_one_dollar_2031_s_hawaii,2031,One Dollar,S,American Innovation $1 Coin Program,Hawaii,coin,NO,
ref_coin_american_innovation__1_coin_program_one_dollar_2031_s_puerto_rico,2031,One Dollar,S,American Innovation $1 Coin Program,Puerto Rico,coin,NO,
ref_coin_american_innovation__1_coin_program_one_dollar_2032_d_american_samoa,2032,One Dollar,D,American Innovation $1 Coin Program,American Samoa,coin,NO,
ref_coin_american_innovation__1_coin_program_one_dollar_2032_d_guam,2032,One Dollar,D,American Innovation $1 Coin Program,Guam,coin,NO,
ref_coin_american_innovation__1_coin_program_one_dollar_2032_d_northern_mariana_islands,2032,One Dollar,D,American Innovation $1 Coin Program,Northern Mariana Islands,coin,NO,
ref_coin_american_innovation__1_coin_program_one_dollar_2032_d_united_states_virgin_islands,2032,One Dollar,D,American Innovation $1 Coin Program,United States Virgin Islands,coin,NO,
ref_coin_american_innovation__1_coin_program_one_dollar_2032_p_american_samoa,2032,One Dollar,P,American Innovation $1 Coin Program,American Samoa,coin,NO,
ref_coin_american_innovation__1_coin_program_one_dollar_2032_p_guam,2032,One Dollar,P,American Innovation $1 Coin Program,Guam,coin,NO,
ref_coin_american_innovation__1_coin_program_one_dollar_2032_p_northern_mariana_islands,2032,One Dollar,P,American Innovation $1 Coin Program,Northern Mariana Islands,coin,NO,
ref_coin_american_innovation__1_coin_program_one_dollar_2032_p_united_states_virgin_islands,2032,One Dollar,P,American Innovation $1 Coin Program,United States Virgin Islands,coin,NO,
ref_coin_american_innovation__1_coin_program_one_dollar_2032_proof_american_samoa,2032,One Dollar,Proof,American Innovation $1 Coin Program,American Samoa,coin,NO,
ref_coin_american_innovation__1_coin_program_one_dollar_2032_proof_guam,2032,One Dollar,Proof,American Innovation $1 Coin Program,Guam,coin,NO,
ref_coin_american_innovation__1_coin_program_one_dollar_2032_proof_northern_mariana_islands,2032,One Dollar,Proof,American Innovation $1 Coin Program,Northern Mariana Islands,coin,NO,
ref_coin_american_innovation__1_coin_program_one_dollar_2032_proof_united_states_virgin_islands,2032,One Dollar,Proof,American Innovation $1 Coin Program,United States Virgin Islands,coin,NO,
ref_coin_american_innovation__1_coin_program_one_dollar_2032_s_american_samoa,2032,One Dollar,S,American Innovation $1 Coin Program,American Samoa,coin,NO,
ref_coin_american_innovation__1_coin_program_one_dollar_2032_s_guam,2032,One Dollar,S,American Innovation $1 Coin Program,Guam,coin,NO,
ref_coin_american_innovation__1_coin_program_one_dollar_2032_s_northern_mariana_islands,2032,One Dollar,S,American Innovation $1 Coin Program,Northern Mariana Islands,coin,NO,
ref_coin_american_innovation__1_coin_program_one_dollar_2032_s_united_states_virgin_islands,2032,One Dollar,S,American Innovation $1 Coin Program,United States Virgin Islands,coin,NO,
ref_medal_congressional_gold_medal_1776_george_washington___washington_before_boston_congressional_g,1776,Medal,,Congressional Gold Medal,George Washington / Washington Before Boston Congressional Gold Medal,medal,NO,
ref_medal_congressional_gold_medal_1777_horatio_gates___battle_of_saratoga_congressional_gold_medal,1777,Medal,,Congressional Gold Medal,Horatio Gates / Battle of Saratoga Congressional Gold Medal,medal,NO,
ref_medal_congressional_gold_medal_1779_john_paul_jones___serapis_engagement_congressional_gold_meda,1779,Medal,,Congressional Gold Medal,John Paul Jones / Serapis Engagement Congressional Gold Medal,medal,NO,
ref_medal_congressional_gold_medal_1781_daniel_morgan___battle_of_cowpens_congressional_gold_medal,1781,Medal,,Congressional Gold Medal,Daniel Morgan / Battle of Cowpens Congressional Gold Medal,medal,NO,
ref_medal_congressional_gold_medal_1781_nathanael_greene___battle_of_eutaw_springs_congressional_gol,1781,Medal,,Congressional Gold Medal,Nathanael Greene / Battle of Eutaw Springs Congressional Gold Medal,medal,NO,
ref_medal_congressional_gold_medal_1800_thomas_truxtun___constellation_vs__la_vengeance_congressiona,1800,Medal,,Congressional Gold Medal,Thomas Truxtun / Constellation vs. La Vengeance Congressional Gold Medal,medal,NO,
ref_medal_presidential_medal_1801_thomas_jefferson_presidential_medal,1801,Medal,,Presidential Medal,Thomas Jefferson Presidential Medal,medal,NO,
ref_medal_congressional_gold_medal_1805_edward_preble___tripoli_campaign_congressional_gold_medal,1805,Medal,,Congressional Gold Medal,Edward Preble / Tripoli Campaign Congressional Gold Medal,medal,NO,
ref_medal_presidential_medal_1809_james_madison_presidential_medal,1809,Medal,,Presidential Medal,James Madison Presidential Medal,medal,NO,
ref_medal_congressional_gold_medal_1812_isaac_hull___constitution_vs__guerriere_congressional_gold_m,1812,Medal,,Congressional Gold Medal,Isaac Hull / Constitution vs. Guerriere Congressional Gold Medal,medal,NO,
ref_medal_congressional_gold_medal_1812_jacob_jones___wasp_vs__frolic_congressional_gold_medal,1812,Medal,,Congressional Gold Medal,Jacob Jones / Wasp vs. Frolic Congressional Gold Medal,medal,NO,
ref_medal_congressional_gold_medal_1812_stephen_decatur___united_states_vs__macedonian_congressional,1812,Medal,,Congressional Gold Medal,Stephen Decatur / United States vs. Macedonian Congressional Gold Medal,medal,NO,
ref_medal_congressional_gold_medal_1813_jesse_duncan_elliott___battle_of_lake_erie_congressional_gol,1813,Medal,,Congressional Gold Medal,Jesse Duncan Elliott / Battle of Lake Erie Congressional Gold Medal,medal,NO,
ref_medal_congressional_gold_medal_1813_oliver_hazard_perry___battle_of_lake_erie_congressional_gold,1813,Medal,,Congressional Gold Medal,Oliver Hazard Perry / Battle of Lake Erie Congressional Gold Medal,medal,NO,
ref_medal_congressional_gold_medal_1813_william_bainbridge___constitution_vs__java_congressional_gol,1813,Medal,,Congressional Gold Medal,William Bainbridge / Constitution vs. Java Congressional Gold Medal,medal,NO,
ref_medal_congressional_gold_medal_1814_isaac_shelby___battle_of_the_thames_congressional_gold_medal,1814,Medal,,Congressional Gold Medal,Isaac Shelby / Battle of the Thames Congressional Gold Medal,medal,NO,
ref_medal_congressional_gold_medal_1814_thomas_macdonough___battle_of_lake_champlain_congressional_g,1814,Medal,,Congressional Gold Medal,Thomas Macdonough / Battle of Lake Champlain Congressional Gold Medal,medal,NO,
ref_medal_congressional_gold_medal_1814_william_henry_harrison___battle_of_the_thames_congressional_,1814,Medal,,Congressional Gold Medal,William Henry Harrison / Battle of the Thames Congressional Gold Medal,medal,NO,
ref_medal_congressional_gold_medal_1815_andrew_jackson___battle_of_new_orleans_congressional_gold_me,1815,Medal,,Congressional Gold Medal,Andrew Jackson / Battle of New Orleans Congressional Gold Medal,medal,NO,
ref_medal_presidential_medal_1817_james_monroe_presidential_medal,1817,Medal,,Presidential Medal,James Monroe Presidential Medal,medal,NO,
ref_medal_presidential_medal_1825_john_quincy_adams_presidential_medal,1825,Medal,,Presidential Medal,John Quincy Adams Presidential Medal,medal,NO,
ref_medal_presidential_medal_1829_andrew_jackson_presidential_medal,1829,Medal,,Presidential Medal,Andrew Jackson Presidential Medal,medal,NO,
ref_medal_congressional_gold_medal_1835_george_croghan___defense_of_fort_stephenson_congressional_go,1835,Medal,,Congressional Gold Medal,George Croghan / Defense of Fort Stephenson Congressional Gold Medal,medal,NO,
ref_medal_presidential_medal_1837_martin_van_buren_presidential_medal,1837,Medal,,Presidential Medal,Martin Van Buren Presidential Medal,medal,NO,
ref_medal_presidential_medal_1841_john_tyler_presidential_medal,1841,Medal,,Presidential Medal,John Tyler Presidential Medal,medal,NO,
ref_medal_presidential_medal_1845_james_k__polk_presidential_medal,1845,Medal,,Presidential Medal,James K. Polk Presidential Medal,medal,NO,
ref_medal_congressional_gold_medal_1846_zachary_taylor___battle_of_palo_alto_congressional_gold_meda,1846,Medal,,Congressional Gold Medal,Zachary Taylor / Battle of Palo Alto Congressional Gold Medal,medal,NO,
ref_medal_congressional_gold_medal_1847_zachary_taylor___battle_of_monterrey_congressional_gold_meda,1847,Medal,,Congressional Gold Medal,Zachary Taylor / Battle of Monterrey Congressional Gold Medal,medal,NO,
ref_medal_congressional_gold_medal_1848_winfield_scott___mexican_campaign_congressional_gold_medal,1848,Medal,,Congressional Gold Medal,Winfield Scott / Mexican Campaign Congressional Gold Medal,medal,NO,
ref_medal_congressional_gold_medal_1848_zachary_taylor___battle_of_buena_vista_congressional_gold_me,1848,Medal,,Congressional Gold Medal,Zachary Taylor / Battle of Buena Vista Congressional Gold Medal,medal,NO,
ref_medal_presidential_medal_1849_zachary_taylor_presidential_medal,1849,Medal,,Presidential Medal,Zachary Taylor Presidential Medal,medal,NO,
ref_medal_presidential_medal_1850_millard_fillmore_presidential_medal,1850,Medal,,Presidential Medal,Millard Fillmore Presidential Medal,medal,NO,
ref_medal_presidential_medal_1853_franklin_pierce_presidential_medal,1853,Medal,,Presidential Medal,Franklin Pierce Presidential Medal,medal,NO,
ref_medal_congressional_gold_medal_1854_duncan_n__ingraham___smyrna_harbor_congressional_gold_medal,1854,Medal,,Congressional Gold Medal,Duncan N. Ingraham / Smyrna Harbor Congressional Gold Medal,medal,NO,
ref_medal_presidential_medal_1857_james_buchanan_presidential_medal,1857,Medal,,Presidential Medal,James Buchanan Presidential Medal,medal,NO,
ref_medal_presidential_medal_1861_abraham_lincoln_presidential_medal,1861,Medal,,Presidential Medal,Abraham Lincoln Presidential Medal,medal,NO,
ref_medal_congressional_gold_medal_1863_ulysses_s__grant___civil_war_victories_congressional_gold_me,1863,Medal,,Congressional Gold Medal,Ulysses S. Grant / Civil War Victories Congressional Gold Medal,medal,NO,
ref_medal_presidential_medal_1865_andrew_johnson_presidential_medal,1865,Medal,,Presidential Medal,Andrew Johnson Presidential Medal,medal,NO,
ref_medal_congressional_gold_medal_1866_cornelius_vanderbilt___steamship_gift_congressional_gold_med,1866,Medal,,Congressional Gold Medal,Cornelius Vanderbilt / Steamship Gift Congressional Gold Medal,medal,NO,
ref_medal_presidential_medal_1869_ulysses_s__grant_presidential_medal,1869,Medal,,Presidential Medal,Ulysses S. Grant Presidential Medal,medal,NO,
ref_medal_congressional_gold_medal_1871_george_f__robinson___seward_rescue_congressional_gold_medal,1871,Medal,,Congressional Gold Medal,George F. Robinson / Seward Rescue Congressional Gold Medal,medal,NO,
ref_medal_presidential_medal_1877_rutherford_b__hayes_presidential_medal,1877,Medal,,Presidential Medal,Rutherford B. Hayes Presidential Medal,medal,NO,
ref_medal_presidential_medal_1881_chester_a__arthur_presidential_medal,1881,Medal,,Presidential Medal,Chester A. Arthur Presidential Medal,medal,NO,
ref_medal_presidential_medal_1881_james_a__garfield_presidential_medal,1881,Medal,,Presidential Medal,James A. Garfield Presidential Medal,medal,NO,
ref_medal_presidential_medal_1885_grover_cleveland_presidential_medal,1885,Medal,,Presidential Medal,Grover Cleveland Presidential Medal,medal,NO,
ref_medal_presidential_medal_1889_benjamin_harrison_presidential_medal,1889,Medal,,Presidential Medal,Benjamin Harrison Presidential Medal,medal,NO,
ref_medal_presidential_medal_1893_grover_cleveland_second_term_presidential_medal,1893,Medal,,Presidential Medal,Grover Cleveland Second Term Presidential Medal,medal,NO,
ref_medal_presidential_medal_1897_william_mckinley_presidential_medal,1897,Medal,,Presidential Medal,William McKinley Presidential Medal,medal,NO,
ref_medal_us_mint_national_medal_1900_george_dewey___battle_of_manila_bay_congressional_medal,1900,Medal,,US Mint National Medal,George Dewey / Battle of Manila Bay Congressional Medal,medal,NO,
ref_medal_presidential_medal_1901_theodore_roosevelt_presidential_medal,1901,Medal,,Presidential Medal,Theodore Roosevelt Presidential Medal,medal,NO,
ref_medal_congressional_gold_medal_1909_wright_brothers_congressional_gold_medal,1909,Medal,,Congressional Gold Medal,Wright Brothers Congressional Gold Medal,medal,NO,
ref_medal_presidential_medal_1909_william_howard_taft_presidential_medal,1909,Medal,,Presidential Medal,William Howard Taft Presidential Medal,medal,NO,
ref_medal_presidential_medal_1913_woodrow_wilson_presidential_medal,1913,Medal,,Presidential Medal,Woodrow Wilson Presidential Medal,medal,NO,
ref_medal_congressional_gold_medal_1914_arthur_henry_rostron___titanic_rescue_congressional_gold_med,1914,Medal,,Congressional Gold Medal,Arthur Henry Rostron / Titanic Rescue Congressional Gold Medal,medal,NO,
ref_medal_presidential_medal_1921_warren_g__harding_presidential_medal,1921,Medal,,Presidential Medal,Warren G. Harding Presidential Medal,medal,NO,
ref_medal_presidential_medal_1923_calvin_coolidge_presidential_medal,1923,Medal,,Presidential Medal,Calvin Coolidge Presidential Medal,medal,NO,
ref_medal_congressional_gold_medal_1928_charles_a__lindbergh_congressional_gold_medal,1928,Medal,,Congressional Gold Medal,Charles A. Lindbergh Congressional Gold Medal,medal,NO,
ref_medal_presidential_medal_1929_herbert_hoover_presidential_medal,1929,Medal,,Presidential Medal,Herbert Hoover Presidential Medal,medal,NO,
ref_medal_congressional_gold_medal_1930_richard_e__byrd_antarctic_expedition_congressional_gold_meda,1930,Medal,,Congressional Gold Medal,Richard E. Byrd Antarctic Expedition Congressional Gold Medal,medal,NO,
ref_medal_presidential_medal_1933_franklin_d__roosevelt_presidential_medal,1933,Medal,,Presidential Medal,Franklin D. Roosevelt Presidential Medal,medal,NO,
ref_medal_us_mint_national_medal_1936_george_washington_bicentennial_medal,1936,Medal,,US Mint National Medal,George Washington Bicentennial Medal,medal,NO,
ref_medal_presidential_medal_1945_harry_s__truman_presidential_medal,1945,Medal,,Presidential Medal,Harry S. Truman Presidential Medal,medal,NO,
ref_medal_congressional_gold_medal_1946_douglas_macarthur_congressional_gold_medal,1946,Medal,,Congressional Gold Medal,Douglas MacArthur Congressional Gold Medal,medal,NO,
ref_medal_congressional_gold_medal_1946_ernest_j__king_congressional_gold_medal,1946,Medal,,Congressional Gold Medal,Ernest J. King Congressional Gold Medal,medal,NO,
ref_medal_congressional_gold_medal_1946_george_c__marshall_congressional_gold_medal,1946,Medal,,Congressional Gold Medal,George C. Marshall Congressional Gold Medal,medal,NO,
ref_medal_presidential_medal_1953_dwight_d__eisenhower_presidential_medal,1953,Medal,,Presidential Medal,Dwight D. Eisenhower Presidential Medal,medal,NO,
ref_medal_congressional_gold_medal_1954_alben_w__barkley_congressional_gold_medal,1954,Medal,,Congressional Gold Medal,Alben W. Barkley Congressional Gold Medal,medal,NO,
ref_medal_congressional_gold_medal_1955_jonas_salk_congressional_gold_medal,1955,Medal,,Congressional Gold Medal,Jonas Salk Congressional Gold Medal,medal,NO,
ref_medal_congressional_gold_medal_1959_robert_goddard_congressional_gold_medal,1959,Medal,,Congressional Gold Medal,Robert Goddard Congressional Gold Medal,medal,NO,
ref_medal_congressional_gold_medal_1961_robert_frost_congressional_gold_medal,1961,Medal,,Congressional Gold Medal,Robert Frost Congressional Gold Medal,medal,NO,
ref_medal_presidential_medal_1961_john_f__kennedy_presidential_medal,1961,Medal,,Presidential Medal,John F. Kennedy Presidential Medal,medal,NO,
ref_medal_congressional_gold_medal_1962_bob_hope_congressional_gold_medal,1962,Medal,,Congressional Gold Medal,Bob Hope Congressional Gold Medal,medal,NO,
ref_medal_congressional_gold_medal_1963_douglas_macarthur_second_congressional_gold_medal,1963,Medal,,Congressional Gold Medal,Douglas MacArthur Second Congressional Gold Medal,medal,NO,
ref_medal_presidential_medal_1963_lyndon_b__johnson_presidential_medal,1963,Medal,,Presidential Medal,Lyndon B. Johnson Presidential Medal,medal,NO,
ref_medal_congressional_gold_medal_1969_winston_churchill_congressional_gold_medal,1969,Medal,,Congressional Gold Medal,Winston Churchill Congressional Gold Medal,medal,NO,
ref_medal_presidential_medal_1969_richard_nixon_presidential_medal,1969,Medal,,Presidential Medal,Richard Nixon Presidential Medal,medal,NO,
ref_medal_congressional_gold_medal_1973_roberto_clemente_congressional_gold_medal,1973,Medal,,Congressional Gold Medal,Roberto Clemente Congressional Gold Medal,medal,NO,
ref_medal_presidential_medal_1974_gerald_r__ford_presidential_medal,1974,Medal,,Presidential Medal,Gerald R. Ford Presidential Medal,medal,NO,
ref_medal_congressional_gold_medal_1977_marian_anderson_congressional_gold_medal,1977,Medal,,Congressional Gold Medal,Marian Anderson Congressional Gold Medal,medal,NO,
ref_medal_presidential_medal_1977_jimmy_carter_presidential_medal,1977,Medal,,Presidential Medal,Jimmy Carter Presidential Medal,medal,NO,
ref_medal_congressional_gold_medal_1979_john_wayne_congressional_gold_medal,1979,Medal,,Congressional Gold Medal,John Wayne Congressional Gold Medal,medal,NO,
ref_medal_congressional_gold_medal_1980_hubert_h__humphrey_congressional_gold_medal,1980,Medal,,Congressional Gold Medal,Hubert H. Humphrey Congressional Gold Medal,medal,NO,
ref_medal_presidential_medal_1981_ronald_reagan_presidential_medal,1981,Medal,,Presidential Medal,Ronald Reagan Presidential Medal,medal,NO,
ref_medal_congressional_gold_medal_1984_roy_wilkins_congressional_gold_medal,1984,Medal,,Congressional Gold Medal,Roy Wilkins Congressional Gold Medal,medal,NO,
ref_medal_congressional_gold_medal_1986_anatoly_and_avital_shcharansky_congressional_gold_medal,1986,Medal,,Congressional Gold Medal,Anatoly and Avital Shcharansky Congressional Gold Medal,medal,NO,
ref_medal_congressional_gold_medal_1988_harry_chapin_congressional_gold_medal,1988,Medal,,Congressional Gold Medal,Harry Chapin Congressional Gold Medal,medal,NO,
ref_medal_presidential_medal_1989_george_h_w__bush_presidential_medal,1989,Medal,,Presidential Medal,George H.W. Bush Presidential Medal,medal,NO,
ref_medal_congressional_gold_medal_1990_matthew_b__ridgway_congressional_gold_medal,1990,Medal,,Congressional Gold Medal,Matthew B. Ridgway Congressional Gold Medal,medal,NO,
ref_medal_congressional_gold_medal_1991_colin_l__powell_congressional_gold_medal,1991,Medal,,Congressional Gold Medal,Colin L. Powell Congressional Gold Medal,medal,NO,
ref_medal_congressional_gold_medal_1991_h__norman_schwarzkopf_congressional_gold_medal,1991,Medal,,Congressional Gold Medal,H. Norman Schwarzkopf Congressional Gold Medal,medal,NO,
ref_medal_presidential_medal_1993_bill_clinton_presidential_medal,1993,Medal,,Presidential Medal,Bill Clinton Presidential Medal,medal,NO,
ref_medal_congressional_gold_medal_1997_frank_sinatra_congressional_gold_medal,1997,Medal,,Congressional Gold Medal,Frank Sinatra Congressional Gold Medal,medal,NO,
ref_medal_congressional_gold_medal_1998_nelson_mandela_congressional_gold_medal,1998,Medal,,Congressional Gold Medal,Nelson Mandela Congressional Gold Medal,medal,NO,
ref_medal_congressional_gold_medal_1999_rosa_parks_congressional_gold_medal,1999,Medal,,Congressional Gold Medal,Rosa Parks Congressional Gold Medal,medal,NO,
ref_medal_congressional_gold_medal_2000_father_theodore_hesburgh_congressional_gold_medal,2000,Medal,,Congressional Gold Medal,Father Theodore Hesburgh Congressional Gold Medal,medal,NO,
ref_medal_congressional_gold_medal_2001_navajo_code_talkers_congressional_gold_medal,2001,Medal,,Congressional Gold Medal,Navajo Code Talkers Congressional Gold Medal,medal,NO,
ref_medal_presidential_medal_2001_george_w__bush_presidential_medal,2001,Medal,,Presidential Medal,George W. Bush Presidential Medal,medal,NO,
ref_medal_congressional_gold_medal_2003_tony_blair_congressional_gold_medal,2003,Medal,,Congressional Gold Medal,Tony Blair Congressional Gold Medal,medal,NO,
ref_medal_congressional_gold_medal_2004_jackie_robinson_congressional_gold_medal,2004,Medal,,Congressional Gold Medal,Jackie Robinson Congressional Gold Medal,medal,NO,
ref_medal_congressional_gold_medal_2006_tuskegee_airmen_congressional_gold_medal,2006,Medal,,Congressional Gold Medal,Tuskegee Airmen Congressional Gold Medal,medal,NO,
ref_medal_congressional_gold_medal_2008_edward_william_brooke_iii_congressional_gold_medal,2008,Medal,,Congressional Gold Medal,Edward William Brooke III Congressional Gold Medal,medal,NO,
ref_medal_congressional_gold_medal_2009_women_airforce_service_pilots__wasp__congressional_gold_meda,2009,Medal,,Congressional Gold Medal,Women Airforce Service Pilots (WASP) Congressional Gold Medal,medal,NO,
ref_medal_presidential_medal_2009_barack_obama_presidential_medal,2009,Medal,,Presidential Medal,Barack Obama Presidential Medal,medal,NO,
ref_medal_congressional_gold_medal_2011_montford_point_marines_congressional_gold_medal,2011,Medal,,Congressional Gold Medal,Montford Point Marines Congressional Gold Medal,medal,NO,
ref_medal_congressional_gold_medal_2014_american_fighter_aces_congressional_gold_medal,2014,Medal,,Congressional Gold Medal,American Fighter Aces Congressional Gold Medal,medal,NO,
ref_medal_congressional_gold_medal_2015_selma_to_montgomery_marches_congressional_gold_medal,2015,Medal,,Congressional Gold Medal,Selma to Montgomery Marches Congressional Gold Medal,medal,NO,
ref_medal_presidential_medal_2017_donald_j__trump_presidential_medal,2017,Medal,,Presidential Medal,Donald J. Trump Presidential Medal,medal,NO,
ref_medal_congressional_gold_medal_2018_office_of_strategic_services__oss__congressional_gold_medal,2018,Medal,,Congressional Gold Medal,Office of Strategic Services (OSS) Congressional Gold Medal,medal,NO,
ref_medal_congressional_gold_medal_2019_uss_indianapolis_crew_congressional_gold_medal,2019,Medal,,Congressional Gold Medal,USS Indianapolis Crew Congressional Gold Medal,medal,NO,
ref_medal_congressional_gold_medal_2021_united_states_capitol_police_january_6th_congressional_gold_,2021,Medal,,Congressional Gold Medal,United States Capitol Police January 6th Congressional Gold Medal,medal,NO,
ref_medal_presidential_medal_2021_joseph_r__biden_presidential_medal,2021,Medal,,Presidential Medal,Joseph R. Biden Presidential Medal,medal,NO,
ref_medal_congressional_gold_medal_2022_merchant_mariners_of_world_war_ii_congressional_gold_medal,2022,Medal,,Congressional Gold Medal,Merchant Mariners of World War II Congressional Gold Medal,medal,NO,
ref_medal_congressional_gold_medal_2023_ghost_army_of_world_war_ii_congressional_gold_medal,2023,Medal,,Congressional Gold Medal,Ghost Army of World War II Congressional Gold Medal,medal,NO,
