Count,Year,Mint,Denomination,Program/Series,Theme/Subject,Resolved_Program,Resolved_Subject,Best_Key_Tried
66,1934,,5-Coin Set,Time Capsule Year Set,,UNKNOWN,,—no match—
11,1974,S,Dollar,Eisenhower Dollar,Dwight D. Eisenhower,dollar,,1974_S_dollar
10,1973,S,Dollar,Eisenhower Dollar,Dwight D. Eisenhower,dollar,,1973_S_dollar
10,2022,S,Quarter,US Women's Quarters,Anna Mae Wong,quarter,,2022_S_quarter
9,1921,,Penny,Lincoln Wheat Cent Series,Abraham Lincoln,lincoln-cent,,1921_lincoln-cent
9,2023,,Morgan Silver Dollar,Modern Morgan and Peace Silver Dollar Collection,Morgan Dollar,morgan-dollar,,2023_morgan-dollar
8,1925,,Penny,Lincoln Head Cent,Lincoln Head,lincoln-cent,,1925_lincoln-cent
7,1911,,Penny,Lincoln Head Cent,Lincoln Head,lincoln-cent,,1911_lincoln-cent
7,1916,,Penny,Lincoln Wheat Cent Series,Abraham Lincoln,lincoln-cent,,1916_lincoln-cent
7,1924,,Penny,Lincoln Wheat Cent,Abraham Lincoln,lincoln-cent,,1924_lincoln-cent
7,1928,,Penny,Lincoln Head Cent,Lincoln Head,lincoln-cent,,1928_lincoln-cent
7,1930,,Penny,Lincoln Wheat Cent Series,Abraham Lincoln,lincoln-cent,,1930_lincoln-cent
7,1982,D,Penny,Lincoln Head Penny,Abraham Lincoln,lincoln-cent,,1982_D_lincoln-cent
6,1911,D,Half Dollar,Barber,Liberty Head,barber,,1911_D_barber
6,1912,,Penny,Lincoln Head Penny,Lincoln Portrait,lincoln-cent,,1912_lincoln-cent
6,1917,,Penny,Lincoln Wheat Cent,Abraham Lincoln,lincoln-cent,,1917_lincoln-cent
6,1919,,Penny,Lincoln Wheat Cent Series,Abraham Lincoln,lincoln-cent,,1919_lincoln-cent
6,1920,,Penny,Lincoln Wheat Cent Series,Abraham Lincoln,lincoln-cent,,1920_lincoln-cent
6,1931,,Penny,Lincoln Wheat Cent Series,Abraham Lincoln,lincoln-cent,,1931_lincoln-cent
6,1938,,Penny,Lincoln Cent,Abraham Lincoln,lincoln-cent,,1938_lincoln-cent
6,1939,,Penny,Lincoln Cent,Abraham Lincoln,lincoln-cent,,1939_lincoln-cent
6,1957,,Penny,Lincoln Head Cent,Lincoln Head,lincoln-cent,,1957_lincoln-cent
6,1958,,Penny,Lincoln Cent,Lincoln Cent (Wheat Reverse),lincoln-cent,,1958_lincoln-cent
6,1963,D,Dime,,,dime,,1963_D_dime
6,1971,S,1 Dollar,Eisenhower Dollar,Dwight D. Eisenhower,dollar,,1971_S_dollar
6,1972,S,Dollar,Eisenhower Dollar,Dwight D. Eisenhower,dollar,,1972_S_dollar
6,2015,P,1,Presidential Dollars,Dwight D. Eisenhower,presidential-dollars,,2015_P_presidential-dollars
6,2015,D,1,Presidential Dollars,Harry S. Truman,presidential-dollars,,2015_D_presidential-dollars
5,1880,CC,1 Dollar,Morgan Silver Dollars,Morgan Dollar,morgan-dollar,,1880_CC_morgan-dollar
5,1910,,Penny,Lincoln Wheat Cent Series,Abraham Lincoln,lincoln-cent,,1910_lincoln-cent
5,1913,,Penny,Lincoln Wheat Cent,Abraham Lincoln,lincoln-cent,,1913_lincoln-cent
5,1914,,Penny,Lincoln Wheat Cent Series,Abraham Lincoln,lincoln-cent,,1914_lincoln-cent
5,1915,,Penny,Lincoln Cent,Abraham Lincoln,lincoln-cent,,1915_lincoln-cent
5,1918,,Penny,Lincoln Wheat Cent,Abraham Lincoln,lincoln-cent,,1918_lincoln-cent
5,1922,,Penny,Lincoln Cent Series,Abraham Lincoln,lincoln-cent,,1922_lincoln-cent
5,1923,,Penny,Lincoln Cent,Lincoln Cent (Wheat Reverse),lincoln-cent,,1923_lincoln-cent
5,1926,,Penny,Lincoln Wheat Cent,Abraham Lincoln,lincoln-cent,,1926_lincoln-cent
5,1927,,Penny,Lincoln Cent,Lincoln Cent (Wheat Reverse),lincoln-cent,,1927_lincoln-cent
5,1929,,Penny,Lincoln Wheat Cent Series,Abraham Lincoln,lincoln-cent,,1929_lincoln-cent
5,1932,,Penny,Lincoln Cent,Abraham Lincoln,lincoln-cent,,1932_lincoln-cent
5,1933,,Penny,Lincoln Cent,Abraham Lincoln,lincoln-cent,,1933_lincoln-cent
5,1934,,Penny,Lincoln Wheat Cent,Abraham Lincoln,lincoln-cent,,1934_lincoln-cent
5,1935,,Penny,Lincoln Wheat Cent,Abraham Lincoln,lincoln-cent,,1935_lincoln-cent
5,1936,,Penny,Lincoln Cent,Lincoln Cent (Wheat Reverse),lincoln-cent,,1936_lincoln-cent
5,1940,,Penny,Lincoln Cent,Wheat Reverse,lincoln-cent,,1940_lincoln-cent
5,1945,S,Quarter,Washington Quarter,Washington,quarter,,1945_S_quarter
5,1946,,Penny,Lincoln Cent,Wheat Reverse,lincoln-cent,,1946_lincoln-cent
5,1952,D,Franklin Half Dollar,Franklin Half Dollar,Franklin,kennedy-half-dollar,,1952_D_kennedy-half-dollar
5,1952,,Half Dollar,Franklin Half Dollar,Benjamin Franklin,kennedy-half-dollar,,1952_kennedy-half-dollar
5,1955,,Penny,Lincoln Cent,Wheat Reverse,lincoln-cent,,1955_lincoln-cent
5,1956,,Penny,Lincoln Cent,Wheat Reverse,lincoln-cent,,1956_lincoln-cent
5,1960,D,Penny,Lincoln Cent,Lincoln Head,lincoln-cent,,1960_D_lincoln-cent
5,1982,,Penny,Lincoln Head Penny,Small Date Zinc,lincoln-cent,,1982_lincoln-cent
4,1819,,Capped Bust Silver Half Dollar,Capped Bust Half Dollar,Capped Bust Liberty,kennedy-half-dollar,,1819_kennedy-half-dollar
4,1828,,Capped Bust Silver Half Dollar,Capped Bust Half Dollar,Capped Bust Liberty,kennedy-half-dollar,,1828_kennedy-half-dollar
4,1891,,1,Morgan Silver Dollar,,morgan-dollar,,1891_morgan-dollar
4,1891,O,1,Morgan Silver Dollar,,morgan-dollar,,1891_O_morgan-dollar
4,1891,CC,1 Dollar,Morgan Silver Dollars,Morgan Dollar,morgan-dollar,,1891_CC_morgan-dollar
4,1895,S,Half Dollar,Barber,Liberty Head,barber,,1895_S_barber
4,1905,O,Barber Silver Dimes,Barber Dimes,Liberty Head,barber,,1905_O_barber
4,1905,S,Dime,Barber Series,Liberty Head,barber,,1905_S_barber
4,1907,O,Half Dollar,Barber,Liberty Head,barber,,1907_O_barber
4,1910,S,Penny,Lincoln Head Penny,Lincoln Portrait,lincoln-cent,,1910_S_lincoln-cent
4,1912,D,Barber Silver Dimes,Barber Dimes,Liberty Head,barber,,1912_D_barber
4,1912,S,Dime,Barber Series,Liberty Head,barber,,1912_S_barber
4,1913,S,Dime,Barber Series,Liberty Head,barber,,1913_S_barber
4,1913,S,Penny,Lincoln Head Penny,Lincoln Portrait,lincoln-cent,,1913_S_lincoln-cent
4,1914,S,Dime,Barber Series,Liberty Head,barber,,1914_S_barber
4,1914,S,Penny,Lincoln Wheat Cent Series,Abraham Lincoln,lincoln-cent,,1914_S_lincoln-cent
4,1915,S,Dime,Barber Series,Liberty Head,barber,,1915_S_barber
4,1924,D,Penny,Lincoln Cent Series,Abraham Lincoln,lincoln-cent,,1924_D_lincoln-cent
4,1934,,Quarter,Washington Silver Quarter,,quarter,,1934_quarter
4,1939,S,Penny,Lincoln Cent,Lincoln Cent (Wheat Reverse),lincoln-cent,,1939_S_lincoln-cent
4,1941,,Penny,Lincoln Cent,Wheat Reverse,lincoln-cent,,1941_lincoln-cent
4,1942,,Penny,Lincoln Wheat Cent,Abraham Lincoln,lincoln-cent,,1942_lincoln-cent
4,1944,,Penny,Lincoln Wheat Cent Series,Abraham Lincoln,lincoln-cent,,1944_lincoln-cent
4,1945,,Penny,Lincoln Cent,Wheat Reverse,lincoln-cent,,1945_lincoln-cent
4,1946,,Quarter,Washington Silver Quarter,,quarter,,1946_quarter
4,1947,,Penny,Lincoln Cent,Wheat Reverse,lincoln-cent,,1947_lincoln-cent
4,1948,,Penny,Lincoln Cent,Wheat Reverse,lincoln-cent,,1948_lincoln-cent
4,1949,,Penny,Lincoln Cent,Wheat Reverse,lincoln-cent,,1949_lincoln-cent
4,1950,,Penny,Lincoln Cent,Lincoln Cent (Wheat Reverse),lincoln-cent,,1950_lincoln-cent
4,1951,,Half Dollar,Franklin Half Dollar,Benjamin Franklin,kennedy-half-dollar,,1951_kennedy-half-dollar
4,1951,,Penny,Lincoln Wheat Cent Series,Abraham Lincoln,lincoln-cent,,1951_lincoln-cent
4,1952,,Penny,Lincoln Cent,Wheat Reverse,lincoln-cent,,1952_lincoln-cent
4,1953,,Penny,Lincoln Cent,Wheat Reverse,lincoln-cent,,1953_lincoln-cent
4,1955,S,Penny,Lincoln Cent,Lincoln Cent (Wheat Reverse),lincoln-cent,,1955_S_lincoln-cent
4,1960,,Penny,Lincoln Memorial Cent,Lincoln Head,lincoln-cent,,1960_lincoln-cent
4,1970,S,Penny,Lincoln Cent,"Lincoln Memorial Reverse, Large Date Variety",lincoln-cent,,1970_S_lincoln-cent
4,1971,S,Penny,Lincoln Cent,Abraham Lincoln,lincoln-cent,,1971_S_lincoln-cent
4,1992,,Dollar,American Eagle,,american-eagle-silver,,1992_american-eagle-silver
4,2018,,American Silver Eagle Dollar,American Silver Eagle,,american-eagle-silver,,2018_american-eagle-silver
4,2021,,American Silver Eagle Dollar,American Silver Eagle Program,Type II Reverse Design,american-eagle-silver,,2021_american-eagle-silver
4,2023,S,Quarter,US Women's Quarters,Edith Kanaka'ole,quarter,,2023_S_quarter
4,2023,P,U.S. Innovation Dollar,U.S. Innovation Dollar Program,Indiana / Automobile Industry,dollar,,2023_P_dollar
4,2023,D,U.S. Innovation Dollar,U.S. Innovation Dollar Program,Ohio / Underground Railroad,dollar,,2023_D_dollar
4,2024,P,Dollar,U.S. Innovation Dollar,Saturn V Rocket,dollar,,2024_P_dollar
3,1832,,Capped Bust Silver Half Dollar,Capped Bust Half Dollar,Capped Bust Liberty,kennedy-half-dollar,,1832_kennedy-half-dollar
3,1834,,Capped Bust Silver Half Dollar,Capped Bust Half Dollar,Capped Bust Liberty,kennedy-half-dollar,,1834_kennedy-half-dollar
3,1837,,Half Dime,Liberty Seated,No Stars Small Date,dime,,1837_dime
3,1845,,Quarter,Liberty Seated Quarter,Liberty Seated (No Motto),quarter,,1845_quarter
3,1858,O,Half Dollar,Liberty Seated,No Motto,kennedy-half-dollar,,1858_O_kennedy-half-dollar
3,1882,,Liberty Seated Dime,Liberty Seated,Liberty Seated,dime,,1882_dime
3,1890,CC,1,Morgan Silver Dollar,,morgan-dollar,,1890_CC_morgan-dollar
3,1892,S,1,Morgan Silver Dollar,,morgan-dollar,,1892_S_morgan-dollar
3,1892,,Dime,Barber,,barber,,1892_barber
3,1893,CC,Dollar,Morgan Silver Dollar,"Liberty Head, Eagle",morgan-dollar,,1893_CC_morgan-dollar
3,1897,,1 Dollar,Morgan Silver Dollars,Morgan Dollar,morgan-dollar,,1897_morgan-dollar
3,1897,,Penny,Indian Head Cent,Indian Head,cent,,1897_cent
3,1903,O,Dime,Barber Series,Liberty Head,barber,,1903_O_barber
3,1906,D,25 Cents,Barber Silver Quarters,Liberty Head,barber,,1906_D_barber
3,1906,,Barber Silver Dime,,,barber,,1906_barber
3,1907,S,25 Cents,Barber Silver Quarters,Liberty Head,barber,,1907_S_barber
3,1908,D,Dime,Barber Series,Liberty Head,barber,,1908_D_barber
3,1911,S,Half Dollar,Barber,Liberty Head,barber,,1911_S_barber
3,1911,S,Penny,Lincoln Wheat Cent,Abraham Lincoln,lincoln-cent,,1911_S_lincoln-cent
3,1912,S,Penny,Lincoln Wheat Cent Series,Abraham Lincoln,lincoln-cent,,1912_S_lincoln-cent
3,1914,D,Barber Silver Dimes,Barber Dimes,Liberty Head,barber,,1914_D_barber
3,1915,S,Penny,Lincoln Head Cent,Lincoln Head,lincoln-cent,,1915_S_lincoln-cent
3,1917,S,Dime,Mercury Dime,Winged Liberty,mercury-dime,,1917_S_mercury-dime
3,1917,,Quarter,Standing Liberty Silver Quarter (Type 2),Standing Liberty,quarter,,1917_quarter
3,1923,S,Dollar,Peace Dollar,,peace-dollar,,1923_S_peace-dollar
3,1929,S,Penny,Lincoln Head Penny,Lincoln Head Penny,lincoln-cent,,1929_S_lincoln-cent
3,1930,D,Penny,Lincoln Head Cent,Lincoln Head,lincoln-cent,,1930_D_lincoln-cent
3,1930,S,Penny,Lincoln Cent,Abraham Lincoln,lincoln-cent,,1930_S_lincoln-cent
3,1936,,Quarter,Washington Silver Quarter,,quarter,,1936_quarter
3,1944,,Quarter,Washington Silver Quarter,,quarter,,1944_quarter
3,1945,S,Nickel,Jefferson Nickel Series,"Thomas Jefferson, Wartime Nickel",jefferson-nickel,,1945_S_jefferson-nickel
3,1946,S,Penny,Lincoln Head Penny,Lincoln Head Penny,lincoln-cent,,1946_S_lincoln-cent
3,1947,S,Dime,Roosevelt Dimes,silver,dime,,1947_S_dime
3,1948,D,Half Dollar,Liberty Walking Half Dollar,Liberty Walking,kennedy-half-dollar,,1948_D_kennedy-half-dollar
3,1950,,Half Dollar,Franklin Half Dollar,Benjamin Franklin,kennedy-half-dollar,,1950_kennedy-half-dollar
3,1951,S,Penny,Lincoln Cent,Abraham Lincoln,lincoln-cent,,1951_S_lincoln-cent
3,1954,,Half Dollar,Franklin Half Dollar,Benjamin Franklin,kennedy-half-dollar,,1954_kennedy-half-dollar
3,1954,,Quarter,Washington Silver Quarter,,quarter,,1954_quarter
3,1955,,Quarter,Washington Silver Quarter,,quarter,,1955_quarter
3,1956,,Half Dollar,Franklin Half Dollar,Benjamin Franklin,kennedy-half-dollar,,1956_kennedy-half-dollar
3,1957,D,Dime,Roosevelt Dime Series,,dime,,1957_D_dime
3,1957,D,Franklin Silver Half Dollar,,,kennedy-half-dollar,,1957_D_kennedy-half-dollar
3,1957,,Half Dollar,Franklin Half Dollar,Benjamin Franklin,kennedy-half-dollar,,1957_kennedy-half-dollar
3,1957,,Quarter,Washington Silver Quarter,,quarter,,1957_quarter
3,1958,D,Half Dollar,Franklin Half Dollar,Benjamin Franklin,kennedy-half-dollar,,1958_D_kennedy-half-dollar
3,1958,,Quarter,Washington Silver Quarter,,quarter,,1958_quarter
3,1961,D,Dime,Roosevelt Dimes,silver,dime,,1961_D_dime
3,1961,,Penny,Lincoln Cent,Lincoln Head,lincoln-cent,,1961_lincoln-cent
3,1962,,"5-Coin Set (Lincoln Cent, Jefferson Nickel, Roosevelt Dime, Washington Quarter, Walking Liberty Half Dollar)",AMERICA REVISITED SELECTION,Time Capsule Year Set,kennedy-half-dollar,,1962_kennedy-half-dollar
3,1962,D,Half Dollar,Franklin Half Dollar,Benjamin Franklin,kennedy-half-dollar,,1962_D_kennedy-half-dollar
3,1964,D,Kennedy Half Dollar,,,kennedy-half-dollar,,1964_D_kennedy-half-dollar
3,1964,,Quarter,Washington Silver Quarter,,quarter,,1964_quarter
3,1967,,Quarter,Washington Silver Quarter,,quarter,,1967_quarter
3,1971,D,1 Dollar,Eisenhower Dollar,Dwight D. Eisenhower,dollar,,1971_D_dollar
3,1971,,Dollar,Eisenhower Dollar,Dwight D. Eisenhower,dollar,,1971_dollar
3,1972,,Dollar,Eisenhower Dollar,Dwight D. Eisenhower,dollar,,1972_dollar
3,1973,,1 Dollar,Eisenhower Dollar,Dwight D. Eisenhower,dollar,,1973_dollar
3,1973,D,Dollar,Eisenhower Dollar,Dwight D. Eisenhower,dollar,,1973_D_dollar
3,1974,,1 Dollar,Eisenhower Dollar,Dwight D. Eisenhower,dollar,,1974_dollar
3,1974,D,Dollar,Eisenhower Dollar,Dwight D. Eisenhower,dollar,,1974_D_dollar
3,1976,S,Quarter,Washington Silver Quarter,,quarter,,1976_S_quarter
3,1977,,1 Dollar,Eisenhower Dollar,Dwight D. Eisenhower,dollar,,1977_dollar
3,1977,D,Dollar,Eisenhower Dollar,Dwight D. Eisenhower,dollar,,1977_D_dollar
3,1977,S,Dollar,Eisenhower Dollar,Dwight D. Eisenhower,dollar,,1977_S_dollar
3,1978,D,1 Dollar,Eisenhower Dollar,Dwight D. Eisenhower,dollar,,1978_D_dollar
3,1978,,Dollar,Eisenhower Dollar,Dwight D. Eisenhower,dollar,,1978_dollar
3,1979,S,Susan B. Anthony Dollar,Susan B. Anthony Dollar,Susan B. Anthony,dollar,,1979_S_dollar
3,1981,S,Penny,Lincoln Head Penny,Lincoln Portrait,lincoln-cent,,1981_S_lincoln-cent
3,1995,S,Quarter,Washington Silver Quarter,,quarter,,1995_S_quarter
3,1996,S,Quarter,Washington Silver Quarter,,quarter,,1996_S_quarter
3,1998,S,Quarter,Washington Silver Quarter,,quarter,,1998_S_quarter
3,1999,D,Penny,Lincoln Cent Series,Abraham Lincoln,lincoln-cent,,1999_D_lincoln-cent
3,2002,D,Penny,Lincoln Cent Series,Abraham Lincoln,lincoln-cent,,2002_D_lincoln-cent
3,2004,D,Penny,Lincoln Head Penny,Lincoln Head Penny,lincoln-cent,,2004_D_lincoln-cent
3,2006,W,Dollar,American Eagle,,american-eagle-silver,,2006_W_american-eagle-silver
3,2006,D,Penny,Lincoln Cent Series,Abraham Lincoln,lincoln-cent,,2006_D_lincoln-cent
3,2007,W,Dollar,American Eagle,,american-eagle-silver,,2007_W_american-eagle-silver
3,2008,W,Dollar,American Eagle,Burnished,american-eagle-silver,,2008_W_american-eagle-silver
3,2011,W,Dollar,American Eagle,,american-eagle-silver,,2011_W_american-eagle-silver
3,2011,D,Penny,Lincoln Head Penny,Lincoln Head Penny,lincoln-cent,,2011_D_lincoln-cent
3,2012,W,Dollar,American Eagle,,american-eagle-silver,,2012_W_american-eagle-silver
3,2013,W,Dollar,American Eagle,Burnished,american-eagle-silver,,2013_W_american-eagle-silver
3,2015,S,1,Presidential Dollars,john F. Kennedy,presidential-dollars,,2015_S_presidential-dollars
3,2015,W,Dollar,American Eagle,,american-eagle-silver,,2015_W_american-eagle-silver
3,2016,,Dollar,American Eagle,,american-eagle-silver,,2016_american-eagle-silver
3,2017,,Dollar,American Eagle,,american-eagle-silver,,2017_american-eagle-silver
3,2017,S,Kennedy Half Dollar,Kennedy Half Dollar,John F. Kennedy,kennedy-half-dollar,,2017_S_kennedy-half-dollar
3,2019,W,1,Destination silver eagle signed by Tom Cleveland,,american-eagle-silver,,2019_W_american-eagle-silver
3,2021,S,Dime,Roosevelt Dimes,99.9% silver,dime,,2021_S_dime
3,2021,S,Jefferson Nickel,,,jefferson-nickel,,2021_S_jefferson-nickel
3,2022,D,Quarter,US Women's Quarters,Sally Ride,quarter,,2022_D_quarter
3,2022,P,Quarter,US Women's Quarters,Wilma Mankiller,quarter,,2022_P_quarter
3,2023,,Dollar,Peace Dollar,,peace-dollar,,2023_peace-dollar
3,2023,D,Quarter,US Women's Quarters,Bessie Coleman,quarter,,2023_D_quarter
3,2023,P,Quarter,US Women's Quarters,Edith Kanaka'ole,quarter,,2023_P_quarter
3,2024,,American Silver Eagle Dollar,American Silver Eagle,,american-eagle-silver,,2024_american-eagle-silver
3,2024,W,Dollar,American Silver Eagle,Silver Eagle,american-eagle-silver,,2024_W_american-eagle-silver
3,2024,D,Dollar,U.S. Innovation Dollar,Saturn V Rocket,dollar,,2024_D_dollar
3,2024,P,Kennedy Half Dollar,Kennedy Half Dollar,,kennedy-half-dollar,,2024_P_kennedy-half-dollar
2,1819,,Capped Bust Silver Quarter,,,quarter,,1819_quarter
2,1820,,Capped Bust Silver Half Dollar,Capped Bust Half Dollar,Capped Bust Liberty,kennedy-half-dollar,,1820_kennedy-half-dollar
2,1823,,Dime,Capped Bust,,dime,,1823_dime
2,1824,,Capped Bust Silver Half Dollar,THE HALF DOLLAR CLUB SELECTION,Capped Bust,kennedy-half-dollar,,1824_kennedy-half-dollar
2,1824,,Dime,Capped Bust,4 Over 2,dime,,1824_dime
2,1825,,Capped Bust Silver Quarter,,,quarter,,1825_quarter
2,1829,,Nickel,Capped Bust,Capped Bust Liberty,nickel,,1829_nickel
2,1830,,Nickel,Capped Bust,Liberty,nickel,,1830_nickel
2,1832,,Nickel,Capped Bust,Liberty,nickel,,1832_nickel
2,1835,,Capped Bust Silver Quarter,,,quarter,,1835_quarter
2,1835,,Nickel,Capped Bust,Capped Bust Liberty,nickel,,1835_nickel
2,1840,,Nickel,,Stars and Drapery,nickel,,1840_nickel
2,1842,,Half Dollar,Liberty Seated,No Motto,kennedy-half-dollar,,1842_kennedy-half-dollar
2,1846,,Dollar,Liberty Seated,Liberty Seated Silver Dollar,dollar,,1846_dollar
2,1846,,Large Cent,Braided Hair Large Cents,Liberty Head,cent,,1846_cent
2,1853,,Dime,Liberty Seated Silver Dime,,dime,,1853_dime
2,1853,,Nickel,,Arrows,nickel,,1853_nickel
2,1853,,Quarter,Liberty Seated,"Liberty Seated, Arrows and Rays",quarter,,1853_quarter
2,1854,O,Quarter,Liberty Seated,"Liberty Seated, Arrows at Date",quarter,,1854_O_quarter
2,1856,,Dime,Liberty Seated Silver Dime,,dime,,1856_dime
2,1858,S,Half Dollar,Liberty Seated,No Motto,kennedy-half-dollar,,1858_S_kennedy-half-dollar
2,1859,,Half Dollar,Liberty Seated,No Motto,kennedy-half-dollar,,1859_kennedy-half-dollar
2,1861,O,Half Dollar,Liberty Seated,No Motto,kennedy-half-dollar,,1861_O_kennedy-half-dollar
2,1863,,Quarter,Liberty Seated,"Liberty Seated, No Motto",quarter,,1863_quarter
2,1867,,Nickel,Shield Nickel,No Rays,nickel,,1867_nickel
2,1870,,Nickel,Shield Nickel,,nickel,,1870_nickel
2,1872,,Nickel,Shield Nickel,,nickel,,1872_nickel
2,1873,,Quarter,Liberty Seated,"Liberty Seated, Arrows at Date",quarter,,1873_quarter
2,1874,,Quarter,Liberty Seated,"Liberty Seated, Arrows at Date",quarter,,1874_quarter
2,1876,,Half Dollar,Liberty Seated,With Motto,kennedy-half-dollar,,1876_kennedy-half-dollar
2,1879,S,1 Dollar,Morgan Silver Dollars,Liberty Head,morgan-dollar,,1879_S_morgan-dollar
2,1879,,Quarter,Liberty Seated,"Liberty Seated, Arrows at Date",quarter,,1879_quarter
2,1881,CC,1 Dollar,Morgan Silver Dollars,Morgan Dollar,morgan-dollar,,1881_CC_morgan-dollar
2,1892,CC,1 Dollar,Morgan Silver Dollars,Morgan Dollar,morgan-dollar,,1892_CC_morgan-dollar
2,1892,S,Half Dollar,Barber,Liberty Head,barber,,1892_S_barber
2,1893,O,1 Dollar,Morgan Silver Dollars,Morgan Dollar,morgan-dollar,,1893_O_morgan-dollar
2,1893,O,Half Dollar,Barber,Liberty Head,barber,,1893_O_barber
2,1894,,Barber Dime,Barber,,barber,,1894_barber
2,1894,S,Dollar,Morgan Silver Dollar,"Liberty Head, Eagle",morgan-dollar,,1894_S_morgan-dollar
2,1896,S,Dollar,Morgan Silver Dollar,"Liberty Head, Eagle",morgan-dollar,,1896_S_morgan-dollar
2,1897,,25 Cents,Barber Silver Quarters,Liberty Head,barber,,1897_barber
2,1897,S,25 Cents,Barber Silver Quarters,Liberty Head,barber,,1897_S_barber
2,1898,,25 Cents,Barber Silver Quarters,Liberty Head,barber,,1898_barber
2,1898,,Dollar,Morgan Silver Dollar,"Liberty Head, Eagle",morgan-dollar,,1898_morgan-dollar
2,1898,O,Half Dollar,Barber,Liberty Head,barber,,1898_O_barber
2,1898,S,Half Dollar,Barber,Liberty Head,barber,,1898_S_barber
2,1899,S,25 Cents,Barber Silver Quarters,Liberty Head,barber,,1899_S_barber
2,1899,,Half Dollar,Barber,Liberty Head,barber,,1899_barber
2,1899,,Penny,Indian Head Cent,Indian Head,cent,,1899_cent
2,1900,O & CC,1,Morgan Silver Dollar,,morgan-dollar,,1900_O & CC_morgan-dollar
2,1900,,Penny,Indian Head Cent,Indian Head,cent,,1900_cent
2,1901,O,25 Cents,Barber Silver Quarters,Liberty Head,barber,,1901_O_barber
2,1902,O,Dollar,Morgan Silver Dollar,"Liberty Head, Eagle",morgan-dollar,,1902_O_morgan-dollar
2,1902,S,Half Dollar,Barber,Liberty Head,barber,,1902_S_barber
2,1902,,Nickel,Liberty Head Nickel,Liberty Head,nickel,,1902_nickel
2,1904,O,Half Dollar,Barber,Liberty Head,barber,,1904_O_barber
2,1905,,25 Cents,Barber Silver Quarters,Liberty Head,barber,,1905_barber
2,1905,P,Barber Silver Dimes,Barber Dimes,Liberty Head,barber,,1905_P_barber
2,1905,Pending,Dime,Barber Series,Liberty Head,barber,,1905_PENDING_barber
2,1906,O,25 Cents,Barber Silver Quarters,Liberty Head,barber,,1906_O_barber
2,1907,D,Half Dollar,Barber,Liberty Head,barber,,1907_D_barber
2,1908,S,25 Cents,Barber Silver Quarters,Liberty Head,barber,,1908_S_barber
2,1908,,Half Dollar,Barber,Liberty Head,barber,,1908_barber
2,1908,,Penny,Indian Head Cent,Indian Head,cent,,1908_cent
2,1909,,25 Cents,Barber Silver Quarters,Liberty Head,barber,,1909_barber
2,1909,S,Half Dollar,Barber,Liberty Head,barber,,1909_S_barber
2,1910,D,Barber Silver Dimes,Barber Dimes,Liberty Head,barber,,1910_D_barber
2,1910,,Half Dollar,Barber,Liberty Head,barber,,1910_barber
2,1911,,25 Cents,Barber Silver Quarters,Liberty Head,barber,,1911_barber
2,1912,,25 Cents,Barber Silver Quarters,Liberty Head,barber,,1912_barber
2,1912,P,Barber Silver Dimes,Barber Dimes,Liberty Head,barber,,1912_P_barber
2,1912,Pending,Dime,Barber Series,Liberty Head,barber,,1912_PENDING_barber
2,1913,D,25 Cents,Barber Silver Quarters,Liberty Head,barber,,1913_D_barber
2,1913,D,Penny,Lincoln Head Penny,Lincoln Head Penny,lincoln-cent,,1913_D_lincoln-cent
2,1914,,Half Dollar,Barber,Liberty Head,barber,,1914_barber
2,1915,,25 Cents,Barber Silver Quarters,Liberty Head,barber,,1915_barber
2,1915,D,Half Dollar,Barber,Liberty Head,barber,,1915_D_barber
2,1916,S,Barber Silver Dimes,Barber Dimes,Liberty Head,barber,,1916_S_barber
2,1916,S,Penny,Lincoln Head Penny,Lincoln Portrait,lincoln-cent,,1916_S_lincoln-cent
2,1916,D,Penny,Lincoln Cent,Lincoln Cent (Wheat Reverse),lincoln-cent,,1916_D_lincoln-cent
2,1917,S,Half Dollar,Liberty Walking Half Dollar,Liberty Walking,kennedy-half-dollar,,1917_S_kennedy-half-dollar
2,1917,D,Half Dollar,Liberty Walking Half Dollar,Liberty Walking,kennedy-half-dollar,,1917_D_kennedy-half-dollar
2,1917,D,Penny,Lincoln Head Penny,Lincoln Portrait,lincoln-cent,,1917_D_lincoln-cent
2,1917,S,Penny,Lincoln Cent,Abraham Lincoln,lincoln-cent,,1917_S_lincoln-cent
2,1917,D,Quarter,Standing Liberty Silver Quarter (Type 2),Standing Liberty,quarter,,1917_D_quarter
2,1918,S,Dime,Mercury Dime,Winged Liberty,mercury-dime,,1918_S_mercury-dime
2,1918,D,Roosevelt Dime,Mercury Dime,,mercury-dime,,1918_D_mercury-dime
2,1919,,Dime,Mercury,,mercury-dime,,1919_mercury-dime
2,1919,P,Half Dollar,Liberty Walking Half Dollar,Liberty Walking,kennedy-half-dollar,,1919_P_kennedy-half-dollar
2,1920,D,Dime,Mercury Dime,Winged Liberty,mercury-dime,,1920_D_mercury-dime
2,1920,S,Penny,Lincoln Head Penny,Lincoln Portrait,lincoln-cent,,1920_S_lincoln-cent
2,1921,S,Penny,Lincoln Cent,Lincoln Head,lincoln-cent,,1921_S_lincoln-cent
2,1922,,Dollar,Peace Dollar,,peace-dollar,,1922_peace-dollar
2,1922,D,Penny,Lincoln Head Penny,Lincoln Portrait,lincoln-cent,,1922_D_lincoln-cent
2,1923,,Dollar,Peace Dollar,,peace-dollar,,1923_peace-dollar
2,1924,D,Dime,Mercury Dime,,mercury-dime,,1924_D_mercury-dime
2,1924,S,Dime,Mercury Dime,Winged Liberty,mercury-dime,,1924_S_mercury-dime
2,1924,,Dollar,Peace Dollar,,peace-dollar,,1924_peace-dollar
2,1925,,Dollar,Peace Dollar,,peace-dollar,,1925_peace-dollar
2,1925,,Nickel,,,nickel,,1925_nickel
2,1925,S,Penny,Lincoln Cent,Lincoln Cent (Wheat Reverse),lincoln-cent,,1925_S_lincoln-cent
2,1925,D,Penny,Lincoln Cent,Lincoln Cent (Wheat Reverse),lincoln-cent,,1925_D_lincoln-cent
2,1925,,Quarter,Standing Liberty Silver Quarter,Standing Liberty,quarter,,1925_quarter
2,1926,,Dime,Mercury Dime,Winged Liberty Head,mercury-dime,,1926_mercury-dime
2,1926,,Nickel,,,nickel,,1926_nickel
2,1927,S,Dime,Mercury Dime,Winged Liberty,mercury-dime,,1927_S_mercury-dime
2,1927,S,Penny,Lincoln Head Penny,Lincoln Head Penny,lincoln-cent,,1927_S_lincoln-cent
2,1927,D,Penny,Lincoln Head Penny,Lincoln Portrait,lincoln-cent,,1927_D_lincoln-cent
2,1929,D,Dime,Mercury Dime,Winged Liberty,mercury-dime,,1929_D_mercury-dime
2,1929,,Dime,Mercury Dime,Winged Liberty Head,mercury-dime,,1929_mercury-dime
2,1929,D,Lincoln Cent,,,lincoln-cent,,1929_D_lincoln-cent
2,1929,S,Nickel,Buffalo Nickel,,buffalo-nickel,,1929_S_buffalo-nickel
2,1930,S,Quarter,Standing Liberty Silver Quarter,Standing Liberty,quarter,,1930_S_quarter
2,1931,,Dime,Mercury Dime,,mercury-dime,,1931_mercury-dime
2,1932,D,Penny,Lincoln Head Penny,Lincoln Portrait,lincoln-cent,,1932_D_lincoln-cent
2,1934,D,Quarter,Washington Silver Quarter,,quarter,,1934_D_quarter
2,1935,,Dime,Mercury Dime,Winged Liberty Head,mercury-dime,,1935_mercury-dime
2,1935,,Quarter,Washington Silver Quarter,,quarter,,1935_quarter
2,1937,,Dime,Mercury Dime,Winged Liberty Head,mercury-dime,,1937_mercury-dime
2,1938,,Capped Bust Silver Quarter,,,quarter,,1938_quarter
2,1939,S,Dime,Mercury Dime,Winged Liberty Head,mercury-dime,,1939_S_mercury-dime
2,1939,,Dime,Mercury Dime,Winged Liberty Head,mercury-dime,,1939_mercury-dime
2,1941,S,Dime,Mercury Dime,Mercury (Roman God),mercury-dime,,1941_S_mercury-dime
2,1941,S,Penny,Lincoln Head Penny,Lincoln Portrait,lincoln-cent,,1941_S_lincoln-cent
2,1942,D,Dime,,,dime,,1942_D_dime
2,1942,S,Kennedy Half Dollar,The World War II U.S. Coin Collection,WWII,kennedy-half-dollar,,1942_S_kennedy-half-dollar
2,1942,S,Lincoln Cent,The World War II U.S. Coin Collection,WWII,lincoln-cent,,1942_S_lincoln-cent
2,1942,,Quarter,Washington Silver Quarter,,quarter,,1942_quarter
2,1942,S,Washington Quarter,The World War II U.S. Coin Collection,WWII,quarter,,1942_S_quarter
2,1943,S,Nickel,Jefferson Nickel Series,"Thomas Jefferson, Wartime Nickel",jefferson-nickel,,1943_S_jefferson-nickel
2,1944,,Dime,Mercury Dime,Winged Liberty Head,mercury-dime,,1944_mercury-dime
2,1944,P,Nickel,Jefferson Nickel Series,"Thomas Jefferson, Wartime Nickel",jefferson-nickel,,1944_P_jefferson-nickel
2,1944,S,Penny,Lincoln Head Penny,Lincoln Head Penny,lincoln-cent,,1944_S_lincoln-cent
2,1945,S,Dime,Mercury Dime,Winged Liberty Head,mercury-dime,,1945_S_mercury-dime
2,1945,D,Quarter,Washington Silver Quarter,,quarter,,1945_D_quarter
2,1947,D,Quarter,Washington Silver Quarter,,quarter,,1947_D_quarter
2,1948,,Half Dollar,Franklin Half Dollar,Benjamin Franklin,kennedy-half-dollar,,1948_kennedy-half-dollar
2,1948,,Quarter,,,quarter,,1948_quarter
2,1949,,Half Dollar,Franklin Half Dollar,Benjamin Franklin,kennedy-half-dollar,,1949_kennedy-half-dollar
2,1949,D,Penny,Lincoln Cent,Lincoln Memorial Reverse,lincoln-cent,,1949_D_lincoln-cent
2,1950,D,Dime,Roosevelt Dimes,,dime,,1950_D_dime
2,1950,,Quarter,Washington Silver Quarter,,quarter,,1950_quarter
2,1951,,Dime,Roosevelt Dimes,silver,dime,,1951_dime
2,1951,D,Half Dollar,Franklin Half Dollar,Benjamin Franklin,kennedy-half-dollar,,1951_D_kennedy-half-dollar
2,1951,D,Quarter,Washington Silver Quarter,,quarter,,1951_D_quarter
2,1951,,Quarter,Washington Silver Quarter,,quarter,,1951_quarter
2,1952,D,Dime,Roosevelt Dimes,,dime,,1952_D_dime
2,1952,S,Penny,Lincoln Head Penny,Lincoln Portrait,lincoln-cent,,1952_S_lincoln-cent
2,1953,,Quarter,Washington Silver Quarter,,quarter,,1953_quarter
2,1954,D,Dime,Roosevelt Dimes,silver,dime,,1954_D_dime
2,1954,S,Half Dollar,Franklin Half Dollar,Benjamin Franklin,kennedy-half-dollar,,1954_S_kennedy-half-dollar
2,1954,D,Half Dollar,Franklin Half Dollar,Benjamin Franklin,kennedy-half-dollar,,1954_D_kennedy-half-dollar
2,1955,,Half Dollar,Franklin Half Dollar,Benjamin Franklin,kennedy-half-dollar,,1955_kennedy-half-dollar
2,1955,D,Quarter,Washington Silver Quarter,,quarter,,1955_D_quarter
2,1956,,Dime,Mercury Dime,Winged Liberty Head,mercury-dime,,1956_mercury-dime
2,1956,D,Dime,Roosevelt Dimes,Silver,dime,,1956_D_dime
2,1956,,Quarter,Washington Silver Quarter,,quarter,,1956_quarter
2,1956,D,Quarter,Washington Silver Quarter,,quarter,,1956_D_quarter
2,1957,D,Quarter,Washington Silver Quarter,,quarter,,1957_D_quarter
2,1958,,Half Dollar,Franklin Half Dollar,Benjamin Franklin,kennedy-half-dollar,,1958_kennedy-half-dollar
2,1958,D,Nickel,Jefferson Nickel Series,Thomas Jefferson,jefferson-nickel,,1958_D_jefferson-nickel
2,1958,D,Quarter,Washington Silver Quarter,,quarter,,1958_D_quarter
2,1959,D,Dime,Roosevelt Dimes,Silver,dime,,1959_D_dime
2,1959,,Half Dollar,Franklin Half Dollar,Benjamin Franklin,kennedy-half-dollar,,1959_kennedy-half-dollar
2,1959,,Penny,Lincoln Head Penny,Abraham Lincoln,lincoln-cent,,1959_lincoln-cent
2,1959,D,Quarter,Washington Silver Quarter,,quarter,,1959_D_quarter
2,1959,,Quarter,Washington Silver Quarter,,quarter,,1959_quarter
2,1960,,Quarter,Washington Silver Quarter,,quarter,,1960_quarter
2,1961,,Quarter,Washington Silver Quarter,,quarter,,1961_quarter
2,1962,,Dime,Roosevelt Dimes,,dime,,1962_dime
2,1962,D,Dime,Roosevelt Dimes,silver,dime,,1962_D_dime
2,1962,,Penny,Lincoln Head Penny,Abraham Lincoln,lincoln-cent,,1962_lincoln-cent
2,1962,,Quarter,Washington Silver Quarter,,quarter,,1962_quarter
2,1963,,Penny,Lincoln Head Penny,Abraham Lincoln,lincoln-cent,,1963_lincoln-cent
2,1963,,Quarter,Washington Silver Quarter,,quarter,,1963_quarter
2,1964,,Kennedy Half Dollar,Historic U.S. Silver Half-Dollars,,dollar,,1964_dollar
2,1964,,Penny,Lincoln Cent Series,Abraham Lincoln,lincoln-cent,,1964_lincoln-cent
2,1964,D,Quarter,Washington Silver Quarter,,quarter,,1964_D_quarter
2,1965,,Quarter,Washington Silver Quarter,,quarter,,1965_quarter
2,1966,,Kennedy Half Dollar,Kennedy Half Dollar Series,John F. Kennedy,kennedy-half-dollar,,1966_kennedy-half-dollar
2,1967,,Kennedy Half Dollar,Kennedy Half Dollar Series,John F. Kennedy,kennedy-half-dollar,,1967_kennedy-half-dollar
2,1968,S,Penny,Lincoln Cent,Lincoln Head,lincoln-cent,,1968_S_lincoln-cent
2,1969,,Dime,Roosevelt Dimes,,dime,,1969_dime
2,1969,S,Penny,Lincoln Cent,Lincoln Head,lincoln-cent,,1969_S_lincoln-cent
2,1970,,Penny,Lincoln Cent Series,Abraham Lincoln,lincoln-cent,,1970_lincoln-cent
2,1971,D,Penny,Lincoln Head Penny,Lincoln Portrait,lincoln-cent,,1971_D_lincoln-cent
2,1972,D,1 Dollar,Eisenhower Dollar,Dwight D. Eisenhower,dollar,,1972_D_dollar
2,1972,S,Penny,Lincoln Cent,Abraham Lincoln,lincoln-cent,,1972_S_lincoln-cent
2,1973,S,Penny,Lincoln Cent,Lincoln Cent (Memorial Reverse),lincoln-cent,,1973_S_lincoln-cent
2,1974,D,Kennedy Half Dollar,Kennedy Half Dollar,John F. Kennedy,kennedy-half-dollar,,1974_D_kennedy-half-dollar
2,1974,D,Penny,Lincoln Memorial Cent,Lincoln Head,lincoln-cent,,1974_D_lincoln-cent
2,1975,,Jefferson Nickel,THE U.S. NICKEL COLLECTION,Jefferson Nickel,nickel,,1975_nickel
2,1975,D,Penny,Lincoln Head Penny,Abraham Lincoln,lincoln-cent,,1975_D_lincoln-cent
2,1975,S,Penny,Lincoln Cent Series,Abraham Lincoln,lincoln-cent,,1975_S_lincoln-cent
2,1977,D,Penny,Lincoln Cent,Lincoln Memorial Reverse,lincoln-cent,,1977_D_lincoln-cent
2,1978,D,Dime,Roosevelt Dimes,,dime,,1978_D_dime
2,1978,S,Dime,Roosevelt Dimes,Type 2 Clear S,dime,,1978_S_dime
2,1978,S,Dollar,Eisenhower Dollar,Dwight D. Eisenhower,dollar,,1978_S_dollar
2,1979,,Kennedy Half Dollar,Kennedy Half Dollar,John F. Kennedy,kennedy-half-dollar,,1979_kennedy-half-dollar
2,1979,S,Kennedy Half Dollar,Kennedy Half Dollar,John F. Kennedy,kennedy-half-dollar,,1979_S_kennedy-half-dollar
2,1979,S,Penny,Lincoln Cent Series,Abraham Lincoln,lincoln-cent,,1979_S_lincoln-cent
2,1979,D,Penny,Lincoln Cent,Lincoln Memorial Reverse,lincoln-cent,,1979_D_lincoln-cent
2,1979,S,Quarter,Washington Silver Quarter,,quarter,,1979_S_quarter
2,1979,P,Susan B. Anthony Dollar,Susan B. Anthony Dollar,Susan B. Anthony,dollar,,1979_P_dollar
2,1980,S,Kennedy Half Dollar,Kennedy Half Dollar Series,John F. Kennedy,kennedy-half-dollar,,1980_S_kennedy-half-dollar
2,1980,S,Susan B. Anthony Dollar,Susan B. Anthony Dollar,Susan B. Anthony,dollar,,1980_S_dollar
2,1981,S,Quarter,Washington Silver Quarter,,quarter,,1981_S_quarter
2,1982,P,Penny,Lincoln Cent,"Lincoln Memorial Reverse, Large Date Copper Variety",lincoln-cent,,1982_P_lincoln-cent
2,1984,D,Penny,Lincoln Cent Series,Abraham Lincoln,lincoln-cent,,1984_D_lincoln-cent
2,1985,S,Dime,Roosevelt Dimes,,dime,,1985_S_dime
2,1985,S,Kennedy Half Dollar,,,kennedy-half-dollar,,1985_S_kennedy-half-dollar
2,1986,,1.0,American Silver Eagle,Mercanti,american-eagle-silver,,1986_american-eagle-silver
2,1989,,Penny,Lincoln Cent Series,Abraham Lincoln,lincoln-cent,,1989_lincoln-cent
2,1992,S,Dime,Roosevelt Dimes,,dime,,1992_S_dime
2,1992,S,Quarter,Washington Silver Quarter,,quarter,,1992_S_quarter
2,1993,S,Dime,Roosevelt Dimes,90% silver,dime,,1993_S_dime
2,1993,,Jefferson Nickel,THE U.S. NICKEL COLLECTION,Jefferson Nickel,nickel,,1993_nickel
2,1994,S,Dime,Roosevelt Dimes,,dime,,1994_S_dime
2,1994,S,Quarter,Washington Silver Quarter,,quarter,,1994_S_quarter
2,1995,,5,American Gold Eagle,American Gold Eagle,american-eagle-gold,,1995_american-eagle-gold
2,1995,S,Dime,Roosevelt Dimes,,dime,,1995_S_dime
2,1995,D,Penny,Lincoln Cent Series,Abraham Lincoln,lincoln-cent,,1995_D_lincoln-cent
2,1996,S,Dime,Roosevelt Dimes,,dime,,1996_S_dime
2,1997,S,Dime,Roosevelt Dimes,90% silver,dime,,1997_S_dime
2,1997,,Dollar,American Eagle,,american-eagle-silver,,1997_american-eagle-silver
2,1997,S,Kennedy Half Dollar,Kennedy Half Dollar Series,John F. Kennedy,kennedy-half-dollar,,1997_S_kennedy-half-dollar
2,1998,S,Dime,Roosevelt Dimes,,dime,,1998_S_dime
2,1998,P,Kennedy Half Dollar,Kennedy Half Dollar,John F. Kennedy,kennedy-half-dollar,,1998_P_kennedy-half-dollar
2,1998,S,Kennedy Half Dollar,Kennedy Half Dollar,John F. Kennedy,kennedy-half-dollar,,1998_S_kennedy-half-dollar
2,1998,,Nickel,THE U.S. NICKEL COLLECTION,Jefferson,nickel,,1998_nickel
2,1998,D,Penny,Lincoln Head Penny,Abraham Lincoln,lincoln-cent,,1998_D_lincoln-cent
2,1999,S,Dime,Roosevelt Dimes,,dime,,1999_S_dime
2,1999,,Dollar,American Eagle,,american-eagle-silver,,1999_american-eagle-silver
2,2000,S,Dime,Roosevelt Dimes,,dime,,2000_S_dime
2,2000,S,Kennedy Half Dollar,Kennedy Half Dollar,John F. Kennedy,kennedy-half-dollar,,2000_S_kennedy-half-dollar
2,2000,D,Penny,Lincoln Cent Series,Abraham Lincoln,lincoln-cent,,2000_D_lincoln-cent
2,2001,P,1 Dollar,Sacagawea Dollar,Sacagawea,native-american-dollar,,2001_P_native-american-dollar
2,2001,P,Dime,Roosevelt Dimes,,dime,,2001_P_dime
2,2001,S,Dime,Roosevelt Dimes,90% silver,dime,,2001_S_dime
2,2001,D,Penny,Lincoln Cent,Lincoln Head,lincoln-cent,,2001_D_lincoln-cent
2,2002,S,Dime,Roosevelt Dimes,90% silver,dime,,2002_S_dime
2,2002,P,Kennedy Half Dollar,Kennedy Half Dollar,John F. Kennedy,kennedy-half-dollar,,2002_P_kennedy-half-dollar
2,2003,S,Dime,Roosevelt Dimes,,dime,,2003_S_dime
2,2004,S,Dime,Roosevelt Dimes,90% silver,dime,,2004_S_dime
2,2004,S,Kennedy Half Dollar,Kennedy Half Dollar,John F. Kennedy,kennedy-half-dollar,,2004_S_kennedy-half-dollar
2,2004,,Penny,Lincoln Cent Series,Abraham Lincoln,lincoln-cent,,2004_lincoln-cent
2,2006,,5,American Gold Eagle,,american-eagle-gold,,2006_american-eagle-gold
2,2006,S,Dime,Roosevelt Dimes,,dime,,2006_S_dime
2,2006,S,Kennedy Half Dollar,Kennedy Half Dollar Series,John F. Kennedy,kennedy-half-dollar,,2006_S_kennedy-half-dollar
2,2006,,Penny,Lincoln Cent Series,Abraham Lincoln,lincoln-cent,,2006_lincoln-cent
2,2007,S,Dime,Roosevelt Dimes,,dime,,2007_S_dime
2,2007,D,Dime,Roosevelt Dimes,,dime,,2007_D_dime
2,2007,S,Kennedy Half Dollar,Kennedy Half Dollar,John F. Kennedy,kennedy-half-dollar,,2007_S_kennedy-half-dollar
2,2008,D,1,Presidential Dollars,James Monroe,presidential-dollars,james-monroe,2008_D_james-monroe_presidential-dollars
2,2008,D,1,Presidential Dollars,Andrew Jackson,presidential-dollars,andrew-jackson,2008_D_andrew-jackson_presidential-dollars
2,2008,D,1,Presidential Dollars,Martin Van Buren,presidential-dollars,martin-van-buren,2008_D_martin-van-buren_presidential-dollars
2,2008,S,Dime,Roosevelt Dimes,,dime,,2008_S_dime
2,2009,S,Dime,Roosevelt Dimes,,dime,,2009_S_dime
2,2010,,American Silver Eagle Dollar,American Silver Eagle,,american-eagle-silver,,2010_american-eagle-silver
2,2010,S,Dime,Roosevelt Dimes,,dime,,2010_S_dime
2,2010,S,Kennedy Half Dollar,Kennedy Half Dollar,John F. Kennedy,kennedy-half-dollar,,2010_S_kennedy-half-dollar
2,2010,D,Penny,Lincoln Cent,"Abraham Lincoln, Union Shield",lincoln-cent,,2010_D_lincoln-cent
2,2011,S,Dime,Roosevelt Dimes,90% silver,dime,,2011_S_dime
2,2012,S,Dime,Roosevelt Dimes,,dime,,2012_S_dime
2,2012,D,Penny,Lincoln Cent,Union Shield Reverse,lincoln-cent,,2012_D_lincoln-cent
2,2013,S,Dime,Roosevelt Dimes,90% silver,dime,,2013_S_dime
2,2014,S,Dime,Roosevelt Dimes,90% silver,dime,,2014_S_dime
2,2014,D,Penny,Lincoln Head Penny,Abraham Lincoln,lincoln-cent,,2014_D_lincoln-cent
2,2015,P,1,Presidential Dollars,Lyndon Johnson,presidential-dollars,lyndon-johnson,2015_P_lyndon-johnson_presidential-dollars
2,2015,D,1,Presidential Dollars,Lyndon Johnson,presidential-dollars,lyndon-johnson,2015_D_lyndon-johnson_presidential-dollars
2,2015,,American Silver Eagle Dollar,American Silver Eagle,,american-eagle-silver,,2015_american-eagle-silver
2,2015,S,Dime,Roosevelt Dimes,,dime,,2015_S_dime
2,2015,,Penny,Lincoln Shield Cent,Lincoln Shield,lincoln-cent,,2015_lincoln-cent
2,2016,S,Dime,Roosevelt Dimes,,dime,,2016_S_dime
2,2016,S,Kennedy Half Dollar,Kennedy Half Dollar,John F. Kennedy,kennedy-half-dollar,,2016_S_kennedy-half-dollar
2,2017,S,Dime,Roosevelt Dimes,,dime,,2017_S_dime
2,2018,S,Dime,Roosevelt Dimes,,dime,,2018_S_dime
2,2018,P,Kennedy Half Dollar,Kennedy Half Dollar Series,John F. Kennedy,kennedy-half-dollar,,2018_P_kennedy-half-dollar
2,2018,S,Kennedy Half Dollar,,,kennedy-half-dollar,,2018_S_kennedy-half-dollar
2,2018,D,Kennedy Half Dollar,Kennedy Half Dollar Series,John F. Kennedy,kennedy-half-dollar,,2018_D_kennedy-half-dollar
2,2019,,1,American Eagle,,american-eagle-silver,,2019_american-eagle-silver
2,2019,S,Dime,Roosevelt Dimes,,dime,,2019_S_dime
2,2020,,Dollar,American Eagle,,american-eagle-silver,,2020_american-eagle-silver
2,2020,S,Roosevelt Dime,,,dime,,2020_S_dime
2,2022,S,Dime,Roosevelt Dimes,,dime,,2022_S_dime
2,2022,D,Kennedy Half Dollar,Kennedy Half Dollar Series,John F. Kennedy,kennedy-half-dollar,,2022_D_kennedy-half-dollar
2,2022,S,Kennedy Half Dollar,Kennedy Half Dollar,,kennedy-half-dollar,,2022_S_kennedy-half-dollar
2,2023,S,Dime,Roosevelt Dimes,,dime,,2023_S_dime
2,2023,,Dollar,American Silver Eagle,,american-eagle-silver,,2023_american-eagle-silver
2,2023,S,Kennedy Half Dollar,Kennedy Half Dollar,,kennedy-half-dollar,,2023_S_kennedy-half-dollar
2,2024,S,Kennedy Half Dollar,Kennedy Half Dollar,,kennedy-half-dollar,,2024_S_kennedy-half-dollar
1,1806,,25 Cents,Barber Silver Quarters,Draped Bust,barber,,1806_barber
1,1807,,Draped Bust Silver Quarter,Draped Bust Silver Quarter Series,Draped Bust Design,quarter,,1807_quarter
1,1808,,Half Dollar,Capped Bust,Variety 1,kennedy-half-dollar,,1808_kennedy-half-dollar
1,1810,,Half Dollar,Capped Bust Half Dollar,,kennedy-half-dollar,,1810_kennedy-half-dollar
1,1811,,Capped Bust Silver Half Dollar,Capped Bust Half Dollar,Capped Bust Liberty,kennedy-half-dollar,,1811_kennedy-half-dollar
1,1812,,Capped Bust Silver Half Dollar,Capped Bust Half Dollar,Capped Bust Liberty,kennedy-half-dollar,,1812_kennedy-half-dollar
1,1813,,Capped Bust Silver Half Dollar,Capped Bust Half Dollar,Capped Bust Liberty,kennedy-half-dollar,,1813_kennedy-half-dollar
1,1814,,Capped Bust Silver Half Dollar,Capped Bust Half Dollar,Capped Bust Liberty,kennedy-half-dollar,,1814_kennedy-half-dollar
1,1818,,Capped Bust Silver Half Dollar,Capped Bust Half Dollar,Capped Bust Liberty,kennedy-half-dollar,,1818_kennedy-half-dollar
1,1818,,Capped Bust Silver Quarter,,,quarter,,1818_quarter
1,1818,,Penny,Large Cent,,cent,,1818_cent
1,1820,,Capped Bust Silver Dime,Capped Bust Dime,Liberty Seated (Capped Bust),dime,,1820_dime
1,1821,,Capped Bust Silver Half Dollar,Capped Bust Half Dollar,Capped Bust Liberty,kennedy-half-dollar,,1821_kennedy-half-dollar
1,1821,,Capped Bust Silver Quarter,,,quarter,,1821_quarter
1,1822,,Capped Bust Silver Half Dollar,Capped Bust Half Dollar,Capped Bust Liberty,kennedy-half-dollar,,1822_kennedy-half-dollar
1,1823,,Capped Bust Silver Half Dollar,Capped Bust Half Dollar,Capped Bust Liberty,kennedy-half-dollar,,1823_kennedy-half-dollar
1,1824,,Penny,Matron Head Large Cent,Liberty Head,cent,,1824_cent
1,1825,,Half Cent,Classic Head,,cent,,1825_cent
1,1825,,Half Dollar,Capped Bust,Lettered Edge,kennedy-half-dollar,,1825_kennedy-half-dollar
1,1826,,Capped Bust Silver Half Dollar,Capped Bust Half Dollar,Capped Bust Liberty,kennedy-half-dollar,,1826_kennedy-half-dollar
1,1827,,Capped Bust Silver Dime,Capped Bust Dime,Liberty Seated (Capped Bust),dime,,1827_dime
1,1827,,Capped Bust Silver Half Dollar,Capped Bust Half Dollar,Capped Bust Liberty,kennedy-half-dollar,,1827_kennedy-half-dollar
1,1828,,Capped Bust Silver Quarter,,,quarter,,1828_quarter
1,1829,,Capped Bust Half Dollar,Capped Bust Half Dollar,,kennedy-half-dollar,,1829_kennedy-half-dollar
1,1829,,Half Cent,Classic Head,,cent,,1829_cent
1,1830,,Capped Bust Silver Dime,Capped Bust Dime,Liberty Seated (Capped Bust),dime,,1830_dime
1,1830,,Capped Bust Silver Half Dollar,Capped Bust Half Dollar,Capped Bust Liberty,kennedy-half-dollar,,1830_kennedy-half-dollar
1,1831,,Capped Bust Silver Dime,Capped Bust Dime,Liberty Seated (Capped Bust),dime,,1831_dime
1,1831,,Capped Bust Silver Half Dollar,Capped Bust Half Dollar,Capped Bust Liberty,kennedy-half-dollar,,1831_kennedy-half-dollar
1,1832,,Capped Bust Silver Quarter,,,quarter,,1832_quarter
1,1833,,Capped Bust Silver Half Dollar,Capped Bust Half Dollar,Capped Bust Liberty,kennedy-half-dollar,,1833_kennedy-half-dollar
1,1833,,Capped Bust Silver Quarter,Capped Bust Silver Quarter Series,Capped Bust Design,quarter,,1833_quarter
1,1833,,Half Dime,Capped Bust,,dime,,1833_dime
1,1834,,Dime,Capped Bust,Large 4,dime,,1834_dime
1,1834,,Penny,Matron Head Large Cent,Liberty Head,cent,,1834_cent
1,1835,,Capped Bust Silver Half Dollar,Capped Bust Half Dollar,Capped Bust Liberty,kennedy-half-dollar,,1835_kennedy-half-dollar
1,1836,,Capped Bust Silver Dime,Capped Bust Dime,Liberty Seated (Capped Bust),dime,,1836_dime
1,1836,,Capped Bust Silver Quarter,,,quarter,,1836_quarter
1,1837,,Penny,Coronet Head Large Cent,Liberty Head,cent,,1837_cent
1,1837,,Quarter,Liberty Seated,"Liberty Seated, Variety 2",quarter,,1837_quarter
1,1838,O,Dime,Liberty Seated Silver Dime,,dime,,1838_O_dime
1,1838,,Nickel,,Stars No Drapery,nickel,,1838_nickel
1,1838,,Penny,Coronet Head Large Cent,Liberty Head,cent,,1838_cent
1,1839,O,Nickel,,Stars No Drapery,nickel,,1839_O_nickel
1,1839,,Quarter,Liberty Seated,"Liberty Seated, No Motto",quarter,,1839_quarter
1,1840,,Quarter,Liberty Seated,"Liberty Seated, No Motto",quarter,,1840_quarter
1,1840,O,Quarter,Liberty Seated,"Liberty Seated, No Motto, No Drapery",quarter,,1840_O_quarter
1,1840,O,Seated Liberty Silver Half Dollar,Seated Liberty Half Dollar,Seated Liberty,kennedy-half-dollar,,1840_O_kennedy-half-dollar
1,1842,,Dollar,Liberty Seated,Liberty Seated Silver Dollar,dollar,,1842_dollar
1,1842,,Large Cent,Braided Hair Large Cents,Liberty Head,cent,,1842_cent
1,1842,,Nickel,,Stars,nickel,,1842_nickel
1,1842,O,Nickel,,,nickel,,1842_O_nickel
1,1842,O,Quarter,Liberty Seated,"Liberty Seated, No Motto, Large Date",quarter,,1842_O_quarter
1,1843,,Dollar,Liberty Seated,Liberty Seated Silver Dollar,dollar,,1843_dollar
1,1843,O,Half Dollar,Liberty Seated,No Motto,kennedy-half-dollar,,1843_O_kennedy-half-dollar
1,1843,,Large Cent,Braided Hair Large Cents,Liberty Head,cent,,1843_cent
1,1843,,Nickel,,Stars,nickel,,1843_nickel
1,1843,,Quarter,Liberty Seated,"Liberty Seated, No Motto",quarter,,1843_quarter
1,1843,O,Quarter,Liberty Seated,"Liberty Seated, No Motto",quarter,,1843_O_quarter
1,1844,,Dime,Liberty Seated Silver Dime,,dime,,1844_dime
1,1844,O,Half Dollar,Liberty Seated,No Motto,kennedy-half-dollar,,1844_O_kennedy-half-dollar
1,1844,,Half Dollar,Liberty Seated,No Motto,kennedy-half-dollar,,1844_kennedy-half-dollar
1,1844,,Nickel,,Stars,nickel,,1844_nickel
1,1844,,Quarter,Liberty Seated,"Liberty Seated, No Motto",quarter,,1844_quarter
1,1844,O,Quarter,Liberty Seated,"Liberty Seated, No Motto",quarter,,1844_O_quarter
1,1845,,Large Cent,Braided Hair Large Cents,Liberty Head,cent,,1845_cent
1,1845,,Nickel,,Stars,nickel,,1845_nickel
1,1846,O,Half Dollar,Liberty Seated,Medium Date,kennedy-half-dollar,,1846_O_kennedy-half-dollar
1,1846,,Half Dollar,Liberty Seated,Tall Date,kennedy-half-dollar,,1846_kennedy-half-dollar
1,1846,,Quarter,Liberty Seated,"Liberty Seated, No Motto",quarter,,1846_quarter
1,1847,,Large Cent,Braided Hair Large Cents,Liberty Head,cent,,1847_cent
1,1847,,Nickel,,Stars,nickel,,1847_nickel
1,1847,,Quarter,Liberty Seated,"Liberty Seated, No Motto",quarter,,1847_quarter
1,1848,,Large Cent,Braided Hair Large Cents,Liberty Head,cent,,1848_cent
1,1848,O,Nickel,,Stars,nickel,,1848_O_nickel
1,1849,,Large Cent,Braided Hair Large Cents,Liberty Head,cent,,1849_cent
1,1849,,Liberty Seated Dime,Liberty Seated,Stars,dime,,1849_dime
1,1849,O,Nickel,,Stars,nickel,,1849_O_nickel
1,1850,O,Half Dollar,Liberty Seated,No Motto,kennedy-half-dollar,,1850_O_kennedy-half-dollar
1,1850,,Quarter,Liberty Seated,"Liberty Seated, No Motto",quarter,,1850_quarter
1,1850,O,Quarter,Liberty Seated,"Liberty Seated, No Motto",quarter,,1850_O_quarter
1,1851,,Dime,Liberty Seated Silver Dime,,dime,,1851_dime
1,1852,,Large Cent,Braided Hair Large Cents,Liberty Head,cent,,1852_cent
1,1852,,Nickel,,Stars,nickel,,1852_nickel
1,1853,O,Half Dollar,Liberty Seated,Arrows and Rays,kennedy-half-dollar,,1853_O_kennedy-half-dollar
1,1853,,Half Dollar,Liberty Seated,Arrows and Rays,kennedy-half-dollar,,1853_kennedy-half-dollar
1,1853,,Large Cent,Braided Hair Large Cents,Liberty Head,cent,,1853_cent
1,1853,O,Quarter,Liberty Seated,"Liberty Seated, Arrows and Rays",quarter,,1853_O_quarter
1,1854,,Dime,Liberty Seated Silver Dime,,dime,,1854_dime
1,1854,O,Dime,Liberty Seated Silver Dime,,dime,,1854_O_dime
1,1854,,Nickel,,Arrows,nickel,,1854_nickel
1,1854,,Quarter,Liberty Seated,"Liberty Seated, Arrows at Date",quarter,,1854_quarter
1,1855,,Half Dollar,Liberty Seated,With Arrows,kennedy-half-dollar,,1855_kennedy-half-dollar
1,1855,O,Half Dollar,Liberty Seated,With Arrows,kennedy-half-dollar,,1855_O_kennedy-half-dollar
1,1855,,Large Cent,Braided Hair Large Cents,Liberty Head,cent,,1855_cent
1,1855,,Nickel,,Arrows,nickel,,1855_nickel
1,1855,,Quarter,Liberty Seated,"Liberty Seated, Arrows at Date",quarter,,1855_quarter
1,1855,O,Quarter,Liberty Seated,"Liberty Seated, Arrows at Date",quarter,,1855_O_quarter
1,1856,,Large Cent,Braided Hair Large Cents,Liberty Head,cent,,1856_cent
1,1856,,Nickel,,Stars,nickel,,1856_nickel
1,1856,O,Quarter,Liberty Seated,"Liberty Seated, No Motto",quarter,,1856_O_quarter
1,1856,,Quarter,Liberty Seated,"Liberty Seated, No Motto",quarter,,1856_quarter
1,1857,O,Half Dollar,Liberty Seated,No Motto,kennedy-half-dollar,,1857_O_kennedy-half-dollar
1,1857,,Half Dollar,Liberty Seated,No Motto,kennedy-half-dollar,,1857_kennedy-half-dollar
1,1857,O,Nickel,,Stars,nickel,,1857_O_nickel
1,1857,,Nickel,,Stars,nickel,,1857_nickel
1,1857,O,Quarter,Liberty Seated,"Liberty Seated, No Motto",quarter,,1857_O_quarter
1,1857,,Quarter,Liberty Seated,"Liberty Seated, No Motto",quarter,,1857_quarter
1,1858,O,Dime,Liberty Seated Silver Dime,,dime,,1858_O_dime
1,1858,,Half Dollar,Liberty Seated,No Motto,kennedy-half-dollar,,1858_kennedy-half-dollar
1,1858,O,Nickel,,Stars,nickel,,1858_O_nickel
1,1858,,Nickel,,Stars,nickel,,1858_nickel
1,1858,O,Quarter,Liberty Seated,"Liberty Seated, No Motto",quarter,,1858_O_quarter
1,1858,,Quarter,Liberty Seated,"Liberty Seated, No Motto",quarter,,1858_quarter
1,1859,O,Nickel,,Stars,nickel,,1859_O_nickel
1,1859,,Nickel,,Stars,nickel,,1859_nickel
1,1859,S,Quarter,Liberty Seated,"Liberty Seated, No Motto",quarter,,1859_S_quarter
1,1859,,Quarter,Liberty Seated,"Liberty Seated, No Motto",quarter,,1859_quarter
1,1860,S,Half Dollar,Liberty Seated,No Motto,kennedy-half-dollar,,1860_S_kennedy-half-dollar
1,1860,,Half Dollar,Liberty Seated,No Motto,kennedy-half-dollar,,1860_kennedy-half-dollar
1,1860,,Nickel,,,nickel,,1860_nickel
1,1860,O,Nickel,,,nickel,,1860_O_nickel
1,1860,,Quarter,Liberty Seated,"Liberty Seated, No Motto",quarter,,1860_quarter
1,1861,,1 Cent,Indian Head Cent,Indian Head,cent,,1861_cent
1,1861,P,Half Dollar,Liberty Walking Half Dollar,Liberty Walking,kennedy-half-dollar,,1861_P_kennedy-half-dollar
1,1861,,Nickel,,,nickel,,1861_nickel
1,1861,,Quarter,Liberty Seated,"Liberty Seated, No Motto",quarter,,1861_quarter
1,1861,S,Seated Liberty Silver Half Dollar,Seated Liberty Half Dollar,Seated Liberty,kennedy-half-dollar,,1861_S_kennedy-half-dollar
1,1862,,Dime,Liberty Seated Silver Dime,,dime,,1862_dime
1,1862,,Half Dollar,Liberty Seated,No Motto,kennedy-half-dollar,,1862_kennedy-half-dollar
1,1862,S,Half Dollar,Liberty Seated,No Motto,kennedy-half-dollar,,1862_S_kennedy-half-dollar
1,1862,,Nickel,,,nickel,,1862_nickel
1,1862,,Quarter,Liberty Seated,"Liberty Seated, No Motto",quarter,,1862_quarter
1,1863,,Half Dollar,Liberty Seated,No Motto,kennedy-half-dollar,,1863_kennedy-half-dollar
1,1863,S,Half Dollar,Liberty Seated,No Motto,kennedy-half-dollar,,1863_S_kennedy-half-dollar
1,1863,,Nickel,,,nickel,,1863_nickel
1,1864,,1 Cent,Indian Head Cent,Indian Head,cent,,1864_cent
1,1864,O,Half Dollar,Liberty Seated,No Motto,kennedy-half-dollar,,1864_O_kennedy-half-dollar
1,1864,S,Half Dollar,Liberty Seated,No Motto,kennedy-half-dollar,,1864_S_kennedy-half-dollar
1,1864,,Kennedy Half Dollar,Kennedy Half Dollar,John F. Kennedy,kennedy-half-dollar,,1864_kennedy-half-dollar
1,1867,S,Half Dollar,Liberty Seated,,kennedy-half-dollar,,1867_S_kennedy-half-dollar
1,1867,,Half Dollar,Liberty Seated,With Motto,kennedy-half-dollar,,1867_kennedy-half-dollar
1,1868,,Dime,Liberty Seated Silver Dime,,dime,,1868_dime
1,1868,S,Half Dollar,Liberty Seated,With Motto,kennedy-half-dollar,,1868_S_kennedy-half-dollar
1,1868,,Nickel,Shield Nickel,,nickel,,1868_nickel
1,1869,S,Half Dollar,Liberty Seated,With Motto,kennedy-half-dollar,,1869_S_kennedy-half-dollar
1,1869,Motto,Liberty Seated Silver Half Dollar,Half Dollar Clib,Liberty Seated,kennedy-half-dollar,,1869_MOTTO_kennedy-half-dollar
1,1869,,Nickel,Shield Nickel,,nickel,,1869_nickel
1,1870,CC,Dollar,Liberty Seated,Liberty Seated Silver Dollar,dollar,,1870_CC_dollar
1,1870,,Half Dollar,Liberty Seated,With Motto,kennedy-half-dollar,,1870_kennedy-half-dollar
1,1870,,Quarter,Liberty Seated,Liberty Seated,quarter,,1870_quarter
1,1871,,Dollar,Liberty Seated,Liberty Seated Silver Dollar,dollar,,1871_dollar
1,1871,P,Half Dollar,Liberty Walking Half Dollar,Liberty Walking,kennedy-half-dollar,,1871_P_kennedy-half-dollar
1,1871,,Half Dollar,Liberty Seated,With Motto,kennedy-half-dollar,,1871_kennedy-half-dollar
1,1871,S,Half Dollar,Liberty Seated,With Motto,kennedy-half-dollar,,1871_S_kennedy-half-dollar
1,1871,,Nickel,,,nickel,,1871_nickel
1,1871,S,Nickel,,,nickel,,1871_S_nickel
1,1872,,Dime,Liberty Seated Silver Dime,,dime,,1872_dime
1,1872,,Dollar,Liberty Seated,Liberty Seated Silver Dollar,dollar,,1872_dollar
1,1872,P,Half Dollar,Liberty Walking Half Dollar,Liberty Walking,kennedy-half-dollar,,1872_P_kennedy-half-dollar
1,1872,S,Half Dollar,Liberty Seated,With Motto,kennedy-half-dollar,,1872_S_kennedy-half-dollar
1,1872,S,Nickel,,Mintmark above Bow,nickel,,1872_S_nickel
1,1873,,Dime,Liberty Seated Silver Dime,,dime,,1873_dime
1,1874,,Dime,Liberty Seated Silver Dime,,dime,,1874_dime
1,1874,,Dollar,Indian Head Pattern Dollar,Indian Head,dollar,,1874_dollar
1,1874,,Half Dollar,Liberty Seated,With Arrows,kennedy-half-dollar,,1874_kennedy-half-dollar
1,1874,S,Quarter,Liberty Seated,"Liberty Seated, Arrows at Date",quarter,,1874_S_quarter
1,1875,S,20 Cents,20 Cent Piece,Seated Liberty,cent,,1875_S_cent
1,1875,CC,20 Cents,20 Cent Piece,Seated Liberty,cent,,1875_CC_cent
1,1875,,20 Cents,20 Cent Piece,Seated Liberty,cent,,1875_cent
1,1875,CC,Dime,Liberty Seated Silver Dime,,dime,,1875_CC_dime
1,1875,,Dime,Liberty Seated Silver Dime,,dime,,1875_dime
1,1875,S,Half Dollar,Liberty Seated,With Motto,kennedy-half-dollar,,1875_S_kennedy-half-dollar
1,1875,,Half Dollar,Liberty Seated,With Motto,kennedy-half-dollar,,1875_kennedy-half-dollar
1,1875,CC,Half Dollar,Liberty Seated,With Motto,kennedy-half-dollar,,1875_CC_kennedy-half-dollar
1,1875,,Quarter,Liberty Seated,Liberty Seated,quarter,,1875_quarter
1,1875,S,Quarter,Liberty Seated,Liberty Seated,quarter,,1875_S_quarter
1,1876,,Dime,Liberty Seated Silver Dime,,dime,,1876_dime
1,1876,CC,Dime,Liberty Seated Silver Dime,,dime,,1876_CC_dime
1,1876,S,Half Dollar,Liberty Seated,With Motto,kennedy-half-dollar,,1876_S_kennedy-half-dollar
1,1876,,Nickel,Shield Nickel,,nickel,,1876_nickel
1,1876,S,Quarter,Liberty Seated,Liberty Seated,quarter,,1876_S_quarter
1,1876,CC,Quarter,Liberty Seated,Liberty Seated,quarter,,1876_CC_quarter
1,1876,,Quarter,Liberty Seated,Liberty Seated,quarter,,1876_quarter
1,1878,S,1 Dollar,Trade Dollar,Trade Silver Dollar,dollar,,1878_S_dollar
1,1878,,Half Dollar,Liberty Seated,With Motto,kennedy-half-dollar,,1878_kennedy-half-dollar
1,1878,,Quarter,Liberty Seated,Liberty Seated,quarter,,1878_quarter
1,1878,CC,Quarter,Liberty Seated,Liberty Seated,quarter,,1878_CC_quarter
1,1878,S,Quarter,Liberty Seated,Liberty Seated,quarter,,1878_S_quarter
1,1879,,1,Schoolgirl Dollar,Liberty Head / Eagle,dollar,,1879_dollar
1,1879,Multiple,1,Morgan Silver Dollar,,morgan-dollar,,1879_MULTIPLE_morgan-dollar
1,1879,CC,1 Dollar,Morgan Silver Dollars,Morgan Dollar,morgan-dollar,,1879_CC_morgan-dollar
1,1879,P,1 Dollar,Morgan Silver Dollars,Liberty Head,morgan-dollar,,1879_P_morgan-dollar
1,1879,O,1 Dollar,Morgan Silver Dollars,Morgan Dollar,morgan-dollar,,1879_O_morgan-dollar
1,1879,P,Half Dollar,Liberty Walking Half Dollar,Liberty Walking,kennedy-half-dollar,,1879_P_kennedy-half-dollar
1,1880,O,1 Dollar,Morgan Silver Dollars,Morgan Dollar,morgan-dollar,,1880_O_morgan-dollar
1,1880,S,1 Dollar,Morgan Silver Dollars,Liberty Head,morgan-dollar,,1880_S_morgan-dollar
1,1880,,Dollar,Morgan Silver Dollar,"Liberty Head, Eagle",morgan-dollar,,1880_morgan-dollar
1,1880,CC,Dollar,Liberty Seated,Liberty Seated Silver Dollar,dollar,,1880_CC_dollar
1,1881,P,1 Dollar,Morgan Silver Dollars,Liberty Head,morgan-dollar,,1881_P_morgan-dollar
1,1881,O,1 Dollar,Morgan Silver Dollars,Liberty Head,morgan-dollar,,1881_O_morgan-dollar
1,1881,,Dime,Liberty Seated Silver Dime,,dime,,1881_dime
1,1882,,Nickel,Shield Nickel,,nickel,,1882_nickel
1,1883,,Dime,Liberty Seated Silver Dime,,dime,,1883_dime
1,1884,S,Liberty Seated Dime,Liberty Seated,,dime,,1884_S_dime
1,1886,,Dime,Liberty Seated Silver Dime,,dime,,1886_dime
1,1887,,Dime,Liberty Seated Silver Dime,,dime,,1887_dime
1,1887,S,Dime,Liberty Seated Silver Dime,,dime,,1887_S_dime
1,1887,P,Quarter,Washington Silver Quarter,,quarter,,1887_P_quarter
1,1888,,1,Morgan Silver Dollar,,morgan-dollar,,1888_morgan-dollar
1,1888,P,1 Dollar,Morgan Silver Dollars,Liberty Head,morgan-dollar,,1888_P_morgan-dollar
1,1888,,Dime,Liberty Seated,,dime,,1888_dime
1,1888,S,Dime,Liberty Seated Silver Dime,,dime,,1888_S_dime
1,1888,O,Dollar,Morgan Silver Dollar,"Liberty Head, Eagle",morgan-dollar,,1888_O_morgan-dollar
1,1888,S,Dollar,Morgan Silver Dollar,"Liberty Head, Eagle",morgan-dollar,,1888_S_morgan-dollar
1,1888,S,Quarter,Liberty Seated,Liberty Seated,quarter,,1888_S_quarter
1,1889,Multiple,1,Morgan Silver Dollar,,morgan-dollar,,1889_MULTIPLE_morgan-dollar
1,1889,S,1 Dollar,Morgan Silver Dollars,Morgan Dollar,morgan-dollar,,1889_S_morgan-dollar
1,1889,CC,1 Dollar,Morgan Silver Dollars,Morgan Dollar,morgan-dollar,,1889_CC_morgan-dollar
1,1889,P,1 Dollar,Morgan Silver Dollars,Liberty Head,morgan-dollar,,1889_P_morgan-dollar
1,1889,S,Dime,Liberty Seated Silver Dime,,dime,,1889_S_dime
1,1889,O,Dollar,Morgan Silver Dollar,"Liberty Head, Eagle",morgan-dollar,,1889_O_morgan-dollar
1,1889,P,Half Dollar,Liberty Walking Half Dollar,Liberty Walking,kennedy-half-dollar,,1889_P_kennedy-half-dollar
1,1889,,Quarter,Liberty Seated,Liberty Seated,quarter,,1889_quarter
1,1890,O,1 Dollar,Morgan Silver Dollars,Liberty Head,morgan-dollar,,1890_O_morgan-dollar
1,1890,P,1 Dollar,Morgan Silver Dollars,Liberty Head,morgan-dollar,,1890_P_morgan-dollar
1,1890,,Dime,Liberty Seated Silver Dime,,dime,,1890_dime
1,1890,,Dollar,Morgan Silver Dollar,"Liberty Head, Eagle",morgan-dollar,,1890_morgan-dollar
1,1891,S,1 Dollar,Morgan Silver Dollars,Liberty Head,morgan-dollar,,1891_S_morgan-dollar
1,1891,,Dime,Liberty Seated Silver Dime,,dime,,1891_dime
1,1891,O,Dime,Liberty Seated Silver Dime,,dime,,1891_O_dime
1,1891,S,Liberty Seated Silver Dime,Liberty Seated,,dime,,1891_S_dime
1,1891,,Quarter,Liberty Seated,Liberty Seated,quarter,,1891_quarter
1,1891,S,Quarter,Liberty Seated,Liberty Seated,quarter,,1891_S_quarter
1,1892,P,1 Dollar,Morgan Silver Dollars,Liberty Head,morgan-dollar,,1892_P_morgan-dollar
1,1892,O,Dollar,Morgan Silver Dollar,"Liberty Head, Eagle",morgan-dollar,,1892_O_morgan-dollar
1,1892,O,Half Dollar,Barber,Liberty Head,barber,,1892_O_barber
1,1893,,1 Dollar,Morgan Silver Dollars,Morgan Dollar,morgan-dollar,,1893_morgan-dollar
1,1893,,Half Dollar,Barber,Liberty Head,barber,,1893_barber
1,1893,S,Half Dollar,Barber,Liberty Head,barber,,1893_S_barber
1,1893,,Indian Head Cent,,,cent,,1893_cent
1,1893,,Nickel,Liberty Head Nickel,Liberty Head,nickel,,1893_nickel
1,1894,P,1 CENT,Indian Head Cents,,cent,,1894_P_cent
1,1894,O,1 Dollar,Morgan Silver Dollars,Liberty Head,morgan-dollar,,1894_O_morgan-dollar
1,1894,,5 Cents,Liberty Head Nickel,Liberty Head,nickel,,1894_nickel
1,1894,,Dollar,Morgan Silver Dollar,"Liberty Head, Eagle",morgan-dollar,,1894_morgan-dollar
1,1894,S,Half Dollar,Barber,Liberty Head,barber,,1894_S_barber
1,1894,O,Half Dollar,Barber,Liberty Head,barber,,1894_O_barber
1,1895,O,1 Dollar,Morgan Silver Dollars,Liberty Head,morgan-dollar,,1895_O_morgan-dollar
1,1895,S,Dollar,Morgan Silver Dollar,"Liberty Head, Eagle",morgan-dollar,,1895_S_morgan-dollar
1,1895,O,Half Dollar,Barber,Liberty Head,barber,,1895_O_barber
1,1896,O,1 Dollar,Morgan Silver Dollars,Liberty Head,morgan-dollar,,1896_O_morgan-dollar
1,1896,P,1 Dollar,Morgan Silver Dollars,Liberty Head,morgan-dollar,,1896_P_morgan-dollar
1,1896,S,25 Cents,Barber Silver Quarters,Liberty Head,barber,,1896_S_barber
1,1896,,Half Dollar,Barber,Liberty Head,barber,,1896_barber
1,1896,O,Half Dollar,Barber,Liberty Head,barber,,1896_O_barber
1,1896,S,Half Dollar,Liberty Seated,,kennedy-half-dollar,,1896_S_kennedy-half-dollar
1,1896,,Indian Head Cent,,,cent,,1896_cent
1,1896,,Nickel,Liberty Head Nickel,Liberty Head,nickel,,1896_nickel
1,1897,O,1 Dollar,Morgan Silver Dollars,Morgan Dollar,morgan-dollar,,1897_O_morgan-dollar
1,1897,S,1 Dollar,Morgan Silver Dollars,Morgan Dollar,morgan-dollar,,1897_S_morgan-dollar
1,1897,D,25 Cents,Barber Silver Quarters,Liberty Head,barber,,1897_D_barber
1,1897,P,Barber Dime,Barber Dime,,barber,,1897_P_barber
1,1897,O,Half Dollar,Barber,Liberty Head,barber,,1897_O_barber
1,1898,O,1 Dollar,Morgan Silver Dollars,Liberty Head,morgan-dollar,,1898_O_morgan-dollar
1,1898,P,Barber Silver Dimes,Barber Dimes,Liberty Head,barber,,1898_P_barber
1,1898,Pending,Dime,Barber Series,Liberty Head,barber,,1898_PENDING_barber
1,1898,S,Dollar,Morgan Silver Dollar,"Liberty Head, Eagle",morgan-dollar,,1898_S_morgan-dollar
1,1898,,Penny,Indian Head Cent,Indian Head,cent,,1898_cent
1,1899,S,1 Dollar,Morgan Silver Dollars,Morgan Dollar,morgan-dollar,,1899_S_morgan-dollar
1,1899,P,1 Dollar,Morgan Silver Dollars,Liberty Head,morgan-dollar,,1899_P_morgan-dollar
1,1899,P,Barber Silver Dimes,Barber Dimes,Liberty Head,barber,,1899_P_barber
1,1899,Pending,Dime,Barber Series,Liberty Head,barber,,1899_PENDING_barber
1,1899,D,Dollar,Morgan Silver Dollar,"Liberty Head, Eagle",morgan-dollar,,1899_D_morgan-dollar
1,1899,O,Dollar,Morgan Silver Dollar,"Liberty Head, Eagle",morgan-dollar,,1899_O_morgan-dollar
1,1899,O,Half Dollar,Barber,Liberty Head,barber,,1899_O_barber
1,1900,O,1 Dollar,Morgan Silver Dollars,Liberty Head,morgan-dollar,,1900_O_morgan-dollar
1,1900,P,1 Dollar,Morgan Silver Dollars,Liberty Head,morgan-dollar,,1900_P_morgan-dollar
1,1900,S,1 Dollar,Morgan Silver Dollars,Morgan Dollar,morgan-dollar,,1900_S_morgan-dollar
1,1900,,25 Cents,Barber Silver Quarters,Liberty Head,barber,,1900_barber
1,1900,S,25 Cents,Barber Silver Quarters,Liberty Head,barber,,1900_S_barber
1,1900,O,25 Cents,Barber Silver Quarters,Liberty Head,barber,,1900_O_barber
1,1900,P,Barber Silver Dimes,Barber Dimes,Liberty Head,barber,,1900_P_barber
1,1900,Pending,Dime,Barber Series,Liberty Head,barber,,1900_PENDING_barber
1,1900,O/CC,Dollar,Morgan Silver Dollar,"Liberty Head, Eagle",morgan-dollar,,1900_O/CC_morgan-dollar
1,1901,O,1 Dollar,Morgan Silver Dollars,Liberty Head,morgan-dollar,,1901_O_morgan-dollar
1,1901,P,Barber Silver Dimes,Barber Dimes,Liberty Head,barber,,1901_P_barber
1,1901,Pending,Dime,Barber Series,Liberty Head,barber,,1901_PENDING_barber
1,1901,,Dollar,Morgan Silver Dollar,"Liberty Head, Eagle",morgan-dollar,,1901_morgan-dollar
1,1901,S,Half Dollar,Barber,Liberty Head,barber,,1901_S_barber
1,1901,,Nickel,Liberty Head Nickel,Liberty Head,nickel,,1901_nickel
1,1901,,Penny,Indian Head Cent,Indian Head,cent,,1901_cent
1,1902,,1 Dollar,Morgan Silver Dollars,Morgan Dollar,morgan-dollar,,1902_morgan-dollar
1,1902,S,1 Dollar,Morgan Silver Dollars,Morgan Dollar,morgan-dollar,,1902_S_morgan-dollar
1,1902,,25 Cents,Barber Silver Quarters,Liberty Head,barber,,1902_barber
1,1902,O,25 Cents,Barber Silver Quarters,Liberty Head,barber,,1902_O_barber
1,1902,P,Barber Silver Dimes,Barber Dimes,Liberty Head,barber,,1902_P_barber
1,1902,Pending,Dime,Barber Series,Liberty Head,barber,,1902_PENDING_barber
1,1902,,Penny,Indian Head Cent,Indian Head,cent,,1902_cent
1,1903,P,1 Dollar,Morgan Silver Dollars,Liberty Head,morgan-dollar,,1903_P_morgan-dollar
1,1903,S,1 Dollar,Morgan Silver Dollars,Morgan Dollar,morgan-dollar,,1903_S_morgan-dollar
1,1903,P,Barber Silver Dimes,Barber Dimes,Liberty Head,barber,,1903_P_barber
1,1903,Pending,Dime,Barber Series,Liberty Head,barber,,1903_PENDING_barber
1,1903,O,Dollar,Morgan Silver Dollar,"Liberty Head, Eagle",morgan-dollar,,1903_O_morgan-dollar
1,1903,,Half Dollar,Barber,Liberty Head,barber,,1903_barber
1,1903,S,Half Dollar,Barber,Liberty Head,barber,,1903_S_barber
1,1903,,Penny,Indian Head Cent,Indian Head,cent,,1903_cent
1,1904,S,1 Dollar,Morgan Silver Dollars,Morgan Dollar,morgan-dollar,,1904_S_morgan-dollar
1,1904,O,1 Dollar,Morgan Silver Dollars,Liberty Head,morgan-dollar,,1904_O_morgan-dollar
1,1904,P,Barber Silver Dimes,Barber Dimes,Liberty Head,barber,,1904_P_barber
1,1904,Pending,Dime,Barber Series,Liberty Head,barber,,1904_PENDING_barber
1,1904,,Dollar,Morgan Silver Dollar,"Liberty Head, Eagle",morgan-dollar,,1904_morgan-dollar
1,1904,S,Half Dollar,Barber,Liberty Head,barber,,1904_S_barber
1,1904,,Penny,Indian Head Cent,Indian Head,cent,,1904_cent
1,1905,S,$10,Indian Head Gold Eagle,Indian Head,american-eagle-gold,,1905_S_american-eagle-gold
1,1905,,Penny,Indian Head Cent,Indian Head,cent,,1905_cent
1,1906,P,Barber Silver Dimes,Barber Dimes,Liberty Head,barber,,1906_P_barber
1,1906,Pending,Dime,Barber Series,Liberty Head,barber,,1906_PENDING_barber
1,1906,D,Half Dollar,Barber Half Dollar,Liberty Head,kennedy-half-dollar,,1906_D_kennedy-half-dollar
1,1906,S,Half Dollar,Barber,Liberty Head,barber,,1906_S_barber
1,1906,,Nickel,Liberty Head Nickel,Liberty Head,nickel,,1906_nickel
1,1906,,Penny,Indian Head Cent,Indian Head,cent,,1906_cent
1,1907,P,Barber Silver Dimes,Barber Dimes,Liberty Head,barber,,1907_P_barber
1,1907,Pending,Dime,Barber Series,Liberty Head,barber,,1907_PENDING_barber
1,1907,,Half Dollar,Barber,Liberty Head,barber,,1907_barber
1,1907,,Nickel,Liberty Head Nickel,Liberty Head,nickel,,1907_nickel
1,1907,,Penny,Indian Head Cent,Indian Head,cent,,1907_cent
1,1908,O,25 Cents,Barber Silver Quarters,Liberty Head,barber,,1908_O_barber
1,1908,P,Barber Silver Dimes,Barber Dimes,Liberty Head,barber,,1908_P_barber
1,1908,Pending,Dime,Barber Series,Liberty Head,barber,,1908_PENDING_barber
1,1908,,Nickel,Liberty Head Nickel,Liberty Head,nickel,,1908_nickel
1,1909,O,25 Cents,Barber Silver Quarters,Liberty Head,barber,,1909_O_barber
1,1909,D,25 Cents,Barber Silver Quarters,Liberty Head,barber,,1909_D_barber
1,1909,P,Barber Silver Dimes,Barber Dimes,Liberty Head,barber,,1909_P_barber
1,1909,Pending,Dime,Barber Series,Liberty Head,barber,,1909_PENDING_barber
1,1909,,Penny,VDB,,cent,,1909_cent
1,1910,O,25 Cents,Barber Silver Quarters,Liberty Head,barber,,1910_O_barber
1,1910,P,Barber Silver Dimes,Barber Dimes,Liberty Head,barber,,1910_P_barber
1,1910,Pending,Dime,Barber Series,Liberty Head,barber,,1910_PENDING_barber
1,1910,S,Half Dollar,Barber,Liberty Head,barber,,1910_S_barber
1,1910,S,Nickel,Liberty Head Nickel,Liberty Head,nickel,,1910_S_nickel
1,1911,P,Barber Silver Dimes,Barber Dimes,Liberty Head,barber,,1911_P_barber
1,1911,Pending,Dime,Barber Series,Liberty Head,barber,,1911_PENDING_barber
1,1911,,Nickel,Liberty Head Nickel,Liberty Head,nickel,,1911_nickel
1,1911,D,Penny,Lincoln Head Penny,Lincoln Head Penny,lincoln-cent,,1911_D_lincoln-cent
1,1912,D,Penny,Lincoln Cent Series,Abraham Lincoln,lincoln-cent,,1912_D_lincoln-cent
1,1913,P,Barber Silver Dimes,Barber Dimes,Liberty Head,barber,,1913_P_barber
1,1913,Pending,Dime,Barber Series,Liberty Head,barber,,1913_PENDING_barber
1,1913,,Half Dollar,Barber,Liberty Head,barber,,1913_barber
1,1914,P,Barber Silver Dimes,Barber Dimes,Liberty Head,barber,,1914_P_barber
1,1914,Pending,Dime,Barber Series,Liberty Head,barber,,1914_PENDING_barber
1,1914,S,Nickel,Buffalo Nickel,Native American & Buffalo,buffalo-nickel,,1914_S_buffalo-nickel
1,1914,D,Penny,Lincoln Cent,Lincoln Cent (Wheat Reverse),lincoln-cent,,1914_D_lincoln-cent
1,1915,,$10,Indian Head Gold Eagle,Indian Head,american-eagle-gold,,1915_american-eagle-gold
1,1915,P,Barber Silver Dimes,Barber Dimes,Liberty Head,barber,,1915_P_barber
1,1915,Pending,Dime,Barber Series,Liberty Head,barber,,1915_PENDING_barber
1,1915,D,Penny,Lincoln Cent,Lincoln Cent (Wheat Reverse),lincoln-cent,,1915_D_lincoln-cent
1,1916,D,25 Cents,Barber Silver Quarters,Liberty Head,barber,,1916_D_barber
1,1916,,Barber Silver Dime,,,barber,,1916_barber
1,1916,P,Barber Silver Dimes,Barber Dimes,Liberty Head,barber,,1916_P_barber
1,1916,Pending,Dime,Barber Series,Liberty Head,barber,,1916_PENDING_barber
1,1916,S,Nickel,Buffalo Nickel,Native American & Buffalo,buffalo-nickel,,1916_S_buffalo-nickel
1,1917,S,1 Dime,Mercury Silver Dime,Mercury Dime,dime,,1917_S_dime
1,1917,,Dime,Mercury Dime,Winged Liberty Head,mercury-dime,,1917_mercury-dime
1,1917,D,Dime,Mercury Dime,Mercury (Roman God),mercury-dime,,1917_D_mercury-dime
1,1917,P,Half Dollar,Liberty Walking Half Dollar,Liberty Walking,kennedy-half-dollar,,1917_P_kennedy-half-dollar
1,1917,,Nickel,Buffalo Nickel,Native American & Buffalo,buffalo-nickel,,1917_buffalo-nickel
1,1917,S,Quarter,Standing Liberty Silver Quarter (Type 1),Standing Liberty,quarter,,1917_S_quarter
1,1918,D,1 Dime,Mercury Silver Dime,Mercury Dime,dime,,1918_D_dime
1,1918,S,1 Dime,Mercury Silver Dime,Mercury Dime,dime,,1918_S_dime
1,1918,,Dime,Mercury Dime,,mercury-dime,,1918_mercury-dime
1,1918,P,Half Dollar,Liberty Walking Half Dollar,Liberty Walking,kennedy-half-dollar,,1918_P_kennedy-half-dollar
1,1918,S,Half Dollar,Liberty Walking Half Dollar,Liberty Walking,kennedy-half-dollar,,1918_S_kennedy-half-dollar
1,1918,D,Half Dollar,Liberty Walking Half Dollar,Liberty Walking,kennedy-half-dollar,,1918_D_kennedy-half-dollar
1,1918,D,Penny,Lincoln Head Penny,Lincoln Head Penny,lincoln-cent,,1918_D_lincoln-cent
1,1918,S,Penny,Lincoln Cent Series,Abraham Lincoln,lincoln-cent,,1918_S_lincoln-cent
1,1918,D,Quarter,Standing Liberty Silver Quarter,Standing Liberty,quarter,,1918_D_quarter
1,1918,,Quarter,Standing Liberty Silver Quarter,Standing Liberty,quarter,,1918_quarter
1,1919,D,Half Dollar,Liberty Walking Half Dollar,Liberty Walking,kennedy-half-dollar,,1919_D_kennedy-half-dollar
1,1919,S,Half Dollar,Liberty Walking Half Dollar,Liberty Walking,kennedy-half-dollar,,1919_S_kennedy-half-dollar
1,1919,D,Penny,Lincoln Head Cent,Lincoln Head,lincoln-cent,,1919_D_lincoln-cent
1,1919,S,Quarter,Standing Liberty Silver Quarter,Standing Liberty,quarter,,1919_S_quarter
1,1919,,Quarter,Standing Liberty Silver Quarter,Standing Liberty,quarter,,1919_quarter
1,1919,D,Quarter,Standing Liberty Silver Quarter,Standing Liberty,quarter,,1919_D_quarter
1,1920,D,1 Dime,Mercury Silver Dime,Mercury Dime,dime,,1920_D_dime
1,1920,,Dime,Mercury Dime,Winged Liberty Head,mercury-dime,,1920_mercury-dime
1,1920,S,Dime,Mercury Dime,Mercury (Roman God),mercury-dime,,1920_S_mercury-dime
1,1920,S,Half Dollar,Liberty Walking Half Dollar,Liberty Walking,kennedy-half-dollar,,1920_S_kennedy-half-dollar
1,1920,D,Half Dollar,Liberty Walking Half Dollar,Liberty Walking,kennedy-half-dollar,,1920_D_kennedy-half-dollar
1,1920,P,Half Dollar,Liberty Walking Half Dollar,Liberty Walking,kennedy-half-dollar,,1920_P_kennedy-half-dollar
1,1920,D,Penny,Lincoln Cent Series,Abraham Lincoln,lincoln-cent,,1920_D_lincoln-cent
1,1920,D,Quarter,Standing Liberty Silver Quarter,Standing Liberty,quarter,,1920_D_quarter
1,1920,S,Quarter,Standing Liberty Silver Quarter,Standing Liberty,quarter,,1920_S_quarter
1,1920,,Quarter,Standing Liberty Silver Quarter,Standing Liberty,quarter,,1920_quarter
1,1921,S,Dime,Mercury Dime,Mercury (Roman God),mercury-dime,,1921_S_mercury-dime
1,1921,,Dime,Mercury Dime,Winged Liberty,mercury-dime,,1921_mercury-dime
1,1921,S,Half Dollar,Barber,Liberty Head,barber,,1921_S_barber
1,1922,S,Dollar,Peace Dollar,,peace-dollar,,1922_S_peace-dollar
1,1922,D,Dollar,Peace Dollar,,peace-dollar,,1922_D_peace-dollar
1,1922,D,Nickel,Buffalo Nickel,Native American & Buffalo,buffalo-nickel,,1922_D_buffalo-nickel
1,1923,,Dime,Mercury Dime,Winged Liberty Head,mercury-dime,,1923_mercury-dime
1,1923,D,Dollar,Peace Dollar,,peace-dollar,,1923_D_peace-dollar
1,1923,S,Half Dollar,Liberty Walking Half Dollar,Liberty Walking,kennedy-half-dollar,,1923_S_kennedy-half-dollar
1,1923,,Nickel,,,nickel,,1923_nickel
1,1923,S,Penny,Lincoln Head Penny,Lincoln Head Penny,lincoln-cent,,1923_S_lincoln-cent
1,1923,S,Quarter,Standing Liberty Silver Quarter,Standing Liberty,quarter,,1923_S_quarter
1,1923,,Quarter,Standing Liberty Silver Quarter,Standing Liberty,quarter,,1923_quarter
1,1924,D,1 Dime,Mercury Silver Dime,Mercury Dime,dime,,1924_D_dime
1,1924,S,1 Dime,Mercury Silver Dime,Mercury Dime,dime,,1924_S_dime
1,1924,,Dime,Mercury Dime,Winged Liberty Head,mercury-dime,,1924_mercury-dime
1,1924,S,Dollar,Peace Dollar,,peace-dollar,,1924_S_peace-dollar
1,1924,D,Nickel,Buffalo Nickel,Native American & Buffalo,buffalo-nickel,,1924_D_buffalo-nickel
1,1924,S,Nickel,Buffalo Nickel,Native American & Buffalo,buffalo-nickel,,1924_S_buffalo-nickel
1,1924,S,Penny,Lincoln Head Penny,Lincoln Portrait,lincoln-cent,,1924_S_lincoln-cent
1,1924,D,Quarter,Standing Liberty Silver Quarter,Standing Liberty,quarter,,1924_D_quarter
1,1924,,Quarter,Standing Liberty Silver Quarter,Standing Liberty,quarter,,1924_quarter
1,1925,,Dime,Mercury Dime,Winged Liberty Head,mercury-dime,,1925_mercury-dime
1,1925,S,Dollar,Peace Dollar,,peace-dollar,,1925_S_peace-dollar
1,1925,,Nickel,Buffalo Nickel,Native American & Buffalo,buffalo-nickel,,1925_buffalo-nickel
1,1925,D,Nickel,Buffalo Nickel,Native American & Buffalo,buffalo-nickel,,1925_D_buffalo-nickel
1,1925,S,Nickel,Buffalo Nickel,Native American & Buffalo,buffalo-nickel,,1925_S_buffalo-nickel
1,1926,,2.5,2.50 American Sesquicentennial Gold,1926 $2.50 American Sesquicentennial Gold,cent,,1926_cent
1,1926,,2.5,US Commemorative Gold Coinage,American Sesquicentennial Gold Quarter Eagle,commemorative,,1926_commemorative
1,1926,S,Dollar,Peace Dollar,,peace-dollar,,1926_S_peace-dollar
1,1926,D,Dollar,Peace Dollar,,peace-dollar,,1926_D_peace-dollar
1,1926,,Morgan Silver Dollar,Morgan Silver Dollar,,morgan-dollar,,1926_morgan-dollar
1,1926,D,Penny,Lincoln Cent,Lincoln Cent (Wheat Reverse),lincoln-cent,,1926_D_lincoln-cent
1,1926,S,Penny,Lincoln Cent Series,Abraham Lincoln,lincoln-cent,,1926_S_lincoln-cent
1,1926,D,Quarter,Standing Liberty Silver Quarter,Standing Liberty,quarter,,1926_D_quarter
1,1926,S,Quarter,Standing Liberty Silver Quarter,Standing Liberty,quarter,,1926_S_quarter
1,1926,,Quarter,Standing Liberty Silver Quarter,Standing Liberty,quarter,,1926_quarter
1,1927,S,1 Dime,Mercury Silver Dime,Mercury Dime,dime,,1927_S_dime
1,1927,,Dime,Mercury Dime,Winged Liberty Head,mercury-dime,,1927_mercury-dime
1,1927,S,Dollar,Peace Dollar,,peace-dollar,,1927_S_peace-dollar
1,1927,D,Dollar,Peace Dollar,,peace-dollar,,1927_D_peace-dollar
1,1927,,Dollar,Peace Dollar,,peace-dollar,,1927_peace-dollar
1,1927,S,Half Dollar,Liberty Walking Half Dollar,Liberty Walking,kennedy-half-dollar,,1927_S_kennedy-half-dollar
1,1927,,Nickel,,,nickel,,1927_nickel
1,1927,D,Nickel,Buffalo Nickel,Native American & Buffalo,buffalo-nickel,,1927_D_buffalo-nickel
1,1927,D,Quarter,Standing Liberty Silver Quarter,Standing Liberty,quarter,,1927_D_quarter
1,1927,,Quarter,Standing Liberty Silver Quarter,Standing Liberty,quarter,,1927_quarter
1,1927,S,Quarter,Standing Liberty Silver Quarter,Standing Liberty,quarter,,1927_S_quarter
1,1928,,Dime,Mercury Dime,Winged Liberty Head,mercury-dime,,1928_mercury-dime
1,1928,,Jefferson Nickel,Last Seven Philadelphia Buffalo Nickels Set (1928-1937),Buffalo Nickel,buffalo-nickel,,1928_buffalo-nickel
1,1928,S,Mercury Dime,,,mercury-dime,,1928_S_mercury-dime
1,1928,S,Penny,Lincoln Head Penny,Lincoln Head Penny,lincoln-cent,,1928_S_lincoln-cent
1,1928,D,Penny,,,cent,,1928_D_cent
1,1928,D,Penny,Lincoln Head Cent,Lincoln Head,lincoln-cent,,1928_D_lincoln-cent
1,1928,,Quarter,Standing Liberty Silver Quarter,Standing Liberty,quarter,,1928_quarter
1,1928,S,Quarter,Standing Liberty Silver Quarter,Standing Liberty,quarter,,1928_S_quarter
1,1928,D,Quarter,Standing Liberty Silver Quarter,Standing Liberty,quarter,,1928_D_quarter
1,1929,D,1 Dime,Mercury Silver Dime,Mercury Dime,dime,,1929_D_dime
1,1929,S,Dime,Mercury Dime,Winged Liberty Head,mercury-dime,,1929_S_mercury-dime
1,1929,D,Half Dollar,Liberty Walking Half Dollar,Liberty Walking,kennedy-half-dollar,,1929_D_kennedy-half-dollar
1,1929,S,Half Dollar,Liberty Walking Half Dollar,Liberty Walking,kennedy-half-dollar,,1929_S_kennedy-half-dollar
1,1929,D,Penny,,,cent,,1929_D_cent
1,1929,,Quarter,Standing Liberty Silver Quarter,Standing Liberty,quarter,,1929_quarter
1,1929,D,Quarter,Standing Liberty Silver Quarter,Standing Liberty,quarter,,1929_D_quarter
1,1929,S,Quarter,Standing Liberty Silver Quarter,Standing Liberty,quarter,,1929_S_quarter
1,1930,,Dime,Mercury Dime,Winged Liberty Head,mercury-dime,,1930_mercury-dime
1,1930,S,Mercury Dime,Mercury,,mercury-dime,,1930_S_mercury-dime
1,1930,S,Nickel,Buffalo Nickel,,buffalo-nickel,,1930_S_buffalo-nickel
1,1930,,Quarter,Standing Liberty Silver Quarter,Standing Liberty,quarter,,1930_quarter
1,1930,P,Quarter,Standing Liberty Silver Quarter,Standing Liberty,quarter,,1930_P_quarter
1,1931,S,Dime,Mercury Dime,Winged Liberty Head,mercury-dime,,1931_S_mercury-dime
1,1931,D,Mercury Dime,Mercury,,mercury-dime,,1931_D_mercury-dime
1,1931,,Nickel,Buffalo Nickel,Native American & Buffalo,buffalo-nickel,,1931_buffalo-nickel
1,1931,D,Penny,Lincoln Cent Series,Abraham Lincoln,lincoln-cent,,1931_D_lincoln-cent
1,1931,S,Penny,Lincoln Head Penny,Abraham Lincoln,lincoln-cent,,1931_S_lincoln-cent
1,1932,D,Nickel,Buffalo Nickel,Native American & Buffalo,buffalo-nickel,,1932_D_buffalo-nickel
1,1933,S,Half Dollar,Liberty Walking Half Dollar,Liberty Walking,kennedy-half-dollar,,1933_S_kennedy-half-dollar
1,1933,D,Penny,Lincoln Cent Series,Abraham Lincoln,lincoln-cent,,1933_D_lincoln-cent
1,1934,D,Dime,Mercury Dime,Winged Liberty Head,mercury-dime,,1934_D_mercury-dime
1,1934,,Dime,Mercury Dime,Winged Liberty Head,mercury-dime,,1934_mercury-dime
1,1934,S,Half Dollar,Liberty Walking Half Dollar,Liberty Walking,kennedy-half-dollar,,1934_S_kennedy-half-dollar
1,1934,P,Half Dollar,Liberty Walking Half Dollar,Liberty Walking,kennedy-half-dollar,,1934_P_kennedy-half-dollar
1,1934,D,Penny,Lincoln Head Penny,Lincoln Head Penny,lincoln-cent,,1934_D_lincoln-cent
1,1934,O,Quarter,Washington Silver Quarter,,quarter,,1934_O_quarter
1,1935,D,Dime,Mercury Dime,Winged Liberty Head,mercury-dime,,1935_D_mercury-dime
1,1935,D,Half Dollar,Liberty Walking Half Dollar,Liberty Walking,kennedy-half-dollar,,1935_D_kennedy-half-dollar
1,1935,P,Half Dollar,Liberty Walking Half Dollar,Liberty Walking,kennedy-half-dollar,,1935_P_kennedy-half-dollar
1,1935,S,Half Dollar,Liberty Walking Half Dollar,Liberty Walking,kennedy-half-dollar,,1935_S_kennedy-half-dollar
1,1935,S,Nickel,Buffalo Nickel,,buffalo-nickel,,1935_S_buffalo-nickel
1,1935,S,Penny,Lincoln Cent Series,Abraham Lincoln,lincoln-cent,,1935_S_lincoln-cent
1,1935,D,Penny,Lincoln Head Penny,Lincoln Head Penny,lincoln-cent,,1935_D_lincoln-cent
1,1935,D,Quarter,Washington Silver Quarter,,quarter,,1935_D_quarter
1,1935,S,Quarter,Washington Silver Quarter,,quarter,,1935_S_quarter
1,1936,S,Dime,Mercury Dime,Winged Liberty Head,mercury-dime,,1936_S_mercury-dime
1,1936,D,Dime,Mercury Dime,Winged Liberty Head,mercury-dime,,1936_D_mercury-dime
1,1936,,Dime,Mercury Dime,Winged Liberty Head,mercury-dime,,1936_mercury-dime
1,1936,S,Half Dollar,Liberty Walking Half Dollar,Liberty Walking,kennedy-half-dollar,,1936_S_kennedy-half-dollar
1,1936,D,Half Dollar,Liberty Walking Half Dollar,Liberty Walking,kennedy-half-dollar,,1936_D_kennedy-half-dollar
1,1936,P,Half Dollar,Liberty Walking Half Dollar,Liberty Walking,kennedy-half-dollar,,1936_P_kennedy-half-dollar
1,1936,,Nickel,Buffalo Nickel Series,,buffalo-nickel,,1936_buffalo-nickel
1,1936,S,Nickel,,Buffalo / Native American,nickel,,1936_S_nickel
1,1936,D,Penny,Lincoln Head Penny,Lincoln Head Penny,lincoln-cent,,1936_D_lincoln-cent
1,1936,S,Penny,Lincoln Head Cent,Lincoln Head,lincoln-cent,,1936_S_lincoln-cent
1,1936,S,Quarter,Washington Silver Quarter,,quarter,,1936_S_quarter
1,1936,D,Quarter,Washington Silver Quarter,,quarter,,1936_D_quarter
1,1937,S,Dime,Mercury Dime,Winged Liberty Head,mercury-dime,,1937_S_mercury-dime
1,1937,D,Dime,Mercury Dime,Winged Liberty Head,mercury-dime,,1937_D_mercury-dime
1,1937,P,Half Dollar,Liberty Walking Half Dollar,Liberty Walking,kennedy-half-dollar,,1937_P_kennedy-half-dollar
1,1937,D,Half Dollar,Liberty Walking Half Dollar,Liberty Walking,kennedy-half-dollar,,1937_D_kennedy-half-dollar
1,1937,S,Half Dollar,Liberty Walking Half Dollar,Liberty Walking,kennedy-half-dollar,,1937_S_kennedy-half-dollar
1,1937,,Nickel,Buffalo Nickel Series,,buffalo-nickel,,1937_buffalo-nickel
1,1937,S,Quarter,Washington Silver Quarter,,quarter,,1937_S_quarter
1,1937,,Quarter,Washington Silver Quarter,,quarter,,1937_quarter
1,1937,D,Quarter,Washington Silver Quarter,,quarter,,1937_D_quarter
1,1938,,Dime,Mercury Dime,Winged Liberty Head,mercury-dime,,1938_mercury-dime
1,1938,D,Dime,Mercury Dime,Winged Liberty Head,mercury-dime,,1938_D_mercury-dime
1,1938,,Dime,Liberty Seated Silver Dime,,dime,,1938_dime
1,1938,S,Dime,Mercury Dime,Winged Liberty Head,mercury-dime,,1938_S_mercury-dime
1,1938,D,Half Dollar,Liberty Walking Half Dollar,Liberty Walking,kennedy-half-dollar,,1938_D_kennedy-half-dollar
1,1938,P,Half Dollar,Liberty Walking Half Dollar,Liberty Walking,kennedy-half-dollar,,1938_P_kennedy-half-dollar
1,1938,D,Penny,Lincoln Cent Series,Abraham Lincoln,lincoln-cent,,1938_D_lincoln-cent
1,1938,S,Penny,Lincoln Head Penny,Abraham Lincoln,lincoln-cent,,1938_S_lincoln-cent
1,1938,S,Quarter,Washington Silver Quarter,,quarter,,1938_S_quarter
1,1939,D,Dime,Mercury Dime,Winged Liberty Head,mercury-dime,,1939_D_mercury-dime
1,1939,P,Half Dollar,Liberty Walking Half Dollar,Liberty Walking,kennedy-half-dollar,,1939_P_kennedy-half-dollar
1,1939,S,Half Dollar,Liberty Walking Half Dollar,Liberty Walking,kennedy-half-dollar,,1939_S_kennedy-half-dollar
1,1939,P,Nickel,Jefferson Nickel Series,Thomas Jefferson,jefferson-nickel,,1939_P_jefferson-nickel
1,1939,D,Penny,Lincoln Cent,Lincoln Head,lincoln-cent,,1939_D_lincoln-cent
1,1939,S,Quarter,Washington Silver Quarter,,quarter,,1939_S_quarter
1,1939,,Quarter,Washington Silver Quarter,,quarter,,1939_quarter
1,1939,D,Quarter,Washington Silver Quarter,,quarter,,1939_D_quarter
1,1940,,"5-Coin Set (Lincoln Cent, Jefferson Nickel, Mercury Dime, Washington Quarter, Walking Liberty Half Dollar)","America Revisited Selection, Time Capsule Year Set",,kennedy-half-dollar,,1940_kennedy-half-dollar
1,1940,S,Dime,Mercury Dime,Winged Liberty Head,mercury-dime,,1940_S_mercury-dime
1,1940,,Dime,Mercury Dime,Winged Liberty Head,mercury-dime,,1940_mercury-dime
1,1940,D,Dime,Mercury Dime,Winged Liberty Head,mercury-dime,,1940_D_mercury-dime
1,1940,S,Half Dollar,Liberty Walking Half Dollar,Liberty Walking,kennedy-half-dollar,,1940_S_kennedy-half-dollar
1,1940,P,Half Dollar,Liberty Walking Half Dollar,Liberty Walking,kennedy-half-dollar,,1940_P_kennedy-half-dollar
1,1940,P,Nickel,Jefferson Nickel Series,Thomas Jefferson,jefferson-nickel,,1940_P_jefferson-nickel
1,1940,S,Nickel,Jefferson Nickel Series,Thomas Jefferson,jefferson-nickel,,1940_S_jefferson-nickel
1,1940,S,Penny,Lincoln Cent,Abraham Lincoln,lincoln-cent,,1940_S_lincoln-cent
1,1940,D,Penny,Lincoln Cent,Lincoln Head,lincoln-cent,,1940_D_lincoln-cent
1,1940,,Quarter,Washington Silver Quarter,,quarter,,1940_quarter
1,1940,D,Quarter,Washington Silver Quarter,,quarter,,1940_D_quarter
1,1940,S,Quarter,Washington Silver Quarter,,quarter,,1940_S_quarter
1,1941,D,Dime,Mercury Dime,Winged Liberty Head,mercury-dime,,1941_D_mercury-dime
1,1941,,Dime,Mercury Dime,Winged Liberty Head,mercury-dime,,1941_mercury-dime
1,1941,,Half Dollar,Walking Liberty,,walking-liberty,,1941_walking-liberty
1,1941,S,Nickel,Jefferson Nickel Series,Thomas Jefferson,jefferson-nickel,,1941_S_jefferson-nickel
1,1941,D,Penny,Lincoln Cent,Lincoln Cent (Wheat Reverse),lincoln-cent,,1941_D_lincoln-cent
1,1941,D,Quarter,Washington Silver Quarter,,quarter,,1941_D_quarter
1,1941,S,Quarter,Washington Silver Quarter,,quarter,,1941_S_quarter
1,1941,,Quarter,Washington Silver Quarter,,quarter,,1941_quarter
1,1942,,Coin Set,Birth Year Coin and Silver Commemorative Set,Birth Year,commemorative,,1942_commemorative
1,1942,P,Half Dollar,Liberty Walking Half Dollar,Liberty Walking,kennedy-half-dollar,,1942_P_kennedy-half-dollar
1,1942,D,Half Dollar,Liberty Walking Half Dollar,Liberty Walking,kennedy-half-dollar,,1942_D_kennedy-half-dollar
1,1942,D,Penny,Lincoln Cent,Lincoln Cent (Wheat Reverse),lincoln-cent,,1942_D_lincoln-cent
1,1942,D,Quarter,Washington Silver Quarter,,quarter,,1942_D_quarter
1,1942,S,Roosevelt Dime,The World War II U.S. Coin Collection,WWII,dime,,1942_S_dime
1,1943,,Dime,Mercury Dime,Winged Liberty Head,mercury-dime,,1943_mercury-dime
1,1943,D,Dime,,,dime,,1943_D_dime
1,1943,S,Dime,Mercury Dime,Winged Liberty Head,mercury-dime,,1943_S_mercury-dime
1,1943,D,Dime,Mercury Dime,Winged Liberty Head,mercury-dime,,1943_D_mercury-dime
1,1943,,Dime,,Winged Liberty Head,dime,,1943_dime
1,1943,P,Half Dollar,Liberty Walking Half Dollar,Liberty Walking,kennedy-half-dollar,,1943_P_kennedy-half-dollar
1,1943,D,Half Dollar,Liberty Walking Half Dollar,Liberty Walking,kennedy-half-dollar,,1943_D_kennedy-half-dollar
1,1943,,Half Dollar,Walking Liberty,,walking-liberty,,1943_walking-liberty
1,1943,P,Nickel,Jefferson Nickel Series,"Thomas Jefferson, Wartime Nickel",jefferson-nickel,,1943_P_jefferson-nickel
1,1943,P,Nickel,Wartime Nickel,,nickel,,1943_P_nickel
1,1943,S,Quarter,Washington Silver Quarter,,quarter,,1943_S_quarter
1,1943,D,Quarter,Washington Silver Quarter,,quarter,,1943_D_quarter
1,1943,,Walking Liberty Half Dollar,Walking Liberty Half Dollar,Walking Liberty,kennedy-half-dollar,,1943_kennedy-half-dollar
1,1944,S,Dime,Mercury Dime,Winged Liberty Head,mercury-dime,,1944_S_mercury-dime
1,1944,D,Dime,Mercury Dime,Winged Liberty Head,mercury-dime,,1944_D_mercury-dime
1,1944,S,Half Dollar,Liberty Walking Half Dollar,Liberty Walking,kennedy-half-dollar,,1944_S_kennedy-half-dollar
1,1944,P,Half Dollar,Liberty Walking Half Dollar,Liberty Walking,kennedy-half-dollar,,1944_P_kennedy-half-dollar
1,1944,D,Half Dollar,Walking Liberty,,walking-liberty,,1944_D_walking-liberty
1,1944,D,Quarter,Washington Silver Quarter,,quarter,,1944_D_quarter
1,1944,S,Quarter,Washington Silver Quarter,,quarter,,1944_S_quarter
1,1945,,Dime,Mercury Dime,Winged Liberty Head,mercury-dime,,1945_mercury-dime
1,1945,S,Half Dollar,Liberty Walking Half Dollar,Liberty Walking,kennedy-half-dollar,,1945_S_kennedy-half-dollar
1,1945,D,Half Dollar,Liberty Walking Half Dollar,Liberty Walking,kennedy-half-dollar,,1945_D_kennedy-half-dollar
1,1945,P,Half Dollar,Liberty Walking Half Dollar,Liberty Walking,kennedy-half-dollar,,1945_P_kennedy-half-dollar
1,1945,D,Nickel,Jefferson Nickel Series,"Thomas Jefferson, Wartime Nickel",jefferson-nickel,,1945_D_jefferson-nickel
1,1945,D,Penny,Lincoln Head Penny,Lincoln Head Penny,lincoln-cent,,1945_D_lincoln-cent
1,1945,S,Penny,Lincoln Head Cent,Lincoln Head,lincoln-cent,,1945_S_lincoln-cent
1,1945,,Quarter,Washington Silver Quarter,,quarter,,1945_quarter
1,1946,D,Nickel,Jefferson Nickel Series,Thomas Jefferson,jefferson-nickel,,1946_D_jefferson-nickel
1,1946,D,Penny,Lincoln Head Cent,Lincoln Head,lincoln-cent,,1946_D_lincoln-cent
1,1946,S,Quarter,Washington Silver Quarter,,quarter,,1946_S_quarter
1,1946,D,Quarter,Washington Silver Quarter,,quarter,,1946_D_quarter
1,1947,,"5-Coin Set (Lincoln Cent, Jefferson Nickel, Roosevelt Dime, Washington Quarter, Walking Liberty Half Dollar)",Time Capsule Year Set,,kennedy-half-dollar,,1947_kennedy-half-dollar
1,1947,D,Dime,Roosevelt Dimes,silver,dime,,1947_D_dime
1,1947,,Dime,Roosevelt Dimes,Silver,dime,,1947_dime
1,1947,D,Dime,Mercury Dime,Winged Liberty Head,mercury-dime,,1947_D_mercury-dime
1,1947,P,Half Dollar,Liberty Walking Half Dollar,Liberty Walking,kennedy-half-dollar,,1947_P_kennedy-half-dollar
1,1947,D,Half Dollar,Liberty Walking Half Dollar,Liberty Walking,kennedy-half-dollar,,1947_D_kennedy-half-dollar
1,1947,S,Penny,Lincoln Cent,Lincoln Cent (Wheat Reverse),lincoln-cent,,1947_S_lincoln-cent
1,1947,D,Penny,Lincoln Cent,Lincoln Cent (Wheat Reverse),lincoln-cent,,1947_D_lincoln-cent
1,1947,S,Quarter,Washington Silver Quarter,,quarter,,1947_S_quarter
1,1947,,Quarter,Washington Silver Quarter,,quarter,,1947_quarter
1,1948,,Dime,Roosevelt Dimes,silver,dime,,1948_dime
1,1948,D,Dime,Roosevelt Dimes,silver,dime,,1948_D_dime
1,1948,S,Dime,Roosevelt Dimes,silver,dime,,1948_S_dime
1,1948,O,Half Dollar,Liberty Walking Half Dollar,Liberty Walking,kennedy-half-dollar,,1948_O_kennedy-half-dollar
1,1948,,Nickel,,,nickel,,1948_nickel
1,1948,S,Penny,Lincoln Cent,Lincoln Head,lincoln-cent,,1948_S_lincoln-cent
1,1948,D,Penny,Lincoln Head Penny,Abraham Lincoln,lincoln-cent,,1948_D_lincoln-cent
1,1948,D,Quarter,Washington Silver Quarter,,quarter,,1948_D_quarter
1,1948,S,Quarter,Washington Silver Quarter,,quarter,,1948_S_quarter
1,1949,D,Dime,Mercury Dime,Winged Liberty Head,mercury-dime,,1949_D_mercury-dime
1,1949,S,Dime,Roosevelt Dimes,silver,dime,,1949_S_dime
1,1949,D,Dime,Roosevelt Dimes,silver,dime,,1949_D_dime
1,1949,D,Half Dollar,Franklin Half Dollar,Benjamin Franklin,kennedy-half-dollar,,1949_D_kennedy-half-dollar
1,1949,D,Nickel,Jefferson Nickel Series,Thomas Jefferson,jefferson-nickel,,1949_D_jefferson-nickel
1,1949,S,Penny,Lincoln Cent,Lincoln Head,lincoln-cent,,1949_S_lincoln-cent
1,1949,D,Quarter,Washington Silver Quarter,,quarter,,1949_D_quarter
1,1949,,Quarter,Washington Silver Quarter,,quarter,,1949_quarter
1,1949,,Roosevelt Dime,Roosevelt Dime,,dime,,1949_dime
1,1950,S,Dime,Roosevelt Dimes,silver,dime,,1950_S_dime
1,1950,,Dime,Roosevelt Dimes,silver,dime,,1950_dime
1,1950,D,Nickel,Jefferson Nickel,,jefferson-nickel,,1950_D_jefferson-nickel
1,1950,P,Nickel,Jefferson Nickel Series,Thomas Jefferson,jefferson-nickel,,1950_P_jefferson-nickel
1,1950,D,Nickel,,,nickel,,1950_D_nickel
1,1950,S,Penny,Lincoln Cent,Abraham Lincoln,lincoln-cent,,1950_S_lincoln-cent
1,1950,D,Penny,Lincoln Head Penny,Abraham Lincoln,lincoln-cent,,1950_D_lincoln-cent
1,1950,S,Quarter,Washington Silver Quarter,,quarter,,1950_S_quarter
1,1950,D,Quarter,Washington Silver Quarter,,quarter,,1950_D_quarter
1,1951,D,Dime,Roosevelt Dimes,silver,dime,,1951_D_dime
1,1951,S,Half Dollar,Franklin Half Dollar,Benjamin Franklin,kennedy-half-dollar,,1951_S_kennedy-half-dollar
1,1951,D,Penny,Lincoln Cent,Lincoln Cent (Wheat Reverse),lincoln-cent,,1951_D_lincoln-cent
1,1951,S,Quarter,Washington Silver Quarter,,quarter,,1951_S_quarter
1,1952,S,Dime,Roosevelt Dimes,,dime,,1952_S_dime
1,1952,,Dime,Roosevelt Dimes,Silver,dime,,1952_dime
1,1952,S,Half Dollar,Franklin Half Dollar,Benjamin Franklin,kennedy-half-dollar,,1952_S_kennedy-half-dollar
1,1952,D,Nickel,Jefferson Nickel Series,Thomas Jefferson,jefferson-nickel,,1952_D_jefferson-nickel
1,1952,D,Penny,Lincoln Cent,Lincoln Cent (Wheat Reverse),lincoln-cent,,1952_D_lincoln-cent
1,1952,S,Quarter,Washington Silver Quarter,,quarter,,1952_S_quarter
1,1952,D,Quarter,Washington Silver Quarter,,quarter,,1952_D_quarter
1,1952,,Quarter,Washington Silver Quarter,,quarter,,1952_quarter
1,1953,S,Dime,Roosevelt Dimes,,dime,,1953_S_dime
1,1953,D,Dime,Roosevelt Dimes,silver,dime,,1953_D_dime
1,1953,,Dime,Roosevelt Dimes,silver,dime,,1953_dime
1,1953,D,Half Dollar,Franklin Half Dollar,Benjamin Franklin,kennedy-half-dollar,,1953_D_kennedy-half-dollar
1,1953,S,Half Dollar,Franklin Half Dollar,Benjamin Franklin,kennedy-half-dollar,,1953_S_kennedy-half-dollar
1,1953,,Half Dollar,Franklin Half Dollar,Benjamin Franklin,kennedy-half-dollar,,1953_kennedy-half-dollar
1,1953,P,Nickel,Jefferson Nickel Series,Thomas Jefferson,jefferson-nickel,,1953_P_jefferson-nickel
1,1953,D,Penny,Lincoln Head Cent,Lincoln Head,lincoln-cent,,1953_D_lincoln-cent
1,1953,S,Penny,Lincoln Head Cent,Lincoln Head,lincoln-cent,,1953_S_lincoln-cent
1,1953,S,Quarter,Washington Silver Quarter,,quarter,,1953_S_quarter
1,1953,D,Quarter,Washington Silver Quarter,,quarter,,1953_D_quarter
1,1954,S,Dime,Roosevelt Dimes,,dime,,1954_S_dime
1,1954,,Dime,Roosevelt Dimes,silver,dime,,1954_dime
1,1954,D,Dime,Mercury Dime,Winged Liberty Head,mercury-dime,,1954_D_mercury-dime
1,1954,S,Nickel,Jefferson Nickel Series,Thomas Jefferson,jefferson-nickel,,1954_S_jefferson-nickel
1,1954,P,Nickel,Jefferson Nickel Series,Thomas Jefferson,jefferson-nickel,,1954_P_jefferson-nickel
1,1954,D,Nickel,,,nickel,,1954_D_nickel
1,1954,,Nickel,,,nickel,,1954_nickel
1,1954,D,Quarter,Washington Silver Quarter,,quarter,,1954_D_quarter
1,1954,S,Quarter,Washington Silver Quarter,,quarter,,1954_S_quarter
1,1955,P,50 Cent,Silver Franklin Half Dollar,,kennedy-half-dollar,,1955_P_kennedy-half-dollar
1,1955,,Dime,Roosevelt Dimes,,dime,,1955_dime
1,1955,D,Dime,Roosevelt Dimes,,dime,,1955_D_dime
1,1955,S,Dime,Roosevelt Dimes,silver,dime,,1955_S_dime
1,1955,D,Nickel,Jefferson Nickel Series,Thomas Jefferson,jefferson-nickel,,1955_D_jefferson-nickel
1,1955,D,Penny,Lincoln Cent Series,Abraham Lincoln,lincoln-cent,,1955_D_lincoln-cent
1,1956,,Dime,Roosevelt Dimes,,dime,,1956_dime
1,1956,P,Nickel,Jefferson Nickel Series,Thomas Jefferson,jefferson-nickel,,1956_P_jefferson-nickel
1,1956,D,Penny,Lincoln Cent,Lincoln Cent (Wheat Reverse),lincoln-cent,,1956_D_lincoln-cent
1,1956,P,Roosevelt Dime,Roosevelt Dime,,dime,,1956_P_dime
1,1957,,Dime,Roosevelt Dimes,Silver,dime,,1957_dime
1,1957,P,Nickel,Jefferson Nickel Series,Thomas Jefferson,jefferson-nickel,,1957_P_jefferson-nickel
1,1957,D,Penny,Lincoln Cent,Lincoln Head,lincoln-cent,,1957_D_lincoln-cent
1,1958,,Dime,Roosevelt Dimes,,dime,,1958_dime
1,1958,D,Dime,Roosevelt Dimes,Silver,dime,,1958_D_dime
1,1958,,Dime,Mercury Dime,Winged Liberty Head,mercury-dime,,1958_mercury-dime
1,1958,P,Nickel,Jefferson Nickel Series,Thomas Jefferson,jefferson-nickel,,1958_P_jefferson-nickel
1,1958,D,Penny,Lincoln Cent,Lincoln Cent (Wheat Reverse),lincoln-cent,,1958_D_lincoln-cent
1,1958,S,Penny,Lincoln Memorial Cent,Lincoln Head,lincoln-cent,,1958_S_lincoln-cent
1,1958,P,Roosevelt Dime,Roosevelt Dime,,dime,,1958_P_dime
1,1959,,Dime,Roosevelt Dimes,,dime,,1959_dime
1,1959,D,Dime,Mercury Dime,Winged Liberty Head,mercury-dime,,1959_D_mercury-dime
1,1959,D,Half Dollar,Franklin Half Dollar,Benjamin Franklin,kennedy-half-dollar,,1959_D_kennedy-half-dollar
1,1959,D,Nickel,Jefferson Nickel Series,Thomas Jefferson,jefferson-nickel,,1959_D_jefferson-nickel
1,1959,P,Nickel,Jefferson Nickel Series,Thomas Jefferson,jefferson-nickel,,1959_P_jefferson-nickel
1,1959,D,Penny,Lincoln Cent,Lincoln Head,lincoln-cent,,1959_D_lincoln-cent
1,1960,,Dime,Roosevelt Dimes,Silver,dime,,1960_dime
1,1960,D,Dime,Roosevelt Dimes,,dime,,1960_D_dime
1,1960,D,Half Dollar,Franklin Half Dollar,Benjamin Franklin,kennedy-half-dollar,,1960_D_kennedy-half-dollar
1,1960,,Half Dollar,Franklin Half Dollar,Benjamin Franklin,kennedy-half-dollar,,1960_kennedy-half-dollar
1,1960,D,Nickel,Jefferson Nickel Series,Thomas Jefferson,jefferson-nickel,,1960_D_jefferson-nickel
1,1960,D,Quarter,Washington Silver Quarter,,quarter,,1960_D_quarter
1,1961,,Dime,Roosevelt Dimes,,dime,,1961_dime
1,1961,D,Penny,Lincoln Cent,Lincoln Head,lincoln-cent,,1961_D_lincoln-cent
1,1962,D,Penny,Lincoln Head Penny,Abraham Lincoln,lincoln-cent,,1962_D_lincoln-cent
1,1962,D,Quarter,Washington Silver Quarter,,quarter,,1962_D_quarter
1,1963,,Dime,Roosevelt Dimes,silver,dime,,1963_dime
1,1963,D,Penny,Lincoln Cent,Abraham Lincoln,lincoln-cent,,1963_D_lincoln-cent
1,1963,D,Quarter,Washington Silver Quarter,,quarter,,1963_D_quarter
1,1964,,Kennedy Half Dollar,Kennedy Half Dollar,John F. Kennedy,kennedy-half-dollar,,1964_kennedy-half-dollar
1,1964,,Nickel,,,nickel,,1964_nickel
1,1964,D,Penny,Lincoln Cent,Lincoln Head,lincoln-cent,,1964_D_lincoln-cent
1,1965,,Kennedy Half Dollar,Kennedy Half Dollar,John F. Kennedy,kennedy-half-dollar,,1965_kennedy-half-dollar
1,1965,,Nickel,Jefferson Nickel Series,Thomas Jefferson,jefferson-nickel,,1965_jefferson-nickel
1,1965,,Penny,Lincoln Cent,Lincoln Head,lincoln-cent,,1965_lincoln-cent
1,1965,P,Roosevelt Dime,Roosevelt Dime,,dime,,1965_P_dime
1,1966,,Dime,Roosevelt Dimes,,dime,,1966_dime
1,1966,,Nickel,Jefferson Nickel Series,Thomas Jefferson,jefferson-nickel,,1966_jefferson-nickel
1,1966,,Penny,Lincoln Cent,Abraham Lincoln,lincoln-cent,,1966_lincoln-cent
1,1966,,Quarter,Washington Silver Quarter,,quarter,,1966_quarter
1,1967,,Dime,Roosevelt Dimes,,dime,,1967_dime
1,1967,,Penny,Lincoln Cent,Lincoln Cent (Memorial Reverse),lincoln-cent,,1967_lincoln-cent
1,1968,D,Dime,Roosevelt Dimes,,dime,,1968_D_dime
1,1968,,Dime,Roosevelt Dimes,,dime,,1968_dime
1,1968,S,Kennedy Half Dollar,Kennedy Half Dollar,John F. Kennedy,kennedy-half-dollar,,1968_S_kennedy-half-dollar
1,1968,D,Kennedy Half Dollar,Kennedy Half Dollar Series,John F. Kennedy,kennedy-half-dollar,,1968_D_kennedy-half-dollar
1,1968,D,Penny,Lincoln Head Penny,Abraham Lincoln,lincoln-cent,,1968_D_lincoln-cent
1,1968,,Penny,Lincoln Cent Series,Abraham Lincoln,lincoln-cent,,1968_lincoln-cent
1,1968,S,Quarter,Washington Silver Quarter,,quarter,,1968_S_quarter
1,1968,D,Quarter,Washington Silver Quarter,,quarter,,1968_D_quarter
1,1968,S,Roosevelt Dime,Roosevelt Dime,,dime,,1968_S_dime
1,1969,D,Dime,Roosevelt Dimes,,dime,,1969_D_dime
1,1969,S,Dime,Roosevelt Dimes,,dime,,1969_S_dime
1,1969,S,Kennedy Half Dollar,Kennedy Half Dollar,John F. Kennedy,kennedy-half-dollar,,1969_S_kennedy-half-dollar
1,1969,D,Kennedy Half Dollar,Kennedy Half Dollar Series,John F. Kennedy,kennedy-half-dollar,,1969_D_kennedy-half-dollar
1,1969,,Penny,Lincoln Head Penny,Abraham Lincoln,lincoln-cent,,1969_lincoln-cent
1,1969,D,Penny,Lincoln Head Penny,Abraham Lincoln,lincoln-cent,,1969_D_lincoln-cent
1,1969,,Quarter,Washington Silver Quarter,,quarter,,1969_quarter
1,1969,D,Quarter,Washington Silver Quarter,,quarter,,1969_D_quarter
1,1969,S,Quarter,Washington Silver Quarter,,quarter,,1969_S_quarter
1,1970,,Dime,Roosevelt Dimes,,dime,,1970_dime
1,1970,D,Dime,Roosevelt Dimes,,dime,,1970_D_dime
1,1970,S,Dime,Roosevelt Dimes,,dime,,1970_S_dime
1,1970,D,Kennedy Half Dollar,Kennedy Half Dollar,John F. Kennedy,kennedy-half-dollar,,1970_D_kennedy-half-dollar
1,1970,S,Kennedy Half Dollar,Kennedy Half Dollar,John F. Kennedy,kennedy-half-dollar,,1970_S_kennedy-half-dollar
1,1970,D,Penny,Lincoln Cent,Lincoln Head,lincoln-cent,,1970_D_lincoln-cent
1,1970,S,Quarter,Washington Silver Quarter,,quarter,,1970_S_quarter
1,1970,,Quarter,Washington Silver Quarter,,quarter,,1970_quarter
1,1970,D,Quarter,Washington Silver Quarter,,quarter,,1970_D_quarter
1,1971,,Dime,Roosevelt Dimes,,dime,,1971_dime
1,1971,D,Dime,Roosevelt Dimes,,dime,,1971_D_dime
1,1971,S,Kennedy Half Dollar,Kennedy Half Dollar,John F. Kennedy,kennedy-half-dollar,,1971_S_kennedy-half-dollar
1,1971,,Penny,Lincoln Cent,Abraham Lincoln,lincoln-cent,,1971_lincoln-cent
1,1971,,Quarter,Washington Silver Quarter,,quarter,,1971_quarter
1,1971,S,Quarter,Washington Silver Quarter,,quarter,,1971_S_quarter
1,1971,D,Quarter,Washington Silver Quarter,,quarter,,1971_D_quarter
1,1972,S,Dime,Roosevelt Dimes,,dime,,1972_S_dime
1,1972,,Dime,Roosevelt Dimes,,dime,,1972_dime
1,1972,D,Kennedy Half Dollar,Kennedy Half Dollar Series,John F. Kennedy,kennedy-half-dollar,,1972_D_kennedy-half-dollar
1,1972,S,Kennedy Half Dollar,Kennedy Half Dollar,John F. Kennedy,kennedy-half-dollar,,1972_S_kennedy-half-dollar
1,1972,,Kennedy Half Dollar,Kennedy Half Dollar,John F. Kennedy,kennedy-half-dollar,,1972_kennedy-half-dollar
1,1972,D,Nickel,Jefferson Nickel Series,Thomas Jefferson,jefferson-nickel,,1972_D_jefferson-nickel
1,1972,,Penny,Lincoln Cent,Lincoln Head,lincoln-cent,,1972_lincoln-cent
1,1972,D,Penny,Lincoln Head Penny,Abraham Lincoln,lincoln-cent,,1972_D_lincoln-cent
1,1972,,Quarter,Washington Silver Quarter,,quarter,,1972_quarter
1,1972,S,Quarter,Washington Silver Quarter,,quarter,,1972_S_quarter
1,1972,D,Quarter,Washington Silver Quarter,,quarter,,1972_D_quarter
1,1973,,Dime,Roosevelt Dimes,,dime,,1973_dime
1,1973,S,Dime,Roosevelt Dimes,,dime,,1973_S_dime
1,1973,D,Dime,Roosevelt Dimes,,dime,,1973_D_dime
1,1973,S,Kennedy Half Dollar,Kennedy Half Dollar Series,John F. Kennedy,kennedy-half-dollar,,1973_S_kennedy-half-dollar
1,1973,,Kennedy Half Dollar,Kennedy Half Dollar,John F. Kennedy,kennedy-half-dollar,,1973_kennedy-half-dollar
1,1973,D,Kennedy Half Dollar,Kennedy Half Dollar,John F. Kennedy,kennedy-half-dollar,,1973_D_kennedy-half-dollar
1,1973,D,Penny,Lincoln Cent,Lincoln Head,lincoln-cent,,1973_D_lincoln-cent
1,1973,,Penny,Lincoln Cent Series,Abraham Lincoln,lincoln-cent,,1973_lincoln-cent
1,1973,D,Quarter,Washington Silver Quarter,,quarter,,1973_D_quarter
1,1973,,Quarter,Washington Silver Quarter,,quarter,,1973_quarter
1,1973,S,Quarter,Washington Silver Quarter,,quarter,,1973_S_quarter
1,1974,S,Dime,Roosevelt Dimes,,dime,,1974_S_dime
1,1974,D,Dime,Roosevelt Dimes,,dime,,1974_D_dime
1,1974,,Dime,Roosevelt Dimes,,dime,,1974_dime
1,1974,,Kennedy Half Dollar,Kennedy Half Dollar Series,John F. Kennedy,kennedy-half-dollar,,1974_kennedy-half-dollar
1,1974,S,Kennedy Half Dollar,Kennedy Half Dollar,John F. Kennedy,kennedy-half-dollar,,1974_S_kennedy-half-dollar
1,1974,S,Penny,Lincoln Head Penny,Abraham Lincoln,lincoln-cent,,1974_S_lincoln-cent
1,1974,,Penny,Lincoln Cent,Lincoln Head,lincoln-cent,,1974_lincoln-cent
1,1974,S,Quarter,Washington Silver Quarter,,quarter,,1974_S_quarter
1,1974,,Quarter,Washington Silver Quarter,,quarter,,1974_quarter
1,1974,D,Quarter,Washington Silver Quarter,,quarter,,1974_D_quarter
1,1975,D,Dime,Roosevelt Dimes,,dime,,1975_D_dime
1,1975,,Dime,Roosevelt Dimes,,dime,,1975_dime
1,1975,S,Dime,Roosevelt Dimes,,dime,,1975_S_dime
1,1975,,Penny,Lincoln Cent,Abraham Lincoln,lincoln-cent,,1975_lincoln-cent
1,1976,S,Dime,Roosevelt Dimes,,dime,,1976_S_dime
1,1976,,Dime,Roosevelt Dimes,,dime,,1976_dime
1,1976,D,Dime,Roosevelt Dimes,,dime,,1976_D_dime
1,1976,,Penny,Lincoln Head Penny,Abraham Lincoln,lincoln-cent,,1976_lincoln-cent
1,1976,D,Penny,Lincoln Head Penny,Abraham Lincoln,lincoln-cent,,1976_D_lincoln-cent
1,1976,S,Penny,Lincoln Cent,Lincoln Head,lincoln-cent,,1976_S_lincoln-cent
1,1976,,Quarter,Washington Silver Quarter,,quarter,,1976_quarter
1,1976,D,Quarter,Washington Silver Quarter,,quarter,,1976_D_quarter
1,1977,,Dime,Roosevelt Dimes,,dime,,1977_dime
1,1977,S,Dime,Roosevelt Dimes,,dime,,1977_S_dime
1,1977,D,Dime,Roosevelt Dimes,,dime,,1977_D_dime
1,1977,,Kennedy Half Dollar,Kennedy Half Dollar,John F. Kennedy,kennedy-half-dollar,,1977_kennedy-half-dollar
1,1977,S,Kennedy Half Dollar,Kennedy Half Dollar Series,John F. Kennedy,kennedy-half-dollar,,1977_S_kennedy-half-dollar
1,1977,S,Penny,Lincoln Cent,Lincoln Head,lincoln-cent,,1977_S_lincoln-cent
1,1977,,Penny,Lincoln Cent Series,Abraham Lincoln,lincoln-cent,,1977_lincoln-cent
1,1977,S,Quarter,Washington Silver Quarter,,quarter,,1977_S_quarter
1,1977,D,Quarter,Washington Silver Quarter,,quarter,,1977_D_quarter
1,1977,,Quarter,Washington Silver Quarter,,quarter,,1977_quarter
1,1978,,Dime,Roosevelt Dimes,,dime,,1978_dime
1,1978,,Kennedy Half Dollar,Kennedy Half Dollar,John F. Kennedy,kennedy-half-dollar,,1978_kennedy-half-dollar
1,1978,S,Kennedy Half Dollar,Kennedy Half Dollar,John F. Kennedy,kennedy-half-dollar,,1978_S_kennedy-half-dollar
1,1978,D,Kennedy Half Dollar,Kennedy Half Dollar,John F. Kennedy,kennedy-half-dollar,,1978_D_kennedy-half-dollar
1,1978,,Penny,Lincoln Head Penny,Abraham Lincoln,lincoln-cent,,1978_lincoln-cent
1,1978,D,Penny,Lincoln Cent,Lincoln Head,lincoln-cent,,1978_D_lincoln-cent
1,1978,S,Penny,Lincoln Cent,Lincoln Cent (Memorial Reverse),lincoln-cent,,1978_S_lincoln-cent
1,1978,S,Quarter,Washington Silver Quarter,,quarter,,1978_S_quarter
1,1978,D,Quarter,Washington Silver Quarter,,quarter,,1978_D_quarter
1,1978,,Quarter,Washington Silver Quarter,,quarter,,1978_quarter
1,1979,,Dime,Roosevelt Dimes,,dime,,1979_dime
1,1979,D,Dime,Roosevelt Dimes,,dime,,1979_D_dime
1,1979,,Penny,Lincoln Memorial Cent,Lincoln Head,lincoln-cent,,1979_lincoln-cent
1,1979,,Quarter,Washington Silver Quarter,,quarter,,1979_quarter
1,1979,D,Quarter,Washington Silver Quarter,,quarter,,1979_D_quarter
1,1979,S,Roosevelt Dime,Roosevelt Dime,,dime,,1979_S_dime
1,1979,D,Susan B. Anthony Dollar,Susan B. Anthony Dollar,Susan B. Anthony,dollar,,1979_D_dollar
1,1980,P,Dime,Roosevelt Dimes,,dime,,1980_P_dime
1,1980,S,Dime,Roosevelt Dimes,,dime,,1980_S_dime
1,1980,D,Dime,Roosevelt Dimes,,dime,,1980_D_dime
1,1980,D,Kennedy Half Dollar,Kennedy Half Dollar,John F. Kennedy,kennedy-half-dollar,,1980_D_kennedy-half-dollar
1,1980,P,Kennedy Half Dollar,Kennedy Half Dollar Series,John F. Kennedy,kennedy-half-dollar,,1980_P_kennedy-half-dollar
1,1980,D,Penny,Lincoln Memorial Cent,Lincoln Head,lincoln-cent,,1980_D_lincoln-cent
1,1980,,Penny,Lincoln Cent,Abraham Lincoln,lincoln-cent,,1980_lincoln-cent
1,1980,S,Penny,Lincoln Cent,Lincoln Head,lincoln-cent,,1980_S_lincoln-cent
1,1980,D,Quarter,Washington Silver Quarter,,quarter,,1980_D_quarter
1,1980,S,Quarter,Washington Silver Quarter,,quarter,,1980_S_quarter
1,1980,P,Quarter,Washington Silver Quarter,,quarter,,1980_P_quarter
1,1980,P,Susan B. Anthony Dollar,Susan B. Anthony Dollar,Susan B. Anthony,dollar,,1980_P_dollar
1,1980,D,Susan B. Anthony Dollar,Susan B. Anthony Dollar,Susan B. Anthony,dollar,,1980_D_dollar
1,1980,,Susan B. Anthony Dollar,Susan B. Anthony Dollar,Susan B. Anthony,dollar,,1980_dollar
1,1981,S,Dime,Roosevelt Dimes,type 1,dime,,1981_S_dime
1,1981,P,Dime,Roosevelt Dimes,,dime,,1981_P_dime
1,1981,D,Dime,Roosevelt Dimes,,dime,,1981_D_dime
1,1981,P,Kennedy Half Dollar,Kennedy Half Dollar Series,John F. Kennedy,kennedy-half-dollar,,1981_P_kennedy-half-dollar
1,1981,D,Kennedy Half Dollar,Kennedy Half Dollar Series,John F. Kennedy,kennedy-half-dollar,,1981_D_kennedy-half-dollar
1,1981,,Penny,Lincoln Memorial Cent,Lincoln Head,lincoln-cent,,1981_lincoln-cent
1,1981,D,Penny,Lincoln Cent,Lincoln Head,lincoln-cent,,1981_D_lincoln-cent
1,1981,P,Quarter,Washington Silver Quarter,,quarter,,1981_P_quarter
1,1981,D,Quarter,Washington Silver Quarter,,quarter,,1981_D_quarter
1,1981,D,Susan B. Anthony Dollar,Susan B. Anthony Dollar,Susan B. Anthony,dollar,,1981_D_dollar
1,1981,P,Susan B. Anthony Dollar,Susan B. Anthony Dollar,Susan B. Anthony,dollar,,1981_P_dollar
1,1982,P,Dime,Roosevelt Dimes,,dime,,1982_P_dime
1,1982,S,Penny,Lincoln Cent,Lincoln Head,lincoln-cent,,1982_S_lincoln-cent
1,1982,S,Quarter,Washington Silver Quarter,,quarter,,1982_S_quarter
1,1982,D,Quarter,Washington Silver Quarter,,quarter,,1982_D_quarter
1,1982,P,Quarter,Washington Silver Quarter,,quarter,,1982_P_quarter
1,1982,S,Roosevelt Dime,,,dime,,1982_S_dime
1,1983,S,Dime,Roosevelt Dimes,,dime,,1983_S_dime
1,1983,D,Dime,Roosevelt Dimes,,dime,,1983_D_dime
1,1983,P,Dime,Roosevelt Dimes,,dime,,1983_P_dime
1,1983,P,Kennedy Half Dollar,Kennedy Half Dollar,John F. Kennedy,kennedy-half-dollar,,1983_P_kennedy-half-dollar
1,1983,D,Kennedy Half Dollar,Kennedy Half Dollar,John F. Kennedy,kennedy-half-dollar,,1983_D_kennedy-half-dollar
1,1983,S,Kennedy Half Dollar,Kennedy Half Dollar,John F. Kennedy,kennedy-half-dollar,,1983_S_kennedy-half-dollar
1,1983,S,Penny,Lincoln Cent Series,Abraham Lincoln,lincoln-cent,,1983_S_lincoln-cent
1,1983,D,Penny,Lincoln Cent,Abraham Lincoln,lincoln-cent,,1983_D_lincoln-cent
1,1983,,Penny,Lincoln Memorial Cent,Lincoln Head,lincoln-cent,,1983_lincoln-cent
1,1983,S,Quarter,Washington Silver Quarter,,quarter,,1983_S_quarter
1,1983,D,Quarter,Washington Silver Quarter,,quarter,,1983_D_quarter
1,1983,P,Quarter,Washington Silver Quarter,,quarter,,1983_P_quarter
1,1984,D,Dime,Roosevelt Dimes,,dime,,1984_D_dime
1,1984,S,Dime,Roosevelt Dimes,,dime,,1984_S_dime
1,1984,P,Dime,Roosevelt Dimes,,dime,,1984_P_dime
1,1984,S,Kennedy Half Dollar,Kennedy Half Dollar,John F. Kennedy,kennedy-half-dollar,,1984_S_kennedy-half-dollar
1,1984,D,Kennedy Half Dollar,Kennedy Half Dollar Series,John F. Kennedy,kennedy-half-dollar,,1984_D_kennedy-half-dollar
1,1984,O,Kennedy Half Dollar,Kennedy Half Dollar,John F. Kennedy,kennedy-half-dollar,,1984_O_kennedy-half-dollar
1,1984,S,Penny,Lincoln Cent,Abraham Lincoln,lincoln-cent,,1984_S_lincoln-cent
1,1984,,Penny,Lincoln Head Penny,Abraham Lincoln,lincoln-cent,,1984_lincoln-cent
1,1984,D,Quarter,Washington Silver Quarter,,quarter,,1984_D_quarter
1,1984,P,Quarter,Washington Silver Quarter,,quarter,,1984_P_quarter
1,1984,S,Quarter,Washington Silver Quarter,,quarter,,1984_S_quarter
1,1985,S,1 Dollar,Morgan Silver Dollars,Liberty Head,morgan-dollar,,1985_S_morgan-dollar
1,1985,P,Dime,Roosevelt Dimes,,dime,,1985_P_dime
1,1985,D,Dime,Roosevelt Dimes,,dime,,1985_D_dime
1,1985,P,Kennedy Half Dollar,Kennedy Half Dollar Series,John F. Kennedy,kennedy-half-dollar,,1985_P_kennedy-half-dollar
1,1985,D,Kennedy Half Dollar,Kennedy Half Dollar Series,John F. Kennedy,kennedy-half-dollar,,1985_D_kennedy-half-dollar
1,1985,,Penny,Lincoln Cent Series,Abraham Lincoln,lincoln-cent,,1985_lincoln-cent
1,1985,D,Penny,Lincoln Cent,Abraham Lincoln,lincoln-cent,,1985_D_lincoln-cent
1,1985,S,Penny,Lincoln Cent,Abraham Lincoln,lincoln-cent,,1985_S_lincoln-cent
1,1985,S,Quarter,Washington Silver Quarter,,quarter,,1985_S_quarter
1,1985,P,Quarter,Washington Silver Quarter,,quarter,,1985_P_quarter
1,1985,D,Quarter,Washington Silver Quarter,,quarter,,1985_D_quarter
1,1986,D,Dime,Roosevelt Dimes,,dime,,1986_D_dime
1,1986,P,Dime,Roosevelt Dimes,,dime,,1986_P_dime
1,1986,S,Dollar,American Eagle,,american-eagle-silver,,1986_S_american-eagle-silver
1,1986,,Penny,Lincoln Cent,Abraham Lincoln,lincoln-cent,,1986_lincoln-cent
1,1986,S,Penny,Lincoln Memorial Cent,Lincoln Head,lincoln-cent,,1986_S_lincoln-cent
1,1986,D,Penny,Lincoln Cent,Lincoln Cent (Memorial Reverse),lincoln-cent,,1986_D_lincoln-cent
1,1986,D,Quarter,Washington Silver Quarter,,quarter,,1986_D_quarter
1,1986,S,Quarter,Washington Silver Quarter,,quarter,,1986_S_quarter
1,1986,P,Quarter,Washington Silver Quarter,,quarter,,1986_P_quarter
1,1987,D,Dime,Roosevelt Dimes,,dime,,1987_D_dime
1,1987,P,Dime,Roosevelt Dimes,,dime,,1987_P_dime
1,1987,S,Dime,Roosevelt Dimes,,dime,,1987_S_dime
1,1987,,Dollar,American Eagle,,american-eagle-silver,,1987_american-eagle-silver
1,1987,S,Dollar,American Eagle,,american-eagle-silver,,1987_S_american-eagle-silver
1,1987,P,Kennedy Half Dollar,Kennedy Half Dollar,John F. Kennedy,kennedy-half-dollar,,1987_P_kennedy-half-dollar
1,1987,D,Kennedy Half Dollar,Kennedy Half Dollar Series,John F. Kennedy,kennedy-half-dollar,,1987_D_kennedy-half-dollar
1,1987,S,Kennedy Half Dollar,Kennedy Half Dollar,John F. Kennedy,kennedy-half-dollar,,1987_S_kennedy-half-dollar
1,1987,,Penny,Lincoln Cent Series,Abraham Lincoln,lincoln-cent,,1987_lincoln-cent
1,1987,D,Penny,Lincoln Cent,Lincoln Head,lincoln-cent,,1987_D_lincoln-cent
1,1987,S,Penny,Lincoln Cent,Lincoln Head,lincoln-cent,,1987_S_lincoln-cent
1,1987,D,Quarter,Washington Silver Quarter,,quarter,,1987_D_quarter
1,1987,S,Quarter,Washington Silver Quarter,,quarter,,1987_S_quarter
1,1988,D,Dime,Roosevelt Dimes,,dime,,1988_D_dime
1,1988,P,Dime,Roosevelt Dimes,,dime,,1988_P_dime
1,1988,S,Dime,Roosevelt Dimes,,dime,,1988_S_dime
1,1988,,Dollar,American Eagle,,american-eagle-silver,,1988_american-eagle-silver
1,1988,S,Dollar,American Eagle,,american-eagle-silver,,1988_S_american-eagle-silver
1,1988,D,Kennedy Half Dollar,Kennedy Half Dollar Series,John F. Kennedy,kennedy-half-dollar,,1988_D_kennedy-half-dollar
1,1988,P,Kennedy Half Dollar,Kennedy Half Dollar,John F. Kennedy,kennedy-half-dollar,,1988_P_kennedy-half-dollar
1,1988,D,Penny,Lincoln Cent,Abraham Lincoln,lincoln-cent,,1988_D_lincoln-cent
1,1988,S,Penny,Lincoln Cent,Lincoln Head,lincoln-cent,,1988_S_lincoln-cent
1,1988,,Penny,Lincoln Head Penny,Abraham Lincoln,lincoln-cent,,1988_lincoln-cent
1,1988,D,Quarter,Washington Silver Quarter,,quarter,,1988_D_quarter
1,1988,S,Quarter,Washington Silver Quarter,,quarter,,1988_S_quarter
1,1988,P,Quarter,Washington Silver Quarter,,quarter,,1988_P_quarter
1,1989,D,Dime,Roosevelt Dimes,,dime,,1989_D_dime
1,1989,S,Dime,Roosevelt Dimes,,dime,,1989_S_dime
1,1989,P,Dime,Roosevelt Dimes,,dime,,1989_P_dime
1,1989,,Dollar,American Eagle,,american-eagle-silver,,1989_american-eagle-silver
1,1989,S,Dollar,American Eagle,,american-eagle-silver,,1989_S_american-eagle-silver
1,1989,D,Penny,Lincoln Cent Series,Abraham Lincoln,lincoln-cent,,1989_D_lincoln-cent
1,1989,S,Quarter,Washington Silver Quarter,,quarter,,1989_S_quarter
1,1989,D,Quarter,Washington Silver Quarter,,quarter,,1989_D_quarter
1,1989,P,Quarter,Washington Silver Quarter,,quarter,,1989_P_quarter
1,1990,S,Dime,Roosevelt Dimes,,dime,,1990_S_dime
1,1990,P,Dime,Roosevelt Dimes,,dime,,1990_P_dime
1,1990,,Dollar,American Eagle,,american-eagle-silver,,1990_american-eagle-silver
1,1990,S,Dollar,American Eagle,,american-eagle-silver,,1990_S_american-eagle-silver
1,1990,S,Kennedy Half Dollar,Kennedy Half Dollar Series,John F. Kennedy,kennedy-half-dollar,,1990_S_kennedy-half-dollar
1,1990,P,Kennedy Half Dollar,Kennedy Half Dollar,John F. Kennedy,kennedy-half-dollar,,1990_P_kennedy-half-dollar
1,1990,D,Kennedy Half Dollar,Kennedy Half Dollar Series,John F. Kennedy,kennedy-half-dollar,,1990_D_kennedy-half-dollar
1,1990,D,Quarter,Washington Silver Quarter,,quarter,,1990_D_quarter
1,1990,P,Quarter,Washington Silver Quarter,,quarter,,1990_P_quarter
1,1990,S,Quarter,Washington Silver Quarter,,quarter,,1990_S_quarter
1,1990,D,Roosevelt Dime,Roosevelt Dime,,dime,,1990_D_dime
1,1991,D,Dime,Roosevelt Dimes,,dime,,1991_D_dime
1,1991,P,Dime,Roosevelt Dimes,,dime,,1991_P_dime
1,1991,S,Dime,Roosevelt Dimes,,dime,,1991_S_dime
1,1991,,Dollar,American Eagle,,american-eagle-silver,,1991_american-eagle-silver
1,1991,S,Dollar,American Eagle,,american-eagle-silver,,1991_S_american-eagle-silver
1,1991,,Penny,Lincoln Head Penny,Abraham Lincoln,lincoln-cent,,1991_lincoln-cent
1,1991,D,Penny,Lincoln Cent,Abraham Lincoln,lincoln-cent,,1991_D_lincoln-cent
1,1991,S,Penny,Lincoln Cent,Lincoln Head,lincoln-cent,,1991_S_lincoln-cent
1,1991,S,Quarter,Washington Silver Quarter,,quarter,,1991_S_quarter
1,1991,P,Quarter,Washington Silver Quarter,,quarter,,1991_P_quarter
1,1991,D,Quarter,Washington Silver Quarter,,quarter,,1991_D_quarter
1,1992,D,Dime,Roosevelt Dimes,,dime,,1992_D_dime
1,1992,P,Dime,Roosevelt Dimes,,dime,,1992_P_dime
1,1992,S,Dollar,American Eagle,,american-eagle-silver,,1992_S_american-eagle-silver
1,1992,,Penny,Lincoln Head Penny,Abraham Lincoln,lincoln-cent,,1992_lincoln-cent
1,1992,D,Penny,Lincoln Head Penny,Abraham Lincoln,lincoln-cent,,1992_D_lincoln-cent
1,1992,S,Penny,Lincoln Cent,Lincoln Head,lincoln-cent,,1992_S_lincoln-cent
1,1992,P,Quarter,Washington Silver Quarter,,quarter,,1992_P_quarter
1,1992,D,Quarter,Washington Silver Quarter,,quarter,,1992_D_quarter
1,1993,P,Dime,Roosevelt Dimes,,dime,,1993_P_dime
1,1993,D,Dime,Roosevelt Dimes,,dime,,1993_D_dime
1,1993,P,Dollar,American Eagle,,american-eagle-silver,,1993_P_american-eagle-silver
1,1993,,Dollar,American Eagle,,american-eagle-silver,,1993_american-eagle-silver
1,1993,S,Penny,Lincoln Cent,Lincoln Head,lincoln-cent,,1993_S_lincoln-cent
1,1993,D,Penny,Lincoln Cent,Abraham Lincoln,lincoln-cent,,1993_D_lincoln-cent
1,1993,,Penny,Lincoln Head Penny,Abraham Lincoln,lincoln-cent,,1993_lincoln-cent
1,1993,,Quarter,Washington Silver Quarter,,quarter,,1993_quarter
1,1993,D,Quarter,Washington Silver Quarter,,quarter,,1993_D_quarter
1,1993,P,Quarter,Washington Silver Quarter,,quarter,,1993_P_quarter
1,1993,S,Quarter,Washington Silver Quarter,,quarter,,1993_S_quarter
1,1994,P,Dime,Roosevelt Dimes,,dime,,1994_P_dime
1,1994,D,Dime,Roosevelt Dimes,,dime,,1994_D_dime
1,1994,P,Dollar,American Eagle,,american-eagle-silver,,1994_P_american-eagle-silver
1,1994,,Dollar,American Eagle,,american-eagle-silver,,1994_american-eagle-silver
1,1994,S,Penny,Lincoln Memorial Cent,Lincoln Head,lincoln-cent,,1994_S_lincoln-cent
1,1994,,Penny,Lincoln Cent,Lincoln Head,lincoln-cent,,1994_lincoln-cent
1,1994,D,Penny,Lincoln Cent,Lincoln Head,lincoln-cent,,1994_D_lincoln-cent
1,1994,D,Quarter,Washington Silver Quarter,,quarter,,1994_D_quarter
1,1995,D,Dime,Roosevelt Dimes,,dime,,1995_D_dime
1,1995,P,Dime,Roosevelt Dimes,,dime,,1995_P_dime
1,1995,,Dollar,American Eagle,,american-eagle-silver,,1995_american-eagle-silver
1,1995,P,Dollar,American Eagle,,american-eagle-silver,,1995_P_american-eagle-silver
1,1995,S,Penny,Lincoln Cent Series,Abraham Lincoln,lincoln-cent,,1995_S_lincoln-cent
1,1995,,Penny,Lincoln Cent,Abraham Lincoln,lincoln-cent,,1995_lincoln-cent
1,1995,D,Quarter,Washington Silver Quarter,,quarter,,1995_D_quarter
1,1995,P,Quarter,Washington Silver Quarter,,quarter,,1995_P_quarter
1,1996,D,Dime,Roosevelt Dimes,,dime,,1996_D_dime
1,1996,P,Dime,Roosevelt Dimes,,dime,,1996_P_dime
1,1996,P,Dollar,American Eagle,,american-eagle-silver,,1996_P_american-eagle-silver
1,1996,,Dollar,American Eagle,,american-eagle-silver,,1996_american-eagle-silver
1,1996,D,Penny,Lincoln Cent,Lincoln Head,lincoln-cent,,1996_D_lincoln-cent
1,1996,S,Penny,Lincoln Cent,Abraham Lincoln,lincoln-cent,,1996_S_lincoln-cent
1,1996,,Penny,Lincoln Cent Series,Abraham Lincoln,lincoln-cent,,1996_lincoln-cent
1,1996,D,Quarter,Washington Silver Quarter,,quarter,,1996_D_quarter
1,1996,P,Quarter,Washington Silver Quarter,,quarter,,1996_P_quarter
1,1997,P,Dime,Roosevelt Dimes,,dime,,1997_P_dime
1,1997,D,Dime,Roosevelt Dimes,,dime,,1997_D_dime
1,1997,P,Dollar,American Eagle,,american-eagle-silver,,1997_P_american-eagle-silver
1,1997,P,Kennedy Half Dollar,Kennedy Half Dollar Series,John F. Kennedy,kennedy-half-dollar,,1997_P_kennedy-half-dollar
1,1997,D,Kennedy Half Dollar,Kennedy Half Dollar Series,John F. Kennedy,kennedy-half-dollar,,1997_D_kennedy-half-dollar
1,1997,,Penny,Lincoln Cent Series,Abraham Lincoln,lincoln-cent,,1997_lincoln-cent
1,1997,S,Penny,Lincoln Cent,Lincoln Head,lincoln-cent,,1997_S_lincoln-cent
1,1997,D,Penny,Lincoln Cent Series,Abraham Lincoln,lincoln-cent,,1997_D_lincoln-cent
1,1997,S,Quarter,Washington Silver Quarter,,quarter,,1997_S_quarter
1,1997,,Quarter,Washington Silver Quarter,,quarter,,1997_quarter
1,1997,P,Quarter,Washington Silver Quarter,,quarter,,1997_P_quarter
1,1997,D,Quarter,Washington Silver Quarter,,quarter,,1997_D_quarter
1,1998,D,Dime,Roosevelt Dimes,,dime,,1998_D_dime
1,1998,P,Dime,Roosevelt Dimes,,dime,,1998_P_dime
1,1998,P,Dollar,American Eagle,,american-eagle-silver,,1998_P_american-eagle-silver
1,1998,,Dollar,American Eagle,,american-eagle-silver,,1998_american-eagle-silver
1,1998,D,Kennedy Half Dollar,Kennedy Half Dollar,John F. Kennedy,kennedy-half-dollar,,1998_D_kennedy-half-dollar
1,1998,,Penny,Lincoln Head Penny,Abraham Lincoln,lincoln-cent,,1998_lincoln-cent
1,1998,S,Penny,Lincoln Cent,Lincoln Head,lincoln-cent,,1998_S_lincoln-cent
1,1998,D,Quarter,Washington Silver Quarter,,quarter,,1998_D_quarter
1,1998,P,Quarter,Washington Silver Quarter,,quarter,,1998_P_quarter
1,1999,P,Dime,Roosevelt Dimes,,dime,,1999_P_dime
1,1999,D,Dime,Roosevelt Dimes,,dime,,1999_D_dime
1,1999,P,Dollar,American Eagle,,american-eagle-silver,,1999_P_american-eagle-silver
1,1999,S,Penny,Lincoln Memorial Cent,Lincoln Head,lincoln-cent,,1999_S_lincoln-cent
1,1999,,Penny,Lincoln Head Penny,Abraham Lincoln,lincoln-cent,,1999_lincoln-cent
1,2000,D,Dime,Roosevelt Dimes,,dime,,2000_D_dime
1,2000,P,Dime,Roosevelt Dimes,,dime,,2000_P_dime
1,2000,P,Dollar,American Eagle,,american-eagle-silver,,2000_P_american-eagle-silver
1,2000,,Dollar,American Eagle,,american-eagle-silver,,2000_american-eagle-silver
1,2000,P,Kennedy Half Dollar,Kennedy Half Dollar Series,John F. Kennedy,kennedy-half-dollar,,2000_P_kennedy-half-dollar
1,2000,D,Kennedy Half Dollar,Kennedy Half Dollar,John F. Kennedy,kennedy-half-dollar,,2000_D_kennedy-half-dollar
1,2000,S,Penny,Lincoln Cent,Lincoln Cent (Memorial Reverse),lincoln-cent,,2000_S_lincoln-cent
1,2000,,Penny,Lincoln Cent,Abraham Lincoln,lincoln-cent,,2000_lincoln-cent
1,2001,D,1 Dollar,Sacagawea Dollar,Sacagawea,native-american-dollar,,2001_D_native-american-dollar
1,2001,S,1 Dollar,Sacagawea Dollar,Sacagawea,native-american-dollar,,2001_S_native-american-dollar
1,2001,D,Dime,Roosevelt Dimes,,dime,,2001_D_dime
1,2001,,Dollar,American Eagle,,american-eagle-silver,,2001_american-eagle-silver
1,2001,W,Dollar,American Eagle,,american-eagle-silver,,2001_W_american-eagle-silver
1,2001,S,Penny,Lincoln Memorial Cent,Lincoln Head,lincoln-cent,,2001_S_lincoln-cent
1,2001,,Penny,Lincoln Cent Series,Abraham Lincoln,lincoln-cent,,2001_lincoln-cent
1,2002,D,1 Dollar,Sacagawea Dollar,Sacagawea,native-american-dollar,,2002_D_native-american-dollar
1,2002,S,1 Dollar,Sacagawea Dollar,Sacagawea,native-american-dollar,,2002_S_native-american-dollar
1,2002,P,1 Dollar,Sacagawea Dollar,Sacagawea,native-american-dollar,,2002_P_native-american-dollar
1,2002,D,Dime,Roosevelt Dimes,,dime,,2002_D_dime
1,2002,P,Dime,Roosevelt Dimes,,dime,,2002_P_dime
1,2002,W,Dollar,American Eagle,,american-eagle-silver,,2002_W_american-eagle-silver
1,2002,,Dollar,American Eagle,,american-eagle-silver,,2002_american-eagle-silver
1,2002,D,Kennedy Half Dollar,Kennedy Half Dollar,John F. Kennedy,kennedy-half-dollar,,2002_D_kennedy-half-dollar
1,2002,S,Kennedy Half Dollar,Kennedy Half Dollar Series,John F. Kennedy,kennedy-half-dollar,,2002_S_kennedy-half-dollar
1,2002,,Penny,Lincoln Head Penny,Abraham Lincoln,lincoln-cent,,2002_lincoln-cent
1,2002,S,Penny,Lincoln Cent,Lincoln Cent (Memorial Reverse),lincoln-cent,,2002_S_lincoln-cent
1,2003,S,1 Dollar,Sacagawea Dollar,Sacagawea,native-american-dollar,,2003_S_native-american-dollar
1,2003,P,1 Dollar,Sacagawea Dollar,Sacagawea,native-american-dollar,,2003_P_native-american-dollar
1,2003,D,1 Dollar,Sacagawea Dollar,Sacagawea,native-american-dollar,,2003_D_native-american-dollar
1,2003,W,Dollar,American Eagle,,american-eagle-silver,,2003_W_american-eagle-silver
1,2003,,Dollar,American Eagle,,american-eagle-silver,,2003_american-eagle-silver
1,2003,,Nickel,Jefferson Nickel Series,Thomas Jefferson,jefferson-nickel,,2003_jefferson-nickel
1,2003,D,Penny,Lincoln Head Penny,Abraham Lincoln,lincoln-cent,,2003_D_lincoln-cent
1,2003,,Penny,Lincoln Head Penny,Abraham Lincoln,lincoln-cent,,2003_lincoln-cent
1,2003,S,Penny,Lincoln Cent,Lincoln Cent (Memorial Reverse),lincoln-cent,,2003_S_lincoln-cent
1,2003,D,Roosevelt Dime,Roosevelt Dime,,dime,,2003_D_dime
1,2003,P,Roosevelt Dime,Roosevelt Dime,,dime,,2003_P_dime
1,2004,S,1 Dollar,Sacagawea Dollar,Sacagawea,native-american-dollar,,2004_S_native-american-dollar
1,2004,P,1 Dollar,Sacagawea Dollar,Sacagawea,native-american-dollar,,2004_P_native-american-dollar
1,2004,D,1 Dollar,Sacagawea Dollar,Sacagawea,native-american-dollar,,2004_D_native-american-dollar
1,2004,D,Dime,Roosevelt Dimes,,dime,,2004_D_dime
1,2004,P,Dime,Roosevelt Dimes,,dime,,2004_P_dime
1,2004,W,Dollar,American Eagle,,american-eagle-silver,,2004_W_american-eagle-silver
1,2004,,Dollar,American Eagle,,american-eagle-silver,,2004_american-eagle-silver
1,2004,D,Kennedy Half Dollar,Kennedy Half Dollar Series,John F. Kennedy,kennedy-half-dollar,,2004_D_kennedy-half-dollar
1,2004,P,Kennedy Half Dollar,Kennedy Half Dollar Series,John F. Kennedy,kennedy-half-dollar,,2004_P_kennedy-half-dollar
1,2004,S,Penny,Lincoln Cent,Abraham Lincoln,lincoln-cent,,2004_S_lincoln-cent
1,2005,D,1 Dollar,Sacagawea Dollar,Sacagawea,native-american-dollar,,2005_D_native-american-dollar
1,2005,S,1 Dollar,Sacagawea Dollar,Sacagawea,native-american-dollar,,2005_S_native-american-dollar
1,2005,P,1 Dollar,Sacagawea Dollar,Sacagawea,native-american-dollar,,2005_P_native-american-dollar
1,2005,W,Dollar,American Eagle,,american-eagle-silver,,2005_W_american-eagle-silver
1,2005,,Dollar,American Eagle,,american-eagle-silver,,2005_american-eagle-silver
1,2006,S,1 Dollar,Sacagawea Dollar,Sacagawea,native-american-dollar,,2006_S_native-american-dollar
1,2006,P,1 Dollar,Sacagawea Dollar,Sacagawea,native-american-dollar,,2006_P_native-american-dollar
1,2006,D,Dime,Roosevelt Dimes,,dime,,2006_D_dime
1,2006,P,Dime,Roosevelt Dimes,,dime,,2006_P_dime
1,2006,,Dollar,American Eagle,,american-eagle-silver,,2006_american-eagle-silver
1,2006,D,Kennedy Half Dollar,Kennedy Half Dollar Series,John F. Kennedy,kennedy-half-dollar,,2006_D_kennedy-half-dollar
1,2006,,Kennedy Half Dollar,Kennedy Half Dollar,John F. Kennedy,kennedy-half-dollar,,2006_kennedy-half-dollar
1,2006,P,Kennedy Half Dollar,Kennedy Half Dollar Series,John F. Kennedy,kennedy-half-dollar,,2006_P_kennedy-half-dollar
1,2006,P,Nickel,Return to Monticello,,nickel,,2006_P_nickel
1,2006,S,Nickel,Return to Monticello,,nickel,,2006_S_nickel
1,2006,S,Penny,Lincoln Cent,Lincoln Cent (Memorial Reverse),lincoln-cent,,2006_S_lincoln-cent
1,2007,D,1 Dollar,Sacagawea Dollar,Sacagawea,native-american-dollar,,2007_D_native-american-dollar
1,2007,P,1 Dollar,Sacagawea Dollar,Sacagawea,native-american-dollar,,2007_P_native-american-dollar
1,2007,P,Dime,Roosevelt Dimes,,dime,,2007_P_dime
1,2007,,Dollar,American Eagle,,american-eagle-silver,,2007_american-eagle-silver
1,2007,P,Kennedy Half Dollar,Kennedy Half Dollar Series,John F. Kennedy,kennedy-half-dollar,,2007_P_kennedy-half-dollar
1,2007,D,Kennedy Half Dollar,Kennedy Half Dollar Series,John F. Kennedy,kennedy-half-dollar,,2007_D_kennedy-half-dollar
1,2007,,Penny,Lincoln Cent Series,Abraham Lincoln,lincoln-cent,,2007_lincoln-cent
1,2007,D,Penny,Lincoln Cent,Lincoln Head,lincoln-cent,,2007_D_lincoln-cent
1,2007,S,Penny,Lincoln Cent Series,Abraham Lincoln,lincoln-cent,,2007_S_lincoln-cent
1,2008,P,1,Presidential Dollars,James Monroe,presidential-dollars,james-monroe,2008_P_james-monroe_presidential-dollars
1,2008,S,1,Presidential Dollars,Andrew Jackson,presidential-dollars,andrew-jackson,2008_S_andrew-jackson_presidential-dollars
1,2008,S,1,Presidential Dollars,James Monroe,presidential-dollars,james-monroe,2008_S_james-monroe_presidential-dollars
1,2008,D,1,Presidential Dollars,John Quincy Adama,presidential-dollars,,2008_D_presidential-dollars
1,2008,P,1,Presidential Dollars,Andrew Jackson,presidential-dollars,andrew-jackson,2008_P_andrew-jackson_presidential-dollars
1,2008,P,1,Presidential Dollars,Martin Van Buren,presidential-dollars,martin-van-buren,2008_P_martin-van-buren_presidential-dollars
1,2008,S,1,Presidential Dollars,John Quincy Adams,presidential-dollars,john-quincy-adams,2008_S_john-quincy-adams_presidential-dollars
1,2008,S,1,Presidential Dollars,Martin Van Buren,presidential-dollars,martin-van-buren,2008_S_martin-van-buren_presidential-dollars
1,2008,S,1 Dollar,Sacagawea Dollar,Sacagawea,native-american-dollar,,2008_S_native-american-dollar
1,2008,P,1 Dollar,Sacagawea Dollar,Sacagawea,native-american-dollar,,2008_P_native-american-dollar
1,2008,P,Dime,Roosevelt Dimes,,dime,,2008_P_dime
1,2008,D,Dime,Roosevelt Dimes,,dime,,2008_D_dime
1,2008,,Dollar,American Eagle,,american-eagle-silver,,2008_american-eagle-silver
1,2009,P,Dime,Roosevelt Dimes,,dime,,2009_P_dime
1,2009,D,Dime,Roosevelt Dimes,,dime,,2009_D_dime
1,2009,,Dollar,American Eagle,,american-eagle-silver,,2009_american-eagle-silver
1,2009,S,Nickel,Jefferson Nickel Series,Thomas Jefferson,jefferson-nickel,,2009_S_jefferson-nickel
1,2010,S,1,Presidential Dollars,Millard Fillmore,presidential-dollars,millard-fillmore,2010_S_millard-fillmore_presidential-dollars
1,2010,D,1,Presidential Dollars,Abraham Lincoln,presidential-dollars,abraham-lincoln,2010_D_abraham-lincoln_presidential-dollars
1,2010,P,1,Presidential Dollars,James Buchanan,presidential-dollars,james-buchanan,2010_P_james-buchanan_presidential-dollars
1,2010,P,1,Presidential Dollars,Millard Fillmore,presidential-dollars,millard-fillmore,2010_P_millard-fillmore_presidential-dollars
1,2010,P,1,Presidential Dollars,Abraham Lincoln,presidential-dollars,abraham-lincoln,2010_P_abraham-lincoln_presidential-dollars
1,2010,D,1,Presidential Dollars,James Buchanan,presidential-dollars,james-buchanan,2010_D_james-buchanan_presidential-dollars
1,2010,S,1,Presidential Dollars,James Buchanan,presidential-dollars,james-buchanan,2010_S_james-buchanan_presidential-dollars
1,2010,S,1,Presidential Dollars,Franklin Pierce,presidential-dollars,franklin-pierce,2010_S_franklin-pierce_presidential-dollars
1,2010,D,1,Presidential Dollars,Millard Fillmore,presidential-dollars,millard-fillmore,2010_D_millard-fillmore_presidential-dollars
1,2010,P,1,Presidential Dollars,Franklin Pierce,presidential-dollars,franklin-pierce,2010_P_franklin-pierce_presidential-dollars
1,2010,P,Dime,Roosevelt Dimes,,dime,,2010_P_dime
1,2010,D,Dime,Roosevelt Dimes,,dime,,2010_D_dime
1,2010,W,Dollar,American Eagle,,american-eagle-silver,,2010_W_american-eagle-silver
1,2010,D,Kennedy Half Dollar,Kennedy Half Dollar Series,John F. Kennedy,kennedy-half-dollar,,2010_D_kennedy-half-dollar
1,2010,P,Kennedy Half Dollar,Kennedy Half Dollar Series,John F. Kennedy,kennedy-half-dollar,,2010_P_kennedy-half-dollar
1,2010,S,Penny,Lincoln Shield Cent,Lincoln Shield,lincoln-cent,,2010_S_lincoln-cent
1,2010,P,Penny,Lincoln Cent,"Abraham Lincoln, Union Shield",lincoln-cent,,2010_P_lincoln-cent
1,2010,,Penny,Lincoln Head Penny,Lincoln Head Penny,lincoln-cent,,2010_lincoln-cent
1,2011,D,Dime,Roosevelt Dimes,,dime,,2011_D_dime
1,2011,P,Dime,Roosevelt Dimes,,dime,,2011_P_dime
1,2011,,Dollar,American Eagle,,american-eagle-silver,,2011_american-eagle-silver
1,2011,,Penny,Lincoln Head Penny,Abraham Lincoln,lincoln-cent,,2011_lincoln-cent
1,2011,S,Penny,Lincoln Cent,Lincoln Head,lincoln-cent,,2011_S_lincoln-cent
1,2012,D,Dime,Roosevelt Dimes,,dime,,2012_D_dime
1,2012,P,Dime,Roosevelt Dimes,,dime,,2012_P_dime
1,2012,,Penny,Lincoln Cent Series,Abraham Lincoln,lincoln-cent,,2012_lincoln-cent
1,2012,S,Penny,Lincoln Cent Series,Abraham Lincoln,lincoln-cent,,2012_S_lincoln-cent
1,2013,D,1,Presidential Dollars,William McKinley,presidential-dollars,william-mckinley,2013_D_william-mckinley_presidential-dollars
1,2013,D,1,Presidential Dollars,Woodrow Wilson,presidential-dollars,woodrow-wilson,2013_D_woodrow-wilson_presidential-dollars
1,2013,S,1,Presidential Dollars,Woodrow Wilson,presidential-dollars,woodrow-wilson,2013_S_woodrow-wilson_presidential-dollars
1,2013,P,1,Presidential Dollars,Woodrow Wilson,presidential-dollars,woodrow-wilson,2013_P_woodrow-wilson_presidential-dollars
1,2013,S,1,Presidential Dollars,William H Taft,presidential-dollars,,2013_S_presidential-dollars
1,2013,P,1,Presidential Dollars,William H Taft,presidential-dollars,,2013_P_presidential-dollars
1,2013,D,1,Presidential Dollars,William H Taft,presidential-dollars,,2013_D_presidential-dollars
1,2013,S,1,Presidential Dollars,William McKinley,presidential-dollars,william-mckinley,2013_S_william-mckinley_presidential-dollars
1,2013,P,1,Presidential Dollars,William McKinley,presidential-dollars,william-mckinley,2013_P_william-mckinley_presidential-dollars
1,2013,S,1,Presidential Dollars,Theodore Roosevelt,presidential-dollars,theodore-roosevelt,2013_S_theodore-roosevelt_presidential-dollars
1,2013,D,1,Presidential Dollars,Theodore Roosevelt,presidential-dollars,theodore-roosevelt,2013_D_theodore-roosevelt_presidential-dollars
1,2013,P,1,Presidential Dollars,Theodore Roosevelt,presidential-dollars,theodore-roosevelt,2013_P_theodore-roosevelt_presidential-dollars
1,2013,D,Dime,Roosevelt Dimes,,dime,,2013_D_dime
1,2013,P,Dime,Roosevelt Dimes,,dime,,2013_P_dime
1,2013,W,Dollar,American Eagle Two-Coin Set,,dollar,,2013_W_dollar
1,2013,,Dollar,American Eagle,,american-eagle-silver,,2013_american-eagle-silver
1,2014,S,1,Presidential Dollars,Warren Harding,presidential-dollars,warren-harding,2014_S_warren-harding_presidential-dollars
1,2014,P,1,Presidential Dollars,Herbert Hoover,presidential-dollars,herbert-hoover,2014_P_herbert-hoover_presidential-dollars
1,2014,D,1,Presidential Dollars,"Franklin D, Roosevelt",presidential-dollars,,2014_D_presidential-dollars
1,2014,D,1,Presidential Dollars,Herbert Hoover,presidential-dollars,herbert-hoover,2014_D_herbert-hoover_presidential-dollars
1,2014,P,1,Presidential Dollars,Warren Harding,presidential-dollars,warren-harding,2014_P_warren-harding_presidential-dollars
1,2014,S,1,Presidential Dollars,Calvin Coolidge,presidential-dollars,calvin-coolidge,2014_S_calvin-coolidge_presidential-dollars
1,2014,S,1,Presidential Dollars,Franklin D. Roosevelt,presidential-dollars,,2014_S_presidential-dollars
1,2014,P,1,Presidential Dollars,Franklin D. Roosevelt,presidential-dollars,,2014_P_presidential-dollars
1,2014,D,1,Presidential Dollars,Calvin Coolidge,presidential-dollars,calvin-coolidge,2014_D_calvin-coolidge_presidential-dollars
1,2014,D,1,Presidential Dollars,Warren Harding,presidential-dollars,warren-harding,2014_D_warren-harding_presidential-dollars
1,2014,P,1,Presidential Dollars,Calvin Coolidge,presidential-dollars,calvin-coolidge,2014_P_calvin-coolidge_presidential-dollars
1,2014,S,1,Presidential Dollars,Herbert Hoover,presidential-dollars,herbert-hoover,2014_S_herbert-hoover_presidential-dollars
1,2014,P,Dime,Roosevelt Dimes,,dime,,2014_P_dime
1,2014,D,Dime,Roosevelt Dimes,,dime,,2014_D_dime
1,2014,W,Dollar,American Eagle,Burnished,american-eagle-silver,,2014_W_american-eagle-silver
1,2014,,Dollar,American Eagle,,american-eagle-silver,,2014_american-eagle-silver
1,2014,,Penny,Lincoln Head Penny,Abraham Lincoln,lincoln-cent,,2014_lincoln-cent
1,2014,S,Penny,Lincoln Head Penny,Abraham Lincoln,lincoln-cent,,2014_S_lincoln-cent
1,2015,S,1,Presidential Dollars,Lyndon Johnson,presidential-dollars,lyndon-johnson,2015_S_lyndon-johnson_presidential-dollars
1,2015,P,Dime,Roosevelt Dimes,,dime,,2015_P_dime
1,2015,D,Dime,Roosevelt Dimes,,dime,,2015_D_dime
1,2015,S,Penny,Lincoln Head Cent,Lincoln Shield,lincoln-cent,,2015_S_lincoln-cent
1,2015,D,Penny,Lincoln Shield Cent,Lincoln Shield,lincoln-cent,,2015_D_lincoln-cent
1,2016,D,Dime,Roosevelt Dimes,,dime,,2016_D_dime
1,2016,P,Dime,Roosevelt Dimes,,dime,,2016_P_dime
1,2016,D,Kennedy Half Dollar,Kennedy Half Dollar,John F. Kennedy,kennedy-half-dollar,,2016_D_kennedy-half-dollar
1,2016,P,Kennedy Half Dollar,Kennedy Half Dollar,John F. Kennedy,kennedy-half-dollar,,2016_P_kennedy-half-dollar
1,2016,D,Penny,Lincoln Shield Cent,Lincoln Shield,lincoln-cent,,2016_D_lincoln-cent
1,2016,S,Penny,Lincoln Shield Cent,Lincoln Shield,lincoln-cent,,2016_S_lincoln-cent
1,2016,,Penny,Lincoln Shield Cent,Lincoln Shield,lincoln-cent,,2016_lincoln-cent
1,2017,D,Dime,Roosevelt Dimes,,dime,,2017_D_dime
1,2017,P,Dime,Roosevelt Dimes,,dime,,2017_P_dime
1,2017,D,Kennedy Half Dollar,Kennedy Half Dollar,John F. Kennedy,kennedy-half-dollar,,2017_D_kennedy-half-dollar
1,2017,P,Kennedy Half Dollar,Kennedy Half Dollar,John F. Kennedy,kennedy-half-dollar,,2017_P_kennedy-half-dollar
1,2018,D,Dime,Roosevelt Dimes,,dime,,2018_D_dime
1,2018,P,Dime,Roosevelt Dimes,,dime,,2018_P_dime
1,2019,D,Dime,Roosevelt Dimes,,dime,,2019_D_dime
1,2019,P,Dime,Roosevelt Dimes,,dime,,2019_P_dime
1,2020,D,Dime,Roosevelt Dimes,,dime,,2020_D_dime
1,2020,P,Dime,Roosevelt Dimes,,dime,,2020_P_dime
1,2020,W,Dollar,American Eagle,,american-eagle-silver,,2020_W_american-eagle-silver
1,2020,W,Nickel,Jefferson Nickel Series,Thomas Jefferson,jefferson-nickel,,2020_W_jefferson-nickel
1,2021,W,American Silver Eagle Dollar,American Silver Eagle,Mercanti Signed Label,american-eagle-silver,,2021_W_american-eagle-silver
1,2021,D,Dime,Roosevelt Dimes,,dime,,2021_D_dime
1,2021,P,Dime,Roosevelt Dimes,,dime,,2021_P_dime
1,2021,P,Kennedy Half Dollar,Kennedy Half Dollar Series,John F. Kennedy,kennedy-half-dollar,,2021_P_kennedy-half-dollar
1,2021,D,Kennedy Half Dollar,Kennedy Half Dollar Series,John F. Kennedy,kennedy-half-dollar,,2021_D_kennedy-half-dollar
1,2021,S,Kennedy Half Dollar,Kennedy Half Dollar Series,John F. Kennedy,kennedy-half-dollar,,2021_S_kennedy-half-dollar
1,2022,D,Dime,Roosevelt Dimes,,dime,,2022_D_dime
1,2022,P,Dime,Roosevelt Dimes,,dime,,2022_P_dime
1,2022,P,Kennedy Half Dollar,Kennedy Half Dollar Series,John F. Kennedy,kennedy-half-dollar,,2022_P_kennedy-half-dollar
1,2023,D,Dime,Roosevelt Dimes,,dime,,2023_D_dime
1,2023,P,Dime,Roosevelt Dimes,,dime,,2023_P_dime
1,2023,D,Kennedy Half Dollar,,,kennedy-half-dollar,,2023_D_kennedy-half-dollar
1,2023,P,Kennedy Half Dollar,,,kennedy-half-dollar,,2023_P_kennedy-half-dollar
1,2023,,Lincoln Cent,,,lincoln-cent,,2023_lincoln-cent
1,2023,D,Lincoln Cent,,,lincoln-cent,,2023_D_lincoln-cent
1,2023,S,Lincoln Cent,,,lincoln-cent,,2023_S_lincoln-cent
1,2024,D,Kennedy Half Dollar,Kennedy Half Dollar,,kennedy-half-dollar,,2024_D_kennedy-half-dollar
1,2024,,Lincoln Cent,,,lincoln-cent,,2024_lincoln-cent
1,2024,D,Lincoln Cent,,,lincoln-cent,,2024_D_lincoln-cent
1,2024,,Morgan silver dollar,,,morgan-dollar,,2024_morgan-dollar
1,2024,S,Roosevelt Dime,,,dime,,2024_S_dime
1,2024,D,Roosevelt Dime,,,dime,,2024_D_dime
1,2071,S,Dime,Roosevelt Dimes,,dime,,2071_S_dime
