doc_key,year,mint,program,subject,side,public_url,attribution,source_tier,source_label
1776-1976_D_bicentennial_obverse,1776-1976,D,bicentennial,,obverse,https://storage.googleapis.com/numista-uploads-studio-9101802118-8c9a8/kaggle/eisenhower/eisenhower_246.png,Kaggle / Public Domain,3,Kaggle Dataset
1776-1976_D_eisenhower-dollar_obverse,1776-1976,D,eisenhower-dollar,,obverse,https://storage.googleapis.com/numista-uploads-studio-9101802118-8c9a8/kaggle/training/eisenhower_165.png,Kaggle / Public Domain,3,Kaggle Dataset
1776-1976_D_kennedy-half-dollar_obverse,1776-1976,D,kennedy-half-dollar,,obverse,https://storage.googleapis.com/numista-uploads-studio-9101802118-8c9a8/kaggle/kennedy/kennedy_20.PNG,Kaggle / Public Domain,3,Kaggle Dataset
1776-1976_S_bicentennial_obverse,1776-1976,S,bicentennial,,obverse,https://storage.googleapis.com/numista-uploads-studio-9101802118-8c9a8/kaggle/eisenhower/eisenhower_277.png,Kaggle / Public Domain,3,Kaggle Dataset
1776-1976_S_eisenhower-dollar_obverse,1776-1976,S,eisenhower-dollar,,obverse,https://storage.googleapis.com/numista-uploads-studio-9101802118-8c9a8/kaggle/training/eisenhower_15.PNG,Kaggle / Public Domain,3,Kaggle Dataset
1776-1976_S_kennedy-half-dollar_obverse,1776-1976,S,kennedy-half-dollar,,obverse,https://storage.googleapis.com/numista-uploads-studio-9101802118-8c9a8/kaggle/training/kennedy_8.png,Kaggle / Public Domain,3,Kaggle Dataset
1776-1976_bicentennial_obverse,1776-1976,,bicentennial,,obverse,https://storage.googleapis.com/numista-uploads-studio-9101802118-8c9a8/kaggle/eisenhower/eisenhower_41.png,Kaggle / Public Domain,3,Kaggle Dataset
1776-1976_eisenhower-dollar_obverse,1776-1976,,eisenhower-dollar,,obverse,https://storage.googleapis.com/numista-uploads-studio-9101802118-8c9a8/kaggle/training/eisenhower_176.png,Kaggle / Public Domain,3,Kaggle Dataset
1776-1976_kennedy-half-dollar_obverse,1776-1976,,kennedy-half-dollar,,obverse,https://storage.googleapis.com/numista-uploads-studio-9101802118-8c9a8/kaggle/us_coins/c83aacc770.jpg,Kaggle / Public Domain,3,Kaggle Dataset
1791_S_kennedy-half-dollar_obverse,1791,S,kennedy-half-dollar,,obverse,https://storage.googleapis.com/numista-reference-library/reference_library/wikimedia_uscoin/Half_dollar__United_States_/Commemorative_half_dollars_of_the_United_States/Panama_Pacific_Exposition_half_dollar/1915_P50C_No_S_Panama-Pacific_Half_Dollar__28Judd-1791-1961_2C_Pollock-2029_29_RIGHT.jpg,Wikimedia Commons / Public Domain,3,Wikimedia Commons
1792_cent_obverse,1792,,cent,,obverse,https://storage.googleapis.com/numista-reference-library/reference_library/wikimedia_uscoin/Coins__NNC_/NNC-US-1792-1C-Pattern_Silver_Center_Cent__28J-2_29_RIGHT.jpg,Wikimedia Commons / Public Domain,3,Wikimedia Commons
1792_coins__nnc__obverse,1792,,coins__nnc_,,obverse,https://storage.googleapis.com/numista-reference-library/reference_library/wikimedia_uscoin/Coins__NNC_/NNC-US-1792-10C-Pattern_Disme_Copper__28J-10_29_RIGHT.jpg,Wikimedia Commons / Public Domain,3,Wikimedia Commons
1792_dollar_obverse,1792,,dollar,,obverse,https://storage.googleapis.com/numista-reference-library/reference_library/wikimedia_uscoin/Coins__NNC_/NNC-US-1792-25C-Pattern_Quarter_Dollar__28J-12_29_RIGHT.jpg,Wikimedia Commons / Public Domain,3,Wikimedia Commons
1793_cent_obverse,1793,,cent,,obverse,https://storage.googleapis.com/numista-reference-library/reference_library/wikimedia_uscoin/Coins__NNC_/NNC-US-1793-_C2_BDC-Liberty_Cap_Half_Cent__28left_29_RIGHT.jpg,Wikimedia Commons / Public Domain,3,Wikimedia Commons
1793_flowing-hair_obverse,1793,,flowing-hair,,obverse,https://storage.googleapis.com/numista-reference-library/reference_library/wikimedia_uscoin/Coins__NNC_/NNC-US-1793-1C-Flowing_Hair_Cent__28wreath_29__28obverse_29.jpg,Wikimedia Commons / Public Domain,3,Wikimedia Commons
1793_flowing-hair_reverse,1793,,flowing-hair,,reverse,https://storage.googleapis.com/numista-reference-library/reference_library/wikimedia_uscoin/Coins__NNC_/NNC-US-1793-1C-Flowing_Hair_Cent__28wreath_29__28reverse_29.jpg,Wikimedia Commons / Public Domain,3,Wikimedia Commons
1793_half-cent_obverse,1793,,half-cent,,obverse,https://storage.googleapis.com/numista-uploads-studio-9101802118-8c9a8/kaggle/us_coins/fe1a028d45.jpg,Kaggle / Public Domain,3,Kaggle Dataset
1794_cent_obverse,1794,,cent,,obverse,https://storage.googleapis.com/numista-reference-library/reference_library/wikimedia_uscoin/Coins__NNC_/NNC-US-1794-_C2_BDC-Liberty_Cap_Half_Cent__28right_29_RIGHT.jpg,Wikimedia Commons / Public Domain,3,Wikimedia Commons
1794_flowing-hair_obverse,1794,,flowing-hair,,obverse,https://storage.googleapis.com/numista-uploads-studio-9101802118-8c9a8/kaggle/us_coins/f974a284f4.jpg,Kaggle / Public Domain,3,Kaggle Dataset
1795_aj_collection_obverse,1795,,aj_collection,,obverse,https://storage.googleapis.com/numista-reference-library/reference_library/bulk_programs/aj_collection/NNC-US-1795-G$10-Turban_Head_small_eagle.jpg,,2,Numista Reference Library
1795_american-eagle-gold_obverse,1795,,american-eagle-gold,,obverse,https://storage.googleapis.com/numista-reference-library/reference_library/bulk_programs/gold_eagles/gold-eagle-obverse-1795.jpg,,2,Numista Reference Library
1795_american-eagle-gold_reverse,1795,,american-eagle-gold,,reverse,https://storage.googleapis.com/numista-reference-library/reference_library/bulk_programs/gold_eagles/gold-eagle-reverse-1795.jpg,,2,Numista Reference Library
1795_coins__nnc__obverse,1795,,coins__nnc_,,obverse,https://storage.googleapis.com/numista-reference-library/reference_library/wikimedia_uscoin/Coins__NNC_/NNC-US-1795-G_245-Turban_Head__28small_eagle_29__28cropped_29.jpg,Wikimedia Commons / Public Domain,3,Wikimedia Commons
1795_coins__nnc__reverse,1795,,coins__nnc_,,reverse,https://storage.googleapis.com/numista-reference-library/reference_library/wikimedia_uscoin/Coins__NNC_/NNC-US-1795-G_245-Turban_Head__28small_eagle_29_reverse__28cropped_29.jpg,Wikimedia Commons / Public Domain,3,Wikimedia Commons
1795_dollar_obverse,1795,,dollar,,obverse,https://storage.googleapis.com/numista-reference-library/reference_library/wikimedia_uscoin/Dollar_coins_of_the_United_States/Draped_Bust_dollar/NNC-US-1795-_241-Draped_bust__28small_eagle_29_RIGHT.jpg,Wikimedia Commons / Public Domain,3,Wikimedia Commons
1795_flowing-hair_obverse,1795,,flowing-hair,,obverse,https://storage.googleapis.com/numista-reference-library/reference_library/wikimedia_uscoin/Dollar_coins_of_the_United_States/Flowing_Hair_dollar/NNC-US-1795-_241-Flowing_hair_RIGHT.jpg,Wikimedia Commons / Public Domain,3,Wikimedia Commons
1796_coins__nnc__obverse,1796,,coins__nnc_,,obverse,https://storage.googleapis.com/numista-reference-library/reference_library/wikimedia_uscoin/Coins__NNC_/NNC-US-1796-G_242_C2_BD-Turban_Head__28stars_29_obverse__28cropped_29.jpg,Wikimedia Commons / Public Domain,3,Wikimedia Commons
1796_coins__nnc__reverse,1796,,coins__nnc_,,reverse,https://storage.googleapis.com/numista-reference-library/reference_library/wikimedia_uscoin/Coins__NNC_/NNC-US-1796-G_242_C2_BD-Turban_Head__28no_stars_29_reverse__28cropped_29.jpg,Wikimedia Commons / Public Domain,3,Wikimedia Commons
1796_quarter_obverse,1796,,quarter,,obverse,https://storage.googleapis.com/numista-reference-library/reference_library/bulk_programs/generic_quarters/1796-draped-bust-quarter-obverse.jpg,,2,Numista Reference Library
1797_aj_collection_obverse,1797,,aj_collection,,obverse,https://storage.googleapis.com/numista-reference-library/reference_library/bulk_programs/aj_collection/NNC-US-1797-G$10-Turban_Head_heraldic_eagle.jpg,,2,Numista Reference Library
1797_coins__nnc__obverse,1797,,coins__nnc_,,obverse,https://storage.googleapis.com/numista-reference-library/reference_library/wikimedia_uscoin/Coins__NNC_/NNC-US-1797-G_245-Turban_Head__28heraldic_eagle_29_RIGHT.jpg,Wikimedia Commons / Public Domain,3,Wikimedia Commons
1798_dollar_obverse,1798,,dollar,,obverse,https://storage.googleapis.com/numista-reference-library/reference_library/wikimedia_uscoin/Dollar_coins_of_the_United_States/Draped_Bust_dollar/NNC-US-1798-_241-Draped_bust__28heraldic_eagle_29_RIGHT.jpg,Wikimedia Commons / Public Domain,3,Wikimedia Commons
1800_coins__nnc__obverse,1800,,coins__nnc_,,obverse,https://storage.googleapis.com/numista-reference-library/reference_library/wikimedia_uscoin/Coins__NNC_/NNC-US-1800-5C-Draped_Bust__28heraldic_eagle_29_RIGHT.jpg,Wikimedia Commons / Public Domain,3,Wikimedia Commons
1800_coins__nnc__reverse,1800,,coins__nnc_,,reverse,https://storage.googleapis.com/numista-reference-library/reference_library/wikimedia_uscoin/Coins__NNC_/NNC-US-1800-10C-Draped_Bust__28heraldic_eagle_29_reverse__28cropped_29.jpg,Wikimedia Commons / Public Domain,3,Wikimedia Commons
1803_cent_obverse,1803,,cent,,obverse,https://storage.googleapis.com/numista-reference-library/reference_library/wikimedia_uscoin/Coins__NNC_/NNC-US-1803-1C-Draped_Bust_Cent_RIGHT.jpg,Wikimedia Commons / Public Domain,3,Wikimedia Commons
1804_dollar_obverse,1804,,dollar,,obverse,https://storage.googleapis.com/numista-reference-library/reference_library/bulk_programs/us_mint_manual/highres_scrape/1804-Dollar-Silver-Medal-Obverse.jpg,,2,Numista Reference Library
1804_dollar_reverse,1804,,dollar,,reverse,https://storage.googleapis.com/numista-reference-library/reference_library/bulk_programs/us_mint_manual/highres_scrape/1804-Dollar-Silver-Medal-Reverse.jpg,,2,Numista Reference Library
1806_cent_obverse,1806,,cent,,obverse,https://storage.googleapis.com/numista-reference-library/reference_library/wikimedia_uscoin/Coins__NNC_/NNC-US-1806-_C2_BDC-Draped_Bust_Half_Cent_RIGHT.jpg,Wikimedia Commons / Public Domain,3,Wikimedia Commons
1807_coins__nnc__obverse,1807,,coins__nnc_,,obverse,https://storage.googleapis.com/numista-reference-library/reference_library/wikimedia_uscoin/Coins__NNC_/NNC-US-1807-G_245-Capped_Bust_RIGHT.jpg,Wikimedia Commons / Public Domain,3,Wikimedia Commons
1808_american-eagle-gold_obverse,1808,,american-eagle-gold,,obverse,https://storage.googleapis.com/numista-reference-library/reference_library/bulk_programs/gold_eagles/gold-eagle-obverse-1808.jpg,,2,Numista Reference Library
1808_american-eagle-gold_reverse,1808,,american-eagle-gold,,reverse,https://storage.googleapis.com/numista-reference-library/reference_library/bulk_programs/gold_eagles/gold-eagle-reverse-1808.jpg,,2,Numista Reference Library
1808_coins__nnc__obverse,1808,,coins__nnc_,,obverse,https://storage.googleapis.com/numista-reference-library/reference_library/wikimedia_uscoin/Coins__NNC_/NNC-US-1808-G_242_C2_BD-Capped_Bust__28left_29_obverse__28cropped_29.jpg,Wikimedia Commons / Public Domain,3,Wikimedia Commons
1808_coins__nnc__reverse,1808,,coins__nnc_,,reverse,https://storage.googleapis.com/numista-reference-library/reference_library/wikimedia_uscoin/Coins__NNC_/NNC-US-1808-G_242_C2_BD-Capped_Bust__28left_29_reverse__28cropped_29.jpg,Wikimedia Commons / Public Domain,3,Wikimedia Commons
1813_cent_obverse,1813,,cent,,obverse,https://storage.googleapis.com/numista-reference-library/reference_library/wikimedia_uscoin/Coins__NNC_/NNC-US-1813-1C-Classic_Head_Cent_RIGHT.jpg,Wikimedia Commons / Public Domain,3,Wikimedia Commons
1813_coins__nnc__obverse,1813,,coins__nnc_,,obverse,https://storage.googleapis.com/numista-reference-library/reference_library/wikimedia_uscoin/Coins__NNC_/NNC-US-1813-G_245-Capped_Head__28bold_relief_29_RIGHT.jpg,Wikimedia Commons / Public Domain,3,Wikimedia Commons
1814_dime_obverse,1814,,dime,,obverse,https://storage.googleapis.com/numista-reference-library/reference_library/wikimedia_uscoin/United_States_dimes/Usa-10-cents-1814.jpg,Wikimedia Commons / Public Domain,3,Wikimedia Commons
1817_cent_obverse,1817,,cent,,obverse,https://storage.googleapis.com/numista-reference-library/reference_library/wikimedia_uscoin/Coins__NNC_/NNC-US-1817-1C-Coronet_Cent_RIGHT.jpg,Wikimedia Commons / Public Domain,3,Wikimedia Commons
1820_capped-bust-half-dollar_obverse,1820,,capped-bust-half-dollar,,obverse,https://storage.googleapis.com/numista-uploads-studio-9101802118-8c9a8/kaggle/us_coins/eac92d0381.jpg,Kaggle / Public Domain,3,Kaggle Dataset
1820_coins__nnc__obverse,1820,,coins__nnc_,,obverse,https://storage.googleapis.com/numista-reference-library/reference_library/wikimedia_uscoin/Coins__NNC_/NNC-US-1820-10C-Capped_Bust_RIGHT.jpg,Wikimedia Commons / Public Domain,3,Wikimedia Commons
1821_coins__nnc__obverse,1821,,coins__nnc_,,obverse,https://storage.googleapis.com/numista-reference-library/reference_library/wikimedia_uscoin/Coins__NNC_/NNC-US-1821-G_242_C2_BD-Capped_Head_RIGHT.jpg,Wikimedia Commons / Public Domain,3,Wikimedia Commons
1822_coins__nnc__obverse,1822,,coins__nnc_,,obverse,https://storage.googleapis.com/numista-reference-library/reference_library/wikimedia_uscoin/Coins__NNC_/NNC-US-1822-G_245-Capped_Head__28large_diameter_29_RIGHT.jpg,Wikimedia Commons / Public Domain,3,Wikimedia Commons
1826_capped-bust-half-dollar_obverse,1826,,capped-bust-half-dollar,,obverse,https://storage.googleapis.com/numista-uploads-studio-9101802118-8c9a8/kaggle/us_coins/d954b3bb1c.jpg,Kaggle / Public Domain,3,Kaggle Dataset
1828_cent_obverse,1828,,cent,,obverse,https://storage.googleapis.com/numista-reference-library/reference_library/wikimedia_uscoin/Coins__NNC_/NNC-US-1828-_C2_BDC-Classic_Head_Half_Cent__28proof_29_RIGHT.jpg,Wikimedia Commons / Public Domain,3,Wikimedia Commons
1829_coins__nnc__obverse,1829,,coins__nnc_,,obverse,https://storage.googleapis.com/numista-reference-library/reference_library/wikimedia_uscoin/Coins__NNC_/NNC-US-1829-5C-Capped_Bust_RIGHT.jpg,Wikimedia Commons / Public Domain,3,Wikimedia Commons
1831_aj_collection_reverse,1831,,aj_collection,,reverse,https://storage.googleapis.com/numista-reference-library/reference_library/bulk_programs/aj_collection/1831-5C_clashed_reverse_die_Capped_Bust_.jpg,,2,Numista Reference Library
1831_coins__nnc__obverse,1831,,coins__nnc_,,obverse,https://storage.googleapis.com/numista-reference-library/reference_library/wikimedia_uscoin/Coins__NNC_/1831-5C__28clashed_rev_die_29__28obv_29.jpg,Wikimedia Commons / Public Domain,3,Wikimedia Commons
1831_coins__nnc__reverse,1831,,coins__nnc_,,reverse,https://storage.googleapis.com/numista-reference-library/reference_library/wikimedia_uscoin/Coins__NNC_/1831-5C__28clashed_reverse_die_29_RIGHT.jpg,Wikimedia Commons / Public Domain,3,Wikimedia Commons
1831_quarter_reverse,1831,,quarter,,reverse,https://storage.googleapis.com/numista-reference-library/reference_library/bulk_programs/historic_quarters/1831-5C_clashed_reverse_die_Capped_Bust.jpg,,2,Numista Reference Library
1834_coins__nnc__obverse,1834,,coins__nnc_,,obverse,https://storage.googleapis.com/numista-reference-library/reference_library/wikimedia_uscoin/Coins__NNC_/NNC-US-1834-G_245-Classic_Head_RIGHT.jpg,Wikimedia Commons / Public Domain,3,Wikimedia Commons
1834_coins__nnc__reverse,1834,,coins__nnc_,,reverse,https://storage.googleapis.com/numista-reference-library/reference_library/wikimedia_uscoin/Coins__NNC_/NNC-US-1834-G_242_C2_BD-Capped_Head__28reduced_29_reverse__28cropped_29.jpg,Wikimedia Commons / Public Domain,3,Wikimedia Commons
1835_coins__nnc__obverse,1835,,coins__nnc_,,obverse,https://storage.googleapis.com/numista-reference-library/reference_library/wikimedia_uscoin/Coins__NNC_/NNC-US-1835-G_242_C2_BD-Classic_Head_RIGHT.jpg,Wikimedia Commons / Public Domain,3,Wikimedia Commons
1836_dollar_obverse,1836,,dollar,,obverse,https://storage.googleapis.com/numista-reference-library/reference_library/wikimedia_uscoin/Dollar_coins_of_the_United_States/United_States_dollar_coin_patterns/Gobrecht_dollar/NNC-US-1836-1_24-Gobrecht_dollar_obverse__28plain_edge__26_name_29__28cropped_29.jpg,Wikimedia Commons / Public Domain,3,Wikimedia Commons
1836_dollar_reverse,1836,,dollar,,reverse,https://storage.googleapis.com/numista-reference-library/reference_library/wikimedia_uscoin/Dollar_coins_of_the_United_States/United_States_dollar_coin_patterns/Gobrecht_dollar/NNC-US-1836-1_24-Gobrecht_dollar_reverse__28plain_edge__26_name_29__28cropped_29.jpg,Wikimedia Commons / Public Domain,3,Wikimedia Commons
1837_coins__nnc__obverse,1837,,coins__nnc_,,obverse,https://storage.googleapis.com/numista-reference-library/reference_library/wikimedia_uscoin/Coins__NNC_/NNC-US-1837-5C-Seated_Liberty__28no_stars_29_obverse__28cropped_29.jpg,Wikimedia Commons / Public Domain,3,Wikimedia Commons
1837_coins__nnc__reverse,1837,,coins__nnc_,,reverse,https://storage.googleapis.com/numista-reference-library/reference_library/wikimedia_uscoin/Coins__NNC_/NNC-US-1837-5C-Seated_Liberty__28no_stars_29_reverse__28cropped_29.jpg,Wikimedia Commons / Public Domain,3,Wikimedia Commons
1838_O_coins__nnc__obverse,1838,O,coins__nnc_,,obverse,https://storage.googleapis.com/numista-reference-library/reference_library/wikimedia_uscoin/Coins__NNC_/NNC-US-1838-O-10C-Seated_Liberty__28no_stars_29_obverse__28cropped_29.jpg,Wikimedia Commons / Public Domain,3,Wikimedia Commons
1838_O_coins__nnc__reverse,1838,O,coins__nnc_,,reverse,https://storage.googleapis.com/numista-reference-library/reference_library/wikimedia_uscoin/Coins__NNC_/NNC-US-1838-O-10C-Seated_Liberty__28no_stars_29_reverse__28cropped_29.jpg,Wikimedia Commons / Public Domain,3,Wikimedia Commons
1838_quarter_obverse,1838,,quarter,,obverse,https://storage.googleapis.com/numista-reference-library/reference_library/bulk_programs/generic_quarters/1838-seated-liberty-quarter-obverse.jpg,,2,Numista Reference Library
1839_O_coins__nnc__obverse,1839,O,coins__nnc_,,obverse,https://storage.googleapis.com/numista-reference-library/reference_library/wikimedia_uscoin/Coins__NNC_/NNC-US-1839-O-5C-Seated_Liberty__28no_drapery_29_RIGHT.jpg,Wikimedia Commons / Public Domain,3,Wikimedia Commons
1839_aj_collection_obverse,1839,,aj_collection,,obverse,https://storage.googleapis.com/numista-reference-library/reference_library/bulk_programs/aj_collection/NNC-US-1839-G$10-Liberty_Head_old_style.jpg,,2,Numista Reference Library
1839_cent_obverse,1839,,cent,,obverse,https://storage.googleapis.com/numista-reference-library/reference_library/wikimedia_uscoin/Coins__NNC_/NNC-US-1839-1C-Matron_Head_Cent__28obverse_29.jpg,Wikimedia Commons / Public Domain,3,Wikimedia Commons
1839_coins__nnc__obverse,1839,,coins__nnc_,,obverse,https://storage.googleapis.com/numista-reference-library/reference_library/wikimedia_uscoin/Coins__NNC_/NNC-US-1839-G_2410-Liberty_Head__28old_style_29_RIGHT.jpg,Wikimedia Commons / Public Domain,3,Wikimedia Commons
1839_dollar_obverse,1839,,dollar,,obverse,https://storage.googleapis.com/numista-reference-library/reference_library/wikimedia_uscoin/Dollar_coins_of_the_United_States/United_States_dollar_coin_patterns/Gobrecht_dollar/NNC-US-1839-1_24-Gobrecht_dollar__28stars_on_edge__26_name_omitted_29_obverse__28cropped_29.jpg,Wikimedia Commons / Public Domain,3,Wikimedia Commons
1839_dollar_reverse,1839,,dollar,,reverse,https://storage.googleapis.com/numista-reference-library/reference_library/wikimedia_uscoin/Dollar_coins_of_the_United_States/United_States_dollar_coin_patterns/Gobrecht_dollar/NNC-US-1839-1_24-Gobrecht_dollar__28stars_on_edge__26_name_omitted_29_reverse__28cropped_29.jpg,Wikimedia Commons / Public Domain,3,Wikimedia Commons
1839_kennedy-half-dollar_obverse,1839,,kennedy-half-dollar,,obverse,https://storage.googleapis.com/numista-reference-library/reference_library/wikimedia_uscoin/Half_dollar__United_States_/Usa-1-2-dollar-1839.jpg,Wikimedia Commons / Public Domain,3,Wikimedia Commons
1840_coins__nnc__obverse,1840,,coins__nnc_,,obverse,https://storage.googleapis.com/numista-reference-library/reference_library/wikimedia_uscoin/Coins__NNC_/NNC-US-1840-G_245-Liberty_Head__28no_motto_29_RIGHT.jpg,Wikimedia Commons / Public Domain,3,Wikimedia Commons
1840_coins__nnc__reverse,1840,,coins__nnc_,,reverse,https://storage.googleapis.com/numista-reference-library/reference_library/wikimedia_uscoin/Coins__NNC_/NNC-US-1840-10C-Seated_Liberty__28stars_2C_no_drapery_29_reverse__28cropped_29.jpg,Wikimedia Commons / Public Domain,3,Wikimedia Commons
1841_dollar_obverse,1841,,dollar,,obverse,https://storage.googleapis.com/numista-reference-library/reference_library/wikimedia_uscoin/United_States_quarters/Seated_Liberty_quarter/Usa-1-4-dollar-1841.jpg,Wikimedia Commons / Public Domain,3,Wikimedia Commons
1844_cent_obverse,1844,,cent,,obverse,https://storage.googleapis.com/numista-reference-library/reference_library/wikimedia_uscoin/Coins__NNC_/NNC-US-1844-_C2_BDC-Braided_Hair_Half_Cent__28proof_29_RIGHT.jpg,Wikimedia Commons / Public Domain,3,Wikimedia Commons
1847_dollar_obverse,1847,,dollar,,obverse,https://storage.googleapis.com/numista-reference-library/reference_library/wikimedia_uscoin/Dollar_coins_of_the_United_States/Usa-1-dollar-1847.jpg,Wikimedia Commons / Public Domain,3,Wikimedia Commons
1848_coins__nnc__obverse,1848,,coins__nnc_,,obverse,https://storage.googleapis.com/numista-reference-library/reference_library/wikimedia_uscoin/Coins__NNC_/NNC-US-1848-G_242_C2_BD-Liberty_Head__28CAL_29__28obverse_29.jpg,Wikimedia Commons / Public Domain,3,Wikimedia Commons
1848_coins__nnc__reverse,1848,,coins__nnc_,,reverse,https://storage.googleapis.com/numista-reference-library/reference_library/wikimedia_uscoin/Coins__NNC_/NNC-US-1848-G_242_C2_BD-Liberty_Head__28CAL_29__28reverse_29.jpg,Wikimedia Commons / Public Domain,3,Wikimedia Commons
1849_coins__nnc__obverse,1849,,coins__nnc_,,obverse,https://storage.googleapis.com/numista-reference-library/reference_library/wikimedia_uscoin/Coins__NNC_/NNC-US-1849-G_2420-Liberty_Head__28Twenty_D._29_obverse__28cropped_29.jpg,Wikimedia Commons / Public Domain,3,Wikimedia Commons
1849_coins__nnc__reverse,1849,,coins__nnc_,,reverse,https://storage.googleapis.com/numista-reference-library/reference_library/wikimedia_uscoin/Coins__NNC_/NNC-US-1849-G_2420-Liberty_Head__28Twenty_D._29_reverse__28cropped_29.jpg,Wikimedia Commons / Public Domain,3,Wikimedia Commons
1849_dollar_obverse,1849,,dollar,,obverse,https://storage.googleapis.com/numista-reference-library/reference_library/wikimedia_uscoin/Dollar_coins_of_the_United_States/Gold_dollar__United_States_/NNC-US-1849-G_241-Liberty_head__28Ty1_29_RIGHT.jpg,Wikimedia Commons / Public Domain,3,Wikimedia Commons
1851_cent_obverse,1851,,cent,,obverse,https://storage.googleapis.com/numista-reference-library/reference_library/wikimedia_uscoin/Coins__NNC_/NNC-US-1851-3C-Three-Cent_2C_Silver__28TyI_29_RIGHT.jpg,Wikimedia Commons / Public Domain,3,Wikimedia Commons
1852_dime_obverse,1852,,dime,,obverse,https://storage.googleapis.com/numista-reference-library/reference_library/wikimedia_uscoin/United_States_dimes/Usa-1-dime-1852.jpg,Wikimedia Commons / Public Domain,3,Wikimedia Commons
1853_coins__nnc__obverse,1853,,coins__nnc_,,obverse,https://storage.googleapis.com/numista-reference-library/reference_library/wikimedia_uscoin/Coins__NNC_/NNC-US-1853-10C-Seated_Liberty__28stars__26_arrows_29_obverse__28cropped_29.jpg,Wikimedia Commons / Public Domain,3,Wikimedia Commons
1853_coins__nnc__reverse,1853,,coins__nnc_,,reverse,https://storage.googleapis.com/numista-reference-library/reference_library/wikimedia_uscoin/Coins__NNC_/NNC-US-1853-10C-Seated_Liberty__28stars__26_arrows_29_reverse__28cropped_29.jpg,Wikimedia Commons / Public Domain,3,Wikimedia Commons
1854_D_dollar_obverse,1854,D,dollar,,obverse,https://storage.googleapis.com/numista-reference-library/reference_library/wikimedia_uscoin/Dollar_coins_of_the_United_States/Gold_dollar__United_States_/1854-D_G_241__28Variety_6-H_29__28obv_29.jpg,Wikimedia Commons / Public Domain,3,Wikimedia Commons
1854_D_dollar_reverse,1854,D,dollar,,reverse,https://storage.googleapis.com/numista-reference-library/reference_library/wikimedia_uscoin/Dollar_coins_of_the_United_States/Gold_dollar__United_States_/1854-D_G_241__28Variety_6-H_29__28rev_29.jpg,Wikimedia Commons / Public Domain,3,Wikimedia Commons
1854_cent_obverse,1854,,cent,,obverse,https://storage.googleapis.com/numista-reference-library/reference_library/wikimedia_uscoin/Coins__NNC_/NNC-US-1854-3C-Three-Cent_2C_Silver__28TyII_29_RIGHT.jpg,Wikimedia Commons / Public Domain,3,Wikimedia Commons
1854_coins__nnc__obverse,1854,,coins__nnc_,,obverse,https://storage.googleapis.com/numista-reference-library/reference_library/wikimedia_uscoin/Coins__NNC_/NNC-US-1854-G_243-Indian_Princess_Head_obverse__28cropped_29.jpg,Wikimedia Commons / Public Domain,3,Wikimedia Commons
1854_coins__nnc__reverse,1854,,coins__nnc_,,reverse,https://storage.googleapis.com/numista-reference-library/reference_library/wikimedia_uscoin/Coins__NNC_/NNC-US-1854-G_243-Indian_Princess_Head_reverse__28cropped_29.jpg,Wikimedia Commons / Public Domain,3,Wikimedia Commons
1854_dollar_obverse,1854,,dollar,,obverse,https://storage.googleapis.com/numista-reference-library/reference_library/wikimedia_uscoin/Dollar_coins_of_the_United_States/Gold_dollar__United_States_/NNC-US-1854-G_241-Indian_head__28Ty2_29_RIGHT.jpg,Wikimedia Commons / Public Domain,3,Wikimedia Commons
1855_coins__nnc__obverse,1855,,coins__nnc_,,obverse,https://storage.googleapis.com/numista-reference-library/reference_library/wikimedia_uscoin/Coins__NNC_/NNC-US-1855-5C-Seated_Liberty__28arrows_29_obverse__28cropped_29.jpg,Wikimedia Commons / Public Domain,3,Wikimedia Commons
1855_coins__nnc__reverse,1855,,coins__nnc_,,reverse,https://storage.googleapis.com/numista-reference-library/reference_library/wikimedia_uscoin/Coins__NNC_/NNC-US-1855-5C-Seated_Liberty__28arrows_29_reverse__28cropped_29.jpg,Wikimedia Commons / Public Domain,3,Wikimedia Commons
1856_coins__nnc__obverse,1856,,coins__nnc_,,obverse,https://storage.googleapis.com/numista-reference-library/reference_library/wikimedia_uscoin/Coins__NNC_/NNC-US-1856-10C-Seated_Liberty__28stars_resumed_29_RIGHT.jpg,Wikimedia Commons / Public Domain,3,Wikimedia Commons
1856_dollar_obverse,1856,,dollar,,obverse,https://storage.googleapis.com/numista-reference-library/reference_library/wikimedia_uscoin/Dollar_coins_of_the_United_States/Gold_dollar__United_States_/NNC-US-1856-G_241-Indian_head__28Ty3_29_RIGHT.jpg,Wikimedia Commons / Public Domain,3,Wikimedia Commons
1857_cent_obverse,1857,,cent,,obverse,https://storage.googleapis.com/numista-reference-library/reference_library/wikimedia_uscoin/United_States_cents/Obverses_of_United_States_cents/1857.Eagle.Cent.obverse.jpg,Wikimedia Commons / Public Domain,3,Wikimedia Commons
1857_cent_reverse,1857,,cent,,reverse,https://storage.googleapis.com/numista-reference-library/reference_library/wikimedia_uscoin/United_States_cents/Flying_Eagle_cent/1857.Eagle.Cent.reverse.jpg,Wikimedia Commons / Public Domain,3,Wikimedia Commons
1857_flying-eagle-cent_obverse,1857,,flying-eagle-cent,,obverse,https://storage.googleapis.com/numista-uploads-studio-9101802118-8c9a8/kaggle/us_coins/99f9d25972.jpg,Kaggle / Public Domain,3,Kaggle Dataset
1858_cent_obverse,1858,,cent,,obverse,https://storage.googleapis.com/numista-reference-library/reference_library/wikimedia_uscoin/United_States_cents/Flying_Eagle_cent/NNC-US-1858-1C-Flying_Eagle_Cent__28TFA_29_RIGHT.png,Wikimedia Commons / Public Domain,3,Wikimedia Commons
1858_coins__nnc__obverse,1858,,coins__nnc_,,obverse,https://storage.googleapis.com/numista-reference-library/reference_library/wikimedia_uscoin/Coins__NNC_/NNC-US-1858-5C-Seated_Liberty__28stars_29_RIGHT.jpg,Wikimedia Commons / Public Domain,3,Wikimedia Commons
1859_O_dollar_obverse,1859,O,dollar,,obverse,https://storage.googleapis.com/numista-reference-library/reference_library/wikimedia_uscoin/Dollar_coins_of_the_United_States/Seated_Liberty_dollar/1859-O__241_RIGHT.jpg,Wikimedia Commons / Public Domain,3,Wikimedia Commons
1859_O_kennedy-half-dollar_obverse,1859,O,kennedy-half-dollar,,obverse,https://storage.googleapis.com/numista-reference-library/reference_library/wikimedia_uscoin/Half_dollar__United_States_/Seated_Liberty_half_dollar/1859-O_half_dollar_obverse.jpg,Wikimedia Commons / Public Domain,3,Wikimedia Commons
1859_O_kennedy-half-dollar_reverse,1859,O,kennedy-half-dollar,,reverse,https://storage.googleapis.com/numista-reference-library/reference_library/wikimedia_uscoin/Half_dollar__United_States_/Seated_Liberty_half_dollar/1859-O_half_dollar_reverse.jpg,Wikimedia Commons / Public Domain,3,Wikimedia Commons
1859_O_quarter_obverse,1859,O,quarter,,obverse,https://storage.googleapis.com/numista-reference-library/reference_library/bulk_programs/historic_quarters/1859-O_$1_Seated_Liberty_.jpg,,2,Numista Reference Library
1859_cent_obverse,1859,,cent,,obverse,https://storage.googleapis.com/numista-reference-library/reference_library/wikimedia_uscoin/Coins__NNC_/NNC-US-1859-3C-Three-Cent_2C_Silver__28TyIII_29_RIGHT.jpg,Wikimedia Commons / Public Domain,3,Wikimedia Commons
1860_O_dollar_obverse,1860,O,dollar,,obverse,https://storage.googleapis.com/numista-reference-library/reference_library/wikimedia_uscoin/Dollar_coins_of_the_United_States/Seated_Liberty_dollar/1860-O_Seated_Liberty_dollar_obverse.jpg,Wikimedia Commons / Public Domain,3,Wikimedia Commons
1860_O_dollar_reverse,1860,O,dollar,,reverse,https://storage.googleapis.com/numista-reference-library/reference_library/wikimedia_uscoin/Dollar_coins_of_the_United_States/Seated_Liberty_dollar/1860-O_Seated_Liberty_dollar_reverse.jpg,Wikimedia Commons / Public Domain,3,Wikimedia Commons
1860_cent_obverse,1860,,cent,,obverse,https://storage.googleapis.com/numista-reference-library/reference_library/wikimedia_uscoin/Coins__NNC_/NNC-US-1860-1C-Indian_Head_Cent__28wreath__26_shield_29_obverse__28cropped_29.jpg,Wikimedia Commons / Public Domain,3,Wikimedia Commons
1860_cent_reverse,1860,,cent,,reverse,https://storage.googleapis.com/numista-reference-library/reference_library/wikimedia_uscoin/Coins__NNC_/NNC-US-1860-1C-Indian_Head_Cent__28wreath__26_shield_29_reverse__28cropped_29.jpg,Wikimedia Commons / Public Domain,3,Wikimedia Commons
1860_coins__nnc__obverse,1860,,coins__nnc_,,obverse,https://storage.googleapis.com/numista-reference-library/reference_library/wikimedia_uscoin/Coins__NNC_/NNC-US-1860-10C-Seated_Liberty__28legend_29_obverse__28cropped_29.jpg,Wikimedia Commons / Public Domain,3,Wikimedia Commons
1860_coins__nnc__reverse,1860,,coins__nnc_,,reverse,https://storage.googleapis.com/numista-reference-library/reference_library/wikimedia_uscoin/Coins__NNC_/NNC-US-1860-10C-Seated_Liberty__28legend_29_reverse__28cropped_29.jpg,Wikimedia Commons / Public Domain,3,Wikimedia Commons
1861_D_dollar_obverse,1861,D,dollar,,obverse,https://storage.googleapis.com/numista-reference-library/reference_library/wikimedia_uscoin/Dollar_coins_of_the_United_States/Gold_dollar__United_States_/1861-D_G_241__28obv_29.jpg,Wikimedia Commons / Public Domain,3,Wikimedia Commons
1861_D_dollar_reverse,1861,D,dollar,,reverse,https://storage.googleapis.com/numista-reference-library/reference_library/wikimedia_uscoin/Dollar_coins_of_the_United_States/Gold_dollar__United_States_/1861-D_G_241__28rev_29.jpg,Wikimedia Commons / Public Domain,3,Wikimedia Commons
1865_aj_collection_obverse,1865,,aj_collection,,obverse,https://storage.googleapis.com/numista-reference-library/reference_library/bulk_programs/aj_collection/NNC-US-1865-G$10-Liberty_Head_new_style.jpg,,2,Numista Reference Library
1865_coins__nnc__obverse,1865,,coins__nnc_,,obverse,https://storage.googleapis.com/numista-reference-library/reference_library/wikimedia_uscoin/Coins__NNC_/NNC-US-1865-G_2410-Liberty_Head__28new_style_29_RIGHT.jpg,Wikimedia Commons / Public Domain,3,Wikimedia Commons
1865_dollar_obverse,1865,,dollar,,obverse,https://storage.googleapis.com/numista-reference-library/reference_library/wikimedia_uscoin/Dollar_coins_of_the_United_States/Seated_Liberty_dollar/NNC-US-1865-1_24-Seated_Liberty__28no_motto_29_RIGHT.jpg,Wikimedia Commons / Public Domain,3,Wikimedia Commons
1865_nickel_obverse,1865,,nickel,,obverse,https://storage.googleapis.com/numista-reference-library/reference_library/wikimedia_uscoin/Coins__NNC_/NNC-US-1865-3C-Three-Cent_2C_Nickel_obverse__28cropped_29.jpg,Wikimedia Commons / Public Domain,3,Wikimedia Commons
1865_nickel_reverse,1865,,nickel,,reverse,https://storage.googleapis.com/numista-reference-library/reference_library/wikimedia_uscoin/Coins__NNC_/NNC-US-1865-3C-Three-Cent_2C_Nickel_reverse__28cropped_29.jpg,Wikimedia Commons / Public Domain,3,Wikimedia Commons
1866_aj_collection_obverse,1866,,aj_collection,,obverse,https://storage.googleapis.com/numista-reference-library/reference_library/bulk_programs/aj_collection/NNC-US-1866-G$10-Liberty_Head_new_style_&_motto.jpg,,2,Numista Reference Library
1866_coins__nnc__obverse,1866,,coins__nnc_,,obverse,https://storage.googleapis.com/numista-reference-library/reference_library/wikimedia_uscoin/Coins__NNC_/NNC-US-1866-G_245-Liberty_Head__28motto_29_RIGHT.jpg,Wikimedia Commons / Public Domain,3,Wikimedia Commons
1866_coins__nnc__reverse,1866,,coins__nnc_,,reverse,https://storage.googleapis.com/numista-reference-library/reference_library/wikimedia_uscoin/Coins__NNC_/NNC-US-1866-G_2420-Liberty_Head__28motto_29_reverse__28cropped_29.jpg,Wikimedia Commons / Public Domain,3,Wikimedia Commons
1866_dollar_obverse,1866,,dollar,,obverse,https://storage.googleapis.com/numista-reference-library/reference_library/wikimedia_uscoin/Dollar_coins_of_the_United_States/Seated_Liberty_dollar/NNC-US-1866-1_24-Seated_Liberty__28no_motto_29_RIGHT.jpg,Wikimedia Commons / Public Domain,3,Wikimedia Commons
1866_nickel_obverse,1866,,nickel,,obverse,https://storage.googleapis.com/numista-reference-library/reference_library/wikimedia_uscoin/Coins__NNC_/NNC-US-1866-5C-Shield_Nickel__28rays_29_RIGHT.jpg,Wikimedia Commons / Public Domain,3,Wikimedia Commons
1873_S_kennedy-half-dollar_obverse,1873,S,kennedy-half-dollar,,obverse,https://storage.googleapis.com/numista-reference-library/reference_library/wikimedia_uscoin/Half_dollar__United_States_/Seated_Liberty_half_dollar/1873-S_50C_Arrows_RIGHT.jpg,Wikimedia Commons / Public Domain,3,Wikimedia Commons
1873_coins__nnc__obverse,1873,,coins__nnc_,,obverse,https://storage.googleapis.com/numista-reference-library/reference_library/wikimedia_uscoin/Coins__NNC_/NNC-US-1873-5C-Seated_Liberty__28legend_29_RIGHT.jpg,Wikimedia Commons / Public Domain,3,Wikimedia Commons
1873_coins__nnc__reverse,1873,,coins__nnc_,,reverse,https://storage.googleapis.com/numista-reference-library/reference_library/wikimedia_uscoin/Coins__NNC_/NNC-US-1873-25C-Seated_Liberty__28no_arrows_29_reverse__28cropped_29.jpg,Wikimedia Commons / Public Domain,3,Wikimedia Commons
1873_dollar_obverse,1873,,dollar,,obverse,https://storage.googleapis.com/numista-reference-library/reference_library/wikimedia_uscoin/Dollar_coins_of_the_United_States/Trade_dollar__United_States_/NNC-US-1873-1_24-Seated_Liberty__28Trade_dollar_29_RIGHT.jpg,Wikimedia Commons / Public Domain,3,Wikimedia Commons
1873_dollar_reverse,1873,,dollar,,reverse,https://storage.googleapis.com/numista-reference-library/reference_library/bulk_programs/dollar/1873-seated-liberty-silver-dollar-reverse.jpg,,2,Numista Reference Library
1873_kennedy-half-dollar_obverse,1873,,kennedy-half-dollar,,obverse,https://storage.googleapis.com/numista-reference-library/reference_library/wikimedia_uscoin/Half_dollar__United_States_/Seated_Liberty_half_dollar/1873-CC_50C_No_Arrows_RIGHT.jpg,Wikimedia Commons / Public Domain,3,Wikimedia Commons
1873_nickel_obverse,1873,,nickel,,obverse,https://storage.googleapis.com/numista-reference-library/reference_library/wikimedia_uscoin/Coins__NNC_/NNC-US-1873-5C-Shield_Nickel__28stars_29_RIGHT.jpg,Wikimedia Commons / Public Domain,3,Wikimedia Commons
1874_S_dollar_obverse,1874,S,dollar,,obverse,https://storage.googleapis.com/numista-reference-library/reference_library/wikimedia_uscoin/Dollar_coins_of_the_United_States/Trade_dollar__United_States_/1874-S_Trade_dollar_obverse.jpg,Wikimedia Commons / Public Domain,3,Wikimedia Commons
1874_S_dollar_reverse,1874,S,dollar,,reverse,https://storage.googleapis.com/numista-reference-library/reference_library/wikimedia_uscoin/Dollar_coins_of_the_United_States/Trade_dollar__United_States_/1874-S_Trade_dollar_reverse.jpg,Wikimedia Commons / Public Domain,3,Wikimedia Commons
1874_coins__nnc__obverse,1874,,coins__nnc_,,obverse,https://storage.googleapis.com/numista-reference-library/reference_library/wikimedia_uscoin/Coins__NNC_/NNC-US-1874-10C-Seated_Liberty__28legend__26_arrows_29_obverse__28cropped_29.jpg,Wikimedia Commons / Public Domain,3,Wikimedia Commons
1875_coins__nnc__obverse,1875,,coins__nnc_,,obverse,https://storage.googleapis.com/numista-reference-library/reference_library/wikimedia_uscoin/Coins__NNC_/NNC-US-1875-10C-Seated_Liberty__28legend_resumed_29_RIGHT.jpg,Wikimedia Commons / Public Domain,3,Wikimedia Commons
1877_coins__nnc__obverse,1877,,coins__nnc_,,obverse,https://storage.googleapis.com/numista-reference-library/reference_library/wikimedia_uscoin/Coins__NNC_/NNC-US-1877-G_2450-Half_Union_gold_pattern__28J-1548_29_RIGHT.jpg,Wikimedia Commons / Public Domain,3,Wikimedia Commons
1877_dollar_obverse,1877,,dollar,,obverse,https://storage.googleapis.com/numista-reference-library/reference_library/wikimedia_uscoin/Coins__NNC_/NNC-US-1877-G_2420-Liberty_Head__28Twenty_Dollars__26_motto_29_RIGHT.jpg,Wikimedia Commons / Public Domain,3,Wikimedia Commons
1877_dollar_reverse,1877,,dollar,,reverse,https://storage.googleapis.com/numista-reference-library/reference_library/wikimedia_uscoin/Coins__NNC_/NNC-US-1877-G_2420-Liberty_Head__28Twenty_Dollars__26_motto_29_reverse__28cropped_29.jpg,Wikimedia Commons / Public Domain,3,Wikimedia Commons
1877_quarter_obverse,1877,,quarter,,obverse,https://storage.googleapis.com/numista-reference-library/reference_library/wikimedia_uscoin/United_States_quarters/Seated_Liberty_quarter/1877-CC_Seated_Liberty_quarter.jpg,Wikimedia Commons / Public Domain,3,Wikimedia Commons
1877_quarter_reverse,1877,,quarter,,reverse,https://storage.googleapis.com/numista-reference-library/reference_library/wikimedia_uscoin/United_States_quarters/Seated_Liberty_quarter/1877-CC_Seated_Liberty_quarter_reverse.jpg,Wikimedia Commons / Public Domain,3,Wikimedia Commons
1878_morgan-dollar_obverse,1878,,morgan-dollar,,obverse,https://storage.googleapis.com/numista-reference-library/reference_library/wikimedia_uscoin/Dollar_coins_of_the_United_States/Morgan_dollar/NNC-US-1878-CC-1_24-Morgan_dollar_RIGHT.jpg,Wikimedia Commons / Public Domain,3,Wikimedia Commons
1879_coins__nnc__obverse,1879,,coins__nnc_,,obverse,https://storage.googleapis.com/numista-reference-library/reference_library/wikimedia_uscoin/Coins__NNC_/NNC-US-1879-G_2420-Quintuple_Stella_Pattern_RIGHT.jpg,Wikimedia Commons / Public Domain,3,Wikimedia Commons
1879_flowing-hair_obverse,1879,,flowing-hair,,obverse,https://storage.googleapis.com/numista-reference-library/reference_library/wikimedia_uscoin/Coins__NNC_/NNC-US-1879-G_244-Stella_Pattern__28Flowing_Hair_29_RIGHT.jpg,Wikimedia Commons / Public Domain,3,Wikimedia Commons
1879_morgan-dollar_obverse,1879,,morgan-dollar,,obverse,https://storage.googleapis.com/numista-uploads-studio-9101802118-8c9a8/kaggle/morgan/morgan_80.png,Kaggle / Public Domain,3,Kaggle Dataset
1880_coins__nnc__obverse,1880,,coins__nnc_,,obverse,https://storage.googleapis.com/numista-reference-library/reference_library/wikimedia_uscoin/Coins__NNC_/NNC-US-1880-G_244-Stella_Pattern__28Coiled_Hair_29_RIGHT.jpg,Wikimedia Commons / Public Domain,3,Wikimedia Commons
1880_morgan-dollar_obverse,1880,,morgan-dollar,,obverse,https://storage.googleapis.com/numista-uploads-studio-9101802118-8c9a8/kaggle/morgan/morgan_75.png,Kaggle / Public Domain,3,Kaggle Dataset
1881_S_morgan-dollar_obverse,1881,S,morgan-dollar,,obverse,https://storage.googleapis.com/numista-reference-library/reference_library/wikimedia_uscoin/Dollar_coins_of_the_United_States/Morgan_dollar/1881-S_PCGS_MS66_Morgan_dollar__28Coins2.calkinsc.com_29.jpg,Wikimedia Commons / Public Domain,3,Wikimedia Commons
1881_morgan-dollar_obverse,1881,,morgan-dollar,,obverse,https://storage.googleapis.com/numista-uploads-studio-9101802118-8c9a8/kaggle/morgan/morgan_96.png,Kaggle / Public Domain,3,Kaggle Dataset
1882_dollar_obverse,1882,,dollar,,obverse,https://storage.googleapis.com/numista-reference-library/reference_library/wikimedia_uscoin/Dollar_coins_of_the_United_States/Morgan_dollar/USA-1882-Coin-1-Liberty_Head_RIGHT.jpg,Wikimedia Commons / Public Domain,3,Wikimedia Commons
1882_morgan-dollar_obverse,1882,,morgan-dollar,,obverse,https://storage.googleapis.com/numista-uploads-studio-9101802118-8c9a8/kaggle/morgan/morgan_91.png,Kaggle / Public Domain,3,Kaggle Dataset
1883_dollar_obverse,1883,,dollar,,obverse,https://storage.googleapis.com/numista-reference-library/reference_library/wikimedia_uscoin/Dollar_coins_of_the_United_States/Morgan_dollar/USA-1883-one-dollar_RIGHT.jpg,Wikimedia Commons / Public Domain,3,Wikimedia Commons
1883_morgan-dollar_obverse,1883,,morgan-dollar,,obverse,https://storage.googleapis.com/numista-uploads-studio-9101802118-8c9a8/kaggle/morgan/morgan_9.png,Kaggle / Public Domain,3,Kaggle Dataset
1883_nickel_obverse,1883,,nickel,,obverse,https://storage.googleapis.com/numista-reference-library/reference_library/wikimedia_uscoin/Coins__NNC_/NNC-US-1883-5C-Liberty_Nickel__28no_cents_29_RIGHT.jpg,Wikimedia Commons / Public Domain,3,Wikimedia Commons
1884_dollar_obverse,1884,,dollar,,obverse,https://storage.googleapis.com/numista-reference-library/reference_library/wikimedia_uscoin/Dollar_coins_of_the_United_States/Morgan_dollar/USA-1884-one-dollar_RIGHT.jpg,Wikimedia Commons / Public Domain,3,Wikimedia Commons
1884_morgan-dollar_obverse,1884,,morgan-dollar,,obverse,https://storage.googleapis.com/numista-uploads-studio-9101802118-8c9a8/kaggle/morgan/morgan_89.png,Kaggle / Public Domain,3,Kaggle Dataset
1885_dollar_obverse,1885,,dollar,,obverse,https://storage.googleapis.com/numista-reference-library/reference_library/wikimedia_uscoin/Dollar_coins_of_the_United_States/Morgan_dollar/USA-1885-one-dollar_RIGHT.jpg,Wikimedia Commons / Public Domain,3,Wikimedia Commons
1885_morgan-dollar_obverse,1885,,morgan-dollar,,obverse,https://storage.googleapis.com/numista-uploads-studio-9101802118-8c9a8/kaggle/morgan/morgan_82.png,Kaggle / Public Domain,3,Kaggle Dataset
1886_dollar_obverse,1886,,dollar,,obverse,https://storage.googleapis.com/numista-reference-library/reference_library/wikimedia_uscoin/Dollar_coins_of_the_United_States/Morgan_dollar/USA-1886-one-dollar_RIGHT.jpg,Wikimedia Commons / Public Domain,3,Wikimedia Commons
1886_morgan-dollar_obverse,1886,,morgan-dollar,,obverse,https://storage.googleapis.com/numista-uploads-studio-9101802118-8c9a8/kaggle/morgan/morgan_20.png,Kaggle / Public Domain,3,Kaggle Dataset
1887_dollar_obverse,1887,,dollar,,obverse,https://storage.googleapis.com/numista-reference-library/reference_library/wikimedia_uscoin/Dollar_coins_of_the_United_States/Morgan_dollar/USA-1887-one-dollar_RIGHT.jpg,Wikimedia Commons / Public Domain,3,Wikimedia Commons
1887_morgan-dollar_obverse,1887,,morgan-dollar,,obverse,https://storage.googleapis.com/numista-uploads-studio-9101802118-8c9a8/kaggle/morgan/morgan_54.png,Kaggle / Public Domain,3,Kaggle Dataset
1887_nickel_obverse,1887,,nickel,,obverse,https://storage.googleapis.com/numista-reference-library/reference_library/wikimedia_uscoin/Coins__NNC_/NNC-US-1887-5C-Liberty_Nickel__28cents_29_RIGHT.jpg,Wikimedia Commons / Public Domain,3,Wikimedia Commons
1888_morgan-dollar_obverse,1888,,morgan-dollar,,obverse,https://storage.googleapis.com/numista-uploads-studio-9101802118-8c9a8/kaggle/misc/morgan_1888.png,Kaggle / Public Domain,3,Kaggle Dataset
1889_morgan-dollar_obverse,1889,,morgan-dollar,,obverse,https://storage.googleapis.com/numista-uploads-studio-9101802118-8c9a8/kaggle/morgan/morgan_50.png,Kaggle / Public Domain,3,Kaggle Dataset
1890_morgan-dollar_obverse,1890,,morgan-dollar,,obverse,https://storage.googleapis.com/numista-uploads-studio-9101802118-8c9a8/kaggle/morgan/morgan_53.png,Kaggle / Public Domain,3,Kaggle Dataset
1891_kennedy-half-dollar_obverse,1891,,kennedy-half-dollar,,obverse,https://storage.googleapis.com/numista-reference-library/reference_library/wikimedia_uscoin/Coins__NNC_/NNC-1891-P50C-Standing_Columbia_Half_dollar_pattern__28J-1766_29_RIGHT.jpg,Wikimedia Commons / Public Domain,3,Wikimedia Commons
1891_morgan-dollar_obverse,1891,,morgan-dollar,,obverse,https://storage.googleapis.com/numista-uploads-studio-9101802118-8c9a8/kaggle/morgan/morgan_93.png,Kaggle / Public Domain,3,Kaggle Dataset
1892_barber-quarter_obverse,1892,,barber-quarter,,obverse,https://storage.googleapis.com/numista-uploads-studio-9101802118-8c9a8/kaggle/us_coins/d64f9ec859.jpg,Kaggle / Public Domain,3,Kaggle Dataset
1892_dime_obverse,1892,,dime,,obverse,https://storage.googleapis.com/numista-reference-library/reference_library/wikimedia_uscoin/Coins__NNC_/NNC-US-1892-10C-Barber_Dime_RIGHT.jpg,Wikimedia Commons / Public Domain,3,Wikimedia Commons
1892_kennedy-half-dollar_reverse,1892,,kennedy-half-dollar,,reverse,https://storage.googleapis.com/numista-reference-library/reference_library/bulk_programs/commemoratives_all/1892-columbian-exposition-commemorative-silver-half-dollar-coin-reverse.jpg,,2,Numista Reference Library
1892_morgan-dollar_obverse,1892,,morgan-dollar,,obverse,https://storage.googleapis.com/numista-uploads-studio-9101802118-8c9a8/kaggle/morgan/morgan_211.png,Kaggle / Public Domain,3,Kaggle Dataset
1892_quarter_obverse,1892,,quarter,,obverse,https://storage.googleapis.com/numista-reference-library/reference_library/bulk_programs/generic_quarters/1892-barber-quarter-obverse.jpg,,2,Numista Reference Library
1893_S_morgan-dollar_obverse,1893,S,morgan-dollar,,obverse,https://storage.googleapis.com/numista-reference-library/reference_library/wikimedia_uscoin/Dollar_coins_of_the_United_States/1893-S_Morgan_dollar_obverse.jpg,Wikimedia Commons / Public Domain,3,Wikimedia Commons
1893_S_morgan-dollar_reverse,1893,S,morgan-dollar,,reverse,https://storage.googleapis.com/numista-reference-library/reference_library/wikimedia_uscoin/Dollar_coins_of_the_United_States/1893-S_Morgan_dollar_reverse.jpg,Wikimedia Commons / Public Domain,3,Wikimedia Commons
1893_commemorative_obverse,1893,,commemorative,,obverse,https://storage.googleapis.com/numista-reference-library/reference_library/bulk_programs/commemoratives_all/1893-queen-isabella-commemorative-silver-quarter-dollar-coin-obverse.jpg,,2,Numista Reference Library
1893_morgan-dollar_obverse,1893,,morgan-dollar,,obverse,https://storage.googleapis.com/numista-uploads-studio-9101802118-8c9a8/kaggle/morgan/morgan_79.png,Kaggle / Public Domain,3,Kaggle Dataset
1894_S_dime_obverse,1894,S,dime,,obverse,https://storage.googleapis.com/numista-reference-library/reference_library/wikimedia_uscoin/United_States_dimes/Barber_dimes/1894-S_Barber_dime_RIGHT.jpg,Wikimedia Commons / Public Domain,3,Wikimedia Commons
1894_morgan-dollar_obverse,1894,,morgan-dollar,,obverse,https://storage.googleapis.com/numista-uploads-studio-9101802118-8c9a8/kaggle/morgan/morgan_212.png,Kaggle / Public Domain,3,Kaggle Dataset
1895_morgan-dollar_obverse,1895,,morgan-dollar,,obverse,https://storage.googleapis.com/numista-uploads-studio-9101802118-8c9a8/kaggle/morgan/morgan_102.png,Kaggle / Public Domain,3,Kaggle Dataset
1896_morgan-dollar_obverse,1896,,morgan-dollar,,obverse,https://storage.googleapis.com/numista-uploads-studio-9101802118-8c9a8/kaggle/morgan/morgan_31.PNG,Kaggle / Public Domain,3,Kaggle Dataset
1898_morgan-dollar_obverse,1898,,morgan-dollar,,obverse,https://storage.googleapis.com/numista-uploads-studio-9101802118-8c9a8/kaggle/morgan/morgan_99.png,Kaggle / Public Domain,3,Kaggle Dataset
1900_morgan-dollar_obverse,1900,,morgan-dollar,,obverse,https://storage.googleapis.com/numista-uploads-studio-9101802118-8c9a8/kaggle/morgan/morgan_213.png,Kaggle / Public Domain,3,Kaggle Dataset
1901_morgan-dollar_obverse,1901,,morgan-dollar,,obverse,https://storage.googleapis.com/numista-uploads-studio-9101802118-8c9a8/kaggle/morgan/morgan_95.png,Kaggle / Public Domain,3,Kaggle Dataset
1903_morgan-dollar_obverse,1903,,morgan-dollar,,obverse,https://storage.googleapis.com/numista-uploads-studio-9101802118-8c9a8/kaggle/morgan/morgan_98.png,Kaggle / Public Domain,3,Kaggle Dataset
1904_morgan-dollar_obverse,1904,,morgan-dollar,,obverse,https://storage.googleapis.com/numista-uploads-studio-9101802118-8c9a8/kaggle/morgan/morgan_64.png,Kaggle / Public Domain,3,Kaggle Dataset
1905_barber-quarter_obverse,1905,,barber-quarter,,obverse,https://storage.googleapis.com/numista-uploads-studio-9101802118-8c9a8/kaggle/us_coins/cf7c1e37a9.jpg,Kaggle / Public Domain,3,Kaggle Dataset
1906_indian-head-cent_obverse,1906,,indian-head-cent,,obverse,https://storage.googleapis.com/numista-uploads-studio-9101802118-8c9a8/kaggle/us_coins/f5daf2d933.jpg,Kaggle / Public Domain,3,Kaggle Dataset
1907_D_kennedy-half-dollar_obverse,1907,D,kennedy-half-dollar,,obverse,https://storage.googleapis.com/numista-reference-library/reference_library/wikimedia_uscoin/Half_dollar__United_States_/Barber_half_dollar/1907-D_Barber_half_obverse.jpg,Wikimedia Commons / Public Domain,3,Wikimedia Commons
1907_D_kennedy-half-dollar_reverse,1907,D,kennedy-half-dollar,,reverse,https://storage.googleapis.com/numista-reference-library/reference_library/wikimedia_uscoin/Half_dollar__United_States_/Barber_half_dollar/1907-D_Barber_half_reverse.jpg,Wikimedia Commons / Public Domain,3,Wikimedia Commons
1907_aj_collection_obverse,1907,,aj_collection,,obverse,https://storage.googleapis.com/numista-reference-library/reference_library/bulk_programs/aj_collection/NNC-US-1907-G$10-Indian_Head_no_motto.jpg,,2,Numista Reference Library
1907_american-eagle-gold_reverse,1907,,american-eagle-gold,,reverse,https://storage.googleapis.com/numista-reference-library/reference_library/bulk_programs/gold_eagles/1907-indian-head-gold-eagle-reverse.jpg,,2,Numista Reference Library
1907_coins__nnc__obverse,1907,,coins__nnc_,,obverse,https://storage.googleapis.com/numista-reference-library/reference_library/wikimedia_uscoin/Coins__NNC_/NNC-US-1907-G_2410-Indian_Head__28no_motto_29_obverse__28cropped_29.jpg,Wikimedia Commons / Public Domain,3,Wikimedia Commons
1907_coins__nnc__reverse,1907,,coins__nnc_,,reverse,https://storage.googleapis.com/numista-reference-library/reference_library/wikimedia_uscoin/Coins__NNC_/NNC-US-1907-G_2410-Indian_Head__28no_motto_29_reverse__28cropped_29.jpg,Wikimedia Commons / Public Domain,3,Wikimedia Commons
1907_saint-gaudens_obverse,1907,,saint-gaudens,,obverse,https://storage.googleapis.com/numista-reference-library/reference_library/wikimedia_uscoin/Coins__NNC_/NNC-US-1907-G_2420-Saint_Gaudens__28Roman_2C_ultra_high_relief_2C_wire_edge_29_RIGHT.jpg,Wikimedia Commons / Public Domain,3,Wikimedia Commons
1907_saint-gaudens_reverse,1907,,saint-gaudens,,reverse,https://storage.googleapis.com/numista-reference-library/reference_library/bulk_programs/us_mint_manual/highres_scrape/1907-saint-gaudens-semiq-gold-reverse.jpg,,2,Numista Reference Library
1908_D_saint-gaudens_obverse,1908,D,saint-gaudens,,obverse,https://storage.googleapis.com/numista-reference-library/reference_library/wikimedia_uscoin/Coins__NNC_/NNC-US-1908-D-G_2420-Saint_Gaudens__28Arabic__26_motto_29_RIGHT.jpg,Wikimedia Commons / Public Domain,3,Wikimedia Commons
1908_aj_collection_obverse,1908,,aj_collection,,obverse,https://storage.googleapis.com/numista-reference-library/reference_library/bulk_programs/aj_collection/NNC-US-1908-G$10-Indian_Head_motto.jpg,,2,Numista Reference Library
1908_american-eagle-gold_reverse,1908,,american-eagle-gold,,reverse,https://storage.googleapis.com/numista-reference-library/reference_library/bulk_programs/gold_eagles/1908-indian-head-quarter-eagle-reverse.jpg,,2,Numista Reference Library
1908_coins__nnc__obverse,1908,,coins__nnc_,,obverse,https://storage.googleapis.com/numista-reference-library/reference_library/wikimedia_uscoin/Coins__NNC_/NNC-US-1908-G_245-Indian_Head_RIGHT.jpg,Wikimedia Commons / Public Domain,3,Wikimedia Commons
1908_coins__nnc__reverse,1908,,coins__nnc_,,reverse,https://storage.googleapis.com/numista-reference-library/reference_library/wikimedia_uscoin/Coins__NNC_/NNC-US-1908-G_245-Indian_Head-reverse_28cropped_29.jpg,Wikimedia Commons / Public Domain,3,Wikimedia Commons
1908_indian-head-cent_obverse,1908,,indian-head-cent,,obverse,https://storage.googleapis.com/numista-uploads-studio-9101802118-8c9a8/kaggle/us_coins/9bdbb5305f.jpg,Kaggle / Public Domain,3,Kaggle Dataset
1908_saint-gaudens_obverse,1908,,saint-gaudens,,obverse,https://storage.googleapis.com/numista-reference-library/reference_library/wikimedia_uscoin/Coins__NNC_/NNC-US-1908-G_2420-Saint_Gaudens_double_sided_die_trial_RIGHT.jpg,Wikimedia Commons / Public Domain,3,Wikimedia Commons
1909_S_cent_reverse,1909,S,cent,,reverse,https://storage.googleapis.com/numista-reference-library/reference_library/wikimedia_uscoin/United_States_cents/Reverses_of_United_States_cents/1909-S_Indian_Head_cent_reverse.jpg,Wikimedia Commons / Public Domain,3,Wikimedia Commons
1909_S_lincoln-cent_obverse,1909,S,lincoln-cent,,obverse,https://storage.googleapis.com/numista-reference-library/reference_library/wikimedia_uscoin/United_States_cents/Obverses_of_United_States_cents/1909-S_VDB_Lincoln_cent_obverse_transparent_background.png,Wikimedia Commons / Public Domain,3,Wikimedia Commons
1909_S_lincoln-cent_reverse,1909,S,lincoln-cent,,reverse,https://storage.googleapis.com/numista-reference-library/reference_library/wikimedia_uscoin/United_States_cents/Lincoln_cents/Lincoln_Wheat_cent/1909-S_VDB_Lincoln_cent_reverse.jpg,Wikimedia Commons / Public Domain,3,Wikimedia Commons
1909_lincoln-cent_obverse,1909,,lincoln-cent,,obverse,https://storage.googleapis.com/numista-reference-library/reference_library/wikimedia_uscoin/Coins__NNC_/NNC-US-1909-1C-Lincoln_Cent__28wheat_29_RIGHT.jpg,Wikimedia Commons / Public Domain,3,Wikimedia Commons
1912_D_dime_obverse,1912,D,dime,,obverse,https://storage.googleapis.com/numista-reference-library/reference_library/wikimedia_uscoin/United_States_dimes/Barber_dimes/1912-D_Barber_dime.jpg,Wikimedia Commons / Public Domain,3,Wikimedia Commons
1912_S_nickel_obverse,1912,S,nickel,,obverse,https://storage.googleapis.com/numista-reference-library/reference_library/wikimedia_uscoin/United_States_nickels/Liberty_Head_nickel/1912-S_5C__28obv_29.jpg,Wikimedia Commons / Public Domain,3,Wikimedia Commons
1912_S_nickel_reverse,1912,S,nickel,,reverse,https://storage.googleapis.com/numista-reference-library/reference_library/wikimedia_uscoin/United_States_nickels/Liberty_Head_nickel/1912-S_5C__28rev_29.jpg,Wikimedia Commons / Public Domain,3,Wikimedia Commons
1912_dollar_obverse,1912,,dollar,,obverse,https://storage.googleapis.com/numista-reference-library/reference_library/wikimedia_uscoin/United_States_quarters/Usa-1-4-dollar-1912.jpg,Wikimedia Commons / Public Domain,3,Wikimedia Commons
1912_nickel_obverse,1912,,nickel,,obverse,https://storage.googleapis.com/numista-reference-library/reference_library/wikimedia_uscoin/United_States_nickels/Usa-5-cents-1912.jpg,Wikimedia Commons / Public Domain,3,Wikimedia Commons
1913_D_kennedy-half-dollar_obverse,1913,D,kennedy-half-dollar,,obverse,https://storage.googleapis.com/numista-reference-library/reference_library/wikimedia_uscoin/Half_dollar__United_States_/Barber_half_dollar/1913-D_Barber_half_obverse.jpg,Wikimedia Commons / Public Domain,3,Wikimedia Commons
1913_D_kennedy-half-dollar_reverse,1913,D,kennedy-half-dollar,,reverse,https://storage.googleapis.com/numista-reference-library/reference_library/wikimedia_uscoin/Half_dollar__United_States_/Barber_half_dollar/1913-D_Barber_half_reverse.jpg,Wikimedia Commons / Public Domain,3,Wikimedia Commons
1913_buffalo-nickel_obverse,1913,,buffalo-nickel,,obverse,https://storage.googleapis.com/numista-reference-library/reference_library/wikimedia_uscoin/Coins__NNC_/NNC-US-1913-5C-Buffalo_Nickel__28TyII-line_29_RIGHT.jpg,Wikimedia Commons / Public Domain,3,Wikimedia Commons
1913_buffalo-nickel_reverse,1913,,buffalo-nickel,,reverse,https://storage.googleapis.com/numista-reference-library/reference_library/wikimedia_uscoin/Coins__NNC_/NNC-US-1913-5C-Buffalo_Nickel__28TyII-line_29_reverse__28cropped_29.jpg,Wikimedia Commons / Public Domain,3,Wikimedia Commons
1913_kennedy-half-dollar_obverse,1913,,kennedy-half-dollar,,obverse,https://storage.googleapis.com/numista-reference-library/reference_library/wikimedia_uscoin/Half_dollar__United_States_/Usa-1-2-dollar-1913.jpg,Wikimedia Commons / Public Domain,3,Wikimedia Commons
1913_nickel_obverse,1913,,nickel,,obverse,https://storage.googleapis.com/numista-reference-library/reference_library/wikimedia_uscoin/Coins__NNC_/NNC-US-1913-5C-Liberty_Nickel__28cents_29_RIGHT.jpg,Wikimedia Commons / Public Domain,3,Wikimedia Commons
1915_S_kennedy-half-dollar_obverse,1915,S,kennedy-half-dollar,,obverse,https://storage.googleapis.com/numista-reference-library/reference_library/wikimedia_uscoin/Half_dollar__United_States_/Commemorative_half_dollars_of_the_United_States/Panama_Pacific_Exposition_half_dollar/1915-S_50C_Panama-Pacific__28obverse_29.jpg,Wikimedia Commons / Public Domain,3,Wikimedia Commons
1915_S_kennedy-half-dollar_reverse,1915,S,kennedy-half-dollar,,reverse,https://storage.googleapis.com/numista-reference-library/reference_library/wikimedia_uscoin/Half_dollar__United_States_/Commemorative_half_dollars_of_the_United_States/Panama_Pacific_Exposition_half_dollar/1915-S_50C_Panama-Pacific__28reverse_29.jpg,Wikimedia Commons / Public Domain,3,Wikimedia Commons
1916_S_kennedy-half-dollar_obverse,1916,S,kennedy-half-dollar,,obverse,https://storage.googleapis.com/numista-reference-library/reference_library/wikimedia_uscoin/Half_dollar__United_States_/Walking_Liberty_half_dollars/1916-S_50C__28obv_29.jpg,Wikimedia Commons / Public Domain,3,Wikimedia Commons
1916_S_kennedy-half-dollar_reverse,1916,S,kennedy-half-dollar,,reverse,https://storage.googleapis.com/numista-reference-library/reference_library/wikimedia_uscoin/Half_dollar__United_States_/Walking_Liberty_half_dollars/1916-S_50C__28rev_29.jpg,Wikimedia Commons / Public Domain,3,Wikimedia Commons
1916_kennedy-half-dollar_obverse,1916,,kennedy-half-dollar,,obverse,https://storage.googleapis.com/numista-reference-library/reference_library/bulk_programs/half_dollar/1916%20Walking%20Liberty%20Half%20Dollar%20Obverse%20Philadelphia.jpg,,2,Numista Reference Library
1916_kennedy-half-dollar_reverse,1916,,kennedy-half-dollar,,reverse,https://storage.googleapis.com/numista-reference-library/reference_library/bulk_programs/half_dollar/1916%20Walking%20Liberty%20Half%20Dollar%20Reverse.jpg,,2,Numista Reference Library
1916_mercury-dime_obverse,1916,,mercury-dime,,obverse,https://storage.googleapis.com/numista-reference-library/reference_library/bulk_programs/dime/1916-Mercury-Dime-Obverse-Denver.jpg,,2,Numista Reference Library
1916_mercury-dime_reverse,1916,,mercury-dime,,reverse,https://storage.googleapis.com/numista-reference-library/reference_library/bulk_programs/dime/1916-Mercury-Dime-Reverse-Denver.jpg,,2,Numista Reference Library
1916_quarter_obverse,1916,,quarter,,obverse,https://storage.googleapis.com/numista-reference-library/reference_library/bulk_programs/generic_quarters/1916%20Standing%20Liberty%20Quarter%20Obverse%20Philadelphia.jpg,,2,Numista Reference Library
1918_S_quarter_obverse,1918,S,quarter,,obverse,https://storage.googleapis.com/numista-reference-library/reference_library/wikimedia_uscoin/United_States_quarters/Standing_Liberty_quarters/1918-7-S_Standing_Liberty_quarter_obverse.jpg,Wikimedia Commons / Public Domain,3,Wikimedia Commons
1918_S_quarter_reverse,1918,S,quarter,,reverse,https://storage.googleapis.com/numista-reference-library/reference_library/wikimedia_uscoin/United_States_quarters/Standing_Liberty_quarters/1918-7-S_Standing_Liberty_quarter_reverse.jpg,Wikimedia Commons / Public Domain,3,Wikimedia Commons
1919_S_lincoln-cent_obverse,1919,S,lincoln-cent,,obverse,https://storage.googleapis.com/numista-reference-library/reference_library/wikimedia_uscoin/United_States_cents/Obverses_of_United_States_cents/1919-S_Lincoln_cent_obverse.jpg,Wikimedia Commons / Public Domain,3,Wikimedia Commons
1919_buffalo-nickel_reverse,1919,,buffalo-nickel,,reverse,https://storage.googleapis.com/numista-reference-library/reference_library/bulk_programs/nickel/1919-buffalo-nickel-reverse-2000x2000.jpg,,2,Numista Reference Library
1921_dollar_obverse,1921,,dollar,,obverse,https://storage.googleapis.com/numista-reference-library/reference_library/wikimedia_uscoin/Dollar_coins_of_the_United_States/Usa-1-dollar-1921.jpg,Wikimedia Commons / Public Domain,3,Wikimedia Commons
1921_morgan-dollar_obverse,1921,,morgan-dollar,,obverse,https://storage.googleapis.com/numista-uploads-studio-9101802118-8c9a8/kaggle/morgan/morgan_94.png,Kaggle / Public Domain,3,Kaggle Dataset
1921_peace-dollar_obverse,1921,,peace-dollar,,obverse,https://storage.googleapis.com/numista-reference-library/reference_library/wikimedia_uscoin/Dollar_coins_of_the_United_States/Peace_dollar/NNC-US-1921-1_24-Peace_dollar_RIGHT.jpg,Wikimedia Commons / Public Domain,3,Wikimedia Commons
1924_kennedy-half-dollar_reverse,1924,,kennedy-half-dollar,,reverse,https://storage.googleapis.com/numista-reference-library/reference_library/wikimedia_uscoin/Half_dollar__United_States_/Commemorative_half_dollars_of_the_United_States/Huguenot-Walloon_half_dollar/NNC-1924-50C-Huguenot-Walloon_Tercentenary_half_dollar__28reverse_2C_uniface_die_trial_29_LEFT.jpg,Wikimedia Commons / Public Domain,3,Wikimedia Commons
1928_dollar_obverse,1928,,dollar,,obverse,https://storage.googleapis.com/numista-reference-library/reference_library/wikimedia_uscoin/Dollar_coins_of_the_United_States/Peace_dollar/USA-1928-Coin-1_RIGHT.jpg,Wikimedia Commons / Public Domain,3,Wikimedia Commons
1929_liberty-walking-half-dollar_obverse,1929,,liberty-walking-half-dollar,,obverse,https://storage.googleapis.com/numista-uploads-studio-9101802118-8c9a8/kaggle/us_coins/d5b1af919d.jpg,Kaggle / Public Domain,3,Kaggle Dataset
1932_quarter_obverse,1932,,quarter,,obverse,https://storage.googleapis.com/numista-reference-library/reference_library/bulk_programs/generic_quarters/1932-george-washington-quarter-obverse.jpg,,2,Numista Reference Library
1933_lincoln-cent_obverse,1933,,lincoln-cent,,obverse,https://storage.googleapis.com/numista-uploads-studio-9101802118-8c9a8/kaggle/us_coins/96dc60f04e.jpg,Kaggle / Public Domain,3,Kaggle Dataset
1933_saint-gaudens_obverse,1933,,saint-gaudens,,obverse,https://storage.googleapis.com/numista-reference-library/reference_library/wikimedia_uscoin/Coins__NNC_/NNC-US-1933-G_2420-Saint_Gaudens_RIGHT.jpg,Wikimedia Commons / Public Domain,3,Wikimedia Commons
1934_D_kennedy-half-dollar_obverse,1934,D,kennedy-half-dollar,,obverse,https://storage.googleapis.com/numista-reference-library/reference_library/wikimedia_uscoin/Half_dollar__United_States_/Commemorative_half_dollars_of_the_United_States/Oregon_Trail_Memorial_half_dollar/1934-D_Oregon_Trail_obverse.jpg,Wikimedia Commons / Public Domain,3,Wikimedia Commons
1937_D_buffalo-nickel_obverse,1937,D,buffalo-nickel,,obverse,https://storage.googleapis.com/numista-uploads-studio-9101802118-8c9a8/kaggle/us_coins/af3961efff.jpg,Kaggle / Public Domain,3,Kaggle Dataset
1937_buffalo-nickel_obverse,1937,,buffalo-nickel,,obverse,https://storage.googleapis.com/numista-uploads-studio-9101802118-8c9a8/kaggle/us_coins/c179985e9b.jpg,Kaggle / Public Domain,3,Kaggle Dataset
1937_cent_obverse,1937,,cent,,obverse,https://storage.googleapis.com/numista-reference-library/reference_library/wikimedia_uscoin/United_States_cents/Obverses_of_United_States_cents/Both_sides_of_United_States_cents/1937-Wheat-Penny-Front-Back_RIGHT.jpg,Wikimedia Commons / Public Domain,3,Wikimedia Commons
1938_jefferson-nickel_obverse,1938,,jefferson-nickel,,obverse,https://storage.googleapis.com/numista-reference-library/reference_library/wikimedia_uscoin/Coins__NNC_/NNC-US-1938-5C-Jefferson_Nickel_RIGHT.jpg,Wikimedia Commons / Public Domain,3,Wikimedia Commons
1939_D_kennedy-half-dollar_obverse,1939,D,kennedy-half-dollar,,obverse,https://storage.googleapis.com/numista-reference-library/reference_library/wikimedia_uscoin/Half_dollar__United_States_/Commemorative_half_dollars_of_the_United_States/Oregon_Trail_Memorial_half_dollar/1939-D_50C_Oregon__28obv_29.jpg,Wikimedia Commons / Public Domain,3,Wikimedia Commons
1939_D_kennedy-half-dollar_reverse,1939,D,kennedy-half-dollar,,reverse,https://storage.googleapis.com/numista-reference-library/reference_library/wikimedia_uscoin/Half_dollar__United_States_/Commemorative_half_dollars_of_the_United_States/Oregon_Trail_Memorial_half_dollar/1939-D_50C_Oregon__28rev_29.jpg,Wikimedia Commons / Public Domain,3,Wikimedia Commons
1940_S_walking-liberty_obverse,1940,S,walking-liberty,,obverse,https://storage.googleapis.com/numista-reference-library/reference_library/wikimedia_uscoin/Half_dollar__United_States_/Walking_Liberty_half_dollars/1940-S_Walking_Liberty_half_dollar_weakly_struck_obverse.jpg,Wikimedia Commons / Public Domain,3,Wikimedia Commons
1940_mercury-dime_obverse,1940,,mercury-dime,,obverse,https://storage.googleapis.com/numista-uploads-studio-9101802118-8c9a8/kaggle/us_coins/b85417809b.jpg,Kaggle / Public Domain,3,Kaggle Dataset
1941_dollar_obverse,1941,,dollar,,obverse,https://storage.googleapis.com/numista-reference-library/reference_library/wikimedia_uscoin/Coins__NNC_/Usa-1-4-dollar-1941.jpg,Wikimedia Commons / Public Domain,3,Wikimedia Commons
1942_mercury-dime_obverse,1942,,mercury-dime,,obverse,https://storage.googleapis.com/numista-reference-library/reference_library/wikimedia_uscoin/United_States_dimes/Mercury_dimes/1942-Mercury-Dime-Obverse.jpg,Wikimedia Commons / Public Domain,3,Wikimedia Commons
1942_mercury-dime_reverse,1942,,mercury-dime,,reverse,https://storage.googleapis.com/numista-reference-library/reference_library/wikimedia_uscoin/United_States_dimes/Mercury_dimes/1942-Mercury-Dime-Reverse.jpg,Wikimedia Commons / Public Domain,3,Wikimedia Commons
1942_nickel_reverse,1942,,nickel,,reverse,https://storage.googleapis.com/numista-reference-library/reference_library/bulk_programs/nickel/1942-philadelphia-nickel-reverse.jpg,,2,Numista Reference Library
1943_cent_obverse,1943,,cent,,obverse,https://storage.googleapis.com/numista-reference-library/reference_library/bulk_programs/penny/1943-steel-penny-obverse.jpg,,2,Numista Reference Library
1943_cent_reverse,1943,,cent,,reverse,https://storage.googleapis.com/numista-reference-library/reference_library/bulk_programs/penny/1943-penny-reverse.jpg,,2,Numista Reference Library
1943_lincoln-cent_obverse,1943,,lincoln-cent,,obverse,https://storage.googleapis.com/numista-reference-library/reference_library/wikimedia_uscoin/Coins__NNC_/NNC-US-1943-1C-Lincoln_Cent__28wheat_2C_zinc-coated_steel_29_RIGHT.jpg,Wikimedia Commons / Public Domain,3,Wikimedia Commons
1944_D_cent_obverse,1944,D,cent,,obverse,https://storage.googleapis.com/numista-reference-library/reference_library/wikimedia_uscoin/United_States_cents/Obverses_of_United_States_cents/1944-D_steel_cent.jpg,Wikimedia Commons / Public Domain,3,Wikimedia Commons
1945_P_nickel_reverse,1945,P,nickel,,reverse,https://storage.googleapis.com/numista-reference-library/reference_library/wikimedia_uscoin/United_States_nickels/Jefferson_nickel/Wartime_Jefferson_nickel/1945-P-Jefferson-War-Nickel-Reverse.JPG,Wikimedia Commons / Public Domain,3,Wikimedia Commons
1945_liberty-walking-half-dollar_obverse,1945,,liberty-walking-half-dollar,,obverse,https://storage.googleapis.com/numista-uploads-studio-9101802118-8c9a8/kaggle/us_coins/c275dac81d.jpg,Kaggle / Public Domain,3,Kaggle Dataset
1946_dime_obverse,1946,,dime,,obverse,https://storage.googleapis.com/numista-reference-library/reference_library/wikimedia_uscoin/United_States_dimes/Usa-1-dime-1946.jpg,Wikimedia Commons / Public Domain,3,Wikimedia Commons
1946_kennedy-half-dollar_obverse,1946,,kennedy-half-dollar,,obverse,https://storage.googleapis.com/numista-reference-library/reference_library/bulk_programs/commemoratives_all/1946-booker-t-washington-commemorative-silver-half-dollar-coin-obverse.jpg,,2,Numista Reference Library
1946_kennedy-half-dollar_reverse,1946,,kennedy-half-dollar,,reverse,https://storage.googleapis.com/numista-reference-library/reference_library/bulk_programs/commemoratives_all/1946-iowa-statehood-centennial-commemorative-silver-half-dollar-coin-reverse.jpg,,2,Numista Reference Library
1947_nickel_obverse,1947,,nickel,,obverse,https://storage.googleapis.com/numista-reference-library/reference_library/wikimedia_uscoin/United_States_nickels/Usa-5-cents-1947.jpg,Wikimedia Commons / Public Domain,3,Wikimedia Commons
1948_franklin-half-dollar_obverse,1948,,franklin-half-dollar,,obverse,https://storage.googleapis.com/numista-uploads-studio-9101802118-8c9a8/kaggle/franklin/franklin_68.png,Kaggle / Public Domain,3,Kaggle Dataset
1949_franklin-half-dollar_obverse,1949,,franklin-half-dollar,,obverse,https://storage.googleapis.com/numista-uploads-studio-9101802118-8c9a8/kaggle/franklin/franklin_32.png,Kaggle / Public Domain,3,Kaggle Dataset
1950_D_kennedy-half-dollar_obverse,1950,D,kennedy-half-dollar,,obverse,https://storage.googleapis.com/numista-reference-library/reference_library/wikimedia_uscoin/Half_dollar__United_States_/Franklin_half_dollar/1950-D_50C__28Full_Bell_Lines_29__28obv_29.jpg,Wikimedia Commons / Public Domain,3,Wikimedia Commons
1950_D_kennedy-half-dollar_reverse,1950,D,kennedy-half-dollar,,reverse,https://storage.googleapis.com/numista-reference-library/reference_library/wikimedia_uscoin/Half_dollar__United_States_/Franklin_half_dollar/1950-D_50C__28Full_Bell_Lines_29__28rev_29.jpg,Wikimedia Commons / Public Domain,3,Wikimedia Commons
1950_franklin-half-dollar_obverse,1950,,franklin-half-dollar,,obverse,https://storage.googleapis.com/numista-uploads-studio-9101802118-8c9a8/kaggle/franklin/franklin_66.png,Kaggle / Public Domain,3,Kaggle Dataset
1951_franklin-half-dollar_obverse,1951,,franklin-half-dollar,,obverse,https://storage.googleapis.com/numista-uploads-studio-9101802118-8c9a8/kaggle/franklin/franklin_53.png,Kaggle / Public Domain,3,Kaggle Dataset
1952_W_kennedy-half-dollar_obverse,1952,W,kennedy-half-dollar,,obverse,https://storage.googleapis.com/numista-reference-library/reference_library/bulk_programs/commemoratives_all/1952-george-w-carver-booker-t-washington-commemorative-silver-half-dollar-coin-obverse.jpg,,2,Numista Reference Library
1952_franklin-half-dollar_obverse,1952,,franklin-half-dollar,,obverse,https://storage.googleapis.com/numista-uploads-studio-9101802118-8c9a8/kaggle/franklin/franklin_64.png,Kaggle / Public Domain,3,Kaggle Dataset
1953_franklin-half-dollar_obverse,1953,,franklin-half-dollar,,obverse,https://storage.googleapis.com/numista-uploads-studio-9101802118-8c9a8/kaggle/franklin/franklin_57.png,Kaggle / Public Domain,3,Kaggle Dataset
1954_cent_obverse,1954,,cent,,obverse,https://storage.googleapis.com/numista-reference-library/reference_library/wikimedia_uscoin/United_States_cents/Usa-1-cent-1954.jpg,Wikimedia Commons / Public Domain,3,Wikimedia Commons
1954_franklin-half-dollar_obverse,1954,,franklin-half-dollar,,obverse,https://storage.googleapis.com/numista-uploads-studio-9101802118-8c9a8/kaggle/franklin/franklin_65.png,Kaggle / Public Domain,3,Kaggle Dataset
1955_franklin-half-dollar_obverse,1955,,franklin-half-dollar,,obverse,https://storage.googleapis.com/numista-uploads-studio-9101802118-8c9a8/kaggle/franklin/franklin_61.png,Kaggle / Public Domain,3,Kaggle Dataset
1956_franklin-half-dollar_obverse,1956,,franklin-half-dollar,,obverse,https://storage.googleapis.com/numista-uploads-studio-9101802118-8c9a8/kaggle/franklin/franklin_49.png,Kaggle / Public Domain,3,Kaggle Dataset
1957_franklin-half-dollar_obverse,1957,,franklin-half-dollar,,obverse,https://storage.googleapis.com/numista-uploads-studio-9101802118-8c9a8/kaggle/franklin/franklin_40.png,Kaggle / Public Domain,3,Kaggle Dataset
1957_lincoln-cent_obverse,1957,,lincoln-cent,,obverse,https://storage.googleapis.com/numista-uploads-studio-9101802118-8c9a8/kaggle/misc/franklin_1957.png,Kaggle / Public Domain,3,Kaggle Dataset
1958_franklin-half-dollar_obverse,1958,,franklin-half-dollar,,obverse,https://storage.googleapis.com/numista-uploads-studio-9101802118-8c9a8/kaggle/franklin/franklin_52.png,Kaggle / Public Domain,3,Kaggle Dataset
1959_franklin-half-dollar_obverse,1959,,franklin-half-dollar,,obverse,https://storage.googleapis.com/numista-uploads-studio-9101802118-8c9a8/kaggle/franklin/franklin_56.png,Kaggle / Public Domain,3,Kaggle Dataset
1960_franklin-half-dollar_obverse,1960,,franklin-half-dollar,,obverse,https://storage.googleapis.com/numista-uploads-studio-9101802118-8c9a8/kaggle/franklin/franklin_206.png,Kaggle / Public Domain,3,Kaggle Dataset
1961_dollar_obverse,1961,,dollar,,obverse,https://storage.googleapis.com/numista-reference-library/reference_library/wikimedia_uscoin/United_States_quarters/Usa-1-4-dollar-1961.jpg,Wikimedia Commons / Public Domain,3,Wikimedia Commons
1961_franklin-half-dollar_obverse,1961,,franklin-half-dollar,,obverse,https://storage.googleapis.com/numista-uploads-studio-9101802118-8c9a8/kaggle/franklin/franklin_47.png,Kaggle / Public Domain,3,Kaggle Dataset
1962_P_lincoln-cent_obverse,1962,,lincoln-cent,,obverse,https://storage.googleapis.com/numista-reference-library/reference_library/wikimedia_uscoin/Coins__NNC_/NNC-US-1909-1C-Lincoln_Cent__28wheat_29_LEFT.jpg,National Numismatic Collection / Wikimedia Commons,1,Numista Reference Library
1962_P_lincoln-cent_reverse,1962,,lincoln-cent,,reverse,https://storage.googleapis.com/numista-reference-library/reference_library/bulk_programs/penny/2008-lincoln-one-cent-reverse-2000x2000.jpg,National Numismatic Collection / Wikimedia Commons,1,Numista Reference Library
1962_cent_obverse,1962,,lincoln-cent,,obverse,https://storage.googleapis.com/numista-reference-library/reference_library/wikimedia_uscoin/Coins__NNC_/NNC-US-1909-1C-Lincoln_Cent__28wheat_29_LEFT.jpg,National Numismatic Collection / Wikimedia Commons,1,Numista Reference Library
1962_cent_reverse,1962,,lincoln-cent,,reverse,https://storage.googleapis.com/numista-reference-library/reference_library/bulk_programs/penny/2008-lincoln-one-cent-reverse-2000x2000.jpg,National Numismatic Collection / Wikimedia Commons,1,Numista Reference Library
1962_franklin-half-dollar_obverse,1962,,franklin-half-dollar,,obverse,https://storage.googleapis.com/numista-uploads-studio-9101802118-8c9a8/kaggle/franklin/franklin_62.png,Kaggle / Public Domain,3,Kaggle Dataset
1962_lincoln-cent_obverse,1962,,lincoln-cent,,obverse,https://storage.googleapis.com/numista-reference-library/reference_library/wikimedia_uscoin/Coins__NNC_/NNC-US-1909-1C-Lincoln_Cent__28wheat_29_LEFT.jpg,National Numismatic Collection / Wikimedia Commons,1,Numista Reference Library
1962_lincoln-cent_reverse,1962,,lincoln-cent,,reverse,https://storage.googleapis.com/numista-reference-library/reference_library/bulk_programs/penny/2008-lincoln-one-cent-reverse-2000x2000.jpg,National Numismatic Collection / Wikimedia Commons,1,Numista Reference Library
1963_franklin-half-dollar_obverse,1963,,franklin-half-dollar,,obverse,https://storage.googleapis.com/numista-uploads-studio-9101802118-8c9a8/kaggle/franklin/franklin_233.png,Kaggle / Public Domain,3,Kaggle Dataset
1963_kennedy-half-dollar_obverse,1963,,kennedy-half-dollar,,obverse,https://storage.googleapis.com/numista-reference-library/reference_library/wikimedia_uscoin/Half_dollar__United_States_/Usa-1-2-dollar-1963.jpg,Wikimedia Commons / Public Domain,3,Wikimedia Commons
1963_kennedy-half-dollar_reverse,1963,,kennedy-half-dollar,,reverse,https://storage.googleapis.com/numista-reference-library/reference_library/bulk_programs/half_dollar/franklin-half-dollar-reverse-1963.jpg,,2,Numista Reference Library
1964_dime_obverse,1964,,dime,,obverse,https://storage.googleapis.com/numista-reference-library/reference_library/wikimedia_uscoin/United_States_dimes/Usa-1-dime-1964.jpg,Wikimedia Commons / Public Domain,3,Wikimedia Commons
1964_kennedy-half-dollar_obverse,1964,,kennedy-half-dollar,,obverse,https://storage.googleapis.com/numista-uploads-studio-9101802118-8c9a8/kaggle/kennedy/kennedy_9.png,Kaggle / Public Domain,3,Kaggle Dataset
1964_morgan-dollar_obverse,1964,,morgan-dollar,,obverse,https://storage.googleapis.com/numista-uploads-studio-9101802118-8c9a8/kaggle/morgan/morgan_49.png,Kaggle / Public Domain,3,Kaggle Dataset
1965_kennedy-half-dollar_obverse,1965,,kennedy-half-dollar,,obverse,https://storage.googleapis.com/numista-uploads-studio-9101802118-8c9a8/kaggle/kennedy/kennedy_65.png,Kaggle / Public Domain,3,Kaggle Dataset
1966_kennedy-half-dollar_obverse,1966,,kennedy-half-dollar,,obverse,https://storage.googleapis.com/numista-uploads-studio-9101802118-8c9a8/kaggle/misc/kennedy_1966.PNG,Kaggle / Public Domain,3,Kaggle Dataset
1967_kennedy-half-dollar_obverse,1967,,kennedy-half-dollar,,obverse,https://storage.googleapis.com/numista-uploads-studio-9101802118-8c9a8/kaggle/kennedy/kennedy_70.png,Kaggle / Public Domain,3,Kaggle Dataset
1968_D_kennedy-half-dollar_obverse,1968,D,kennedy-half-dollar,,obverse,https://storage.googleapis.com/numista-uploads-studio-9101802118-8c9a8/kaggle/kennedy/kennedy_72.png,Kaggle / Public Domain,3,Kaggle Dataset
1968_kennedy-half-dollar_obverse,1968,,kennedy-half-dollar,,obverse,https://storage.googleapis.com/numista-uploads-studio-9101802118-8c9a8/kaggle/kennedy/kennedy_179.png,Kaggle / Public Domain,3,Kaggle Dataset
1969_D_kennedy-half-dollar_obverse,1969,D,kennedy-half-dollar,,obverse,https://storage.googleapis.com/numista-uploads-studio-9101802118-8c9a8/kaggle/kennedy/kennedy_74.png,Kaggle / Public Domain,3,Kaggle Dataset
1969_S_kennedy-half-dollar_obverse,1969,S,kennedy-half-dollar,,obverse,https://storage.googleapis.com/numista-uploads-studio-9101802118-8c9a8/kaggle/kennedy/kennedy_75.png,Kaggle / Public Domain,3,Kaggle Dataset
1969_kennedy-half-dollar_obverse,1969,,kennedy-half-dollar,,obverse,https://storage.googleapis.com/numista-uploads-studio-9101802118-8c9a8/kaggle/kennedy/kennedy_52.png,Kaggle / Public Domain,3,Kaggle Dataset
1970_D_kennedy-half-dollar_obverse,1970,D,kennedy-half-dollar,,obverse,https://storage.googleapis.com/numista-uploads-studio-9101802118-8c9a8/kaggle/kennedy/kennedy_7.png,Kaggle / Public Domain,3,Kaggle Dataset
1970_S_kennedy-half-dollar_obverse,1970,S,kennedy-half-dollar,,obverse,https://storage.googleapis.com/numista-uploads-studio-9101802118-8c9a8/kaggle/kennedy/kennedy_76.png,Kaggle / Public Domain,3,Kaggle Dataset
1971_D_dollar_obverse,1971,D,dollar,,obverse,https://storage.googleapis.com/numista-uploads-studio-9101802118-8c9a8/kaggle/eisenhower/eisenhower_137.png,Kaggle / Public Domain,3,Kaggle Dataset
1971_D_eisenhower-dollar_obverse,1971,D,eisenhower-dollar,,obverse,https://storage.googleapis.com/numista-uploads-studio-9101802118-8c9a8/kaggle/training/eisenhower_108.PNG,Kaggle / Public Domain,3,Kaggle Dataset
1971_D_kennedy-half-dollar_obverse,1971,D,kennedy-half-dollar,,obverse,https://storage.googleapis.com/numista-uploads-studio-9101802118-8c9a8/kaggle/kennedy/kennedy_77.png,Kaggle / Public Domain,3,Kaggle Dataset
1971_S_dollar_obverse,1971,S,dollar,,obverse,https://storage.googleapis.com/numista-uploads-studio-9101802118-8c9a8/kaggle/eisenhower/eisenhower_275.png,Kaggle / Public Domain,3,Kaggle Dataset
1971_S_eisenhower-dollar_obverse,1971,S,eisenhower-dollar,,obverse,https://storage.googleapis.com/numista-uploads-studio-9101802118-8c9a8/kaggle/training/eisenhower_180.png,Kaggle / Public Domain,3,Kaggle Dataset
1971_dollar_obverse,1971,,dollar,,obverse,https://storage.googleapis.com/numista-uploads-studio-9101802118-8c9a8/kaggle/eisenhower/eisenhower_27.PNG,Kaggle / Public Domain,3,Kaggle Dataset
1971_eisenhower-dollar_obverse,1971,,eisenhower-dollar,,obverse,https://storage.googleapis.com/numista-uploads-studio-9101802118-8c9a8/kaggle/training/eisenhower_179.png,Kaggle / Public Domain,3,Kaggle Dataset
1971_kennedy-half-dollar_obverse,1971,,kennedy-half-dollar,,obverse,https://storage.googleapis.com/numista-uploads-studio-9101802118-8c9a8/kaggle/kennedy/kennedy_78.png,Kaggle / Public Domain,3,Kaggle Dataset
1972_D_dollar_obverse,1972,D,dollar,,obverse,https://storage.googleapis.com/numista-uploads-studio-9101802118-8c9a8/kaggle/eisenhower/eisenhower_258.png,Kaggle / Public Domain,3,Kaggle Dataset
1972_D_eisenhower-dollar_obverse,1972,D,eisenhower-dollar,,obverse,https://storage.googleapis.com/numista-uploads-studio-9101802118-8c9a8/kaggle/training/eisenhower_13.PNG,Kaggle / Public Domain,3,Kaggle Dataset
1972_D_kennedy-half-dollar_obverse,1972,D,kennedy-half-dollar,,obverse,https://storage.googleapis.com/numista-uploads-studio-9101802118-8c9a8/kaggle/kennedy/kennedy_80.png,Kaggle / Public Domain,3,Kaggle Dataset
1972_S_dollar_obverse,1972,S,dollar,,obverse,https://storage.googleapis.com/numista-uploads-studio-9101802118-8c9a8/kaggle/eisenhower/eisenhower_271.png,Kaggle / Public Domain,3,Kaggle Dataset
1972_S_eisenhower-dollar_obverse,1972,S,eisenhower-dollar,,obverse,https://storage.googleapis.com/numista-uploads-studio-9101802118-8c9a8/kaggle/training/eisenhower_135.png,Kaggle / Public Domain,3,Kaggle Dataset
1972_dollar_obverse,1972,,dollar,,obverse,https://storage.googleapis.com/numista-uploads-studio-9101802118-8c9a8/kaggle/eisenhower/eisenhower_276.png,Kaggle / Public Domain,3,Kaggle Dataset
1972_eisenhower-dollar_obverse,1972,,eisenhower-dollar,,obverse,https://storage.googleapis.com/numista-uploads-studio-9101802118-8c9a8/kaggle/training/eisenhower_171.png,Kaggle / Public Domain,3,Kaggle Dataset
1972_kennedy-half-dollar_obverse,1972,,kennedy-half-dollar,,obverse,https://storage.googleapis.com/numista-uploads-studio-9101802118-8c9a8/kaggle/kennedy/kennedy_46.png,Kaggle / Public Domain,3,Kaggle Dataset
1973_D_dollar_obverse,1973,D,dollar,,obverse,https://storage.googleapis.com/numista-uploads-studio-9101802118-8c9a8/kaggle/eisenhower/eisenhower_38.png,Kaggle / Public Domain,3,Kaggle Dataset
1973_D_eisenhower-dollar_obverse,1973,D,eisenhower-dollar,,obverse,https://storage.googleapis.com/numista-uploads-studio-9101802118-8c9a8/kaggle/training/eisenhower_10.png,Kaggle / Public Domain,3,Kaggle Dataset
1973_S_dollar_obverse,1973,S,dollar,,obverse,https://storage.googleapis.com/numista-uploads-studio-9101802118-8c9a8/kaggle/eisenhower/eisenhower_4.PNG,Kaggle / Public Domain,3,Kaggle Dataset
1973_S_eisenhower-dollar_obverse,1973,S,eisenhower-dollar,,obverse,https://storage.googleapis.com/numista-uploads-studio-9101802118-8c9a8/kaggle/training/eisenhower_177.png,Kaggle / Public Domain,3,Kaggle Dataset
1973_dollar_obverse,1973,,dollar,,obverse,https://storage.googleapis.com/numista-uploads-studio-9101802118-8c9a8/kaggle/eisenhower/eisenhower_28.PNG,Kaggle / Public Domain,3,Kaggle Dataset
1973_eisenhower-dollar_obverse,1973,,eisenhower-dollar,,obverse,https://storage.googleapis.com/numista-uploads-studio-9101802118-8c9a8/kaggle/training/eisenhower_156.png,Kaggle / Public Domain,3,Kaggle Dataset
1974_D_dollar_obverse,1974,D,dollar,,obverse,https://storage.googleapis.com/numista-uploads-studio-9101802118-8c9a8/kaggle/eisenhower/eisenhower_29.PNG,Kaggle / Public Domain,3,Kaggle Dataset
1974_D_eisenhower-dollar_obverse,1974,D,eisenhower-dollar,,obverse,https://storage.googleapis.com/numista-uploads-studio-9101802118-8c9a8/kaggle/training/eisenhower_147.png,Kaggle / Public Domain,3,Kaggle Dataset
1974_D_kennedy-half-dollar_obverse,1974,D,kennedy-half-dollar,,obverse,https://storage.googleapis.com/numista-uploads-studio-9101802118-8c9a8/kaggle/kennedy/kennedy_81.png,Kaggle / Public Domain,3,Kaggle Dataset
1974_S_dollar_obverse,1974,S,dollar,,obverse,https://storage.googleapis.com/numista-uploads-studio-9101802118-8c9a8/kaggle/eisenhower/eisenhower_249.png,Kaggle / Public Domain,3,Kaggle Dataset
1974_S_eisenhower-dollar_obverse,1974,S,eisenhower-dollar,,obverse,https://storage.googleapis.com/numista-uploads-studio-9101802118-8c9a8/kaggle/training/eisenhower_148.png,Kaggle / Public Domain,3,Kaggle Dataset
1974_bicentennial_obverse,1974,,bicentennial,,obverse,https://storage.googleapis.com/numista-reference-library/reference_library/bulk_programs/bicentennial/1974-Gerald-Ford-Mary-Brooks-First-Strike.jpg,,2,Numista Reference Library
1974_dollar_obverse,1974,,dollar,,obverse,https://storage.googleapis.com/numista-uploads-studio-9101802118-8c9a8/kaggle/eisenhower/eisenhower_241.png,Kaggle / Public Domain,3,Kaggle Dataset
1974_eisenhower-dollar_obverse,1974,,eisenhower-dollar,,obverse,https://storage.googleapis.com/numista-uploads-studio-9101802118-8c9a8/kaggle/training/eisenhower_161.png,Kaggle / Public Domain,3,Kaggle Dataset
1975_bicentennial_obverse,1975,,bicentennial,,obverse,https://storage.googleapis.com/numista-reference-library/reference_library/bulk_programs/bicentennial_coins/1975-1976%20bicentennial%20quarter%20obverse.jpg,,2,Numista Reference Library
1975_kennedy-half-dollar_obverse,1975,,kennedy-half-dollar,,obverse,https://storage.googleapis.com/numista-reference-library/reference_library/bulk_programs/half_dollar/1975-1975%20kennedy%20half%20dollar%20obverse.jpg,,2,Numista Reference Library
1976_D_bicentennial_obverse,1976,D,bicentennial,,obverse,https://storage.googleapis.com/numista-uploads-studio-9101802118-8c9a8/kaggle/eisenhower/eisenhower_274.png,Kaggle / Public Domain,3,Kaggle Dataset
1976_D_eisenhower-dollar_obverse,1976,D,eisenhower-dollar,,obverse,https://storage.googleapis.com/numista-uploads-studio-9101802118-8c9a8/kaggle/testing/eisenhower_274.png,Kaggle / Public Domain,3,Kaggle Dataset
1976_D_kennedy-half-dollar_obverse,1976,D,kennedy-half-dollar,,obverse,https://storage.googleapis.com/numista-uploads-studio-9101802118-8c9a8/kaggle/training/kennedy_20.PNG,Kaggle / Public Domain,3,Kaggle Dataset
1976_S_bicentennial_obverse,1976,S,bicentennial,,obverse,https://storage.googleapis.com/numista-uploads-studio-9101802118-8c9a8/kaggle/eisenhower/eisenhower_40.png,Kaggle / Public Domain,3,Kaggle Dataset
1976_S_eisenhower-dollar_obverse,1976,S,eisenhower-dollar,,obverse,https://storage.googleapis.com/numista-uploads-studio-9101802118-8c9a8/kaggle/training/eisenhower_160.png,Kaggle / Public Domain,3,Kaggle Dataset
1976_S_kennedy-half-dollar_obverse,1976,S,kennedy-half-dollar,,obverse,https://storage.googleapis.com/numista-reference-library/reference_library/wikimedia_uscoin/Half_dollar__United_States_/Kennedy_half_dollar/1976-S_50C_Clad_Deep_Cameo__28obv_29.jpg,Wikimedia Commons / Public Domain,3,Wikimedia Commons
1976_S_kennedy-half-dollar_reverse,1976,S,kennedy-half-dollar,,reverse,https://storage.googleapis.com/numista-reference-library/reference_library/wikimedia_uscoin/Half_dollar__United_States_/Kennedy_half_dollar/1976-S_50C_Clad_Deep_Cameo__28rev_29.jpg,Wikimedia Commons / Public Domain,3,Wikimedia Commons
1976_bicentennial_obverse,1976,,bicentennial,,obverse,https://storage.googleapis.com/numista-reference-library/reference_library/bulk_programs/bicentennial/1976-william-washington-medal-obverse2000x2000.jpg,,2,Numista Reference Library
1976_bicentennial_reverse,1976,,bicentennial,,reverse,https://storage.googleapis.com/numista-reference-library/reference_library/bulk_programs/generic_quarters/1976-bicentennial-quarter-reverse.jpg,,2,Numista Reference Library
1976_dollar_obverse,1976,,dollar,,obverse,https://storage.googleapis.com/numista-reference-library/reference_library/bulk_programs/dollar/1976-eisenhower-dollar-obverse.jpg,,2,Numista Reference Library
1976_eisenhower-dollar_obverse,1976,,eisenhower-dollar,,obverse,https://storage.googleapis.com/numista-uploads-studio-9101802118-8c9a8/kaggle/testing/eisenhower_263.png,Kaggle / Public Domain,3,Kaggle Dataset
1976_kennedy-half-dollar_reverse,1976,,kennedy-half-dollar,,reverse,https://storage.googleapis.com/numista-reference-library/reference_library/bulk_programs/half_dollar/1976-bicentennial-half-dollar-reverse.jpg,,2,Numista Reference Library
1976_morgan-dollar_obverse,1976,,morgan-dollar,,obverse,https://storage.googleapis.com/numista-reference-library/reference_library/bulk_programs/bicentennial/1976-daniel-morgan-medal-obverse2000x2000.jpg,,2,Numista Reference Library
1976_morgan-dollar_reverse,1976,,morgan-dollar,,reverse,https://storage.googleapis.com/numista-reference-library/reference_library/bulk_programs/bicentennial/1976-daniel-morgan-medal-reverse2000x2000.jpg,,2,Numista Reference Library
1977_D_dollar_obverse,1977,D,dollar,,obverse,https://storage.googleapis.com/numista-uploads-studio-9101802118-8c9a8/kaggle/eisenhower/eisenhower_35.PNG,Kaggle / Public Domain,3,Kaggle Dataset
1977_D_eisenhower-dollar_obverse,1977,D,eisenhower-dollar,,obverse,https://storage.googleapis.com/numista-uploads-studio-9101802118-8c9a8/kaggle/training/eisenhower_18.PNG,Kaggle / Public Domain,3,Kaggle Dataset
1977_S_dollar_obverse,1977,S,dollar,,obverse,https://storage.googleapis.com/numista-uploads-studio-9101802118-8c9a8/kaggle/eisenhower/eisenhower_273.png,Kaggle / Public Domain,3,Kaggle Dataset
1977_S_eisenhower-dollar_obverse,1977,S,eisenhower-dollar,,obverse,https://storage.googleapis.com/numista-uploads-studio-9101802118-8c9a8/kaggle/training/eisenhower_163.png,Kaggle / Public Domain,3,Kaggle Dataset
1977_dollar_obverse,1977,,dollar,,obverse,https://storage.googleapis.com/numista-uploads-studio-9101802118-8c9a8/kaggle/eisenhower/eisenhower_31.PNG,Kaggle / Public Domain,3,Kaggle Dataset
1977_eisenhower-dollar_obverse,1977,,eisenhower-dollar,,obverse,https://storage.googleapis.com/numista-uploads-studio-9101802118-8c9a8/kaggle/training/eisenhower_16.PNG,Kaggle / Public Domain,3,Kaggle Dataset
1977_kennedy-half-dollar_obverse,1977,,kennedy-half-dollar,,obverse,https://storage.googleapis.com/numista-uploads-studio-9101802118-8c9a8/kaggle/kennedy/kennedy_83.png,Kaggle / Public Domain,3,Kaggle Dataset
1978_D_dollar_obverse,1978,D,dollar,,obverse,https://storage.googleapis.com/numista-uploads-studio-9101802118-8c9a8/kaggle/eisenhower/eisenhower_261.png,Kaggle / Public Domain,3,Kaggle Dataset
1978_D_eisenhower-dollar_obverse,1978,D,eisenhower-dollar,,obverse,https://storage.googleapis.com/numista-uploads-studio-9101802118-8c9a8/kaggle/training/eisenhower_174.png,Kaggle / Public Domain,3,Kaggle Dataset
1978_S_dollar_obverse,1978,S,dollar,,obverse,https://storage.googleapis.com/numista-uploads-studio-9101802118-8c9a8/kaggle/eisenhower/eisenhower_244.png,Kaggle / Public Domain,3,Kaggle Dataset
1978_S_eisenhower-dollar_obverse,1978,S,eisenhower-dollar,,obverse,https://storage.googleapis.com/numista-uploads-studio-9101802118-8c9a8/kaggle/training/eisenhower_173.png,Kaggle / Public Domain,3,Kaggle Dataset
1978_dollar_obverse,1978,,dollar,,obverse,https://storage.googleapis.com/numista-uploads-studio-9101802118-8c9a8/kaggle/eisenhower/eisenhower_34.PNG,Kaggle / Public Domain,3,Kaggle Dataset
1978_eisenhower-dollar_obverse,1978,,eisenhower-dollar,,obverse,https://storage.googleapis.com/numista-uploads-studio-9101802118-8c9a8/kaggle/training/eisenhower_181.png,Kaggle / Public Domain,3,Kaggle Dataset
1979_D_dollar_obverse,1979,D,dollar,,obverse,https://storage.googleapis.com/numista-uploads-studio-9101802118-8c9a8/kaggle/misc/my_susan_1979.png,Kaggle / Public Domain,3,Kaggle Dataset
1979_P_dollar_obverse,1979,P,dollar,,obverse,https://storage.googleapis.com/numista-uploads-studio-9101802118-8c9a8/kaggle/susan_anthony/susan_34.png,Kaggle / Public Domain,3,Kaggle Dataset
1979_S_dollar_obverse,1979,S,dollar,,obverse,https://storage.googleapis.com/numista-uploads-studio-9101802118-8c9a8/kaggle/susan_anthony/susan_37.png,Kaggle / Public Domain,3,Kaggle Dataset
1979_dollar_obverse,1979,,dollar,,obverse,https://storage.googleapis.com/numista-uploads-studio-9101802118-8c9a8/kaggle/misc/susan_1979.png,Kaggle / Public Domain,3,Kaggle Dataset
1980_50-fils_obverse,1980,,world-coin,Kuwait 50 Fils,obverse,https://upload.wikimedia.org/wikipedia/commons/thumb/d/d4/Kuwait_50_fils_1980_obverse.jpg/600px-Kuwait_50_fils_1980_obverse.jpg,Central Bank of Kuwait / Wikimedia Commons,1,Numista Reference Library
1980_50-fils_reverse,1980,,world-coin,Kuwait 50 Fils,reverse,https://upload.wikimedia.org/wikipedia/commons/thumb/e/e0/Kuwait_50_fils_1980_reverse.jpg/600px-Kuwait_50_fils_1980_reverse.jpg,Central Bank of Kuwait / Wikimedia Commons,1,Numista Reference Library
1980_50_fils_obverse,1980,,world-coin,Kuwait 50 Fils,obverse,https://upload.wikimedia.org/wikipedia/commons/thumb/d/d4/Kuwait_50_fils_1980_obverse.jpg/600px-Kuwait_50_fils_1980_obverse.jpg,Central Bank of Kuwait / Wikimedia Commons,1,Numista Reference Library
1980_50_fils_reverse,1980,,world-coin,Kuwait 50 Fils,reverse,https://upload.wikimedia.org/wikipedia/commons/thumb/e/e0/Kuwait_50_fils_1980_reverse.jpg/600px-Kuwait_50_fils_1980_reverse.jpg,Central Bank of Kuwait / Wikimedia Commons,1,Numista Reference Library
1980_D_dollar_obverse,1980,D,dollar,,obverse,https://storage.googleapis.com/numista-uploads-studio-9101802118-8c9a8/kaggle/susan_anthony/susan_127.png,Kaggle / Public Domain,3,Kaggle Dataset
1980_P_dollar_obverse,1980,P,dollar,,obverse,https://storage.googleapis.com/numista-uploads-studio-9101802118-8c9a8/kaggle/susan_anthony/susan_32.png,Kaggle / Public Domain,3,Kaggle Dataset
1980_S_dollar_obverse,1980,S,dollar,,obverse,https://storage.googleapis.com/numista-uploads-studio-9101802118-8c9a8/kaggle/misc/my_susan_1980.png,Kaggle / Public Domain,3,Kaggle Dataset
1980_dollar_obverse,1980,,dollar,,obverse,https://storage.googleapis.com/numista-uploads-studio-9101802118-8c9a8/kaggle/susan_anthony/susan_28.png,Kaggle / Public Domain,3,Kaggle Dataset
1980_kuwait_obverse,1980,,world-coin,Kuwait 50 Fils,obverse,https://upload.wikimedia.org/wikipedia/commons/thumb/d/d4/Kuwait_50_fils_1980_obverse.jpg/600px-Kuwait_50_fils_1980_obverse.jpg,Central Bank of Kuwait / Wikimedia Commons,1,Numista Reference Library
1980_kuwait_reverse,1980,,world-coin,Kuwait 50 Fils,reverse,https://upload.wikimedia.org/wikipedia/commons/thumb/e/e0/Kuwait_50_fils_1980_reverse.jpg/600px-Kuwait_50_fils_1980_reverse.jpg,Central Bank of Kuwait / Wikimedia Commons,1,Numista Reference Library
1981_D_dollar_obverse,1981,D,dollar,,obverse,https://storage.googleapis.com/numista-uploads-studio-9101802118-8c9a8/kaggle/susan_anthony/susan_11.png,Kaggle / Public Domain,3,Kaggle Dataset
1981_P_dollar_obverse,1981,P,dollar,,obverse,https://storage.googleapis.com/numista-uploads-studio-9101802118-8c9a8/kaggle/susan_anthony/susan_112.PNG,Kaggle / Public Domain,3,Kaggle Dataset
1981_S_dollar_obverse,1981,S,dollar,,obverse,https://storage.googleapis.com/numista-reference-library/reference_library/wikimedia_uscoin/Dollar_coins_of_the_United_States/Susan_B._Anthony_dollar/1981-S_SBA_obverse.jpg,Wikimedia Commons / Public Domain,3,Wikimedia Commons
1981_S_dollar_reverse,1981,S,dollar,,reverse,https://storage.googleapis.com/numista-reference-library/reference_library/wikimedia_uscoin/Dollar_coins_of_the_United_States/Susan_B._Anthony_dollar/1981-S_SBA_24_Type_Two_Deep_Cameo_reverse__28cropped_29.jpg,Wikimedia Commons / Public Domain,3,Wikimedia Commons
1981_dollar_obverse,1981,,dollar,,obverse,https://storage.googleapis.com/numista-uploads-studio-9101802118-8c9a8/kaggle/susan_anthony/susan_75.png,Kaggle / Public Domain,3,Kaggle Dataset
1982_kennedy-half-dollar_obverse,1982,,kennedy-half-dollar,,obverse,https://storage.googleapis.com/numista-reference-library/reference_library/bulk_programs/commemoratives_all/1982-george-washington-commemorative-clad-half-dollar-obverse-2000x2000.jpg,,2,Numista Reference Library
1982_kennedy-half-dollar_reverse,1982,,kennedy-half-dollar,,reverse,https://storage.googleapis.com/numista-reference-library/reference_library/bulk_programs/commemoratives_all/1982-george-washington-commemorative-clad-half-dollar-reverse-2000x2000.jpg,,2,Numista Reference Library
1983_P_kennedy-half-dollar_obverse,1983,P,kennedy-half-dollar,,obverse,https://storage.googleapis.com/numista-uploads-studio-9101802118-8c9a8/kaggle/kennedy/kennedy_21.PNG,Kaggle / Public Domain,3,Kaggle Dataset
1983_kennedy-half-dollar_obverse,1983,,kennedy-half-dollar,,obverse,https://storage.googleapis.com/numista-uploads-studio-9101802118-8c9a8/kaggle/kennedy/kennedy_129.png,Kaggle / Public Domain,3,Kaggle Dataset
1983_olympic_commemorative_obverse,1983,,commemorative,olympic,obverse,https://storage.googleapis.com/numista-reference-library/reference_library/bulk_programs/commemoratives_all/1983-olympics-Los-Angeles-dollar-discus-throw-commemorative-silver-dollar-proof-obverse.jpg,,2,Numista Reference Library
1983_olympic_commemorative_reverse,1983,,commemorative,olympic,reverse,https://storage.googleapis.com/numista-reference-library/reference_library/bulk_programs/commemoratives_all/1983-olympics-Los-Angeles-dollar-discus-throw-commemorative-silver-dollar-proof-reverse.jpg,,2,Numista Reference Library
1984_D_kennedy-half-dollar_obverse,1984,D,kennedy-half-dollar,,obverse,https://storage.googleapis.com/numista-uploads-studio-9101802118-8c9a8/kaggle/training/kennedy_85.png,Kaggle / Public Domain,3,Kaggle Dataset
1984_P_jefferson-nickel_obverse,1984,P,jefferson-nickel,,obverse,https://storage.googleapis.com/numista-uploads-studio-9101802118-8c9a8/kaggle/us_coins/f1c404f257.jpg,Kaggle / Public Domain,3,Kaggle Dataset
1984_S_kennedy-half-dollar_obverse,1984,S,kennedy-half-dollar,,obverse,https://storage.googleapis.com/numista-uploads-studio-9101802118-8c9a8/kaggle/kennedy/kennedy_86.png,Kaggle / Public Domain,3,Kaggle Dataset
1984_kennedy-half-dollar_obverse,1984,,kennedy-half-dollar,,obverse,https://storage.googleapis.com/numista-uploads-studio-9101802118-8c9a8/kaggle/kennedy/kennedy_85.png,Kaggle / Public Domain,3,Kaggle Dataset
1984_olympic_commemorative_obverse,1984,,commemorative,olympic,obverse,https://storage.googleapis.com/numista-reference-library/reference_library/bulk_programs/commemoratives_all/1984-olympics-los-angeles-runners-commemorative-gold-ten-dollar-proof-obverse.jpg,,2,Numista Reference Library
1984_olympic_commemorative_reverse,1984,,commemorative,olympic,reverse,https://storage.googleapis.com/numista-reference-library/reference_library/bulk_programs/commemoratives_all/1984-olympics-los-angeles-runners-commemorative-gold-ten-dollar-proof-reverse.jpg,,2,Numista Reference Library
1986_W_american-eagle-gold_obverse,1986,W,american-eagle-gold,,obverse,https://storage.googleapis.com/numista-uploads-studio-9101802118-8c9a8/kaggle/us_coins/d45c4208e6.jpg,Kaggle / Public Domain,3,Kaggle Dataset
1986_commemorative_obverse,1986,,commemorative,,obverse,https://storage.googleapis.com/numista-reference-library/reference_library/bulk_programs/commemoratives_all/1986-statue-of-liberty-silver-dollar-proof-obverse.jpg,,2,Numista Reference Library
1986_commemorative_reverse,1986,,commemorative,,reverse,https://storage.googleapis.com/numista-reference-library/reference_library/bulk_programs/commemoratives_all/1986-statue-of-liberty-silver-dollar-proof-reverse.jpg,,2,Numista Reference Library
1986_kennedy-half-dollar_obverse,1986,,kennedy-half-dollar,,obverse,https://storage.googleapis.com/numista-reference-library/reference_library/bulk_programs/commemoratives_all/1986-statue-of-liberty-commemorative-clad-half-dollar-obverse-2000x2000.jpg,,2,Numista Reference Library
1986_kennedy-half-dollar_reverse,1986,,kennedy-half-dollar,,reverse,https://storage.googleapis.com/numista-reference-library/reference_library/wikimedia_uscoin/Half_dollar__United_States_/Commemorative_half_dollars_of_the_United_States/Statue_of_Liberty_half_dollar/1986-US-Liberty-Half-Rev.jpg,Wikimedia Commons / Public Domain,3,Wikimedia Commons
1987_D_kennedy-half-dollar_obverse,1987,D,kennedy-half-dollar,,obverse,https://storage.googleapis.com/numista-uploads-studio-9101802118-8c9a8/kaggle/kennedy/kennedy_87.png,Kaggle / Public Domain,3,Kaggle Dataset
1987_S_commemorative_obverse,1987,S,commemorative,,obverse,https://storage.googleapis.com/numista-reference-library/reference_library/wikimedia_uscoin/Dollar_coins_of_the_United_States/1987-S_Proof_Constitution_Commemorative_Silver_Dollar__241_RIGHT.jpg,Wikimedia Commons / Public Domain,3,Wikimedia Commons
1987_S_kennedy-half-dollar_obverse,1987,S,kennedy-half-dollar,,obverse,https://storage.googleapis.com/numista-uploads-studio-9101802118-8c9a8/kaggle/kennedy/kennedy_89.png,Kaggle / Public Domain,3,Kaggle Dataset
1987_bicentennial_obverse,1987,,bicentennial,,obverse,https://storage.googleapis.com/numista-reference-library/reference_library/bulk_programs/commemoratives_all/1987-constitution-bicentennial-silver-dollar-proof-obverse.jpg,,2,Numista Reference Library
1987_bicentennial_reverse,1987,,bicentennial,,reverse,https://storage.googleapis.com/numista-reference-library/reference_library/bulk_programs/commemoratives_all/1987-constitution-bicentennial-silver-dollar-proof-reverse.jpg,,2,Numista Reference Library
1988_olympic_commemorative_obverse,1988,,commemorative,olympic,obverse,https://storage.googleapis.com/numista-reference-library/reference_library/bulk_programs/commemoratives_all/1988-olympics-seoul-korea-gold-fivedollar-uncirculated-obverse.jpg,,2,Numista Reference Library
1988_olympic_commemorative_reverse,1988,,commemorative,olympic,reverse,https://storage.googleapis.com/numista-reference-library/reference_library/bulk_programs/commemoratives_all/1988-olympics-seoul-korea-gold-fivedollar-uncirculated-reverse.jpg,,2,Numista Reference Library
1989_bicentennial_obverse,1989,,bicentennial,,obverse,https://storage.googleapis.com/numista-reference-library/reference_library/bulk_programs/commemoratives_all/1989-congress-bicentennial-gold-obverse-2000x2000.jpg,,2,Numista Reference Library
1989_bicentennial_reverse,1989,,bicentennial,,reverse,https://storage.googleapis.com/numista-reference-library/reference_library/bulk_programs/commemoratives_all/1989-congress-bicentennial-gold-reverse-2000x2000.jpg,,2,Numista Reference Library
1989_kennedy-half-dollar_obverse,1989,,kennedy-half-dollar,,obverse,https://storage.googleapis.com/numista-reference-library/reference_library/bulk_programs/commemoratives_all/1989-congress-bicentennial-commemorative-clad-half-dollar-obverse-2000x2000.jpg,,2,Numista Reference Library
1989_kennedy-half-dollar_reverse,1989,,kennedy-half-dollar,,reverse,https://storage.googleapis.com/numista-reference-library/reference_library/bulk_programs/commemoratives_all/1989-congress-bicentennial-commemorative-clad-half-dollar-reverse-2000x2000.jpg,,2,Numista Reference Library
1990_S_quarter_obverse,1990,S,quarter,,obverse,https://storage.googleapis.com/numista-uploads-studio-9101802118-8c9a8/kaggle/us_coins/f4aba8a6bd.jpg,Kaggle / Public Domain,3,Kaggle Dataset
1990_cent_obverse,1990,,cent,,obverse,https://storage.googleapis.com/numista-reference-library/reference_library/wikimedia_uscoin/United_States_cents/Obverses_of_United_States_cents/1990-issue_US_Penny_obverse_trans.png,Wikimedia Commons / Public Domain,3,Wikimedia Commons
1990_eisenhower_commemorative_obverse,1990,,commemorative,eisenhower,obverse,https://storage.googleapis.com/numista-reference-library/reference_library/bulk_programs/commemoratives_all/1990-eisenhower-obverse-2000x2000.jpg,,2,Numista Reference Library
1990_eisenhower_commemorative_reverse,1990,,commemorative,eisenhower,reverse,https://storage.googleapis.com/numista-reference-library/reference_library/bulk_programs/commemoratives_all/1990-eisenhower-reverse-2000x2000.jpg,,2,Numista Reference Library
1991_D_quarter_obverse,1991,D,quarter,,obverse,https://storage.googleapis.com/numista-uploads-studio-9101802118-8c9a8/kaggle/us_coins/e5b36a6193.jpg,Kaggle / Public Domain,3,Kaggle Dataset
1991_commemorative_obverse,1991,,commemorative,,obverse,https://storage.googleapis.com/numista-reference-library/reference_library/bulk_programs/commemoratives_all/1991-wwii-gold-obverse-2000x2000.jpg,,2,Numista Reference Library
1991_commemorative_reverse,1991,,commemorative,,reverse,https://storage.googleapis.com/numista-reference-library/reference_library/bulk_programs/commemoratives_all/1991-wwii-gold-reverse-2000x2000.jpg,,2,Numista Reference Library
1991_dollar_obverse,1991,,dollar,,obverse,https://storage.googleapis.com/numista-reference-library/reference_library/wikimedia_uscoin/Dollar_coins_of_the_United_States/Commemorative_United_States_dollar_coins/Commemorative_silver_dollars_of_the_United_States/World_War_II_50th_Anniversary_silver_dollar/1991-1995_WWII_dollar_obverse.jpg,Wikimedia Commons / Public Domain,3,Wikimedia Commons
1991_dollar_reverse,1991,,dollar,,reverse,https://storage.googleapis.com/numista-reference-library/reference_library/wikimedia_uscoin/Dollar_coins_of_the_United_States/Commemorative_United_States_dollar_coins/Commemorative_silver_dollars_of_the_United_States/World_War_II_50th_Anniversary_silver_dollar/1991-1995_WWII_dollar_reverse.jpg,Wikimedia Commons / Public Domain,3,Wikimedia Commons
1991_kennedy-half-dollar_obverse,1991,,kennedy-half-dollar,,obverse,https://storage.googleapis.com/numista-reference-library/reference_library/wikimedia_uscoin/Half_dollar__United_States_/Commemorative_half_dollars_of_the_United_States/World_War_II_50th_Anniversary_half_dollar/1991-1995_World_War_II_Half_Dollar_Obverse_and_Reverse_RIGHT.jpg,Wikimedia Commons / Public Domain,3,Wikimedia Commons
1991_kennedy-half-dollar_reverse,1991,,kennedy-half-dollar,,reverse,https://storage.googleapis.com/numista-reference-library/reference_library/wikimedia_uscoin/Half_dollar__United_States_/Commemorative_half_dollars_of_the_United_States/Mount_Rushmore_Anniversary_half_dollar/1991-US-Rushmore-Half-Rev.jpg,Wikimedia Commons / Public Domain,3,Wikimedia Commons
1992_S_kennedy-half-dollar_obverse,1992,S,kennedy-half-dollar,,obverse,https://storage.googleapis.com/numista-uploads-studio-9101802118-8c9a8/kaggle/kennedy/kennedy_27.png,Kaggle / Public Domain,3,Kaggle Dataset
1992_commemorative_obverse,1992,,commemorative,,obverse,https://storage.googleapis.com/numista-reference-library/reference_library/bulk_programs/commemoratives_all/1992-christopher-columbus-commemorative-silver-proof-obverse-2000x2000.jpg,,2,Numista Reference Library
1992_commemorative_reverse,1992,,commemorative,,reverse,https://storage.googleapis.com/numista-reference-library/reference_library/bulk_programs/commemoratives_all/1992-christopher-columbus-commemorative-silver-proof-reverse-2000x2000.jpg,,2,Numista Reference Library
1992_kennedy-half-dollar_obverse,1992,,kennedy-half-dollar,,obverse,https://storage.googleapis.com/numista-reference-library/reference_library/bulk_programs/commemoratives_all/1992-olympics-france-and-spain-commemorative-clad-half-dollar-proof-obverse-768x768.jpg,,2,Numista Reference Library
1992_kennedy-half-dollar_reverse,1992,,kennedy-half-dollar,,reverse,https://storage.googleapis.com/numista-reference-library/reference_library/bulk_programs/commemoratives_all/1992-olympics-france-and-spain-commemorative-clad-half-dollar-proof-reverse-768x768.jpg,,2,Numista Reference Library
1992_olympic_commemorative_obverse,1992,,commemorative,olympic,obverse,https://storage.googleapis.com/numista-reference-library/reference_library/bulk_programs/commemoratives_all/1992-olympics-france-and-spain-commemorative-silver-one-dollar-proof-obverse.jpg,,2,Numista Reference Library
1992_olympic_commemorative_reverse,1992,,commemorative,olympic,reverse,https://storage.googleapis.com/numista-reference-library/reference_library/bulk_programs/commemoratives_all/1992-olympics-france-and-spain-commemorative-silver-one-dollar-proof-reverse.jpg,,2,Numista Reference Library
1993_P_kennedy-half-dollar_obverse,1993,P,kennedy-half-dollar,,obverse,https://storage.googleapis.com/numista-uploads-studio-9101802118-8c9a8/kaggle/kennedy/kennedy_90.png,Kaggle / Public Domain,3,Kaggle Dataset
1993_S_kennedy-half-dollar_obverse,1993,S,kennedy-half-dollar,,obverse,https://storage.googleapis.com/numista-uploads-studio-9101802118-8c9a8/kaggle/kennedy/kennedy_91.png,Kaggle / Public Domain,3,Kaggle Dataset
1993_commemorative_obverse,1993,,commemorative,,obverse,https://storage.googleapis.com/numista-reference-library/reference_library/bulk_programs/commemoratives_all/1993-world-war-ii-silver-dollar-obverse-2000x2000.jpg,,2,Numista Reference Library
1993_commemorative_reverse,1993,,commemorative,,reverse,https://storage.googleapis.com/numista-reference-library/reference_library/bulk_programs/commemoratives_all/1993-world-war-ii-silver-dollar-reverse-2000x2000.jpg,,2,Numista Reference Library
1993_jefferson_commemorative_obverse,1993,,commemorative,jefferson,obverse,https://storage.googleapis.com/numista-reference-library/reference_library/bulk_programs/commemoratives_all/1993-thomas-jefferson-two-hundred-fiftieth-anniversary-silver-dollar-obverse.jpg,,2,Numista Reference Library
1993_jefferson_commemorative_reverse,1993,,commemorative,jefferson,reverse,https://storage.googleapis.com/numista-reference-library/reference_library/bulk_programs/commemoratives_all/1993-thomas-jefferson-two-hundred-fiftieth-anniversary-silver-dollar-reverse.jpg,,2,Numista Reference Library
1993_kennedy-half-dollar_obverse,1993,,kennedy-half-dollar,,obverse,https://storage.googleapis.com/numista-reference-library/reference_library/bulk_programs/commemoratives_all/1993-bill-of-rights-clad-half-dollar-obverse-2000x2000.jpg,,2,Numista Reference Library
1993_kennedy-half-dollar_reverse,1993,,kennedy-half-dollar,,reverse,https://storage.googleapis.com/numista-reference-library/reference_library/bulk_programs/commemoratives_all/1993-bill-of-rights-clad-half-dollar-reverse-2000x2000.jpg,,2,Numista Reference Library
1994_P_quarter_obverse,1994,P,quarter,,obverse,https://storage.googleapis.com/numista-reference-library/reference_library/wikimedia_uscoin/United_States_quarters/Washington_quarter/Obverses_of_Washington_quarters/1994-P_Washington_quarter_obverse.jpg,Wikimedia Commons / Public Domain,3,Wikimedia Commons
1994_commemorative_obverse,1994,,commemorative,,obverse,https://storage.googleapis.com/numista-reference-library/reference_library/bulk_programs/commemoratives_all/1994-women-in-military-service-for-america-commemorative-silver-one-dollar-proof-obverse.jpg,,2,Numista Reference Library
1994_commemorative_reverse,1994,,commemorative,,reverse,https://storage.googleapis.com/numista-reference-library/reference_library/bulk_programs/commemoratives_all/1994-women-in-military-service-for-america-commemorative-silver-one-dollar-proof-reverse.jpg,,2,Numista Reference Library
1994_kennedy-half-dollar_obverse,1994,,kennedy-half-dollar,,obverse,https://storage.googleapis.com/numista-reference-library/reference_library/bulk_programs/commemoratives_all/1994-World-Cup-Half-Dollar-Proof-Obverse.jpg,,2,Numista Reference Library
1994_kennedy-half-dollar_reverse,1994,,kennedy-half-dollar,,reverse,https://storage.googleapis.com/numista-reference-library/reference_library/bulk_programs/commemoratives_all/1994-World-Cup-Half-Dollar-Proof-Reverse.jpg,,2,Numista Reference Library
1995_S_kennedy-half-dollar_obverse,1995,S,kennedy-half-dollar,,obverse,https://storage.googleapis.com/numista-uploads-studio-9101802118-8c9a8/kaggle/kennedy/kennedy_24.PNG,Kaggle / Public Domain,3,Kaggle Dataset
1995_commemorative_obverse,1995,,commemorative,,obverse,https://storage.googleapis.com/numista-reference-library/reference_library/bulk_programs/commemoratives_all/1995-civil-war-battlefield-silver-dollar-proof-obverse-1200x1200.jpg,,2,Numista Reference Library
1995_commemorative_reverse,1995,,commemorative,,reverse,https://storage.googleapis.com/numista-reference-library/reference_library/bulk_programs/commemoratives_all/1995-civil-war-battlefield-silver-dollar-proof-reverse-1200x1200.jpg,,2,Numista Reference Library
1995_kennedy-half-dollar_obverse,1995,,kennedy-half-dollar,,obverse,https://storage.googleapis.com/numista-reference-library/reference_library/bulk_programs/commemoratives_all/1995-civil-war-battlefield-commemorative-clad-half-dollar-uncirculated-obverse.jpg,,2,Numista Reference Library
1995_kennedy-half-dollar_reverse,1995,,kennedy-half-dollar,,reverse,https://storage.googleapis.com/numista-reference-library/reference_library/bulk_programs/commemoratives_all/1995-civil-war-battlefield-commemorative-clad-half-dollar-uncirculated-reverse.jpg,,2,Numista Reference Library
1995_olympic_commemorative_obverse,1995,,commemorative,olympic,obverse,https://storage.googleapis.com/numista-reference-library/reference_library/bulk_programs/commemoratives_all/1995-special-olympics-world-games-commemorative-silver-one-dollar-proof-obverse.jpg,,2,Numista Reference Library
1995_olympic_commemorative_reverse,1995,,commemorative,olympic,reverse,https://storage.googleapis.com/numista-reference-library/reference_library/bulk_programs/commemoratives_all/1995-special-olympics-world-games-commemorative-silver-one-dollar-proof-reverse.jpg,,2,Numista Reference Library
1996_W_dime_obverse,1996,W,dime,,obverse,https://storage.googleapis.com/numista-reference-library/reference_library/wikimedia_uscoin/United_States_dimes/Roosevelt_dimes/1996-W_Roosevelt_dime_obverse.jpg,Wikimedia Commons / Public Domain,3,Wikimedia Commons
1996_commemorative_obverse,1996,,commemorative,,obverse,https://storage.googleapis.com/numista-reference-library/reference_library/bulk_programs/commemoratives_all/1996-smithsonian-institution-commemorative-silver-one-dollar-proof-obverse.jpg,,2,Numista Reference Library
1996_commemorative_reverse,1996,,commemorative,,reverse,https://storage.googleapis.com/numista-reference-library/reference_library/bulk_programs/commemoratives_all/1996-smithsonian-institution-commemorative-silver-one-dollar-proof-reverse.jpg,,2,Numista Reference Library
1996_dollar_obverse,1996,,dollar,,obverse,https://storage.googleapis.com/numista-reference-library/reference_library/wikimedia_uscoin/Dollar_coins_of_the_United_States/Eisenhower_dollar/Eisenhower_dollar_obverse_1776-1996.png,Wikimedia Commons / Public Domain,3,Wikimedia Commons
1996_kennedy-half-dollar_obverse,1996,,kennedy-half-dollar,,obverse,https://storage.googleapis.com/numista-reference-library/reference_library/bulk_programs/commemoratives_all/1996-Olympics-Swimming-Half-Dollar-Obverse.jpg,,2,Numista Reference Library
1996_kennedy-half-dollar_reverse,1996,,kennedy-half-dollar,,reverse,https://storage.googleapis.com/numista-reference-library/reference_library/bulk_programs/commemoratives_all/1996-Olympics-Swimming-Half-Dollar-Reverse.jpg,,2,Numista Reference Library
1996_olympic_commemorative_obverse,1996,,commemorative,olympic,obverse,https://storage.googleapis.com/numista-reference-library/reference_library/bulk_programs/commemoratives_all/1996-olympics-cauldron-gold-five-dollar-proof-obverse.jpg,,2,Numista Reference Library
1996_olympic_commemorative_reverse,1996,,commemorative,olympic,reverse,https://storage.googleapis.com/numista-reference-library/reference_library/bulk_programs/commemoratives_all/1996-olympics-cauldron-gold-five-dollar-proof-reverse.jpg,,2,Numista Reference Library
1997_S_kennedy-half-dollar_obverse,1997,S,kennedy-half-dollar,,obverse,https://storage.googleapis.com/numista-uploads-studio-9101802118-8c9a8/kaggle/kennedy/kennedy_28.png,Kaggle / Public Domain,3,Kaggle Dataset
1997_american_eagle_obverse,1997,,american_eagle,,obverse,https://storage.googleapis.com/numista-reference-library/reference_library/bulk_programs/american_eagle/1997-platinum-proof-obverse.jpg,,2,Numista Reference Library
1997_commemorative_obverse,1997,,commemorative,,obverse,https://storage.googleapis.com/numista-reference-library/reference_library/bulk_programs/commemoratives_all/1997-united-states-botanic-garden-commemorative-silver-one-dollar-proof-obverse.jpg,,2,Numista Reference Library
1997_commemorative_reverse,1997,,commemorative,,reverse,https://storage.googleapis.com/numista-reference-library/reference_library/bulk_programs/commemoratives_all/1997-united-states-botanic-garden-commemorative-silver-one-dollar-proof-reverse.jpg,,2,Numista Reference Library
1997_roosevelt_commemorative_obverse,1997,,commemorative,roosevelt,obverse,https://storage.googleapis.com/numista-reference-library/reference_library/bulk_programs/commemoratives_all/1997-franklin-delano-roosevelt-commemorative-gold-five-dollar-proof-obverse.jpg,,2,Numista Reference Library
1997_roosevelt_commemorative_reverse,1997,,commemorative,roosevelt,reverse,https://storage.googleapis.com/numista-reference-library/reference_library/bulk_programs/commemoratives_all/1997-franklin-delano-roosevelt-commemorative-gold-five-dollar-proof-reverse.jpg,,2,Numista Reference Library
1998_S_kennedy-half-dollar_obverse,1998,S,kennedy-half-dollar,,obverse,https://storage.googleapis.com/numista-uploads-studio-9101802118-8c9a8/kaggle/kennedy/kennedy_92.png,Kaggle / Public Domain,3,Kaggle Dataset
1998_american-eagle-platinum_reverse,1998,,american-eagle-platinum,,reverse,https://storage.googleapis.com/numista-reference-library/reference_library/bulk_programs/american_eagle/1998-american-eagle-platinum-proof-coin-reverse.jpg,,2,Numista Reference Library
1998_commemorative_obverse,1998,,commemorative,,obverse,https://storage.googleapis.com/numista-reference-library/reference_library/bulk_programs/commemoratives_all/1998-black-patriots-commem-obverse1000x1000.jpg,,2,Numista Reference Library
1998_commemorative_reverse,1998,,commemorative,,reverse,https://storage.googleapis.com/numista-reference-library/reference_library/bulk_programs/commemoratives_all/1998-black-patriots-commem-reverse1000x1000.jpg,,2,Numista Reference Library
1998_kennedy_commemorative_obverse,1998,,commemorative,kennedy,obverse,https://storage.googleapis.com/numista-reference-library/reference_library/bulk_programs/commemoratives_all/1998-robert-francis-kennedy-commemorative-silver-one-dollar-uncirculated-obverse.jpg,,2,Numista Reference Library
1998_kennedy_commemorative_reverse,1998,,commemorative,kennedy,reverse,https://storage.googleapis.com/numista-reference-library/reference_library/bulk_programs/commemoratives_all/1998-robert-francis-kennedy-commemorative-silver-one-dollar-uncirculated-reverse.jpg,,2,Numista Reference Library
1999_50-state-quarters_reverse,1999,,50-state-quarters,,reverse,https://storage.googleapis.com/numista-uploads-studio-9101802118-8c9a8/kaggle/state_quarters/1999_PA_Proof.png,Kaggle / Public Domain,3,Kaggle Dataset
1999_D_dollar_obverse,1999,D,dollar,,obverse,https://storage.googleapis.com/numista-uploads-studio-9101802118-8c9a8/kaggle/susan_anthony/susan_132.png,Kaggle / Public Domain,3,Kaggle Dataset
1999_P_dollar_obverse,1999,P,dollar,,obverse,https://storage.googleapis.com/numista-uploads-studio-9101802118-8c9a8/kaggle/susan_anthony/susan_29.png,Kaggle / Public Domain,3,Kaggle Dataset
1999_S_kennedy-half-dollar_obverse,1999,S,kennedy-half-dollar,,obverse,https://storage.googleapis.com/numista-uploads-studio-9101802118-8c9a8/kaggle/kennedy/kennedy_138.png,Kaggle / Public Domain,3,Kaggle Dataset
1999_american-eagle-platinum_reverse,1999,,american-eagle-platinum,,reverse,https://storage.googleapis.com/numista-reference-library/reference_library/bulk_programs/american_eagle/1999-american-eagle-platinum-one-ounce-proof-coin-reverse.jpg,,2,Numista Reference Library
1999_connecticut_50-state-quarters_reverse,1999,,50-state-quarters,connecticut,reverse,https://storage.googleapis.com/numista-reference-library/reference_library/bulk_programs/50_state_quarters/1999-50-state-quarters-coin-connecticut-uncirculated-reverse.jpg,,2,Numista Reference Library
1999_delaware_50-state-quarters_reverse,1999,,50-state-quarters,delaware,reverse,https://storage.googleapis.com/numista-reference-library/reference_library/bulk_programs/50_state_quarters/1999-50-state-quarters-coin-delaware-uncirculated-reverse.jpg,,2,Numista Reference Library
1999_dollar_obverse,1999,,dollar,,obverse,https://storage.googleapis.com/numista-reference-library/reference_library/bulk_programs/sba/1999-susan-b-anthony-dollar-obverse.jpg,,2,Numista Reference Library
1999_dollar_reverse,1999,,dollar,,reverse,https://storage.googleapis.com/numista-reference-library/reference_library/bulk_programs/sba/1999-susan-b-anthony-dollar-reverse.jpg,,2,Numista Reference Library
1999_georgia_50-state-quarters_reverse,1999,,50-state-quarters,georgia,reverse,https://storage.googleapis.com/numista-reference-library/reference_library/bulk_programs/50_state_quarters/1999-50-state-quarters-coin-georgia-uncirculated-reverse.jpg,,2,Numista Reference Library
1999_madison_commemorative_obverse,1999,,commemorative,madison,obverse,https://storage.googleapis.com/numista-reference-library/reference_library/bulk_programs/commemoratives_all/1999-dolley-madison-commemorative-silver-one-dollar-proof-obverse.jpg,,2,Numista Reference Library
1999_madison_commemorative_reverse,1999,,commemorative,madison,reverse,https://storage.googleapis.com/numista-reference-library/reference_library/bulk_programs/commemoratives_all/1999-dolley-madison-commemorative-silver-one-dollar-proof-reverse.jpg,,2,Numista Reference Library
1999_new-jersey_50-state-quarters_reverse,1999,,50-state-quarters,new-jersey,reverse,https://storage.googleapis.com/numista-reference-library/reference_library/bulk_programs/50_state_quarters/1999-50-state-quarters-coin-new-jersey-uncirculated-reverse.jpg,,2,Numista Reference Library
1999_pennsylvania_50-state-quarters_reverse,1999,,50-state-quarters,pennsylvania,reverse,https://storage.googleapis.com/numista-reference-library/reference_library/bulk_programs/50_state_quarters/1999-50-state-quarters-coin-pennsylvania-uncirculated-reverse.jpg,,2,Numista Reference Library
1999_washington_commemorative_obverse,1999,,commemorative,washington,obverse,https://storage.googleapis.com/numista-reference-library/reference_library/bulk_programs/commemoratives_all/1999-george-washington-commemorative-gold-five-dollar-proof-obverse.jpg,,2,Numista Reference Library
1999_washington_commemorative_reverse,1999,,commemorative,washington,reverse,https://storage.googleapis.com/numista-reference-library/reference_library/bulk_programs/commemoratives_all/1999-george-washington-commemorative-gold-five-dollar-proof-reverse.jpg,,2,Numista Reference Library
1999_yellowstone_commemorative_obverse,1999,,commemorative,yellowstone,obverse,https://storage.googleapis.com/numista-reference-library/reference_library/bulk_programs/commemoratives_all/1999-yellowstone-silver-dollar-proof-obverse-2000x2000.jpg,,2,Numista Reference Library
1999_yellowstone_commemorative_reverse,1999,,commemorative,yellowstone,reverse,https://storage.googleapis.com/numista-reference-library/reference_library/bulk_programs/commemoratives_all/1999-yellowstone-silver-dollar-proof-reverse-2000x2000.jpg,,2,Numista Reference Library
2000_50-state-quarters_reverse,2000,,50-state-quarters,,reverse,https://storage.googleapis.com/numista-uploads-studio-9101802118-8c9a8/kaggle/state_quarters/2000_VA_Proof.png,Kaggle / Public Domain,3,Kaggle Dataset
2000_P_kennedy-half-dollar_obverse,2000,P,kennedy-half-dollar,,obverse,https://storage.googleapis.com/numista-uploads-studio-9101802118-8c9a8/kaggle/kennedy/kennedy_25.png,Kaggle / Public Domain,3,Kaggle Dataset
2000_P_native-american-dollar_obverse,2000,P,native-american-dollar,,obverse,https://storage.googleapis.com/numista-uploads-studio-9101802118-8c9a8/kaggle/us_coins/e739ee141e.jpg,Kaggle / Public Domain,3,Kaggle Dataset
2000_S_kennedy-half-dollar_obverse,2000,S,kennedy-half-dollar,,obverse,https://storage.googleapis.com/numista-uploads-studio-9101802118-8c9a8/kaggle/kennedy/kennedy_93.png,Kaggle / Public Domain,3,Kaggle Dataset
2000_american-eagle-platinum_reverse,2000,,american-eagle-platinum,,reverse,https://storage.googleapis.com/numista-reference-library/reference_library/bulk_programs/american_eagle/2000-american-eagle-platinum-one-ounce-proof-coin-reverse.jpg,,2,Numista Reference Library
2000_commemorative_obverse,2000,,commemorative,,obverse,https://storage.googleapis.com/numista-reference-library/reference_library/bulk_programs/commemoratives_all/2000-library-of-congress-commemorative-silver-dollar-uncirculated-obverse.jpg,,2,Numista Reference Library
2000_commemorative_reverse,2000,,commemorative,,reverse,https://storage.googleapis.com/numista-reference-library/reference_library/bulk_programs/commemoratives_all/2000-leif-ericson-icelandic-kronur-commemorative-silver-one-dollar-proof-reverse.jpg,,2,Numista Reference Library
2000_maryland_50-state-quarters_reverse,2000,,50-state-quarters,maryland,reverse,https://storage.googleapis.com/numista-reference-library/reference_library/bulk_programs/50_state_quarters/2000-50-state-quarters-coin-maryland-uncirculated-reverse.jpg,,2,Numista Reference Library
2000_massachusetts_50-state-quarters_reverse,2000,,50-state-quarters,massachusetts,reverse,https://storage.googleapis.com/numista-reference-library/reference_library/bulk_programs/50_state_quarters/2000-50-state-quarters-coin-massachusetts-uncirculated-reverse.jpg,,2,Numista Reference Library
2000_native-american-dollar_obverse,2000,,native-american-dollar,,obverse,https://storage.googleapis.com/numista-reference-library/reference_library/bulk_programs/sacagawea/2000-Sacagawea-Golden-Dollar-Obverse-2.jpg,,2,Numista Reference Library
2000_native-american-dollar_reverse,2000,,native-american-dollar,,reverse,https://storage.googleapis.com/numista-reference-library/reference_library/bulk_programs/sacagawea/2000-Sacagawea-Golden-Dollar-Reverse-2.jpg,,2,Numista Reference Library
2000_new-hampshire_50-state-quarters_reverse,2000,,50-state-quarters,new-hampshire,reverse,https://storage.googleapis.com/numista-reference-library/reference_library/bulk_programs/50_state_quarters/2000-50-state-quarters-coin-new-hampshire-uncirculated-reverse.jpg,,2,Numista Reference Library
2000_south-carolina_50-state-quarters_reverse,2000,,50-state-quarters,south-carolina,reverse,https://storage.googleapis.com/numista-reference-library/reference_library/bulk_programs/50_state_quarters/2000-50-state-quarters-coin-south-carolina-uncirculated-reverse.jpg,,2,Numista Reference Library
2000_virginia_50-state-quarters_reverse,2000,,50-state-quarters,virginia,reverse,https://storage.googleapis.com/numista-reference-library/reference_library/bulk_programs/50_state_quarters/2000-50-state-quarters-coin-virginia-uncirculated-reverse.jpg,,2,Numista Reference Library
2001_50-state-quarters_reverse,2001,,50-state-quarters,,reverse,https://storage.googleapis.com/numista-uploads-studio-9101802118-8c9a8/kaggle/state_quarters/2001_VT_Proof.png,Kaggle / Public Domain,3,Kaggle Dataset
2001_P_kennedy-half-dollar_obverse,2001,P,kennedy-half-dollar,,obverse,https://storage.googleapis.com/numista-uploads-studio-9101802118-8c9a8/kaggle/kennedy/kennedy_94.png,Kaggle / Public Domain,3,Kaggle Dataset
2001_S_kennedy-half-dollar_obverse,2001,S,kennedy-half-dollar,,obverse,https://storage.googleapis.com/numista-uploads-studio-9101802118-8c9a8/kaggle/kennedy/kennedy_210.png,Kaggle / Public Domain,3,Kaggle Dataset
2001_american-eagle-platinum_reverse,2001,,american-eagle-platinum,,reverse,https://storage.googleapis.com/numista-reference-library/reference_library/bulk_programs/american_eagle/2001-american-eagle-platinum-one-ounce-proof-coin-reverse.jpg,,2,Numista Reference Library
2001_commemorative_obverse,2001,,commemorative,,obverse,https://storage.googleapis.com/numista-reference-library/reference_library/bulk_programs/commemoratives_all/2001-united-states-capitol-visitor-center-commemorative-silver-one-dollar-uncirculated-obverse.jpg,,2,Numista Reference Library
2001_commemorative_reverse,2001,,commemorative,,reverse,https://storage.googleapis.com/numista-reference-library/reference_library/bulk_programs/commemoratives_all/2001-american-buffalo-commemorative-silver-one-dollar-uncirculated-reverse.jpg,,2,Numista Reference Library
2001_kennedy-half-dollar_obverse,2001,,kennedy-half-dollar,,obverse,https://storage.googleapis.com/numista-reference-library/reference_library/bulk_programs/commemoratives_all/2001-united-states-capitol-visitor-center-commemorative-clad-half-dollar-uncirculated-obverse.jpg,,2,Numista Reference Library
2001_kentucky_50-state-quarters_reverse,2001,,50-state-quarters,kentucky,reverse,https://storage.googleapis.com/numista-reference-library/reference_library/bulk_programs/50_state_quarters/2001-50-state-quarters-coin-kentucky-uncirculated-reverse.jpg,,2,Numista Reference Library
2001_new-york_50-state-quarters_reverse,2001,,50-state-quarters,new-york,reverse,https://storage.googleapis.com/numista-reference-library/reference_library/bulk_programs/50_state_quarters/2001-50-state-quarters-coin-new-york-uncirculated-reverse.jpg,,2,Numista Reference Library
2001_north-carolina_50-state-quarters_reverse,2001,,50-state-quarters,north-carolina,reverse,https://storage.googleapis.com/numista-reference-library/reference_library/bulk_programs/50_state_quarters/2001-50-state-quarters-coin-north-carolina-uncirculated-reverse.jpg,,2,Numista Reference Library
2001_rhode-island_50-state-quarters_reverse,2001,,50-state-quarters,rhode-island,reverse,https://storage.googleapis.com/numista-reference-library/reference_library/bulk_programs/50_state_quarters/2001-50-state-quarters-coin-rhode-island-uncirculated-reverse.jpg,,2,Numista Reference Library
2001_vermont_50-state-quarters_reverse,2001,,50-state-quarters,vermont,reverse,https://storage.googleapis.com/numista-reference-library/reference_library/bulk_programs/50_state_quarters/2001-50-state-quarters-coin-vermont-uncirculated-reverse.jpg,,2,Numista Reference Library
2002_50-state-quarters_reverse,2002,,50-state-quarters,,reverse,https://storage.googleapis.com/numista-uploads-studio-9101802118-8c9a8/kaggle/state_quarters/2002_TN_Proof.png,Kaggle / Public Domain,3,Kaggle Dataset
2002_american-eagle-platinum_obverse,2002,,american-eagle-platinum,,obverse,https://storage.googleapis.com/numista-reference-library/reference_library/bulk_programs/american_eagle/2002-american-eagle-platinum-one-ounce-proof-coin-obverse.jpg,,2,Numista Reference Library
2002_american-eagle-platinum_reverse,2002,,american-eagle-platinum,,reverse,https://storage.googleapis.com/numista-reference-library/reference_library/bulk_programs/american_eagle/2002-american-eagle-platinum-one-ounce-proof-coin-reverse.jpg,,2,Numista Reference Library
2002_bicentennial_obverse,2002,,bicentennial,,obverse,https://storage.googleapis.com/numista-reference-library/reference_library/bulk_programs/commemoratives_all/2002-west-point-bicentennial-commemorative-silver-one-dollar-uncirculated-obverse.jpg,,2,Numista Reference Library
2002_bicentennial_reverse,2002,,bicentennial,,reverse,https://storage.googleapis.com/numista-reference-library/reference_library/bulk_programs/commemoratives_all/2002-west-point-bicentennial-commemorative-silver-one-dollar-uncirculated-reverse.jpg,,2,Numista Reference Library
2002_indiana_50-state-quarters_reverse,2002,,50-state-quarters,indiana,reverse,https://storage.googleapis.com/numista-reference-library/reference_library/bulk_programs/50_state_quarters/2002-50-state-quarters-coin-indiana-uncirculated-reverse.jpg,,2,Numista Reference Library
2002_louisiana_50-state-quarters_reverse,2002,,50-state-quarters,louisiana,reverse,https://storage.googleapis.com/numista-reference-library/reference_library/bulk_programs/50_state_quarters/2002-50-state-quarters-coin-louisiana-uncirculated-reverse.jpg,,2,Numista Reference Library
2002_mississippi_50-state-quarters_reverse,2002,,50-state-quarters,mississippi,reverse,https://storage.googleapis.com/numista-reference-library/reference_library/bulk_programs/50_state_quarters/2002-50-state-quarters-coin-mississippi-uncirculated-reverse.jpg,,2,Numista Reference Library
2002_ohio_50-state-quarters_reverse,2002,,50-state-quarters,ohio,reverse,https://storage.googleapis.com/numista-reference-library/reference_library/bulk_programs/50_state_quarters/2002-50-state-quarters-coin-ohio-uncirculated-reverse.jpg,,2,Numista Reference Library
2002_olympic_commemorative_reverse,2002,,commemorative,olympic,reverse,https://storage.googleapis.com/numista-reference-library/reference_library/bulk_programs/commemoratives_all/2002-winter-olympics-salt-lake-city-commemorative-silver-one-dollar-uncirculated-reverse.jpg,,2,Numista Reference Library
2002_tennessee_50-state-quarters_reverse,2002,,50-state-quarters,tennessee,reverse,https://storage.googleapis.com/numista-reference-library/reference_library/bulk_programs/50_state_quarters/2002-50-state-quarters-coin-tennessee-uncirculated-reverse.jpg,,2,Numista Reference Library
2003_50-state-quarters_reverse,2003,,50-state-quarters,,reverse,https://storage.googleapis.com/numista-uploads-studio-9101802118-8c9a8/kaggle/state_quarters/2003_MO_Proof.png,Kaggle / Public Domain,3,Kaggle Dataset
2003_alabama_50-state-quarters_reverse,2003,,50-state-quarters,alabama,reverse,https://storage.googleapis.com/numista-reference-library/reference_library/bulk_programs/50_state_quarters/2003-50-state-quarters-coin-alabama-uncirculated-reverse.jpg,,2,Numista Reference Library
2003_american-eagle-platinum_reverse,2003,,american-eagle-platinum,,reverse,https://storage.googleapis.com/numista-reference-library/reference_library/bulk_programs/american_eagle/2003-american-eagle-platinum-one-ounce-proof-coin-reverse.jpg,,2,Numista Reference Library
2003_arkansas_50-state-quarters_reverse,2003,,50-state-quarters,arkansas,reverse,https://storage.googleapis.com/numista-reference-library/reference_library/bulk_programs/50_state_quarters/2003-50-state-quarters-coin-arkansas-uncirculated-reverse.jpg,,2,Numista Reference Library
2003_commemorative_obverse,2003,,commemorative,,obverse,https://storage.googleapis.com/numista-reference-library/reference_library/bulk_programs/commemoratives_all/2003-first-flight-centennial-commemorative-gold-ten-dollar-uncirculated-obverse.jpg,,2,Numista Reference Library
2003_commemorative_reverse,2003,,commemorative,,reverse,https://storage.googleapis.com/numista-reference-library/reference_library/bulk_programs/commemoratives_all/2003-first-flight-centennial-commemorative-silver-one-dollar-uncirculated-reverse.jpg,,2,Numista Reference Library
2003_illinois_50-state-quarters_reverse,2003,,50-state-quarters,illinois,reverse,https://storage.googleapis.com/numista-reference-library/reference_library/bulk_programs/50_state_quarters/2003-50-state-quarters-coin-illinois-uncirculated-reverse.jpg,,2,Numista Reference Library
2003_kennedy-half-dollar_obverse,2003,,kennedy-half-dollar,,obverse,https://storage.googleapis.com/numista-reference-library/reference_library/bulk_programs/commemoratives_all/2003-first-flight-centennial-commemorative-clad-half-dollar-uncirculated-obverse.jpg,,2,Numista Reference Library
2003_maine_50-state-quarters_reverse,2003,,50-state-quarters,maine,reverse,https://storage.googleapis.com/numista-reference-library/reference_library/bulk_programs/50_state_quarters/2003-50-state-quarters-coin-maineuncirculated-reverse.jpg,,2,Numista Reference Library
2003_missouri_50-state-quarters_reverse,2003,,50-state-quarters,missouri,reverse,https://storage.googleapis.com/numista-reference-library/reference_library/bulk_programs/50_state_quarters/2003-50-state-quarters-coin-missouri-uncirculated-reverse.jpg,,2,Numista Reference Library
2004_50-state-quarters_reverse,2004,,50-state-quarters,,reverse,https://storage.googleapis.com/numista-uploads-studio-9101802118-8c9a8/kaggle/state_quarters/2004_WI_Proof.png,Kaggle / Public Domain,3,Kaggle Dataset
2004_P_jefferson-nickel_obverse,2004,P,jefferson-nickel,,obverse,https://storage.googleapis.com/numista-uploads-studio-9101802118-8c9a8/kaggle/us_coins/d0448196ac.jpg,Kaggle / Public Domain,3,Kaggle Dataset
2004_american-eagle-platinum_reverse,2004,,american-eagle-platinum,,reverse,https://storage.googleapis.com/numista-reference-library/reference_library/bulk_programs/american_eagle/2004-american-eagle-platinum-one-ounce-proof-coin-reverse.jpg,,2,Numista Reference Library
2004_bicentennial_obverse,2004,,bicentennial,,obverse,https://storage.googleapis.com/numista-reference-library/reference_library/bulk_programs/commemoratives_all/2004-lewis-and-clark-bicentennial-commemorative-silver-one-dollar-uncirculated-obverse.jpg,,2,Numista Reference Library
2004_bicentennial_reverse,2004,,bicentennial,,reverse,https://storage.googleapis.com/numista-reference-library/reference_library/bulk_programs/commemoratives_all/2004-lewis-and-clark-bicentennial-commemorative-silver-one-dollar-uncirculated-reverse.jpg,,2,Numista Reference Library
2004_commemorative_obverse,2004,,commemorative,,obverse,https://storage.googleapis.com/numista-reference-library/reference_library/bulk_programs/commemoratives_all/2004-thomas-edison-commemorative-silver-one-dollar-uncirculated-obverse.jpg,,2,Numista Reference Library
2004_commemorative_reverse,2004,,commemorative,,reverse,https://storage.googleapis.com/numista-reference-library/reference_library/bulk_programs/commemoratives_all/2004-thomas-edison-commemorative-silver-one-dollar-uncirculated-reverse.jpg,,2,Numista Reference Library
2004_florida_50-state-quarters_reverse,2004,,50-state-quarters,florida,reverse,https://storage.googleapis.com/numista-reference-library/reference_library/bulk_programs/50_state_quarters/2004-50-state-quarters-coin-florida-uncirculated-reverse.jpg,,2,Numista Reference Library
2004_iowa_50-state-quarters_reverse,2004,,50-state-quarters,iowa,reverse,https://storage.googleapis.com/numista-reference-library/reference_library/bulk_programs/50_state_quarters/2004-50-state-quarters-coin-iowa-uncirculated-reverse.jpg,,2,Numista Reference Library
2004_michigan_50-state-quarters_reverse,2004,,50-state-quarters,michigan,reverse,https://storage.googleapis.com/numista-reference-library/reference_library/bulk_programs/50_state_quarters/2004-50-state-quarters-coin-michigan-uncirculated-reverse.jpg,,2,Numista Reference Library
2004_nickel_reverse,2004,,nickel,,reverse,https://storage.googleapis.com/numista-reference-library/reference_library/wikimedia_uscoin/United_States_nickels/2004-westward-journey-nickel-series-louisiana-purchase-uncirculated-reverse-768x768.jpg,Wikimedia Commons / Public Domain,3,Wikimedia Commons
2004_texas_50-state-quarters_reverse,2004,,50-state-quarters,texas,reverse,https://storage.googleapis.com/numista-reference-library/reference_library/bulk_programs/50_state_quarters/2004-50-state-quarters-coin-texas-uncirculated-reverse.jpg,,2,Numista Reference Library
2004_wisconsin_50-state-quarters_reverse,2004,,50-state-quarters,wisconsin,reverse,https://storage.googleapis.com/numista-reference-library/reference_library/bulk_programs/50_state_quarters/2004-50-state-quarters-coin-wisconsin-uncirculated-reverse.jpg,,2,Numista Reference Library
2005_50-state-quarters_reverse,2005,,50-state-quarters,,reverse,https://storage.googleapis.com/numista-uploads-studio-9101802118-8c9a8/kaggle/state_quarters/2005_WV_Proof.png,Kaggle / Public Domain,3,Kaggle Dataset
2005_D_lincoln-cent_obverse,2005,D,lincoln-cent,,obverse,https://storage.googleapis.com/numista-uploads-studio-9101802118-8c9a8/kaggle/us_coins/fd79562e5f.jpg,Kaggle / Public Domain,3,Kaggle Dataset
2005_O_nickel_reverse,2005,O,nickel,,reverse,https://storage.googleapis.com/numista-reference-library/reference_library/wikimedia_uscoin/United_States_nickels/2005-westward-journey-nickel-series-ocean-in-view-o-the-joy-uncirculated-reverse-768x768.jpg,Wikimedia Commons / Public Domain,3,Wikimedia Commons
2005_P_kennedy-half-dollar_obverse,2005,P,kennedy-half-dollar,,obverse,https://storage.googleapis.com/numista-uploads-studio-9101802118-8c9a8/kaggle/kennedy/kennedy_95.png,Kaggle / Public Domain,3,Kaggle Dataset
2005_american-eagle-platinum_obverse,2005,,american-eagle-platinum,,obverse,https://storage.googleapis.com/numista-reference-library/reference_library/bulk_programs/american_eagle/2005-american-eagle-platinum-one-ounce-proof-coin-obverse.jpg,,2,Numista Reference Library
2005_american-eagle-platinum_reverse,2005,,american-eagle-platinum,,reverse,https://storage.googleapis.com/numista-reference-library/reference_library/bulk_programs/american_eagle/2005-american-eagle-platinum-one-ounce-proof-coin-reverse.jpg,,2,Numista Reference Library
2005_california_50-state-quarters_reverse,2005,,50-state-quarters,california,reverse,https://storage.googleapis.com/numista-reference-library/reference_library/bulk_programs/50_state_quarters/2005-50-state-quarters-coin-california-uncirculated-reverse.jpg,,2,Numista Reference Library
2005_cent_obverse,2005,,cent,,obverse,https://storage.googleapis.com/numista-reference-library/reference_library/wikimedia_uscoin/United_States_cents/Obverses_of_United_States_cents/2005-Penny-Uncirculated-Obverse.png,Wikimedia Commons / Public Domain,3,Wikimedia Commons
2005_commemorative_obverse,2005,,commemorative,,obverse,https://storage.googleapis.com/numista-reference-library/reference_library/bulk_programs/commemoratives_all/2005-united-states-marine-corps-commemorative-silver-one-dollar-uncirculated-obverse.jpg,,2,Numista Reference Library
2005_commemorative_reverse,2005,,commemorative,,reverse,https://storage.googleapis.com/numista-reference-library/reference_library/bulk_programs/commemoratives_all/2005-united-states-marine-corps-commemorative-silver-one-dollar-uncirculated-reverse.jpg,,2,Numista Reference Library
2005_dime_obverse,2005,,dime,,obverse,https://storage.googleapis.com/numista-reference-library/reference_library/wikimedia_uscoin/United_States_dimes/Roosevelt_dimes/Roosevelt-dime-2005-combined_RIGHT.png,Wikimedia Commons / Public Domain,3,Wikimedia Commons
2005_dime_reverse,2005,,dime,,reverse,https://storage.googleapis.com/numista-reference-library/reference_library/wikimedia_uscoin/United_States_dimes/Roosevelt_dimes/2005-Dime-unc-GS__28reverse_29.png,Wikimedia Commons / Public Domain,3,Wikimedia Commons
2005_kansas_50-state-quarters_reverse,2005,,50-state-quarters,kansas,reverse,https://storage.googleapis.com/numista-reference-library/reference_library/bulk_programs/50_state_quarters/2005-50-state-quarters-coin-kansas-uncirculated-reverse.jpg,,2,Numista Reference Library
2005_kennedy-half-dollar_obverse,2005,,kennedy-half-dollar,,obverse,https://storage.googleapis.com/numista-reference-library/reference_library/wikimedia_uscoin/Half_dollar__United_States_/Kennedy_half_dollar/2005-Half-Dollar-Obv.jpg,Wikimedia Commons / Public Domain,3,Wikimedia Commons
2005_minnesota_50-state-quarters_reverse,2005,,50-state-quarters,minnesota,reverse,https://storage.googleapis.com/numista-reference-library/reference_library/bulk_programs/50_state_quarters/2005-50-state-quarters-coin-minnesota-uncirculated-reverse.jpg,,2,Numista Reference Library
2005_nickel_reverse,2005,,nickel,,reverse,https://storage.googleapis.com/numista-reference-library/reference_library/wikimedia_uscoin/United_States_nickels/2005-westward-journey-nickel-series-american-bison-uncirculated-reverse-768x768_-_Copy.jpg,Wikimedia Commons / Public Domain,3,Wikimedia Commons
2005_oregon_50-state-quarters_reverse,2005,,50-state-quarters,oregon,reverse,https://storage.googleapis.com/numista-reference-library/reference_library/bulk_programs/50_state_quarters/2005-50-state-quarters-coin-oregon-uncirculated-reverse.jpg,,2,Numista Reference Library
2005_west-virginia_50-state-quarters_reverse,2005,,50-state-quarters,west-virginia,reverse,https://storage.googleapis.com/numista-reference-library/reference_library/bulk_programs/50_state_quarters/2005-50-state-quarters-coin-west-virginia-uncirculated-reverse.jpg,,2,Numista Reference Library
2006_50-state-quarters_reverse,2006,,50-state-quarters,,reverse,https://storage.googleapis.com/numista-uploads-studio-9101802118-8c9a8/kaggle/state_quarters/2006_NV_Proof.png,Kaggle / Public Domain,3,Kaggle Dataset
2006_S_kennedy-half-dollar_obverse,2006,S,kennedy-half-dollar,,obverse,https://storage.googleapis.com/numista-uploads-studio-9101802118-8c9a8/kaggle/kennedy/kennedy_57.png,Kaggle / Public Domain,3,Kaggle Dataset
2006_american-eagle-platinum_reverse,2006,,american-eagle-platinum,,reverse,https://storage.googleapis.com/numista-reference-library/reference_library/bulk_programs/american_eagle/2006-american-eagle-platinum-one-ounce-proof-coin-reverse.jpg,,2,Numista Reference Library
2006_colorado_50-state-quarters_reverse,2006,,50-state-quarters,colorado,reverse,https://storage.googleapis.com/numista-reference-library/reference_library/bulk_programs/50_state_quarters/2006-50-state-quarters-coin-colorado-uncirculated-reverse.jpg,,2,Numista Reference Library
2006_commemorative_obverse,2006,,commemorative,,obverse,https://storage.googleapis.com/numista-reference-library/reference_library/bulk_programs/commemoratives_all/2006-san-francisco-mint-centennial-commemorative-silver-one-dollar-uncirculated-obverse.jpg,,2,Numista Reference Library
2006_nebraska_50-state-quarters_reverse,2006,,50-state-quarters,nebraska,reverse,https://storage.googleapis.com/numista-reference-library/reference_library/wikimedia_uscoin/United_States_quarters/Washington_quarter/50_State_Quarters/2006_United_States_quarters/50_State_quarter__Nebraska_/2006-50-state-quarters-coin-nebraska-uncirculated-reverse.jpg,Wikimedia Commons / Public Domain,3,Wikimedia Commons
2006_nevada_50-state-quarters_reverse,2006,,50-state-quarters,nevada,reverse,https://storage.googleapis.com/numista-reference-library/reference_library/bulk_programs/50_state_quarters/2006-50-state-quarters-coin-nevada-uncirculated-reverse.jpg,,2,Numista Reference Library
2006_north-dakota_50-state-quarters_reverse,2006,,50-state-quarters,north-dakota,reverse,https://storage.googleapis.com/numista-reference-library/reference_library/bulk_programs/50_state_quarters/2006-50-state-quarters-coin-north-dakota-uncirculated-reverse.jpg,,2,Numista Reference Library
2006_south-dakota_50-state-quarters_reverse,2006,,50-state-quarters,south-dakota,reverse,https://storage.googleapis.com/numista-reference-library/reference_library/bulk_programs/50_state_quarters/2006-50-state-quarters-coin-south-dakota-uncirculated-reverse.jpg,,2,Numista Reference Library
2007_50-state-quarters_reverse,2007,,50-state-quarters,,reverse,https://storage.googleapis.com/numista-uploads-studio-9101802118-8c9a8/kaggle/state_quarters/2007_WY_Proof.png,Kaggle / Public Domain,3,Kaggle Dataset
2007_adams_presidential-dollars_obverse,2007,,presidential-dollars,adams,obverse,https://storage.googleapis.com/numista-reference-library/reference_library/bulk_programs/presidential/2007-presidential-dollar-coin-john-adams-uncirculated-obverse.jpg,,2,Numista Reference Library
2007_american-eagle-platinum_reverse,2007,,american-eagle-platinum,,reverse,https://storage.googleapis.com/numista-reference-library/reference_library/bulk_programs/american_eagle/2007-american-eagle-platinum-one-ounce-proof-coin-reverse.jpg,,2,Numista Reference Library
2007_commemorative_obverse,2007,,commemorative,,obverse,https://storage.googleapis.com/numista-reference-library/reference_library/bulk_programs/commemoratives_all/2007-little-rock-central-high-school-commemorative-silver-one-dollar-uncirculated-obverse.jpg,,2,Numista Reference Library
2007_commemorative_reverse,2007,,commemorative,,reverse,https://storage.googleapis.com/numista-reference-library/reference_library/bulk_programs/commemoratives_all/2007-little-rock-central-high-school-commemorative-silver-one-dollar-uncirculated-reverse.jpg,,2,Numista Reference Library
2007_idaho_50-state-quarters_reverse,2007,,50-state-quarters,idaho,reverse,https://storage.googleapis.com/numista-reference-library/reference_library/bulk_programs/50_state_quarters/2007-50-state-quarters-coin-idaho-uncirculated-reverse.jpg,,2,Numista Reference Library
2007_jefferson_presidential-dollars_obverse,2007,,presidential-dollars,jefferson,obverse,https://storage.googleapis.com/numista-reference-library/reference_library/bulk_programs/presidential/2007-presidential-dollar-coin-thomas-jefferson-uncirculated-obverse.jpg,,2,Numista Reference Library
2007_madison_presidential-dollars_obverse,2007,,presidential-dollars,madison,obverse,https://storage.googleapis.com/numista-reference-library/reference_library/bulk_programs/presidential/2007-presidential-dollar-coin-james-madison-uncirculated-obverse.jpg,,2,Numista Reference Library
2007_montana_50-state-quarters_reverse,2007,,50-state-quarters,montana,reverse,https://storage.googleapis.com/numista-reference-library/reference_library/bulk_programs/50_state_quarters/2007-50-state-quarters-coin-montana-uncirculated-reverse.jpg,,2,Numista Reference Library
2007_presidential-dollars_reverse,2007,,presidential-dollars,,reverse,https://storage.googleapis.com/us_mint_coin_images/Numista_Attributed_Coins%20(1)/final_attributed_2007-presidential-dollar-coin-uncirculated-reverse.jpg,United States Mint image,1,US Mint
2007_utah_50-state-quarters_reverse,2007,,50-state-quarters,utah,reverse,https://storage.googleapis.com/numista-reference-library/reference_library/bulk_programs/50_state_quarters/2007-50-state-quarters-coin-utahuncirculated-reverse.jpg,,2,Numista Reference Library
2007_washington_50-state-quarters_reverse,2007,,50-state-quarters,washington,reverse,https://storage.googleapis.com/numista-reference-library/reference_library/bulk_programs/50_state_quarters/2007-50-state-quarters-coin-washington-uncirculated-reverse.jpg,,2,Numista Reference Library
2007_washington_presidential-dollars_obverse,2007,,presidential-dollars,washington,obverse,https://storage.googleapis.com/numista-reference-library/reference_library/bulk_programs/presidential/2007-presidential-dollar-coin-george-washington-uncirculated-obverse.jpg,,2,Numista Reference Library
2007_wyoming_50-state-quarters_reverse,2007,,50-state-quarters,wyoming,reverse,https://storage.googleapis.com/numista-reference-library/reference_library/bulk_programs/50_state_quarters/2007-50-state-quarters-coin-wyoming-uncirculated-reverse.jpg,,2,Numista Reference Library
2008_50-state-quarters_reverse,2008,,50-state-quarters,,reverse,https://storage.googleapis.com/numista-uploads-studio-9101802118-8c9a8/kaggle/state_quarters/2008_OK_Proof.png,Kaggle / Public Domain,3,Kaggle Dataset
2008_adams_presidential-dollars_obverse,2008,,presidential-dollars,adams,obverse,https://storage.googleapis.com/numista-reference-library/reference_library/bulk_programs/presidential/2008-presidential-dollar-coin-john-quincy-adams-uncirculated-obverse.jpg,,2,Numista Reference Library
2008_alaska_50-state-quarters_reverse,2008,,50-state-quarters,alaska,reverse,https://storage.googleapis.com/numista-reference-library/reference_library/bulk_programs/generic_quarters/2008-50-state-quarters-coin-alaska-uncirculated-reverse.jpg,,2,Numista Reference Library
2008_american-eagle-platinum_obverse,2008,,american-eagle-platinum,,obverse,https://storage.googleapis.com/numista-reference-library/reference_library/bulk_programs/american_eagle/2008-american-eagle-platinum-one-ounce-proof-coin-obverse.jpg,,2,Numista Reference Library
2008_american-eagle-platinum_reverse,2008,,american-eagle-platinum,,reverse,https://storage.googleapis.com/numista-reference-library/reference_library/bulk_programs/american_eagle/2008-american-eagle-platinum-one-ounce-proof-coin-reverse.jpg,,2,Numista Reference Library
2008_arizona_50-state-quarters_reverse,2008,,50-state-quarters,arizona,reverse,https://storage.googleapis.com/numista-reference-library/reference_library/bulk_programs/50_state_quarters/2008-50-state-quarters-coin-arizona-uncirculated-reverse.jpg,,2,Numista Reference Library
2008_commemorative_obverse,2008,,commemorative,,obverse,https://storage.googleapis.com/numista-reference-library/reference_library/bulk_programs/commemoratives_all/2008-bald-eagle-commemorative-gold-five-dollar-uncirculated-obverse.jpg,,2,Numista Reference Library
2008_commemorative_reverse,2008,,commemorative,,reverse,https://storage.googleapis.com/numista-reference-library/reference_library/bulk_programs/commemoratives_all/2008-bald-eagle-commemorative-silver-one-dollar-uncirculated-reverse.jpg,,2,Numista Reference Library
2008_hawaii_50-state-quarters_reverse,2008,,50-state-quarters,hawaii,reverse,https://storage.googleapis.com/numista-reference-library/reference_library/bulk_programs/50_state_quarters/2008-50-state-quarters-coin-hawaii-uncirculated-reverse.jpg,,2,Numista Reference Library
2008_jackson_presidential-dollars_obverse,2008,,presidential-dollars,jackson,obverse,https://storage.googleapis.com/numista-reference-library/reference_library/bulk_programs/presidential/2008-presidential-dollar-coin-andrew-jackson-uncirculated-obverse.jpg,,2,Numista Reference Library
2008_kennedy-half-dollar_obverse,2008,,kennedy-half-dollar,,obverse,https://storage.googleapis.com/numista-reference-library/reference_library/bulk_programs/commemoratives_all/2008-bald-eagle-commemorative-clad-half-dollar-uncirculated-obverse.jpg,,2,Numista Reference Library
2008_lincoln-cent_reverse,2008,,lincoln-cent,,reverse,https://storage.googleapis.com/numista-reference-library/reference_library/bulk_programs/penny/2008-lincoln-one-cent-reverse-2000x2000.jpg,,2,Numista Reference Library
2008_monroe_presidential-dollars_obverse,2008,,presidential-dollars,monroe,obverse,https://storage.googleapis.com/numista-reference-library/reference_library/bulk_programs/presidential/2008-presidential-dollar-coin-james-monroe-uncirculated-obverse.jpg,,2,Numista Reference Library
2008_new-mexico_50-state-quarters_reverse,2008,,50-state-quarters,new-mexico,reverse,https://storage.googleapis.com/numista-reference-library/reference_library/bulk_programs/50_state_quarters/2008-50-state-quarters-coin-new-mexico-uncirculated-reverse.jpg,,2,Numista Reference Library
2008_oklahoma_50-state-quarters_reverse,2008,,50-state-quarters,oklahoma,reverse,https://storage.googleapis.com/numista-reference-library/reference_library/bulk_programs/50_state_quarters/2008-50-state-quarters-coin-oklahoma-uncirculated-reverse.jpg,,2,Numista Reference Library
2008_van-buren_presidential-dollars_obverse,2008,,presidential-dollars,van-buren,obverse,https://storage.googleapis.com/numista-reference-library/reference_library/bulk_programs/presidential/2008-presidential-dollar-coin-martin-van-buren-uncirculated-obverse.jpg,,2,Numista Reference Library
2009_50-state-quarters_reverse,2009,,50-state-quarters,,reverse,https://storage.googleapis.com/numista-uploads-studio-9101802118-8c9a8/kaggle/state_quarters/2009_USVI_Proof.png,Kaggle / Public Domain,3,Kaggle Dataset
2009_D_kennedy-half-dollar_obverse,2009,D,kennedy-half-dollar,,obverse,https://storage.googleapis.com/numista-uploads-studio-9101802118-8c9a8/kaggle/kennedy/kennedy_96.png,Kaggle / Public Domain,3,Kaggle Dataset
2009_american-eagle-gold_obverse,2009,,american-eagle-gold,,obverse,https://storage.googleapis.com/numista-reference-library/reference_library/bulk_programs/gold_eagles/2009-ultra-high-relief-double-eagle-gold-coin-obverse.jpg,,2,Numista Reference Library
2009_american-eagle-gold_reverse,2009,,american-eagle-gold,,reverse,https://storage.googleapis.com/numista-reference-library/reference_library/bulk_programs/gold_eagles/2009-ultra-high-relief-double-eagle-gold-coin-reverse.jpg,,2,Numista Reference Library
2009_american-eagle-platinum_reverse,2009,,american-eagle-platinum,,reverse,https://storage.googleapis.com/numista-reference-library/reference_library/bulk_programs/american_eagle/2009-american-eagle-platinum-one-ounce-proof-coin-reverse.jpg,,2,Numista Reference Library
2009_bicentennial_obverse,2009,,bicentennial,,obverse,https://storage.googleapis.com/numista-reference-library/reference_library/bulk_programs/commemoratives_all/2009-louis-braille-bicentennial-commemorative-silver-one-dollar-uncirculated-obverse.jpg,,2,Numista Reference Library
2009_bicentennial_reverse,2009,,bicentennial,,reverse,https://storage.googleapis.com/numista-reference-library/reference_library/bulk_programs/commemoratives_all/2009-louis-braille-bicentennial-commemorative-silver-one-dollar-uncirculated-reverse.jpg,,2,Numista Reference Library
2009_dollar_obverse,2009,,dollar,,obverse,https://storage.googleapis.com/numista-reference-library/reference_library/wikimedia_uscoin/Dollar_coins_of_the_United_States/Presidential__1_Coin_Program/First_Spouse_Program/2009-first-spouse-gold-coin-sarah-polk-uncirculated-obverse.jpg,Wikimedia Commons / Public Domain,3,Wikimedia Commons
2009_harrison_presidential-dollars_obverse,2009,,presidential-dollars,harrison,obverse,https://storage.googleapis.com/numista-reference-library/reference_library/bulk_programs/presidential/2009-presidential-dollar-coin-william-henry-harrison-uncirculated-obverse.jpg,,2,Numista Reference Library
2009_lincoln-cent_obverse,2009,,lincoln-cent,,obverse,https://storage.googleapis.com/numista-reference-library/reference_library/bulk_programs/commemoratives_all/2009-abraham-lincoln-commemorative-silver-one-dollar-uncirculated-obverse.jpg,,2,Numista Reference Library
2009_lincoln-cent_reverse,2009,,lincoln-cent,,reverse,https://storage.googleapis.com/numista-reference-library/reference_library/wikimedia_uscoin/United_States_cents/Lincoln_cents/2009-lincoln-cent-penny-birth-childhood-kentucky-uncirculated-reverse-768x768.jpg,Wikimedia Commons / Public Domain,3,Wikimedia Commons
2009_native-american-dollar_reverse,2009,,native-american-dollar,,reverse,https://storage.googleapis.com/numista-reference-library/reference_library/bulk_programs/native_american/2009-native-american-dollar-uncirculated-reverse.jpg,,2,Numista Reference Library
2009_polk_presidential-dollars_obverse,2009,,presidential-dollars,polk,obverse,https://storage.googleapis.com/numista-reference-library/reference_library/bulk_programs/presidential/2009-presidential-dollar-coin-james-knox-polk-uncirculated-obverse.jpg,,2,Numista Reference Library
2009_quarter_obverse,2009,,quarter,,obverse,https://storage.googleapis.com/numista-reference-library/reference_library/wikimedia_uscoin/United_States_quarters/Washington_quarter/DC_and_US_Territories_quarters/DC_and_US_Territories_quarter__Guam_/2009-Guam_RIGHT.jpg,Wikimedia Commons / Public Domain,3,Wikimedia Commons
2009_quarter_reverse,2009,,quarter,,reverse,https://storage.googleapis.com/numista-reference-library/reference_library/bulk_programs/us_territories/2009-dc-us-territories-quarters-coin-united-states-virgin-islands-uncirculated-reverse.jpg,,2,Numista Reference Library
2009_taylor_presidential-dollars_obverse,2009,,presidential-dollars,taylor,obverse,https://storage.googleapis.com/numista-reference-library/reference_library/bulk_programs/presidential/2009-presidential-dollar-coin-zachary-taylor-uncirculated-obverse.jpg,,2,Numista Reference Library
2009_tyler_presidential-dollars_obverse,2009,,presidential-dollars,tyler,obverse,https://storage.googleapis.com/numista-reference-library/reference_library/bulk_programs/presidential/2009-presidential-dollar-coin-john-tyler-uncirculated-obverse.jpg,,2,Numista Reference Library
2010_P_kennedy-half-dollar_obverse,2010,P,kennedy-half-dollar,,obverse,https://storage.googleapis.com/numista-uploads-studio-9101802118-8c9a8/kaggle/kennedy/kennedy_97.png,Kaggle / Public Domain,3,Kaggle Dataset
2010_S_kennedy-half-dollar_obverse,2010,S,kennedy-half-dollar,,obverse,https://storage.googleapis.com/numista-uploads-studio-9101802118-8c9a8/kaggle/kennedy/kennedy_29.png,Kaggle / Public Domain,3,Kaggle Dataset
2010_american-eagle-platinum_reverse,2010,,american-eagle-platinum,,reverse,https://storage.googleapis.com/numista-reference-library/reference_library/bulk_programs/american_eagle/2010-american-eagle-platinum-one-ounce-proof-coin-reverse.jpg,,2,Numista Reference Library
2010_buchanan_presidential-dollars_obverse,2010,,presidential-dollars,buchanan,obverse,https://storage.googleapis.com/numista-reference-library/reference_library/bulk_programs/presidential/2010-presidential-dollar-coin-james-buchanan-uncirculated-obverse.jpg,,2,Numista Reference Library
2010_commemorative_obverse,2010,,commemorative,,obverse,https://storage.googleapis.com/numista-reference-library/reference_library/bulk_programs/commemoratives_all/2010-boy-scouts-of-america-centennial-commemorative-silver-one-dollar-uncirculated-obverse.jpg,,2,Numista Reference Library
2010_commemorative_reverse,2010,,commemorative,,reverse,https://storage.googleapis.com/numista-reference-library/reference_library/bulk_programs/commemoratives_all/2010-boy-scouts-of-america-centennial-commemorative-silver-one-dollar-uncirculated-reverse.jpg,,2,Numista Reference Library
2010_fillmore_presidential-dollars_obverse,2010,,presidential-dollars,fillmore,obverse,https://storage.googleapis.com/numista-reference-library/reference_library/bulk_programs/presidential/2010-presidential-dollar-coin-millard-fillmore-uncirculated-obverse.jpg,,2,Numista Reference Library
2010_lincoln_presidential-dollars_obverse,2010,,presidential-dollars,lincoln,obverse,https://storage.googleapis.com/numista-reference-library/reference_library/bulk_programs/presidential/2010-presidential-dollar-coin-abraham-lincoln-uncirculated-obverse.jpg,,2,Numista Reference Library
2010_native-american-dollar_reverse,2010,,native-american-dollar,,reverse,https://storage.googleapis.com/numista-reference-library/reference_library/bulk_programs/native_american/2010-native-american-one-dollar-uncirculated-reverse.jpg,,2,Numista Reference Library
2010_pierce_presidential-dollars_obverse,2010,,presidential-dollars,pierce,obverse,https://storage.googleapis.com/numista-reference-library/reference_library/bulk_programs/presidential/2010-presidential-dollar-coin-franklin-pierce-uncirculated-obverse.jpg,,2,Numista Reference Library
2010_quarter_obverse,2010,,quarter,,obverse,https://storage.googleapis.com/numista-reference-library/reference_library/wikimedia_uscoin/United_States_quarters/Washington_quarter/America_the_Beautiful_Quarters/2010_United_States_quarters/America_the_Beautiful_quarter__Yosemite_/2010-CA_Unc.jpg,Wikimedia Commons / Public Domain,3,Wikimedia Commons
2010_quarter_reverse,2010,,quarter,,reverse,https://storage.googleapis.com/numista-reference-library/reference_library/bulk_programs/america_the_beautiful/2010-america-the-beautiful-quarters-coin-yosemite-california-uncirculated-reverse.jpg,,2,Numista Reference Library
2011_american-eagle-platinum_reverse,2011,,american-eagle-platinum,,reverse,https://storage.googleapis.com/numista-reference-library/reference_library/bulk_programs/american_eagle/2011-american-eagle-platinum-one-ounce-proof-coin-reverse.jpg,,2,Numista Reference Library
2011_commemorative_obverse,2011,,commemorative,,obverse,https://storage.googleapis.com/numista-reference-library/reference_library/bulk_programs/commemoratives_all/2011-united-states-army-commemorative-gold-uncirculated-obverse.jpg,,2,Numista Reference Library
2011_commemorative_reverse,2011,,commemorative,,reverse,https://storage.googleapis.com/numista-reference-library/reference_library/bulk_programs/commemoratives_all/2011-united-states-army-commemorative-silver-one-dollar-uncirculated-reverse.jpg,,2,Numista Reference Library
2011_dollar_reverse,2011,,dollar,,reverse,https://storage.googleapis.com/numista-reference-library/reference_library/wikimedia_uscoin/Dollar_coins_of_the_United_States/Presidential__1_Coin_Program/First_Spouse_Program/2011-LGarfield-proof-rev.jpg,Wikimedia Commons / Public Domain,3,Wikimedia Commons
2011_garfield_presidential-dollars_obverse,2011,,presidential-dollars,garfield,obverse,https://storage.googleapis.com/numista-reference-library/reference_library/bulk_programs/presidential/2011-presidential-dollar-coin-james-garfield-uncirculated-obverse.jpg,,2,Numista Reference Library
2011_grant_presidential-dollars_obverse,2011,,presidential-dollars,grant,obverse,https://storage.googleapis.com/numista-reference-library/reference_library/bulk_programs/presidential/2011-presidential-dollar-coin-grant-obverse.jpg,,2,Numista Reference Library
2011_hayes_presidential-dollars_obverse,2011,,presidential-dollars,hayes,obverse,https://storage.googleapis.com/numista-reference-library/reference_library/bulk_programs/presidential/2011-presidential-dollar-coin-rutherford-b-hayes-uncirculated-obverse.jpg,,2,Numista Reference Library
2011_johnson_presidential-dollars_obverse,2011,,presidential-dollars,johnson,obverse,https://storage.googleapis.com/numista-reference-library/reference_library/bulk_programs/presidential/2011-presidential-dollar-coin-andrew-johnson-uncirculated-obverse.jpg,,2,Numista Reference Library
2011_kennedy-half-dollar_reverse,2011,,kennedy-half-dollar,,reverse,https://storage.googleapis.com/numista-reference-library/reference_library/bulk_programs/commemoratives_all/2011-united-states-army-commemorative-clad-half-dollar-uncirculated-reverse.jpg,,2,Numista Reference Library
2011_native-american-dollar_reverse,2011,,native-american-dollar,,reverse,https://storage.googleapis.com/numista-reference-library/reference_library/bulk_programs/native_american/2011-native-american-one-dollar-uncirculated-reverse.jpg,,2,Numista Reference Library
2011_quarter_obverse,2011,,quarter,,obverse,https://storage.googleapis.com/numista-reference-library/reference_library/wikimedia_uscoin/United_States_quarters/Washington_quarter/America_the_Beautiful_Quarters/2011_United_States_quarters/America_the_Beautiful_quarter__Vicksburg_/2011-MS-Proof.jpg,Wikimedia Commons / Public Domain,3,Wikimedia Commons
2011_quarter_reverse,2011,,quarter,,reverse,https://storage.googleapis.com/numista-reference-library/reference_library/bulk_programs/america_the_beautiful/2011-america-the-beautiful-quarters-coin-vicksburg-mississippi-uncirculated-reverse.jpg,,2,Numista Reference Library
2012_D_kennedy-half-dollar_obverse,2012,D,kennedy-half-dollar,,obverse,https://storage.googleapis.com/numista-uploads-studio-9101802118-8c9a8/kaggle/kennedy/kennedy_98.png,Kaggle / Public Domain,3,Kaggle Dataset
2012_S_kennedy-half-dollar_obverse,2012,S,kennedy-half-dollar,,obverse,https://storage.googleapis.com/numista-uploads-studio-9101802118-8c9a8/kaggle/kennedy/kennedy_99.png,Kaggle / Public Domain,3,Kaggle Dataset
2012_american-eagle-platinum_reverse,2012,,american-eagle-platinum,,reverse,https://storage.googleapis.com/numista-reference-library/reference_library/bulk_programs/american_eagle/2012-american-eagle-platinum-one-ounce-proof-coin-reverse.jpg,,2,Numista Reference Library
2012_arthur_presidential-dollars_obverse,2012,,presidential-dollars,arthur,obverse,https://storage.googleapis.com/numista-reference-library/reference_library/bulk_programs/presidential/2012-presidential-dollar-coin-chester-arthur-uncirculated-obverse.jpg,,2,Numista Reference Library
2012_cleveland_presidential-dollars_obverse,2012,,presidential-dollars,cleveland,obverse,https://storage.googleapis.com/numista-reference-library/reference_library/bulk_programs/presidential/2012-presidential-dollar-coin-grover-cleveland-second-term-uncirculated-obverse.jpg,,2,Numista Reference Library
2012_commemorative_obverse,2012,,commemorative,,obverse,https://storage.googleapis.com/numista-reference-library/reference_library/bulk_programs/commemoratives_all/2012-star-spangled-banner-commemorative-silver-one-dollar-uncirculated-obverse.jpg,,2,Numista Reference Library
2012_commemorative_reverse,2012,,commemorative,,reverse,https://storage.googleapis.com/numista-reference-library/reference_library/bulk_programs/commemoratives_all/2012-star-spangled-banner-commemorative-gold-five-dollar-uncirculated-reverse.jpg,,2,Numista Reference Library
2012_dollar_reverse,2012,,dollar,,reverse,https://storage.googleapis.com/numista-reference-library/reference_library/wikimedia_uscoin/Dollar_coins_of_the_United_States/Presidential__1_Coin_Program/First_Spouse_Program/2012-FCleveland2-unc-rev.jpg,Wikimedia Commons / Public Domain,3,Wikimedia Commons
2012_harrison_presidential-dollars_obverse,2012,,presidential-dollars,harrison,obverse,https://storage.googleapis.com/numista-reference-library/reference_library/bulk_programs/presidential/2012-presidential-dollar-coin-benjamin-harrison-uncirculated-obverse.jpg,,2,Numista Reference Library
2012_hawaii_america-the-beautiful_obverse,2012,,america-the-beautiful,hawaii,obverse,https://storage.googleapis.com/numista-reference-library/reference_library/wikimedia_uscoin/United_States_quarters/Washington_quarter/America_the_Beautiful_Quarters/2012_United_States_quarters/America_the_Beautiful_quarter__Hawaii_Volcanoes_/2012-ATB-Quarters-Unc-Hawaii.jpg,Wikimedia Commons / Public Domain,3,Wikimedia Commons
2012_native-american-dollar_reverse,2012,,native-american-dollar,,reverse,https://storage.googleapis.com/numista-reference-library/reference_library/bulk_programs/native_american/2012-native-american-one-dollar-uncirculated-reverse.jpg,,2,Numista Reference Library
2012_quarter_obverse,2012,,quarter,,obverse,https://storage.googleapis.com/numista-reference-library/reference_library/wikimedia_uscoin/United_States_quarters/Washington_quarter/America_the_Beautiful_Quarters/2012_United_States_quarters/America_the_Beautiful_quarter__El_Yunque_/2012-PR-Proof.jpg,Wikimedia Commons / Public Domain,3,Wikimedia Commons
2012_quarter_reverse,2012,,quarter,,reverse,https://storage.googleapis.com/numista-reference-library/reference_library/bulk_programs/america_the_beautiful/2012-america-the-beautiful-quarters-coin-hawaii-volcanoes-hawaii-uncirculated-reverse.jpg,,2,Numista Reference Library
2013_P_kennedy-half-dollar_obverse,2013,P,kennedy-half-dollar,,obverse,https://storage.googleapis.com/numista-uploads-studio-9101802118-8c9a8/kaggle/kennedy/kennedy_31.png,Kaggle / Public Domain,3,Kaggle Dataset
2013_american-eagle-platinum_reverse,2013,,american-eagle-platinum,,reverse,https://storage.googleapis.com/numista-reference-library/reference_library/bulk_programs/american_eagle/2013-american-eagle-platinum-one-ounce-proof-coin-reverse.jpg,,2,Numista Reference Library
2013_cent_obverse,2013,,cent,,obverse,https://storage.googleapis.com/numista-reference-library/reference_library/wikimedia_uscoin/United_States_cents/Obverses_of_United_States_cents/2013-Penny-uncP_200.jpg,Wikimedia Commons / Public Domain,3,Wikimedia Commons
2013_commemorative_obverse,2013,,commemorative,,obverse,https://storage.googleapis.com/numista-reference-library/reference_library/bulk_programs/commemoratives_all/2013-girl-scouts-centennial-commemorative-silver-one-dollar-uncirculated-obverse.jpg,,2,Numista Reference Library
2013_commemorative_reverse,2013,,commemorative,,reverse,https://storage.googleapis.com/numista-reference-library/reference_library/bulk_programs/commemoratives_all/2013-girl-scouts-centennial-commemorative-silver-one-dollar-uncirculated-reverse.jpg,,2,Numista Reference Library
2013_kennedy-half-dollar_obverse,2013,,kennedy-half-dollar,,obverse,https://storage.googleapis.com/numista-reference-library/reference_library/bulk_programs/commemoratives_all/2013-five-star-generals-commemorative-clad-half-dollar-uncirculated-obverse.jpg,,2,Numista Reference Library
2013_lincoln-cent_obverse,2013,,lincoln-cent,,obverse,https://storage.googleapis.com/numista-uploads-studio-9101802118-8c9a8/kaggle/us_coins/a3ccbbb7a8.jpg,Kaggle / Public Domain,3,Kaggle Dataset
2013_mckinley_presidential-dollars_obverse,2013,,presidential-dollars,mckinley,obverse,https://storage.googleapis.com/numista-reference-library/reference_library/bulk_programs/presidential/2013-presidential-dollar-coin-william-mckinley-uncirculated-obverse.jpg,,2,Numista Reference Library
2013_native-american-dollar_reverse,2013,,native-american-dollar,,reverse,https://storage.googleapis.com/numista-reference-library/reference_library/bulk_programs/native_american/2013-native-american-one-dollar-uncirculated-reverse.jpg,,2,Numista Reference Library
2013_quarter_obverse,2013,,quarter,,obverse,https://storage.googleapis.com/numista-reference-library/reference_library/wikimedia_uscoin/United_States_quarters/Washington_quarter/America_the_Beautiful_Quarters/2013_United_States_quarters/America_the_Beautiful_quarter__Perry_s_Victory_/2013-OH-Proof.jpg,Wikimedia Commons / Public Domain,3,Wikimedia Commons
2013_quarter_reverse,2013,,quarter,,reverse,https://storage.googleapis.com/numista-reference-library/reference_library/wikimedia_uscoin/United_States_quarters/Washington_quarter/America_the_Beautiful_Quarters/2013_United_States_quarters/America_the_Beautiful_quarter__White_Mountain_/2013-america-the-beautiful-quarters-coin-white-mountain-new-hampshire-uncirculated-reverse.jpg,Wikimedia Commons / Public Domain,3,Wikimedia Commons
2013_roosevelt_presidential-dollars_obverse,2013,,presidential-dollars,roosevelt,obverse,https://storage.googleapis.com/numista-reference-library/reference_library/bulk_programs/presidential/2013-presidential-dollar-coin-theodore-roosevelt-uncirculated-obverse.jpg,,2,Numista Reference Library
2013_taft_presidential-dollars_obverse,2013,,presidential-dollars,taft,obverse,https://storage.googleapis.com/numista-reference-library/reference_library/bulk_programs/presidential/2013-presidential-dollar-coin-william-howard-taft-uncirculated-obverse.jpg,,2,Numista Reference Library
2013_wilson_presidential-dollars_obverse,2013,,presidential-dollars,wilson,obverse,https://storage.googleapis.com/numista-reference-library/reference_library/bulk_programs/presidential/2013-presidential-dollar-coin-woodrow-wilson-uncirculated-obverse.jpg,,2,Numista Reference Library
2014_D_roosevelt_presidential-dollars_obverse,2014,D,presidential-dollars,roosevelt,obverse,https://storage.googleapis.com/numista-reference-library/reference_library/bulk_programs/presidential/2014-presidential-dollar-coin-franklin-d-roosevelt-uncirculated-obverse.jpg,,2,Numista Reference Library
2014_P_kennedy-half-dollar_obverse,2014,P,kennedy-half-dollar,,obverse,https://storage.googleapis.com/numista-reference-library/reference_library/wikimedia_uscoin/Half_dollar__United_States_/Kennedy_half_dollar/2014-P_50th_anniversary_Kennedy_half_dollar_high_relief_obverse.jpg,Wikimedia Commons / Public Domain,3,Wikimedia Commons
2014_P_kennedy-half-dollar_reverse,2014,P,kennedy-half-dollar,,reverse,https://storage.googleapis.com/numista-reference-library/reference_library/wikimedia_uscoin/Half_dollar__United_States_/Kennedy_half_dollar/2014-P_50th_anniversary_Kennedy_half_dollar_high_relief_reverse.jpg,Wikimedia Commons / Public Domain,3,Wikimedia Commons
2014_S_kennedy-half-dollar_obverse,2014,S,kennedy-half-dollar,,obverse,https://storage.googleapis.com/numista-uploads-studio-9101802118-8c9a8/kaggle/kennedy/kennedy_174.png,Kaggle / Public Domain,3,Kaggle Dataset
2014_W_kennedy-half-dollar_obverse,2014,W,kennedy-half-dollar,,obverse,https://storage.googleapis.com/numista-reference-library/reference_library/wikimedia_uscoin/Half_dollar__United_States_/Kennedy_half_dollar/2014-W_50th_anniversary_Kennedy_half_dollar_reverse_proof_obverse.jpg,Wikimedia Commons / Public Domain,3,Wikimedia Commons
2014_W_kennedy-half-dollar_reverse,2014,W,kennedy-half-dollar,,reverse,https://storage.googleapis.com/numista-reference-library/reference_library/wikimedia_uscoin/Half_dollar__United_States_/Kennedy_half_dollar/2014-W_50th_anniversary_Kennedy_half_dollar_reverse_proof_reverse.jpg,Wikimedia Commons / Public Domain,3,Wikimedia Commons
2014_american-eagle-platinum_obverse,2014,,american-eagle-platinum,,obverse,https://storage.googleapis.com/numista-reference-library/reference_library/bulk_programs/american_eagle/2014-american-eagle-platinum-one-ounce-proof-coin-obverse.jpg,,2,Numista Reference Library
2014_american-eagle-platinum_reverse,2014,,american-eagle-platinum,,reverse,https://storage.googleapis.com/numista-reference-library/reference_library/bulk_programs/american_eagle/2014-american-eagle-platinum-one-ounce-proof-coin-reverse.jpg,,2,Numista Reference Library
2014_commemorative_obverse,2014,,commemorative,,obverse,https://storage.googleapis.com/numista-reference-library/reference_library/bulk_programs/commemoratives_all/2014-national-baseball-hall-of-fame-commemorative-gold-five-dollar-uncirculated-obverse.jpg,,2,Numista Reference Library
2014_commemorative_reverse,2014,,commemorative,,reverse,https://storage.googleapis.com/numista-reference-library/reference_library/bulk_programs/commemoratives_all/2014-national-baseball-hall-of-fame-commemorative-silver-one-dollar-uncirculated-reverse.jpg,,2,Numista Reference Library
2014_coolidge_presidential-dollars_obverse,2014,,presidential-dollars,coolidge,obverse,https://storage.googleapis.com/numista-reference-library/reference_library/bulk_programs/presidential/2014-presidential-dollar-coin-calvin-coolidge-uncirculated-obverse.jpg,,2,Numista Reference Library
2014_harding_presidential-dollars_obverse,2014,,presidential-dollars,harding,obverse,https://storage.googleapis.com/numista-reference-library/reference_library/bulk_programs/presidential/2014-presidential-dollar-coin-warren-g-harding-uncirculated-obverse.jpg,,2,Numista Reference Library
2014_hoover_presidential-dollars_obverse,2014,,presidential-dollars,hoover,obverse,https://storage.googleapis.com/numista-reference-library/reference_library/bulk_programs/presidential/2014-presidential-dollar-coin-herbert-hoover-uncirculated-obverse.jpg,,2,Numista Reference Library
2014_kennedy-half-dollar_obverse,2014,,kennedy-half-dollar,,obverse,https://storage.googleapis.com/numista-reference-library/reference_library/bulk_programs/commemoratives_all/2014-national-baseball-hall-of-fame-commemorative-clad-half-dollar-proof-obverse.jpg,,2,Numista Reference Library
2014_native-american-dollar_reverse,2014,,native-american-dollar,,reverse,https://storage.googleapis.com/numista-reference-library/reference_library/bulk_programs/native_american/2014-native-american-one-dollar-uncirculated-reverse.jpg,,2,Numista Reference Library
2014_quarter_reverse,2014,,quarter,,reverse,https://storage.googleapis.com/numista-reference-library/reference_library/bulk_programs/america_the_beautiful/2014-america-the-beautiful-quarters-coin-shenandoah-virginia-uncirculated-reverse.jpg,,2,Numista Reference Library
2015_D_eisenhower_presidential-dollars_obverse,2015,D,presidential-dollars,eisenhower,obverse,https://storage.googleapis.com/numista-reference-library/reference_library/bulk_programs/presidential/2015-presidential-dollar-coin-dwight-d-eisenhower-uncirculated-obverse.jpg,,2,Numista Reference Library
2015_S_kennedy-half-dollar_obverse,2015,S,kennedy-half-dollar,,obverse,https://storage.googleapis.com/numista-uploads-studio-9101802118-8c9a8/kaggle/kennedy/kennedy_37.png,Kaggle / Public Domain,3,Kaggle Dataset
2015_S_truman_presidential-dollars_obverse,2015,S,presidential-dollars,truman,obverse,https://storage.googleapis.com/numista-reference-library/reference_library/bulk_programs/presidential/2015-presidential-dollar-coin-harry-s-truman-uncirculated-obverse.jpg,,2,Numista Reference Library
2015_W_dime_obverse,2015,W,dime,,obverse,https://storage.googleapis.com/numista-reference-library/reference_library/wikimedia_uscoin/United_States_dimes/Roosevelt_dimes/2015-W_proof_Roosevelt_dime_obverse.jpg,Wikimedia Commons / Public Domain,3,Wikimedia Commons
2015_W_dime_reverse,2015,W,dime,,reverse,https://storage.googleapis.com/numista-reference-library/reference_library/wikimedia_uscoin/United_States_dimes/Roosevelt_dimes/2015-W_proof_Roosevelt_dime_reverse.jpg,Wikimedia Commons / Public Domain,3,Wikimedia Commons
2015_america-the-beautiful_reverse,2015,,america-the-beautiful,,reverse,https://storage.googleapis.com/numista-reference-library/reference_library/wikimedia_uscoin/United_States_quarters/Washington_quarter/America_the_Beautiful_Quarters/2015_United_States_quarters/America_the_Beautiful_quarter__Saratoga_/2015-ATB-Proof-Saratoga-rev-200.jpg,Wikimedia Commons / Public Domain,3,Wikimedia Commons
2015_american-eagle-platinum_reverse,2015,,american-eagle-platinum,,reverse,https://storage.googleapis.com/numista-reference-library/reference_library/bulk_programs/american_eagle/2015-american-eagle-platinum-one-ounce-proof-coin-reverse.jpg,,2,Numista Reference Library
2015_commemorative_obverse,2015,,commemorative,,obverse,https://storage.googleapis.com/numista-reference-library/reference_library/bulk_programs/commemoratives_all/2015-united-states-marshals-225th-anniversary-commemorative-silver-one-dollar-uncirculated-obverse.jpg,,2,Numista Reference Library
2015_commemorative_reverse,2015,,commemorative,,reverse,https://storage.googleapis.com/numista-reference-library/reference_library/bulk_programs/commemoratives_all/2015-united-states-marshals-225th-anniversary-commemorative-gold-five-dollar-proof-reverse.jpg,,2,Numista Reference Library
2015_johnson_presidential-dollars_obverse,2015,,presidential-dollars,johnson,obverse,https://storage.googleapis.com/numista-reference-library/reference_library/bulk_programs/presidential/2015-presidential-dollar-coin-lyndon-b-johnson-uncirculated-obverse.jpg,,2,Numista Reference Library
2015_kennedy-half-dollar_obverse,2015,,kennedy-half-dollar,,obverse,https://storage.googleapis.com/numista-reference-library/reference_library/bulk_programs/commemoratives_all/2015-united-states-marshals-225th-anniversary-commemorative-clad-half-dollar-proof-obverse.jpg,,2,Numista Reference Library
2015_kennedy_presidential-dollars_obverse,2015,,presidential-dollars,kennedy,obverse,https://storage.googleapis.com/numista-reference-library/reference_library/bulk_programs/presidential/2015-presidential-dollar-coin-john-f-kennedy-uncirculated-obverse.jpg,,2,Numista Reference Library
2015_native-american-dollar_reverse,2015,,native-american-dollar,,reverse,https://storage.googleapis.com/numista-reference-library/reference_library/bulk_programs/native_american/2015-native-american-one-dollar-uncirculated-reverse.jpg,,2,Numista Reference Library
2015_quarter_reverse,2015,,quarter,,reverse,https://storage.googleapis.com/numista-reference-library/reference_library/bulk_programs/america_the_beautiful/2015-america-the-beautiful-quarters-coin-saratoga-new-york-uncirculated-reverse.jpg,,2,Numista Reference Library
2016_P_kennedy-half-dollar_obverse,2016,P,kennedy-half-dollar,,obverse,https://storage.googleapis.com/numista-uploads-studio-9101802118-8c9a8/kaggle/kennedy/kennedy_102.png,Kaggle / Public Domain,3,Kaggle Dataset
2016_S_kennedy-half-dollar_obverse,2016,S,kennedy-half-dollar,,obverse,https://storage.googleapis.com/numista-uploads-studio-9101802118-8c9a8/kaggle/kennedy/kennedy_50.png,Kaggle / Public Domain,3,Kaggle Dataset
2016_W_quarter_obverse,2016,W,quarter,,obverse,https://storage.googleapis.com/numista-reference-library/reference_library/bulk_programs/historic_quarters/2016-W_Standing_Liberty_quarter_gold_attr_Professional_Coin_Grading_Service.jpg,,2,Numista Reference Library
2016_american-eagle-gold_obverse,2016,,american-eagle-gold,,obverse,https://storage.googleapis.com/numista-uploads-studio-9101802118-8c9a8/kaggle/us_coins/e7b6e326da.jpg,Kaggle / Public Domain,3,Kaggle Dataset
2016_american-eagle-platinum_obverse,2016,,american-eagle-platinum,,obverse,https://storage.googleapis.com/numista-reference-library/reference_library/bulk_programs/american_eagle/2016-american-eagle-platinum-one-ounce-proof-coin-obverse.jpg,,2,Numista Reference Library
2016_american-eagle-platinum_reverse,2016,,american-eagle-platinum,,reverse,https://storage.googleapis.com/numista-reference-library/reference_library/bulk_programs/american_eagle/2016-american-eagle-platinum-one-ounce-proof-coin-reverse.jpg,,2,Numista Reference Library
2016_commemorative_obverse,2016,,commemorative,,obverse,https://storage.googleapis.com/numista-reference-library/reference_library/bulk_programs/commemoratives_all/2016-national-park-service-centennial-commemorative-silver-proof-obverse.jpg,,2,Numista Reference Library
2016_commemorative_reverse,2016,,commemorative,,reverse,https://storage.googleapis.com/numista-reference-library/reference_library/bulk_programs/commemoratives_all/2016-national-park-service-centennial-commemorative-clad-proof-reverse.jpg,,2,Numista Reference Library
2016_ford_presidential-dollars_obverse,2016,,presidential-dollars,ford,obverse,https://storage.googleapis.com/numista-reference-library/reference_library/bulk_programs/presidential/2016-presidential-dollar-coin-gerald-r-ford-uncirculated-obverse.jpg,,2,Numista Reference Library
2016_native-american-dollar_reverse,2016,,native-american-dollar,,reverse,https://storage.googleapis.com/numista-reference-library/reference_library/bulk_programs/native_american/2016-native-american-one-dollar-uncirculated-reverse.jpg,,2,Numista Reference Library
2016_presidential-dollars_obverse,2016,,presidential-dollars,,obverse,https://storage.googleapis.com/numista-reference-library/reference_library/bulk_programs/presidential/2016-presidential-dollar-coin-richard-m-nixon-uncirculated-obverse.jpg,,2,Numista Reference Library
2016_quarter_reverse,2016,,quarter,,reverse,https://storage.googleapis.com/numista-reference-library/reference_library/wikimedia_uscoin/United_States_quarters/Washington_quarter/America_the_Beautiful_Quarters/2016_United_States_quarters/America_the_Beautiful_quarter__Theodore_Roosevelt_/2016-america-the-beautiful-quarters-coin-theodore-roosevelt-north-dakota-uncirculated-reverse.jpg,Wikimedia Commons / Public Domain,3,Wikimedia Commons
2016_reagan_presidential-dollars_obverse,2016,,presidential-dollars,reagan,obverse,https://storage.googleapis.com/numista-reference-library/reference_library/bulk_programs/presidential/2016-presidential-dollar-coin-ronald-reagan-uncirculated-obverse.jpg,,2,Numista Reference Library
2017_P_lincoln-cent_obverse,2017,P,lincoln-cent,,obverse,https://storage.googleapis.com/numista-reference-library/reference_library/wikimedia_uscoin/United_States_cents/Lincoln_cents/Lincoln_Shield_cent/2017-P_Lincoln_Shield_cent_obverse.jpg,Wikimedia Commons / Public Domain,3,Wikimedia Commons
2017_S_kennedy-half-dollar_obverse,2017,S,kennedy-half-dollar,,obverse,https://storage.googleapis.com/numista-uploads-studio-9101802118-8c9a8/kaggle/kennedy/kennedy_23.PNG,Kaggle / Public Domain,3,Kaggle Dataset
2017_W_american-liberty_obverse,2017,W,american-liberty,,obverse,https://storage.googleapis.com/numista-uploads-studio-9101802118-8c9a8/kaggle/us_coins/b861b9f53d.jpg,Kaggle / Public Domain,3,Kaggle Dataset
2017_american-eagle-platinum_obverse,2017,,american-eagle-platinum,,obverse,https://storage.googleapis.com/numista-reference-library/reference_library/bulk_programs/american_eagle/2017-american-eagle-platinum-one-ounce-proof-coin-obverse.jpg,,2,Numista Reference Library
2017_american-eagle-platinum_reverse,2017,,american-eagle-platinum,,reverse,https://storage.googleapis.com/numista-reference-library/reference_library/bulk_programs/american_eagle/2017-american-eagle-platinum-one-ounce-proof-coin-reverse.jpg,,2,Numista Reference Library
2017_american_eagle_obverse,2017,,american_eagle,,obverse,https://storage.googleapis.com/numista-reference-library/reference_library/bulk_programs/american_eagle/2017-palladium-one-ounce-bullion-coin-obverse.jpg,,2,Numista Reference Library
2017_american_eagle_reverse,2017,,american_eagle,,reverse,https://storage.googleapis.com/numista-reference-library/reference_library/bulk_programs/american_eagle/2017-palladium-one-ounce-bullion-coin-reverse.jpg,,2,Numista Reference Library
2017_commemorative_obverse,2017,,commemorative,,obverse,https://storage.googleapis.com/numista-reference-library/reference_library/bulk_programs/commemoratives_all/2017-lions-clubs-commemorative-silver-uncirculated-obverse.jpg,,2,Numista Reference Library
2017_commemorative_reverse,2017,,commemorative,,reverse,https://storage.googleapis.com/numista-reference-library/reference_library/bulk_programs/commemoratives_all/2017-lions-clubs-commemorative-silver-uncirculated-reverse.jpg,,2,Numista Reference Library
2017_kennedy-half-dollar_obverse,2017,,kennedy-half-dollar,,obverse,https://storage.googleapis.com/numista-uploads-studio-9101802118-8c9a8/kaggle/training/kennedy_159.png,Kaggle / Public Domain,3,Kaggle Dataset
2017_lincoln-cent_obverse,2017,,lincoln-cent,,obverse,https://storage.googleapis.com/numista-reference-library/reference_library/bulk_programs/penny/2017-lincoln-penny-uncirculated-obverse-philadelphia.jpg,,2,Numista Reference Library
2017_native-american-dollar_reverse,2017,,native-american-dollar,,reverse,https://storage.googleapis.com/numista-reference-library/reference_library/bulk_programs/native_american/2017-native-american-one-dollar-uncirculated-coin-reverse.jpg,,2,Numista Reference Library
2017_quarter_reverse,2017,,quarter,,reverse,https://storage.googleapis.com/numista-reference-library/reference_library/wikimedia_uscoin/United_States_quarters/Washington_quarter/America_the_Beautiful_Quarters/2017_United_States_quarters/America_the_Beautiful_quarter__Ozark_Riverways_/2017-america-the-beautiful-quarters-coin-ozark-riverways-missouri-proof-reverse-768x768.jpg,Wikimedia Commons / Public Domain,3,Wikimedia Commons
2018_S_lincoln-cent_obverse,2018,S,lincoln-cent,,obverse,https://storage.googleapis.com/numista-reference-library/reference_library/wikimedia_uscoin/United_States_cents/Lincoln_cents/Lincoln_Shield_cent/2018-S_proof_Lincoln_cent_obverse__28reverse_cameo_29.jpg,Wikimedia Commons / Public Domain,3,Wikimedia Commons
2018_american-eagle-platinum_obverse,2018,,american-eagle-platinum,,obverse,https://storage.googleapis.com/numista-reference-library/reference_library/bulk_programs/american_eagle/2018-american-eagle-platinum-one-ounce-proof-coin-obverse.jpg,,2,Numista Reference Library
2018_american-innovation_obverse,2018,,american-innovation,,obverse,https://storage.googleapis.com/numista-reference-library/reference_library/bulk_programs/american_innovation/2018-american-innovation-one-dollar-reverse-proof-coin-obverse.jpg,,2,Numista Reference Library
2018_american-innovation_reverse,2018,,american-innovation,,reverse,https://storage.googleapis.com/numista-reference-library/reference_library/bulk_programs/american_innovation/2018-american-innovation-one-dollar-uncirculated-coin-reverse.jpg,,2,Numista Reference Library
2018_coin_sets_obverse,2018,,coin_sets,,obverse,https://storage.googleapis.com/numista-reference-library/reference_library/user_contributed/coin_sets/jamul-sovereign-2018/2018%20Jamul%20Sovereign%20Nation%205¢%20-%20Tiki%20Obverse.PNG,,5,User Contributed
2018_coin_sets_reverse,2018,,coin_sets,,reverse,https://storage.googleapis.com/numista-reference-library/reference_library/user_contributed/coin_sets/jamul-sovereign-2018/2018%20Jamul%20Sovereign%20Nation%205¢%20-%20Tiki%20Reverse.PNG,,5,User Contributed
2018_commemorative_obverse,2018,,commemorative,,obverse,https://storage.googleapis.com/numista-reference-library/reference_library/bulk_programs/commemoratives_all/2018-world-war-one-centennial-commemorative-silver-uncirculated-obverse.jpg,,2,Numista Reference Library
2018_commemorative_reverse,2018,,commemorative,,reverse,https://storage.googleapis.com/numista-reference-library/reference_library/bulk_programs/commemoratives_all/2018-world-war-one-centennial-commemorative-silver-uncirculated-reverse.jpg,,2,Numista Reference Library
2018_native-american-dollar_reverse,2018,,native-american-dollar,,reverse,https://storage.googleapis.com/numista-reference-library/reference_library/bulk_programs/native_american/2018-native-american-one-dollar-uncirculated-coin-reverse.jpg,,2,Numista Reference Library
2018_quarter_reverse,2018,,quarter,,reverse,https://storage.googleapis.com/numista-reference-library/reference_library/bulk_programs/america_the_beautiful/2018-america-the-beautiful-quarters-coin-voyageurs-minnesota-uncirculated-reverse.jpg,,2,Numista Reference Library
2019_D_kennedy-half-dollar_obverse,2019,D,kennedy-half-dollar,,obverse,https://storage.googleapis.com/numista-uploads-studio-9101802118-8c9a8/kaggle/kennedy/kennedy_150.png,Kaggle / Public Domain,3,Kaggle Dataset
2019_S_kennedy-half-dollar_obverse,2019,S,kennedy-half-dollar,,obverse,https://storage.googleapis.com/numista-uploads-studio-9101802118-8c9a8/kaggle/kennedy/kennedy_36.png,Kaggle / Public Domain,3,Kaggle Dataset
2019_american-eagle-platinum_obverse,2019,,american-eagle-platinum,,obverse,https://storage.googleapis.com/numista-reference-library/reference_library/bulk_programs/american_eagle/2019-american-eagle-platinum-one-ounce-proof-coin-obverse.jpg,,2,Numista Reference Library
2019_commemorative_obverse,2019,,commemorative,,obverse,https://storage.googleapis.com/numista-reference-library/reference_library/bulk_programs/commemoratives_all/2019-apollo-11-50th-anniversary-commemorative-gold-uncirculated-five-dollar-obverse.jpg,,2,Numista Reference Library
2019_commemorative_reverse,2019,,commemorative,,reverse,https://storage.googleapis.com/numista-reference-library/reference_library/bulk_programs/commemoratives_all/2019-apollo-11-50th-anniversary-commemorative-silver-uncirculated-one-dollar-coin-reverse.jpg,,2,Numista Reference Library
2019_delaware_american-innovation_reverse,2019,,american-innovation,delaware,reverse,https://storage.googleapis.com/numista-reference-library/reference_library/bulk_programs/american_innovation/2019-american-innovation-one-dollar-coin-delaware-uncirculated-reverse.jpg,,2,Numista Reference Library
2019_georgia_american-innovation_reverse,2019,,american-innovation,georgia,reverse,https://storage.googleapis.com/numista-reference-library/reference_library/bulk_programs/american_innovation/2019-american-innovation-one-dollar-coin-georgia-uncirculated-reverse.jpg,,2,Numista Reference Library
2019_kennedy-half-dollar_obverse,2019,,kennedy-half-dollar,,obverse,https://storage.googleapis.com/numista-reference-library/reference_library/bulk_programs/commemoratives_all/2019-apollo-11-50th-anniversary-commemorative-clad-proof-half-dollar-obverse.jpg,,2,Numista Reference Library
2019_lincoln-cent_obverse,2019,,lincoln-cent,,obverse,https://storage.googleapis.com/numista-reference-library/reference_library/bulk_programs/penny/2019-lincoln-penny-proof-obverse-west-point.jpg,,2,Numista Reference Library
2019_native-american-dollar_reverse,2019,,native-american-dollar,,reverse,https://storage.googleapis.com/numista-reference-library/reference_library/bulk_programs/native_american/2019-native-american-one-dollar-uncirculated-reverse.jpg,,2,Numista Reference Library
2019_new-jersey_american-innovation_reverse,2019,,american-innovation,new-jersey,reverse,https://storage.googleapis.com/numista-reference-library/reference_library/bulk_programs/american_innovation/2019-american-innovation-one-dollar-coin-new-jersey-uncirculated-reverse.jpg,,2,Numista Reference Library
2019_pennsylvania_american-innovation_reverse,2019,,american-innovation,pennsylvania,reverse,https://storage.googleapis.com/numista-reference-library/reference_library/bulk_programs/american_innovation/2019-american-innovation-one-dollar-coin-pennsylvania-uncirculated-reverse.jpg,,2,Numista Reference Library
2019_quarter_reverse,2019,,quarter,,reverse,https://storage.googleapis.com/numista-reference-library/reference_library/bulk_programs/america_the_beautiful/2019-america-the-beautiful-quarters-coin-war-in-the-pacific-guam-uncirculated-reverse.jpg,,2,Numista Reference Library
2020_S_kennedy-half-dollar_obverse,2020,S,kennedy-half-dollar,,obverse,https://storage.googleapis.com/numista-uploads-studio-9101802118-8c9a8/kaggle/kennedy/kennedy_51.png,Kaggle / Public Domain,3,Kaggle Dataset
2020_american-eagle-platinum_obverse,2020,,american-eagle-platinum,,obverse,https://storage.googleapis.com/numista-reference-library/reference_library/bulk_programs/american_eagle/2020-american-eagle-platinum-one-ounce-proof-coin-obverse.jpg,,2,Numista Reference Library
2020_american-eagle-platinum_reverse,2020,,american-eagle-platinum,,reverse,https://storage.googleapis.com/numista-reference-library/reference_library/bulk_programs/american_eagle/2020-american-eagle-platinum-one-ounce-proof-coin-reverse.jpg,,2,Numista Reference Library
2020_bush_presidential-dollars_obverse,2020,,presidential-dollars,bush,obverse,https://storage.googleapis.com/numista-reference-library/reference_library/bulk_programs/presidential/2020-presidential-dollar-coin-george-hw-bush-uncirculated-obverse.jpg,,2,Numista Reference Library
2020_commemorative_obverse,2020,,commemorative,,obverse,https://storage.googleapis.com/numista-reference-library/reference_library/bulk_programs/commemoratives_all/2020-womens-suffrage-centennial-commemorative-silver-dollar-uncirculated-obverse.jpg,,2,Numista Reference Library
2020_commemorative_reverse,2020,,commemorative,,reverse,https://storage.googleapis.com/numista-reference-library/reference_library/bulk_programs/commemoratives_all/2020-womens-suffrage-centennial-commemorative-silver-dollar-uncirculated-reverse.jpg,,2,Numista Reference Library
2020_connecticut_american-innovation_reverse,2020,,american-innovation,connecticut,reverse,https://storage.googleapis.com/numista-reference-library/reference_library/bulk_programs/american_innovation/2020-american-innovation-one-dollar-coin-connecticut-uncirculated-reverse.jpg,,2,Numista Reference Library
2020_kennedy-half-dollar_reverse,2020,,kennedy-half-dollar,,reverse,https://storage.googleapis.com/numista-reference-library/reference_library/bulk_programs/commemoratives_all/2020-basketball-hall-of-fame-commemorative-clad-half-dollar-proof-colorized-reverse.jpg,,2,Numista Reference Library
2020_maryland_american-innovation_reverse,2020,,american-innovation,maryland,reverse,https://storage.googleapis.com/numista-reference-library/reference_library/bulk_programs/american_innovation/2020-american-innovation-one-dollar-coin-maryland-uncirculated-reverse.jpg,,2,Numista Reference Library
2020_massachusetts_american-innovation_reverse,2020,,american-innovation,massachusetts,reverse,https://storage.googleapis.com/numista-reference-library/reference_library/bulk_programs/american_innovation/2020-american-innovation-one-dollar-coin-massachusetts-uncirculated-reverse.jpg,,2,Numista Reference Library
2020_native-american-dollar_reverse,2020,,native-american-dollar,,reverse,https://storage.googleapis.com/numista-reference-library/reference_library/bulk_programs/native_american/2020-native-american-one-dollar-uncirculated-coin-reverse.jpg,,2,Numista Reference Library
2020_quarter_reverse,2020,,quarter,,reverse,https://storage.googleapis.com/numista-reference-library/reference_library/bulk_programs/generic_quarters/2020-america-the-beautiful-quarters-coin-national-park-of-american-samoa-uncirculated-reverse.jpg,,2,Numista Reference Library
2020_south-carolina_american-innovation_reverse,2020,,american-innovation,south-carolina,reverse,https://storage.googleapis.com/numista-reference-library/reference_library/bulk_programs/american_innovation/2020-american-innovation-one-dollar-coin-south-carolina-uncirculated-reverse.jpg,,2,Numista Reference Library
2021_D_alabama_america-the-beautiful_obverse,2021,D,america-the-beautiful,alabama,obverse,https://storage.googleapis.com/numista-reference-library/reference_library/wikimedia_uscoin/United_States_quarters/Washington_quarter/America_the_Beautiful_Quarters/America_the_Beautiful_quarter_2C_obverse.jpg,US Mint / Wikimedia Commons,1,Numista Reference Library
2021_D_alabama_america-the-beautiful_reverse,2021,D,america-the-beautiful,alabama,reverse,https://storage.googleapis.com/numista-reference-library/reference_library/wikimedia_uscoin/United_States_quarters/Washington_quarter/America_the_Beautiful_Quarters/2021_Tuskegee_Airmen_America_the_Beautiful_quarter/2021_ATB_quarter_AL.jpg,US Mint / Wikimedia Commons,1,Numista Reference Library
2021_D_tuskegee-airmen_america-the-beautiful_obverse,2021,D,america-the-beautiful,alabama,obverse,https://storage.googleapis.com/numista-reference-library/reference_library/wikimedia_uscoin/United_States_quarters/Washington_quarter/America_the_Beautiful_Quarters/America_the_Beautiful_quarter_2C_obverse.jpg,US Mint / Wikimedia Commons,1,Numista Reference Library
2021_D_tuskegee-airmen_america-the-beautiful_reverse,2021,D,america-the-beautiful,alabama,reverse,https://storage.googleapis.com/numista-reference-library/reference_library/wikimedia_uscoin/United_States_quarters/Washington_quarter/America_the_Beautiful_Quarters/2021_Tuskegee_Airmen_America_the_Beautiful_quarter/2021_ATB_quarter_AL.jpg,US Mint / Wikimedia Commons,1,Numista Reference Library
2021_D_tuskegee_america-the-beautiful_obverse,2021,D,america-the-beautiful,alabama,obverse,https://storage.googleapis.com/numista-reference-library/reference_library/wikimedia_uscoin/United_States_quarters/Washington_quarter/America_the_Beautiful_Quarters/America_the_Beautiful_quarter_2C_obverse.jpg,US Mint / Wikimedia Commons,1,Numista Reference Library
2021_D_tuskegee_america-the-beautiful_reverse,2021,D,america-the-beautiful,alabama,reverse,https://storage.googleapis.com/numista-reference-library/reference_library/wikimedia_uscoin/United_States_quarters/Washington_quarter/America_the_Beautiful_Quarters/2021_Tuskegee_Airmen_America_the_Beautiful_quarter/2021_ATB_quarter_AL.jpg,US Mint / Wikimedia Commons,1,Numista Reference Library
2021_P_kennedy-half-dollar_obverse,2021,P,kennedy-half-dollar,,obverse,https://storage.googleapis.com/numista-uploads-studio-9101802118-8c9a8/kaggle/kennedy/kennedy_10.png,Kaggle / Public Domain,3,Kaggle Dataset
2021_P_quarter_obverse,2021,P,quarter,,obverse,https://storage.googleapis.com/numista-reference-library/reference_library/wikimedia_uscoin/United_States_quarters/Washington_quarter/2021-P_US_Quarter_Obverse.jpg,Wikimedia Commons / Public Domain,3,Wikimedia Commons
2021_S_kennedy-half-dollar_obverse,2021,S,kennedy-half-dollar,,obverse,https://storage.googleapis.com/numista-uploads-studio-9101802118-8c9a8/kaggle/kennedy/kennedy_170.png,Kaggle / Public Domain,3,Kaggle Dataset
2021_alabama_america-the-beautiful_obverse,2021,D,america-the-beautiful,alabama,obverse,https://storage.googleapis.com/numista-reference-library/reference_library/wikimedia_uscoin/United_States_quarters/Washington_quarter/America_the_Beautiful_Quarters/America_the_Beautiful_quarter_2C_obverse.jpg,US Mint / Wikimedia Commons,1,Numista Reference Library
2021_alabama_america-the-beautiful_reverse,2021,D,america-the-beautiful,alabama,reverse,https://storage.googleapis.com/numista-reference-library/reference_library/wikimedia_uscoin/United_States_quarters/Washington_quarter/America_the_Beautiful_Quarters/2021_Tuskegee_Airmen_America_the_Beautiful_quarter/2021_ATB_quarter_AL.jpg,US Mint / Wikimedia Commons,1,Numista Reference Library
2021_american-eagle-platinum_obverse,2021,,american-eagle-platinum,,obverse,https://storage.googleapis.com/numista-reference-library/reference_library/bulk_programs/american_eagle/2021-american-eagle-platinum-proof-coin-obverse.jpg,,2,Numista Reference Library
2021_commemorative_obverse,2021,,commemorative,,obverse,https://storage.googleapis.com/numista-reference-library/reference_library/bulk_programs/commemoratives_all/2021-national-law-enforcement-memorial-and-museum-gold-coin-proof-obverse.jpg,,2,Numista Reference Library
2021_commemorative_reverse,2021,,commemorative,,reverse,https://storage.googleapis.com/numista-reference-library/reference_library/bulk_programs/commemoratives_all/2021-national-law-enforcement-memorial-and-museum-silver-coin-uncirculated-reverse.jpg,,2,Numista Reference Library
2021_morgan-dollar_obverse,2021,,morgan-dollar,,obverse,https://storage.googleapis.com/numista-uploads-studio-9101802118-8c9a8/kaggle/morgan/morgan_90.png,Kaggle / Public Domain,3,Kaggle Dataset
2021_morgan-dollar_reverse,2021,,morgan-dollar,,reverse,https://storage.googleapis.com/numista-reference-library/reference_library/wikimedia_uscoin/Dollar_coins_of_the_United_States/Commemorative_United_States_dollar_coins/Commemorative_silver_dollars_of_the_United_States/2021_Morgan_dollar/2021-morgan-dollar-anniversary-coin-uncirculated-reverse-cc-privy-mark.png,Wikimedia Commons / Public Domain,3,Wikimedia Commons
2021_native-american-dollar_reverse,2021,,native-american-dollar,,reverse,https://storage.googleapis.com/numista-reference-library/reference_library/bulk_programs/native_american/2021-native-american-one-dollar-uncirculated-coin-reverse.jpg,,2,Numista Reference Library
2021_new-hampshire_american-innovation_reverse,2021,,american-innovation,new-hampshire,reverse,https://storage.googleapis.com/numista-reference-library/reference_library/bulk_programs/american_innovation/2021-american-innovation-one-dollar-coin-new-hampshire-uncirculated-reverse.jpg,,2,Numista Reference Library
2021_new-york_american-innovation_reverse,2021,,american-innovation,new-york,reverse,https://storage.googleapis.com/numista-reference-library/reference_library/bulk_programs/american_innovation/2021-american-innovation-one-dollar-coin-new-york-uncirculated-reverse.jpg,,2,Numista Reference Library
2021_north-carolina_american-innovation_reverse,2021,,american-innovation,north-carolina,reverse,https://storage.googleapis.com/numista-reference-library/reference_library/bulk_programs/american_innovation/2021-american-innovation-one-dollar-coin-north-carolina-uncirculated-reverse.jpg,,2,Numista Reference Library
2021_quarter_obverse,2021,,quarter,,obverse,https://storage.googleapis.com/numista-reference-library/reference_library/bulk_programs/washington_crossing_delaware/2021-general-george-washington-crossing-the-delaware-quarter-uncirculated-obverse-philadelphia.jpg,,2,Numista Reference Library
2021_quarter_reverse,2021,,quarter,,reverse,https://storage.googleapis.com/numista-reference-library/reference_library/bulk_programs/washington_crossing_delaware/2021-general-george-washington-crossing-the-delaware-quarter-uncirculated-reverse.jpg,,2,Numista Reference Library
2021_tuskegee-airmen_america-the-beautiful_obverse,2021,D,america-the-beautiful,alabama,obverse,https://storage.googleapis.com/numista-reference-library/reference_library/wikimedia_uscoin/United_States_quarters/Washington_quarter/America_the_Beautiful_Quarters/America_the_Beautiful_quarter_2C_obverse.jpg,US Mint / Wikimedia Commons,1,Numista Reference Library
2021_tuskegee-airmen_america-the-beautiful_reverse,2021,D,america-the-beautiful,alabama,reverse,https://storage.googleapis.com/numista-reference-library/reference_library/wikimedia_uscoin/United_States_quarters/Washington_quarter/America_the_Beautiful_Quarters/2021_Tuskegee_Airmen_America_the_Beautiful_quarter/2021_ATB_quarter_AL.jpg,US Mint / Wikimedia Commons,1,Numista Reference Library
2021_tuskegee_america-the-beautiful_obverse,2021,D,america-the-beautiful,alabama,obverse,https://storage.googleapis.com/numista-reference-library/reference_library/wikimedia_uscoin/United_States_quarters/Washington_quarter/America_the_Beautiful_Quarters/America_the_Beautiful_quarter_2C_obverse.jpg,US Mint / Wikimedia Commons,1,Numista Reference Library
2021_tuskegee_america-the-beautiful_reverse,2021,D,america-the-beautiful,alabama,reverse,https://storage.googleapis.com/numista-reference-library/reference_library/wikimedia_uscoin/United_States_quarters/Washington_quarter/America_the_Beautiful_Quarters/2021_Tuskegee_Airmen_America_the_Beautiful_quarter/2021_ATB_quarter_AL.jpg,US Mint / Wikimedia Commons,1,Numista Reference Library
2021_virginia_american-innovation_reverse,2021,,american-innovation,virginia,reverse,https://storage.googleapis.com/numista-reference-library/reference_library/bulk_programs/american_innovation/2021-american-innovation-one-dollar-coin-virginia-uncirculated-reverse.jpg,,2,Numista Reference Library
2022_P_american-women-quarters_obverse,2022,P,american-women-quarters,,obverse,https://storage.googleapis.com/numista-uploads-studio-9101802118-8c9a8/kaggle/us_coins/979ea8e95e.jpg,Kaggle / Public Domain,3,Kaggle Dataset
2022_american-eagle-platinum_obverse,2022,,american-eagle-platinum,,obverse,https://storage.googleapis.com/numista-reference-library/reference_library/bulk_programs/american_eagle/2022-american-eagle-platinum-proof-coin-obverse.jpg,,2,Numista Reference Library
2022_american-eagle-silver_obverse,2022,,american-eagle-silver,,obverse,https://storage.googleapis.com/numista-reference-library/reference_library/wikimedia_uscoin/Dollar_coins_of_the_United_States/American_Silver_Eagle/2022-american-eagle-silver-one-ounce-bullion-coin-obverse.png,Wikimedia Commons / Public Domain,3,Wikimedia Commons
2022_american-women-quarters_obverse,2022,,american-women-quarters,,obverse,https://storage.googleapis.com/numista-uploads-studio-9101802118-8c9a8/reference_images/us_mint/2022-american-women-quarters-coin-uncirculated-obverse-philadelphia.jpg,US Mint,1,us_mint
2022_american-women-quarters_reverse,2022,,american-women-quarters,,reverse,https://storage.googleapis.com/numista-reference-library/reference_library/bulk_programs/american_women/2022%20maya%20angelou.jpg,US Mint / Numista.AI,2,bulk_programs
2022_anna-may-wong_american-women-quarters_reverse,2022,,american-women-quarters,anna-may-wong,reverse,https://storage.googleapis.com/numista-reference-library/reference_library/bulk_programs/american_women/American_Women_Quarter_2022_Anna_May_Wong.jpg,Numista Reference Library,2,Numista Reference Library
2022_commemorative_obverse,2022,,commemorative,,obverse,https://storage.googleapis.com/numista-reference-library/reference_library/bulk_programs/commemoratives_all/2022-negro-leagues-baseball-commemorative-silver-uncirculated-obverse.jpg,,2,Numista Reference Library
2022_commemorative_reverse,2022,,commemorative,,reverse,https://storage.googleapis.com/numista-reference-library/reference_library/bulk_programs/commemoratives_all/2022-negro-leagues-baseball-commemorative-silver-proof-reverse.jpg,,2,Numista Reference Library
2022_kentucky_american-innovation_reverse,2022,,american-innovation,kentucky,reverse,https://storage.googleapis.com/numista-reference-library/reference_library/bulk_programs/american_innovation/2022-american-innovation-one-dollar-coin-kentucky-uncirculated-reverse.jpg,,2,Numista Reference Library
2022_maya-angelou_american-women-quarters_reverse,2022,,american-women-quarters,maya-angelou,reverse,https://storage.googleapis.com/numista-reference-library/reference_library/bulk_programs/american_women/American_Women_quarter_2022_Maya_Angelou.jpeg,Numista Reference Library,2,Numista Reference Library
2022_native-american-dollar_reverse,2022,,native-american-dollar,,reverse,https://storage.googleapis.com/numista-reference-library/reference_library/bulk_programs/native_american/2022-native-american-one-dollar-uncirculated-coin-reverse.jpg,,2,Numista Reference Library
2022_nina-otero-warren_american-women-quarters_reverse,2022,,american-women-quarters,nina-otero-warren,reverse,https://storage.googleapis.com/numista-reference-library/reference_library/bulk_programs/american_women/American_Women_quarter_2022_Nina_Otero-Warren.png,Numista Reference Library,2,Numista Reference Library
2022_rhode-island_american-innovation_reverse,2022,,american-innovation,rhode-island,reverse,https://storage.googleapis.com/numista-reference-library/reference_library/bulk_programs/american_innovation/2022-american-innovation-one-dollar-coin-rhode-island-uncirculated-reverse.jpg,,2,Numista Reference Library
2022_sally-ride_american-women-quarters_reverse,2022,,american-women-quarters,sally-ride,reverse,https://storage.googleapis.com/numista-reference-library/reference_library/bulk_programs/american_women/American_Women_quarter_2022_Sally_Ride.png,Numista Reference Library,2,Numista Reference Library
2022_tennessee_american-innovation_reverse,2022,,american-innovation,tennessee,reverse,https://storage.googleapis.com/numista-reference-library/reference_library/bulk_programs/american_innovation/2022-american-innovation-one-dollar-coin-tennessee-uncirculated-reverse.jpg,,2,Numista Reference Library
2022_vermont_american-innovation_reverse,2022,,american-innovation,vermont,reverse,https://storage.googleapis.com/numista-reference-library/reference_library/bulk_programs/american_innovation/2022-american-innovation-one-dollar-coin-vermont-uncirculated-reverse.jpg,,2,Numista Reference Library
2022_wilma-mankiller_american-women-quarters_reverse,2022,,american-women-quarters,wilma-mankiller,reverse,https://storage.googleapis.com/numista-reference-library/reference_library/bulk_programs/american_women/American_Women_quarter_2022_Wilma_Mankiller.png,Numista Reference Library,2,Numista Reference Library
2023_american-eagle-palladium_obverse,2023,,american-eagle-palladium,,obverse,https://storage.googleapis.com/us_mint_coin_images/Numista_Attributed_Coins%20(1)/final_attributed_2023-american-eagle-palladium-one-ounce-uncirculated-coin-obverse.jpg,United States Mint image,1,US Mint
2023_american-eagle-palladium_reverse,2023,,american-eagle-palladium,,reverse,https://storage.googleapis.com/numista-reference-library/reference_library/bulk_programs/american_eagle/2023-american-eagle-palladium-one-ounce-uncirculated-coin-reverse.jpg,,2,Numista Reference Library
2023_american-eagle-platinum_obverse,2023,,american-eagle-platinum,,obverse,https://storage.googleapis.com/numista-reference-library/reference_library/bulk_programs/american_eagle/2023-american-eagle-platinum-proof-coin-obverse.jpg,,2,Numista Reference Library
2023_american-eagle-platinum_reverse,2023,,american-eagle-platinum,,reverse,https://storage.googleapis.com/us_mint_coin_images/Numista_Attributed_Coins%20(1)/final_attributed_2023-american-eagle-platinum-one-ounce-bullion-coin-reverse.jpg,United States Mint image,1,US Mint
2023_american-women-quarters_obverse,2023,,american-women-quarters,,obverse,https://storage.googleapis.com/numista-uploads-studio-9101802118-8c9a8/reference_images/us_mint/2022-american-women-quarters-coin-uncirculated-obverse-philadelphia.jpg,US Mint,1,us_mint
2023_american-women-quarters_reverse,2023,,american-women-quarters,,reverse,https://storage.googleapis.com/numista-reference-library/reference_library/bulk_programs/american_women/2023%20eleanor%20roosevelt.jpg,US Mint / Numista.AI,2,bulk_programs
2023_bessie-coleman_american-women-quarters_reverse,2023,,american-women-quarters,bessie-coleman,reverse,https://storage.googleapis.com/numista-reference-library/reference_library/bulk_programs/american_women/2023_Bessie_Coleman_Womens_Quarter.jpg,Numista Reference Library,2,Numista Reference Library
2023_edith-kanaka-ole_american-women-quarters_reverse,2023,,american-women-quarters,edith-kanaka-ole,reverse,https://storage.googleapis.com/numista-reference-library/reference_library/bulk_programs/american_women/2023_Edith_Kanaka%CA%BBole_Womens_Quarter.jpg,Numista Reference Library,2,Numista Reference Library
2023_eleanor-roosevelt_american-women-quarters_reverse,2023,,american-women-quarters,eleanor-roosevelt,reverse,https://storage.googleapis.com/numista-reference-library/reference_library/bulk_programs/american_women/2023_Eleanor_Roosevelt_Womens_Quarter.jpg,Numista Reference Library,2,Numista Reference Library
2023_indiana_american-innovation_reverse,2023,,american-innovation,indiana,reverse,https://storage.googleapis.com/numista-reference-library/reference_library/bulk_programs/american_innovation/2023-american-innovation-one-dollar-coin-indiana-uncirculated-reverse.jpg,,2,Numista Reference Library
2023_jovita-idar_american-women-quarters_reverse,2023,,american-women-quarters,jovita-idar,reverse,https://storage.googleapis.com/numista-reference-library/reference_library/bulk_programs/american_women/2023_Jovita_Idar_Womens_Quarter.jpg,Numista Reference Library,2,Numista Reference Library
2023_louisiana_american-innovation_reverse,2023,,american-innovation,louisiana,reverse,https://storage.googleapis.com/numista-reference-library/reference_library/bulk_programs/american_innovation/2023-american-innovation-one-dollar-coin-louisiana-uncirculated-reverse.jpg,,2,Numista Reference Library
2023_maria-tallchief_american-women-quarters_reverse,2023,,american-women-quarters,maria-tallchief,reverse,https://storage.googleapis.com/numista-reference-library/reference_library/bulk_programs/american_women/2023%2520maria%2520tallchief.jpg,Numista Reference Library,2,Numista Reference Library
2023_mississippi_american-innovation_reverse,2023,,american-innovation,mississippi,reverse,https://storage.googleapis.com/numista-reference-library/reference_library/bulk_programs/american_innovation/2023-american-innovation-one-dollar-coin-mississippi-uncirculated-reverse.jpg,,2,Numista Reference Library
2023_native-american-dollar_reverse,2023,,native-american-dollar,,reverse,https://storage.googleapis.com/numista-reference-library/reference_library/bulk_programs/native_american/2023-native-american-one-dollar-uncirculated-coin-reverse.jpg,,2,Numista Reference Library
2023_ohio_american-innovation_reverse,2023,,american-innovation,ohio,reverse,https://storage.googleapis.com/numista-reference-library/reference_library/bulk_programs/american_innovation/2023-american-innovation-one-dollar-coin-ohio-uncirculated-reverse.jpg,,2,Numista Reference Library
2023_roosevelt_american-women-quarters_obverse,2023,,american-women-quarters,roosevelt,obverse,https://storage.googleapis.com/numista-reference-library/reference_library/bulk_programs/american_women/2023%20eleanor%20roosevelt.jpg,,2,Numista Reference Library
2024_alabama_american-innovation_reverse,2024,,american-innovation,alabama,reverse,https://storage.googleapis.com/numista-reference-library/reference_library/bulk_programs/american_innovation/2024-american-innovation-one-dollar-coin-alabama-uncirculated-reverse.jpg,,2,Numista Reference Library
2024_american-eagle-palladium_obverse,2024,,american-eagle-palladium,,obverse,https://storage.googleapis.com/us_mint_coin_images/Numista_Attributed_Coins%20(1)/final_attributed_2024-american-eagle-palladium-one-ounce-proof-coin-obverse.jpg,United States Mint image,1,US Mint
2024_american-eagle-palladium_reverse,2024,,american-eagle-palladium,,reverse,https://storage.googleapis.com/us_mint_coin_images/Numista_Attributed_Coins%20(1)/final_attributed_2024-american-eagle-palladium-one-ounce-proof-coin-reverse.jpg,United States Mint image,1,US Mint
2024_american-eagle-platinum_obverse,2024,,american-eagle-platinum,,obverse,https://storage.googleapis.com/numista-reference-library/reference_library/bulk_programs/american_eagle/2024-american-eagle-platinum-proof-coin-obverse.jpg,,2,Numista Reference Library
2024_american-women-quarters_obverse,2024,,american-women-quarters,,obverse,https://storage.googleapis.com/numista-uploads-studio-9101802118-8c9a8/reference_images/us_mint/2022-american-women-quarters-coin-uncirculated-obverse-philadelphia.jpg,US Mint,1,us_mint
2024_american-women-quarters_reverse,2024,,american-women-quarters,,reverse,https://storage.googleapis.com/numista-reference-library/reference_library/bulk_programs/american_women/2024%20celia%20cruz.jpg,US Mint / Numista.AI,2,bulk_programs
2024_celia-cruz_american-women-quarters_reverse,2024,,american-women-quarters,celia-cruz,reverse,https://storage.googleapis.com/numista-reference-library/reference_library/bulk_programs/american_women/2024_Celia_Cruz_Womens_Quarter.jpg,Numista Reference Library,2,Numista Reference Library
2024_commemorative_obverse,2024,,commemorative,,obverse,https://storage.googleapis.com/numista-reference-library/reference_library/bulk_programs/commemoratives_all/2024-harriet-tubman-commemorative-silver-proof-obverse.jpg,,2,Numista Reference Library
2024_commemorative_reverse,2024,,commemorative,,reverse,https://storage.googleapis.com/numista-reference-library/reference_library/bulk_programs/commemoratives_all/2024-harriet-tubman-commemorative-silver-proof-reverse.jpg,,2,Numista Reference Library
2024_flowing-hair_obverse,2024,,flowing-hair,,obverse,https://storage.googleapis.com/numista-reference-library/reference_library/bulk_programs/flowing_hair/2024-Flowing-Hair-Silver-Medal-Obverse.jpg,,2,Numista Reference Library
2024_flowing-hair_reverse,2024,,flowing-hair,,reverse,https://storage.googleapis.com/numista-reference-library/reference_library/bulk_programs/flowing_hair/2024-Flowing-Hair-Silver-Medal-Reverse.jpg,,2,Numista Reference Library
2024_illinois_american-innovation_reverse,2024,,american-innovation,illinois,reverse,https://storage.googleapis.com/numista-reference-library/reference_library/bulk_programs/american_innovation/2024-american-innovation-one-dollar-coin-illinois-uncirculated-reverse.jpg,,2,Numista Reference Library
2024_maine_american-innovation_reverse,2024,,american-innovation,maine,reverse,https://storage.googleapis.com/numista-reference-library/reference_library/bulk_programs/american_innovation/2024-american-innovation-one-dollar-coin-maine-uncirculated-reverse.jpg,,2,Numista Reference Library
2024_mary-edwards-walker_american-women-quarters_reverse,2024,,american-women-quarters,mary-edwards-walker,reverse,https://storage.googleapis.com/numista-reference-library/reference_library/bulk_programs/american_women/2024_Mary_Edwards_Walker_Womens_Quarter.jpg,Numista Reference Library,2,Numista Reference Library
2024_missouri_american-innovation_reverse,2024,,american-innovation,missouri,reverse,https://storage.googleapis.com/numista-reference-library/reference_library/bulk_programs/american_innovation/2024-american-innovation-one-dollar-coin-missouri-uncirculated-reverse.jpg,,2,Numista Reference Library
2024_native-american-dollar_reverse,2024,,native-american-dollar,,reverse,https://storage.googleapis.com/numista-reference-library/reference_library/bulk_programs/native_american/2024-native-american-one-dollar-uncirculated-coin-reverse.jpg,,2,Numista Reference Library
2024_patsy-mink_american-women-quarters_reverse,2024,,american-women-quarters,patsy-mink,reverse,https://storage.googleapis.com/numista-reference-library/reference_library/bulk_programs/american_women/2024_Patsy_Takemoto_Mink_Womens_Quarter.jpg,Numista Reference Library,2,Numista Reference Library
2024_pauli-murray_american-women-quarters_reverse,2024,,american-women-quarters,pauli-murray,reverse,https://storage.googleapis.com/numista-reference-library/reference_library/bulk_programs/american_women/2024%2520pauli%2520murray.jpg,Numista Reference Library,2,Numista Reference Library
2024_quarter_obverse,2024,,quarter,,obverse,https://storage.googleapis.com/numista-reference-library/reference_library/bulk_programs/si_quarters/2024-zitkala-sa-quarter.jpg,,2,Numista Reference Library
2024_zitkala-sa_american-women-quarters_reverse,2024,,american-women-quarters,zitkala-sa,reverse,https://storage.googleapis.com/numista-reference-library/reference_library/bulk_programs/american_women/2024%2520zitkala%2520sa.jpg,Numista Reference Library,2,Numista Reference Library
2025_S_american-women-quarters_obverse,2025,S,american-women-quarters,,obverse,https://storage.googleapis.com/numista-reference-library/reference_library/bulk_programs/american_women_quarters/Design_of_U_S_quarter_featuring_Dr_Vera_C_Rubin_(rubin-2025-americanwomen-quarterscoin-verarubin).jpg,,2,Numista Reference Library
2025_althea-gibson_american-women-quarters_reverse,2025,,american-women-quarters,althea-gibson,reverse,https://storage.googleapis.com/numista-reference-library/reference_library/bulk_programs/american_women/Althea_Gibson_quarter.webp,US Mint / Public Domain,1,US Mint
2025_american-eagle-gold_obverse,2025,,american-eagle-gold,,obverse,https://storage.googleapis.com/us_mint_coin_images/Numista_Attributed_Coins%20(1)/final_attributed_2025-american-eagle-gold-one-ounce-uncirculated-coin-obverse.jpg,United States Mint image,1,US Mint
2025_american-eagle-gold_reverse,2025,,american-eagle-gold,,reverse,https://storage.googleapis.com/us_mint_coin_images/Numista_Attributed_Coins%20(1)/final_attributed_2025-american-eagle-gold-one-ounce-uncirculated-coin-reverse.jpg,United States Mint image,1,US Mint
2025_american-eagle-palladium_obverse,2025,,american-eagle-palladium,,obverse,https://storage.googleapis.com/us_mint_coin_images/Numista_Attributed_Coins%20(1)/final_attributed_2025-american-eagle-palladium-reverse-proof-obverse.jpg,United States Mint image,1,US Mint
2025_american-eagle-palladium_reverse,2025,,american-eagle-palladium,,reverse,https://storage.googleapis.com/us_mint_coin_images/Numista_Attributed_Coins%20(1)/final_attributed_2025-american-eagle-palladium-reverse-proof-reverse.jpg,United States Mint image,1,US Mint
2025_american-eagle-platinum_obverse,2025,,american-eagle-platinum,,obverse,https://storage.googleapis.com/numista-reference-library/reference_library/bulk_programs/american_eagle/2025-american-eagle-platinum-proof-coin-obverse.jpg,,2,Numista Reference Library
2025_american-eagle-platinum_reverse,2025,,american-eagle-platinum,,reverse,https://storage.googleapis.com/numista-reference-library/reference_library/bulk_programs/american_eagle/2025-american-eagle-platinum-proof-coin-reverse.jpg,,2,Numista Reference Library
2025_american-eagle-silver_obverse,2025,,american-eagle-silver,,obverse,https://storage.googleapis.com/us_mint_coin_images/Numista_Attributed_Coins%20(1)/final_attributed_2025-american-eagle-silver-proof-usmc-privy-obverse.jpg,United States Mint image,1,US Mint
2025_american-eagle-silver_reverse,2025,,american-eagle-silver,,reverse,https://storage.googleapis.com/us_mint_coin_images/Numista_Attributed_Coins%20(1)/final_attributed_2025-american-eagle-silver-proof-usmc-privy-reverse.jpg,United States Mint image,1,US Mint
2025_american-liberty_obverse,2025,,american-liberty,,obverse,https://storage.googleapis.com/us_mint_coin_images/Numista_Attributed_Coins%20(1)/final_attributed_2025%20American%20Liberty%201oz%20Gold%20Obv%202000x2000.jpg,United States Mint image,1,US Mint
2025_american-liberty_reverse,2025,,american-liberty,,reverse,https://storage.googleapis.com/us_mint_coin_images/Numista_Attributed_Coins%20(1)/final_attributed_2025%20American%20Liberty%201oz%20Gold%20Rev%202000x2000.jpg,United States Mint image,1,US Mint
2025_american-women-quarters_obverse,2025,,american-women-quarters,,obverse,https://storage.googleapis.com/numista-uploads-studio-9101802118-8c9a8/reference_images/us_mint/2025-american-women-quarters-coin-uncirculated-obverse-philadelphia.jpg,US Mint,1,us_mint
2025_american-women-quarters_reverse,2025,,american-women-quarters,,reverse,https://storage.googleapis.com/numista-uploads-studio-9101802118-8c9a8/reference_images/us_mint/2025-american-women-quarters-coin-althea-gibson-uncirculated-reverse.jpg,US Mint,1,us_mint
2025_arkansas_american-innovation_reverse,2025,,american-innovation,arkansas,reverse,https://storage.googleapis.com/numista-reference-library/reference_library/bulk_programs/american_innovation/2025-american-innovation-one-dollar-coin-arkansas-uncirculated-reverse.jpg,,2,Numista Reference Library
2025_commemorative_obverse,2025,,commemorative,,obverse,https://storage.googleapis.com/numista-reference-library/reference_library/bulk_programs/commemoratives_all/2025-us-marine-corps-250th-anniversary-commemorative-silver-uncirculated-obverse.jpg,,2,Numista Reference Library
2025_commemorative_reverse,2025,,commemorative,,reverse,https://storage.googleapis.com/numista-reference-library/reference_library/bulk_programs/commemoratives_all/2025-us-marine-corps-250th-anniversary-commemorative-gold-proof-reverse.jpg,,2,Numista Reference Library
2025_dime_obverse,2025,,dime,,obverse,https://storage.googleapis.com/numista-reference-library/reference_library/bulk_programs/dime/2025-roosevelt-dime-uncirculated-obverse-denver.jpg,,2,Numista Reference Library
2025_dime_reverse,2025,,dime,,reverse,https://storage.googleapis.com/numista-reference-library/reference_library/bulk_programs/dime/2025-roosevelt-dime-uncirculated-reverse.jpg,,2,Numista Reference Library
2025_florida_american-innovation_reverse,2025,,american-innovation,florida,reverse,https://storage.googleapis.com/numista-reference-library/reference_library/wikimedia_uscoin/Dollar_coins_of_the_United_States/American_Innovation__1_Coin_Program/2025-american-innovation-one-dollar-coin-florida-uncirculated-reverse.jpg,Wikimedia Commons / Public Domain,3,Wikimedia Commons
2025_ida-b-wells_american-women-quarters_reverse,2025,,american-women-quarters,ida-b-wells,reverse,https://storage.googleapis.com/numista-uploads-studio-9101802118-8c9a8/reference_images/us_mint/2025-american-women-quarters-coin-ida-wells-uncirculated-reverse.jpg,US Mint / Public Domain,1,US Mint
2025_jefferson-nickel_obverse,2025,,jefferson-nickel,,obverse,https://storage.googleapis.com/us_mint_coin_images/Numista_Attributed_Coins%20(1)/final_attributed_2025-jefferson-nickel-uncirculated-obverse-philadelphia.jpg,United States Mint image,1,US Mint
2025_jefferson-nickel_reverse,2025,,jefferson-nickel,,reverse,https://storage.googleapis.com/us_mint_coin_images/Numista_Attributed_Coins%20(1)/final_attributed_2025-jefferson-nickel-uncirculated-reverse.jpg,United States Mint image,1,US Mint
2025_juliette-gordon-low_american-women-quarters_reverse,2025,,american-women-quarters,juliette-gordon-low,reverse,https://storage.googleapis.com/numista-uploads-studio-9101802118-8c9a8/reference_images/us_mint/2025-american-women-quarters-coin-juliette-gordon-low-uncirculated-reverse.jpg,US Mint / Public Domain,1,US Mint
2025_kennedy-half-dollar_obverse,2025,,kennedy-half-dollar,,obverse,https://storage.googleapis.com/numista-reference-library/reference_library/bulk_programs/half_dollar/2025-kennedy-half-dollar-uncirculated-obverse-philadelphia.jpg,,2,Numista Reference Library
2025_kennedy-half-dollar_reverse,2025,,kennedy-half-dollar,,reverse,https://storage.googleapis.com/numista-reference-library/reference_library/bulk_programs/half_dollar/2025-kennedy-half-dollar-uncirculated-reverse.jpg,,2,Numista Reference Library
2025_lincoln-cent_obverse,2025,,lincoln-cent,,obverse,https://storage.googleapis.com/us_mint_coin_images/Numista_Attributed_Coins%20(1)/final_attributed_2025-lincoln-penny-uncirculated-obverse-philadelphia.jpg,United States Mint image,1,US Mint
2025_lincoln-cent_reverse,2025,,lincoln-cent,,reverse,https://storage.googleapis.com/us_mint_coin_images/Numista_Attributed_Coins%20(1)/final_attributed_2025-lincoln-penny-uncirculated-reverse.jpg,United States Mint image,1,US Mint
2025_michigan_american-innovation_reverse,2025,,american-innovation,michigan,reverse,https://storage.googleapis.com/numista-reference-library/reference_library/bulk_programs/american_innovation/2025-american-innovation-one-dollar-coin-michigan-uncirculated-reverse.jpg,,2,Numista Reference Library
2025_morgan-dollar_obverse,2025,,morgan-dollar,,obverse,https://storage.googleapis.com/us_mint_coin_images/Numista_Attributed_Coins%20(1)/final_attributed_2025-Morgan-Unc-Obverse.jpg,United States Mint image,1,US Mint
2025_morgan-dollar_reverse,2025,,morgan-dollar,,reverse,https://storage.googleapis.com/us_mint_coin_images/Numista_Attributed_Coins%20(1)/final_attributed_2025-Morgan-Unc-Reverse.jpg,United States Mint image,1,US Mint
2025_native-american-dollar_obverse,2025,,native-american-dollar,,obverse,https://storage.googleapis.com/numista-reference-library/reference_library/bulk_programs/sacagawea/2025-sacagawea-golden-dollar-proof-obverse.jpg,,2,Numista Reference Library
2025_native-american-dollar_reverse,2025,,native-american-dollar,,reverse,https://storage.googleapis.com/numista-reference-library/reference_library/bulk_programs/sacagawea/2025-sacagawea-golden-dollar-proof-reverse.jpg,,2,Numista Reference Library
2025_quarter_obverse,2025,,quarter,,obverse,https://storage.googleapis.com/numista-reference-library/reference_library/bulk_programs/si_quarters/screenshot-2025-03-24-at-1.11.45-pm.png,,2,Numista Reference Library
2025_stacey-park-milbern_american-women-quarters_reverse,2025,,american-women-quarters,stacey-park-milbern,reverse,https://storage.googleapis.com/numista-reference-library/reference_library/bulk_programs/american_women/Stacey_Milbern_quarter.webp,US Mint / Public Domain,1,US Mint
2025_texas_american-innovation_reverse,2025,,american-innovation,texas,reverse,https://storage.googleapis.com/numista-reference-library/reference_library/bulk_programs/american_innovation/2025-american-innovation-one-dollar-coin-texas-uncirculated-reverse.jpg,,2,Numista Reference Library
2025_unknown_obverse,2025,,unknown,,obverse,https://storage.googleapis.com/us_mint_coin_images/Numista_Attributed_Coins%20(1)/final_attributed_2025-american-eagle-laser-privy-silver-proof-obverse.jpg,United States Mint image,1,US Mint
2025_unknown_reverse,2025,,unknown,,reverse,https://storage.googleapis.com/us_mint_coin_images/Numista_Attributed_Coins%20(1)/final_attributed_2025-american-eagle-laser-privy-silver-proof-reverse.jpg,United States Mint image,1,US Mint
2025_vera-rubin_american-women-quarters_reverse,2025,,american-women-quarters,vera-rubin,reverse,https://storage.googleapis.com/numista-reference-library/reference_library/bulk_programs/american_women/Design_of_U_S_quarter_featuring_Dr_Vera_C_Rubin_rubin-2025-americanwomen-quarterscoin-verarubin.jpg,US Mint / Public Domain,1,US Mint
2026_D_dime_obverse,2026,D,dime,,obverse,https://storage.googleapis.com/numista-uploads-studio-9101802118-8c9a8/reference_images/us_mint/2025-roosevelt-dime-uncirculated-obverse-denver.jpg,US Mint,1,Numista Reference Library
2026_D_dime_reverse,2026,D,dime,,reverse,https://storage.googleapis.com/numista-uploads-studio-9101802118-8c9a8/reference_images/us_mint/2025-roosevelt-dime-uncirculated-reverse.jpg,US Mint,1,Numista Reference Library
2026_D_roosevelt-dime_obverse,2026,D,dime,,obverse,https://storage.googleapis.com/numista-uploads-studio-9101802118-8c9a8/reference_images/us_mint/2025-roosevelt-dime-uncirculated-obverse-denver.jpg,US Mint,1,Numista Reference Library
2026_D_roosevelt-dime_reverse,2026,D,dime,,reverse,https://storage.googleapis.com/numista-uploads-studio-9101802118-8c9a8/reference_images/us_mint/2025-roosevelt-dime-uncirculated-reverse.jpg,US Mint,1,Numista Reference Library
2026_P_dime_obverse,2026,P,dime,,obverse,https://storage.googleapis.com/numista-uploads-studio-9101802118-8c9a8/reference_images/us_mint/2025-roosevelt-dime-uncirculated-obverse-philadelphia.jpg,US Mint,1,Numista Reference Library
2026_P_dime_reverse,2026,P,dime,,reverse,https://storage.googleapis.com/numista-uploads-studio-9101802118-8c9a8/reference_images/us_mint/2025-roosevelt-dime-uncirculated-reverse.jpg,US Mint,1,Numista Reference Library
2026_P_roosevelt-dime_obverse,2026,P,dime,,obverse,https://storage.googleapis.com/numista-uploads-studio-9101802118-8c9a8/reference_images/us_mint/2025-roosevelt-dime-uncirculated-obverse-philadelphia.jpg,US Mint,1,Numista Reference Library
2026_P_roosevelt-dime_reverse,2026,P,dime,,reverse,https://storage.googleapis.com/numista-uploads-studio-9101802118-8c9a8/reference_images/us_mint/2025-roosevelt-dime-uncirculated-reverse.jpg,US Mint,1,Numista Reference Library
2026_W_american-eagle-silver_obverse,2026,W,american-eagle-silver,,obverse,https://storage.googleapis.com/numista-uploads-studio-9101802118-8c9a8/reference_images/new_coin_images/American%20Eagle%202023%20One%20Ounce%20Silver%20Proof%20Coin%20Obverse.jpg,US Mint,1,Numista Reference Library
2026_W_american-eagle-silver_reverse,2026,W,american-eagle-silver,,reverse,https://storage.googleapis.com/numista-uploads-studio-9101802118-8c9a8/reference_images/new_coin_images/American%20Eagle%202023%20One%20Ounce%20Silver%20Proof%20Coin%20Reverse.jpg,US Mint,1,Numista Reference Library
2026_america250_cent_obverse,2026,,lincoln-cent,1776~2026 Collector Cent,obverse,https://storage.googleapis.com/numista-reference-library/reference_library/2026_series/2026_cent_collector-only_1776~2026_obverse.jpg,"United States Mint (Public Domain, 17 U.S.C. § 105)",1,US Mint Official Photography
2026_america250_cent_reverse,2026,,lincoln-cent,1776~2026 Collector Cent,reverse,https://storage.googleapis.com/numista-reference-library/reference_library/2026_series/2026_cent_collector-only_1776~2026_reverse.jpg,"United States Mint (Public Domain, 17 U.S.C. § 105)",1,US Mint Official Photography
2026_america250_dime_obverse,2026,,dime,Emerging Liberty,obverse,https://storage.googleapis.com/numista-reference-library/reference_library/2026_series/2026_dime_emerging_liberty_obverse.jpg,"United States Mint (Public Domain, 17 U.S.C. § 105)",1,US Mint Official Photography
2026_america250_dime_reverse,2026,,dime,Emerging Liberty,reverse,https://storage.googleapis.com/numista-reference-library/reference_library/2026_series/2026_dime_emerging_liberty_reverse.jpg,"United States Mint (Public Domain, 17 U.S.C. § 105)",1,US Mint Official Photography
2026_america250_nickel_obverse,2026,,jefferson-nickel,1776~2026 Dual Date Jefferson,obverse,https://storage.googleapis.com/numista-reference-library/reference_library/2026_series/2026_five_cents_1776~2026_dual_date_obverse.jpg,"United States Mint (Public Domain, 17 U.S.C. § 105)",1,US Mint Official Photography
2026_america250_nickel_reverse,2026,,jefferson-nickel,1776~2026 Dual Date Jefferson,reverse,https://storage.googleapis.com/numista-reference-library/reference_library/2026_series/2026_five_cents_1776~2026_dual_date_reverse.jpg,"United States Mint (Public Domain, 17 U.S.C. § 105)",1,US Mint Official Photography
2026_american-eagle-silver_obverse,2026,W,american-eagle-silver,,obverse,https://storage.googleapis.com/numista-uploads-studio-9101802118-8c9a8/reference_images/new_coin_images/American%20Eagle%202023%20One%20Ounce%20Silver%20Proof%20Coin%20Obverse.jpg,US Mint,1,Numista Reference Library
2026_american-eagle-silver_reverse,2026,W,american-eagle-silver,,reverse,https://storage.googleapis.com/numista-uploads-studio-9101802118-8c9a8/reference_images/new_coin_images/American%20Eagle%202023%20One%20Ounce%20Silver%20Proof%20Coin%20Reverse.jpg,US Mint,1,Numista Reference Library
2026_american-innovation_obverse,2026,,american-innovation,Statue of Liberty 250 Privy,obverse,https://storage.googleapis.com/numista-reference-library/reference_library/2026_series/2026_american_innovation_obverse.jpg,"United States Mint (Public Domain, 17 U.S.C. § 105)",1,US Mint Official Photography
2026_california_american-innovation_reverse,2026,,american-innovation,california,reverse,https://storage.googleapis.com/numista-reference-library/reference_library/2026_series/2026_american_innovation_california_reverse.jpg,"United States Mint (Public Domain, 17 U.S.C. § 105)",1,US Mint Official Photography
2026_cent_obverse,2026,,lincoln-cent,1776~2026 Collector Cent,obverse,https://storage.googleapis.com/numista-reference-library/reference_library/2026_series/2026_cent_collector-only_1776~2026_obverse.jpg,"United States Mint (Public Domain, 17 U.S.C. § 105)",1,US Mint Official Photography
2026_cent_reverse,2026,,lincoln-cent,1776~2026 Collector Cent,reverse,https://storage.googleapis.com/numista-reference-library/reference_library/2026_series/2026_cent_collector-only_1776~2026_reverse.jpg,"United States Mint (Public Domain, 17 U.S.C. § 105)",1,US Mint Official Photography
2026_constitution_quarter_obverse,2026,,america250-quarters,U.S. Constitution,obverse,https://storage.googleapis.com/numista-reference-library/reference_library/2026_series/2026_quarter_dollar_us_constitution_obverse.jpg,"United States Mint (Public Domain, 17 U.S.C. § 105)",1,US Mint Official Photography
2026_constitution_quarter_reverse,2026,,america250-quarters,U.S. Constitution,reverse,https://storage.googleapis.com/numista-reference-library/reference_library/2026_series/2026_quarter_dollar_us_constitution_reverse.jpg,"United States Mint (Public Domain, 17 U.S.C. § 105)",1,US Mint Official Photography
2026_declaration-of-independence_quarter_obverse,2026,,america250-quarters,Declaration of Independence,obverse,https://storage.googleapis.com/numista-reference-library/reference_library/2026_series/2026_quarter_dollar_declaration_of_independence_obverse.jpg,"United States Mint (Public Domain, 17 U.S.C. § 105)",1,US Mint Official Photography
2026_declaration-of-independence_quarter_reverse,2026,,america250-quarters,Declaration of Independence,reverse,https://storage.googleapis.com/numista-reference-library/reference_library/2026_series/2026_quarter_dollar_declaration_of_independence_reverse.jpg,"United States Mint (Public Domain, 17 U.S.C. § 105)",1,US Mint Official Photography
2026_declaration_quarter_obverse,2026,,america250-quarters,Declaration of Independence,obverse,https://storage.googleapis.com/numista-reference-library/reference_library/2026_series/2026_quarter_dollar_declaration_of_independence_obverse.jpg,"United States Mint (Public Domain, 17 U.S.C. § 105)",1,US Mint Official Photography
2026_declaration_quarter_reverse,2026,,america250-quarters,Declaration of Independence,reverse,https://storage.googleapis.com/numista-reference-library/reference_library/2026_series/2026_quarter_dollar_declaration_of_independence_reverse.jpg,"United States Mint (Public Domain, 17 U.S.C. § 105)",1,US Mint Official Photography
2026_dime_obverse,2026,,dime,Emerging Liberty,obverse,https://storage.googleapis.com/numista-reference-library/reference_library/2026_series/2026_dime_emerging_liberty_obverse.jpg,"United States Mint (Public Domain, 17 U.S.C. § 105)",1,US Mint Official Photography
2026_dime_reverse,2026,,dime,Emerging Liberty,reverse,https://storage.googleapis.com/numista-reference-library/reference_library/2026_series/2026_dime_emerging_liberty_reverse.jpg,"United States Mint (Public Domain, 17 U.S.C. § 105)",1,US Mint Official Photography
2026_dollar_obverse,2026,,peace-dollar,,obverse,https://storage.googleapis.com/numista-uploads-studio-9101802118-8c9a8/reference_images/us_mint/Peace-Dollar-Reverse-Proof-Obverse.jpg,US Mint,1,Numista Reference Library
2026_dollar_reverse,2026,,peace-dollar,,reverse,https://storage.googleapis.com/numista-uploads-studio-9101802118-8c9a8/reference_images/us_mint/Peace-Dollar-Reverse-Proof-Reverse.jpg,US Mint,1,Numista Reference Library
2026_emerging-liberty_dime_obverse,2026,,dime,Emerging Liberty,obverse,https://storage.googleapis.com/numista-reference-library/reference_library/2026_series/2026_dime_emerging_liberty_obverse.jpg,"United States Mint (Public Domain, 17 U.S.C. § 105)",1,US Mint Official Photography
2026_emerging-liberty_dime_reverse,2026,,dime,Emerging Liberty,reverse,https://storage.googleapis.com/numista-reference-library/reference_library/2026_series/2026_dime_emerging_liberty_reverse.jpg,"United States Mint (Public Domain, 17 U.S.C. § 105)",1,US Mint Official Photography
2026_enduring-liberty_half-dollar_obverse,2026,,kennedy-half-dollar,Enduring Liberty,obverse,https://storage.googleapis.com/numista-reference-library/reference_library/2026_series/2026_half_dollar_enduring_liberty_obverse.jpg,"United States Mint (Public Domain, 17 U.S.C. § 105)",1,US Mint Official Photography
2026_enduring-liberty_half-dollar_reverse,2026,,kennedy-half-dollar,Enduring Liberty,reverse,https://storage.googleapis.com/numista-reference-library/reference_library/2026_series/2026_half_dollar_enduring_liberty_reverse.jpg,"United States Mint (Public Domain, 17 U.S.C. § 105)",1,US Mint Official Photography
2026_gettysburg-address_quarter_obverse,2026,,america250-quarters,Gettysburg Address,obverse,https://storage.googleapis.com/numista-reference-library/reference_library/2026_series/2026_quarter_dollar_gettysburg_address_obverse.jpg,"United States Mint (Public Domain, 17 U.S.C. § 105)",1,US Mint Official Photography
2026_gettysburg-address_quarter_reverse,2026,,america250-quarters,Gettysburg Address,reverse,https://storage.googleapis.com/numista-reference-library/reference_library/2026_series/2026_quarter_dollar_gettysburg_address_reverse.jpg,"United States Mint (Public Domain, 17 U.S.C. § 105)",1,US Mint Official Photography
2026_gettysburg_quarter_obverse,2026,,america250-quarters,Gettysburg Address,obverse,https://storage.googleapis.com/numista-reference-library/reference_library/2026_series/2026_quarter_dollar_gettysburg_address_obverse.jpg,"United States Mint (Public Domain, 17 U.S.C. § 105)",1,US Mint Official Photography
2026_gettysburg_quarter_reverse,2026,,america250-quarters,Gettysburg Address,reverse,https://storage.googleapis.com/numista-reference-library/reference_library/2026_series/2026_quarter_dollar_gettysburg_address_reverse.jpg,"United States Mint (Public Domain, 17 U.S.C. § 105)",1,US Mint Official Photography
2026_half-dollar_obverse,2026,,kennedy-half-dollar,Enduring Liberty,obverse,https://storage.googleapis.com/numista-reference-library/reference_library/2026_series/2026_half_dollar_enduring_liberty_obverse.jpg,"United States Mint (Public Domain, 17 U.S.C. § 105)",1,US Mint Official Photography
2026_half-dollar_reverse,2026,,kennedy-half-dollar,Enduring Liberty,reverse,https://storage.googleapis.com/numista-reference-library/reference_library/2026_series/2026_half_dollar_enduring_liberty_reverse.jpg,"United States Mint (Public Domain, 17 U.S.C. § 105)",1,US Mint Official Photography
2026_half_dollar_obverse,2026,,kennedy-half-dollar,Enduring Liberty,obverse,https://storage.googleapis.com/numista-reference-library/reference_library/2026_series/2026_half_dollar_enduring_liberty_obverse.jpg,"United States Mint (Public Domain, 17 U.S.C. § 105)",1,US Mint Official Photography
2026_half_dollar_reverse,2026,,kennedy-half-dollar,Enduring Liberty,reverse,https://storage.googleapis.com/numista-reference-library/reference_library/2026_series/2026_half_dollar_enduring_liberty_reverse.jpg,"United States Mint (Public Domain, 17 U.S.C. § 105)",1,US Mint Official Photography
2026_innovation-california_reverse,2026,,american-innovation,california,reverse,https://storage.googleapis.com/numista-reference-library/reference_library/2026_series/2026_american_innovation_california_reverse.jpg,"United States Mint (Public Domain, 17 U.S.C. § 105)",1,US Mint Official Photography
2026_innovation-dollar_obverse,2026,,american-innovation,Statue of Liberty 250 Privy,obverse,https://storage.googleapis.com/numista-reference-library/reference_library/2026_series/2026_american_innovation_obverse.jpg,"United States Mint (Public Domain, 17 U.S.C. § 105)",1,US Mint Official Photography
2026_innovation-iowa_reverse,2026,,american-innovation,iowa,reverse,https://storage.googleapis.com/numista-reference-library/reference_library/2026_series/2026_american_innovation_iowa_reverse.jpg,"United States Mint (Public Domain, 17 U.S.C. § 105)",1,US Mint Official Photography
2026_innovation-minnesota_reverse,2026,,american-innovation,minnesota,reverse,https://storage.googleapis.com/numista-reference-library/reference_library/2026_series/2026_american_innovation_minnesota_reverse.jpg,"United States Mint (Public Domain, 17 U.S.C. § 105)",1,US Mint Official Photography
2026_innovation-wisconsin_reverse,2026,,american-innovation,wisconsin,reverse,https://storage.googleapis.com/numista-reference-library/reference_library/2026_series/2026_american_innovation_wisconsin_reverse.jpg,"United States Mint (Public Domain, 17 U.S.C. § 105)",1,US Mint Official Photography
2026_iowa_american-innovation_reverse,2026,,american-innovation,iowa,reverse,https://storage.googleapis.com/numista-reference-library/reference_library/2026_series/2026_american_innovation_iowa_reverse.jpg,"United States Mint (Public Domain, 17 U.S.C. § 105)",1,US Mint Official Photography
2026_jefferson-nickel_obverse,2026,,jefferson-nickel,1776~2026 Dual Date Jefferson,obverse,https://storage.googleapis.com/numista-reference-library/reference_library/2026_series/2026_five_cents_1776~2026_dual_date_obverse.jpg,"United States Mint (Public Domain, 17 U.S.C. § 105)",1,US Mint Official Photography
2026_jefferson-nickel_reverse,2026,,jefferson-nickel,1776~2026 Dual Date Jefferson,reverse,https://storage.googleapis.com/numista-reference-library/reference_library/2026_series/2026_five_cents_1776~2026_dual_date_reverse.jpg,"United States Mint (Public Domain, 17 U.S.C. § 105)",1,US Mint Official Photography
2026_kennedy-half-dollar_obverse,2026,,kennedy-half-dollar,Enduring Liberty,obverse,https://storage.googleapis.com/numista-reference-library/reference_library/2026_series/2026_half_dollar_enduring_liberty_obverse.jpg,"United States Mint (Public Domain, 17 U.S.C. § 105)",1,US Mint Official Photography
2026_kennedy-half-dollar_reverse,2026,,kennedy-half-dollar,Enduring Liberty,reverse,https://storage.googleapis.com/numista-reference-library/reference_library/2026_series/2026_half_dollar_enduring_liberty_reverse.jpg,"United States Mint (Public Domain, 17 U.S.C. § 105)",1,US Mint Official Photography
2026_lincoln-cent_obverse,2026,,lincoln-cent,1776~2026 Collector Cent,obverse,https://storage.googleapis.com/numista-reference-library/reference_library/2026_series/2026_cent_collector-only_1776~2026_obverse.jpg,"United States Mint (Public Domain, 17 U.S.C. § 105)",1,US Mint Official Photography
2026_lincoln-cent_reverse,2026,,lincoln-cent,1776~2026 Collector Cent,reverse,https://storage.googleapis.com/numista-reference-library/reference_library/2026_series/2026_cent_collector-only_1776~2026_reverse.jpg,"United States Mint (Public Domain, 17 U.S.C. § 105)",1,US Mint Official Photography
2026_mayflower-compact_quarter_obverse,2026,,america250-quarters,Mayflower Compact,obverse,https://storage.googleapis.com/numista-reference-library/reference_library/2026_series/2026_quarter_dollar_mayflower_compact_obverse.jpg,"United States Mint (Public Domain, 17 U.S.C. § 105)",1,US Mint Official Photography
2026_mayflower-compact_quarter_reverse,2026,,america250-quarters,Mayflower Compact,reverse,https://storage.googleapis.com/numista-reference-library/reference_library/2026_series/2026_quarter_dollar_mayflower_compact_reverse.jpg,"United States Mint (Public Domain, 17 U.S.C. § 105)",1,US Mint Official Photography
2026_mayflower_quarter_obverse,2026,,america250-quarters,Mayflower Compact,obverse,https://storage.googleapis.com/numista-reference-library/reference_library/2026_series/2026_quarter_dollar_mayflower_compact_obverse.jpg,"United States Mint (Public Domain, 17 U.S.C. § 105)",1,US Mint Official Photography
2026_mayflower_quarter_reverse,2026,,america250-quarters,Mayflower Compact,reverse,https://storage.googleapis.com/numista-reference-library/reference_library/2026_series/2026_quarter_dollar_mayflower_compact_reverse.jpg,"United States Mint (Public Domain, 17 U.S.C. § 105)",1,US Mint Official Photography
2026_minnesota_american-innovation_reverse,2026,,american-innovation,minnesota,reverse,https://storage.googleapis.com/numista-reference-library/reference_library/2026_series/2026_american_innovation_minnesota_reverse.jpg,"United States Mint (Public Domain, 17 U.S.C. § 105)",1,US Mint Official Photography
2026_native-american-dollar_obverse,2026,,native-american-dollar,Polly Cooper,obverse,https://storage.googleapis.com/numista-reference-library/reference_library/2026_series/2026_native_american_dollar_polly_cooper_obverse.jpg,"United States Mint (Public Domain, 17 U.S.C. § 105)",1,US Mint Official Photography
2026_native-american-dollar_reverse,2026,,native-american-dollar,Polly Cooper,reverse,https://storage.googleapis.com/numista-reference-library/reference_library/2026_series/2026_native_american_dollar_polly_cooper_reverse.jpg,"United States Mint (Public Domain, 17 U.S.C. § 105)",1,US Mint Official Photography
2026_nickel_obverse,2026,,jefferson-nickel,1776~2026 Dual Date Jefferson,obverse,https://storage.googleapis.com/numista-reference-library/reference_library/2026_series/2026_five_cents_1776~2026_dual_date_obverse.jpg,"United States Mint (Public Domain, 17 U.S.C. § 105)",1,US Mint Official Photography
2026_nickel_reverse,2026,,jefferson-nickel,1776~2026 Dual Date Jefferson,reverse,https://storage.googleapis.com/numista-reference-library/reference_library/2026_series/2026_five_cents_1776~2026_dual_date_reverse.jpg,"United States Mint (Public Domain, 17 U.S.C. § 105)",1,US Mint Official Photography
2026_peace-dollar_obverse,2026,,peace-dollar,,obverse,https://storage.googleapis.com/numista-uploads-studio-9101802118-8c9a8/reference_images/us_mint/Peace-Dollar-Reverse-Proof-Obverse.jpg,US Mint,1,Numista Reference Library
2026_peace-dollar_reverse,2026,,peace-dollar,,reverse,https://storage.googleapis.com/numista-uploads-studio-9101802118-8c9a8/reference_images/us_mint/Peace-Dollar-Reverse-Proof-Reverse.jpg,US Mint,1,Numista Reference Library
2026_polly-cooper_native-american-dollar_obverse,2026,,native-american-dollar,Polly Cooper,obverse,https://storage.googleapis.com/numista-reference-library/reference_library/2026_series/2026_native_american_dollar_polly_cooper_obverse.jpg,"United States Mint (Public Domain, 17 U.S.C. § 105)",1,US Mint Official Photography
2026_polly-cooper_native-american-dollar_reverse,2026,,native-american-dollar,Polly Cooper,reverse,https://storage.googleapis.com/numista-reference-library/reference_library/2026_series/2026_native_american_dollar_polly_cooper_reverse.jpg,"United States Mint (Public Domain, 17 U.S.C. § 105)",1,US Mint Official Photography
2026_quarter_constitution_obverse,2026,,america250-quarters,U.S. Constitution,obverse,https://storage.googleapis.com/numista-reference-library/reference_library/2026_series/2026_quarter_dollar_us_constitution_obverse.jpg,"United States Mint (Public Domain, 17 U.S.C. § 105)",1,US Mint Official Photography
2026_quarter_constitution_reverse,2026,,america250-quarters,U.S. Constitution,reverse,https://storage.googleapis.com/numista-reference-library/reference_library/2026_series/2026_quarter_dollar_us_constitution_reverse.jpg,"United States Mint (Public Domain, 17 U.S.C. § 105)",1,US Mint Official Photography
2026_quarter_declaration_obverse,2026,,america250-quarters,Declaration of Independence,obverse,https://storage.googleapis.com/numista-reference-library/reference_library/2026_series/2026_quarter_dollar_declaration_of_independence_obverse.jpg,"United States Mint (Public Domain, 17 U.S.C. § 105)",1,US Mint Official Photography
2026_quarter_declaration_reverse,2026,,america250-quarters,Declaration of Independence,reverse,https://storage.googleapis.com/numista-reference-library/reference_library/2026_series/2026_quarter_dollar_declaration_of_independence_reverse.jpg,"United States Mint (Public Domain, 17 U.S.C. § 105)",1,US Mint Official Photography
2026_quarter_gettysburg_obverse,2026,,america250-quarters,Gettysburg Address,obverse,https://storage.googleapis.com/numista-reference-library/reference_library/2026_series/2026_quarter_dollar_gettysburg_address_obverse.jpg,"United States Mint (Public Domain, 17 U.S.C. § 105)",1,US Mint Official Photography
2026_quarter_gettysburg_reverse,2026,,america250-quarters,Gettysburg Address,reverse,https://storage.googleapis.com/numista-reference-library/reference_library/2026_series/2026_quarter_dollar_gettysburg_address_reverse.jpg,"United States Mint (Public Domain, 17 U.S.C. § 105)",1,US Mint Official Photography
2026_quarter_mayflower_obverse,2026,,america250-quarters,Mayflower Compact,obverse,https://storage.googleapis.com/numista-reference-library/reference_library/2026_series/2026_quarter_dollar_mayflower_compact_obverse.jpg,"United States Mint (Public Domain, 17 U.S.C. § 105)",1,US Mint Official Photography
2026_quarter_mayflower_reverse,2026,,america250-quarters,Mayflower Compact,reverse,https://storage.googleapis.com/numista-reference-library/reference_library/2026_series/2026_quarter_dollar_mayflower_compact_reverse.jpg,"United States Mint (Public Domain, 17 U.S.C. § 105)",1,US Mint Official Photography
2026_quarter_valleyforge_obverse,2026,,america250-quarters,Revolutionary War,obverse,https://storage.googleapis.com/numista-reference-library/reference_library/2026_series/2026_quarter_dollar_revolutionary_war_obverse.jpg,"United States Mint (Public Domain, 17 U.S.C. § 105)",1,US Mint Official Photography
2026_quarter_valleyforge_reverse,2026,,america250-quarters,Revolutionary War,reverse,https://storage.googleapis.com/numista-reference-library/reference_library/2026_series/2026_quarter_dollar_revolutionary_war_reverse.jpg,"United States Mint (Public Domain, 17 U.S.C. § 105)",1,US Mint Official Photography
2026_revolutionary-war_quarter_obverse,2026,,america250-quarters,Revolutionary War,obverse,https://storage.googleapis.com/numista-reference-library/reference_library/2026_series/2026_quarter_dollar_revolutionary_war_obverse.jpg,"United States Mint (Public Domain, 17 U.S.C. § 105)",1,US Mint Official Photography
2026_revolutionary-war_quarter_reverse,2026,,america250-quarters,Revolutionary War,reverse,https://storage.googleapis.com/numista-reference-library/reference_library/2026_series/2026_quarter_dollar_revolutionary_war_reverse.jpg,"United States Mint (Public Domain, 17 U.S.C. § 105)",1,US Mint Official Photography
2026_sacagawea_dollar_obverse,2026,,native-american-dollar,Polly Cooper,obverse,https://storage.googleapis.com/numista-reference-library/reference_library/2026_series/2026_native_american_dollar_polly_cooper_obverse.jpg,"United States Mint (Public Domain, 17 U.S.C. § 105)",1,US Mint Official Photography
2026_sacagawea_dollar_reverse,2026,,native-american-dollar,Polly Cooper,reverse,https://storage.googleapis.com/numista-reference-library/reference_library/2026_series/2026_native_american_dollar_polly_cooper_reverse.jpg,"United States Mint (Public Domain, 17 U.S.C. § 105)",1,US Mint Official Photography
2026_semiquincentennial_obverse,2026,,uncirculated-sets,250th Anniversary,obverse,https://storage.googleapis.com/numista-uploads-studio-9101802118-8c9a8/reference_images/us_mint/marine-corps-250th-commemorative-unc-clad-obverse.jpg,US Mint,1,Numista Reference Library
2026_semiquincentennial_reverse,2026,,uncirculated-sets,250th Anniversary,reverse,https://storage.googleapis.com/numista-uploads-studio-9101802118-8c9a8/reference_images/us_mint/marine-corps-250th-commemorative-unc-clad-reverse.jpg,US Mint,1,Numista Reference Library
2026_set_obverse,2026,,uncirculated-sets,250th Anniversary,obverse,https://storage.googleapis.com/numista-uploads-studio-9101802118-8c9a8/reference_images/us_mint/marine-corps-250th-commemorative-unc-clad-obverse.jpg,US Mint,1,Numista Reference Library
2026_set_reverse,2026,,uncirculated-sets,250th Anniversary,reverse,https://storage.googleapis.com/numista-uploads-studio-9101802118-8c9a8/reference_images/us_mint/marine-corps-250th-commemorative-unc-clad-reverse.jpg,US Mint,1,Numista Reference Library
2026_silver-eagle_obverse,2026,W,american-eagle-silver,,obverse,https://storage.googleapis.com/numista-uploads-studio-9101802118-8c9a8/reference_images/new_coin_images/American%20Eagle%202023%20One%20Ounce%20Silver%20Proof%20Coin%20Obverse.jpg,US Mint,1,Numista Reference Library
2026_silver-eagle_reverse,2026,W,american-eagle-silver,,reverse,https://storage.googleapis.com/numista-uploads-studio-9101802118-8c9a8/reference_images/new_coin_images/American%20Eagle%202023%20One%20Ounce%20Silver%20Proof%20Coin%20Reverse.jpg,US Mint,1,Numista Reference Library
2026_uncirculated-set_obverse,2026,,uncirculated-sets,250th Anniversary,obverse,https://storage.googleapis.com/numista-uploads-studio-9101802118-8c9a8/reference_images/us_mint/marine-corps-250th-commemorative-unc-clad-obverse.jpg,US Mint,1,Numista Reference Library
2026_uncirculated-set_reverse,2026,,uncirculated-sets,250th Anniversary,reverse,https://storage.googleapis.com/numista-uploads-studio-9101802118-8c9a8/reference_images/us_mint/marine-corps-250th-commemorative-unc-clad-reverse.jpg,US Mint,1,Numista Reference Library
2026_uncirculated-sets_denver-card,2026,D,uncirculated-sets,,obverse,https://storage.googleapis.com/numista-reference-library/reference_library/user_contributed/coin_sets/uncirculated-coin-set-2026/26rj_b.jpg,Images sourced from United States Mint. Used with permission.,1,Eric Admin Contribution
2026_uncirculated-sets_denver-card,2026,D,uncirculated-sets,,reverse,https://storage.googleapis.com/numista-reference-library/reference_library/user_contributed/coin_sets/uncirculated-coin-set-2026/26rj_d.jpg,Images sourced from United States Mint. Used with permission.,1,Eric Admin Contribution
2026_uncirculated-sets_obverse,2026,,uncirculated-sets,250th Anniversary,obverse,https://storage.googleapis.com/numista-uploads-studio-9101802118-8c9a8/reference_images/us_mint/marine-corps-250th-commemorative-unc-clad-obverse.jpg,US Mint,1,Numista Reference Library
2026_uncirculated-sets_philadelphia-card,2026,P,uncirculated-sets,,obverse,https://storage.googleapis.com/numista-reference-library/reference_library/user_contributed/coin_sets/uncirculated-coin-set-2026/26rj_c.jpg,Images sourced from United States Mint. Used with permission.,1,Eric Admin Contribution
2026_uncirculated-sets_philadelphia-card,2026,P,uncirculated-sets,,reverse,https://storage.googleapis.com/numista-reference-library/reference_library/user_contributed/coin_sets/uncirculated-coin-set-2026/26rj_e.jpg,Images sourced from United States Mint. Used with permission.,1,Eric Admin Contribution
2026_uncirculated-sets_reverse,2026,,uncirculated-sets,250th Anniversary,reverse,https://storage.googleapis.com/numista-uploads-studio-9101802118-8c9a8/reference_images/us_mint/marine-corps-250th-commemorative-unc-clad-reverse.jpg,US Mint,1,Numista Reference Library
2026_us-constitution_quarter_obverse,2026,,america250-quarters,U.S. Constitution,obverse,https://storage.googleapis.com/numista-reference-library/reference_library/2026_series/2026_quarter_dollar_us_constitution_obverse.jpg,"United States Mint (Public Domain, 17 U.S.C. § 105)",1,US Mint Official Photography
2026_us-constitution_quarter_reverse,2026,,america250-quarters,U.S. Constitution,reverse,https://storage.googleapis.com/numista-reference-library/reference_library/2026_series/2026_quarter_dollar_us_constitution_reverse.jpg,"United States Mint (Public Domain, 17 U.S.C. § 105)",1,US Mint Official Photography
2026_valleyforge_quarter_obverse,2026,,america250-quarters,Revolutionary War,obverse,https://storage.googleapis.com/numista-reference-library/reference_library/2026_series/2026_quarter_dollar_revolutionary_war_obverse.jpg,"United States Mint (Public Domain, 17 U.S.C. § 105)",1,US Mint Official Photography
2026_valleyforge_quarter_reverse,2026,,america250-quarters,Revolutionary War,reverse,https://storage.googleapis.com/numista-reference-library/reference_library/2026_series/2026_quarter_dollar_revolutionary_war_reverse.jpg,"United States Mint (Public Domain, 17 U.S.C. § 105)",1,US Mint Official Photography
2026_wisconsin_american-innovation_reverse,2026,,american-innovation,wisconsin,reverse,https://storage.googleapis.com/numista-reference-library/reference_library/2026_series/2026_american_innovation_wisconsin_reverse.jpg,"United States Mint (Public Domain, 17 U.S.C. § 105)",1,US Mint Official Photography
american-eagle-silver_obverse,2026,W,american-eagle-silver,,obverse,https://storage.googleapis.com/numista-uploads-studio-9101802118-8c9a8/reference_images/new_coin_images/American%20Eagle%202023%20One%20Ounce%20Silver%20Proof%20Coin%20Obverse.jpg,US Mint,1,Numista Reference Library
american-eagle-silver_reverse,2026,W,american-eagle-silver,,reverse,https://storage.googleapis.com/numista-uploads-studio-9101802118-8c9a8/reference_images/new_coin_images/American%20Eagle%202023%20One%20Ounce%20Silver%20Proof%20Coin%20Reverse.jpg,US Mint,1,Numista Reference Library
design_american-eagle-silver_obverse,2026,W,american-eagle-silver,,obverse,https://storage.googleapis.com/numista-uploads-studio-9101802118-8c9a8/reference_images/new_coin_images/American%20Eagle%202023%20One%20Ounce%20Silver%20Proof%20Coin%20Obverse.jpg,US Mint,1,Numista Reference Library
design_american-eagle-silver_reverse,2026,W,american-eagle-silver,,reverse,https://storage.googleapis.com/numista-uploads-studio-9101802118-8c9a8/reference_images/new_coin_images/American%20Eagle%202023%20One%20Ounce%20Silver%20Proof%20Coin%20Reverse.jpg,US Mint,1,Numista Reference Library
design_lincoln-cent-memorial_obverse,1962,,lincoln-cent,,obverse,https://storage.googleapis.com/numista-reference-library/reference_library/wikimedia_uscoin/Coins__NNC_/NNC-US-1909-1C-Lincoln_Cent__28wheat_29_LEFT.jpg,National Numismatic Collection / Wikimedia Commons,1,Numista Reference Library
design_lincoln-cent-memorial_reverse,1962,,lincoln-cent,,reverse,https://storage.googleapis.com/numista-reference-library/reference_library/bulk_programs/penny/2008-lincoln-one-cent-reverse-2000x2000.jpg,National Numismatic Collection / Wikimedia Commons,1,Numista Reference Library
design_peace-dollar_obverse,2026,,peace-dollar,,obverse,https://storage.googleapis.com/numista-uploads-studio-9101802118-8c9a8/reference_images/us_mint/Peace-Dollar-Reverse-Proof-Obverse.jpg,US Mint,1,Numista Reference Library
design_peace-dollar_reverse,2026,,peace-dollar,,reverse,https://storage.googleapis.com/numista-uploads-studio-9101802118-8c9a8/reference_images/us_mint/Peace-Dollar-Reverse-Proof-Reverse.jpg,US Mint,1,Numista Reference Library
design_roosevelt-dime_obverse,2026,,dime,,obverse,https://storage.googleapis.com/numista-uploads-studio-9101802118-8c9a8/reference_images/us_mint/2025-roosevelt-dime-uncirculated-obverse-philadelphia.jpg,US Mint,1,Numista Reference Library
design_roosevelt-dime_reverse,2026,,dime,,reverse,https://storage.googleapis.com/numista-uploads-studio-9101802118-8c9a8/reference_images/us_mint/2025-roosevelt-dime-uncirculated-reverse.jpg,US Mint,1,Numista Reference Library
dime_obverse,2026,,dime,,obverse,https://storage.googleapis.com/numista-uploads-studio-9101802118-8c9a8/reference_images/us_mint/2025-roosevelt-dime-uncirculated-obverse-philadelphia.jpg,US Mint,1,Numista Reference Library
dime_reverse,2026,,dime,,reverse,https://storage.googleapis.com/numista-uploads-studio-9101802118-8c9a8/reference_images/us_mint/2025-roosevelt-dime-uncirculated-reverse.jpg,US Mint,1,Numista Reference Library
lincoln-cent-memorial_obverse,1962,,lincoln-cent,,obverse,https://storage.googleapis.com/numista-reference-library/reference_library/wikimedia_uscoin/Coins__NNC_/NNC-US-1909-1C-Lincoln_Cent__28wheat_29_LEFT.jpg,National Numismatic Collection / Wikimedia Commons,1,Numista Reference Library
lincoln-cent-memorial_reverse,1962,,lincoln-cent,,reverse,https://storage.googleapis.com/numista-reference-library/reference_library/bulk_programs/penny/2008-lincoln-one-cent-reverse-2000x2000.jpg,National Numismatic Collection / Wikimedia Commons,1,Numista Reference Library
peace-dollar_obverse,2026,,peace-dollar,,obverse,https://storage.googleapis.com/numista-uploads-studio-9101802118-8c9a8/reference_images/us_mint/Peace-Dollar-Reverse-Proof-Obverse.jpg,US Mint,1,Numista Reference Library
peace-dollar_reverse,2026,,peace-dollar,,reverse,https://storage.googleapis.com/numista-uploads-studio-9101802118-8c9a8/reference_images/us_mint/Peace-Dollar-Reverse-Proof-Reverse.jpg,US Mint,1,Numista Reference Library
