Category,Series,Denomination,Year,Mint Mark,Variety,Has History,Has Obverse,Has Reverse,Grok Verified
coin,Dollar,One Cent,,,"1 Cent ""Lincoln Memorial Cent"" (Bronze)",Yes,No,No,No
coin,Half Dollar,One Cent,,,"1 Cent ""Lincoln Memorial Cent"" (copper plated zinc)",Yes,No,No,No
coin,Dollar,Five Cents,,,"5 Cents ""Jefferson Nickel"" (1st portrait)",Yes,No,No,No
coin,Dollar,Five Cents,,,"5 Cents ""Jefferson Wartime Nickel"" (1st portrait)",Yes,No,No,No
coin,Dollar,Five Cents,,,"5 Cents ""Jefferson Nickel"" (Louisiana Purchase)",Yes,No,No,No
coin,Quarter,Five Cents,,,"5 Cents ""Jefferson Nickel"" (Westward Journey, Keelboat)",Yes,No,No,No
coin,Dollar,Five Cents,,,"5 Cents ""Jefferson Nickel"" (Westward Journey, Bison)",Yes,No,No,No
coin,Dollar,Five Cents,,,"5 Cents ""Jefferson Nickel"" (Westward Journey, Ocean View)",Yes,No,No,No
coin,Dollar,Five Cents,,,"5 Cents ""Jefferson Nickel"" (2nd portrait, Return to Monticello)",Yes,No,No,No
coin,Dollar,One Dime,,,"1 Dime ""Mercury Dime""",Yes,No,No,No
coin,Dollar,One Dime,,,"1 Dime ""Roosevelt Silver Dime""",Yes,No,No,No
coin,Dollar,One Dime,,,"1 Dime ""Roosevelt Dime""",Yes,No,No,No
coin,Quarter,Quarter Dollar,,,"¼ Dollar ""Washington Silver Quarter""",Yes,No,No,No
coin,Quarter,Quarter Dollar,,,"¼ Dollar ""Washington Quarter""",Yes,No,No,No
coin,Quarter,Quarter Dollar,,,"¼ Dollar ""Washington Quarter"" (Bicentennial)",Yes,No,No,No
coin,Quarter,Quarter Dollar,,,"¼ Dollar ""Washington Quarter"" (Delaware)",Yes,No,No,No
coin,Quarter,Quarter Dollar,,,"¼ Dollar ""Washington Quarter"" (Pennsylvania)",Yes,No,No,No
coin,Quarter,Quarter Dollar,,,"¼ Dollar ""Washington Quarter"" (New Jersey)",Yes,No,No,No
coin,Quarter,Quarter Dollar,,,"¼ Dollar ""Washington Quarter"" (Georgia)",Yes,No,No,No
coin,Quarter,Quarter Dollar,,,"¼ Dollar ""Washington Quarter"" (Connecticut)",Yes,No,No,No
coin,Quarter,Quarter Dollar,,,"¼ Dollar ""Washington Quarter"" (Massachusetts)",Yes,No,No,No
coin,Quarter,Quarter Dollar,,,"¼ Dollar ""Washington Quarter"" (Maryland)",Yes,No,No,No
coin,Quarter,Quarter Dollar,,,"¼ Dollar ""Washington Quarter"" (South Carolina)",Yes,No,No,No
coin,Quarter,Quarter Dollar,,,"¼ Dollar ""Washington Quarter"" (New Hampshire)",Yes,No,No,No
coin,Quarter,Quarter Dollar,,,"¼ Dollar ""Washington Quarter"" (Virginia)",Yes,No,No,No
coin,Quarter,Quarter Dollar,,,"¼ Dollar ""Washington Quarter"" (New York)",Yes,No,No,No
coin,Quarter,Quarter Dollar,,,"¼ Dollar ""Washington Quarter"" (North Carolina)",Yes,No,No,No
coin,Quarter,Quarter Dollar,,,"¼ Dollar ""Washington Quarter"" (Rhode Island)",Yes,No,No,No
coin,Quarter,Quarter Dollar,,,"¼ Dollar ""Washington Quarter"" (Vermont)",Yes,No,No,No
coin,Quarter,Quarter Dollar,,,"¼ Dollar ""Washington Quarter"" (Kentucky)",Yes,No,No,No
coin,Quarter,Quarter Dollar,,,"¼ Dollar ""Washington Quarter"" (Tennessee)",Yes,No,No,No
coin,Quarter,Quarter Dollar,,,"¼ Dollar ""Washington Quarter"" (Ohio)",Yes,No,No,No
coin,Quarter,Quarter Dollar,,,"¼ Dollar ""Washington Quarter"" (Louisiana)",Yes,No,No,No
coin,Quarter,Quarter Dollar,,,"¼ Dollar ""Washington Quarter"" (Indiana)",Yes,No,No,No
coin,Quarter,Quarter Dollar,,,"¼ Dollar ""Washington Quarter"" (Mississippi)",Yes,No,No,No
coin,Quarter,Quarter Dollar,,,"¼ Dollar ""Washington Quarter"" (Illinois)",Yes,No,No,No
coin,Quarter,Quarter Dollar,,,"¼ Dollar ""Washington Quarter"" (Alabama)",Yes,No,No,No
coin,Quarter,Quarter Dollar,,,"¼ Dollar ""Washington Quarter"" (Maine)",Yes,No,No,No
coin,Quarter,Quarter Dollar,,,"¼ Dollar ""Washington Quarter"" (Missouri)",Yes,No,No,No
coin,Quarter,Quarter Dollar,,,"¼ Dollar ""Washington Quarter"" (Arkansas)",Yes,No,No,No
coin,Quarter,Quarter Dollar,,,"¼ Dollar ""Washington Quarter"" (Michigan)",Yes,No,No,No
coin,Quarter,Quarter Dollar,,,"¼ Dollar ""Washington Quarter"" (Florida)",Yes,No,No,No
coin,Quarter,Quarter Dollar,,,"¼ Dollar ""Washington Quarter"" (Texas)",Yes,No,No,No
coin,Quarter,Quarter Dollar,,,"¼ Dollar ""Washington Quarter"" (Iowa)",Yes,No,No,No
coin,Quarter,Quarter Dollar,,,"¼ Dollar ""Washington Quarter"" (Wisconsin)",Yes,No,No,No
coin,Quarter,Quarter Dollar,,,"¼ Dollar ""Washington Quarter"" (California)",Yes,No,No,No
coin,Quarter,Quarter Dollar,,,"¼ Dollar ""Washington Quarter"" (Minnesota)",Yes,No,No,No
coin,Quarter,Quarter Dollar,,,"¼ Dollar ""Washington Quarter"" (Oregon)",Yes,No,No,No
coin,Quarter,Quarter Dollar,,,"¼ Dollar ""Washington Quarter"" (Kansas)",Yes,No,No,No
coin,Quarter,Quarter Dollar,,,"¼ Dollar ""Washington Quarter"" (West Virginia)",Yes,No,No,No
coin,Quarter,Quarter Dollar,,,"¼ Dollar ""Washington Quarter"" (Nevada)",Yes,No,No,No
coin,Quarter,Quarter Dollar,,,"¼ Dollar ""Washington Quarter"" (Nebraska)",Yes,No,No,No
coin,Quarter,Quarter Dollar,,,"¼ Dollar ""Washington Quarter"" (Colorado)",Yes,No,No,No
coin,Quarter,Quarter Dollar,,,"¼ Dollar ""Washington Quarter"" (North Dakota)",Yes,No,No,No
coin,Quarter,Quarter Dollar,,,"¼ Dollar ""Washington Quarter"" (South Dakota)",Yes,No,No,No
coin,Quarter,Quarter Dollar,,,"¼ Dollar ""Washington Quarter"" (Montana)",Yes,No,No,No
coin,Quarter,Quarter Dollar,,,"¼ Dollar ""Washington Quarter"" (Washington)",Yes,No,No,No
coin,Quarter,Quarter Dollar,,,"¼ Dollar ""Washington Quarter"" (Idaho)",Yes,No,No,No
coin,Quarter,Quarter Dollar,,,"¼ Dollar ""Washington Quarter"" (Wyoming)",Yes,No,No,No
coin,Quarter,Quarter Dollar,,,"¼ Dollar ""Washington Quarter"" (Utah)",Yes,No,No,No
coin,Quarter,Quarter Dollar,,,"¼ Dollar ""Washington Quarter"" (Oklahoma)",Yes,No,No,No
coin,Quarter,Quarter Dollar,,,"¼ Dollar ""Washington Quarter"" (New Mexico)",Yes,No,No,No
coin,Quarter,Quarter Dollar,,,"¼ Dollar ""Washington Quarter"" (Arizona)",Yes,No,No,No
coin,Quarter,Quarter Dollar,,,"¼ Dollar ""Washington Quarter"" (Alaska)",Yes,No,No,No
coin,Quarter,Quarter Dollar,,,"¼ Dollar ""Washington Quarter"" (Hawaii)",Yes,No,No,No
coin,Dollar,One Cent,,,"1 Cent ""Lincoln - Wheat Ears Reverse""",Yes,No,No,No
coin,Dollar,One Dollar,,,"1 Dollar ""Sacagawea Dollar""",Yes,No,No,No
coin,Half Dollar,Half Dollar,,,"½ Dollar ""Kennedy Half Dollar"" (90% Silver)",Yes,No,No,No
coin,Dollar,One Cent,,,"1 Cent ""Liberty Head/Braided Hair Cent""",Yes,No,No,No
coin,Dollar,One Cent,,,"1 Cent ""Indian Head Cent"" (with shield)",Yes,No,No,No
coin,Dollar,Five Cents,,,"5 Cents ""Buffalo Nickel"" (flat ground)",Yes,No,No,No
coin,Dollar,Three Cents,,,"3 Cents ""Trime"" (type 1 - no lines bordering star)",Yes,No,No,No
coin,Dollar,One Dollar,,,"1 Dollar ""Eisenhower Dollar""",Yes,No,No,No
coin,Quarter,Half Dollar,,,"½ Dollar ""Kennedy Half Dollar"" (Bicentennial)",Yes,No,No,No
coin,Dollar,One Dollar,,,1 Dollar (George Washington),Yes,No,No,No
coin,Dollar,One Dollar,,,"1 Dollar ""Morgan Dollar""",Yes,No,No,No
coin,Dollar,One Dollar,,,"1 Dollar ""American Silver Eagle"" (Bullion Coin)",Yes,No,No,No
coin,Dollar,One Dollar,,,1 Dollar (John Adams),Yes,No,No,No
coin,Dollar,One Dollar,,,1 Dollar (Thomas Jefferson),Yes,No,No,No
coin,Dollar,One Dollar,,,1 Dollar (James Madison),Yes,No,No,No
coin,Dollar,Two Cents,,,"2 Cents ""Union Shield""",Yes,No,No,No
coin,Dollar,One Cent,,,"1 Cent ""Indian Head Cent""",Yes,No,No,No
coin,Dollar,Three Cents,,,"3 Cents ""Trime"" (type 3 - one line bordering star)",Yes,No,No,No
coin,Half Dollar,Half Dollar,,,"½ Dollar ""Franklin Half Dollar""",Yes,No,No,No
coin,Dollar,One Cent,,,"1 Cent ""Lincoln - Wheat Ears Reverse - Steel""",Yes,No,No,No
coin,Quarter,One Dollar,,,"1 Dollar ""Eisenhower Dollar"" (Bicentennial)",Yes,No,No,No
coin,Quarter,One Dollar,,,"1 Dollar ""Susan B. Anthony Dollar""",Yes,No,No,No
coin,Quarter,Quarter Dollar,,,"¼ Dollar ""Standing Liberty Quarter"" (Stars Below Eagle)",Yes,No,No,No
coin,Quarter,Quarter Dollar,,,"¼ Dollar ""Seated Liberty Quarter"" (with motto, without date arrows)",Yes,No,No,No
coin,Dollar,Five Cents,,,"5 Cents ""Liberty Nickel"" (with ""CENTS"")",Yes,No,No,No
coin,Half Dollar,Half Dollar,,,½ Dollar (Columbian Exposition),Yes,No,No,No
coin,Half Dollar,Half Dollar,,,½ Dollar (State of Illinois Anniversary),Yes,No,No,No
coin,Half Dollar,Half Dollar,,,½ Dollar (Pilgrim Tercentenary),Yes,No,No,No
coin,Half Dollar,Half Dollar,,,½ Dollar (Stone Mountain Memorial),Yes,No,No,No
coin,Half Dollar,Half Dollar,,,½ Dollar (Booker T. Washington Memorial),Yes,No,No,No
coin,Half Dollar,Half Dollar,,,½ Dollar (George Washington),Yes,No,No,No
coin,Half Dollar,Half Dollar,,,½ Dollar (Statue of Liberty),Yes,No,No,No
coin,Dollar,Five Cents,,,"5 Cents ""Shield Nickel"" (without rays)",Yes,No,No,No
coin,Half Dollar,Half Dollar,,,"½ Dollar ""Walking Liberty Half Dollar""",Yes,No,No,No
coin,Dollar,One Cent,,,"1 Cent ""Indian Head Cent"" (without shield)",Yes,No,No,No
coin,Dollar,Three Cents,,,"3 Cents ""Trime"" (type 2 - two lines bordering star)",Yes,No,No,No
coin,Dollar,Five Cents,,,"5 Cents ""Buffalo Nickel"" (raised ground)",Yes,No,No,No
coin,Half Dollar,One Dollar,,,1 Dollar (Mount Rushmore),Yes,No,No,No
coin,Quarter,Quarter Dollar,,,"¼ Dollar ""Seated Liberty Quarter"" (without motto)",Yes,No,No,No
coin,Dollar,One Dollar,,,1 Dollar (James Monroe),Yes,No,No,No
coin,Dollar,One Dollar,,,1 Dollar (John Quincy Adams),Yes,No,No,No
coin,Dollar,One Dollar,,,1 Dollar (Andrew Jackson),Yes,No,No,No
coin,Dollar,One Dollar,,,1 Dollar (Martin Van Buren),Yes,No,No,No
coin,Dollar,Three Cents,,,"3 Cents ""Three Cent Nickel""",Yes,No,No,No
coin,Dollar,One Dollar,,,"1 Dollar ""Peace Dollar""",Yes,No,No,No
coin,Quarter,Quarter Dollar,,,"¼ Dollar ""Washington Quarter"" (District of Columbia)",Yes,No,No,No
coin,Dollar,One Dime,,,"1 Dime ""Barber Dime""",Yes,No,No,No
coin,Dollar,One Dollar,,,"1 Dollar ""Liberty Head"" (Type 1)",Yes,No,No,No
coin,Quarter,Two and a Half Dollars,,,"2½ Dollars ""Indian Head - Quarter Eagle""",Yes,No,No,No
coin,Half Dollar,Half Dollar,,,½ Dollar (Hudson),Yes,No,No,No
coin,Quarter,Quarter Dollar,,,¼ Dollar - Kalākaua I,Yes,No,No,No
coin,Quarter,Quarter Dollar,,,"¼ Dollar ""Washington Quarter"" (Puerto Rico)",Yes,No,No,No
coin,Quarter,Quarter Dollar,,,"¼ Dollar ""Isabella Quarter"" (Columbian Exposition Commemorative)",Yes,No,No,No
coin,Dollar,One Cent,,,"1 Cent ""Lincoln Cent"" (Birth and Early Childhood)",Yes,No,No,No
coin,Half Dollar,Half Dollar,,,"½ Dollar ""Seated Liberty Half Dollar"" (with motto, with date arrows)",Yes,No,No,No
coin,Half Dollar,Half Dime,,,"½ Dime ""Seated Liberty Half Dime"" (arrows at date)",Yes,No,No,No
coin,Half Dollar,Half Dollar,,,"½ Dollar ""Kennedy Half Dollar""",Yes,No,No,No
coin,Dollar,One Cent,,,"1 Cent ""Lincoln Cent"" (Formative Years)",Yes,No,No,No
coin,Dollar,One Dollar,,,"1 Dollar ""Native American Dollar"" (Spread of Three Sisters Agriculture)",Yes,No,No,No
coin,Dollar,One Dollar,,,1 Dollar (Indian Head),Yes,No,No,No
coin,Dollar,One Dollar,,,1 Dollar (John Tyler),Yes,No,No,No
coin,Dollar,One Dollar,,,1 Dollar (William Henry Harrison),Yes,No,No,No
coin,Quarter,Quarter Dollar,,,"¼ Dollar ""Washington Quarter"" (Guam)",Yes,No,No,No
coin,Dollar,One Dollar,,,1 Dollar (James K. Polk),Yes,No,No,No
coin,Dollar,One Dollar,,,1 Dollar (Zachary Taylor),Yes,No,No,No
coin,Dollar,One Cent,,,"1 Cent ""Lincoln Cent"" (Professional Life)",Yes,No,No,No
coin,Dollar,One Cent,,,"1 Cent ""Lincoln Cent"" (Presidency)",Yes,No,No,No
coin,Half Dollar,Half Dollar,,,½ Dollar (Ulysses S. Grant),Yes,No,No,No
coin,Half Dollar,Half Dollar,,,½ Dollar (Battle of Gettysburg),Yes,No,No,No
coin,Quarter,Quarter Dollar,,,"¼ Dollar ""Washington Quarter"" (American Samoa)",Yes,No,No,No
coin,Quarter,Quarter Dollar,,,"¼ Dollar ""Washington Quarter"" (U.S. Virgin Islands)",Yes,No,No,No
coin,Quarter,Quarter Dollar,,,"¼ Dollar ""Washington Quarter"" (Northern Mariana Islands)",Yes,No,No,No
coin,Dollar,One Dime,,,"1 Dime ""Roosevelt Dime"" (Silver Proof)",Yes,No,No,No
coin,Dollar,One Dime,,,"1 Dime ""Seated Liberty Dime"" (with stars, no arrows)",Yes,No,No,No
coin,Half Dollar,Half Dollar,,,½ Dollar (Alabama Centennial),Yes,No,No,No
coin,Half Dollar,Half Dollar,,,½ Dollar (Oregon Trail Memorial),Yes,No,No,No
coin,Dollar,One Dollar,,,"1 Dollar ""Native American Dollar"" (Haudenosaunee — Great Law of Peace)",Yes,No,No,No
coin,Half Dollar,Half Dollar,,,"½ Dollar ""Barber Half Dollar""",Yes,No,No,No
coin,Half Dollar,Half Dollar,,,½ Dollar (Texas Independence),Yes,No,No,No
coin,Dollar,One Dollar,,,1 Dollar (Millard Fillmore),Yes,No,No,No
coin,Dollar,One Dollar,,,"1 Dollar ""Draped Bust Dollar"" (small eagle)",Yes,No,No,No
coin,Dollar,Five Dollars,,,"5 Dollars ""American Gold Eagle"" (Bullion Coinage)",Yes,No,No,No
coin,Quarter,Quarter Dollar,,,"¼ Dollar ""Barber Quarter""",Yes,No,No,No
coin,Half Dollar,Half Dollar,,,"50 Cents / ½ Dollar ""Capped Bust Half Dollar""",Yes,No,No,No
coin,Half Dollar,Half Dollar,,,"½ Dollar ""Kennedy Half Dollar"" (40% Silver)",Yes,No,No,No
coin,Half Dollar,Half Dollar,,,"½ Dollar ""Kennedy Half Dollar"" (Silver .900)",Yes,No,No,No
coin,Dollar,One Cent,,,"1 Cent ""Lincoln Cent - Shield Reverse""",Yes,No,No,No
coin,Quarter,Quarter Dollar,,,"¼ Dollar ""Washington Quarter"" (Hot Springs, Arkansas)",Yes,No,No,No
coin,Dollar,One Dollar,,,1 Dollar (Franklin Pierce),Yes,No,No,No
coin,Half Dollar,Five Cents,,,"5 Cents ""Liberty Cap Half Dime""",Yes,No,No,No
coin,Dollar,One Dollar,,,"1 Dollar ""Seated Liberty"" (without motto)",Yes,No,No,No
coin,Quarter,Half Dollar,,,½ Dollar (Washington-Carver),Yes,No,No,No
coin,Quarter,Two and a Half Dollars,,,"2½ Dollars ""Coronet Head - Quarter Eagle""",Yes,No,No,No
coin,Quarter,Quarter Dollar,,,"¼ Dollar ""Washington Quarter"" (Georgia - Silver Proof)",Yes,No,No,No
coin,Quarter,Quarter Dollar,,,"¼ Dollar ""Washington Quarter"" (Delaware - Silver Proof)",Yes,No,No,No
coin,Quarter,Quarter Dollar,,,"¼ Dollar ""Washington Quarter"" (Pennsylvania - Silver Proof)",Yes,No,No,No
coin,Quarter,Quarter Dollar,,,"¼ Dollar ""Washington Quarter"" (New Jersey - Silver Proof)",Yes,No,No,No
coin,Quarter,Quarter Dollar,,,"¼ Dollar ""Washington Quarter"" (Connecticut - Silver Proof)",Yes,No,No,No
coin,Quarter,Quarter Dollar,,,"¼ Dollar ""Washington Quarter"" (Massachusetts - Silver Proof)",Yes,No,No,No
coin,Quarter,Quarter Dollar,,,"¼ Dollar ""Washington Quarter"" (Maryland - Silver Proof)",Yes,No,No,No
coin,Quarter,Quarter Dollar,,,"¼ Dollar ""Washington Quarter"" (South Carolina - Silver Proof)",Yes,No,No,No
coin,Quarter,Quarter Dollar,,,"¼ Dollar ""Washington Quarter"" (New Hampshire - Silver Proof)",Yes,No,No,No
coin,Quarter,Quarter Dollar,,,"¼ Dollar ""Washington Quarter"" (Virginia - Silver Proof)",Yes,No,No,No
coin,Quarter,Quarter Dollar,,,"¼ Dollar ""Washington Quarter"" (New York - Silver Proof)",Yes,No,No,No
coin,Quarter,Quarter Dollar,,,"¼ Dollar ""Washington Quarter"" (North Carolina - Silver Proof)",Yes,No,No,No
coin,Quarter,Quarter Dollar,,,"¼ Dollar ""Washington Quarter"" (Rhode Island - Silver Proof)",Yes,No,No,No
coin,Quarter,Quarter Dollar,,,"¼ Dollar ""Washington Quarter"" (Vermont - Silver Proof)",Yes,No,No,No
coin,Quarter,Quarter Dollar,,,"¼ Dollar ""Washington Quarter"" (Kentucky - Silver Proof)",Yes,No,No,No
coin,Dollar,One Cent,,,"1 Cent ""Flying Eagle Cent""",Yes,No,No,No
coin,Dollar,One Cent,,,"1 Cent ""Liberty Head / Matron Head"" (Type 1)",Yes,No,No,No
coin,Dollar,One Dime,,,"1 Dime ""Seated Liberty Dime"" (with stars and date arrows)",Yes,No,No,No
coin,Dollar,One Dollar,,,1 Dollar (James Buchanan),Yes,No,No,No
coin,Quarter,Quarter Dollar,,,"¼ Dollar ""Washington Quarter"" (Ohio - Silver Proof)",Yes,No,No,No
coin,Quarter,Quarter Dollar,,,"¼ Dollar ""Washington Quarter"" (Tennessee - Silver Proof)",Yes,No,No,No
coin,Quarter,Quarter Dollar,,,"¼ Dollar ""Washington Quarter"" (Louisiana - Silver Proof)",Yes,No,No,No
coin,Quarter,Quarter Dollar,,,"¼ Dollar ""Washington Quarter"" (Indiana - Silver Proof)",Yes,No,No,No
coin,Quarter,Quarter Dollar,,,"¼ Dollar ""Washington Quarter"" (Mississippi - Silver Proof)",Yes,No,No,No
coin,Quarter,Quarter Dollar,,,"¼ Dollar ""Washington Quarter"" (Illinois - Silver Proof)",Yes,No,No,No
coin,Quarter,Quarter Dollar,,,"¼ Dollar ""Washington Quarter"" (Alabama - Silver Proof)",Yes,No,No,No
coin,Quarter,Quarter Dollar,,,"¼ Dollar ""Washington Quarter"" (Maine - Silver Proof)",Yes,No,No,No
coin,Quarter,Quarter Dollar,,,"¼ Dollar ""Washington Quarter"" (Missouri - Silver Proof)",Yes,No,No,No
coin,Quarter,Quarter Dollar,,,"¼ Dollar ""Washington Quarter"" (Arkansas - Silver Proof)",Yes,No,No,No
coin,Quarter,Quarter Dollar,,,"¼ Dollar ""Washington Quarter"" (Michigan - Silver Proof)",Yes,No,No,No
coin,Quarter,Quarter Dollar,,,"¼ Dollar ""Washington Quarter"" (Florida - Silver Proof)",Yes,No,No,No
coin,Quarter,Quarter Dollar,,,"¼ Dollar ""Washington Quarter"" (Texas - Silver Proof)",Yes,No,No,No
coin,Quarter,Quarter Dollar,,,"¼ Dollar ""Washington Quarter"" (Iowa - Silver Proof)",Yes,No,No,No
coin,Quarter,Quarter Dollar,,,"¼ Dollar ""Washington Quarter"" (Wisconsin - Silver Proof)",Yes,No,No,No
coin,Quarter,Quarter Dollar,,,"¼ Dollar ""Washington Quarter"" (California - Silver Proof)",Yes,No,No,No
coin,Quarter,Quarter Dollar,,,"¼ Dollar ""Washington Quarter"" (Minnesota - Silver Proof)",Yes,No,No,No
coin,Dollar,Five Cents,,,"5 Cents ""Shield Nickel""",Yes,No,No,No
coin,Half Dollar,Half Dime,,,"½ Dime ""Seated Liberty Half Dime"" (without stars)",Yes,No,No,No
coin,Half Dollar,Half Dime,,,"½ Dime ""Seated Liberty Half Dime"" (with stars, no arrows)",Yes,No,No,No
coin,Quarter,Quarter Dollar,,,"¼ Dollar ""Washington Quarter"" (Oregon - Silver Proof)",Yes,No,No,No
coin,Quarter,Quarter Dollar,,,"¼ Dollar ""Washington Quarter"" (Kansas - Silver Proof)",Yes,No,No,No
coin,Quarter,Quarter Dollar,,,"¼ Dollar ""Washington Quarter"" (West Virginia - Silver Proof)",Yes,No,No,No
coin,Quarter,Quarter Dollar,,,"¼ Dollar ""Washington Quarter"" (Nevada - Silver Proof)",Yes,No,No,No
coin,Quarter,Quarter Dollar,,,"¼ Dollar ""Washington Quarter"" (Nebraska - Silver Proof)",Yes,No,No,No
coin,Quarter,Quarter Dollar,,,"¼ Dollar ""Washington Quarter"" (Colorado - Silver Proof)",Yes,No,No,No
coin,Quarter,Quarter Dollar,,,"¼ Dollar ""Washington Quarter"" (North Dakota - Silver Proof)",Yes,No,No,No
coin,Quarter,Quarter Dollar,,,"¼ Dollar ""Washington Quarter"" (South Dakota - Silver Proof)",Yes,No,No,No
coin,Quarter,Quarter Dollar,,,"¼ Dollar ""Washington Quarter"" (Montana - Silver Proof)",Yes,No,No,No
coin,Quarter,Quarter Dollar,,,"¼ Dollar ""Washington Quarter"" (Washington - Silver Proof)",Yes,No,No,No
coin,Quarter,Quarter Dollar,,,"¼ Dollar ""Washington Quarter"" (Idaho - Silver Proof)",Yes,No,No,No
coin,Quarter,Quarter Dollar,,,"¼ Dollar ""Washington Quarter"" (Wyoming - Silver Proof)",Yes,No,No,No
coin,Quarter,Quarter Dollar,,,"¼ Dollar ""Washington Quarter"" (Utah - Silver Proof)",Yes,No,No,No
coin,Quarter,Quarter Dollar,,,"¼ Dollar ""Washington Quarter"" (Oklahoma - Silver Proof)",Yes,No,No,No
coin,Quarter,Quarter Dollar,,,"¼ Dollar ""Washington Quarter"" (New Mexico - Silver Proof)",Yes,No,No,No
coin,Quarter,Quarter Dollar,,,"¼ Dollar ""Washington Quarter"" (Arizona - Silver Proof)",Yes,No,No,No
coin,Quarter,Quarter Dollar,,,"¼ Dollar ""Washington Quarter"" (Alaska - Silver Proof)",Yes,No,No,No
coin,Quarter,Quarter Dollar,,,"¼ Dollar ""Washington Quarter"" (Hawaii - Silver Proof)",Yes,No,No,No
coin,Half Dollar,Half Dollar,,,"½ Dollar ""Capped Bust Half Dollar"" (HALF DOL. below eagle)",Yes,No,No,No
coin,Half Dollar,Half Dollar,,,"½ Dollar ""Seated Liberty Half Dollar""",Yes,No,No,No
coin,Half Dollar,Half Dollar,,,"½ Dollar ""Seated Liberty Half Dollar"" (with date arrows, rays around eagle)",Yes,No,No,No
coin,Half Dollar,Half Dollar,,,"½ Dollar ""Seated Liberty Half Dollar"" (with date arrows)",Yes,No,No,No
coin,Half Dollar,Half Dollar,,,"½ Dollar ""Seated Liberty Half Dollar"" (without date arrows)",Yes,No,No,No
coin,Quarter,Quarter Dollar,,,"¼ Dollar ""Washington Quarter"" (Yellowstone, Wyoming)",Yes,No,No,No
coin,Quarter,Quarter Dollar,,,"¼ Dollar ""Washington Quarter"" (Yosemite, California)",Yes,No,No,No
coin,Half Dollar,Half Dollar,,,"½ Dollar ""Seated Liberty Half Dollar"" (with motto)",Yes,No,No,No
coin,Half Dollar,Half Dollar,,,"½ Dollar ""Seated Liberty Half Dollar"" (without date arrows; with motto)",Yes,No,No,No
coin,Dollar,One Dollar,,,"1 Dollar ""Eisenhower Dollar"" (Silver Collectors' Issue)",Yes,No,No,No
coin,Dollar,One Dollar,,,"1 Dollar ""Eisenhower Bicentennial Dollar"" (Silver Collectors' Issue)",Yes,No,No,No
coin,Half Dollar,Half Dollar,,,½ Dollar (World Cup Soccer),Yes,No,No,No
coin,Dollar,One Dollar,,,1 Dollar (XXIII Olympiad Los Angeles),Yes,No,No,No
coin,Half Dollar,One Dollar,,,1 Dollar (Atlanta Olympics - Track and Field),Yes,No,No,No
coin,Dollar,Ten Dollars,,,10 Dollars (Coronet Head - No motto),Yes,No,No,No
coin,Dollar,Ten Dollars,,,10 Dollars (Coronet Head - With motto),Yes,No,No,No
coin,Dollar,One Dime,,,1 Dime - Kalākaua I,Yes,No,No,No
coin,Dollar,One Dollar,,,1 Dollar - Kalākaua I,Yes,No,No,No
coin,Dollar,One Cent,,,1 Cent - Kamehameha III,Yes,No,No,No
coin,Dollar,One Dollar,,,⅛ Dollar - Kalākaua I,Yes,No,No,No
coin,Half Dollar,Half Dollar,,,½ Dollar - Kalākaua I,Yes,No,No,No
coin,Quarter,Quarter Dollar,,,"¼ Dollar ""Washington Quarter"" (Grand Canyon, Arizona)",Yes,No,No,No
coin,Dollar,One Dollar,,,1 Dollar (Statue of Liberty),Yes,No,No,No
coin,Dollar,One Dollar,,,"1 Dollar ""Trade Dollar""",Yes,No,No,No
coin,Dollar,One Dollar,,,1 Dollar (Abraham Lincoln),Yes,No,No,No
coin,Dollar,One Dollar,,,1 Maui Trade Dollar,Yes,No,No,No
coin,Dollar,One Cent,,,"1 Cent ""Draped Bust Cent""",Yes,No,No,No
coin,Dollar,One Cent,,,1 Cent - Washington “Unity States”,Yes,No,No,No
coin,Dollar,One Cent,,,"1 Cent ""Capped Bust - Classic Head Cent""",Yes,No,No,No
coin,Half Dollar,Half Cent,,,"½ Cent ""Draped Bust - Half Cent""",Yes,No,No,No
coin,Dollar,One Dollar,,,"Bentonian Currency, Mint Drop",Yes,No,No,No
coin,Quarter,Quarter Dollar,,,"¼ Dollar ""Washington Quarter"" (Mount Hood, Oregon)",Yes,No,No,No
coin,Half Dollar,Half Dollar,,,"½ Dollar - North Dakota Diamond Jubilee (Bismarck, North Dakota)",Yes,No,No,No
coin,Dollar,One Cent,,,1 Penny - Grand Rapids Chapter No. 7 (Michigan),Yes,No,No,No
coin,Half Dollar,Half Dollar,,,½ Dollar (Long Island),Yes,No,No,No
coin,Dollar,One Dollar,,,"Florida United Numismatists - 6th Annual Convention (Miami, Florida)",Yes,No,No,No
coin,Half Dollar,Half Dollar,,,½ Dollar (Monroe Doctrine Centennial),Yes,No,No,No
coin,Half Dollar,Half Dollar,,,½ Dollar (Huguenot-Walloon Tercentenary),Yes,No,No,No
coin,Dollar,Half Dollar,,,"50 Cents - Bismarck, North Dakota",Yes,No,No,No
coin,Dollar,Half Dollar,,,50 Cents - Illinois (100th anniversary New Athens),Yes,No,No,No
coin,Dollar,Half Dollar,,,50 Cents - Cumberland County Anniversary (Maine),Yes,No,No,No
coin,Dollar,Half Dollar,,,"50 Cents - Atlantic Centennial (Atlantic, Iowa)",Yes,No,No,No
coin,Dollar,One Dollar,,,1 Dollar (Bicentennial of the Congress),Yes,No,No,No
coin,Half Dollar,Half Dollar,,,½ Dollar (Congress),Yes,No,No,No
coin,Dollar,One Dollar,,,1 Dollar (Constitution),Yes,No,No,No
coin,Dollar,One Cent,,,1 Cent - Talbot Allum and Lee,Yes,No,No,No
coin,Half Dollar,Half Dime,,,"½ Dime - ""Seated Liberty Half Dime"" (obverse legend)",Yes,No,No,No
coin,Dollar,One Dime,,,"1 Dime ""Seated Liberty Dime"" (without stars, date arrows removed)",Yes,No,No,No
coin,Dollar,One Hundred Dollars,,,"100 Dollars ""American Platinum Eagle"" (Bullion Coinage)",Yes,No,No,No
coin,Half Dollar,Half Dollar,,,½ Dollar (Iowa Centennial),Yes,No,No,No
coin,Dollar,Five Cents,,,"5 Cents ""Liberty Nickel"" (without ""CENTS"")",Yes,No,No,No
coin,Dollar,5 Mills,,,5 Mills - Sales Tax Payment (Arizona),Yes,No,No,No
coin,Dollar,Twenty Cents,,,"20 Cents ""Seated Liberty""",Yes,No,No,No
coin,Dollar,Fifty Dollars,,,"50 Dollars ""American Buffalo"" (Gold Bullion Coinage)",Yes,No,No,No
coin,Dollar,Five Dollars,,,5 Dollars (Indian Head),Yes,No,No,No
coin,Half Dollar,Half Dollar,,,½ Dollar (American Bald Eagle),Yes,No,No,No
coin,Dollar,One Dollar,,,1 Dollar (XXIII Olympiad),Yes,No,No,No
coin,Dollar,Five Dollars,,,5 Dollars (Coronet Head - With motto),Yes,No,No,No
coin,Half Dollar,Half Dollar,,,½ Dollar (Maine Statehood Centennial),Yes,No,No,No
coin,Dollar,One Dollar,,,1 Dollar (Andrew Johnson),Yes,No,No,No
coin,Quarter,Quarter Dollar,,,"¼ Dollar ""Washington Quarter"" (Gettysburg National Military Park, Pennsylvania)",Yes,No,No,No
coin,Dollar,One Dollar,,,1 Dollar (Louis Braille Bicentennial),Yes,No,No,No
coin,Half Dollar,One Dollar,,,1 Dollar (Atlanta Olympics - Cycling),Yes,No,No,No
coin,Dollar,One Cent,,,"1 Cent ""Liberty Head / Matron Head Modified"" (Type 2 Young Head)",Yes,No,No,No
coin,Dollar,One Dollar,,,1 Dollar (Thomas Alva Edison),Yes,No,No,No
coin,Dollar,One Dollar,,,"1 Dollar ""Native American Dollar"" (Wampanoag Treaty)",Yes,No,No,No
coin,Dollar,One Dollar,,,1 Dollar (Seoul Olympiad),Yes,No,No,No
coin,Dollar,One Dollar,,,1 Dollar (Korean War Memorial Coin),Yes,No,No,No
coin,Dollar,One Dollar,,,1 Dollar (XXV Olympiad),Yes,No,No,No
coin,Dollar,One Dollar,,,1 Dollar (Bill of Rights),Yes,No,No,No
coin,Dollar,One Dollar,,,1 Dollar (World War II),Yes,No,No,No
coin,Dollar,One Dollar,,,1 Dollar (1994 World Cup Tournament),Yes,No,No,No
coin,Dollar,One Dollar,,,1 Dollar (Bicentennial of the U.S. Capitol),Yes,No,No,No
coin,Dollar,One Dollar,,,"1 Dollar (Centennial Olympic Games, Gymnastics)",Yes,No,No,No
coin,Dollar,One Dollar,,,"1 Dollar (Centennial Olympic Games, Paralympics)",Yes,No,No,No
coin,Half Dollar,One Dollar,,,1 Dollar (Botanic Garden),Yes,No,No,No
coin,Dollar,One Dollar,,,1 Dollar (San Francisco Old Mint Centennial),Yes,No,No,No
coin,Dollar,One Dollar,,,1 Dollar (Lewis and Clark Bicentennial),Yes,No,No,No
coin,Dollar,One Dollar,,,Ronald Reagan - Double Eagle (Series AA),Yes,No,No,No
coin,Dollar,Half Dollar,,,"50 Cents - Firelands Sesquicentennial (Norwalk, Ohio)",Yes,No,No,No
coin,Dollar,One Dollar,,,"Souvenir Dollar - Milan, Ohio (Birthplace of Thomas Edison)",Yes,No,No,No
coin,Dollar,Half Dollar,,,"50 Cents - Don't Worry Club (Doutrich's; Harrisburg, Pennsylvania)",Yes,No,No,No
coin,Dollar,1 Mill,,,1 Mill - Emergency School Tax (New Mexico),Yes,No,No,No
coin,Half Dollar,One Dollar,,,1 Dollar (USO Anniversary),Yes,No,No,No
coin,Dollar,One Dollar,,,1 Dollar (Eisenhower Centennial),Yes,No,No,No
coin,Dollar,1 Mill,,,1 Mill - Sales Tax Receipt (Missouri),Yes,No,No,No
coin,Dollar,5 Mills,,,5 Mills - Sales Tax Receipt (Missouri),Yes,No,No,No
coin,Dollar,One Dollar,,,1 Ounce - Morgan Dollar,Yes,No,No,No
coin,Dollar,Five Dollars,,,5 Dollars (Olympics),Yes,No,No,No
coin,Dollar,1 Mill,,,1 Mill - Sales Tax Payment (Arizona),Yes,No,No,No
coin,Dollar,1 Mill,,,1 Mill - Sales Tax Payment (Arizona),Yes,No,No,No
coin,Dollar,One Dollar,,,1 Ounce - Silver Trade Unit (Morgan Dollar),Yes,No,No,No
coin,Quarter,Quarter Dollar,,,"¼ Dollar ""Washington Quarter"" (Glacier National Park, Montana)",Yes,No,No,No
coin,Dollar,One Dollar,,,1 Dollar (Boy Scouts of America Centennial),Yes,No,No,No
coin,Dollar,Five Cents,,,5 Cents - Caesar's Riverboat Casino,Yes,No,No,No
coin,Half Dollar,Half Dollar,,,½ Dollar (Bill Of Rights),Yes,No,No,No
coin,Dollar,One Dollar,,,1 Dollar (Little Rock Central High School Desegregation),Yes,No,No,No
coin,Quarter,Quarter Dollar,,,"¼ Dollar ""Washington Quarter"" (Bicentennial, Silver Issue)",Yes,No,No,No
coin,Half Dollar,Half Dollar,,,"½ Dollar ""Kennedy Half Dollar"" (Bicentennial, Silver Issue)",Yes,No,No,No
coin,Dollar,One Dime,,,10 Cents - Pump and Pantry,Yes,No,No,No
coin,Dollar,Five Cents,,,"25 Cents - Harrah's Casino (Maryland Heights, Missouri)",Yes,No,No,No
coin,Dollar,Five Cents,,,5 Cents - Kalākaua I,Yes,No,No,No
coin,Dollar,One Dollar,,,1 Ounce - American Pacific Mint (Morgan Silver Trade Unit),Yes,No,No,No
coin,Dollar,One Dime,,,"10 Cents ""Liberty Cap Dime"" (2nd variety)",Yes,No,No,No
coin,Dollar,One Dollar,,,1 Dollar (Ulysses S. Grant),Yes,No,No,No
coin,Dollar,Five Dollars,,,"25 Dollars ""American Gold Eagle"" (Bullion Coinage)",Yes,No,No,No
coin,Dollar,Two Dollars,,,2 Dollars (President Eisenhower),Yes,No,No,No
coin,Dollar,1 Mill,,,1 Mill - Consumer's Tax Check (Oklahoma),Yes,No,No,No
coin,Dollar,One Dollar,,,"1 Dollar - Billy's Auto Laundry (Bladensburg, Maryland)",Yes,No,No,No
coin,Dollar,One Dollar,,,1 Dollar (James Garfield),Yes,No,No,No
coin,Half Dollar,Half Dollar,,,½ Dollar (Panama-Pacific Exposition),Yes,No,No,No
coin,Dollar,One Cent,,,1 Cent (Alden and Frink),Yes,No,No,No
coin,Dollar,One Cent,,,1 Cent (Alden and Frink),Yes,No,No,No
coin,Dollar,One Dollar,,,"1 Dollar ""Gobrecht Dollar""",Yes,No,No,No
coin,Dollar,One Dollar,,,"1 Dollar ""Gobrecht Dollar""",Yes,No,No,No
coin,Quarter,Quarter Dollar,,,"¼ Dollar ""Washington Quarter"" (Olympic National Park, Washington)",Yes,No,No,No
coin,Dollar,Four Dollars,,,"4 Dollars ""1879 Stella"" (Pattern)",Yes,No,No,No
coin,Dollar,One Cent,,,"1 Cent ""1792 Silver Center and Copper"" (Pattern)",Yes,No,No,No
coin,Dollar,One Cent,,,"1 Cent ""Fugio Cent""",Yes,No,No,No
coin,Dollar,One Dollar,,,"1 Dollar ""1873 Trade Dollar"" (Pattern)",Yes,No,No,No
coin,Dollar,One Dollar,,,"1 Dollar ""1879 Goloid Metric Dollar"" (Pattern; Goloid)",Yes,No,No,No
coin,Dollar,Four Dollars,,,"1 Stella / 4 Dollars ""1880 Stella"" Pattern; aluminium",Yes,No,No,No
coin,Dollar,Four Dollars,,,"4 Dollars ""1880 Stella"" (Pattern; gold)",Yes,No,No,No
coin,Dollar,One Dollar,,,"1 Dollar ""1880 Goloid Metric Dollar"" (Pattern; Goloid)",Yes,No,No,No
coin,Dollar,Four Dollars,,,"1 Stella / 4 Dollars ""1880 Stella"" (Pattern; gold)",Yes,No,No,No
coin,Dollar,One Dollar,,,"1 Dollar ""1880 Goloid Metric Dollar"" (Pattern; Goloid)",Yes,No,No,No
coin,Dollar,Twenty Dollars,,,"20 Dollars ""Metric Double Eagle / Quintuple Stella""",Yes,No,No,No
coin,Quarter,Two and a Half Dollars,,,"2½ Dollars ""Quarter Eagle"" (Pattern; copper)",Yes,No,No,No
coin,Dollar,Half Dollar,,,"50 Cents - Logan Mines Inc. (Big Creek, West Virginia)",Yes,No,No,No
coin,Dollar,One Dollar,,,"1 Dollar - Lake Superior Coal Company (Superior, West Virginia)",Yes,No,No,No
coin,Dollar,One Dollar,,,"1 Dollar ""Large Indian Head"" (Type 3)",Yes,No,No,No
coin,Dollar,Three Dollars,,,"3 Dollars ""Indian Princess Head""",Yes,No,No,No
coin,Dollar,One Dollar,,,"1 Dollar ""Small Indian Head"" (Type 2)",Yes,No,No,No
coin,Dollar,Ten Dollars,,,10 Dollars (Indian Head - No motto),Yes,No,No,No
coin,Dollar,Ten Dollars,,,10 Dollars (Indian Head - With motto),Yes,No,No,No
coin,Dollar,Twenty Dollars,,,"20 Dollars (Liberty Head - Double Eagle, With motto)",Yes,No,No,No
coin,Dollar,Twenty Dollars,,,"20 Dollars (Saint-Gaudens - Double Eagle, With motto)",Yes,No,No,No
coin,Dollar,Twenty Dollars,,,"20 Dollars (Liberty Head - Double Eagle, With motto)",Yes,No,No,No
coin,Dollar,Twenty Dollars,,,"20 Dollars (Saint-Gaudens - Double Eagle, No motto, Roman numerals)",Yes,No,No,No
coin,Dollar,Twenty Dollars,,,"20 Dollars (Saint-Gaudens - Double Eagle, No motto)",Yes,No,No,No
coin,Quarter,Five Dollars,,,"25 Dollars ""American Platinum Eagle"" (Bullion Coinage)",Yes,No,No,No
coin,Dollar,Fifty Dollars,,,"50 Dollars ""American Gold Eagle"" (Bullion Coinage)",Yes,No,No,No
coin,Dollar,One Hundred Dollars,,,"100 Dollars ""American Platinum Eagle"" (Bullion Coinage)",Yes,No,No,No
coin,Dollar,One Hundred Dollars,,,"100 Dollars ""American Platinum Eagle"" (Bullion Coinage)",Yes,No,No,No
coin,Dollar,Twenty Dollars,,,"20 Dollars (Saint-Gaudens; Roman numerals, no motto, ultra high relief)",Yes,No,No,No
coin,Dollar,Twenty Dollars,,,"20 Dollars ""Saint-Gaudens - Double Eagle"" (Bullion Coinage)",Yes,No,No,No
coin,Dollar,One Dollar,,,"1 Dollar ""Draped Bust Dollar"" (Heraldic eagle)",Yes,No,No,No
coin,Dollar,Ten Dollars,,,10 Dollars (Library of Congress; Bimetallic),Yes,No,No,No
coin,Dollar,One Dollar,,,2 Ounces - America's Rarest Coins (Gobrecht Dollar),Yes,No,No,No
coin,Dollar,Ten Dollars,,,10 Dollars (Martha Washington; Bullion Coinage),Yes,No,No,No
coin,Dollar,Ten Dollars,,,10 Dollars (Abigail Adams; Bullion Coinage),Yes,No,No,No
coin,Dollar,Ten Dollars,,,10 Dollars (Dolley Madison; Bullion Coinage),Yes,No,No,No
coin,Half Dollar,Ten Dollars,,,10 Dollars (Thomas Jefferson's Liberty; Bullion Coinage),Yes,No,No,No
coin,Dollar,Ten Dollars,,,10 Dollars (Elizabeth Monroe; Bullion Coinage),Yes,No,No,No
coin,Dollar,Ten Dollars,,,10 Dollars (Louisa Adams; Bullion Coinage),Yes,No,No,No
coin,Half Dollar,Ten Dollars,,,10 Dollars (Andrew Jackson's Liberty; Bullion Coinage),Yes,No,No,No
coin,Dollar,Ten Dollars,,,10 Dollars (Martin van Buren's Liberty; Bullion Coinage),Yes,No,No,No
coin,Dollar,One Cent,,,"1 Cent ""Liberty Cap Cent""",Yes,No,No,No
coin,Dollar,Ten Dollars,,,10 Dollars (Anna Harrison; Bullion Coinage),Yes,No,No,No
coin,Dollar,Ten Dollars,,,10 Dollars (Letitia Tyler; Bullion Coinage),Yes,No,No,No
coin,Dollar,Ten Dollars,,,10 Dollars (Julia Tyler; Bullion Coinage),Yes,No,No,No
coin,Dollar,Ten Dollars,,,10 Dollars (Sarah Polk; Bullion Coinage),Yes,No,No,No
coin,Dollar,Ten Dollars,,,10 Dollars (Margaret Taylor; Bullion Coinage),Yes,No,No,No
coin,Dollar,Ten Dollars,,,10 Dollars (Abigail Fillmore; Bullion Coinage),Yes,No,No,No
coin,Dollar,Ten Dollars,,,10 Dollars (Jane Pierce; Bullion Coinage),Yes,No,No,No
coin,Quarter,Ten Dollars,,,10 Dollars (James Buchanan's Liberty; Bullion Coinage),Yes,No,No,No
coin,Dollar,Ten Dollars,,,10 Dollars (Mary Todd Lincoln; Bullion Coinage),Yes,No,No,No
coin,Dollar,Twenty Dollars,,,"20 Dollars (Liberty Head - Double Eagle, No motto)",Yes,No,No,No
coin,Half Dollar,Half Dollar,,,½ Dollar (Pattern),Yes,No,No,No
coin,Dollar,One Cent,,,1 Cent (Pattern),Yes,No,No,No
coin,Half Dollar,One Dollar,,,1 oz Silver (Walking Liberty),Yes,No,No,No
coin,Dollar,One Dime,,,10 Cents - Mountain Dew,Yes,No,No,No
coin,Half Dollar,Half Dollar,,,½ Dollar (Columbus),Yes,No,No,No
coin,Dollar,One Cent,,,"1 Cent ""Flowing Hair Cent"" (Wreath reverse)",Yes,No,No,No
coin,Dollar,One Cent,,,"1 Cent ""Flowing Hair Cent"" (Chain reverse)",Yes,No,No,No
coin,Half Dollar,Half Cent,,,"½ Cent ""Braided Hair - Half Cent""",Yes,No,No,No
coin,Dollar,One Dollar,,,1 Dollar (Rutherford B. Hayes),Yes,No,No,No
coin,Quarter,Quarter Dollar,,,"¼ Dollar ""Washington Quarter"" (Vicksburg National Military Park, Mississippi)",Yes,No,No,No
coin,Quarter,Quarter Dollar,,,"¼ Dollar ""Washington Quarter"" (Chickasaw National Recreation Area, Oklahoma)",Yes,No,No,No
coin,Dollar,Fifty Dollars,,,50 Dollars (Panama–Pacific Exposition),Yes,No,No,No
coin,Dollar,Fifty Dollars,,,50 Dollars (Panama–Pacific Exposition),Yes,No,No,No
coin,Dollar,One Dollar,,,1 Dollar (Panama–Pacific Exposition),Yes,No,No,No
coin,Dollar,Two and a Half Dollars,,,2½ Dollars (Panama–Pacific Exposition),Yes,No,No,No
coin,Dollar,One Dollar,,,2 oz Silver (50 Dollars Banknote),Yes,No,No,No
coin,Quarter,Quarter Dollar,,,"¼ Dollar ""Seated Liberty Quarter"" (without motto, with rays and date arrows)",Yes,No,No,No
coin,Quarter,Quarter Dollar,,,"¼ Dollar ""Seated Liberty Quarter"" (without motto, with date arrows)",Yes,No,No,No
coin,Dollar,One Dollar,,,Society for Creative Anachronism (Thor's Hammer),Yes,No,No,No
coin,Dollar,One Dollar,,,Society for Creative Anachronism (Marriage of Janos and Rachel),Yes,No,No,No
coin,Half Dollar,Half Dollar,,,½ Dollar (Hawaiian Sesquicentennial),Yes,No,No,No
coin,Half Dollar,Half Dollar,,,½ Dollar (Vermont Sesquicentennial),Yes,No,No,No
coin,Dollar,One Dollar,,,1 Dollar - Victoria Kaʻiulani (Reginald Huth Pattern),Yes,No,No,No
coin,Dollar,One Dollar,,,1 Dollar - Victoria Kaʻiulani (Reginald Huth Pattern),Yes,No,No,No
coin,Dollar,One Dollar,,,1 Dollar - Liliʻuokalani (Reginald Huth Pattern),Yes,No,No,No
coin,Half Dollar,Five Cents,,,"5 Cents ""Flowing Hair Half Dime""",Yes,No,No,No
coin,Dollar,One Dollar,,,1 Dollar - Victoria Kaʻiulani (Bernard von NotHaus Bullion Issue),Yes,No,No,No
coin,Quarter,One Dollar,,,¼ Crown - Victoria Kaʻiulani (Bernard von NotHaus Bullion Issue),Yes,No,No,No
coin,Half Dollar,Half Dollar,,,½ Dollar (Counterstamped),Yes,No,No,No
coin,Half Dollar,Half Dollar,,,½ Dollar (Counterstamped),Yes,No,No,No
coin,Dollar,One Dollar,,,1 Dollar (Counterstamped),Yes,No,No,No
coin,Dollar,One Dollar,,,1 Dollar (Counterstamped),Yes,No,No,No
coin,Dollar,One Dollar,,,1 Dollar - Liliʻuokalani (Bernard von NotHaus Bullion Issue),Yes,No,No,No
coin,Dollar,One Dollar,,,1 Dollar - Kamehameha I (Bernard von NotHaus Bullion Issue),Yes,No,No,No
coin,Dollar,One Dollar,,,1 Dollar - Kalākaua (Bernard von NotHaus Bullion Issue),Yes,No,No,No
coin,Dollar,Five Dollars,,,"5 Dollars ""Draped Bust"" (Small Eagle)",Yes,No,No,No
coin,Dollar,Ten Dollars,,,10 Dollars (Liberty Cap / Small Eagle),Yes,No,No,No
coin,Dollar,Five Dollars,,,"5 Dollars ""Liberty Cap"" (Heraldic Eagle)",Yes,No,No,No
coin,Dollar,Ten Dollars,,,10 Dollars (Liberty Cap / Heraldic Eagle),Yes,No,No,No
coin,Dollar,Ten Dollars,,,"10 Dollars ""American Platinum Eagle"" (Bullion Coinage)",Yes,No,No,No
coin,Quarter,Five Dollars,,,"25 Dollars ""American Platinum Eagle"" (Bullion Coinage)",Yes,No,No,No
coin,Half Dollar,Fifty Dollars,,,"50 Dollars ""American Platinum Eagle"" (Bullion Coinage)",Yes,No,No,No
coin,Dollar,One Hundred Dollars,,,"100 Dollars ""American Platinum Eagle"" (Bullion Coinage)",Yes,No,No,No
coin,Dollar,One Hundred Dollars,,,"100 Dollars ""American Platinum Eagle"" (Bullion Coinage)",Yes,No,No,No
coin,Half Dollar,Fifty Dollars,,,"50 Dollars ""American Platinum Eagle"" (Bullion Coinage)",Yes,No,No,No
coin,Dollar,Ten Dollars,,,"10 Dollars ""American Platinum Eagle"" (Bullion Coinage)",Yes,No,No,No
coin,Half Dollar,Fifty Dollars,,,"50 Dollars ""American Platinum Eagle"" (Bullion Coinage)",Yes,No,No,No
coin,Quarter,Ten Dollars,,,"10 Dollars ""American Gold Eagle"" (Bullion Coinage)",Yes,No,No,No
coin,Half Dollar,Five Cents,,,"5 Cents ""Half Disme""",Yes,No,No,No
coin,Dollar,One Dollar,,,1 Dollar (Dolley Madison),Yes,No,No,No
coin,Dollar,One Dollar,,,1 Dollar (Leif Ericson Millennium),Yes,No,No,No
coin,Dollar,One Dollar,,,1 Dollar (West Point Bicentennial),Yes,No,No,No
coin,Half Dollar,One Dollar,,,1 Dollar (First Flight Centennial),Yes,No,No,No
coin,Dollar,One Dollar,,,1 Dollar (Marine Corps 230th Anniversary),Yes,No,No,No
coin,Half Dollar,One Dollar,,,1 Dollar (Bald Eagle Recovery and National Emblem),Yes,No,No,No
coin,Dollar,One Dollar,,,"1 Dollar (Benjamin Franklin Tercentenary, Scientist)",Yes,No,No,No
coin,Dollar,One Dollar,,,"1 Dollar (Benjamin Franklin Tercentenary, Founding Father)",Yes,No,No,No
coin,Dollar,One Dollar,,,"1 Dollar - Hard Rock (Las Vegas, Nevada)",Yes,No,No,No
coin,Dollar,One Dollar,,,1 Dollar - New York New York Casino (Las Vegas),Yes,No,No,No
coin,Dollar,One Dollar,,,1 Dollar - McCarran Airport (Las Vegas),Yes,No,No,No
coin,Dollar,One Dollar,,,"1 Dollar - Golden Nugget Casino (Las Vegas, Nevada)",Yes,No,No,No
coin,Dollar,One Dollar,,,"1 Dollar - Bellagio (Las Vegas, Nevada)",Yes,No,No,No
coin,Dollar,One Dollar,,,"1 Dollar - Desert Inn (Las Vegas, Nevada)",Yes,No,No,No
coin,Dollar,One Dollar,,,"1 Hawaii Dollar (Honolulu, Hawaii)",Yes,No,No,No
coin,Dollar,One Dime,,,"10 Cents - S.W. Stone, Durant (Indian Territory)",Yes,No,No,No
coin,Half Dollar,Half Dollar,,,½ Dollar (Mt. Rushmore),Yes,No,No,No
coin,Dollar,Ten Dollars,,,10 Dollars - Sam's Town Casino (Las Vegas),Yes,No,No,No
coin,Dollar,One Dime,,,"10 Cents - Sambo's Restaurants (Memphis, TN.)",Yes,No,No,No
coin,Dollar,One Dime,,,"10 Cents ""Liberty Cap Dime"" (1st variety)",Yes,No,No,No
coin,Dollar,One Dollar,,,"1 Dollar ""Seated Liberty"" (with motto)",Yes,No,No,No
coin,Dollar,Five Cents,,,25 Cents - AAFES Gift Certificate (10A25),Yes,No,No,No
coin,Half Dollar,Half Dollar,,,½ Dollar (California Diamond Jubilee),Yes,No,No,No
coin,Dollar,Five Dollars,,,5 Dollars (Austria),Yes,No,No,No
coin,Dollar,Five Dollars,,,5 Dollars (Germany),Yes,No,No,No
coin,Dollar,Five Dollars,,,5 Dollars (France),Yes,No,No,No
coin,Dollar,Five Dollars,,,5 Dollars (Italy),Yes,No,No,No
coin,Dollar,Five Dollars,,,5 Dollars (Finland),Yes,No,No,No
coin,Dollar,Five Dollars,,,5 Dollars (Kaiser Wilhelm II),Yes,No,No,No
coin,Half Dollar,Half Dollar,,,½ Dollar (Lexington-Concord Sesquicentennial),Yes,No,No,No
coin,Quarter,Quarter Dollar,,,"¼ Dollar ""Washington Quarter"" (El Yunque National Forest, Puerto Rico)",Yes,No,No,No
coin,Half Dollar,One Dollar,,,1 Dollar - Fairbanks (Alaska),Yes,No,No,No
coin,Dollar,One Dollar,,,1 Dollar (Chester Arthur),Yes,No,No,No
coin,Dollar,One Dollar,,,"1 Dollar (Grover Cleveland, first term)",Yes,No,No,No
coin,Dollar,One Dollar,,,1 Dollar (Benjamin Harrison),Yes,No,No,No
coin,Dollar,One Dollar,,,"1 Dollar (Grover Cleveland, second term)",Yes,No,No,No
coin,Dollar,One Dollar,,,"1 Dollar ""Native American Dollar"" (Trade Routes in the 17th Century)",Yes,No,No,No
coin,Half Dollar,Half Dollar,,,"½ Dollar ""Draped Bust Half Dollar"" (Heraldic eagle)",Yes,No,No,No
coin,Half Dollar,Half Dollar,,,½ Dollar (Atlanta Olympics - Baseball),Yes,No,No,No
coin,Half Dollar,One Dollar,,,1 Dollar (Robert F. Kennedy),Yes,No,No,No
coin,Quarter,Quarter Dollar,,,"¼ Dollar ""Washington Quarter"" (Silver Proof Issue)",Yes,No,No,No
coin,Dollar,Five Cents,,,25 Cents - Chuck E. Cheese (Smile America),Yes,No,No,No
medal,U.S. Medals,Medal,,,Medal - United States Mint Bicentennial,Yes,No,No,No
coin,Half Dollar,Half Cent,,,½ Cent,Yes,No,No,No
coin,Half Dollar,Half Dollar,,,"½ Dollar ""Flowing Hair Half Dollar"" (small eagle)",Yes,No,No,No
coin,Dollar,One Dollar,,,"1 Dollar ""Flowing Hair Dollar""",Yes,No,No,No
coin,Half Dollar,Half Dime,,,"½ Dime ""Draped Bust Half Dime"" (small eagle)",Yes,No,No,No
coin,Dollar,One Dime,,,"1 Dime ""Draped Bust Dime"" (small eagle)",Yes,No,No,No
coin,Quarter,Quarter Dollar,,,"¼ Dollar ""Draped Bust Quarter"" (small eagle)",Yes,No,No,No
coin,Half Dollar,Half Dollar,,,"½ Dollar ""Draped Bust Half Dollar"" (small eagle)",Yes,No,No,No
coin,Quarter,Two and a Half Dollars,,,"2½ Dollars ""Capped Bust to Right - Quarter Eagle""",Yes,No,No,No
coin,Dollar,One Dime,,,"1 Dime ""Draped Bust Dime"" (Heraldic eagle)",Yes,No,No,No
coin,Half Dollar,Half Dime,,,"½ Dime ""Draped Bust Half Dime"" (Heraldic eagle)",Yes,No,No,No
coin,Dollar,One Dollar,,,1 Dollar (Lewis and Clark),Yes,No,No,No
coin,Quarter,Five Cents,,,"25 Cents ""Draped Bust Quarter""",Yes,No,No,No
coin,Quarter,Two and a Half Dollars,,,"2½ Dollars ""Capped Head - Quarter Eagle""",Yes,No,No,No
coin,Half Dollar,Half Cent,,,"½ Cent ""Classic Head Half Cent""",Yes,No,No,No
coin,Quarter,Five Cents,,,"25 Cents ""Liberty Cap Quarter"" (with motto)",Yes,No,No,No
coin,Quarter,Two and a Half Dollars,,,"2½ Dollars ""Capped Head - Quarter Eagle""",Yes,No,No,No
coin,Quarter,Two and a Half Dollars,,,"2½ Dollars ""Capped Head - Quarter Eagle""",Yes,No,No,No
coin,Quarter,Five Cents,,,"25 Cents ""Liberty Cap Quarter"" (without motto)",Yes,No,No,No
coin,Dollar,One Dime,,,"1 Dime ""Seated Liberty Dime"" (no stars around rim)",Yes,No,No,No
coin,Dollar,One Dime,,,"1 Dime ""Seated Liberty Dime"" (arrows at date)",Yes,No,No,No
coin,Quarter,Quarter Dollar,,,"¼ Dollar ""Seated Liberty Quarter"" (with motto; with date arrows)",Yes,No,No,No
coin,Quarter,Quarter Dollar,,,"¼ Dollar ""Standing Liberty Quarter"" (No Stars Below Eagle)",Yes,No,No,No
coin,Half Dollar,Half Dollar,,,½ Dollar (Atlanta Olympics - Basketball),Yes,No,No,No
coin,Quarter,Quarter Dollar,,,"¼ Dollar ""Washington Quarter"" (District of Columbia - Silver Proof)",Yes,No,No,No
coin,Quarter,Quarter Dollar,,,"¼ Dollar ""Washington Quarter"" (Puerto Rico - Silver Proof)",Yes,No,No,No
coin,Quarter,Quarter Dollar,,,"¼ Dollar ""Washington Quarter"" (Guam - Silver Proof)",Yes,No,No,No
coin,Quarter,Quarter Dollar,,,"¼ Dollar ""Washington Quarter"" (American Samoa - Silver Proof)",Yes,No,No,No
coin,Quarter,Quarter Dollar,,,"¼ Dollar ""Washington Quarter"" (U.S. Virgin Islands - Silver Proof)",Yes,No,No,No
coin,Quarter,Quarter Dollar,,,"¼ Dollar ""Washington Quarter"" (Northern Mariana Islands - Silver Proof)",Yes,No,No,No
coin,Half Dollar,Half Dollar,,,½ Dollar (Civil War Battlefields),Yes,No,No,No
coin,Dollar,One Cent,,,1 Cent (Union Forever),Yes,No,No,No
coin,Dollar,One Dollar,,,Upper Peninsula Dollar (Michigan),Yes,No,No,No
coin,Quarter,Quarter Dollar,,,"¼ Dollar ""Washington Quarter"" (Chaco Culture National Historical Park, New Mexico)",Yes,No,No,No
coin,Dollar,One Dollar,,,1 Dollar (Salt Lake City Olympic Games),Yes,No,No,No
coin,Half Dollar,Half Dollar,,,½ Dollar (50th Anniversary of World War II),Yes,No,No,No
coin,Dollar,One Dollar,,,1 Dollar (Columbus Quincentenary),Yes,No,No,No
coin,Half Dollar,Half Dollar,,,½ Dollar (US Capitol Visitor Center),Yes,No,No,No
coin,Dollar,One Dollar,,,1 Dollar (Abraham Lincoln Bicentennial),Yes,No,No,No
coin,Half Dollar,Half Dollar,,,½ Dollar (1992 Olympics),Yes,No,No,No
coin,Dollar,One Dollar,,,1 Dollar (Freedom Tower),Yes,No,No,No
coin,Dollar,One Dollar,,,1 Dollar (Petrus),Yes,No,No,No
coin,Dollar,One Dollar,,,1 Dollar (German Colony),Yes,No,No,No
coin,Quarter,Quarter Dollar,,,"¼ Dollar ""Washington Quarter"" (Acadia National Park, Maine)",Yes,No,No,No
coin,Quarter,Quarter Dollar,,,"¼ Dollar ""Washington Quarter"" (Hawai'i Volcanoes National Park, Hawaii)",Yes,No,No,No
coin,Quarter,Quarter Dollar,,,"¼ Dollar ""Washington Quarter"" (Denali National Park and Preserve, Alaska)",Yes,No,No,No
coin,Quarter,Quarter Dollar,,,"¼ Dollar ""Washington Quarter"" (Hot Springs, Arkansas - Silver Proof)",Yes,No,No,No
coin,Quarter,Quarter Dollar,,,"¼ Dollar ""Washington Quarter"" (Yellowstone, Wyoming - Silver Proof)",Yes,No,No,No
coin,Quarter,Quarter Dollar,,,"¼ Dollar ""Washington Quarter"" (Yosemite, California - Silver Proof)",Yes,No,No,No
coin,Quarter,Quarter Dollar,,,"¼ Dollar ""Washington Quarter"" (Grand Canyon, Arizona - Silver Proof)",Yes,No,No,No
coin,Quarter,Quarter Dollar,,,"¼ Dollar ""Washington Quarter"" (Mount Hood, Oregon - Silver Proof)",Yes,No,No,No
coin,Quarter,Quarter Dollar,,,"¼ Dollar ""Washington Quarter"" (Gettysburg National Military Park, Pennsylvania - Silver Proof)",Yes,No,No,No
coin,Quarter,Quarter Dollar,,,"¼ Dollar ""Washington Quarter"" (Glacier National Park, Montana - Silver Proof)",Yes,No,No,No
coin,Quarter,Quarter Dollar,,,"¼ Dollar ""Washington Quarter"" (Olympic National Park, Washington - Silver Proof)",Yes,No,No,No
coin,Quarter,Quarter Dollar,,,"¼ Dollar ""Washington Quarter"" (Vicksburg National Military Park, Mississippi - Silver Proof)",Yes,No,No,No
coin,Quarter,Quarter Dollar,,,"¼ Dollar ""Washington Quarter"" (Chickasaw National Recreation Area, Oklahoma - Silver Proof)",Yes,No,No,No
coin,Quarter,Quarter Dollar,,,"¼ Dollar ""Washington Quarter"" (El Yunque National Forest, Puerto Rico - Silver Proof)",Yes,No,No,No
coin,Quarter,Quarter Dollar,,,"¼ Dollar ""Washington Quarter"" (Chaco Culture National Historical Park, New Mexico - Silver Proof)",Yes,No,No,No
coin,Quarter,Quarter Dollar,,,"¼ Dollar ""Washington Quarter"" (Acadia National Park, Maine - Silver Proof)",Yes,No,No,No
coin,Quarter,Quarter Dollar,,,"¼ Dollar ""Washington Quarter"" (Hawai'i Volcanoes National Park, Hawaii - Silver Proof)",Yes,No,No,No
coin,Quarter,Quarter Dollar,,,"¼ Dollar ""Washington Quarter"" (Denali National Park and Preserve, Alaska - Silver Proof)",Yes,No,No,No
coin,Dollar,One Dollar,,,1 Dollar (America's Cup with Rope-like Ornamentation),Yes,No,No,No
coin,Dollar,One Dollar,,,1 Dollar (Smithsonian 150th Anniversary),Yes,No,No,No
coin,Dollar,One Dollar,,,1 Dollar (Pope Leo III),Yes,No,No,No
coin,Dollar,Five Cents,,,25 Cents - Holland-America Cruise Line,Yes,No,No,No
coin,Dollar,One Cent,,,1 Cent (City of New York),Yes,No,No,No
coin,Dollar,One Dollar,,,1 Dollar - Luxor (Las Vegas),Yes,No,No,No
coin,Half Dollar,Half Dollar,,,½ Dollar (Sesquicentennial of American Independence),Yes,No,No,No
coin,Quarter,Two and a Half Dollars,,,2½ Dollars (Independence),Yes,No,No,No
coin,Dollar,One Dollar,,,1 Dollar (Yellowstone),Yes,No,No,No
coin,Half Dollar,Half Dollar,,,½ Dollar - California Gold,Yes,No,No,No
coin,Half Dollar,Half Dollar,,,1 Ounce - Columbian Half Dollar,Yes,No,No,No
coin,Dollar,One Dollar,,,Maui Trade Dollar,Yes,No,No,No
coin,Dollar,One Dollar,,,2 Maui Trade Dollars,Yes,No,No,No
coin,Dollar,One Dollar,,,2 Maui Trade Dollars,Yes,No,No,No
coin,Dollar,One Dollar,,,2 Maui Trade Dollars,Yes,No,No,No
coin,Dollar,One Dollar,,,2 Maui Trade Dollars,Yes,No,No,No
coin,Half Dollar,One Dollar,,,1 Dollar (Civil War Battlefield),Yes,No,No,No
coin,Dollar,One Dollar,,,1 Dollar (Birth of Thomas Jefferson),Yes,No,No,No
coin,Dollar,One Dollar,,,1 Dollar (National Prisoner of War Museum),Yes,No,No,No
coin,Dollar,One Dollar,,,1 Dollar (Vietnam Veterans Memorial),Yes,No,No,No
coin,Dollar,One Dollar,,,1 Dollar (Women In Military Service For America Memorial),Yes,No,No,No
coin,Dollar,One Dollar,,,1 Dollar (Black Revolutionary War Patriots),Yes,No,No,No
coin,Half Dollar,One Dollar,,,1 Dollar (Special Olympics World Games),Yes,No,No,No
coin,Dollar,One Dollar,,,1 Dollar (National Law Enforcement Officers Memorial),Yes,No,No,No
coin,Dollar,One Dollar,,,"1 Kauai Dollar (Kauai, Hawaii)",Yes,No,No,No
coin,Dollar,One Dollar,,,1 Dollar (American Buffalo),Yes,No,No,No
coin,Quarter,Quarter Dollar,,,"¼ Dollar (California Territorial Gold ""Indian Head"")",Yes,No,No,No
coin,Dollar,Ten Dollars,,,"10 Dollars - Slots A Fun Casino (Las Vegas, Nevada)",Yes,No,No,No
coin,Dollar,One Dollar,,,1 Dollar (Star Spangled Banner),Yes,No,No,No
coin,Dollar,One Dollar,,,1 Dollar (Infantry Soldier),Yes,No,No,No
coin,Dollar,Five Dollars,,,"5 Dollars (Capped, Draped Bust)",Yes,No,No,No
coin,Dollar,Five Dollars,,,5 Dollars (Capped Bust),Yes,No,No,No
coin,Dollar,Five Dollars,,,5 Dollars (Classic Head),Yes,No,No,No
coin,Dollar,Five Dollars,,,5 Dollars (Coronet Head - No motto),Yes,No,No,No
coin,Dollar,One Dollar,,,1 Dollar (Lafayette),Yes,No,No,No
coin,Dollar,One Dollar,,,1 Dollar (Thomas Jefferson),Yes,No,No,No
coin,Dollar,One Dollar,,,1 Dollar (William McKinley),Yes,No,No,No
coin,Dollar,Twenty Cents,,,"20 Cents - Anamosa State Penitentiary (Anamosa, Iowa)",Yes,No,No,No
coin,Dollar,Ten Dollars,,,10 Dollars (Summer Olympics),Yes,No,No,No
coin,Dollar,Five Dollars,,,5 Dollars (Constitution),Yes,No,No,No
coin,Dollar,One Dollar,,,1 Dollar (White House Bicentenary),Yes,No,No,No
coin,Half Dollar,One Dollar,,,1 Dollar (Library of Congress),Yes,No,No,No
coin,Dollar,One Dollar,,,1 Dollar (Jackie Robinson),Yes,No,No,No
coin,Half Dollar,Half Dollar,,,½ Dollar - San Diego (California-Pacific Exposition),Yes,No,No,No
coin,Quarter,Quarter Dollar,,,"¼ Dollar ""Washington Quarter"" (White Mountain National Forest, New Hampshire)",Yes,No,No,No
coin,Dollar,One Cent,,,"1 Cent - H. M. Lane (New York City, New York)",Yes,No,No,No
coin,Dollar,Five Cents,,,"25 Cents - Salem Sesquicentennial (Salem, Indiana)",Yes,No,No,No
coin,Half Dollar,Half Cent,,,½ Cent - The Quaker Maid,Yes,No,No,No
coin,Dollar,One Dollar,,,1 Dollar (William McKinley),Yes,No,No,No
coin,Quarter,Quarter Dollar,,,"¼ Dollar ""Washington Quarter"" (Chickasaw National Recreation - Silver 5 oz Bullion)",Yes,No,No,No
coin,Half Dollar,Half Dollar,,,½ Dollar (Atlanta Olympics - Swimming),Yes,No,No,No
coin,Half Dollar,Half Dollar,,,½ Dollar (Atlanta Olympics - Women's Soccer),Yes,No,No,No
coin,Dollar,One Dollar,,,1 Dollar (Atlanta Olympics - Tennis),Yes,No,No,No
coin,Dollar,One Dollar,,,1 Dollar (Atlanta Olympics - Rowing),Yes,No,No,No
coin,Dollar,One Dollar,,,1 Dollar (Atlanta Olympics - High Jump),Yes,No,No,No
coin,Dollar,One Dollar,,,1 Dollar (Atlanta Olympics - Paralympics),Yes,No,No,No
coin,Dollar,One Dollar,,,1 Dollar (Theodore Roosevelt),Yes,No,No,No
coin,Dollar,One Dollar,,,1 Dollar (William Howard Taft),Yes,No,No,No
coin,Dollar,One Dollar,,,1 Dollar (Woodrow Wilson),Yes,No,No,No
coin,Quarter,Quarter Dollar,,,"¼ Dollar ""Washington Quarter"" (Perry's Victory, Ohio)",Yes,No,No,No
coin,Quarter,Quarter Dollar,,,"¼ Dollar ""Washington Quarter"" (Great Basin National Park, Nevada)",Yes,No,No,No
coin,Quarter,Quarter Dollar,,,"¼ Dollar ""Washington Quarter"" (Fort McHenry, Maryland)",Yes,No,No,No
coin,Quarter,Quarter Dollar,,,"¼ Dollar ""Washington Quarter"" (Mount Rushmore, South Dakota)",Yes,No,No,No
coin,Dollar,Five Cents,,,"15 Cents - Virgina Beach Expressway (Norfolk, Virginia)",Yes,No,No,No
coin,Dollar,One Dime,,,"10 Cents - VA. Beach-Expressway (Norfolk, Virginia)",Yes,No,No,No
coin,Dollar,One Dollar,,,1 Dollar (Pope John Paul II),Yes,No,No,No
coin,Dollar,One Dollar,,,1 Dollar (American Veterans Disabled for Life),Yes,No,No,No
coin,Dollar,One Dollar,,,1 Trade Dollar - Catalina Island,Yes,No,No,No
coin,Dollar,One Dollar,,,2 Trade Dollars - Catalina Island,Yes,No,No,No
coin,Quarter,One Dollar,,,¼ oz Copper (Walking Liberty),Yes,No,No,No
coin,Dollar,One Dollar,,,1 Dollar (Hillary Rodham Clinton),Yes,No,No,No
coin,Dollar,One Dollar,,,1 Dollar - The Shepherd's Shoppe (San Antonio),Yes,No,No,No
coin,Dollar,Five Cents,,,25 Cents - Chuck E. Cheese (Play Value),Yes,No,No,No
coin,Dollar,One Dollar,,,"1 Dollar ""Native American Dollar"" (Treaty With the Delawares)",Yes,No,No,No
coin,Dollar,One Dollar,,,1 Ounce - Morgan Dollar,Yes,No,No,No
coin,Half Dollar,Half Dollar,,,½ Dollar (First Flight Centennial),Yes,No,No,No
coin,Dollar,Five Dollars,,,25 Dollars (America's Cup),Yes,No,No,No
coin,Quarter,Quarter Dollar,,,"¼ Dollar ""Washington Quarter"" (White Mountain National Forest, New Hampshire - Silver Proof)",Yes,No,No,No
coin,Dollar,One Dollar,,,1000 Units - Nova Constellatio (Pattern),Yes,No,No,No
coin,Dollar,One Dollar,,,Copper (Baby Head Bust Right),Yes,No,No,No
coin,Quarter,One Dollar,,,Souvenir Coin of Admission - Louisiana Purchase,Yes,No,No,No
coin,Dollar,One Dollar,,,So-Called Dollar - 1893 Columbian Exposition World Globe,Yes,No,No,No
coin,Dollar,Ten Dollars,,,"10 Dollars - Riviera Hotel and Casino - Crazy Girls Limited Edition (Las Vegas, Nevada)",Yes,No,No,No
coin,Dollar,Five Cents,,,"5 Cents - NCO Open Mess (Fort Bliss, Texas)",Yes,No,No,No
coin,Quarter,Quarter Dollar,,,"¼ Dollar ""Washington Quarter"" (Perry's Victory - Silver Proof)",Yes,No,No,No
coin,Quarter,Quarter Dollar,,,"¼ Dollar ""Washington Quarter"" (Great Basin - Silver Proof)",Yes,No,No,No
coin,Quarter,Quarter Dollar,,,"¼ Dollar ""Washington Quarter"" (Fort McHenry - Silver Proof)",Yes,No,No,No
coin,Quarter,Quarter Dollar,,,"¼ Dollar ""Washington Quarter"" (Mount Rushmore - Silver Proof)",Yes,No,No,No
coin,Dollar,One Hundred Dollars,,,"100 Dollars ""American Platinum Eagle"" (Bullion Coinage)",Yes,No,No,No
coin,Dollar,1 Mill,,,1 Mill - For Old Age Pensions (Oklahoma),Yes,No,No,No
coin,Half Dollar,Half Dollar,,,"½ Dollar (Elgin, Ill., Centennial)",Yes,No,No,No
coin,Quarter,One Dollar,,,"1 Dollar ""Washington"" (Fun Coin)",Yes,No,No,No
coin,Dollar,One Cent,,,"1 Penny - Hancock Chapter No 19 (Bucksport, Maine)",Yes,No,No,No
coin,Dollar,Five Cents,,,"5 Cents - Kentucky Traction and Terminal Co. (Lexington, Kentucky)",Yes,No,No,No
coin,Half Dollar,One Dollar,,,1 Dollar (5-Star Generals),Yes,No,No,No
coin,Dollar,One Dollar,,,1 Dollar (Girl Scouts of the USA Centennial),Yes,No,No,No
coin,Dollar,Five Cents,,,"5 Cents - Ankara NCO Open Mess (Ankara, Turkey)",Yes,No,No,No
coin,Dollar,Five Cents,,,5 Cents (11415),Yes,No,No,No
coin,Dollar,Five Cents,,,5 Cents (20243),Yes,No,No,No
coin,Dollar,One Dollar,,,1 Dollar - Tropicana Casino (Las Vegas),Yes,No,No,No
coin,Half Dollar,Half Dollar,,,½ Dollar (Cleveland Centennial / Great Lakes Exposition),Yes,No,No,No
coin,Half Dollar,Half Dollar,,,½ Dollar (San Francisco - Oakland Bay Bridge),Yes,No,No,No
coin,Dollar,One Cent,,,"1 Cent (Millions For Defence, Not One Cent For Tribute)",Yes,No,No,No
coin,Dollar,Five Dollars,,,5 Dollars (XXIV Olympics),Yes,No,No,No
coin,Quarter,One Dollar,,,1 Dollar (Chief Justice John Marshall),Yes,No,No,No
coin,Half Dollar,Half Dollar,,,½ Dollar (Boone Bicentennial),Yes,No,No,No
coin,Half Dollar,Half Dollar,,,½ Dollar (Columbia Sesquicentennial),Yes,No,No,No
coin,Dollar,One Dollar,,,Copper (Bust Right),Yes,No,No,No
coin,Dollar,One Dollar,,,2 Maui Trade Dollars,Yes,No,No,No
coin,Dollar,Five Cents,,,5 Cents - Royal Shine Parlor,Yes,No,No,No
coin,Dollar,One Dollar,,,1 Dollar (US Capitol Visitor Center),Yes,No,No,No
coin,Dollar,Five Dollars,,,5 Dollars (Vatican),Yes,No,No,No
coin,Dollar,Five Dollars,,,5 Dollars (Luxembourg),Yes,No,No,No
coin,Quarter,Two and a Half Dollars,,,"2½ Dollars ""Classic Head, No Motto On Reverse - Quarter Eagle""",Yes,No,No,No
coin,Dollar,One Dollar,,,1 Dollar (McKinley Birthplace Memorial),Yes,No,No,No
coin,Dollar,One Dollar,,,1 Dollar (Grant Memorial),Yes,No,No,No
coin,Half Dollar,Half Dollar,,,"50 Cents ""Capped Bust Half Dollar"" (Reeded edge)",Yes,No,No,No
coin,Half Dollar,Half Cent,,,"½ Cent ""1⁄200 Dollar Liberty Cap, Head Facing Right, Half Cent""",Yes,No,No,No
coin,Dollar,One Dollar,,,1 Trillion Dollars,Yes,No,No,No
coin,Dollar,One Dollar,,,1 Bin Laden (Osama Bin Laden Wanted Dead or Alive),Yes,No,No,No
coin,Dollar,Five Dollars,,,5 Dollars (Fernando Magellan),Yes,No,No,No
coin,Dollar,Five Dollars,,,5 Dollars (Pope Jean Paul II),Yes,No,No,No
coin,Dollar,Five Dollars,,,5 Dollars (Albert Einstein),Yes,No,No,No
coin,Dollar,Five Dollars,,,"25 Dollars ""American Buffalo"" (Gold Bullion Coinage)",Yes,No,No,No
coin,Dollar,One Cent,,,1 Penny - Leavenworth Chapter No. 2 (Kansas),Yes,No,No,No
coin,Dollar,One Dollar,,,1 Dollar (Warren G. Harding),Yes,No,No,No
coin,Quarter,Quarter Dollar,,,"¼ Dollar ""Washington Quarter"" (Great Smoky Mountains, Tennessee)",Yes,No,No,No
coin,Dollar,Five Dollars,,,5 Dollars (Euro-motive of Belgium),Yes,No,No,No
coin,Dollar,Five Dollars,,,5 Dollars (Euro-motive of San Marino),Yes,No,No,No
coin,Dollar,Five Dollars,,,5 Dollars (Euro-motive of Monaco),Yes,No,No,No
coin,Dollar,Five Dollars,,,5 Dollars (Euro-motive of Luxemburg),Yes,No,No,No
coin,Dollar,Five Dollars,,,5 Dollars (Euro-motive of Spain),Yes,No,No,No
coin,Dollar,Five Dollars,,,5 Dollars (Euro-motive of The Netherlands),Yes,No,No,No
coin,Dollar,One Dollar,,,1 oz Copper (Golden State Mint - Morgan Dollar),Yes,No,No,No
coin,Quarter,Quarter Dollar,,,4 oz Silver (Giant Statehood Quarter),Yes,No,No,No
coin,Dollar,One Cent,,,1 Cent (C.D. Horter's Indian Princess),Yes,No,No,No
coin,Dollar,Five Cents,,,5 Cents -No. 20,Yes,No,No,No
coin,Dollar,One Dollar,,,"1 Jinx - Hunts Point Country Club (Hunts Point, Washington)",Yes,No,No,No
coin,Dollar,One Dollar,,,"1 Dollar - Honest Walt's Saloon (Tombstone, Arizona)",Yes,No,No,No
coin,Dollar,One Dollar,,,"1 Dollar ""Native American Dollar"" (Lewis and Clark Expedition)",Yes,No,No,No
coin,Quarter,Quarter Dollar,,,"¼ Dollar ""Washington Quarter"" (Great Sand Dunes, Colorado - Silver Proof)",Yes,No,No,No
coin,Quarter,Quarter Dollar,,,"¼ Dollar ""Washington Quarter"" (Arches National Park, Utah - Silver Proof)",Yes,No,No,No
coin,Quarter,Quarter Dollar,,,"¼ Dollar ""Washington Quarter"" (Everglades National Park, Florida - Silver Proof)",Yes,No,No,No
coin,Quarter,Quarter Dollar,,,"¼ Dollar ""Washington Quarter"" (Shenandoah National Park, Virginia - Silver Proof)",Yes,No,No,No
coin,Quarter,Quarter Dollar,,,"¼ Dollar ""Washington Quarter"" (Great Smoky Mountains National Park, Tennessee - Silver Proof)",Yes,No,No,No
coin,Quarter,Quarter Dollar,,,"¼ Dollar ""Washington Quarter"" (Shenandoah National Park, Virginia)",Yes,No,No,No
coin,Dollar,One Dollar,,,1 Dollar (National Baseball Hall of Fame),Yes,No,No,No
coin,Half Dollar,Half Dollar,,,½ Dollar (National Baseball Hall of Fame),Yes,No,No,No
coin,Half Dollar,Five Dollars,,,5 Dollars (National Baseball Hall of Fame),Yes,No,No,No
coin,Dollar,One Dollar,,,1 Dollar (Calvin Coolidge),Yes,No,No,No
coin,Quarter,Quarter Dollar,,,"¼ Dollar ""Washington Quarter"" (Arches National Park, Utah)",Yes,No,No,No
coin,Quarter,Quarter Dollar,,,"¼ Dollar ""Washington Quarter"" (Everglades National Park, Florida)",Yes,No,No,No
coin,Quarter,Quarter Dollar,,,"¼ Dollar ""Washington Quarter"" (Great Sand Dunes, Colorado)",Yes,No,No,No
coin,Dollar,One Dollar,,,1 Dollar (Herbert Hoover),Yes,No,No,No
coin,Dollar,One Dollar,,,1 Dollar (Franklin D. Roosevelt),Yes,No,No,No
coin,Dollar,Five Dollars,,,"5 Dollars - Swenson Bros. Department Store (Clay Center, Kansas)",Yes,No,No,No
coin,Dollar,One Dollar,,,1 oz Copper (Morgan Dollar),Yes,No,No,No
coin,Dollar,Half Dollar,,,"50 Cents - Boone Supply Company (Prenther, West Virginia)",Yes,No,No,No
coin,Dollar,Half Dollar,,,"50 Cents - Soldier's Home Store Quincy, ILL.",Yes,No,No,No
coin,Dollar,Five Cents,,,"5 Cents - Soldier's Home Store Quincy, ILL.",Yes,No,No,No
coin,Dollar,One Dime,,,"10 Cents - Soldier's Home Store Quincy, ILL.",Yes,No,No,No
coin,Dollar,Five Dollars,,,"5 Dollars (Otto I, King of Bavaria)",Yes,No,No,No
coin,Dollar,Five Cents,,,"5 Cents - Camp Manufacturing Co. (Arringdale, Va.)",Yes,No,No,No
coin,Dollar,Twenty Dollars,,,"20 Dollars (Liberty Head - Double Eagle, No motto, Paquet reverse)",Yes,No,No,No
coin,Dollar,One Dollar,,,1 Dollar (Civil Rights Act of 1964),Yes,No,No,No
coin,Dollar,Half Cent,,,"7½ Cent Fare - International Railway Co. (Niagara Falls, New York)",Yes,No,No,No
coin,Dollar,Five Dollars,,,5 Dollars (Horst Köhler),Yes,No,No,No
coin,Dollar,One Dollar,,,"1 Dollar ""Peace Dollar""",Yes,No,No,No
coin,Half Dollar,One Dollar,,,1 Dollar (United States Army Commemorative),Yes,No,No,No
coin,Dollar,Five Cents,,,"5 Cents - Brown Derby (Burlington, North Carolina)",Yes,No,No,No
coin,Half Dollar,Half Dollar,,,½ Dollar (50th Anniversary of Kennedy Half Dollar: Gold Issue),Yes,No,No,No
coin,Dollar,One Dollar,,,1 Maui Trade Dollar,Yes,No,No,No
coin,Half Dollar,Half Dollar,,,"50 Cents - Sault Ste. Marie, Michigan (Souvenir Tri Centennial Money)",Yes,No,No,No
coin,Dollar,One Dollar,,,1 Dollar - Burger King,Yes,No,No,No
coin,Dollar,Five Cents,,,"5 Cents - Blue Motor Coach Lines School Check (Louisville, Kentucky)",Yes,No,No,No
coin,Dollar,One Dollar,,,1 Copper Dollar - 23rd Annual Rex Allen days (Willcox; Arizona),Yes,No,No,No
coin,Half Dollar,Half Dollar,,,½ Dollar - Brookville Kansas,Yes,No,No,No
coin,Dollar,One Dime,,,10 Cents - A. B. Ryder Mercantile Gross (Kansas),Yes,No,No,No
coin,Dollar,Five Cents,,,5 Cents - Pony Express (Kansas),Yes,No,No,No
coin,Dollar,One Dollar,,,"1 Dollar - Eagle Shoe and Clothing Co. (Topeka, Kansas)",Yes,No,No,No
coin,Dollar,Half Dollar,,,"50 Cents - Gate City National Bank (Kansas City, MO)",Yes,No,No,No
coin,Dollar,One Dollar,,,1 Dollar (Good for One Dollar in Trade),Yes,No,No,No
coin,Dollar,One Dollar,,,1 Liberty Dollar (NORFED 1/20 oz silver),Yes,No,No,No
coin,Half Dollar,Half Dollar,,,½ Dollar (Delaware Tercentenary),Yes,No,No,No
coin,Dollar,One Dollar,,,"Copper ""Mailed Bust Facing Left""",Yes,No,No,No
coin,Dollar,One Dollar,,,Copper,Yes,No,No,No
coin,Dollar,One Dollar,,,"Copper ""Mailed Bust Facing Left, Horned Bust""",Yes,No,No,No
coin,Dollar,Five Cents,,,25 Cents - Gator Wash,Yes,No,No,No
coin,Dollar,One Dollar,,,2 oz Silver (America's Rarest Coins - Draped Bust Dollar 1804),Yes,No,No,No
coin,Dollar,Five Cents,,,"5 Cents - Clement and De Cair (Manistee, Michigan)",Yes,No,No,No
coin,Dollar,Five Cents,,,25 Cents - AAFES Gift Certificate (12J25),Yes,No,No,No
coin,Dollar,One Dime,,,10 Cents - AAFES Gift Certificate (11G10),Yes,No,No,No
coin,Dollar,Five Cents,,,5 Cents - AAFES Gift Certificate (10L5),Yes,No,No,No
coin,Dollar,One Dollar,,,"1 Dollar - America's Space Age World's Fair (Seattle, Washington)",Yes,No,No,No
coin,Dollar,One Dime,,,10 Cents - Mountain Dew,Yes,No,No,No
coin,Dollar,One Dollar,,,"1 Dollar - Pioneer Inn Hotel Casino (Reno, Nevada)",Yes,No,No,No
coin,Dollar,One Dollar,,,"1 Dollar - Mandalay Bay Resort and Casino (Las Vegas, Nevada)",Yes,No,No,No
coin,Dollar,One Dollar,,,Copper (Bust Right),Yes,No,No,No
coin,Dollar,Five Cents,,,"25 Cents - Isle of Capri Casino (Lake Charles, Louisiana)",Yes,No,No,No
coin,Quarter,Quarter Dollar,,,8 oz silver (1999 Giant Statehood Quarters),Yes,No,No,No
coin,Dollar,Five Dollars,,,5 Dollars (Vatican Euro),Yes,No,No,No
coin,Quarter,Quarter Dollar,,,8 oz silver (2001 Giant Statehood Quarters),Yes,No,No,No
coin,Quarter,One Dollar,,,1 Dollar (Jamestown 400th Anniversary),Yes,No,No,No
coin,Dollar,One Cent,,,"1 Cent - Zahares' IGA (Old Orchard, Maine)",Yes,No,No,No
coin,Dollar,One Dime,,,"10 Cents - Zahares' IGA (Old Orchard, Maine)",Yes,No,No,No
coin,Dollar,One Dollar,,,1 Dollar (March of Dimes),Yes,No,No,No
coin,Quarter,Quarter Dollar,,,"¼ Dollar ""Washington Quarter"" (Homestead National Monument of America, Nebraska)",Yes,No,No,No
coin,Quarter,Quarter Dollar,,,"¼ Dollar ""Washington Quarter"" (Kisatchie National Forest, Louisiana)",Yes,No,No,No
coin,Quarter,Quarter Dollar,,,"¼ Dollar ""Washington Quarter"" (Blue Ridge Parkway, North Carolina)",Yes,No,No,No
coin,Quarter,Quarter Dollar,,,"¼ Dollar ""Washington Quarter"" (Bombay Hook National Wildlife Refuge, Delaware)",Yes,No,No,No
coin,Quarter,Quarter Dollar,,,"¼ Dollar ""Washington Quarter"" (Saratoga National Historical Park, New York)",Yes,No,No,No
coin,Dollar,Five Cents,,,"25 Cents - Penn Fruit (Philadelphia, Pennsylvania)",Yes,No,No,No
coin,Quarter,Quarter Dollar,,,8 Ounce Silver - Giant Statehood Quarters,Yes,No,No,No
coin,Quarter,Quarter Dollar,,,8 Ounce Silver - Giant Statehood Quarters,Yes,No,No,No
coin,Quarter,Quarter Dollar,,,8 Ounce Silver - Giant Statehood Quarters,Yes,No,No,No
coin,Dollar,One Dollar,,,1 Dollar,Yes,No,No,No
coin,Dollar,One Dollar,,,1 Dollar (Harry S. Truman),Yes,No,No,No
coin,Dollar,Five Dollars,,,5 Dollars (Magalhaes),Yes,No,No,No
coin,Dollar,Five Dollars,,,5 Dollars (Albert Einstein),Yes,No,No,No
coin,Dollar,5 Mills,,,5 Mills - Old Age Assistance (Oklahoma),Yes,No,No,No
coin,Dollar,Five Cents,,,5 Cents - Liberty Bell,Yes,No,No,No
coin,Dollar,Five Cents,,,25 Cents - AAFES Gift Certificate (12F25),Yes,No,No,No
coin,Dollar,Five Cents,,,25 Cents - AAFES Gift Certificate (12K25),Yes,No,No,No
coin,Dollar,Five Cents,,,25 Cents - AAFES Gift Certificate (12G25),Yes,No,No,No
coin,Dollar,Five Cents,,,25 Cents - AAFES Gift Certificate (12L25),Yes,No,No,No
coin,Quarter,Quarter Dollar,,,8 Ounces Silver - Giant Statehood Quarters,Yes,No,No,No
coin,Quarter,Quarter Dollar,,,8 oz silver (2008 Giant Statehood Quarters),Yes,No,No,No
coin,Dollar,One Dollar,,,"1 Dollar - Caesars Palace (Las Vegas, Nevada)",Yes,No,No,No
coin,Dollar,Five Cents,,,"25 Cents - Philadelphia Park n Clean (Philadelphia, Pennsylvania)",Yes,No,No,No
coin,Dollar,One Hundred Dollars,,,$100 000.00 Reader's Digest Lucky Sweepstakes Coin,Yes,No,No,No
coin,Quarter,One Cent,,,"¼ Cent - Pekin Association of Commerce (Tazewell County, Illinois)",Yes,No,No,No
coin,Dollar,One Dollar,,,"1 Dollar - Sparkle Car Wash (Newton, Pennsylvania)",Yes,No,No,No
coin,Dollar,Five Cents,,,25 Cents - Lavado Car Wash,Yes,No,No,No
coin,Dollar,One Cent,,,"1 Cent - T.C.I. and R.R. Co. (Ensley, Alabama)",Yes,No,No,No
coin,Dollar,1 Mill,,,1 Mill - Retailers Sales Tax Receipt (Missouri),Yes,No,No,No
coin,Quarter,One Cent,,,"¼ Cent - Arcola Advertising Club (Arcola, Illinois)",Yes,No,No,No
coin,Quarter,One Cent,,,"¼ Cent - Kewanee Chamber of Commerce (Kewanee, Illinois)",Yes,No,No,No
coin,Dollar,One Dollar,,,1 Vend - Ice House,Yes,No,No,No
coin,Dollar,Five Cents,,,25 Cents - A & P Food Stores,Yes,No,No,No
coin,Quarter,One Cent,,,"¼ Cent - Jacksonville Chamber of Commerce (Jacksonville, Illinois)",Yes,No,No,No
coin,Dollar,One Dollar,,,"1 Dollar ""Native American Dollar"" (Mohawk Ironworkers)",Yes,No,No,No
coin,Dollar,1 Mill,,,1 Mill - Retailers Sales Tax Receipt (Missouri),Yes,No,No,No
coin,Dollar,1 Mill,,,1 Mill - Sales Tax Payment (Arizona),Yes,No,No,No
coin,Quarter,One Cent,,,"¼ Cent - Anna Chamber of Commerce (Union County, Illinois)",Yes,No,No,No
coin,Quarter,One Cent,,,"¼ Cent - Effingham Chamber of Commerce (Effingham, Illinois)",Yes,No,No,No
coin,Dollar,5 Mills,,,5 Mills - Sales Tax Payment (Arizona),Yes,No,No,No
coin,Dollar,5 Mills,,,5 Mills - Consumer's Tax (Oklahoma),Yes,No,No,No
coin,Dollar,Five Cents,,,"5 Cents - Airmen's Open Mess (Sheppard AFB, Texas)",Yes,No,No,No
coin,Half Dollar,Half Dollar,,,½ Dollar (U.S. Marshals Service 225th Anniversary),Yes,No,No,No
coin,Quarter,One Cent,,,"¼ Cent - Litchfield Chamber of Commerce (Litchfield, Illinois)",Yes,No,No,No
coin,Dollar,One Dollar,,,1 Dollar (National Community Service),Yes,No,No,No
coin,Half Dollar,Half Dollar,,,½ Dollar (United States Army),Yes,No,No,No
coin,Half Dollar,Half Dollar,,,½ Dollar (US Army 5-Star Generals),Yes,No,No,No
coin,Half Dollar,One Dollar,,,1 Dollar (225th Anniversary of US Marshals Service),Yes,No,No,No
coin,Dollar,Five Cents,,,25 Cents - Joe Bathey Club,Yes,No,No,No
coin,Quarter,One Cent,,,"¼ Cent - Carbondale Business Mens Association (Carbondale, Illinois)",Yes,No,No,No
coin,Quarter,One Cent,,,"¼ Cent - Hoopeston Chamber of Commerce (Hoopeston, Illinois)",Yes,No,No,No
coin,Quarter,One Cent,,,"¼ Cent - Murphysboro Chamber of Commerce (Jackson County, Illinois)",Yes,No,No,No
coin,Quarter,One Cent,,,"¼ Cent - Toulon Civic Club (Toulon, Illinois)",Yes,No,No,No
coin,Dollar,Five Cents,,,"5 Cents - Farmer Jack's (Detroit, Michigan)",Yes,No,No,No
coin,Dollar,Five Cents,,,"5 Cents - Farmer Jack's (Detroit, Michigan)",Yes,No,No,No
coin,Dollar,One Cent,,,"1 Cent - U.S. Department of Agriculture Food Stamp Plan Food Fair Markets (Detroit, Michigan)",Yes,No,No,No
coin,Dollar,One Dollar,,,Double faced Peace Dollar,Yes,No,No,No
coin,Dollar,One Dollar,,,"1 Dollar - Woodstock (Saugerties, New York)",Yes,No,No,No
coin,Dollar,Five Cents,,,5 Cents - G,Yes,No,No,No
coin,Dollar,One Dollar,,,1 Dollar (Dwight D. Eisenhower),Yes,No,No,No
coin,Dollar,One Dollar,,,1 Dollar (John F. Kennedy),Yes,No,No,No
coin,Dollar,One Dollar,,,1 Dollar (Lyndon B. Johnson),Yes,No,No,No
coin,Dollar,One Cent,,,1 Cent - Thrif-T-Mart,Yes,No,No,No
coin,Dollar,Half Dollar,,,"50 Cents - Dakota Territory Centennial (Sioux Falls, South Dakota)",Yes,No,No,No
coin,Quarter,One Dollar,,,¼ oz Copper (Golden State Mint - Standing Liberty),Yes,No,No,No
coin,Quarter,One Dollar,,,¼ oz Copper (Golden State Mint - Indian Head),Yes,No,No,No
coin,Quarter,Quarter Dollar,,,"¼ Dollar ""Washington Quarter"" (Olympic National Park - Silver 5 oz Bullion)",Yes,No,No,No
coin,Quarter,Quarter Dollar,,,"¼ Dollar ""Washington Quarter"" (Vicksburg National Military Park - Silver 5 oz Bullion)",Yes,No,No,No
coin,Quarter,Quarter Dollar,,,"¼ Dollar ""Washington Quarter"" (Denali National Park and Preserve Alaska - Silver 5 oz Bullion)",Yes,No,No,No
coin,Quarter,Quarter Dollar,,,"¼ Dollar ""Washington Quarter"" (El Yunque National Forest Puerto Rico - Silver 5 oz Bullion)",Yes,No,No,No
coin,Dollar,Five Cents,,,"5 Cents - MCF Minnesota Correctional Facility (Faribault, Minnesota)",Yes,No,No,No
coin,Dollar,Five Cents,,,25 Cents - Caesars Riverboat Casino,Yes,No,No,No
coin,Dollar,Five Cents,,,"25 Cent - Grand Victoria Casino (Rising Sun, Indiana)",Yes,No,No,No
coin,Dollar,One Dollar,,,1 Maui Trade Dollar,Yes,No,No,No
coin,Quarter,Quarter Dollar,,,"¼ Dollar ""Washington Quarter"" (Hawai'i Volcanoes National Park - Silver 5 oz Bullion)",Yes,No,No,No
coin,Dollar,Five Cents,,,"5 Cents - Camp Wood Airbase (Kumamoto, Japan)",Yes,No,No,No
coin,Dollar,Five Cents,,,5 Cents (Semo Airbase Vietnam),Yes,No,No,No
coin,Dollar,Five Cents,,,"5 Cents - Ray Ankenbauer's (Chicago, Illinois)",Yes,No,No,No
coin,Dollar,Five Cents,,,"5 Cents - President Casino on the Admiral (St. Louis, Missouri)",Yes,No,No,No
coin,Dollar,Five Cents,,,5 Cents - Casino St. Charles,Yes,No,No,No
coin,Dollar,Five Cents,,,"5 Cents - Motorcity Casino (Detroit, Michigan)",Yes,No,No,No
coin,Dollar,Five Cents,,,"5 Cents - Players Island Casino (Maryland Heights, Missouri)",Yes,No,No,No
coin,Dollar,Five Cents,,,"5 Cents - Belterra Resort & Casino (Florence, Indiana)",Yes,No,No,No
coin,Dollar,Five Cents,,,"5 Cents - Players Riverboat Casino (Metropolis, Illinois)",Yes,No,No,No
coin,Dollar,One Dollar,,,1 Dollar,Yes,No,No,No
coin,Dollar,3 Mills,,,3 Mills - Arctic Ice Company (Kentucky),Yes,No,No,No
coin,Quarter,Quarter Dollar,,,"¼ Dollar ""Washington Quarter"" (Kisatchie National Forest, Louisiana - Silver 5 oz Bullion)",Yes,No,No,No
coin,Quarter,Quarter Dollar,,,"¼ Dollar ""Washington Quarter"" (Blue Ridge Parkway, North Carolina - Silver 5 oz Bullion)",Yes,No,No,No
coin,Dollar,Five Cents,,,"25 Cents - Town Tavern (Payette, Idaho)",Yes,No,No,No
coin,Dollar,Five Cents,,,"5 Cents - H.I. Chadwick (New Plymouth, Idaho)",Yes,No,No,No
coin,Dollar,Five Cents,,,"5 Cents - Sky-lite (Boise, Idaho)",Yes,No,No,No
coin,Dollar,Five Cents,,,"25 Cents - The Black Anvil Tavern (Caldwell, Idaho)",Yes,No,No,No
coin,Dollar,One Dollar,,,"1 Dollar - Wagon Days (Ketchum, Idaho)",Yes,No,No,No
coin,Quarter,Quarter Dollar,,,"¼ Dollar (California Territorial Gold ""Round Liberty Head"")",Yes,No,No,No
coin,Dollar,One Dime,,,"10 Cents - Talley Bros. General Merchandise (Sweet, Idaho)",Yes,No,No,No
coin,Dollar,Five Cents,,,"25 Cents - Talley Bros. General Merchandise (Sweet, Idaho)",Yes,No,No,No
coin,Dollar,Half Dollar,,,"50 Cents - Talley Bros. General Merchandise (Sweet, Idaho)",Yes,No,No,No
coin,Dollar,One Dollar,,,"1 Dollar - Runyon Brothers Pure Food Grocers (Buhl, Idaho)",Yes,No,No,No
coin,Half Dollar,Five Cents,,,"25 Cents - Nugget Cigar Store (Halfway, Oregon)",Yes,No,No,No
coin,Dollar,Five Cents,,,"5 Cents - Biddles (Meridian, Idaho)",Yes,No,No,No
coin,Dollar,Five Cents,,,"25 Cents - Headquarters (Lewiston, Idaho)",Yes,No,No,No
coin,Dollar,One Dime,,,"10 Cents - Headquarters (Lewiston, Idaho)",Yes,No,No,No
coin,Dollar,Five Cents,,,"5 Cents - Hemenway and Moser (Nampa, Idaho)",Yes,No,No,No
coin,Dollar,Five Cents,,,"5 Cents - H. S. Sackett (Vale, Oregon)",Yes,No,No,No
coin,Dollar,Five Cents,,,"5 Cents - Owl Billiards Inc. (Seattle, Washington)",Yes,No,No,No
coin,Dollar,Five Cents,,,"25 Cents - Keith's Model T Cafe (Winnemucca, Nevada)",Yes,No,No,No
coin,Dollar,One Dollar,,,1 oz Copper (Buffalo),Yes,No,No,No
coin,Dollar,Five Cents,,,"5 Cents - F. & S. (Caldwell, Idaho)",Yes,No,No,No
coin,Dollar,One Dollar,,,"1 Dollar - P. H. Ware and Co. (Cambridge and Indian Valley, Idaho)",Yes,No,No,No
coin,Dollar,One Dollar,,,1 Dollar - Caesars Palace (Las Vegas),Yes,No,No,No
coin,Dollar,Half Cent,,,"12½ Cents - Mike R. Morell (Weiser, Idaho)",Yes,No,No,No
coin,Dollar,Five Cents,,,"25 Cents - Golden Flood (Arlington, Oregon)",Yes,No,No,No
coin,Dollar,Five Cents,,,"5 Cents - United Cigar Store (Delano, California)",Yes,No,No,No
coin,Dollar,Five Cents,,,"5 Cents - R.S. Smith (Potlatch, Idaho)",Yes,No,No,No
coin,Dollar,Five Cents,,,"5 Cents - W.H. Brown, The Pastime (Shoshone, Idaho)",Yes,No,No,No
coin,Dollar,One Cent,,,"1 Cent - A.P. and C. CORP. (Trona, California)",Yes,No,No,No
coin,Dollar,One Dollar,,,Souvenir Dollar - North Dakota (Sakakawea),Yes,No,No,No
coin,Dollar,One Dollar,,,Souvenir Dollar - North Dakota (State Bird and Flower),Yes,No,No,No
coin,Dollar,One Dollar,,,1 Dollar - Paris Casino (Eiffel Tower),Yes,No,No,No
coin,Half Dollar,Half Dollar,,,½ Dollar (Missouri centennial),Yes,No,No,No
coin,Half Dollar,Half Dollar,,,½ Dollar (Maryland),Yes,No,No,No
coin,Half Dollar,Half Dollar,,,"½ Dollar ""1869"" (Pattern)",Yes,No,No,No
coin,Half Dollar,Half Dollar,,,"½ Dollar ""1869"" (Pattern)",Yes,No,No,No
coin,Dollar,One Dollar,,,"1 Trade Dollar - Fallon County Bicentennial (Baker, Montana)",Yes,No,No,No
coin,Dollar,One Dollar,,,1 Souvenir Dollar - Montana,Yes,No,No,No
coin,Dollar,One Dollar,,,"Palmer Dollar - Palmer, Alaska",Yes,No,No,No
coin,Quarter,One Dollar,,,1 Ounce - Standing Liberty,Yes,No,No,No
coin,Dollar,Five Cents,,,"5 Cents - The Club (Payette, Idaho)",Yes,No,No,No
coin,Dollar,One Dollar,,,1 Kona Dollar (Kona Coast),Yes,No,No,No
coin,Half Dollar,Half Dollar,,,½ Dollar (Fort Vancouver Centennial),Yes,No,No,No
coin,Half Dollar,Half Dollar,,,½ Dollar (Arkansas),Yes,No,No,No
coin,Half Dollar,Half Dollar,,,½ Dollar (Connecticut),Yes,No,No,No
coin,Half Dollar,Half Dollar,,,½ Dollar (Old Spanish Trail),Yes,No,No,No
coin,Half Dollar,Half Dollar,,,"½ Dollar (Albany, New York Charter)",Yes,No,No,No
coin,Half Dollar,Half Dollar,,,½ Dollar (Bridgeport),Yes,No,No,No
coin,Half Dollar,Half Dollar,,,½ Dollar (Cincinnati Music Center),Yes,No,No,No
coin,Quarter,Half Dollar,,,"½ Dollar (Lynchburg, Virginia Sesquicentennial)",Yes,No,No,No
coin,Half Dollar,Half Dollar,,,½ Dollar (Norfolk),Yes,No,No,No
coin,Half Dollar,Half Dollar,,,"½ Dollar (Providence, Rhode Island Tercentenary)",Yes,No,No,No
coin,Half Dollar,Half Dollar,,,½ Dollar (Roanoke Island),Yes,No,No,No
coin,Half Dollar,Half Dollar,,,½ Dollar (Arkansas Centennial),Yes,No,No,No
coin,Half Dollar,Half Dollar,,,½ Dollar (Wisconsin Territorial Centennial),Yes,No,No,No
coin,Half Dollar,Half Dollar,,,"½ Dollar (York County, Maine Tercentenary)",Yes,No,No,No
coin,Half Dollar,Half Dollar,,,½ Dollar (75th anniversary of the Battle of Antietam),Yes,No,No,No
coin,Half Dollar,Half Dollar,,,½ Dollar (New Rochelle),Yes,No,No,No
coin,Dollar,One Dollar,,,"1 Dollar - Ceasars Palace (Las Vegas, Nevada)",Yes,No,No,No
coin,Dollar,One Dollar,,,"1 Dollar - MGM Grand - Wizzo (Las Vegas, Nevada)",Yes,No,No,No
coin,Dollar,Five Cents,,,"25 Cents - Black Diamond Coal Mining Company (Birmingham, Alabama)",Yes,No,No,No
coin,Dollar,One Dollar,,,"1 Dollar - Caesars Palace (Las Vegas, Nevada)",Yes,No,No,No
coin,Dollar,One Dollar,,,1 Dollar - Fremont Casino (Las Vegas),Yes,No,No,No
coin,Dollar,One Dollar,,,"1 Dollar - Peppermill Casino (Las Vegas, Nevada)",Yes,No,No,No
coin,Dollar,One Hundred Dollars,,,"100 Dollars (""American Liberty High Relief Gold"")",Yes,No,No,No
coin,Dollar,One Dollar,,,"1 Dollar - Claridge (Atlantic City, New Jersey)",Yes,No,No,No
coin,Dollar,Five Cents,,,15 Cents - VFW Post,Yes,No,No,No
coin,Dollar,Five Cents,,,25 Cents - Flip for McDonald's (Chicagoland area),Yes,No,No,No
coin,Dollar,Five Dollars,,,5 Dollars - Confederate States (Restrike),Yes,No,No,No
coin,Dollar,Twenty Dollars,,,20 Dollars - Confederate States of America,Yes,No,No,No
coin,Dollar,One Dollar,,,"1 Dollar - Silver Slipper (Las Vegas, Nevada)",Yes,No,No,No
coin,Dollar,Five Cents,,,"25 Cents - Harrah's Casino Cruises (Joliet, Illinois)",Yes,No,No,No
coin,Dollar,Five Cents,,,"5 Cents - H and H (Harvard, Illinois)",Yes,No,No,No
coin,Dollar,Half Cent,,,"12½ Cents - Entrekin and Barton Smoke House (Payette, Idaho)",Yes,No,No,No
coin,Dollar,Half Cent,,,"12½ Cents - The Metropole (Weiser, Idaho)",Yes,No,No,No
coin,Quarter,One Dollar,,,5 Centimes - Napoleon I (Nouvelle France),Yes,No,No,No
coin,Dollar,One Dollar,,,1 Ounce - 2 Zombucks (Feast),Yes,No,No,No
coin,Quarter,Quarter Dollar,,,"¼ Dollar ""Washington Quarter"" (Bombay Hook National Wildlife Refuge, Delaware - Silver 5 oz Bullion)",Yes,No,No,No
coin,Dollar,One Dollar,,,Souvenir Dollar - North Dakota (Power of Dakota),Yes,No,No,No
coin,Dollar,Five Cents,,,"5 Cents - Combination Cigar Store (Terre Haute, Indiana)",Yes,No,No,No
coin,Dollar,Half Dollar,,,"50 Cents - The Derby (Seaside, Oregon)",Yes,No,No,No
coin,Dollar,One Dollar,,,1 Dollar - Jesus Christ,Yes,No,No,No
coin,Dollar,One Dollar,,,"1 Dollar - Auburn Diamond Jubilee (Auburn, Washington)",Yes,No,No,No
coin,Dollar,Five Cents,,,"5 Cents - Wilson's beer and lunch (Caldwell, Idaho)",Yes,No,No,No
coin,Half Dollar,Half Dollar,,,"50 Cents - Redmond, Oregon",Yes,No,No,No
coin,Quarter,Quarter Dollar,,,"¼ Dollar ""Washington Quarter"" (Saratoga National Historical Park, New York - Silver 5 oz Bullion)",Yes,No,No,No
coin,Dollar,Five Dollars,,,"5 Dollars - Idaho Department Store (Caldwell, Idaho)",Yes,No,No,No
coin,Quarter,Quarter Dollar,,,"¼ Dollar ""Washington Quarter"" (Blue Ridge Parkway, North Carolina - Silver Proof)",Yes,No,No,No
coin,Quarter,Quarter Dollar,,,"¼ Dollar ""Washington Quarter"" (Bombay Hook National Wildlife Refuge, Delaware - Silver Proof)",Yes,No,No,No
coin,Quarter,Quarter Dollar,,,"¼ Dollar ""Washington Quarter"" (Homestead National Monument of America, Nebraska - Silver proof)",Yes,No,No,No
coin,Quarter,Quarter Dollar,,,"¼ Dollar ""Washington Quarter"" (Kisatchie National Forest, Louisiana - Silver Proof)",Yes,No,No,No
coin,Quarter,Quarter Dollar,,,"¼ Dollar ""Washington Quarter"" (Saratoga National Historical Park, New York - Silver Proof)",Yes,No,No,No
coin,Dollar,One Dollar,,,"1 Dollar ""Native American Dollar"" (Code Talkers from both WWI and WWII)",Yes,No,No,No
coin,Dollar,Five Cents,,,"25 Cents - Sun Devil Disco Lounge (Tempe, Arizona)",Yes,No,No,No
coin,Dollar,One Dollar,,,"1 Dollar - Landmark Casino (Las Vegas, Nevada)",Yes,No,No,No
coin,Dollar,One Dollar,,,"1 Dollar - Circus Circus Hotel and Casino (Reno, Nevada)",Yes,No,No,No
coin,Dollar,One Dollar,,,1 Trade Dollar - Catalina Island,Yes,No,No,No
coin,Dollar,One Dollar,,,1 Maui Trade Dollar,Yes,No,No,No
coin,Dollar,One Dollar,,,Trade Dollar - Matanuska Valley (30th Anniversary of Matanuska Valley),Yes,No,No,No
coin,Dollar,One Dollar,,,1 Dollar (Richard M. Nixon),Yes,No,No,No
coin,Dollar,One Dollar,,,1 Dollar (Gerald R. Ford),Yes,No,No,No
coin,Dollar,One Dollar,,,1 Dollar (Ronald Reagan),Yes,No,No,No
coin,Quarter,Quarter Dollar,,,"¼ Dollar ""Washington Quarter"" (Cumberland Gap National Historical Park, Kentucky)",Yes,No,No,No
coin,Quarter,Quarter Dollar,,,"¼ Dollar ""Washington Quarter"" (Harpers Ferry National Historical Park, West Virginia)",Yes,No,No,No
coin,Quarter,Quarter Dollar,,,"¼ Dollar ""Washington Quarter"" (Theodore Roosevelt National Park, North Dakota)",Yes,No,No,No
coin,Quarter,Quarter Dollar,,,"¼ Dollar ""Washington Quarter"" (Fort Moultrie at Fort Sumter National Monument, South Carolina)",Yes,No,No,No
coin,Dollar,Half Dollar,,,50 Cents - Daytona Beach Kennel Club,Yes,No,No,No
coin,Dollar,Half Dollar,,,50 Cents - Palm Beach Kennel Club,Yes,No,No,No
coin,Dollar,Half Cent,,,"2½ Cents - Blue Bird Alleys (Las Animas, Colorado)",Yes,No,No,No
coin,Dollar,Five Dollars,,,5 Dollars (Mark Twain),Yes,No,No,No
coin,Dollar,One Cent,,,"1 Cent ""1792 Birch Cent"" (Pattern)",Yes,No,No,No
coin,Dollar,One Dollar,,,1 Dollar (Mark Twain),Yes,No,No,No
coin,Quarter,Quarter Dollar,,,"¼ Dollar ""Washington Quarter"" (Shawnee National Forest- Silver 5 oz Bullion)",Yes,No,No,No
coin,Quarter,Quarter Dollar,,,"¼ Dollar ""Washington Quarter"" (Shawnee National Forest, Illinois)",Yes,No,No,No
coin,Half Dollar,One Dollar,,,⅒ oz Silver (Walking Liberty),Yes,No,No,No
coin,Half Dollar,Half Dollar,,,½ Dollar - Olympic Sprinter,Yes,No,No,No
coin,Dollar,One Dollar,,,1 Dollar - Spokane EXPO'74,Yes,No,No,No
coin,Quarter,One Dollar,,,3 Pence - Standish Barry,Yes,No,No,No
coin,Dollar,One Dime,,,"10 Cents - Muskegon Correctional Facility (Muskegon, Michigan)",Yes,No,No,No
coin,Dollar,One Dollar,,,1 Dollar - Cumberland Gardens,Yes,No,No,No
coin,Half Dollar,One Dollar,,,1 Ounce - 2 Zombucks (Walker),Yes,No,No,No
coin,Dollar,Ten Dollars,,,"10 Dollars ""American Platinum Eagle"" (Bullion Coinage North West)",Yes,No,No,No
coin,Dollar,Ten Dollars,,,"10 Dollars "" American Platinum Eagle"" (Bullion Coinage)",Yes,No,No,No
coin,Quarter,Quarter Dollar,,,"¼ Dollar ""Washington Quarter"" (Hot Springs National Park - Silver 5 oz Bullion)",Yes,No,No,No
coin,Dollar,One Dollar,,,Continental Dollar (Restrikes),Yes,No,No,No
coin,Dollar,One Dollar,,,Panama - Pacific International Exposition,Yes,No,No,No
coin,Half Dollar,Half Dollar,,,50 Cents - Red Goose Shoes (Small Lettering),Yes,No,No,No
coin,Dollar,One Dollar,,,Dollar - Panama-Pacific international exposition (State Oregon),Yes,No,No,No
coin,Dollar,One Dollar,,,1 Ounce - Osborne Mint (Morgan Dollar),Yes,No,No,No
coin,Dollar,Half Dollar,,,50 Cents - Rogers City (Presque Isle County),Yes,No,No,No
coin,Dollar,One Dollar,,,Panama - Pacific International Exposition 1915 Exposition State Dollar,Yes,No,No,No
coin,Dollar,Five Dollars,,,5 Dollars - C. Bechtler,Yes,No,No,No
coin,Dollar,One Dollar,,,"1 Dollar - Aladdin Casino (Las Vegas, Nevada)",Yes,No,No,No
coin,Dollar,One Dime,,,1 Dime (Mercury Dime Gold Commemorative),Yes,No,No,No
coin,Dollar,One Dollar,,,1 Maui Trade Dollar,Yes,No,No,No
coin,Dollar,One Dollar,,,1 Maui Trade Dollar,Yes,No,No,No
coin,Dollar,One Dollar,,,1 Maui Trade Dollar,Yes,No,No,No
coin,Dollar,One Dollar,,,1 Maui Trade Dollar,Yes,No,No,No
coin,Dollar,One Dollar,,,1 Maui Trade Dollar,Yes,No,No,No
coin,Dollar,One Dollar,,,1 Maui Trade Dollar,Yes,No,No,No
coin,Dollar,One Dollar,,,1 Maui Trade Dollar,Yes,No,No,No
coin,Dollar,One Dollar,,,1 Maui Trade Dollar,Yes,No,No,No
coin,Dollar,One Dollar,,,1 Maui Trade Dollar,Yes,No,No,No
coin,Dollar,One Dollar,,,1 Maui Trade Dollar,Yes,No,No,No
coin,Dollar,One Dollar,,,2 Maui Trade Dollars,Yes,No,No,No
coin,Dollar,One Dollar,,,"1 Dollar - Lady Luck Casino (Biloxi, Mississippi)",Yes,No,No,No
coin,Dollar,One Cent,,,1 Cent - Jumbo Shrimp Co.,Yes,No,No,No
coin,Dollar,One Dime,,,10 Cents - Jumbo Shrimp Co.,Yes,No,No,No
coin,Dollar,Five Cents,,,5 Cents - Jumbo Shrimp Co.,Yes,No,No,No
coin,Dollar,One Dime,,,10 Cents - Jumbo Shrimp Co.,Yes,No,No,No
coin,Dollar,One Dime,,,10 Cents - The Little Bar,Yes,No,No,No
coin,Dollar,Five Cents,,,"5 Cents - The Little Bar (Houston, Tex.)",Yes,No,No,No
coin,Dollar,One Dollar,,,"1 Dollar - Robert Stahn (Welcome, Minnesota)",Yes,No,No,No
coin,Dollar,One Dime,,,"10 Cents - San Antonio Traction Co. Retires Streetcar (San Antonio, Texas)",Yes,No,No,No
coin,Dollar,One Dime,,,10 Cents - Barnett - Rumble Co.,Yes,No,No,No
coin,Dollar,One Dollar,,,"1 Dollar - JH Car Wash (Washington, Illinois)",Yes,No,No,No
coin,Dollar,One Dollar,,,1 Dollar - Ed. E. Smith Ingle System,Yes,No,No,No
coin,Half Dollar,Five Cents,,,5 Cents - Red Goose Shoes (Small Lettering),Yes,No,No,No
coin,Dollar,Five Cents,,,"25 Cents - Biloxi Belle Casino (Biloxi, Mississippi)",Yes,No,No,No
coin,Dollar,Five Cents,,,"25 Cents - Enchanted Castle (Lombard, Illinois)",Yes,No,No,No
coin,Dollar,Five Cents,,,25 Cents - Maui Skate Palace (Hawaii),Yes,No,No,No
coin,Dollar,One Dollar,,,1 Dollar - C. Eichler,Yes,No,No,No
coin,Dollar,Half Dollar,,,50 Cents - Texana Days,Yes,No,No,No
coin,Dollar,Five Cents,,,5 Cents - Rhoads Bros,Yes,No,No,No
coin,Dollar,Five Cents,,,5 Cents - Bill's Recreation,Yes,No,No,No
coin,Dollar,Five Cents,,,5 Cents - Bluegill Bar,Yes,No,No,No
coin,Dollar,Five Cents,,,25 Cents - L.H.S. Cafeteria,Yes,No,No,No
coin,Dollar,Five Cents,,,25 Cents - ADT,Yes,No,No,No
coin,Dollar,One Dollar,,,"Pontiac Buggy Co. - Western Amesbury Line Store Card (Pontiac, Michigan)",Yes,No,No,No
coin,Dollar,One Dime,,,"10 Cents - Rock Island Centennial Bridge (Rock Island, Illinois)",Yes,No,No,No
coin,Dollar,Five Cents,,,"5 Cents - NCOOM (Ft Hood, Texas)",Yes,No,No,No
coin,Dollar,Five Cents,,,"5 Cents - NCOOM (Ft Hood, Texas)",Yes,No,No,No
coin,Dollar,One Dime,,,"10 Cents - N.C.O.O.M (Ft Hood, Texas)",Yes,No,No,No
coin,Dollar,One Dime,,,"10 Cents - N.C.O.O.M (Ft Hood, Texas)",Yes,No,No,No
coin,Dollar,Five Cents,,,"25 Cents - N.C.O.O.M. (Ft Hood, Texas)",Yes,No,No,No
coin,Dollar,One Dollar,,,"1 Dollar - Isle of Capri Casino (Bossier City, Louisiana)",Yes,No,No,No
coin,Dollar,Five Cents,,,"25 Cents - Players Riverboat Casino (Lake Charles, Louisiana)",Yes,No,No,No
coin,Dollar,Five Cents,,,5 Cents - Bob's Smoke House,Yes,No,No,No
coin,Dollar,Three Dollars,,,3 Dollars - The Octoroon,Yes,No,No,No
coin,Dollar,Half Dollar,,,"50 Cents - Deering Farms (Deering, Missouri)",Yes,No,No,No
coin,Dollar,One Dollar,,,1 Dollar - The Tourism Company of Puerto Rico,Yes,No,No,No
coin,Dollar,Five Cents,,,"25 Cents - Fred Meyer (Portland, Oregon)",Yes,No,No,No
coin,Quarter,Quarter Dollar,,,"¼ Dollar - ""Washington Quarter"" (Arches National Park - Silver 5 oz Bullion)",Yes,No,No,No
coin,Dollar,One Dollar,,,"1 Dollar - K.P.M. Co. (Kinzua, Oregon)",Yes,No,No,No
coin,Dollar,Half Dollar,,,50 Cent - KPM Co,Yes,No,No,No
coin,Dollar,Five Cents,,,25 Cent - KPM Co,Yes,No,No,No
coin,Dollar,Five Cents,,,5 Cent - KPM Co,Yes,No,No,No
coin,Dollar,Five Cents,,,25 Cents - Gonzalez Benavides Hnos,Yes,No,No,No
coin,Dollar,Five Cents,,,15 Cents - Jim Watkin,Yes,No,No,No
coin,Dollar,Five Cents,,,"5 Cents - Herman Mergard Bowling (Cincinnati, Ohio)",Yes,No,No,No
coin,Dollar,One Dime,,,"10 Cents - O. D. Hicks and Co. (Las Vegas, Nevada)",Yes,No,No,No
coin,Half Dollar,One Dollar,,,1 Ounce Silver - US Coin Collecting Military Tribute,Yes,No,No,No
coin,Dollar,Half Cent,,,12½ Cents - Pete's Saloon,Yes,No,No,No
coin,Dollar,Five Cents,,,25 Cents,Yes,No,No,No
coin,Dollar,Five Cents,,,"25 Cent - Isle of Capri Casino (Kansas City, Missouri)",Yes,No,No,No
coin,Dollar,Five Cents,,,5 Cents - M. and R.,Yes,No,No,No
coin,Quarter,Quarter Dollar,,,"¼ Dollar ""Washington Quarter"" (Cumberland Gap National Park - Silver 5 oz Bullion)",Yes,No,No,No
coin,Quarter,Quarter Dollar,,,"¼ Dollar ""Washington Quarter"" (Harpers Ferry National Historical Park - Silver 5 oz Bullion)",Yes,No,No,No
coin,Quarter,Quarter Dollar,,,"¼ Dollar ""Washington Quarter"" (Homestead National Monument of America, Nebraska - Silver 5 oz Bullion)",Yes,No,No,No
coin,Quarter,Quarter Dollar,,,"¼ Dollar ""Washington Quarter"" (Grand Canyon National Park - Silver 5 oz Bullion)",Yes,No,No,No
coin,Quarter,Quarter Dollar,,,"¼ Dollar ""Washington Quarter"" (Yosemite National Park - Silver 5 oz Bullion)",Yes,No,No,No
coin,Quarter,Quarter Dollar,,,"¼ Dollar ""Washington Quarter"" (Mount Hood National Park - Silver 5 oz Bullion)",Yes,No,No,No
coin,Quarter,Quarter Dollar,,,"¼ Dollar ""Washington Quarter"" (Yellowstone National Park - Silver 5 oz Bullion)",Yes,No,No,No
coin,Half Dollar,Five Dollars,,,5 Dollars (San Francisco Old Mint Centennial),Yes,No,No,No
coin,Dollar,Five Dollars,,,5 Dollars (America's Cup),Yes,No,No,No
coin,Dollar,One Thousand Dollars,,,1000 Dollars Brazen Coin - Modern Woodmen Of America,Yes,No,No,No
coin,Half Dollar,One Dollar,,,1 Dollar (100th Anniversary of the National Park Service),Yes,No,No,No
coin,Half Dollar,Half Dollar,,,½ Dollar (100th Anniversary of the National Park Service),Yes,No,No,No
coin,Dollar,Fifty Dollars,,,50 Dollars (America's Cup),Yes,No,No,No
coin,Dollar,One Hundred Dollars,,,100 Dollars (America’s Cup),Yes,No,No,No
coin,Dollar,One Cent,,,"1 Cent - New Castle County Workhouse (Wilmington, Delaware)",Yes,No,No,No
coin,Dollar,Five Cents,,,5 Cents - Delaware Prison,Yes,No,No,No
coin,Dollar,Twenty Dollars,,,"20 Dollars ""Saint-Gaudens - Double Eagle 1907"" (Miniature coin)",Yes,No,No,No
coin,Dollar,One Cent,,,1 Cent - W. Scott (Pennsylvania),Yes,No,No,No
coin,Dollar,Half Cent,,,12½ Cents - Kahului and Wailuku Railroad,Yes,No,No,No
coin,Quarter,Quarter Dollar,,,¼ Dollar (Standing Liberty Quarter Centennial; Gold),Yes,No,No,No
coin,Half Dollar,Five Dollars,,,5 Dollars (George Washington Death Bicentennial),Yes,No,No,No
coin,Dollar,Five Dollars,,,5 Dollars (Statue of Liberty Centennial),Yes,No,No,No
coin,Dollar,Five Dollars,,,5 Dollars (Congress Bicentennial),Yes,No,No,No
coin,Dollar,Five Dollars,,,5 Dollars (Mount Rushmore Golden Anniversary),Yes,No,No,No
coin,Dollar,Five Dollars,,,5 Dollars (XXV Olympic Games),Yes,No,No,No
coin,Dollar,Five Dollars,,,5 Dollars (Christopher Columbus Quincentenary),Yes,No,No,No
coin,Dollar,Five Dollars,,,5 Dollars (Bill of Rights),Yes,No,No,No
coin,Dollar,Five Dollars,,,5 Dollars (50th Anniversary Of World War II),Yes,No,No,No
coin,Dollar,Five Dollars,,,5 Dollars (World Cup Tournament),Yes,No,No,No
coin,Dollar,Five Dollars,,,5 Dollars (Civil War Battlefield Preservation),Yes,No,No,No
coin,Dollar,Five Dollars,,,5 Dollars (XXVI Olympiad Torch Runner),Yes,No,No,No
coin,Dollar,Five Dollars,,,5 Dollars (XXVI Olympiad Stadium),Yes,No,No,No
coin,Dollar,Five Dollars,,,5 Dollars (XXVI Olympiad Cauldron),Yes,No,No,No
coin,Dollar,Five Dollars,,,5 Dollars (XXVI Olympiad Flag Bearer),Yes,No,No,No
coin,Dollar,Five Dollars,,,5 Dollars (Smithsonian Institution 150th Anniversary),Yes,No,No,No
coin,Dollar,Five Dollars,,,5 Dollars (Jackie Robinson),Yes,No,No,No
coin,Dollar,Five Dollars,,,5 Dollars (Franklin Delano Roosevelt),Yes,No,No,No
coin,Half Dollar,Five Dollars,,,5 Dollars (U.S. Capitol Visitor Center),Yes,No,No,No
coin,Dollar,Five Dollars,,,5 Dollars (Salt Lake Olympic Winter Games),Yes,No,No,No
coin,Dollar,Ten Dollars,,,10 Dollars (First Flight Centennial),Yes,No,No,No
coin,Dollar,Five Dollars,,,5 Dollars (Jamestown 400th Anniversary),Yes,No,No,No
coin,Dollar,Five Dollars,,,5 Dollars (Bald Eagle Recovery and National Emblem),Yes,No,No,No
coin,Dollar,Five Dollars,,,5 Dollars (United States Army),Yes,No,No,No
coin,Dollar,Five Dollars,,,5 Dollars (Star Spangled Banner),Yes,No,No,No
coin,Dollar,Five Dollars,,,5 Dollars (5 Star Generals),Yes,No,No,No
coin,Dollar,Five Dollars,,,5 Dollars (US Marshals Service 225th Anniversary),Yes,No,No,No
coin,Dollar,Ten Dollars,,,10 Dollars (Eliza Johnson; Bullion Coinage),Yes,No,No,No
coin,Dollar,Ten Dollars,,,10 Dollars (Julia Grant; Bullion Coinage),Yes,No,No,No
coin,Dollar,Ten Dollars,,,10 Dollars (Lucy Hayes; Bullion Coinage),Yes,No,No,No
coin,Dollar,Ten Dollars,,,10 Dollars (Lucretia Garfield; Bullion Coinage),Yes,No,No,No
coin,Dollar,Ten Dollars,,,10 Dollars (Alice Paul; Bullion Coinage),Yes,No,No,No
coin,Dollar,Ten Dollars,,,10 Dollars (Frances Cleveland (First Term); Bullion Coinage),Yes,No,No,No
coin,Dollar,Ten Dollars,,,10 Dollars (Caroline Harrison; Bullion Coinage),Yes,No,No,No
coin,Dollar,Ten Dollars,,,10 Dollars (Frances Cleveland (Second Term); Bullion Coinage),Yes,No,No,No
coin,Dollar,Half Dollar,,,50 Cents - Cochise Country,Yes,No,No,No
coin,Dollar,One Cent,,,1 Cent - North Carolina Prison Dept.,Yes,No,No,No
coin,Dollar,Five Thousand Dollars,,,5000 Dollars Brazen Coin - Modern Woodmen Of America,Yes,No,No,No
coin,Dollar,Ten Dollars,,,10 Dollars (Ida McKinley; Bullion Coinage),Yes,No,No,No
coin,Dollar,Ten Dollars,,,10 Dollars (Edith Roosevelt; Bullion Coinage),Yes,No,No,No
coin,Dollar,Half Dollar,,,"50 Cents - Anderson and Nelson (Ellendale, Minnesota)",Yes,No,No,No
coin,Dollar,Ten Dollars,,,10 Dollars (Helen Taft; Bullion Coinage),Yes,No,No,No
coin,Dollar,Ten Dollars,,,10 Dollars (Ellen Wilson; Bullion Coinage),Yes,No,No,No
coin,Dollar,Ten Dollars,,,10 Dollars (Edith Wilson; Bullion Coinage),Yes,No,No,No
coin,Dollar,Ten Dollars,,,10 Dollars (Florence Harding; Bullion Coinage),Yes,No,No,No
coin,Dollar,Ten Dollars,,,10 Dollars (Grace Coolidge; Bullion Coinage),Yes,No,No,No
coin,Dollar,Ten Dollars,,,10 Dollars (Lou Hoover; Bullion Coinage),Yes,No,No,No
coin,Half Dollar,Ten Dollars,,,10 Dollars (Eleanor Roosevelt; Bullion Coinage),Yes,No,No,No
coin,Dollar,One Dollar,,,Golden Gate Exposition - Milens Jewelers,Yes,No,No,No
coin,Dollar,One Dollar,,,So-Called-Dollar - Toledo Centennial,Yes,No,No,No
coin,Dollar,Ten Dollars,,,"10 Dollars (Elizabeth ""Bess"" Truman; Bullion Coinage)",Yes,No,No,No
coin,Dollar,Ten Dollars,,,10 Dollars (Mamie Eisenhower; Bullion Coinage),Yes,No,No,No
coin,Dollar,Ten Dollars,,,10 Dollars (Jacqueline Kennedy; Bullion Coinage),Yes,No,No,No
coin,Dollar,One Dollar,,,1 oz Copper (Morgan Dollar),Yes,No,No,No
coin,Dollar,One Dollar,,,1 oz Copper (Trade Dollar),Yes,No,No,No
coin,Dollar,Ten Dollars,,,"10 Dollars (Claudia Taylor ""Lady Bird"" Johnson; Bullion Coinage)",Yes,No,No,No
coin,Quarter,Quarter Dollar,,,"¼ Dollar ""Washington Quarter"" (Theodore Roosevelt National Park, North Dakota - Silver Proof)",Yes,No,No,No
coin,Quarter,One Dollar,,,Grand Casino Collector Coin (Minneapolis Skyline),Yes,No,No,No
coin,Quarter,One Dollar,,,¼ Ounce (Engelhard - The American Prospector),Yes,No,No,No
coin,Dollar,Ten Dollars,,,10 Dollars (Patricia Nixon; Bullion Coinage),Yes,No,No,No
coin,Dollar,Ten Dollars,,,10 Dollars (Betty Ford; Bullion Coinage),Yes,No,No,No
coin,Dollar,Ten Dollars,,,10 Dollars (Nancy Reagan; Bullion Coinage),Yes,No,No,No
coin,Dollar,Five Dollars,,,"5 Dollars ""American Buffalo"" (Gold Bullion Coinage)",Yes,No,No,No
coin,Dollar,Ten Dollars,,,"10 Dollars ""American Buffalo"" (Gold Bullion Coinage)",Yes,No,No,No
coin,Half Dollar,Half Dollar,,,½ Dollar (Walking Liberty Half Centennial; Gold),Yes,No,No,No
coin,Dollar,One Cent,,,1 Cent - Union-Buffalo Mills Store,Yes,No,No,No
coin,Dollar,One Dollar,,,Pilgrim Dollar,Yes,No,No,No
coin,Dollar,One Dollar,,,1 Dollar (NORFED Liberty Dollar),Yes,No,No,No
coin,Dollar,One Dollar,,,1 Dollar (NORFED Peace Dollar),Yes,No,No,No
coin,Dollar,Fifty Dollars,,,1 oz Silver (Neocoins - George Bush $50),Yes,No,No,No
coin,Dollar,Fifty Dollars,,,1 oz Silver (Jefferson Davis $50),Yes,No,No,No
coin,Dollar,Fifty Dollars,,,50 Dollars (Ludwig Von Mises),Yes,No,No,No
coin,Dollar,Fifty Dollars,,,50 Dollars (Neocoins - John Galt),Yes,No,No,No
coin,Half Dollar,Five Dollars,,,5 Dollars (National Park Service),Yes,No,No,No
coin,Dollar,One Dollar,,,"1 Dollar - Flamingo Casino (Las Vegas, Nevada)",Yes,No,No,No
coin,Dollar,One Cent,,,1 Cent - Regal,Yes,No,No,No
coin,Dollar,One Dollar,,,1 Dollar - Hilton Hotel Casino (Las Vegas),Yes,No,No,No
coin,Quarter,Quarter Dollar,,,Mini Coin - Standing Liberty Quarter,Yes,No,No,No
coin,Dollar,One Cent,,,"1 Cent - Vienna Correctional Center (Vienna, Illinois (Type 1)",Yes,No,No,No
coin,Dollar,One Cent,,,"1 Cent - Vienna Correctional Center (Vienna, Illinois (Type 2)",Yes,No,No,No
coin,Dollar,One Cent,,,"1 Cent - Sloan's Supermarkets (New York City, New York)",Yes,No,No,No
coin,Dollar,One Cent,,,"1 Cent - The New River Company (Stanaford, West Virginia)",Yes,No,No,No
coin,Dollar,Fifty Dollars,,,50 Dollars - Montana Centennial,Yes,No,No,No
coin,Dollar,One Cent,,,"1 Cent - Shea & Shea (Blencoe, Iowa)",Yes,No,No,No
coin,Dollar,One Cent,,,1 Cent - K. J. Taralseth and Co.,Yes,No,No,No
coin,Quarter,Quarter Dollar,,,"¼ Dollar ""Washington Quarter"" (Effigy Mounds National Monument, Iowa)",Yes,No,No,No
coin,Quarter,Quarter Dollar,,,"¼ Dollar ""Washington Quarter"" (Frederick Douglass National Historic Site, District of Columbia)",Yes,No,No,No
coin,Quarter,Quarter Dollar,,,"¼ Dollar ""Washington Quarter"" (Ozark National Scenic Riverways, Missouri)",Yes,No,No,No
coin,Quarter,Quarter Dollar,,,"¼ Dollar ""Washington Quarter"" (Ellis Island (Statue of Liberty National Monument), New Jersey)",Yes,No,No,No
coin,Quarter,Quarter Dollar,,,"¼ Dollar ""Washington Quarter"" (George Rogers Clark National Historical Park, Indiana)",Yes,No,No,No
coin,Dollar,One Dollar,,,"1 Dollar ""Native American Dollar"" (Sequoyah of the Cherokee Nation)",Yes,No,No,No
coin,Dollar,One Cent,,,"1 Cent - Central City Supermarket (Richmond, Virginia)",Yes,No,No,No
coin,Dollar,One Cent,,,1 Cent (George Junior),Yes,No,No,No
coin,Dollar,One Dollar,,,Birthday Dollar - Los Angeles Bicentennial (Entertainment Capital of the World),Yes,No,No,No
coin,Dollar,One Dollar,,,1 Dollar (Lions Club International Centennial),Yes,No,No,No
coin,Quarter,Quarter Dollar,,,"¼ Dollar ""Washington Quarter"" (Cumberland Gap National Historical Park, Kentucky) - Silver Proof",Yes,No,No,No
coin,Quarter,Quarter Dollar,,,"¼ Dollar ""Washington Quarter"" (Fort Moultrie at Fort Sumter National Monument, South Carolina) - Silver Proof",Yes,No,No,No
coin,Dollar,Half Dollar,,,50 Cents - General Dept. Stores,Yes,No,No,No
coin,Quarter,Quarter Dollar,,,"¼ Dollar ""Washington Quarter"" (Harpers Ferry National Historical Park, West Virginia) - Silver Proof",Yes,No,No,No
coin,Quarter,Quarter Dollar,,,"¼ Dollar ""Washington Quarter"" (Shawnee National Forest, Illinois) - Silver Proof",Yes,No,No,No
coin,Dollar,Five Dollars,,,5 Dollars (Guam),Yes,No,No,No
coin,Dollar,One Dollar,,,1 Maui Trade Dollar,Yes,No,No,No
coin,Dollar,Ten Dollars,,,"10 Dollars - Harvey's Casino (Lake Tahoe, Nevada)",Yes,No,No,No
coin,Dollar,Five Dollars,,,"5 Dollars (Albert, King of Saxony)",Yes,No,No,No
coin,Dollar,One Hundred Dollars,,,"100 Dollars ""American Platinum Eagle"" (Bullion Coinage)",Yes,No,No,No
coin,Dollar,One Hundred Dollars,,,"100 Dollars ""American Platinum Eagle"" (Bullion Coinage)",Yes,No,No,No
coin,Dollar,One Hundred Dollars,,,"100 Dollars ""American Platinum Eagle"" (Bullion Coinage)",Yes,No,No,No
coin,Dollar,One Hundred Dollars,,,"100 Dollars ""American Platinum Eagle"" (Bullion Coinage)",Yes,No,No,No
coin,Dollar,One Hundred Dollars,,,"100 Dollars ""American Platinum Eagle"" (Bullion Coinage)",Yes,No,No,No
coin,Dollar,One Hundred Dollars,,,"100 Dollars ""American Platinum Eagle"" (Bullion Coinage)",Yes,No,No,No
coin,Dollar,One Hundred Dollars,,,"100 Dollars ""American Platinum Eagle"" (Bullion Coinage)",Yes,No,No,No
coin,Dollar,One Hundred Dollars,,,"100 Dollars ""American Platinum Eagle"" (Bullion Coinage)",Yes,No,No,No
coin,Dollar,One Hundred Dollars,,,"100 Dollars ""American Platinum Eagle"" (Bullion Coinage)",Yes,No,No,No
coin,Dollar,One Hundred Dollars,,,"100 Dollars ""American Platinum Eagle"" (Bullion Coinage)",Yes,No,No,No
coin,Dollar,One Hundred Dollars,,,"100 Dollars ""American Platinum Eagle"" (Bullion Coinage)",Yes,No,No,No
coin,Dollar,One Hundred Dollars,,,"100 Dollars ""American Platinum Eagle"" (Bullion Coinage)",Yes,No,No,No
coin,Dollar,One Hundred Dollars,,,"100 Dollars ""American Platinum Eagle"" (Bullion Coinage)",Yes,No,No,No
coin,Dollar,One Hundred Dollars,,,"100 Dollars ""American Platinum Eagle"" (Bullion Coinage)",Yes,No,No,No
coin,Dollar,Ten Dollars,,,"10 Dollars ""American Platinum Eagle"" (Bullion Coinage)",Yes,No,No,No
coin,Dollar,Five Dollars,,,"25 Dollars ""American Platinum Eagle"" (Bullion Coinage)",Yes,No,No,No
coin,Dollar,Ten Dollars,,,"10 Dollars ""American Platinum Eagle"" (Bullion Coinage)",Yes,No,No,No
coin,Dollar,Five Dollars,,,"25 Dollars ""American Platinum Eagle"" (Bullion Coinage)",Yes,No,No,No
coin,Dollar,Fifty Dollars,,,"50 Dollars ""American Platinum Eagle"" (Bullion Coinage)",Yes,No,No,No
coin,Dollar,Fifty Dollars,,,"50 Dollars ""American Platinum Eagle"" (Bullion Coinage)",Yes,No,No,No
coin,Dollar,Five Dollars,,,"25 Dollars ""American Platinum Eagle"" (Bullion Coinage)",Yes,No,No,No
coin,Dollar,Ten Dollars,,,"10 Dollars ""American Platinum Eagle"" (Bullion Coinage)",Yes,No,No,No
coin,Dollar,Five Dollars,,,"25 Dollars ""American Platinum Eagle"" (Bullion Coinage)",Yes,No,No,No
coin,Dollar,Fifty Dollars,,,"50 Dollars ""American Platinum Eagle"" (Bullion Coinage)",Yes,No,No,No
coin,Dollar,Ten Dollars,,,"10 Dollars ""American Platinum Eagle"" (Bullion Coinage)",Yes,No,No,No
coin,Dollar,Five Dollars,,,"25 Dollars ""American Platinum Eagle"" (Bullion Coinage)",Yes,No,No,No
coin,Dollar,Fifty Dollars,,,"50 Dollars ""American Platinum Eagle"" (Bullion Coinage)",Yes,No,No,No
coin,Dollar,Fifty Dollars,,,"50 Dollars ""American Platinum Eagle"" (Bullion Coinage)",Yes,No,No,No
coin,Dollar,Ten Dollars,,,"10 Dollars ""American Platinum Eagle"" (Bullion Coinage)",Yes,No,No,No
coin,Dollar,Fifty Dollars,,,"50 Dollars ""American Platinum Eagle"" (Bullion Coinage)",Yes,No,No,No
coin,Dollar,Five Dollars,,,"25 Dollars ""American Platinum Eagle"" (Bullion Coinage)",Yes,No,No,No
coin,Dollar,Ten Dollars,,,"10 Dollars ""American Platinum Eagle"" (Bullion Coinage)",Yes,No,No,No
coin,Dollar,Ten Dollars,,,"10 Dollars ""American Platinum Eagle"" (Bullion Coinage)",Yes,No,No,No
coin,Dollar,Five Dollars,,,"25 Dollars ""American Platinum Eagle"" (Bullion Coinage)",Yes,No,No,No
coin,Dollar,Fifty Dollars,,,"50 Dollars ""American Platinum Eagle"" (Bullion Coinage)",Yes,No,No,No
coin,Dollar,Fifty Dollars,,,"50 Dollars ""American Platinum Eagle"" (Bullion Coinage)",Yes,No,No,No
coin,Dollar,Five Dollars,,,"25 Dollars ""American Platinum Eagle"" (Bullion Coinage)",Yes,No,No,No
coin,Dollar,Ten Dollars,,,"10 Dollars ""American Platinum Eagle"" (Bullion Coinage)",Yes,No,No,No
coin,Dollar,Fifty Dollars,,,"50 Dollars ""American Platinum Eagle"" (Bullion Coinage)",Yes,No,No,No
coin,Dollar,Five Dollars,,,"25 Dollars ""American Platinum Eagle"" (Bullion Coinage)",Yes,No,No,No
coin,Dollar,One Cent,,,1 Cent - Grand Union,Yes,No,No,No
coin,Dollar,One Cent,,,"1 Cent - Penn Fruit (Philadelphia, Pennsylvania)",Yes,No,No,No
coin,Dollar,One Cent,,,"1 Cent - Royal Farms (Brooklyn, New York)",Yes,No,No,No
coin,Dollar,One Cent,,,"1 Cent - Red Apple Supermarkets (New York City, New York)",Yes,No,No,No
coin,Dollar,One Dollar,,,1 Dollar,Yes,No,No,No
coin,Dollar,One Cent,,,1 Cent - Beware (USA Civil War),Yes,No,No,No
coin,Quarter,Quarter Dollar,,,"¼ Dollar ""Washington Quarter"" (Effigy Mounds National Monument, Iowa) - Silver Proof",Yes,No,No,No
coin,Quarter,Quarter Dollar,,,"¼ Dollar ""Washington Quarter"" (Ellis Island (Statue of Liberty National Monument), New Jersey) - Silver Proof",Yes,No,No,No
coin,Quarter,Quarter Dollar,,,"¼ Dollar ""Washington Quarter"" (Frederick Douglass National Historic Site, District of Columbia) - Silver Proof",Yes,No,No,No
coin,Quarter,Quarter Dollar,,,"¼ Dollar ""Washington Quarter"" (George Rogers Clark National Historical Park, Indiana) - Silver Proof",Yes,No,No,No
coin,Quarter,Quarter Dollar,,,"¼ Dollar ""Washington Quarter"" (Ozark National Scenic Riverways, Missouri) - Silver Proof",Yes,No,No,No
coin,Half Dollar,Five Cents,,,"5 Cents ""1792 Half Disme"" (Pattern; copper)",Yes,No,No,No
coin,Dollar,One Dime,,,"10 Cents ""1792 Disme"" (Pattern; copper)",Yes,No,No,No
coin,Dollar,Five Cents,,,"5 Cents ""1866 Nickel"" (Pattern)",Yes,No,No,No
coin,Quarter,Five Cents,,,"25 Cents ""1792 Quarter Dollar"" (Pattern; copper)",Yes,No,No,No
coin,Quarter,Five Cents,,,"25 Cents ""1870 Quarter Dollar"" (Pattern)",Yes,No,No,No
coin,Half Dollar,Five Cents,,,"5 Cents ""1794 Half Dime"" (Pattern)",Yes,No,No,No
coin,Dollar,One Cent,,,"1 Cent ""1795 Liberty Cap"" (Pattern)",Yes,No,No,No
coin,Half Dollar,Five Dollars,,,"5 Dollars ""1795 Half Eagle"" (Pattern)",Yes,No,No,No
coin,Half Dollar,Five Dollars,,,"5 Dollars ""1797 Half Eagle"" (Pattern)",Yes,No,No,No
coin,Half Dollar,Five Dollars,,,"5 Dollars ""1878 Half Eagle"" (Pattern; copper)",Yes,No,No,No
coin,Half Dollar,Half Dollar,,,"½ Dollar ""1814 Half Dollar"" (Pattern)",Yes,No,No,No
coin,Quarter,Quarter Dollar,,,"¼ Dollar ""Washington Quarter"" (Acadia National Park - Silver 5 oz Bullion)",Yes,No,No,No
coin,Quarter,Five Cents,,,"25 Cents ""1827 Quarter Dollar"" (Pattern)",Yes,No,No,No
coin,Dollar,Two Cents,,,"2 Cents ""1836"" (Pattern; white metal)",Yes,No,No,No
coin,Dollar,Five Cents,,,"5 Cents ""1886 Nickel"" (Pattern; copper)",Yes,No,No,No
coin,Dollar,One Dollar,,,"1 Dollar ""Gold Dollar"" (Pattern)",Yes,No,No,No
coin,Dollar,One Dollar,,,"1 Dollar ""1839 Gobrecht Dollar"" (Pattern)",Yes,No,No,No
coin,Dollar,One Dollar,,,"1 Dollar ""1871 Dollar"" (Pattern; silver)",Yes,No,No,No
coin,Dollar,Five Dollars,,,5 Dollars,Yes,No,No,No
coin,Quarter,Quarter Dollar,,,"¼ Dollar ""Washington Quarter"" (Fort Moultrie at Fort Sumter National Monument, South Carolina - Silver 5 oz Bullion)",Yes,No,No,No
coin,Quarter,One Dollar,,,1 Micron (Microna),Yes,No,No,No
coin,Dollar,One Dollar,,,1 Dollar (Boys Town Centennial),Yes,No,No,No
coin,Half Dollar,Half Dollar,,,½ Dollar (Boys Town Centennial),Yes,No,No,No
coin,Dollar,Five Dollars,,,5 Dollars (Boys Town Centennial),Yes,No,No,No
coin,Dollar,One Hundred Dollars,,,"100 Dollars (""American Liberty 225th Anniversary High Relief Gold"")",Yes,No,No,No
coin,Quarter,Quarter Dollar,,,"¼ Dollar ""Washington Quarter"" (Theodore Roosevelt National Park, North Dakota - Silver 5 oz Bullion)",Yes,No,No,No
coin,Dollar,One Cent,,,"1 Cent - Royal Farms (Brooklyn, New York)",Yes,No,No,No
coin,Dollar,One Cent,,,"1 Cent - Shopwell (New York City, New York)",Yes,No,No,No
coin,Dollar,One Cent,,,"1 Cent - E & B (Bronx, New York)",Yes,No,No,No
coin,Dollar,Ten Dollars,,,10 Dollars - Westward Ho (Las Vegas),Yes,No,No,No
coin,Quarter,Quarter Dollar,,,"¼ Dollar ""Washington Quarter"" (Effigy Mounds National Monument, Iowa - Silver 5 oz Bullion)",Yes,No,No,No
coin,Dollar,Five Dollars,,,5 Dollars (Euro-motive of Greece),Yes,No,No,No
coin,Dollar,One Cent,,,40 Cents - Dairy Queen,Yes,No,No,No
coin,Dollar,Five Cents,,,"5 Cents - Par-A-Dice Riverboat Casino (East Peoria, Illinois)",Yes,No,No,No
coin,Dollar,Twenty Dollars,,,20 Dollars,Yes,No,No,No
coin,Dollar,One Dollar,,,"1 Dollar - Naamans (Wilmington, Delaware)",Yes,No,No,No
coin,Dollar,One Hundred Dollars,,,100 Dollars - High Roller Casino (Las Vegas),Yes,No,No,No
coin,Dollar,Five Dollars,,,"25 Dollars (Governor Lutali - XXIV Olympics, denomination in numbers)",Yes,No,No,No
coin,Dollar,Five Dollars,,,25 Dollars (XXIV Olympics),Yes,No,No,No
coin,Dollar,Five Dollars,,,"25 Dollars (Governor Lutali - XXIV Olympics, denomination in letters)",Yes,No,No,No
coin,Dollar,One Hundred Dollars,,,100 Dollars (XXIV Olympics),Yes,No,No,No
coin,Dollar,One Hundred Dollars,,,100 Dollars (America's Cup / XXIV Olympics Mule),Yes,No,No,No
coin,Dollar,5 Mills,,,5 Mills - Retailers Sales Tax Receipt (Missouri),Yes,No,No,No
coin,Dollar,5 Mills,,,5 Mills - Retailers Sales Tax Receipt (Missouri),Yes,No,No,No
coin,Dollar,Half Dollar,,,"50 Cents - The New York Store (Cicero, IN)",Yes,No,No,No
coin,Dollar,Half Dollar,,,"50 Cents - Rock Island Centennial Bridge (Rock Island, Illinois)",Yes,No,No,No
coin,Dollar,One Dollar,,,1 Dollar - Dunes Hotel and Country Club (Las Vegas),Yes,No,No,No
coin,Dollar,One Dollar,,,"1 Dollar - Frontier Hotel (Las Vegas, Nevada)",Yes,No,No,No
coin,Dollar,Five Cents,,,"15 Cents - Rock Island Centennial Bridge (Rock Island, Illinois)",Yes,No,No,No
coin,Dollar,One Dollar,,,1 Dollar (Guantanamo),Yes,No,No,No
coin,Dollar,One Dollar,,,1 Dollar (Okinawa),Yes,No,No,No
coin,Dollar,One Dollar,,,1 Dollar (Baker Island),Yes,No,No,No
coin,Dollar,One Dollar,,,1 Dollar (Howland Island),Yes,No,No,No
coin,Dollar,One Dollar,,,1 Dollar (Jarvis Island),Yes,No,No,No
coin,Dollar,One Dollar,,,1 Dollar (Jonhston atoll),Yes,No,No,No
coin,Dollar,One Dollar,,,1 Dollar (Kingman reef),Yes,No,No,No
coin,Dollar,One Dollar,,,1 Dollar (Midway atoll),Yes,No,No,No
coin,Dollar,One Dollar,,,1 Dollar (Palmyra atoll),Yes,No,No,No
coin,Dollar,One Dollar,,,1 Dollar (Wake Island),Yes,No,No,No
coin,Dollar,One Dollar,,,1 Dollar (Saint Croix),Yes,No,No,No
coin,Dollar,One Dollar,,,1 Dollar (Saint John),Yes,No,No,No
coin,Dollar,One Dollar,,,1 Dollar (Saint Thomas),Yes,No,No,No
coin,Half Dollar,Five Dollars,,,5 Dollars (Baker Island),Yes,No,No,No
coin,Dollar,Five Dollars,,,5 Dollars (Midway Islands),Yes,No,No,No
coin,Dollar,Five Dollars,,,5 Dollars (Wake Island),Yes,No,No,No
coin,Dollar,One Dollar,,,"1 Hawaii Dollar (Honolulu, Hawaii)",Yes,No,No,No
coin,Quarter,Quarter Dollar,,,"¼ Dollar ""Washington Quarter"" (Frederick Douglass National Historic Site, District of Columbia - Silver 5 oz Bullion)",Yes,No,No,No
coin,Dollar,Five Cents,,,"25 Cents - Isle of Capri Casino (Biloxi, Mississippi)",Yes,No,No,No
coin,Dollar,Half Dollar,,,"50 Cent - Harrah's Casino (East Chicago, Illinois)",Yes,No,No,No
coin,Dollar,Half Dollar,,,"50 Cent - Majestic Star Casino (Gary, Indiana)",Yes,No,No,No
coin,Quarter,Quarter Dollar,,,"¼ Dollar ""Washington Quarter"" (Ellis Island (Statue of Liberty National Monument), New Jersey - Silver 5 oz Bullion)",Yes,No,No,No
coin,Quarter,Quarter Dollar,,,"¼ Dollar ""Washington Quarter"" (George Rogers Clark National Historical Park, Indiana - Silver 5 oz Bullion)",Yes,No,No,No
coin,Quarter,Quarter Dollar,,,"¼ Dollar ""Washington Quarter"" (Ozark National Scenic Riverways, Missouri - Silver 5 oz Bullion)",Yes,No,No,No
coin,Dollar,Five Cents,,,5 Cents - Santa Rosa (California),Yes,No,No,No
coin,Dollar,Five Cents,,,"5 Cents - Trading Stamp K.C. Confidential Co. (Kansas City, Missouri)",Yes,No,No,No
coin,Dollar,One Dollar,,,1 Dollar (Diego Garcia),Yes,No,No,No
coin,Dollar,One Dollar,,,"1 Dollar - SpaceQuest Casino (Las Vegas, Nevada)",Yes,No,No,No
coin,Dollar,One Dollar,,,"Hilo Dollar (Hilo, Hawaii)",Yes,No,No,No
medal,U.S. Medals,Medal,,,Medal - United States Mint Bicentennial,Yes,No,No,No
medal,U.S. Medals,Medal,,,Medal - United States Mint Bicentennial,Yes,No,No,No
coin,Dollar,Three Cents,,,"3 Cents - The Factory Stores Co. (Cleveland, Ohio)",Yes,No,No,No
coin,Dollar,One Dime,,,10 Cents - E & H Ceramic Studio,Yes,No,No,No
coin,Dollar,Five Cents,,,"5 Cents - Flamingo Club (Naples, Italy)",Yes,No,No,No
coin,Dollar,Five Cents,,,"25 Cent - Isle of Capri (Booneville, Missouri)",Yes,No,No,No
coin,Dollar,One Dime,,,10 Cents - Gonzalez Benavides Hnos,Yes,No,No,No
coin,Dollar,One Dollar,,,"1 Dollar - Hirsch's Dept Store (Columbus, Georgia)",Yes,No,No,No
coin,Dollar,Five Cents,,,5 Cents - Berts Place,Yes,No,No,No
coin,Dollar,Five Cents,,,"25 Cents - Yocum Creek Coal Co (Evarts, Kentucky)",Yes,No,No,No
coin,Dollar,Five Cents,,,"5 Cents - Parchman Penitentiary (Parchman, Mississippi)",Yes,No,No,No
coin,Dollar,One Dime,,,"10 Cents - Parchman Penitentiary (Parchman, Mississippi)",Yes,No,No,No
coin,Dollar,Five Cents,,,"25 Cents - Parchman Penitentiary (Parchman, Mississippi)",Yes,No,No,No
coin,Dollar,Half Dollar,,,"50 Cents - Parchman Penitentiary (Parchman, Mississippi)",Yes,No,No,No
coin,Dollar,Half Dollar,,,50 Cents - Founding of Santa Fe,Yes,No,No,No
coin,Dollar,Five Cents,,,"5 Cents - W. A. Braden (Nada, Texas)",Yes,No,No,No
coin,Dollar,One Dollar,,,Goldwater Freedom Dollar,Yes,No,No,No
coin,Dollar,Five Cents,,,5 Cents - Sim Brown's Cold Drink Stand,Yes,No,No,No
coin,Dollar,Five Cents,,,"5 Cents - Central Confection Co. (Columbus, Ohio)",Yes,No,No,No
coin,Dollar,Five Cents,,,5 Cents - Petty and Co,Yes,No,No,No
coin,Dollar,Ten Dollars,,,"10 Dollars - Hard Rock Hotel (Las Vegas, Nevada)",Yes,No,No,No
coin,Dollar,Five Cents,,,"25 Cents - Action Family Arcade (Waterville, Maine)",Yes,No,No,No
coin,Dollar,One Dollar,,,"3.5 Dollars - Better Built by Buckley (Chicago, Illinois)",Yes,No,No,No
coin,Dollar,One Dollar,,,1 Dollar - KPM Co.,Yes,No,No,No
coin,Dollar,Two Dollars,,,2 Dollars - Brackin's,Yes,No,No,No
coin,Dollar,Two Dollars,,,2 Dollars - Brackin's Jewelers,Yes,No,No,No
coin,Dollar,One Dollar,,,1.95 Dollars - Home Magazine,Yes,No,No,No
coin,Dollar,Five Cents,,,25 Cents - Horne's Collector's Coin,Yes,No,No,No
coin,Dollar,One Dollar,,,1 Dollar - Keg'n Cleaver,Yes,No,No,No
coin,Dollar,One Dollar,,,"Pillsbury's Best Flour (Minneapolis, Minnesota)",Yes,No,No,No
coin,Dollar,One Dollar,,,"1 Dollar - Center City Parking (Charlotte, NC)",Yes,No,No,No
coin,Dollar,$150,,,$150 000.00 Reader's Digest Lucky Sweepstakes Coin,Yes,No,No,No
coin,Dollar,Five Dollars,,,$5 000 000.00 Reader's Digest Lucky Sweepstakes Coin,Yes,No,No,No
coin,Dollar,One Dime,,,10 Cents - 848th Aircraft and Warning Squadron,Yes,No,No,No
coin,Dollar,One Dollar,,,"1 Dollar - Center City Trolley (Charlotte, North Carolina)",Yes,No,No,No
coin,Dollar,One Dollar,,,"1 Dollar - Center City Trolley (Charlotte, North Carolina)",Yes,No,No,No
coin,Dollar,One Dollar,,,"1 Dollar - Center City Trolly (Charlotte, North Carolina)",Yes,No,No,No
coin,Dollar,One Dollar,,,"1 Dollar - Center City Trolley (Charlotte, North Carolina)",Yes,No,No,No
coin,Dollar,One Dollar,,,"1 Dollar - Center City Trolley (Charlotte, North Carolina)",Yes,No,No,No
coin,Dollar,One Dollar,,,"1 Dollar - City Center Transit (Charlotte, North Carolina)",Yes,No,No,No
coin,Dollar,Five Cents,,,"15 Cents Fare - Gate City Transit Lines (Greensboro, North Carolina)",Yes,No,No,No
coin,Dollar,One Dime,,,"10 Cents Ride - Rockingham Suburban Bus Line (Rockingham, North Carolina)",Yes,No,No,No
coin,Dollar,Five Cents,,,"25 Cents - Burt County Bridge Comm. (Decatur, Nebraska)",Yes,No,No,No
coin,Dollar,One Dime,,,Toy Dime - Tex-A-Toy,Yes,No,No,No
coin,Dollar,One Dime,,,Play Dime - Uncle Sam,Yes,No,No,No
coin,Quarter,Quarter Dollar,,,Play Quarter - Uncle Sam,Yes,No,No,No
coin,Dollar,Half Dollar,,,"50 Cents - Burt County Bridge Comm. (Decatur, Nebraska)",Yes,No,No,No
coin,Dollar,Half Dollar,,,"50 Cents - Burt County Bridge Comm. (Decatur, Nebraska)",Yes,No,No,No
coin,Dollar,Five Cents,,,25 Cents - Jenny Car Wash,Yes,No,No,No
coin,Dollar,One Cent,,,1 Cent - Ideal Money,Yes,No,No,No
coin,Dollar,Five Cents,,,5 Cents - Ideal Money,Yes,No,No,No
coin,Dollar,One Cent,,,1 Cent - C D Money,Yes,No,No,No
coin,Dollar,One Cent,,,1 Cent - School Money,Yes,No,No,No
coin,Dollar,One Dollar,,,PMG Money - 1 Dollar,Yes,No,No,No
coin,Dollar,One Dollar,,,"1 Maui Dollar (Maui, Hawaii)",Yes,No,No,No
coin,Dollar,Five Cents,,,25 Cents - Whyte - Fox,Yes,No,No,No
coin,Dollar,Half Dollar,,,"50 Cents - Plum Creek Days Diamond Jubilee (Lexington, Nebraska)",Yes,No,No,No
coin,Dollar,One Dollar,,,"1 Dollar - Tropicana (Las Vegas, Nevada)",Yes,No,No,No
coin,Dollar,One Dollar,,,1 Dollar - Alaska (Land of the Midnight Sun),Yes,No,No,No
coin,Quarter,One Cent,,,"¼ Cent - Cambridge Lions Club (Cambridge, Illinois)",Yes,No,No,No
coin,Dollar,Five Cents,,,"5 Cents - The New River Company (Carlisle, West Virginia)",Yes,No,No,No
coin,Dollar,One Dollar,,,"1 Dollar - Redding Chamber of Commerce (Redding, California)",Yes,No,No,No
coin,Dollar,Half Dollar,,,"50 Cents - First Territorial Capital (Yankton, South Dakota)",Yes,No,No,No
coin,Dollar,One Dime,,,Gremlin Dime - Moon Money,Yes,No,No,No
coin,Dollar,One Dollar,,,"1 Dollar - Peppermill Inn and Casino (Wendover, Nevada)",Yes,No,No,No
coin,Dollar,One Cent,,,"1 Cent - Lillybrook Coal Co. (Lillybrook, West Virginia)",Yes,No,No,No
coin,Dollar,Five Cents,,,"5 Cents - The New River Company (Scarbro, West Virginia)",Yes,No,No,No
coin,Dollar,One Dollar,,,1 Ounce - First Morgan Silver Dollar,Yes,No,No,No
coin,Half Dollar,Ten Dollars,,,½ oz Silver ($10 Eagle),Yes,No,No,No
coin,Half Dollar,One Dollar,,,1 Ounce - Barber Coin Collectors' Society,Yes,No,No,No
coin,Dollar,One Cent,,,"1 Cent - Gulf Smokeless Coal Co. (Tams, West Virginia)",Yes,No,No,No
coin,Dollar,Half Dollar,,,"50 Cents - Woodburn Diamond Jubilee (Woodburn, Oregon)",Yes,No,No,No
coin,Dollar,Half Dollar,,,"50 Cents - Matt Schmidts and Son (Appleton, Wisconsin)",Yes,No,No,No
coin,Dollar,One Dollar,,,2 Maui Trade Dollars,Yes,No,No,No
coin,Dollar,One Dollar,,,2 Maui Trade Dollars,Yes,No,No,No
coin,Dollar,Half Dollar,,,50 Cents - Kane (Pennsylvania Century of Progress),Yes,No,No,No
coin,Dollar,One Dollar,,,2 Maui Trade Dollars,Yes,No,No,No
coin,Dollar,One Dollar,,,2 Maui Trade Dollars,Yes,No,No,No
coin,Dollar,Five Cents,,,"5 Cents - F.O.E. 266 (Galena, Kansas)",Yes,No,No,No
coin,Dollar,One Dollar,,,1 Dollar - Anchorage (Oriental Garden),Yes,No,No,No
coin,Dollar,One Dime,,,10 Cents - B and B Supplies (Fort Worth),Yes,No,No,No
coin,Dollar,Five Cents,,,25 Cent - The President Casino (Biloxi),Yes,No,No,No
coin,Dollar,One Dollar,,,Hawaii Dollar (Honolulu; Waikiki Beach - Diamond Head),Yes,No,No,No
coin,Quarter,Five Cents,,,25 Cents,Yes,No,No,No
coin,Dollar,Five Cents,,,"5 Cents - Trump Casino (Gary, Indiana)",Yes,No,No,No
coin,Dollar,One Dollar,,,1 Dollar - California Territorial Gold (Indian and Bear),Yes,No,No,No
coin,Dollar,Fifty Dollars,,,50 Dollars - United States Assay Office,Yes,No,No,No
coin,Half Dollar,Five Dollars,,,5 Dollars - Pacific Company,Yes,No,No,No
coin,Quarter,Twenty Dollars,,,20 Dollars - U.S. Assay Office,Yes,No,No,No
coin,Half Dollar,Half Dollar,,,"½ Dollar - California Territorial Gold ""Arms""",Yes,No,No,No
coin,Dollar,Ten Dollars,,,"10 Dollars - Clark, Gruber and Co.",Yes,No,No,No
coin,Dollar,One Dollar,,,1 Dollar (Greenland),Yes,No,No,No
coin,Quarter,Quarter Dollar,,,"¼ Dollar (California Territorial Gold; ""Eureka"")",Yes,No,No,No
coin,Quarter,Quarter Dollar,,,¼ Dollar (California Gold; Minerva and Bear),Yes,No,No,No
coin,Quarter,One Dollar,,,"1 Fare - Conestoga Transportation Co. (Lancaster, Pennsylvania)",Yes,No,No,No
coin,Dollar,One Cent,,,1 Cent - Imperial Smokeless Coal Company,Yes,No,No,No
coin,Dollar,Five Cents,,,25 Cents - Fun City Pizza,Yes,No,No,No
coin,Dollar,Five Cents,,,25 Cents - Downtown Dayton (Ohio),Yes,No,No,No
coin,Quarter,Two and a Half Dollars,,,2½ Dollars - C. Bechtler,Yes,No,No,No
coin,Dollar,One Dollar,,,1 Dollar - C. Bechtler,Yes,No,No,No
coin,Quarter,Quarter Dollar,,,"¼ Dollar ""Washington Quarter"" (Everglades National Park, Florida - Silver 5 oz Bullion)",Yes,No,No,No
coin,Dollar,One Dollar,,,Abraham Lincoln,Yes,No,No,No
coin,Dollar,Half Dollar,,,50 Cents - J.A. Garman (54th Pennsylvania Volunteers),Yes,No,No,No
coin,Dollar,Five Cents,,,25 Cents - J.A. Garman (54th Pennsylvania Volunteers),Yes,No,No,No
coin,Dollar,Three Cents,,,3 Cents - J.A. Garman (54th Pennsylvania Volunteers),Yes,No,No,No
coin,Dollar,One Dollar,,,1 Dollar - J.A. Garman (54th Pennsylvania Volunteers),Yes,No,No,No
coin,Half Dollar,Half Dime,,,½ Dime - Confederate (A United South),Yes,No,No,No
coin,Dollar,One Dollar,,,Wealth of the South Civil War Patriotic,Yes,No,No,No
coin,Dollar,One Dollar,,,"S.H. Zahm Coin Dealer (Lancaster, Pennsylvania)",Yes,No,No,No
coin,Dollar,Five Cents,,,25 Cents - Civil War Sutler - Geo. McAlpen (11th PA Cav),Yes,No,No,No
coin,Dollar,One Dollar,,,"Havasu Dollar - London Bridge Rotary Club - Pearl Harbor (Lake Havasu City, Arizona)",Yes,No,No,No
coin,Dollar,One Dollar,,,Civil War Patriotic - Lincoln and Union,Yes,No,No,No
coin,Dollar,One Dollar,,,1 Fare - Detroit-Windsor Tunnel (50th Anniversary),Yes,No,No,No
coin,Half Dollar,Half Dollar,,,"50 Cents - Hard Times (Bust Half Dollar Counterstamped J. Martine, Fayetteville N.C)",Yes,No,No,No
coin,Dollar,One Cent,,,"1 Cent - Amherst Coal Company (Lundale, West Virginia)",Yes,No,No,No
coin,Dollar,One Dollar,,,"1 Dollar - Hatfield-Campbell Creek Coal Company (Reed, West Virginia)",Yes,No,No,No
coin,Dollar,Five Cents,,,15 Cents - Canteen Fort Sherman (Idaho),Yes,No,No,No
coin,Dollar,One Dollar,,,1 Dollar - Sandy's 61st Anniversary,Yes,No,No,No
coin,Dollar,Five Cents,,,25 Cents - Pioneer Day Celebration,Yes,No,No,No
coin,Dollar,Half Dollar,,,50 Cents - Astoria Bridge Dedication,Yes,No,No,No
coin,Dollar,One Dime,,,"10 Cents - Kwiksolv (Chicago, Illinois)",Yes,No,No,No
coin,Dollar,One Dollar,,,"1 Dollar - Isle of Capri Casino (Natchez, Mississippi)",Yes,No,No,No
coin,Dollar,Five Cents,,,5 Cents - Turf Smoke Shop,Yes,No,No,No
coin,Dollar,Five Cents,,,"5 Cents - New York bar Charleston, Wa.",Yes,No,No,No
coin,Dollar,Five Cents,,,"5 Cents - Spring Cigar (Seattle, Wa.)",Yes,No,No,No
coin,Dollar,One Dollar,,,Cent - Bentonian Currency (Mint Drop),Yes,No,No,No
coin,Dollar,Five Cents,,,"25 Cents - Copa Casino (Gulfport, Mississippi)",Yes,No,No,No
coin,Dollar,Five Cents,,,"5 Cents - Civil War Sutler (2nd Regiment, Ohio Cavalry)",Yes,No,No,No
coin,Dollar,Half Dollar,,,50 Cents - Civil War Sutler - Geo. McAlpin 11th PA Cav,Yes,No,No,No
coin,Dollar,One Dollar,,,First So-Called Dollar - Erie Canal Completion,Yes,No,No,No
coin,Dollar,One Dollar,,,"Havasu Dollar - Lake Havasu London Bridge (Lake Havasu City, Arizona)",Yes,No,No,No
coin,Dollar,One Dollar,,,Havasu Dollar - Lake Havasu London Bridge (Lake Havasu City; Arizona),Yes,No,No,No
coin,Dollar,One Cent,,,"1 Cent - Junior Mercantile Co. (Omar, West Virginia)",Yes,No,No,No
coin,Dollar,One Dollar,,,Dollar - U.S. Navy World Voyage (San Francisco),Yes,No,No,No
coin,Dollar,One Dollar,,,So-Called-Dollar - Hawaii Statehood (Salvation Army),Yes,No,No,No
coin,Dollar,One Dollar,,,Souvenir - Panama-Pacific Exposition Thomas Elder,Yes,No,No,No
coin,Dollar,One Dollar,,,Dollar - Alaska Gold,Yes,No,No,No
coin,Dollar,One Dollar,,,So-Called-Dollar - Golden Gate Exposition - Charbneau - Pacifica,Yes,No,No,No
coin,Dollar,One Dollar,,,So-Called-Dollar - Abraham Lincoln (New York World's Fair),Yes,No,No,No
coin,Dollar,One Cent,,,"1 Cent - ""Bingle""",Yes,No,No,No
coin,Dollar,Half Cent,,,"12½ Cents - Cheechako Tavern (Anchorage, Alaska)",Yes,No,No,No
coin,Dollar,Five Cents,,,"5 Cents - Fred's Place (Gladstone, Oregon)",Yes,No,No,No
coin,Dollar,Five Cents,,,"5 Cents - J.J. Gans and Bro. (Los Angeles, Ca.)",Yes,No,No,No
coin,Dollar,Five Cents,,,5 Cents - The Opal,Yes,No,No,No
coin,Dollar,Half Dollar,,,"50 Cents - Mollie's Restaurant (Klamath Falls, Oregon)",Yes,No,No,No
coin,Dollar,One Dollar,,,Dollar - Montana Gold,Yes,No,No,No
coin,Dollar,Five Cents,,,"5 Cents - Fraternal Order of Eagles 3 Convention (Tacoma, Washington)",Yes,No,No,No
coin,Dollar,Five Cents,,,"5 Cents - Rainier Club (Enumclaw, Wa.)",Yes,No,No,No
coin,Quarter,Half Dollar,,,½ Dollar - Montana Gold,Yes,No,No,No
coin,Quarter,Quarter Dollar,,,¼ Dollar - Montana Gold,Yes,No,No,No
coin,Dollar,One Dollar,,,Dollar - Oregon Gold,Yes,No,No,No
coin,Half Dollar,One Dollar,,,Dollar - Idaho Gold,Yes,No,No,No
coin,Half Dollar,Half Dollar,,,50 Cents - Idaho Gold,Yes,No,No,No
coin,Dollar,One Dollar,,,Dollar - Washington Gold,Yes,No,No,No
coin,Dollar,Half Dollar,,,50 Cents - Washington Gold,Yes,No,No,No
coin,Dollar,Five Cents,,,25 Cents - Washington Gold,Yes,No,No,No
coin,Dollar,Five Dollars,,,5 Dollars - Oregon Exchange Company,Yes,No,No,No
coin,Dollar,Five Cents,,,5 Cents - HB,Yes,No,No,No
coin,Dollar,One Dime,,,"10 Cents - Fraternal Order of Eagles (Seattle, Washington)",Yes,No,No,No
coin,Half Dollar,Five Cents,,,"5 Cents - AA Auto parts (Tillicum, Wa.)",Yes,No,No,No
coin,Half Dollar,Five Cents,,,"5 Cents - AA Auto parts (Westgate, Wa.)",Yes,No,No,No
coin,Dollar,One Dollar,,,Dollar - Dana Bickford of New York City,Yes,No,No,No
coin,Dollar,One Dollar,,,Dollar - Dana Bickford of New York City (US Grant),Yes,No,No,No
coin,Dollar,One Dollar,,,Dollar - Dana Bickford of New York City,Yes,No,No,No
coin,Dollar,One Dollar,,,Dollar - Dana Bickford of New York City,Yes,No,No,No
coin,Dollar,One Dollar,,,Dollar - Dana Bickford of New York City US Grant,Yes,No,No,No
coin,Quarter,One Dollar,,,Dollar - Joseph Lesher (Colorado; Mining Scene),Yes,No,No,No
coin,Dollar,One Dollar,,,Dollar - Joseph Lesher (Colorado; First Type),Yes,No,No,No
coin,Half Dollar,One Dollar,,,"Dollar - Joseph Lesher (Colorado; A.B. Bumstead, Type 1)",Yes,No,No,No
coin,Half Dollar,One Dollar,,,"Dollar - Joseph Lesher (Colorado - A.B. Bumstead, Type 2)",Yes,No,No,No
coin,Half Dollar,One Dollar,,,Dollar - Joseph Lesher (Colorado; Mining Scene; Bank Type),Yes,No,No,No
coin,Dollar,One Dollar,,,1 Dollar - Joseph Lesher (Colorado; Mining Scene; Imprint Type),Yes,No,No,No
coin,Dollar,One Dollar,,,Dollar - Joseph Lesher - Colorado - Mining Scene - J.M. Slusher,Yes,No,No,No
coin,Dollar,One Dollar,,,Dollar - Joseph Lesher (Colorado; Mining Scene; Sam Cohen),Yes,No,No,No
coin,Dollar,One Dollar,,,Dollar - Joseph Lesher (Colorado; Mining Scene; D. W. Klein and Co.),Yes,No,No,No
coin,Dollar,One Dollar,,,Dollar - Bombardment of Fort Sumter,Yes,No,No,No
coin,Dollar,One Dollar,,,Dollar - Heenan-Sayers Boxing Bout,Yes,No,No,No
coin,Quarter,One Dollar,,,Dollar - San Francisco Mint Coining Press,Yes,No,No,No
medal,U.S. Medals,Medal,,,Medal - US Centennial Exposition (Official Medal),Yes,No,No,No
coin,Dollar,One Dollar,,,"1 Dollar - Cummins State Farm (Cummins Unit, Arkansas)",Yes,No,No,No
medal,U.S. Medals,Medal,,,1 Dollar - US Centennial Exposition (Official Medal),Yes,No,No,No
medal,U.S. Medals,Medal,,,1 Dollar - US Centennial Exposition (Official Medal),Yes,No,No,No
coin,Dollar,One Dollar,,,Dollar - U.S. Centennial Exposition (Liberty Bell Independence Hall),Yes,No,No,No
coin,Dollar,One Dollar,,,Dollar - U.S. Centennial Exposition (Liberty Bell Independence Hall - Rounded 6),Yes,No,No,No
coin,Dollar,One Dollar,,,Dollar - U.S. Centennial Exposition (Liberty Bell Independence Hall),Yes,No,No,No
coin,Dollar,One Dollar,,,"Dollar - U.S. Centennial Exposition (Liberty Bell, Independence Hall)",Yes,No,No,No
coin,Dollar,One Dollar,,,Dollar - U.S. Centennial Exposition (Liberty Bell; Independence Hall; No Star),Yes,No,No,No
coin,Dollar,One Dollar,,,Dollar - U.S. Centennial Exposition (Liberty Bell; Independence Hall),Yes,No,No,No
coin,Dollar,One Dollar,,,Dollar - U.S. Centennial Exposition (Liberty Bell; Independence Hall; Thick),Yes,No,No,No
coin,Dollar,One Dollar,,,Dollar - U.S. Centennial Exposition (Independence Hall; George Washington),Yes,No,No,No
coin,Dollar,One Dollar,,,Dollar - U.S. Centennial Exposition (Liberty Seated),Yes,No,No,No
medal,U.S. Medals,Medal,,,Official Medal - Gold Discovery Centennial,Yes,No,No,No
coin,Dollar,One Dollar,,,Dollar - Eutopia,Yes,No,No,No
coin,Dollar,Five Cents,,,"5 Cents ""1869 Nickel"" (Pattern)",Yes,No,No,No
coin,Dollar,One Cent,,,"1 Cent ""1869"" (Pattern)",Yes,No,No,No
coin,Dollar,One Dollar,,,Dollar - Bryan (Tiffany and Co.),Yes,No,No,No
coin,Dollar,One Dollar,,,Dollar - Bryan (E. Jaccard and Co),Yes,No,No,No
coin,Half Dollar,One Dollar,,,Dollar - Bryan (Tiffany and Co.),Yes,No,No,No
coin,Dollar,One Dollar,,,Dollar - Treasuare Island (Piece of Eight),Yes,No,No,No
coin,Dollar,One Dollar,,,Dollar - U.S. Centennial Exposition (Art Gallery Building),Yes,No,No,No
coin,Dollar,One Dollar,,,Dollar - George Hampden Lovett (Battle of Moore's Creek Bridge),Yes,No,No,No
coin,Dollar,One Dollar,,,Dollar - George Hampden Lovett (Battle of Sullivan's Island),Yes,No,No,No
coin,Dollar,One Dollar,,,Dollar - George Hampden Lovett (Battle of Sullivan's Island),Yes,No,No,No
coin,Dollar,One Dollar,,,So-Called-Dollar - Abraham Lincoln (New York World's Fair; Curved date),Yes,No,No,No
coin,Dollar,One Dollar,,,So-Called-Dollar - Abraham Lincoln (New York World's Fair),Yes,No,No,No
coin,Dollar,One Dollar,,,"1 Dollar ""2000 Sacagawea Dollar"" (Pattern)",Yes,No,No,No
coin,Dollar,One Dollar,,,1 Dollar - Valdez Alaska (Native Virgin Gold and Copper),Yes,No,No,No
coin,Dollar,Five Dollars,,,5 Dollars (Messerschmitt BF.109),Yes,No,No,No
coin,Dollar,Five Dollars,,,5 Dollars (Yak-7B),Yes,No,No,No
coin,Dollar,One Dollar,,,Dollar - Taft Diaz (Spanish reverse),Yes,No,No,No
coin,Dollar,One Dollar,,,"Dollar - C. M. Whipple and Co. (Westfield, MA)",Yes,No,No,No
coin,Dollar,One Dollar,,,Dollar - Nashville Centennial Exposition,Yes,No,No,No
coin,Dollar,One Dollar,,,Dollar - U.S. Sesquicentennial Exposition in Philadelphia (Connecticut),Yes,No,No,No
coin,Dollar,One Dollar,,,So Called Dollar - U.S. Sesquicentennial Exposition in Philadelphia (Connecticut),Yes,No,No,No
coin,Dollar,One Dollar,,,"1 Ounce - Montana Silver Association (Helena, Montana)",Yes,No,No,No
coin,Dollar,One Dollar,,,So-Called-Dollar - Oregon Statehood Centennial (Independence Wagon Train),Yes,No,No,No
coin,Dollar,One Dollar,,,So-Called-Dollar - Oregon Statehood Centennial (Independence Wagon Train),Yes,No,No,No
coin,Quarter,One Dollar,,,¼ Ounce - Native American,Yes,No,No,No
coin,Dollar,One Dollar,,,So-Called-Dollar - Oregon Statehood Centennial (Capitol Salem),Yes,No,No,No
coin,Dollar,One Dollar,,,So-Called-Dollar - Oregon Statehood Centennial (Wagon train),Yes,No,No,No
coin,Dollar,One Dollar,,,So-Called-Dollar - Oregon Statehood Centennial (Uniface),Yes,No,No,No
coin,Dollar,One Dollar,,,So-Called-Dollar - Oregon Statehood Centennial (Pendleton Round-Up),Yes,No,No,No
coin,Dollar,One Dollar,,,So-Called-Dollar - Oregon Statehood Centennial (Pendleton Round-Up),Yes,No,No,No
coin,Dollar,One Dime,,,10 Cents - Fort Stevens Oregon Post Exchange,Yes,No,No,No
coin,Dollar,Five Cents,,,"25 Cents - Fort Grant (Arizona, Exchange)",Yes,No,No,No
coin,Half Dollar,Five Cents,,,5 Cents - Cuba Battery O (2nd Artillery Canteen),Yes,No,No,No
coin,Dollar,Five Dollars,,,"5 Dollars - M.H. Clouse (Fort Ripley, Minnesota)",Yes,No,No,No
coin,Dollar,Five Cents,,,"5 Cents - 1st U.S. Cavalry Post Exchange (Fort Meade, South Dakota)",Yes,No,No,No
coin,Dollar,Five Cents,,,5 Cents - Chas. S. Harkins,Yes,No,No,No
coin,Dollar,One Dime,,,10 Cents - Chas. S. Harkins,Yes,No,No,No
coin,Dollar,Five Cents,,,25 Cents - Chas. S. Harkins,Yes,No,No,No
coin,Dollar,Half Dollar,,,50 Cents - Chas. S. Harkins,Yes,No,No,No
coin,Dollar,One Dollar,,,1 Dollar - Chas. S. Harkins,Yes,No,No,No
coin,Dollar,Five Cents,,,5 Cents - Henry L. Mueller,Yes,No,No,No
coin,Dollar,One Dime,,,10 Cents - Henry L. Mueller,Yes,No,No,No
coin,Dollar,Five Cents,,,25 Cents - Henry L. Mueller,Yes,No,No,No
coin,Dollar,Half Dollar,,,50 Cents - Henry L. Mueller,Yes,No,No,No
coin,Dollar,One Dollar,,,1 Dollar - Henry L. Mueller,Yes,No,No,No
coin,Dollar,Five Cents,,,"5 Cents - Rocker's Roost (Clovis, New Mexico)",Yes,No,No,No
coin,Dollar,One Dollar,,,Dollar - Wells Fargo and Co. Semicentennial,Yes,No,No,No
coin,Dollar,Five Cents,,,5 Cents - Arthur Lamberti,Yes,No,No,No
coin,Dollar,One Dollar,,,So-Called-Dollar - Northwest Paper Co. 50th Anniversary,Yes,No,No,No
coin,Dollar,Five Cents,,,5 Cents - H.J. Olson,Yes,No,No,No
coin,Dollar,One Dime,,,10 Cents - H.J. Olson,Yes,No,No,No
coin,Dollar,Five Cents,,,25 Cents - H.J. Olson,Yes,No,No,No
coin,Dollar,Half Dollar,,,50 Cents - H.J. Olson,Yes,No,No,No
coin,Dollar,One Dollar,,,1 Dollar - H.J. Olson,Yes,No,No,No
coin,Dollar,One Dime,,,10 Cents - St. Paul Mercantile,Yes,No,No,No
coin,Dollar,Five Cents,,,25 Cents - St. Paul Mercantile,Yes,No,No,No
coin,Dollar,Half Dollar,,,50 Cents - St. Paul Mercantile,Yes,No,No,No
coin,Dollar,One Dollar,,,"1 Dollar - St. Paul Mercantile (St Paul, Illinois)",Yes,No,No,No
coin,Dollar,Five Cents,,,5 Cents - Asbury and Walters,Yes,No,No,No
coin,Dollar,One Dime,,,10 Cents - Asbury and Walters,Yes,No,No,No
coin,Dollar,Five Cents,,,25 Cents - Asbury and Walters,Yes,No,No,No
coin,Dollar,Half Dollar,,,50 Cents - Asbury and Walters,Yes,No,No,No
coin,Dollar,One Dollar,,,"So-Called-Dollar - Convair Astronautics Plant Dedication (San Diego, California)",Yes,No,No,No
coin,Dollar,One Dollar,,,1 Dollar - Asbury and Walters,Yes,No,No,No
coin,Dollar,One Dollar,,,"1 Dollar - A. C. Saeger (Ortonville, Minnesota)",Yes,No,No,No
coin,Dollar,One Dime,,,"10 Cents - Pugh Coal Company (Stone Cliff, West Virginia)",Yes,No,No,No
coin,Dollar,Five Cents,,,"5 Cents - Eckart Billiard Room (Humboldt, Kansas)",Yes,No,No,No
coin,Dollar,Half Cent,,,"2½ Cents - Wilson and Schneider (Geneva, Nebraska)",Yes,No,No,No
coin,Dollar,One Dollar,,,Dollar - Colorado Century of Progress (Type IV),Yes,No,No,No
coin,Dollar,Five Cents,,,"5 Cents - E.L. Keckley (Agra, Kansas)",Yes,No,No,No
coin,Dollar,Half Cent,,,12½ Cents - Hemenway and Moser,Yes,No,No,No
coin,Dollar,One Dollar,,,Dollar - Colorado Century of Progress (Type I),Yes,No,No,No
coin,Dollar,One Dime,,,10 Cents - B.P.O.E.,Yes,No,No,No
coin,Dollar,Five Cents,,,25 Cents - Central Park Fuel Company,Yes,No,No,No
coin,Dollar,One Dollar,,,Dollar - Colorado Century of Progress (Type II),Yes,No,No,No
coin,Dollar,One Dollar,,,Dollar - Colorado Century of Progress (Type III),Yes,No,No,No
coin,Dollar,One Dollar,,,"Dollar - Anaconda Mine - Type II (Butte, Montana)",Yes,No,No,No
coin,Dollar,Two and a Half Dollars,,,"2½ Dollars - Empire City Mine (Empire, Colorado)",Yes,No,No,No
coin,Dollar,Five Cents,,,5 Cents - Bobzin's Corner Store,Yes,No,No,No
coin,Dollar,Five Cents,,,5 Cents - Schacher Mercantile Co.,Yes,No,No,No
coin,Dollar,One Dime,,,"10 Cents - Schacher Mercantile Co. (Old Monroe, Missouri)",Yes,No,No,No
coin,Dollar,Five Cents,,,25 Cents - Schacher Mercantile Co.,Yes,No,No,No
coin,Dollar,Half Dollar,,,50 Cents - Schacher Mercantile Co.,Yes,No,No,No
coin,Dollar,One Dollar,,,1 Dollar - Schacher Mercantile Co.,Yes,No,No,No
coin,Dollar,One Dollar,,,Dollar - Panama Pacific International Exposition ($50 California Gold Slug),Yes,No,No,No
coin,Dollar,One Dollar,,,Dollar - Panama Pacific International Exposition ($50 California Gold Slug; Type II),Yes,No,No,No
coin,Dollar,One Dollar,,,"Havasu Dollar - London Bridge Rotary Club - Model T Ford (Lake Havasu City, Arizona)",Yes,No,No,No
coin,Dollar,One Dollar,,,Dollar - Panama Pacific International Exposition (California State),Yes,No,No,No
coin,Dollar,One Dollar,,,Dollar - Golden Gate Exposition (Charbneau - Pacifica),Yes,No,No,No
coin,Dollar,One Dollar,,,Dollar - Golden Gate Exposition (Charbneau - Pacifica),Yes,No,No,No
coin,Half Dollar,Half Dollar,,,½ Dollar - Between the Meeting of the Waters,Yes,No,No,No
coin,Dollar,One Dollar,,,1 Dollar - K. J. Taralseth and Co.,Yes,No,No,No
coin,Dollar,Half Dollar,,,50 Cents - Meyer Mercantile Co.,Yes,No,No,No
coin,Dollar,Five Cents,,,"5 Cents - Stein's Maple Lawn (Alexandria, Kentucky)",Yes,No,No,No
coin,Dollar,One Dollar,,,"1 Dollar - Statehood Year Souvenir (Lahaina, Hawaii)",Yes,No,No,No
coin,Dollar,Half Dollar,,,"50 Cents - 100th Anniversary Oregon (Redmond, Oregon)",Yes,No,No,No
coin,Dollar,Five Cents,,,"25 Cents - L. D. Kneeland (Peabody, Kansas)",Yes,No,No,No
coin,Dollar,Half Dollar,,,"50 Cents - Wm. J. Schwartz (Hanover, Kansas)",Yes,No,No,No
coin,Dollar,Five Cents,,,25 Cents - William Verdoorn,Yes,No,No,No
coin,Dollar,One Dollar,,,1 Dollar - Reiber Cash Store,Yes,No,No,No
coin,Dollar,Five Cents,,,"25 Cents - Brownie Mine (Brownie, Kentucky)",Yes,No,No,No
coin,Dollar,Half Dollar,,,"50 Cents - Brownie Mine (Brownie, Kentucky)",Yes,No,No,No
coin,Dollar,Five Cents,,,5 Cents - A. Bengston,Yes,No,No,No
coin,Dollar,One Dime,,,10 Cents - A. Bengston,Yes,No,No,No
coin,Dollar,Five Cents,,,25 Cents - A. Bengston,Yes,No,No,No
coin,Dollar,Half Dollar,,,50 Cents - A. Bengston,Yes,No,No,No
coin,Dollar,One Dollar,,,1 Dollar - A. Bengston,Yes,No,No,No
coin,Dollar,Half Dollar,,,50 Cents - Burton's Cash Store,Yes,No,No,No
coin,Dollar,Five Cents,,,25 Cents - F. E. Felker,Yes,No,No,No
coin,Dollar,One Dollar,,,1 Dollar - C. Blocker,Yes,No,No,No
coin,Dollar,Five Cents,,,5 Cents - J. F. Bleyenberg,Yes,No,No,No
coin,Dollar,One Dollar,,,1 Dollar - Albert Neese,Yes,No,No,No
coin,Dollar,Five Cents,,,5 Cents - R. L. Phillips,Yes,No,No,No
coin,Dollar,One Dime,,,10 Cents - R. L. Phillips,Yes,No,No,No
coin,Dollar,Five Cents,,,"25 Cents - R. L. Phillips (Belmont, Ohio)",Yes,No,No,No
coin,Dollar,One Dollar,,,"1 Dollar ""Gobrecht Dollar"" (Pattern)",Yes,No,No,No
coin,Dollar,One Cent,,,"1 Cent ""1850"" (Pattern)",Yes,No,No,No
coin,Dollar,Five Cents,,,"5 Cents ""1884 Nickel"" (Pattern; nickel)",Yes,No,No,No
coin,Dollar,One Cent,,,"1 Cent ""1851"" (Pattern)",Yes,No,No,No
coin,Dollar,One Dollar,,,"1 Dollar ""1852 Gold Dollar"" (Pattern; copper)",Yes,No,No,No
coin,Dollar,One Cent,,,"1 Cent ""1884"" (Pattern; nickel)",Yes,No,No,No
coin,Dollar,Five Cents,,,"5 Cents ""1896 Nickel"" (Pattern)",Yes,No,No,No
coin,Dollar,One Cent,,,"1 Cent ""1896"" (Pattern; bronze)",Yes,No,No,No
coin,Dollar,Five Cents,,,"5 Cents ""1867 Nickel"" (Pattern; nickel)",Yes,No,No,No
coin,Dollar,Five Cents,,,"5 Cents ""1866 Nickel"" (Pattern)",Yes,No,No,No
coin,Dollar,Five Cents,,,"5 Cents ""1866 Nickel"" (Pattern; nickel)",Yes,No,No,No
coin,Dollar,Five Cents,,,"5 Cents ""1866 Nickel"" (Pattern)",Yes,No,No,No
coin,Dollar,Five Cents,,,"5 Cents ""1866 Shield Nickel"" (Pattern)",Yes,No,No,No
coin,Dollar,Five Cents,,,"5 Cents ""1866 Shield Nickel With Rays"" (Pattern; nickel)",Yes,No,No,No
coin,Dollar,Five Cents,,,"5 Cents ""1866 Shield Nickel Without Rays"" (Pattern)",Yes,No,No,No
coin,Dollar,One Dime,,,"10 Cents ""Postage Currency"" (Pattern)",Yes,No,No,No
coin,Dollar,Five Cents,,,"5 Cents ""1866 Nickel Without Rays"" (Pattern; lead)",Yes,No,No,No
coin,Half Dollar,Half Dollar,,,"½ Dollar ""1859"" (Pattern; copper)",Yes,No,No,No
coin,Half Dollar,Half Dollar,,,"½ Dollar ""1859"" (Pattern; silver)",Yes,No,No,No
coin,Half Dollar,Five Dollars,,,"5 Dollars ""1860 Half Eagle"" (Pattern; gold)",Yes,No,No,No
coin,Dollar,Five Cents,,,25 Cents - The Durham Merc. and Hdwe. Co.,Yes,No,No,No
coin,Half Dollar,Five Dollars,,,"5 Dollars ""1868 Half Eagle"" (Pattern; copper)",Yes,No,No,No
coin,Dollar,Five Cents,,,"5 Cents ""1868 Nickel"" (Pattern)",Yes,No,No,No
coin,Dollar,Five Cents,,,"5 Cents - R.T. Holloway (Kansas City, Kansas)",Yes,No,No,No
coin,Dollar,Ten Dollars,,,"10 Dollars ""1872 Eagle"" (Pattern; gold)",Yes,No,No,No
coin,Dollar,Five Cents,,,"5 Cents - Wanda Mining Co., Inc. (Ethel, West Virginia)",Yes,No,No,No
coin,Dollar,Five Cents,,,"5 Cents - Shea and Shea (Blencoe, Iowa)",Yes,No,No,No
coin,Dollar,Twenty Dollars,,,"20 Dollars ""1872 Double Eagle"" (Pattern; copper)",Yes,No,No,No
coin,Half Dollar,Fifty Dollars,,,"50 Dollars ""Half Union"" (Pattern; gold)",Yes,No,No,No
coin,Half Dollar,Fifty Dollars,,,"50 Dollars ""Half Union"" (Pattern; gold)",Yes,No,No,No
coin,Dollar,One Dollar,,,"1 Dollar ""1880 Metric Dollar"" (Pattern)",Yes,No,No,No
coin,Dollar,Five Cents,,,"5 Cents ""1882 Liberty Nickel"" (Pattern)",Yes,No,No,No
coin,Dollar,Five Cents,,,"5 Cents ""1882 Liberty Nickel"" (Pattern)",Yes,No,No,No
coin,Dollar,Five Cents,,,"5 Cents ""1883 Liberty Nickel"" (Pattern)",Yes,No,No,No
coin,Dollar,Five Cents,,,"5 Cents ""1882 Liberty Nickel without cents"" (Pattern)",Yes,No,No,No
coin,Dollar,One Cent,,,"1 Cent ""1942"" (Pattern)",Yes,No,No,No
coin,Dollar,Five Cents,,,"5 Cents ""1866 Nickel"" (Pattern)",Yes,No,No,No
coin,Half Dollar,Half Dollar,,,"½ Dollar ""1964 Kennedy"" (Pattern)",Yes,No,No,No
coin,Dollar,Twenty Cents,,,"20 Cents ""1864"" (Pattern; silver)",Yes,No,No,No
coin,Dollar,Twenty Cents,,,"20 Cents ""1875⅕ Dollar"" (Pattern; silver)",Yes,No,No,No
coin,Dollar,Twenty Cents,,,"20 Cents ""1875"" (Pattern; silver)",Yes,No,No,No
coin,Dollar,Twenty Cents,,,"20 Cents ""1875"" (Pattern; silver)",Yes,No,No,No
coin,Dollar,One Dime,,,10 Cents - Rugby Bar,Yes,No,No,No
coin,Dollar,Five Cents,,,5 Cents - John A. Levin,Yes,No,No,No
coin,Dollar,Five Cents,,,"5 Cents - S. H. Jackson (Unionville, Missouri)",Yes,No,No,No
coin,Dollar,One Dollar,,,"1 Dollar - E. L. Keckley (Agra, Kansas)",Yes,No,No,No
coin,Dollar,Five Cents,,,"5 Cents - Fred Kolkloesch (Tecumseh, Michigan)",Yes,No,No,No
coin,Dollar,One Dime,,,"10 Cents - T.A. and F.W. Holland (Fort Ritner, Indiana)",Yes,No,No,No
coin,Dollar,Five Cents,,,5 Cents - F.M. King,Yes,No,No,No
coin,Dollar,One Dime,,,10 Cents - F.M. King,Yes,No,No,No
coin,Dollar,Five Cents,,,25 Cents - F.M. King,Yes,No,No,No
coin,Dollar,Half Dollar,,,50 Cents - F.M. King,Yes,No,No,No
coin,Dollar,One Dollar,,,1 Dollar - F.M. King,Yes,No,No,No
coin,Dollar,Half Cent,,,12½ Cents - Oxford Pool Hall,Yes,No,No,No
coin,Dollar,One Dollar,,,1 Dollar - Strathman's Racket Store,Yes,No,No,No
coin,Dollar,One Dime,,,10 Cents - Peter Bahde,Yes,No,No,No
coin,Dollar,Five Cents,,,25 Cents - Peter Bahde,Yes,No,No,No
coin,Dollar,Half Dollar,,,50 Cents - Peter Bahde,Yes,No,No,No
coin,Dollar,Five Cents,,,5 Cents - The Mercantile Co.,Yes,No,No,No
coin,Dollar,One Dime,,,10 Cents - The Mercantile Co.,Yes,No,No,No
coin,Dollar,Five Cents,,,25 Cents - The Mercantile Co.,Yes,No,No,No
coin,Dollar,Half Dollar,,,50 Cents - The Mercantile Co.,Yes,No,No,No
coin,Dollar,One Dollar,,,1 Dollar - The Mercantile Co.,Yes,No,No,No
coin,Dollar,One Dollar,,,1 Dollar - Joe Grocery Co.,Yes,No,No,No
coin,Dollar,Half Dollar,,,"50 Cents - H.H. Schacht (Cook, Nebraska)",Yes,No,No,No
coin,Dollar,One Cent,,,"1 Cent - Washington Emergency Relief Administration (Seattle, Washington)",Yes,No,No,No
coin,Dollar,One Dollar,,,1 Dollar - C.C. Aby,Yes,No,No,No
coin,Dollar,Five Cents,,,25 Cents - Mack's Cigar Store,Yes,No,No,No
coin,Dollar,Five Cents,,,"25 Cents - John J. Luthi (Milford, Kansas)",Yes,No,No,No
coin,Dollar,One Dime,,,"10 Cents - G.S. Wood (Springville, Utah)",Yes,No,No,No
coin,Dollar,One Dollar,,,1 Dollar - Engelmann Bros.and Co.,Yes,No,No,No
coin,Dollar,Half Dollar,,,"50 Cents - H.W. Holtgrewe (Daykin, Nebraska)",Yes,No,No,No
coin,Dollar,Half Dollar,,,50 Cents - Francis and Riegel,Yes,No,No,No
coin,Dollar,One Dollar,,,1 Dollar - G.L. Levitt and Co.,Yes,No,No,No
coin,Dollar,Five Cents,,,5 Cents - Vienna Bakery,Yes,No,No,No
coin,Dollar,Five Cents,,,"5 Cents - E.C. Selgelid (Renwick, Iowa)",Yes,No,No,No
coin,Dollar,One Dollar,,,"1 Dollar - A. Bengston (Falun, KS)",Yes,No,No,No
coin,Dollar,Half Cent,,,2½ Cents - E.E. and M.A. Pearce,Yes,No,No,No
coin,Dollar,One Dime,,,"10 Cents - R.W. Atcher (Boston, Kentucky)",Yes,No,No,No
coin,Dollar,Five Cents,,,5 Cents - J.B. Marlnee,Yes,No,No,No
coin,Dollar,One Dime,,,10 Cents - J.B. Marlnee,Yes,No,No,No
coin,Dollar,One Cent,,,1 Cent - J.B. Marlnee,Yes,No,No,No
coin,Dollar,Five Cents,,,25 Cents - J.B. Marlnee,Yes,No,No,No
coin,Dollar,Half Dollar,,,50 Cents - J.B. Marlnee,Yes,No,No,No
coin,Dollar,One Dollar,,,1 Dollar - J.B. Marlnee,Yes,No,No,No
coin,Half Dollar,Half Dollar,,,½ Dollar (Counterstamped),Yes,No,No,No
coin,Dollar,One Dollar,,,1 Dollar (Counterstamped),Yes,No,No,No
coin,Dollar,One Dollar,,,⅛ Dollar (Counterstamped),Yes,No,No,No
coin,Quarter,Quarter Dollar,,,¼ Dollar (Counterstamped),Yes,No,No,No
coin,Dollar,One Dime,,,10 Cents - Jim Queen,Yes,No,No,No
coin,Dollar,One Dollar,,,1 Dollar - New Orleans Lounge,Yes,No,No,No
coin,Dollar,Five Cents,,,5 Cents - Mansbarger-Toothman,Yes,No,No,No
coin,Dollar,One Dime,,,"10 Cents - Mansbarger-Toothman (Saint Joseph, Missouri)",Yes,No,No,No
coin,Dollar,One Dime,,,10 Cents - P.F. Haynes,Yes,No,No,No
medal,U.S. Medals,Medal,,,Medal - California Midwinter Exposition (Official Medal),Yes,No,No,No
coin,Dollar,Five Cents,,,"5 Cents - L.O.O.M. (St. Joseph, Missouri)",Yes,No,No,No
coin,Dollar,Five Cents,,,"5 Cents - Rapp's Tavern (Buffalo, NY)",Yes,No,No,No
coin,Dollar,One Dime,,,"10 Cents - Rapp's Tavern (Buffalo, NY)",Yes,No,No,No
coin,Dollar,One Dollar,,,500 Units - Nova Constellatio “Type II” (Pattern),Yes,No,No,No
coin,Dollar,One Dollar,,,1 Dollar - August Bechtler,Yes,No,No,No
coin,Dollar,Five Dollars,,,5 Dollars - C. Bechtler (150 G),Yes,No,No,No
coin,Dollar,Five Cents,,,"5 Cents - C.H.S. Cafeterias (Cantnsville, MD)",Yes,No,No,No
coin,Dollar,Five Cents,,,"5 Cents - Broadway Bar (Milwaukee, WI)",Yes,No,No,No
coin,Dollar,Five Cents,,,5 Cents - Burkhart Bros.,Yes,No,No,No
coin,Dollar,Five Cents,,,"5 Cents - Byron F. Gorton (Alexandria, Nebraska)",Yes,No,No,No
coin,Dollar,Half Dollar,,,50 Cents - Hassen Aleck Co.,Yes,No,No,No
coin,Dollar,Five Cents,,,"25 Cents - Al's Tavern (Detroit, MI)",Yes,No,No,No
coin,Dollar,Five Cents,,,"5 Cents - Adolph Moeller Beer Parlor (Dysart, IA)",Yes,No,No,No
coin,Dollar,Five Cents,,,5 Cents - The Stever,Yes,No,No,No
coin,Dollar,$6,,,"$6,250 000.00 Reader's Digest Lucky Sweepstakes Coin",Yes,No,No,No
coin,Dollar,One Dollar,,,1 Dollar - Rothschild- Fishman Inc.,Yes,No,No,No
coin,Dollar,Half Dollar,,,50 Cents - Phoney Money,Yes,No,No,No
coin,Dollar,Two and a Half Dollars,,,2½ Dollars - Union May-Stern,Yes,No,No,No
coin,Dollar,Half Cent,,,"2½ Cents - Dr. West's Products (Chicago, Illinois)",Yes,No,No,No
coin,Half Dollar,Half Dollar,,,"½ Dollar ""1877"" (Pattern; silver)",Yes,No,No,No
coin,Quarter,One Cent,,,"1 Cent ""1853"" (Pattern; copper-nickel)",Yes,No,No,No
coin,Dollar,Five Cents,,,25 Cents - President Casino (Biloxi),Yes,No,No,No
coin,Dollar,Five Cents,,,"25 Cents - A and B Company (Greenville, Florida)",Yes,No,No,No
coin,Dollar,Five Cents,,,"5 Cents - A and B Company (Greenville, Florida)",Yes,No,No,No
coin,Dollar,Half Dollar,,,"50 Cents - A and B Company (Greenville, Florida)",Yes,No,No,No
coin,Dollar,One Dollar,,,"1 Dollar - A and B Company (Greenville, Florida)",Yes,No,No,No
coin,Dollar,One Cent,,,"1 Cent - GS General Dept. Stores (Beckley, West Virginia)",Yes,No,No,No
coin,Dollar,$6,,,$6 000 000.00 Reader's Digest Sweepstakes,Yes,No,No,No
coin,Dollar,Half Dollar,,,50 Cents - Oregon Centennial,Yes,No,No,No
coin,Dollar,One Dollar,,,"1 Dollar - Fitzgerald's Casino (Reno, NV.)",Yes,No,No,No
coin,Dollar,Five Cents,,,"5 Cents - Amusement Hall (Poole, Nebr)",Yes,No,No,No
coin,Dollar,One Dime,,,10 Cents - Jim Queen,Yes,No,No,No
coin,Dollar,One Cent,,,"1 Cent - The S and T E S Co. (Dehue, West Virginia)",Yes,No,No,No
coin,Dollar,Five Cents,,,5 Cents - Jim Queen,Yes,No,No,No
coin,Dollar,Five Dollars,,,5 Dollars - 405 Illinois Ave,Yes,No,No,No
coin,Dollar,One Cent,,,1 Cent - Electric Penny,Yes,No,No,No
coin,Dollar,Half Dollar,,,50 Cents - San Buenaventura Centennial,Yes,No,No,No
coin,Dollar,Five Cents,,,25 Cents - Williges,Yes,No,No,No
coin,Dollar,One Dime,,,"Irradiated Roosevelt Dime - American Museum of Atomic Energy (Oak Ridge, Tennessee)",Yes,No,No,No
coin,Dollar,One Dollar,,,"Buck - Fairplay, Colorado (Home of South Park City)",Yes,No,No,No
coin,Dollar,One Dollar,,,"1 Dollar - Marco's Cafe (Chicago, IL)",Yes,No,No,No
coin,Dollar,Five Cents,,,"5 Cents - Becker and Long (Havana, Ill)",Yes,No,No,No
coin,Dollar,One Dollar,,,2.49 Dollars - Reader's Digest Condensed Book Club,Yes,No,No,No
coin,Dollar,Five Cents,,,"5 Cents - Ameristar Casino (Kansas City, Missouri)",Yes,No,No,No
coin,Dollar,One Dollar,,,"1 Dollar - Maxim Casino (Las Vegas, NV.)",Yes,No,No,No
coin,Dollar,One Dollar,,,Birthday Dollar - Los Angeles Bicentennial (Year-round Sports Paradise),Yes,No,No,No
coin,Dollar,One Dollar,,,"1 Dollar - Riviera Casino (Las Vegas, Nevada)",Yes,No,No,No
coin,Dollar,One Dollar,,,"1 Dollar - Rio Casino (Las Vegas, Nevada)",Yes,No,No,No
coin,Dollar,One Cent,,,"1 Cent - J.W. Bracknell and Son (Plum Branch, South Carolina)",Yes,No,No,No
coin,Dollar,Five Cents,,,"25 Cent - Isle of Capri Casino (Bossier City, Louisiana)",Yes,No,No,No
coin,Dollar,One Cent,,,"1 Cent - Pen-Mar Supply Co. (Macdonaldton, Pennsylvania)",Yes,No,No,No
coin,Dollar,Five Cents,,,"5 Cents - C. Bertagnolli (Daphne, Alabama)",Yes,No,No,No
coin,Dollar,Five Cents,,,"5 Cents - The S and T E S Co. (Dehue, West Virginia)",Yes,No,No,No
coin,Dollar,One Dollar,,,1 Dollar - Paris Casino (Hot air balloon),Yes,No,No,No
coin,Dollar,One Dollar,,,1 Dollar - Paris Casino (Arc de Triomphe),Yes,No,No,No
coin,Dollar,One Dollar,,,"1 Dollar - Paris Casino & Bally's (Las Vegas, Nevada)",Yes,No,No,No
coin,Dollar,One Dollar,,,1 Dollar - Stardust Resort and Casino (Las Vegas),Yes,No,No,No
coin,Dollar,One Dollar,,,"1 Dollar - Horseshoe Hotel and Casino (Las Vegas, Nevada)",Yes,No,No,No
coin,Dollar,One Dollar,,,"1 Dollar - MGM Grand - Dina (Las Vegas, Nevada)",Yes,No,No,No
coin,Dollar,One Dollar,,,"1 Dollar - Excalibur Casino (Lady of the lake; Las Vegas, Nevada)",Yes,No,No,No
coin,Dollar,One Dollar,,,1 Dollar - Standard Supply Co.,Yes,No,No,No
coin,Dollar,One Dollar,,,1 Dollar - Python's,Yes,No,No,No
coin,Dollar,One Cent,,,"1 Cent - Thornberg's Super valu (Presho, South Dakota)",Yes,No,No,No
coin,Dollar,One Dollar,,,1 Dollar - The Leader,Yes,No,No,No
coin,Dollar,Half Dollar,,,50 Cents - The Leader,Yes,No,No,No
coin,Dollar,Five Cents,,,25 Cents - The Leader,Yes,No,No,No
coin,Dollar,One Dime,,,10 Cents - The Leader,Yes,No,No,No
coin,Dollar,Five Cents,,,"5 Cents - The Leader (Yates Center, Kansas)",Yes,No,No,No
coin,Dollar,Five Cents,,,"25 Cents - Sofspra 777 South Main (Myrtle Creek, Oregon)",Yes,No,No,No
coin,Dollar,Five Cents,,,5 Cents - Aden Bros. Gen Mdse,Yes,No,No,No
coin,Dollar,One Dime,,,10 Cents - Aden Bros. Genl. Mdse.,Yes,No,No,No
coin,Dollar,Five Cents,,,25 Cents - Aden Bros. Gen. Mdse.,Yes,No,No,No
coin,Dollar,Half Dollar,,,"50 Cents - Aden Bros. General Merchandise (Gothenburg, Nebraska)",Yes,No,No,No
coin,Dollar,One Dollar,,,"1 Dollar - Aden Bros. Gen. Mdse. (Gothenburg, Nebraska)",Yes,No,No,No
coin,Dollar,One Dime,,,10 Cents - D. T. Owens,Yes,No,No,No
coin,Dollar,Five Cents,,,25 Cents - D. T. Owens,Yes,No,No,No
coin,Dollar,Half Dollar,,,50 Cents - D. T. Owens,Yes,No,No,No
coin,Dollar,One Dollar,,,1 Dollar - D. T. Owens,Yes,No,No,No
coin,Dollar,One Dime,,,"10 Cents - Copa Casino (Gulfport, Mississippi)",Yes,No,No,No
coin,Dollar,One Dollar,,,1 Play Cent - Uncle Sam,Yes,No,No,No
coin,Dollar,Five Cents,,,Play Nickel - Uncle Sam,Yes,No,No,No
coin,Dollar,Five Cents,,,Play Nickel - Uncle Sam,Yes,No,No,No
coin,Dollar,One Dollar,,,"1 Dollar - MGM Grand Casino (Las Vegas, Nevada)",Yes,No,No,No
coin,Dollar,One Dollar,,,1 Dollar - Dri-Power,Yes,No,No,No
coin,Dollar,Five Cents,,,5 Cents - Dick and Jack (The Rex),Yes,No,No,No
coin,Dollar,Five Cents,,,5 Cents - Galvin Cigar Co.,Yes,No,No,No
coin,Dollar,Five Cents,,,"5 Cents - Huff's (Nevada, Missouri)",Yes,No,No,No
coin,Dollar,One Dime,,,10 Cents - Martin Pasek,Yes,No,No,No
coin,Dollar,One Cent,,,1 Penny - Jerusalem Amity Chapter No. 8,Yes,No,No,No
coin,Dollar,One Dime,,,10 Cents - Rainelle Supply Co.,Yes,No,No,No
coin,Dollar,One Dollar,,,"2 Bucks - Gateway to Adventure (Ketchikan, Alaska)",Yes,No,No,No
coin,Dollar,Five Cents,,,"5 Cents - J. W. Johnson (Colton, South Dakota)",Yes,No,No,No
coin,Dollar,Half Dollar,,,"50 Cents - 250th Anniversary Mobile, Alabama (Jean Baptiste Lemoyne)",Yes,No,No,No
coin,Dollar,Half Dollar,,,"50 Cents - 125th Anniversary Celebration (Lorain, Ohio)",Yes,No,No,No
coin,Dollar,One Cent,,,"1 Cent - Jahr’s Food Stamp (Milwaukee, Wisconsin)",Yes,No,No,No
coin,Dollar,Five Cents,,,"5 Cents - Jahr’s Food Stamp (Milwaukee, Wisconsin)",Yes,No,No,No
coin,Dollar,One Dime,,,"10 Cents - Wolverine Billiards (Saginaw, Michigan)",Yes,No,No,No
coin,Dollar,Five Cents,,,"5 Cents - J.N. Jessen (Calumet, IA)",Yes,No,No,No
coin,Dollar,One Dime,,,"10 Cents - Leckie Smokeless Coal Co. (Anjean, West Virginia)",Yes,No,No,No
coin,Dollar,One Cent,,,"1 Cent - Superior Coal Co. (Superior, West Virginia)",Yes,No,No,No
coin,Dollar,One Cent,,,"1 Cent - Leckie Smokeless Coal (Anjean, West Virginia)",Yes,No,No,No
coin,Dollar,One Cent,,,"4 Cents - Foster & Grayson (Emerson, Arkansas)",Yes,No,No,No
coin,Dollar,One Cent,,,"1 Cent - Republic Steel Corporation (Sayreton, Alabama)",Yes,No,No,No
coin,Dollar,Five Cents,,,"5 Cents - C.S.D. (617 Main St.; Woodland, California)",Yes,No,No,No
coin,Dollar,One Dollar,,,"1 Dollar - The Schaeffler Mercantile Co. (Hillsboro, Kansas)",Yes,No,No,No
coin,Dollar,Five Dollars,,,"5 Dollars - C. Blocker (St. Benedict, Kansas)",Yes,No,No,No
coin,Dollar,Five Cents,,,"5 Cents - Slayton Mercantile Company (Lavina, Montana)",Yes,No,No,No
coin,Dollar,Five Cents,,,"25 Cents - Soda Saloon (Nevada City, California)",Yes,No,No,No
coin,Dollar,Five Cents,,,5 Cents - Verutti and Rozas (San Juan),Yes,No,No,No
coin,Dollar,Five Cents,,,"5 Cents - Yocum Creek Coal Co. (Evarts, Kentucky)",Yes,No,No,No
coin,Dollar,Five Cents,,,25 Cents - Kelly Farmers Union Store,Yes,No,No,No
coin,Dollar,Half Dollar,,,50 Cents - The Kelly Farmers Union,Yes,No,No,No
coin,Dollar,Five Cents,,,5 Cents - Roosevelt Dem. Club,Yes,No,No,No
coin,Dollar,One Dime,,,10 Cents - Madera Sugar Pine Co.,Yes,No,No,No
coin,Dollar,Five Cents,,,5 Cents - W. H. Korns,Yes,No,No,No
coin,Dollar,Five Cents,,,5 Cents - Foalk and Ellens,Yes,No,No,No
coin,Dollar,One Cent,,,"1 Cent - The New River Company (Summerlee, West Virginia)",Yes,No,No,No
coin,Dollar,Five Cents,,,"5 Cents - Maple Store Company (Maple Run, Pennsylvania)",Yes,No,No,No
coin,Dollar,One Dollar,,,1 Dollar - R. W. De Coo,Yes,No,No,No
coin,Dollar,Five Cents,,,"5 Cents - Fay's Bar (Charlotte, Michigan)",Yes,No,No,No
coin,Dollar,Five Cents,,,5 Cents - Otto A. Heling,Yes,No,No,No
coin,Dollar,One Cent,,,"1 Cent - New River Company (Cranberry, West Virginia)",Yes,No,No,No
coin,Dollar,One Cent,,,"1 Cent - Winding Gulf Coals, Inc. (Winding Gulf, West Virginia)",Yes,No,No,No
coin,Dollar,Five Cents,,,5 Cents - C. L. McCarty,Yes,No,No,No
coin,Dollar,Five Cents,,,5 Cents - Geo. Kuehl Billiard Supplies (N. White; Chicago),Yes,No,No,No
coin,Dollar,Half Dollar,,,50 Cents - Penn North F. D.,Yes,No,No,No
coin,Dollar,Five Cents,,,"5 Cents - Winding Gulf Coals, Inc. (Winding Gulf, West Virginia)",Yes,No,No,No
coin,Dollar,One Dollar,,,"1 Dollar - W. J. Schwartz (Hanover, Kansas)",Yes,No,No,No
coin,Dollar,Half Dollar,,,50 Cents - C.C. Aby,Yes,No,No,No
coin,Dollar,One Dime,,,"10 Cents - S. H. Jackson (Unionville, Missouri)",Yes,No,No,No
coin,Dollar,Half Dollar,,,50 Cents - E. L. Frey,Yes,No,No,No
coin,Dollar,Half Dollar,,,"50 Cents - W. J. Schwartz (Hanover, Kansas)",Yes,No,No,No
coin,Dollar,Five Cents,,,5 Cents - A R Anderson,Yes,No,No,No
coin,Dollar,One Dime,,,"10 Cents - A R Anderson (Falun, Kansas)",Yes,No,No,No
coin,Dollar,Five Cents,,,25 Cents - A R Anderson,Yes,No,No,No
coin,Dollar,Half Dollar,,,"50 Cents - A R Anderson (Falun, Kansas)",Yes,No,No,No
coin,Dollar,One Dollar,,,1 Dollar - A R Anderson,Yes,No,No,No
coin,Dollar,Half Dollar,,,"50 Cents - S. H. Jackson (Unionville, Missouri)",Yes,No,No,No
coin,Dollar,Five Cents,,,5 Cents - Heber Mercantile Company,Yes,No,No,No
coin,Dollar,One Dollar,,,"1 Shot of Red Eye - Palace Hotel Bar (Cripple Creek, Colorado)",Yes,No,No,No
coin,Dollar,Half Dollar,,,50 Cents - The Desert Inn,Yes,No,No,No
coin,Dollar,One Dime,,,"10 Cents - Kimballton Tavern (Kimballton, Iowa)",Yes,No,No,No
coin,Half Dollar,Half Dollar,,,½ Dollar - Dunes Hotel and Country Club,Yes,No,No,No
coin,Dollar,Five Cents,,,25 Cents - For Replay Only,Yes,No,No,No
coin,Dollar,Five Dollars,,,5 Dollars - Mormon Gold,Yes,No,No,No
coin,Dollar,Five Cents,,,5 Cents (35054),Yes,No,No,No
coin,Dollar,Five Cents,,,"5 Cents - Sunset Tavern (Oceanlake, Oregon)",Yes,No,No,No
coin,Dollar,Half Dollar,,,50 Cents - Musick Mercantile Co.,Yes,No,No,No
coin,Dollar,One Dollar,,,1 Dollar - Hjerpe Brothers,Yes,No,No,No
coin,Dollar,One Dollar,,,"1 Dollar - G. C. Rouse Groceries (Meadow Grove, Nebraska)",Yes,No,No,No
coin,Dollar,Five Cents,,,25 Cents - Princess Casinos,Yes,No,No,No
coin,Dollar,Five Cents,,,25 Cents - Discovery Cruises,Yes,No,No,No
coin,Dollar,Ten Dollars,,,10 Dollars (Mormon Gold),Yes,No,No,No
coin,Dollar,Ten Dollars,,,"10 Dollars ""1874 Eagle"" (Pattern; gold)",Yes,No,No,No
coin,Dollar,One Dollar,,,1 Ounce- Silver Trade Unit (Morgan Dollar),Yes,No,No,No
coin,Dollar,Five Cents,,,25 Cents - Casino Entertainment,Yes,No,No,No
coin,Dollar,Half Dollar,,,"50 Cents -Wakefield Centennial (Wakefield, Nebraska)",Yes,No,No,No
coin,Dollar,One Dime,,,"10 Cents - Bill's Cafe (Nemaha, Nebraska)",Yes,No,No,No
coin,Dollar,Five Cents,,,"5 Cents - Harvard Recreation (Harvard, Nebraska)",Yes,No,No,No
coin,Dollar,One Dollar,,,10 - Fun Munny,Yes,No,No,No
coin,Dollar,Five Cents,,,5 Cents - NCO Open MESS 177th ASA Co,Yes,No,No,No
coin,Dollar,Five Cents,,,5 Cents - Apex Amusement Co.,Yes,No,No,No
coin,Dollar,Five Cents,,,5 Cents - H. Shaefer,Yes,No,No,No
coin,Dollar,Five Cents,,,5 Cents - G. S. Patterson,Yes,No,No,No
coin,Dollar,Five Cents,,,5 Cents - Elmo Martin,Yes,No,No,No
coin,Quarter,Quarter Dollar,,,"¼ Dollar ""Washington Quarter"" (Pictured Rocks National Lakeshore, Michigan)",Yes,No,No,No
coin,Quarter,Quarter Dollar,,,"¼ Dollar ""Washington Quarter"" (Apostle Islands National Lakeshore, Wisconsin)",Yes,No,No,No
coin,Quarter,Quarter Dollar,,,"¼ Dollar ""Washington Quarter"" (Voyageurs National Park, Minnesota)",Yes,No,No,No
coin,Quarter,Quarter Dollar,,,"¼ Dollar ""Washington Quarter"" (Cumberland Island National Seashore, Georgia)",Yes,No,No,No
coin,Quarter,Quarter Dollar,,,"¼ Dollar ""Washington Quarter"" (Block Island National Wildlife Refuge, Rhode Island)",Yes,No,No,No
coin,Dollar,One Dollar,,,1 Dollar (World War I Centennial),Yes,No,No,No
coin,Dollar,Five Cents,,,"25 Cents - Recreation Parlor (Peru, Nebraska)",Yes,No,No,No
coin,Dollar,Five Cents,,,"5 Cents - The Smokehouse (Scottsbluff, Nebraska)",Yes,No,No,No
coin,Dollar,One Dime,,,"10 Cents - Schwentker's Grocery (Wymore, Nebraska)",Yes,No,No,No
coin,Dollar,Five Cents,,,"5 Cent - MGM Grand Detroit (Detroit, Michigan)",Yes,No,No,No
coin,Dollar,One Cent,,,"1 Cent ""1974 Lincoln Memorial"" (Pattern)",Yes,No,No,No
coin,Dollar,Half Dollar,,,"50 Cents - The First Savings and Banking Company Dayton (Dayton, Ohio)",Yes,No,No,No
coin,Dollar,One Dime,,,"10 Cents - Otto Bleythl (Snyder, Nebraska)",Yes,No,No,No
coin,Dollar,Five Cents,,,"5 Cents - F.W. MILLS MFG. CO. (Chicago, IL)",Yes,No,No,No
coin,Dollar,Half Dollar,,,50 Cents - Lincoln (Nebraska Centennial),Yes,No,No,No
coin,Dollar,One Dollar,,,"1 Dollar - Tommy's Cocktail Lounge (Chicago, Illinois)",Yes,No,No,No
coin,Dollar,One Dollar,,,"1 Dollar ""Native American Dollar"" (Jim Thorpe)",Yes,No,No,No
coin,Quarter,Quarter Dollar,,,"¼ Dollar ""Washington Quarter"" (Apostle Islands National Lakeshore, Wisconsin) - Silver Proof",Yes,No,No,No
coin,Quarter,Quarter Dollar,,,"¼ Dollar ""Washington Quarter"" (Block Island National Wildlife Refuge, Rhode Island; Silver Proof)",Yes,No,No,No
coin,Quarter,Quarter Dollar,,,"¼ Dollar ""Washington Quarter"" (Cumberland Island National Seashore, Georgia) - Silver Proof",Yes,No,No,No
coin,Quarter,Quarter Dollar,,,"¼ Dollar ""Washington Quarter"" (Pictured Rocks National Lakeshore, Michigan) - Silver Proof",Yes,No,No,No
coin,Quarter,Quarter Dollar,,,"¼ Dollar ""Washington Quarter"" (Voyageurs National Park, Minnesota) - Silver Proof",Yes,No,No,No
coin,Dollar,Five Dollars,,,5 Dollars (Breast Cancer Awareness),Yes,No,No,No
coin,Dollar,One Dollar,,,1 Dollar (Breast Cancer Awareness),Yes,No,No,No
coin,Half Dollar,Half Dollar,,,½ Dollar (Breast Cancer Awareness),Yes,No,No,No
coin,Dollar,Five Cents,,,"25 Cents - Reseda Car Wash (Reseda, California)",Yes,No,No,No
coin,Dollar,One Dollar,,,"1 Kona Dollar (Kona, Hawaii)",Yes,No,No,No
coin,Dollar,One Dollar,,,"1 Maui Dollar (Lahaina, Hawaii)",Yes,No,No,No
coin,Dollar,Five Cents,,,"25 Cents - Polish American Foundation (Chicago, Illinois)",Yes,No,No,No
coin,Dollar,One Hundred Dollars,,,"100 Dollars ""American Platinum Eagle"" (Bullion Coinage)",Yes,No,No,No
coin,Dollar,One Dollar,,,"Silver Dollar Saloon - Erickson Saloons (Seattle, Washington)",Yes,No,No,No
coin,Dollar,One Dollar,,,1 Dollar Banknote (George Washington),Yes,No,No,No
coin,Dollar,Five Cents,,,1 Ounce - World Wide Mint (Liberty Nickel),Yes,No,No,No
coin,Dollar,One Dollar,,,5 Ounces - South East Refining (Morgan Dollar),Yes,No,No,No
coin,Quarter,Quarter Dollar,,,"¼ Dollar ""Washington Quarter"" (Gettysburg National Military Park, Pennsylvania - Silver 5 oz Bullion)",Yes,No,No,No
coin,Half Dollar,Half Cent,,,"12½ Cents - Prices Shooting Gallery (Hillyard, Washington)",Yes,No,No,No
coin,Dollar,Five Cents,,,5 Cents (4249),Yes,No,No,No
coin,Dollar,Five Cents,,,5 Cents (23312),Yes,No,No,No
coin,Dollar,One Cent,,,"1 Cent - Cahill High School (Philadelphia, Pennsylvania)",Yes,No,No,No
coin,Dollar,One Dollar,,,"1 Dollar - The New River Company (Stanaford, West Virginia)",Yes,No,No,No
coin,Half Dollar,One Dollar,,,⅒ Ounce - Money Metals Exchange (Walking Liberty),Yes,No,No,No
coin,Dollar,One Dollar,,,"1 Pow Wow Dollar - Hi Jolly (Quartzsite, Arizona)",Yes,No,No,No
coin,Dollar,Five Cents,,,5 Cents (4125),Yes,No,No,No
coin,Half Dollar,Half Dollar,,,½ Dollar - Ivanhoe Restaurant Chicago,Yes,No,No,No
coin,Dollar,One Dime,,,10 Cents (Play Coin),Yes,No,No,No
coin,Dollar,Five Cents,,,"25 Cents - Wm J. Schwartz (Hanover, Kansas)",Yes,No,No,No
coin,Dollar,One Cent,,,"1 Cent - Curry and Romine (Dyesville, Ohio)",Yes,No,No,No
coin,Dollar,Five Cents,,,"5 Cents - Curry and Romine (Dyesville, Ohio)",Yes,No,No,No
coin,Dollar,One Dime,,,"10 Cents - Curry and Romine (Dyesville, Ohio)",Yes,No,No,No
coin,Dollar,One Dollar,,,1 Dollar - Curry and Romine,Yes,No,No,No
coin,Dollar,Two Dollars,,,2 Dollars - Curry and Romine,Yes,No,No,No
coin,Dollar,Five Cents,,,5 Cents - John A. Levin,Yes,No,No,No
coin,Dollar,One Dime,,,"10 Cents - John A. Levin (Lindsborg, Kansas)",Yes,No,No,No
coin,Dollar,Five Cents,,,25 Cents - John A. Levin,Yes,No,No,No
coin,Dollar,Half Dollar,,,50 Cents - John A. Levin,Yes,No,No,No
coin,Dollar,One Dollar,,,"1 Dollar - John A. Levin (Lindsborg, Kansas)",Yes,No,No,No
coin,Dollar,One Dime,,,"10 Cents - Sharp's (Eagle, Colorado)",Yes,No,No,No
coin,Dollar,One Dime,,,"10 Cents - Ralph Haws (North Platte, Nebraska)",Yes,No,No,No
coin,Dollar,Five Cents,,,"25 Cents - Ralph Haws (North Platte, Nebraska)",Yes,No,No,No
coin,Dollar,One Dime,,,"10 Cents - G.W. Schaefer (Bastrop, Texas)",Yes,No,No,No
coin,Dollar,Five Cents,,,"25 Cents - G.W. Schaefer (Bastrop, Texas)",Yes,No,No,No
coin,Dollar,Five Cents,,,5 Cents - G.W. Schaefer,Yes,No,No,No
coin,Dollar,Half Dollar,,,50 Cents - A.B. McGill and Company,Yes,No,No,No
coin,Dollar,One Dollar,,,1 Dollar - A.B. McGill and Company,Yes,No,No,No
coin,Dollar,One Dollar,,,1 Dollar - Slots A Fun Casino (Las Vegas),Yes,No,No,No
coin,Dollar,Five Cents,,,25 Cents - Freedom,Yes,No,No,No
coin,Dollar,Two Cents,,,2 Cents - Donald H. Kagin for A.N.A. Governor,Yes,No,No,No
coin,Quarter,One Cent,,,1 Cent (Private Restrike Mule),Yes,No,No,No
coin,Dollar,One Dollar,,,"1 Dollar - С & F (Cullman, Alabama)",Yes,No,No,No
coin,Dollar,One Dollar,,,"1 Dollar - Buggy Bath (Mesa, Arizona)",Yes,No,No,No
coin,Dollar,One Dollar,,,"1 Dollar - Brown Bear (Spokane, Washington)",Yes,No,No,No
coin,Dollar,One Dollar,,,"1 Dollar - T.L.C. (Newport News, Virginia)",Yes,No,No,No
coin,Dollar,One Dollar,,,"1 Dollar - Atlantis (Lakewood, Colorado)",Yes,No,No,No
coin,Dollar,One Dollar,,,"1 Dollar - Jud’s “U” Wash (Jud, Texas)",Yes,No,No,No
coin,Dollar,One Dollar,,,"1 Dollar - Animas (Durango, Colorado)",Yes,No,No,No
coin,Dollar,One Dollar,,,"1 Dollar - Dixmor (Littleton, Colorado)",Yes,No,No,No
coin,Dollar,One Dollar,,,"1 Dollar - Classy Chassy (Lakewood, Washington)",Yes,No,No,No
coin,Dollar,One Dollar,,,"1 Dollar - Oasis Autowash (Littleton, Colorado)",Yes,No,No,No
coin,Dollar,One Dollar,,,"1 Dollar - Sprague Avenue (Tacoma, Washington)",Yes,No,No,No
coin,Dollar,One Dollar,,,2 Ounces - Colonial Tribute (Continental Dollar),Yes,No,No,No
coin,Dollar,Ten Dollars,,,"10 Dollar - New York New York (Las Vegas, Nevada)",Yes,No,No,No
coin,Dollar,Five Dollars,,,5 Dollars - Piper Flite Center,Yes,No,No,No
coin,Dollar,One Dollar,,,"1 Dollar ""1838 Gobrecht Dollar"" (Pattern)",Yes,No,No,No
coin,Dollar,One Dollar,,,"1 Dollar ""1836 Gobrecht Dollar"" (Pattern; silver)",Yes,No,No,No
coin,Dollar,One Dollar,,,"1 Dollar ""1836 Gobrecht Dollar"" (Pattern; silver)",Yes,No,No,No
coin,Dollar,One Dollar,,,"1 Dollar - Gerlach, Nevada",Yes,No,No,No
coin,Dollar,One Dollar,,,Cent - May Tenth,Yes,No,No,No
coin,Dollar,Five Cents,,,"5 Cents - Loyal Order of Moose Hartford (Hartford, Connecticut)",Yes,No,No,No
coin,Dollar,Five Cents,,,"5 Cents - Harry Geary (Adams, North Dakota)",Yes,No,No,No
coin,Dollar,Five Cents,,,5 Cents - Warner Bros. Prop,Yes,No,No,No
coin,Dollar,Five Cents,,,5 Cents - Gilt Edge Department Store,Yes,No,No,No
coin,Dollar,Five Cents,,,5 Cents - Fortuna Cigar Factoy,Yes,No,No,No
coin,Dollar,Five Cents,,,"15 Cents - Jefferson Tavern (Hartford, CT)",Yes,No,No,No
coin,Dollar,Five Cents,,,25 Cents - Arby's,Yes,No,No,No
coin,Dollar,Five Cents,,,"5 Cents - Rice Maryland Tavern (Saint Paul, Minnesota)",Yes,No,No,No
coin,Dollar,Five Cents,,,"5 Cents - Rice Maryland Tavern (St. Paul, Minnesota)",Yes,No,No,No
coin,Dollar,Five Cents,,,5 Cents - House Of David,Yes,No,No,No
coin,Dollar,One Dime,,,"10 Cents - Salisbury and Wilmington Street Decks (Raleigh, North Carolina)",Yes,No,No,No
medal,U.S. Medals,Medal,,,So-Called-Dollar - Pony Express Centennial Association (Official Medal),Yes,No,No,No
coin,Half Dollar,One Dollar,,,Dollar - New York World's Fair (North Carolina),Yes,No,No,No
coin,Dollar,Half Dollar,,,50 Cents - Alliance (Nebraska Diamond Jubilee),Yes,No,No,No
coin,Dollar,One Dollar,,,1 Ounce - Silver Trade Unit (Morgan Dollar),Yes,No,No,No
coin,Dollar,One Dollar,,,1 Ounce - Silver Trade Unit (Morgan Dollar),Yes,No,No,No
coin,Dollar,Half Dollar,,,"50 Cents - Pinehurst Incorporated (Pinehurst, North Carolina)",Yes,No,No,No
coin,Dollar,One Dollar,,,1 Ounce Silver - Continental Currency,Yes,No,No,No
coin,Dollar,Five Cents,,,"25 Cents - Hawaiian Stage Door (Columbia, South Carolina)",Yes,No,No,No
coin,Dollar,Five Cents,,,25 Cents (Good for in trade),Yes,No,No,No
coin,Dollar,Fifty Dollars,,,50 Dollars (Buds Gun Shop),Yes,No,No,No
coin,Quarter,Five Dollars,,,5 Dollars (NORFED; ¼ oz Silver),Yes,No,No,No
coin,Dollar,One Dollar,,,"1 Dollar - Tropicana Hotel (Las Vegas, Nevada)",Yes,No,No,No
coin,Dollar,One Dollar,,,"1 Dollar - Hotel Bonanza (Las Vegas, Nevada)",Yes,No,No,No
coin,Dollar,One Dollar,,,"1 Dollar - Sahara Hotel and Casino (Las Vegas, Nevada)",Yes,No,No,No
coin,Dollar,Three Cents,,,"3 Cents - Glade's (Eureka Springs, Arkansas)",Yes,No,No,No
coin,Dollar,Five Cents,,,"5 Cents - Phillips Packing Co. (Newbridge, Maryland)",Yes,No,No,No
coin,Dollar,Ten Dollars,,,10 Dollars (American Liberty),Yes,No,No,No
coin,Dollar,One Dollar,,,1 Ounce - Osborne Mint (Flowing Hair Dollar),Yes,No,No,No
coin,Dollar,One Dollar,,,1 Ounce - Osborne Mint (Draped Bust Dollar),Yes,No,No,No
coin,Dollar,One Dollar,,,1 Ounce - Art Bar Mint (2 Silver Dollars Certificate),Yes,No,No,No
coin,Half Dollar,Half Dollar,,,1 Ounce - Osborne Mint (Barber Half Dollar),Yes,No,No,No
coin,Quarter,Quarter Dollar,,,1 Ounce - Quarter Eagle,Yes,No,No,No
coin,Dollar,Five Cents,,,5 Cents - Consolidated Co-operative,Yes,No,No,No
coin,Dollar,One Cent,,,1 Cent,Yes,No,No,No
coin,Dollar,Five Cents,,,25 Cents - Funland (MD/VA),Yes,No,No,No
coin,Dollar,Five Cents,,,"25 Cents - Central Stamp and Coin Co. (Modesto, California)",Yes,No,No,No
coin,Dollar,One Dime,,,"10 Cents - Ha-Ha, City (Metropolitan Club Circus)",Yes,No,No,No
coin,Dollar,Half Dollar,,,"50 Cents - Riverbend (Chattanooga, Tennessee)",Yes,No,No,No
coin,Half Dollar,One Dollar,,,½ Ounce - 10 Dollars (NORFED Liberty Dollar),Yes,No,No,No
coin,Dollar,Half Cent,,,"12½ Cents - The Pioneer (Susanville, CA)",Yes,No,No,No
coin,Dollar,One Dollar,,,"7 Dollars - Flamingo Hilton (Laughlin, Nevada)",Yes,No,No,No
coin,Dollar,Five Cents,,,"5 Cents - Rileys Sanitary Grocery (Roanoke, Illionis)",Yes,No,No,No
coin,Dollar,One Dollar,,,"1 Dollar - Farmers Store (Miltonvale, KS)",Yes,No,No,No
coin,Dollar,Ten Dollars,,,"10 Dollars - State Line (Wendover, Nevada)",Yes,No,No,No
coin,Dollar,Three Dollars,,,"3 Dollars - Poke of Gold Saloon (Folsom, California)",Yes,No,No,No
coin,Dollar,Twenty Dollars,,,20 Dollars of Love (We Will Be Alwey Together),Yes,No,No,No
coin,Dollar,One Dollar,,,Birthday Dollar - Los Angeles Bicentennial (The End of the Rainbow),Yes,No,No,No
coin,Quarter,One Dollar,,,¼ oz Copper (Golden State Mint - Indian Head),Yes,No,No,No
coin,Dollar,One Dollar,,,"1 Ounce - 5 Dollars (Silver Certificate - ""Indian Chief Note"")",Yes,No,No,No
coin,Dollar,Five Dollars,,,"5 Dollars - For A Piper Pilot (Vero Beach, Florida)",Yes,No,No,No
coin,Dollar,One Dollar,,,"1 Dollar - First Homestead Centennial (Beatrice, Nebraska)",Yes,No,No,No
coin,Dollar,Half Cent,,,"12½ Cents - Warner and Canfield (Sheridan, Wyo.)",Yes,No,No,No
coin,Dollar,One Dollar,,,1 Daalder - Hendrik Hudson (So-Called Dollar),Yes,No,No,No
coin,Dollar,Twenty Cents,,,"20 Cents - The Dow Chemical Company (Midland, Michigan)",Yes,No,No,No
coin,Dollar,Half Dollar,,,"50 Cents - Gothenburg, Nebraska (Pony Express Centennial)",Yes,No,No,No
coin,Dollar,One Dollar,,,"1 Dollar - J. L. Hubbell Trading Post (Ganado, Arizona)",Yes,No,No,No
coin,Dollar,Five Cents,,,"5 Cents - G.A. Jackson (Richmond, California)",Yes,No,No,No
coin,Dollar,One Dollar,,,"1 Dollar - El Morocco Casino (Las Vegas, Nevada)",Yes,No,No,No
coin,Dollar,One Dollar,,,1 Dollar,Yes,No,No,No
coin,Dollar,One Dollar,,,Mini Coin - Peace Dollar,Yes,No,No,No
coin,Half Dollar,Half Dollar,,,Mini Coin - Walking Liberty Half Dollar,Yes,No,No,No
coin,Dollar,Two Dollars,,,2 Dollars - Frontier Hotel (Las Vegas),Yes,No,No,No
coin,Dollar,Two Dollars,,,"2 Dollars - Hotel Bonanza (Las Vegas, Nevada)",Yes,No,No,No
coin,Dollar,Two Dollars,,,"2 Dollar - Landmark Tower (Las Vegas, Nevada)",Yes,No,No,No
coin,Dollar,One Dollar,,,1 Dollar - Clear Water,Yes,No,No,No
coin,Dollar,One Dollar,,,Aloha Dollar (Hawaii),Yes,No,No,No
coin,Dollar,One Dollar,,,Aloha Dollar (Hawaii),Yes,No,No,No
coin,Dollar,One Dollar,,,1 Maui Dollar,Yes,No,No,No
coin,Dollar,One Dollar,,,"1 Dollar - Ivanhoe Wishing Well (Chicago, Illinois)",Yes,No,No,No
coin,Dollar,Half Dollar,,,"50 Cents - 100th Anniversary Oregon (Harney County, Oregon)",Yes,No,No,No
coin,Dollar,Half Dollar,,,"50 Cents - Center of Great Oregon Country (Bend, Oregon)",Yes,No,No,No
coin,Dollar,Five Dollars,,,25 Dollars - Zales Diamond,Yes,No,No,No
coin,Dollar,One Dollar,,,"1 Dollar - Paul Bunyan Days (Fort Bragg, California)",Yes,No,No,No
coin,Dollar,One Dollar,,,"1 Dollar - Paul Bunyan (Fort Bragg, California)",Yes,No,No,No
coin,Dollar,One Dollar,,,"1 Dollar - Paul Bunyan Days (Fort Bragg, California)",Yes,No,No,No
coin,Dollar,One Dollar,,,"1 Dollar - Paul Bunyan Days (Fort Bragg, California)",Yes,No,No,No
coin,Dollar,One Dollar,,,"1 Dollar - Paul Bunyan Days (Fort Bragg, California)",Yes,No,No,No
coin,Dollar,Five Dollars,,,5 Dollar - Marting's Gift Coin,Yes,No,No,No
coin,Dollar,One Dollar,,,Mini Coin (Draped Bust Dollar),Yes,No,No,No
coin,Dollar,One Dollar,,,Mini Coin - Eisenhower Dollar,Yes,No,No,No
coin,Dollar,One Cent,,,"1 Cent - Riverton Coal Company (Crown Hill, West Virginia)",Yes,No,No,No
coin,Half Dollar,Half Cent,,,"½ Cent - First Trust Savings Co. (Cleveland, Ohio)",Yes,No,No,No
coin,Dollar,Half Cent,,,2½ Cents - Little Arcade,Yes,No,No,No
coin,Dollar,One Dollar,,,1 Dollar - Church of the Brethren (Pleasant View),Yes,No,No,No
coin,Dollar,Half Dollar,,,"50 Cents - Central Center Mall (San Bernardino, CA)",Yes,No,No,No
coin,Dollar,Five Cents,,,"5 Cents - Wiley's Place (Hillsboro, Oregon)",Yes,No,No,No
coin,Dollar,Ten Dollars,,,"10 Dollars - W. F. Schwentker Piano Co. (Evansville, Indiana)",Yes,No,No,No
coin,Dollar,One Dime,,,"10 Cents - Raymond Recreation (Raymond, Kansas)",Yes,No,No,No
coin,Dollar,Five Cents,,,"5 Cents - E. A. Lingelbach (Holland, Iowa)",Yes,No,No,No
coin,Dollar,One Dime,,,"10 Cents - E. A. Lingelbach (Holland, Iowa)",Yes,No,No,No
coin,Dollar,Five Cents,,,"25 Cents - E. A. Lingelbach (Holland, Iowa)",Yes,No,No,No
coin,Dollar,Half Dollar,,,"50 Cents - E. A. Lingelbach (Holland, Iowa)",Yes,No,No,No
coin,Dollar,One Dollar,,,"1 Dollar - E. A. Lingelbach (Holland, Iowa)",Yes,No,No,No
coin,Dollar,One Dollar,,,"1 Dollar - Casa Grande, Arizona",Yes,No,No,No
coin,Dollar,One Dollar,,,So-Called-Dollar - Prescott Frontier Rotary Club,Yes,No,No,No
coin,Dollar,One Dollar,,,Eisenhower Dollar (blue),Yes,No,No,No
coin,Dollar,One Dollar,,,"1 Dollar - Leibsohn's Department Store (Hartley, Iowa)",Yes,No,No,No
coin,Dollar,Five Cents,,,"5 Cents - Swenson Bros. (Morganville, Kansas)",Yes,No,No,No
coin,Dollar,One Dime,,,"10 Cent - Bloom and Greenman (Turon, Kansas)",Yes,No,No,No
coin,Dollar,Five Cents,,,"5 Cents - Geo. Fenker (Dayton, Kentucky)",Yes,No,No,No
coin,Dollar,One Dollar,,,"1 Dollar - Ladd and Tilton Bank (Portland, Oregon)",Yes,No,No,No
coin,Half Dollar,Half Cent,,,"12½ Cents - Colbrandt and Reilly (Reno, Nevada)",Yes,No,No,No
coin,Dollar,One Dollar,,,"1 Dollar Free Slot Play - Howard Johnson's (Las Vegas, Nevada)",Yes,No,No,No
coin,Dollar,Half Dollar,,,"50 Cents - Cozad, Nebraska (Centennial)",Yes,No,No,No
coin,Dollar,One Dollar,,,Copper (VERMONTENSIUM),Yes,No,No,No
coin,Dollar,Half Dollar,,,"50 Cents - Perinton Sesquicentennial (Perinton, New York)",Yes,No,No,No
coin,Dollar,Two Dollars,,,"2 Dollars - Union Store (Los Angeles, California)",Yes,No,No,No
coin,Dollar,One Dollar,,,"1 Dollar - Red Garter Casino (Las Vegas, Nevada)",Yes,No,No,No
coin,Dollar,Half Dollar,,,"50 Cents - H. D. Lee Mercantile Co. (Salina, Kansas)",Yes,No,No,No
coin,Dollar,One Dollar,,,"1 Dollar - Westward Ho Casino (Las Vegas, Nevada)",Yes,No,No,No
coin,Dollar,Five Cents,,,"25 Cents - Swenson Bros. (Morganville, Kansas)",Yes,No,No,No
coin,Dollar,Five Cents,,,"25 Cents - Anthony Mannebach (Colwich, Kansas)",Yes,No,No,No
coin,Dollar,One Dime,,,"10 Cents - Phillip Swanson (Bertrand, Nebraska)",Yes,No,No,No
coin,Dollar,Five Cents,,,5 Cents - Brown Palace Hotel,Yes,No,No,No
coin,Dollar,Five Cents,,,"25 Cents - Wedemeyer and Miller (Adair, Iowa)",Yes,No,No,No
coin,Dollar,Half Dollar,,,"50 Cents - 250th Anniversary Mobile, Alabama (Pierre Le Moyne)",Yes,No,No,No
coin,Dollar,Half Dollar,,,"50 Cents - 250th Anniversary Mobile, Alabama (Raphael Semmes)",Yes,No,No,No
coin,Dollar,Half Dollar,,,"50 Cents - 250th Anniversary Mobile, Alabama",Yes,No,No,No
coin,Dollar,Five Cents,,,"5 Cents - Paul Bedford Cafe (Whitesville, Missouri)",Yes,No,No,No
coin,Dollar,Half Cent,,,"12½ Cents - Mint Cigar Store (Great Falls, Montana)",Yes,No,No,No
coin,Dollar,Five Cents,,,25 Cents - The Peoples Store Company,Yes,No,No,No
coin,Dollar,One Dollar,,,1 Dollar - M. H. Perlot,Yes,No,No,No
coin,Dollar,One Cent,,,"1 Penny - Crown Chapter (Pasadena, California)",Yes,No,No,No
coin,Dollar,One Cent,,,"1 Cent - Slayton Mercantile Company (Emory, Montana)",Yes,No,No,No
coin,Dollar,Five Cents,,,5 Cents - 723,Yes,No,No,No
coin,Dollar,One Cent,,,6¼ Cent - W. J. Drysdale,Yes,No,No,No
coin,Dollar,Five Cents,,,"5 Cents - H.W. Mueller (Hamburg, Minnesota)",Yes,No,No,No
coin,Dollar,One Dollar,,,"1 Dollar - Coffeyville, Kansas",Yes,No,No,No
coin,Dollar,Five Cents,,,5 Cents - Mitch's Parlor,Yes,No,No,No
coin,Dollar,One Dollar,,,1 Dollar - Flakey Jake’s,Yes,No,No,No
coin,Dollar,One Dollar,,,"1 Dollar - Jubilee Casino (Cripple Creek, Colorado)",Yes,No,No,No
coin,Dollar,One Dollar,,,"1 Dollar - The Yankee Mercantile Co. (Yankee, New Mexico)",Yes,No,No,No
coin,Dollar,Five Cents,,,"5 Cents - Copper King Bar (Bingham, Utah)",Yes,No,No,No
coin,Dollar,Five Cents,,,"25 Cents - Rock Island Centennial Bridge (Rock Island, Illinois)",Yes,No,No,No
coin,Dollar,Five Cents,,,"15 Cents - H. T. B. Line (Beaver Falls, Pennsylvania)",Yes,No,No,No
coin,Dollar,One Dime,,,"10 Cents - Wye Taxi (Soldotna, Alaska)",Yes,No,No,No
coin,Dollar,Half Dollar,,,"50 Cents - Mad River National Bank (Springfield, Ohio)",Yes,No,No,No
coin,Dollar,Half Dollar,,,"50 Cents - North Kansas City, Missouri",Yes,No,No,No
coin,Dollar,One Dollar,,,"Souvenir Dollar - Prairie Pioneer Days (Hinckley, Illinois)",Yes,No,No,No
coin,Dollar,Five Cents,,,5 Cents - NCO Open Mess (Keesler A.F.B. Miss.),Yes,No,No,No
coin,Dollar,Five Cents,,,"25 Cents - Grand Union (Elmwood Park, New Jersey)",Yes,No,No,No
coin,Dollar,Five Cents,,,5 Cents - Bates and Carlile,Yes,No,No,No
coin,Dollar,One Cent,,,1 Cent - CCA Money,Yes,No,No,No
coin,Dollar,Five Cents,,,"5 Cents - O. Paape (South Saint Paul, Minnesota)",Yes,No,No,No
coin,Dollar,Five Cents,,,"25 Cents - O. Paape (South Saint Paul, Minnesota)",Yes,No,No,No
coin,Dollar,Half Dollar,,,"50 Cents - O. Paape (South Saint Paul, Minnesota)",Yes,No,No,No
coin,Dollar,Half Dollar,,,"50 Cent - Trump Plaza Casino (Atlantic City, New Jersey)",Yes,No,No,No
coin,Dollar,Five Cents,,,"25 Cents - NCO Open Mess (Hickam A.F.B., Hawaii)",Yes,No,No,No
coin,Dollar,Five Cents,,,5 Cents (41925),Yes,No,No,No
coin,Dollar,Five Cents,,,"5 Cents - American Billiard Hall (Seattle, Washington)",Yes,No,No,No
coin,Dollar,Half Cent,,,12½ Cents - The Quill (Seattle),Yes,No,No,No
coin,Dollar,Five Cents,,,"5 Cents - Star Pool Hall (Pendleton, Oregon)",Yes,No,No,No
coin,Dollar,Five Cents,,,5 Cents - 31560,Yes,No,No,No
coin,Dollar,Half Dollar,,,"50 Cents - Burlington Steamboat Days (Burlington, Iowa)",Yes,No,No,No
coin,Dollar,Half Dollar,,,"50 Cents - Greater Cuyahoga Falls Sesquicentennial (Cuyahoga Falls, Ohio)",Yes,No,No,No
coin,Dollar,One Dollar,,,1 Dollar - Sportspark,Yes,No,No,No
coin,Dollar,One Dollar,,,"1 Dollar - Luxor (Las Vegas, Nevada)",Yes,No,No,No
coin,Dollar,Five Cents,,,"5 Cents - Airmen's Open Mess (Sheppard AFB, Texas)",Yes,No,No,No
coin,Dollar,Five Cents,,,"5 Cents - The Popular (Portland, Oregon)",Yes,No,No,No
coin,Dollar,Five Cents,,,"25 Cents - Reed City Diamond Jubilee (Reed City, Michigan)",Yes,No,No,No
coin,Dollar,One Dollar,,,2 Ounces - Intaglio Mint (Saint Eligius),Yes,No,No,No
coin,Dollar,One Dime,,,10 Cents - E. S. Townsend (Dyersville),Yes,No,No,No
coin,Dollar,Five Cents,,,"5 Cents - Sac Officers Open Mess (Yongsan, South Korea)",Yes,No,No,No
coin,Dollar,Five Cents,,,5 Cents- The Shanty Inn (Chicago),Yes,No,No,No
coin,Dollar,Five Cents,,,"5 Cents - Filipino Social and Improvement Club (Seattle, Washington)",Yes,No,No,No
coin,Dollar,One Dime,,,"10 Cents - Sportland (Oakland, California)",Yes,No,No,No
coin,Dollar,Five Cents,,,"5 Cents - Brunswick Billiard Parlor (Evansville, Indiana)",Yes,No,No,No
coin,Dollar,One Cent,,,"1 Cent - Vargo Oil Co Inc. (North Hollywood, California)",Yes,No,No,No
coin,Dollar,Half Dollar,,,50 Cents - Canby Union Bank or Guaranty Bank (General Edward Canby),Yes,No,No,No
coin,Dollar,Half Dollar,,,"50 Cents - Evanston Centennial (Evanston, Illinois)",Yes,No,No,No
coin,Dollar,One Dime,,,"10 Cents - Skateland (West Salem, Oregon)",Yes,No,No,No
coin,Dollar,Five Cents,,,"25 Cents - Johnson Purkerson (Eugene, Oregon)",Yes,No,No,No
coin,Dollar,One Dollar,,,"1 Dollar - James Hennum (Sloan, Iowa)",Yes,No,No,No
coin,Dollar,One Dime,,,"10 Cents - A. Sheldon (La Crosse, Wisconsin)",Yes,No,No,No
coin,Dollar,One Dime,,,"10 Cents - R. Stoughton (Prescott, Arizona)",Yes,No,No,No
coin,Dollar,Five Cents,,,"25 Cents - Jellico Coal Mining Co. (Mountain Ash, Kentucky)",Yes,No,No,No
coin,Dollar,One Dollar,,,1 Dollar - 1573,Yes,No,No,No
coin,Dollar,Five Cents,,,5 Cents - 9445,Yes,No,No,No
coin,Dollar,Five Cents,,,5 Cents - 31520,Yes,No,No,No
coin,Dollar,Half Cent,,,12½ Cents - Hunter's Bar,Yes,No,No,No
coin,Dollar,Five Cents,,,"5 Cents - Wm F. Luther (Baraboo, Wisconsin)",Yes,No,No,No
coin,Dollar,Five Cents,,,"25 Cents - The Spruce River Coal Co. (Ramage, West Virginia)",Yes,No,No,No
coin,Dollar,One Dime,,,"10 Cents - Sportsman Billiard Parlor (Bonesteel, South Dakota)",Yes,No,No,No
coin,Dollar,Twenty Cents,,,"20 Cents - CNGA Fall Meeting (Los Angeles, California)",Yes,No,No,No
coin,Dollar,One Dollar,,,"1 Dollar - S. H. Jackson (Unionville, Missouri)",Yes,No,No,No
coin,Dollar,One Dime,,,"10 Cents - Peters, Backeburg and Co. (Staplehurst, Nebraska)",Yes,No,No,No
coin,Dollar,Five Cents,,,"25 Cents - Porter Mercantile Company (Bernalillo, New Mexico)",Yes,No,No,No
coin,Dollar,Half Dollar,,,"50 Cents - Perry Sesquicentennial Celebration (Erie, Pennsylvania)",Yes,No,No,No
coin,Quarter,Quarter Dollar,,,Play Quarter - Uncle Sam,Yes,No,No,No
coin,Dollar,Five Cents,,,5 Cents - Play Coin,Yes,No,No,No
coin,Half Dollar,Half Dollar,,,"½ Dollar - 175th Anniversary (Rensselaer County, New York)",Yes,No,No,No
coin,Dollar,One Dollar,,,1 Dollar (Statue of Liberty),Yes,No,No,No
coin,Dollar,One Dime,,,10 Cents - B. Hermes,Yes,No,No,No
coin,Dollar,One Cent,,,1 Cent - U.S. Department of Agriculture Food Stamp Plan (Farmer Jack's),Yes,No,No,No
coin,Dollar,Five Cents,,,25 Cents - MGM Grand Detroit,Yes,No,No,No
coin,Dollar,One Dollar,,,1 oz Silver (Morgan Silver Trade Unit),Yes,No,No,No
coin,Dollar,One Dollar,,,"1 Ounce - Oklahoma Gold and Numismatics, Inc. (Morgan Dollar)",Yes,No,No,No
coin,Dollar,One Dollar,,,1 Ounce - Silver Trade Unit (Liberty Dollar),Yes,No,No,No
coin,Dollar,One Dollar,,,"1 Dollar - Oak Street (Scottsdale, Arizona)",Yes,No,No,No
coin,Dollar,One Dollar,,,1 Dollar - The Carwash Co.,Yes,No,No,No
coin,Dollar,One Dollar,,,"1 Dollar - Oasis Palms (Mesa, Arizona)",Yes,No,No,No
coin,Dollar,One Dollar,,,"1 Dollar - CM (Parsons, West Virginia)",Yes,No,No,No
coin,Dollar,One Dollar,,,"1 Dollar - Village Car Wash (Warsaw, Missouri)",Yes,No,No,No
coin,Dollar,One Dollar,,,"1 Dollar - Classic Car Wash (Dallas, Texas)",Yes,No,No,No
coin,Dollar,One Dollar,,,"1 Dollar - Washrak Carwashes (Palmdale, California)",Yes,No,No,No
coin,Dollar,One Dollar,,,"1 Dollar - Water Whirled Florida (Kissimmee, Florida)",Yes,No,No,No
coin,Dollar,One Dollar,,,"1 Dollar - Classy Chassy (Lakewood, Washington)",Yes,No,No,No
coin,Dollar,One Dollar,,,1 Dollar - Laser Auto Wash,Yes,No,No,No
coin,Dollar,One Dollar,,,"1 Dollar - Safari Super Wash (Englewood, Colorado)",Yes,No,No,No
coin,Dollar,One Dollar,,,"1 Dollar - Safari (Englewood, Colorado)",Yes,No,No,No
coin,Dollar,Five Cents,,,25 Cents - NCO Frontier Club (Pirmasens),Yes,No,No,No
coin,Dollar,One Dollar,,,"1 Dollar - North Bend Centennial (North Bend, Nebraska)",Yes,No,No,No
coin,Dollar,One Cent,,,1 Penny - Brazil Ind. Chapter No. 59,Yes,No,No,No
coin,Dollar,Half Dollar,,,"50 Cents - Oakland, Nebraska (Oakland Centennial)",Yes,No,No,No
coin,Dollar,Half Dollar,,,"50 Cents - Valley, Nebraska (Valley Centennial)",Yes,No,No,No
coin,Dollar,Five Cents,,,5 Cents - B. R. Sanchez,Yes,No,No,No
coin,Dollar,Five Cents,,,5 Cents - G. W. Cotton,Yes,No,No,No
coin,Dollar,One Dime,,,10 Cents - G. W. Cotton,Yes,No,No,No
coin,Dollar,Five Cents,,,25 Cents - G. W. Cotton,Yes,No,No,No
coin,Half Dollar,Half Dollar,,,"Souvenir Half Dollar - Saginaw Treaty Sesquicentennial (Saginaw, Michigan)",Yes,No,No,No
coin,Dollar,One Dollar,,,"1 Dollar - Delta Colorado Centennial (Delta, Colorado)",Yes,No,No,No
coin,Dollar,Five Cents,,,5 Cents - Burger Chef (The 1000th Store Opening),Yes,No,No,No
coin,Dollar,Half Dollar,,,"50 Cents - Ellsworth Maine Bicentennial (Ellsworth, Maine)",Yes,No,No,No
coin,Dollar,One Dollar,,,"1 Dollar - Mesa Centennial Dollar (Mesa, Arizona)",Yes,No,No,No
coin,Dollar,Half Dollar,,,"50 Cents - Lassen County Centennial (Lassen County, California)",Yes,No,No,No
coin,Dollar,One Dollar,,,"1 Dollar - Celebrity Hotel - Calamity Jane (Deadwood, South Dakota)",Yes,No,No,No
coin,Half Dollar,Half Dollar,,,"½ Dollar - North Royalton Sesquicentennial (North Royalton, Ohio)",Yes,No,No,No
coin,Dollar,One Dollar,,,1 Dollar - Royal Caribbean Cruise Line,Yes,No,No,No
coin,Half Dollar,Half Dollar,,,"½ Dollar - Mason Area Sesquicentennial (Mason, Ohio)",Yes,No,No,No
coin,Dollar,One Dime,,,10 Cents - AAFES Gift Certificate (1A10),Yes,No,No,No
coin,Dollar,Five Cents,,,25 Cents - AAFES Gift Certificate (1A25),Yes,No,No,No
coin,Half Dollar,One Dollar,,,½ oz Copper (Golden State Mint - Morgan Dollar),Yes,No,No,No
coin,Dollar,Half Dollar,,,"50 Cents - 100th Anniversary Oregon (Roseburg, Oregon)",Yes,No,No,No
coin,Dollar,One Dime,,,10 Cents - North Carolina Prison Dept.,Yes,No,No,No
coin,Dollar,One Dollar,,,"1 Dollar - Eternal Light Lincoln Memorial (Champaign, Illinois)",Yes,No,No,No
coin,Dollar,Half Dollar,,,"50 Cents - Poweshiek County 125Th Anniversary (Montezuma, Iowa)",Yes,No,No,No
coin,Dollar,Half Dollar,,,"50 Cents - Hyde Park - Kenwood (Chicago, Illinois)",Yes,No,No,No
coin,Dollar,One Dollar,,,1 Dollar - Kalākaua I (Centennial Dala),Yes,No,No,No
coin,Dollar,Five Cents,,,"5 Cents - Cafe De Paris, Sac.",Yes,No,No,No
coin,Half Dollar,Half Dollar,,,"½ Dollar - 75th Anniversary Avon Park (Avon Park, Florida)",Yes,No,No,No
coin,Dollar,Half Dollar,,,"50 Cents - Bicentennial McSherrystown (McSherrystown, Pennsylvania)",Yes,No,No,No
coin,Dollar,Half Dollar,,,"50 Cents - Covington Sesquicentennial (Covington, Kentucky)",Yes,No,No,No
coin,Dollar,Half Dollar,,,"50 Cents - Monaca Area Jubilee, Inc. (Monaca, Pennsylvania)",Yes,No,No,No
coin,Dollar,One Dollar,,,1 Dollar - Yellow Cab Co,Yes,No,No,No
coin,Dollar,One Dollar,,,1 Dollar - Wash-Vacuum-Vend,Yes,No,No,No
coin,Dollar,Five Cents,,,5 Cents - E.M,Yes,No,No,No
coin,Dollar,Five Cents,,,25 Cents,Yes,No,No,No
coin,Dollar,One Dime,,,10 Cents - D.M. Griggs,Yes,No,No,No
coin,Dollar,Five Cents,,,"5 Cents - Bluffton Tobacco Co. (Bluffton, Indiana)",Yes,No,No,No
coin,Dollar,One Dollar,,,100 000 Dollars (TV Game Money),Yes,No,No,No
coin,Dollar,Five Cents,,,5 Cents - A.E.O.,Yes,No,No,No
coin,Dollar,Five Cents,,,25 Cents - Nha Trang (Mess Assoc.),Yes,No,No,No
coin,Dollar,Half Dollar,,,"50 Cents - Scottsbluff, Nebraska (60th Anniversary)",Yes,No,No,No
coin,Half Dollar,Half Dollar,,,"½ Dollar - Greenwood Area Centennial (Greenwood, Indiana)",Yes,No,No,No
coin,Half Dollar,Half Dollar,,,"½ Dollar - Lasalle County 50th Anniversary (Ottawa, Illinois)",Yes,No,No,No
coin,Dollar,Five Cents,,,"5 Cents - Potts and Raffetto (Camino, Cal.)",Yes,No,No,No
coin,Dollar,One Dollar,,,5 Bucks - Gold Award (5112),Yes,No,No,No
coin,Dollar,Five Cents,,,"5 Cents - 101 (Bliss, Oklahoma)",Yes,No,No,No
coin,Dollar,Five Cents,,,5 Cents - J.D. Daly,Yes,No,No,No
coin,Dollar,Five Cents,,,5 Cents - In Trade (78),Yes,No,No,No
coin,Dollar,Five Cents,,,5 Cents - NCO Mess Camp (Yokohama),Yes,No,No,No
coin,Dollar,Five Cents,,,5 Cents - Maxcy (Patrick and Co. S.F.),Yes,No,No,No
coin,Half Dollar,Half Dollar,,,"½ Dollar - Thomasboro Centennial (Thomasboro, Illinois)",Yes,No,No,No
coin,Dollar,Half Dollar,,,"50 Cents - 100th Anniversary Oregon (Klamath County, Oregon)",Yes,No,No,No
coin,Dollar,Half Dollar,,,"50 Cents - Sesquicentennial Celebration (Highspire, Pennsylvania)",Yes,No,No,No
coin,Dollar,One Cent,,,1 Penny - Pittsburg Chapter No. 58,Yes,No,No,No
coin,Dollar,One Dollar,,,"1 Dollar - Prescott Frontier Rotary Club (Prescott, Arizona)",Yes,No,No,No
coin,Dollar,Three Dollars,,,3 Dollars - Coastal Marin (Northern California),Yes,No,No,No
coin,Dollar,Half Dollar,,,"50 Cents - Fitchburg (Fitchburg, Massachusetts)",Yes,No,No,No
coin,Quarter,One Dollar,,,1 oz Silver (Stagecoach Silver),Yes,No,No,No
coin,Dollar,Five Cents,,,"25 Cent - President Riverboat Casino (Davenport, Iowa)",Yes,No,No,No
coin,Half Dollar,Half Dollar,,,"½ Dollar - Crawfordsville Area Centennial (Crawfordsville, Indiana)",Yes,No,No,No
coin,Dollar,Half Dollar,,,50 Cents - 4th of July Celebration,Yes,No,No,No
coin,Dollar,Half Dollar,,,"50 Cents - Lansing Centennial (Lansing, Michigan)",Yes,No,No,No
coin,Dollar,One Dollar,,,"1 Dollar - Cal Errors (Copona Del Mar, California)",Yes,No,No,No
coin,Dollar,Five Cents,,,5 Cents - Officiers Open Mess (Laon),Yes,No,No,No
coin,Dollar,Five Cents,,,"25 Cents - Horseshoe Hammond Inc. (Hammond, Indiana)",Yes,No,No,No
coin,Dollar,Half Dollar,,,50 Cents - K and K Co.,Yes,No,No,No
coin,Dollar,One Dollar,,,1 Dollar - K and K Co.,Yes,No,No,No
coin,Dollar,Five Cents,,,"25 Cents - Stauter Billiards (Fonda, Iowa)",Yes,No,No,No
coin,Dollar,Five Cents,,,"25 Cents - S. H. Jackson (Unionville, Missouri)",Yes,No,No,No
coin,Dollar,One Cent,,,"1 Cent - Shawneetown Mercantile Co. (Shawneetown, Missouri)",Yes,No,No,No
coin,Dollar,Five Cents,,,5 Cents - AAFES Gift Certificate (10G5),Yes,No,No,No
coin,Dollar,Five Cents,,,5 Cents - AAFES Gift Certificate (5J5),Yes,No,No,No
coin,Dollar,Five Cents,,,"25 Cents - GFAFB NCO Open Mess (Grand Forks, North Dakota)",Yes,No,No,No
coin,Dollar,One Dime,,,10 Cents - AAFES Gift Certificate (9D10),Yes,No,No,No
coin,Dollar,Five Cents,,,25 Cents - AAFES Gift Certificate (9D25),Yes,No,No,No
coin,Dollar,Five Cents,,,25 Cents - AAFES Gift Certificate (9A25),Yes,No,No,No
coin,Dollar,Five Cents,,,25 Cents - AAFES Gift Certificate (11A25),Yes,No,No,No
coin,Dollar,Five Cents,,,25 Cents - AAFES Gift Certificate (13E25),Yes,No,No,No
coin,Dollar,Five Cents,,,25 Cents - AAFES Gift Certificate (8F25),Yes,No,No,No
coin,Dollar,Five Cents,,,25 Cents - AAFES Gift Certificate (8L25),Yes,No,No,No
coin,Dollar,Five Cents,,,25 Cents - AAFES Gift Certificate (15E25),Yes,No,No,No
coin,Dollar,Five Cents,,,25 Cents - AAFES Gift Certificate (9K25),Yes,No,No,No
coin,Dollar,Twenty Dollars,,,"20 Dollars ""Saint-Gaudens - Double Eagle"" (Miniature coin)",Yes,No,No,No
coin,Dollar,Five Cents,,,5 Cents - Pierre Lorillard and Co (New York),Yes,No,No,No
coin,Dollar,One Dollar,,,"1 Dollar - Frogtown Hollow Jam (Columbus, Georgia)",Yes,No,No,No
coin,Dollar,Half Dollar,,,"50 Cents - Funtime Celebration (St. Petersburg, Florida)",Yes,No,No,No
coin,Dollar,Five Cents,,,"5 Cents - Wiley's Place (Hillsboro, Oregon)",Yes,No,No,No
coin,Dollar,Five Cents,,,"5 Cents - Wiley's Place (Hillsboro, Oregon)",Yes,No,No,No
coin,Dollar,Half Cent,,,"2½ Cents Husking Check - Klindt-Geiger Canning Co. (Cassville, Wisconsin)",Yes,No,No,No
coin,Dollar,One Dollar,,,"Havasu Dollar - London Bridge Rotary Club (Lake Havasu City, Arizona)",Yes,No,No,No
coin,Dollar,Half Dollar,,,"50 Cents - Idaho Centennial (Coeur d' Alene, Idaho)",Yes,No,No,No
coin,Dollar,Five Cents,,,5 Cents - Holland America Line,Yes,No,No,No
coin,Dollar,One Dollar,,,Metropolitan Insurance,Yes,No,No,No
coin,Dollar,Five Cents,,,"25 Cents - Gibson Fuel Co. (Blackwood, Virginia)",Yes,No,No,No
coin,Dollar,Five Dollars,,,5 Dollars (Heinkel He 111),Yes,No,No,No
coin,Dollar,Five Dollars,,,5 Dollars (Il-2),Yes,No,No,No
coin,Quarter,One Dollar,,,¼ Ounce - Golden State Mint (Incuse Indian Head),Yes,No,No,No
coin,Quarter,One Dollar,,,¼ oz Silver (American Numismatic Association - Seated Liberty),Yes,No,No,No
coin,Dollar,Five Cents,,,25 Cents - Great Entertainer Amusement Center,Yes,No,No,No
coin,Dollar,Five Cents,,,25 Cents - 41925,Yes,No,No,No
coin,Dollar,Five Cents,,,"25 Cents - John Phillip Tuba's (Deerfield Beach, Florida)",Yes,No,No,No
coin,Dollar,Five Cents,,,"25 Cents - Airportransit (Los Angeles, California)",Yes,No,No,No
coin,Dollar,Five Cents,,,"5 Cents - Cher - Ami (Chicago, Illinois)",Yes,No,No,No
coin,Dollar,One Dollar,,,"7.5 Dollars - Better Built Buckley (Chicago, Illinois)",Yes,No,No,No
coin,Dollar,Five Cents,,,5 Cents - In Trade (1840),Yes,No,No,No
coin,Dollar,Five Cents,,,5 Cents - In Trade (3049),Yes,No,No,No
coin,Dollar,One Dime,,,10 Cents - Hi-Ho Tavern,Yes,No,No,No
coin,Half Dollar,One Dollar,,,1 oz Silver (Remember the Alamo),Yes,No,No,No
coin,Dollar,Three Dollars,,,"3 Dollars - Fairbuck (Fairfax, California)",Yes,No,No,No
coin,Dollar,One Dollar,,,"1 Dollar - Celebrity Hotel - Poker Alice (Deadwood, South Dakota)",Yes,No,No,No
coin,Dollar,Five Cents,,,5 Cent - National Pocket Billiard Parlor,Yes,No,No,No
coin,Dollar,Five Cents,,,5 Cents - Bowling Park Club,Yes,No,No,No
coin,Dollar,Five Cents,,,5 Cents - Parrot Sales Co.,Yes,No,No,No
coin,Dollar,Five Cents,,,5 Cents - Hoffmann Sub,Yes,No,No,No
coin,Dollar,Five Cents,,,5 Cent - Robinson Confectionary,Yes,No,No,No
coin,Dollar,One Dollar,,,Non Dollar - Bessie Coleman Prototype,Yes,No,No,No
coin,Dollar,One Dime,,,10 Cents - Heber Mercantile Company,Yes,No,No,No
coin,Dollar,One Dime,,,10 Cents - Sharpe's,Yes,No,No,No
coin,Dollar,One Cent,,,"1 Cent - F. S. Van Pelt (Burketown, Virginia)",Yes,No,No,No
coin,Dollar,Five Dollars,,,"5 Dollars - Walla Brothers Department Store (Morse Bluff, Nebraska)",Yes,No,No,No
coin,Dollar,Five Cents,,,"25 Cents - W. V. Shipley and Co. (Iowa Falls, Iowa)",Yes,No,No,No
coin,Dollar,Five Cents,,,"5 Cents - J. Jicha (Milligan, Nebraska)",Yes,No,No,No
coin,Dollar,One Cent,,,"1 Cent - J. E. Hornbaker (Clifton, Colorado)",Yes,No,No,No
coin,Dollar,Five Cents,,,"5 Cents - J. E. Hornbaker (Clifton, Colorado)",Yes,No,No,No
coin,Dollar,One Dime,,,"10 Cents - J. E. Hornbaker (Clifton, Colorado)",Yes,No,No,No
coin,Dollar,Five Cents,,,"25 Cents - J. E. Hornbaker (Clifton, Colorado)",Yes,No,No,No
coin,Dollar,Half Dollar,,,"50 Cents - J. E. Hornbaker (Clifton, Colorado)",Yes,No,No,No
coin,Dollar,One Dollar,,,"1 Dollar - J. E. Hornbaker (Clifton, Colorado)",Yes,No,No,No
coin,Dollar,Five Cents,,,25 Cents - San Francisco Int'l Flight Service,Yes,No,No,No
coin,Quarter,Five Cents,,,¼ Ounce - Golden State Mint (Buffalo Nickel),Yes,No,No,No
coin,Quarter,One Dollar,,,¼ oz Copper (Golden State Mint - Walking Liberty),Yes,No,No,No
coin,Dollar,Five Cents,,,5 Cents - 2704,Yes,No,No,No
coin,Dollar,Five Cents,,,"5 Cents - J. J. Egan (Milwaukee, Wisconsin)",Yes,No,No,No
coin,Dollar,One Dime,,,"10 Cents - J. J. Egan (Milwaukee, Wisconsin)",Yes,No,No,No
coin,Half Dollar,Five Cents,,,"25 Cents - Grand Card Room (Fargo, North Dakota)",Yes,No,No,No
coin,Dollar,One Cent,,,1 Cent - School Money,Yes,No,No,No
coin,Dollar,One Cent,,,1 Cent - School Money,Yes,No,No,No
coin,Dollar,One Cent,,,1 Cent - PMG Money,Yes,No,No,No
coin,Dollar,One Cent,,,1 Cent - School Money (☆☆☆☆),Yes,No,No,No
coin,Dollar,One Cent,,,1 Cent - School Money (Solid Outline),Yes,No,No,No
coin,Dollar,Five Cents,,,5 Cents - School Money,Yes,No,No,No
coin,Dollar,One Dime,,,10 Cents - PMG Money,Yes,No,No,No
coin,Dollar,One Dollar,,,1 Dollar - Good for One Dollar in Trade,Yes,No,No,No
coin,Dollar,Five Cents,,,"25 Cents - 12439 (St. Augustine, Florida)",Yes,No,No,No
coin,Dollar,Five Cents,,,5 Cents (K),Yes,No,No,No
coin,Dollar,One Dollar,,,"1 Dollar - Railhead Saloon (Tombstone, Arizona Territory)",Yes,No,No,No
coin,Dollar,Half Dollar,,,"50 Cents - Oldest American City In The West (Astoria, Oregon)",Yes,No,No,No
coin,Dollar,Five Cents,,,"5 Cents - Goodfellows (Dallas, Oregon)",Yes,No,No,No
coin,Dollar,One Dollar,,,"Havasu Dollar - London Bridge Rotary Club - Iwo Jima (Lake Havasu City, Arizona)",Yes,No,No,No
coin,Dollar,One Cent,,,"1 Cent - May Bros. (Akron, Ohio)",Yes,No,No,No
coin,Dollar,One Dollar,,,Two Face's Coin (Batman Forever),Yes,No,No,No
coin,Dollar,One Dollar,,,Two Face's coin (Batman The Dark Knight),Yes,No,No,No
coin,Dollar,One Dollar,,,"1 Dollar - Turbo Wash (Fort Madison, Iowa)",Yes,No,No,No
coin,Dollar,One Dollar,,,2.50 Dollars - Borgata (Atlantic City),Yes,No,No,No
coin,Dollar,Five Dollars,,,"5 Dollars - Mount Airy Casino Resort (Mount Pocono, Pennsylvania)",Yes,No,No,No
coin,Dollar,Half Dollar,,,"50 Cents - Trump Taj Mahal Casino (Atlantic City, New Jersey)",Yes,No,No,No
coin,Dollar,Five Dollars,,,5 Dollars (Ireland),Yes,No,No,No
coin,Dollar,Five Dollars,,,5 Dollars (Portugal),Yes,No,No,No
coin,Dollar,One Dollar,,,"1 Dollar - Pacific Holiday (Stockton, California)",Yes,No,No,No
coin,Dollar,One Dollar,,,"1 Dollar - Splash & Shine (Youngstown, Ohio)",Yes,No,No,No
coin,Dollar,Two Dollars,,,"2 Dollars - Ernie's (Worcester, Massachusetts)",Yes,No,No,No
coin,Dollar,One Dollar,,,"1 Dollar - Woody's Car Wash (Totem Lake, Washington)",Yes,No,No,No
coin,Dollar,One Dollar,,,"1 Dollar - Woody's Car Wash (Totem Lake, Washington)",Yes,No,No,No
coin,Dollar,One Dollar,,,"1 Dollar - The Carwash Palace (Seattle, Washington)",Yes,No,No,No
coin,Dollar,Twenty Dollars,,,20 Dollars (Guam),Yes,No,No,No
coin,Dollar,One Dollar,,,"1 Cycle - Good Night's (Lafayette, Indiana)",Yes,No,No,No
coin,Dollar,One Dollar,,,"Havasu Dollar - London Bridge Rotary Club - Arizona Statehood (Lake Havasu City, Arizona)",Yes,No,No,No
coin,Dollar,One Dollar,,,"1 Dollar - London Bridge Rotary Club - Rotary International (Lake Havasu City, Arizona)",Yes,No,No,No
coin,Dollar,One Dollar,,,1 Dollar - Diamond Car Wash,Yes,No,No,No
coin,Dollar,One Dollar,,,"1 Dollar - Village Car Wash (Warsaw, Missouri)",Yes,No,No,No
coin,Dollar,One Dollar,,,"1 Dollar - Splash and Dash (Mount Vernon, Washington)",Yes,No,No,No
coin,Dollar,One Dollar,,,"1 Dollar - Lavar El Carro (Guaynabo, Puerto Rico)",Yes,No,No,No
coin,Dollar,One Dollar,,,"1 Dollar - Waves (Fremont, Nebraska)",Yes,No,No,No
coin,Dollar,One Dollar,,,"1 Dollar - Splash N Dash (Warner Robins, Georgia)",Yes,No,No,No
coin,Dollar,One Dollar,,,"1 Dollar - Jeff's (Lexington, Kentucky)",Yes,No,No,No
coin,Dollar,Twenty Dollars,,,20 Dollars (NORFED Liberty Dollar),Yes,No,No,No
coin,Half Dollar,Half Dollar,,,50 Cents - Hudson Champlain Celebrations,Yes,No,No,No
coin,Dollar,One Dollar,,,1 Trillion Dollars,Yes,No,No,No
coin,Quarter,One Dollar,,,¼ oz Silver (Suns of Liberty Mint),Yes,No,No,No
coin,Dollar,One Dollar,,,1 Dollar - International Casino of Haiti,Yes,No,No,No
coin,Dollar,One Dollar,,,"1 Kona Dollar (Kona, Hawaii)",Yes,No,No,No
coin,Dollar,Half Dollar,,,"50 Cents - Cummins State Farm (Grady, Arkansas)",Yes,No,No,No
coin,Dollar,One Dollar,,,"1 Dollar - Gold Strike Inn (Boulder City, Nevada)",Yes,No,No,No
coin,Dollar,One Dollar,,,1 Dollar - Hilton (Las Vegas),Yes,No,No,No
coin,Dollar,Five Dollars,,,"5 Dollars - Bellagio (Las Vegas, Nevada)",Yes,No,No,No
coin,Dollar,Five Cents,,,5 Cents - A/15,Yes,No,No,No
medal,U.S. Medals,Medal,,,"Medal - United States Mint, Philadelphia",Yes,No,No,No
coin,Dollar,Five Cents,,,"5 Cents - W.A. Markley (Batavia, Arkansas)",Yes,No,No,No
coin,Dollar,One Dollar,,,So-Called Dollar - World's Columbian Exposition,Yes,No,No,No
coin,Dollar,One Dollar,,,1 Dollar (American Innovation - Introductory Coin),Yes,No,No,No
coin,Dollar,Five Cents,,,"25 Cents - Williams Mercantile Co. (Diaz, Arkansas)",Yes,No,No,No
coin,Dollar,One Cent,,,1 Cent (Miniature Coin),Yes,No,No,No
coin,Dollar,One Dollar,,,"So-Called Dollar - Santa Monica Breakwater (Santa Monica, California)",Yes,No,No,No
coin,Dollar,Five Cents,,,25 Cents - Officers Club U.S.A.F.E (Wiesbaden),Yes,No,No,No
coin,Dollar,Five Cents,,,25 Cent - Tropical Casino,Yes,No,No,No
coin,Dollar,Five Cents,,,"5 Cents - Victory Bell (Detroit, Michigan)",Yes,No,No,No
coin,Quarter,Quarter Dollar,,,"¼ Dollar ""Washington Quarter"" (Lowell National Historical Park, Massachusetts)",Yes,No,No,No
coin,Quarter,Quarter Dollar,,,"¼ Dollar ""Washington Quarter"" (American Memorial Park, Northern Mariana Islands)",Yes,No,No,No
coin,Quarter,Quarter Dollar,,,"¼ Dollar ""Washington Quarter"" (War in the Pacific National Historical Park, Guam)",Yes,No,No,No
coin,Quarter,Quarter Dollar,,,"¼ Dollar ""Washington Quarter"" (San Antonio Missions National Historical Park, Texas)",Yes,No,No,No
coin,Quarter,Quarter Dollar,,,"¼ Dollar ""Washington Quarter"" (Frank Church River of No Return Wilderness, Idaho)",Yes,No,No,No
coin,Quarter,Quarter Dollar,,,"¼ Dollar ""Washington Quarter"" (American Memorial Park, Northern Mariana Islands)",Yes,No,No,No
coin,Quarter,Quarter Dollar,,,"¼ Dollar ""Washington Quarter"" (Frank Church River of No Return Wilderness, Idaho)",Yes,No,No,No
coin,Quarter,Quarter Dollar,,,"¼ Dollar ""Washington Quarter"" (Lowell National Historical Park, Massachusetts)",Yes,No,No,No
coin,Quarter,Quarter Dollar,,,"¼ Dollar ""Washington Quarter"" (San Antonio Missions National Historical Park, Texas)",Yes,No,No,No
coin,Quarter,Quarter Dollar,,,"¼ Dollar ""Washington Quarter"" (War in the Pacific National Historical Park, Guam)",Yes,No,No,No
coin,Half Dollar,One Dollar,,,"1 Dollar ""Native American Dollar"" (American Indians in the Space Program)",Yes,No,No,No
coin,Dollar,Five Cents,,,"25 Cents - Josie's Coin Laundry (Roseville, Minnesota)",Yes,No,No,No
coin,Dollar,One Dime,,,10 Cents - Holland America Line,Yes,No,No,No
coin,Dollar,One Dollar,,,1 Dollar - National Pride Carwash,Yes,No,No,No
coin,Quarter,Five Dollars,,,5 Dollars (50th Anniversary of Apollo 11),Yes,No,No,No
coin,Quarter,One Dollar,,,1 Dollar (Apollo 11 50th Anniversary),Yes,No,No,No
coin,Quarter,Half Dollar,,,½ Dollar (50th Anniversary of Apollo 11),Yes,No,No,No
coin,Half Dollar,One Dollar,,,1 Dollar (50th Anniversary of Apollo 11),Yes,No,No,No
coin,Dollar,Five Cents,,,"5 Cent - Harrah's Joliet Casino (Joliet , Illinois)",Yes,No,No,No
coin,Dollar,One Dollar,,,1 Dollar (No Cash Value),Yes,No,No,No
coin,Dollar,Five Cents,,,5 Cents - Officers Open Mess Taipei (MAAG),Yes,No,No,No
coin,Dollar,One Dollar,,,1 Dollar - Splash and Dash Car Wash,Yes,No,No,No
coin,Dollar,Half Dollar,,,"50 Cents - NCO Open Mess (Lockbourne AFB, Ohio)",Yes,No,No,No
coin,Dollar,Half Dollar,,,"50 Cents - NCO Open Mess (Lockbourne AFB, Ohio)",Yes,No,No,No
coin,Dollar,One Dollar,,,1 Dollar (Good for One Dollar in Trade),Yes,No,No,No
coin,Dollar,One Dollar,,,"1 Dollar - Olympic Car Wash (Olathe, Kansas)",Yes,No,No,No
coin,Dollar,Half Dollar,,,50 Cents - Corvette Car Wash,Yes,No,No,No
coin,Dollar,Five Cents,,,"5 Cents - Aufrichtig Bros. (Brooklyn, New York)",Yes,No,No,No
coin,Dollar,Five Dollars,,,25 Dollars - Caesars Palace,Yes,No,No,No
coin,Dollar,One Dollar,,,1 Dollar - Ficha de Lavacoches,Yes,No,No,No
coin,Dollar,One Dollar,,,1 Dollar - Ficha de Lavacoches,Yes,No,No,No
coin,Dollar,One Dollar,,,"1 Dollar - Rainbow Car Wash (Sunnyvale, California)",Yes,No,No,No
coin,Dollar,One Dime,,,"10 Cents - United Motor Coach (Des Plaines, Illinois)",Yes,No,No,No
coin,Dollar,One Dollar,,,"1 Dollar - Ford City Car Wash (Ford City, Pennsylvania)",Yes,No,No,No
coin,Half Dollar,One Dollar,,,"1 Dollar - City Park (Seattle, Washington)",Yes,No,No,No
coin,Dollar,One Dollar,,,"1 Dollar - Wat Mongkolratanaram (San Francisco, California)",Yes,No,No,No
coin,Quarter,One Dollar,,,1 Ounce - Panda (Chinese Panda Commemoration - AMC),Yes,No,No,No
coin,Quarter,One Dollar,,,50 Free Songs - Emusic.com (New York),Yes,No,No,No
coin,Dollar,Five Cents,,,Nedicks Nickel,Yes,No,No,No
coin,Dollar,One Dollar,,,⅕ Dollar (Counterstamped),Yes,No,No,No
coin,Dollar,Half Dollar,,,"50 Cents - Twin Creeks (Sunnyvale, California)",Yes,No,No,No
coin,Dollar,Five Cents,,,5 Cents - Brooklyn Prison (New York),Yes,No,No,No
coin,Dollar,One Cent,,,"1 Penny - St. Georges Chapter № 46 (Lake Andes, S.D)",Yes,No,No,No
coin,Quarter,One Dollar,,,"1 Sol - Louis XIV (1707 ""Dauphin island"")",Yes,No,No,No
coin,Quarter,One Cent,,,"¼ Cent - Paris Chamber of Commerce (Paris, Illinois)",Yes,No,No,No
coin,Quarter,One Cent,,,"¼ Cent - Galva Chamber of Commerce (Galva, Illinois)",Yes,No,No,No
coin,Half Dollar,Five Dollars,,,5 Dollars - Red Goose Shoes (Small Lettering),Yes,No,No,No
coin,Dollar,Twenty Cents,,,"20 Cents - Hamilton County Coaches (Chattanooga, Tennessee)",Yes,No,No,No
coin,Dollar,Five Cents,,,"25 Cents - Alton Belle Casino (Alton, Illinois)",Yes,No,No,No
coin,Dollar,One Dollar,,,1 Wooden Buck - Red Fox Club,Yes,No,No,No
coin,Dollar,One Dollar,,,"1 Dollar - Greg's (Porterville, California)",Yes,No,No,No
coin,Dollar,One Dime,,,"10 Cents - McDonald Bus Lines, Inc. (Girard, Ohio)",Yes,No,No,No
coin,Dollar,One Dollar,,,1 Maui Trade Dollar,Yes,No,No,No
coin,Quarter,One Dollar,,,2 Ounces - Egyptian Gods (Khnum),Yes,No,No,No
coin,Dollar,Five Dollars,,,"25 Dollars - Poker Room Monte Carlo (Las Vegas, Nevada)",Yes,No,No,No
coin,Dollar,One Dollar,,,1 Play Coin Transogram,Yes,No,No,No
coin,Half Dollar,One Dollar,,,"1 Dollar - Marquette Harbor Cruises (Marquette, Michigan)",Yes,No,No,No
coin,Half Dollar,One Dollar,,,1 Ounce - Golden State Mint (British Trade Dollar),Yes,No,No,No
coin,Dollar,One Dollar,,,1 Dollar - Ficha de Lavacoches,Yes,No,No,No
coin,Quarter,One Dollar,,,"1oz Silver (Mucha Collection - ""Dance"")",Yes,No,No,No
coin,Dollar,One Dollar,,,"1 Dollar - London Bridge Rotary Club (Lake Havasu City, Arizona)",Yes,No,No,No
coin,Quarter,Quarter Dollar,,,"¼ Dollar ""Washington Quarter"" (Lowell National Historical Park, Massachusetts - Silver 5 oz Bullion)",Yes,No,No,No
coin,Quarter,Quarter Dollar,,,"¼ Dollar ""Washington Quarter"" (American Memorial Park, Northern Mariana Islands - Silver 5 oz Bullion)",Yes,No,No,No
coin,Dollar,One Dollar,,,"Havasu Dollar - London Bridge Rotary Club - Statue of Liberty (Lake Havasu City, Arizona)",Yes,No,No,No
coin,Dollar,One Dollar,,,"Havasu Dollar - London Bridge Rotary Club - U.S. Constitution (Lake Havasu City, Arizona)",Yes,No,No,No
coin,Dollar,One Dollar,,,"Havasu Dollar - London Bridge Rotary Club (Lake Havasu City, Arizona)",Yes,No,No,No
coin,Dollar,One Dollar,,,"Havasu Dollar - Lake Havasu London Bridge (Lake Havasu City, Arizona)",Yes,No,No,No
coin,Dollar,One Dollar,,,"Havasu Dollar - London Bridge Rotary Club (Lake Havasu City, Arizona)",Yes,No,No,No
coin,Dollar,One Dollar,,,"Havasu Dollar - London Bridge Rotary Club - U.S. Armed Forces (Lake Havasu City, Arizona)",Yes,No,No,No
coin,Dollar,One Dollar,,,"Havasu Dollar - London Bridge Rotary Club - Lewis and Clark Expedition (Lake Havasu City, Arizona)",Yes,No,No,No
coin,Dollar,One Dollar,,,"Havasu Dollar - London Bridge Rotary Club - Route 66 (Lake Havasu City, Arizona)",Yes,No,No,No
coin,Dollar,One Dollar,,,"Havasu Dollar - London Bridge Rotary Club - Run to the Sun (Lake Havasu City, Arizona)",Yes,No,No,No
coin,Dollar,One Dollar,,,"Havasu Dollar - London Bridge Rotary Club - Liberty, Justice, Freedom (Lake Havasu City, Arizona)",Yes,No,No,No
coin,Dollar,One Dollar,,,"Havasu Dollar - London Bridge Rotary Club - The Price of Freedom (Lake Havasu City, Arizona)",Yes,No,No,No
coin,Dollar,One Dime,,,10 Cents - Richmond-Petersburg Turnpike (Virginia Highways),Yes,No,No,No
coin,Dollar,Five Cents,,,15 Cents - Richmond-Petersburg Turnpike (Virginia Highways),Yes,No,No,No
coin,Dollar,Twenty Cents,,,20 Cents - Richmond-Petersburg Turnpike (Virginia Highways),Yes,No,No,No
coin,Half Dollar,Five Cents,,,"5 Cents - Amherst Coal Company (Amherstdale, West Virginia)",Yes,No,No,No
coin,Dollar,One Dollar,,,1 Dollar - Ellis Mercantile,Yes,No,No,No
coin,Dollar,One Dime,,,"10 Cents - Sambo's Restaurants (Tuscaloosa, Alabama)",Yes,No,No,No
coin,Dollar,Two Dollars,,,"2 Dollars - Downtown At The Gardens (Palm Beach Gardens, Florida)",Yes,No,No,No
coin,Dollar,Five Cents,,,"25 Cents - Mr Suds (Erie, Pennsylvania)",Yes,No,No,No
coin,Dollar,One Dime,,,"10 Cents - L. Creps General Merchandise (Cambridge, Idaho)",Yes,No,No,No
coin,Dollar,Five Cents,,,"5 Cents - Brunswick Billiard Hall (Payette, Idaho; Six dots obv.)",Yes,No,No,No
coin,Dollar,One Dollar,,,Copper (Bust left),Yes,No,No,No
coin,Dollar,One Dollar,,,1 Dollar - Nebraska Centennial (Johnson County),Yes,No,No,No
coin,Dollar,Five Cents,,,"5 Cents - Hi Way Cigar Store (Eagle, Idaho)",Yes,No,No,No
coin,Dollar,One Dollar,,,Souvenir Dollar - North Dakota (Bicentennial),Yes,No,No,No
coin,Half Dollar,Five Dollars,,,5 Dollars (American Legion 100th Anniversary),Yes,No,No,No
coin,Half Dollar,One Dollar,,,1 Dollar (American Legion 100th Anniversary),Yes,No,No,No
coin,Half Dollar,Half Dollar,,,½ Dollar (American Legion 100th Anniversary),Yes,No,No,No
coin,Half Dollar,Half Cent,,,½ Cent,Yes,No,No,No
coin,Dollar,One Dollar,,,Souvenir Dollar - Nebraska Centennial (Saline County),Yes,No,No,No
coin,Dollar,Five Cents,,,25 Cents (Baseball),Yes,No,No,No
coin,Dollar,One Dollar,,,"1 Dollar - Mid-Town Car Wash (Saint Charles, Missouri)",Yes,No,No,No
coin,Dollar,One Dollar,,,"1 Thunder Buck - Hotel Thunderbird (Las Vegas, Nevada)",Yes,No,No,No
coin,Half Dollar,Half Dollar,,,"½ Dollar - Cabbage Patch Kids (Cleveland, Gerogia)",Yes,No,No,No
coin,Dollar,Five Cents,,,"5 Cents - Public Service Coordinated Transport (Newark, New Jersey)",Yes,No,No,No
coin,Dollar,Five Cents,,,5 Cents - Burger King (King Kash),Yes,No,No,No
coin,Dollar,Five Cents,,,5 Cents - Fangburger,Yes,No,No,No
coin,Dollar,Five Cents,,,"5 Cents - Marcotte's Corner (Eusebe Marcotte, Tanana, Alaska)",Yes,No,No,No
coin,Dollar,Five Cents,,,"25 Cents - Ellery's Laundry Center (Monticello, New York)",Yes,No,No,No
coin,Dollar,One Dollar,,,1 Dollar - Sportspark,Yes,No,No,No
coin,Dollar,Five Cents,,,"25 Cents - Cotton's Bar (La Crosse, Wisconsin)",Yes,No,No,No
coin,Dollar,One Dollar,,,"1 Dollar - Carthage Mercantile Company (Carthage, New Mexico)",Yes,No,No,No
coin,Dollar,Five Cents,,,"25 Cents - Michigan National Guard (Camp Grayling, Michigan)",Yes,No,No,No
coin,Half Dollar,One Dollar,,,"Souvenir Half-Dollar - Cheboygan, Michigan (Centennial)",Yes,No,No,No
coin,Half Dollar,Half Dollar,,,½ Dollar - Portsmouth Sesquicentennial (Ohio),Yes,No,No,No
coin,Half Dollar,Half Dollar,,,"½ Dollar - Smithville Founders Days (Smithville, Tennessee)",Yes,No,No,No
coin,Dollar,One Dime,,,"10 Cents - CTCO (Fairmont, West Virginia)",Yes,No,No,No
coin,Half Dollar,Five Dollars,,,5 Dollars - Red Goose Shoes (Large Lettering),Yes,No,No,No
coin,Dollar,One Hundred Dollars,,,"100 Dollars ""American Platinum Eagle"" (Bullion Coinage)",Yes,No,No,No
coin,Dollar,Five Cents,,,"25 Cents -The New River Company (Stanaford, West Virginia)",Yes,No,No,No
coin,Dollar,Five Cents,,,"5 Cents - Mary Frances Coal Company (Robson, West Virginia)",Yes,No,No,No
coin,Dollar,One Dime,,,"10 Cents - Gibson Fuel Co. (Blackwood, Virginia)",Yes,No,No,No
coin,Quarter,One Dollar,,,"¼ Almud - Vega-Redonda Hacienda (Las Marias Bucarabones, Puerto Rico)",Yes,No,No,No
coin,Dollar,Five Cents,,,25 Cents - Flip for McDonald's (Southwest Virginia),Yes,No,No,No
coin,Dollar,One Dollar,,,"1 Dollar - C. Blocker (St. Benedict, Kansas)",Yes,No,No,No
coin,Dollar,Five Cents,,,"25 Cents - Domino Parlor (Hatch, New Mexico)",Yes,No,No,No
coin,Dollar,One Dollar,,,"Commemorative Dollar - London Bridge Rotary Club - Powered Flight (Lake Havasu City, Arizona)",Yes,No,No,No
coin,Dollar,Five Cents,,,5 Cents - The House of Trader Al,Yes,No,No,No
coin,Dollar,One Dime,,,"10 Cents - Swenson Bros. (Morganville, Kansas)",Yes,No,No,No
coin,Half Dollar,Half Dollar,,,"50 Cents - Montgomery Civil War Centennial Commemoration (Montgomery, Alabama)",Yes,No,No,No
coin,Dollar,One Dollar,,,"Havasu Dollar - London Bridge Rotary Club (Lake Havasu City, Arizona)",Yes,No,No,No
coin,Dollar,One Dollar,,,"Havasu Dollar - London Bridge Rotary Club (Lake Havasu City, Arizona)",Yes,No,No,No
coin,Dollar,Fifty Dollars,,,"50 Dollars - Jobe Rose Fine Jewelers (Birmingham, Alabama)",Yes,No,No,No
coin,Dollar,One Dollar,,,1 Dollar - S. W. Hair Design,Yes,No,No,No
coin,Dollar,One Dollar,,,1 Dollar - Thrifty Nickel,Yes,No,No,No
coin,Half Dollar,Five Cents,,,"5 Cents - CoalRun Coal Company (Cunard, West Virginia)",Yes,No,No,No
coin,Half Dollar,One Cent,,,"1 Cent - Maryland Coal Company (Wendel, West Virginia)",Yes,No,No,No
coin,Half Dollar,Half Dollar,,,½ Dollar - Boyertown Centennial (Pennsylvania),Yes,No,No,No
coin,Dollar,Five Cents,,,5 Cents - Bruening and Kerstner Dry Goods Co.,Yes,No,No,No
coin,Dollar,One Dime,,,10 Cents - Bruening and Kerstner Dry Goods Co.,Yes,No,No,No
coin,Dollar,Five Cents,,,25 Cents - Bruening and Kerstner Dry Goods Co.,Yes,No,No,No
coin,Dollar,Half Dollar,,,50 Cents - Bruening and Kerstner Dry Goods Co.,Yes,No,No,No
coin,Dollar,One Dollar,,,"1 Dollar - Bruening and Kerstner Dry Goods Co. (Jackson, Missouri)",Yes,No,No,No
coin,Dollar,One Dollar,,,"1 Dollar - Artas Bazaar (Artas, South Dakota)",Yes,No,No,No
coin,Dollar,One Dollar,,,"1 Dollar - Celebrity Hotel - Potato Creek Johnny (Deadwood, South Dakota)",Yes,No,No,No
coin,Dollar,One Dollar,,,"1 Dollar - Celebrity Hotel - Wild Bill Hickok (Deadwood, South Dakota)",Yes,No,No,No
coin,Dollar,One Dollar,,,"1 Dollar - Humboldt Hotel and Casino (Winnemucca, Nevada)",Yes,No,No,No
coin,Dollar,Five Cents,,,"25 Cents - Diamond Parking Service (Seattle, Washington)",Yes,No,No,No
coin,Dollar,Five Cents,,,"5 Cents - The Wilmot Mercantile Co. (Wilmot, South Dakota)",Yes,No,No,No
coin,Dollar,One Dime,,,"10 Cents - The Wilmot Mercantile Co. (Wilmot, South Dakota)",Yes,No,No,No
coin,Dollar,Five Cents,,,"25 Cents - The Wilmot Mercantile Co. (Wilmot, South Dakota)",Yes,No,No,No
coin,Dollar,Half Dollar,,,"50 Cents - The Wilmot Mercantile Co. (Wilmot, South Dakota)",Yes,No,No,No
coin,Dollar,One Dollar,,,"1 Dollar - The Wilmot Mercantile Co. (Wilmot, South Dakota)",Yes,No,No,No
coin,Dollar,One Dime,,,"10 Cents - J. M. Thorson (Crooks, South Dakota)",Yes,No,No,No
coin,Dollar,One Cent,,,"6¼ Cents - Tonopah Drug Company (Tonopah, Nevada)",Yes,No,No,No
coin,Dollar,One Cent,,,"1 Cent - Zim Arcade (Long Beach, California)",Yes,No,No,No
coin,Dollar,Five Dollars,,,$5 000 000.00 Reader's Digest Lucky Sweepstakes Coin,Yes,No,No,No
coin,Dollar,Five Dollars,,,"5 Dollars - Bob Turner Master Plumber (Oxford, Michigan)",Yes,No,No,No
coin,Dollar,Five Cents,,,5 Cents - Keeney's (Refresh-mints),Yes,No,No,No
coin,Dollar,One Dollar,,,"1 Dollar - Skagway, Alaska",Yes,No,No,No
coin,Dollar,One Dime,,,"10 Cents - Brown's Tavern (Laingsburg, Michigan)",Yes,No,No,No
coin,Dollar,Five Dollars,,,"5 Dollars - Grand Casino (Biloxi, Mississippi)",Yes,No,No,No
coin,Dollar,One Dollar,,,"1 Dollar - Luxor (Las Vegas, Nevada)",Yes,No,No,No
coin,Dollar,One Dime,,,"1 Dime ""Roosevelt Dime"" (Silver Proof)",Yes,No,No,No
coin,Half Dollar,Half Dollar,,,"½ Dollar ""Kennedy Half Dollar"" (Silver .999)",Yes,No,No,No
coin,Dollar,Half Cent,,,"2½ Cents - Leo's Bar (Milwaukee, Wisconsin)",Yes,No,No,No
coin,Dollar,One Dollar,,,"1 Drachm - H. Troemner (Philadelphia, Pennsylvania)",Yes,No,No,No
coin,Dollar,One Dollar,,,"1 Dollar - Super Clean Car Wash (Blue Ridge, Georgia)",Yes,No,No,No
coin,Dollar,One Dollar,,,"1 Dollar - ACW (Clarksville, Tennessee)",Yes,No,No,No
coin,Dollar,One Dollar,,,"1 Dollar - Corner Car Wash (Plum Boro, Pennsylvania)",Yes,No,No,No
coin,Dollar,Two Dollars,,,2 Dollars - Bagel World,Yes,No,No,No
coin,Quarter,Quarter Dollar,,,"¼ Dollar ""Washington Quarter"" (War in the Pacific National Historical Park, Guam - Silver 5 oz Bullion)",Yes,No,No,No
coin,Dollar,One Dollar,,,"1 Dollar - Metro Car and Dog Wash (Alexandria, Louisiana)",Yes,No,No,No
coin,Dollar,One Dollar,,,"1 Dollar - Baggett Springs (White House, Tennessee)",Yes,No,No,No
coin,Dollar,One Dollar,,,"1 Dollar - America's Best (Mount Prospect, Illinois)",Yes,No,No,No
coin,Dollar,One Dollar,,,"1 Dollar - The Catholic Shop (Chantilly, Virginia)",Yes,No,No,No
coin,Quarter,Quarter Dollar,,,"¼ Dollar ""Washington Quarter"" (San Antonio Missions National Historical Park, Texas - Silver 5 oz Bullion)",Yes,No,No,No
coin,Dollar,One Dollar,,,"1 Dollar - IDX (Tarpon Springs, Florida)",Yes,No,No,No
coin,Dollar,One Dollar,,,"1 Dollar - Florida At Columbia (Hemet, California)",Yes,No,No,No
coin,Dollar,One Dime,,,10 Cents - AAFES Gift Certificate (14E10),Yes,No,No,No
coin,Dollar,One Dime,,,10 Cents - AAFES Gift Certificate (14A10),Yes,No,No,No
coin,Dollar,One Dime,,,10 Cents - AAFES Gift Certificate (14L10),Yes,No,No,No
coin,Dollar,Five Cents,,,5 Cents - AAFES Gift Certificate (15F5),Yes,No,No,No
coin,Dollar,One Dime,,,10 Cents - AAFES Gift Certificate (16C10),Yes,No,No,No
coin,Dollar,Five Cents,,,25 Cents - AAFES Gift Certificate (16H25),Yes,No,No,No
coin,Dollar,Five Cents,,,25 Cents - AAFES Gift Certificate (16E25),Yes,No,No,No
coin,Dollar,Five Dollars,,,5 Dollars - Northern California Numismatic Association (James H. Laird Memorial Seminar),Yes,No,No,No
coin,Dollar,Half Dollar,,,"50 Cents - Jensen, Christensen and Co. (Farwell, Nebraska)",Yes,No,No,No
coin,Dollar,One Dime,,,"10 Cents - Farmers Mercantile Co. (Dwight, Nebraska)",Yes,No,No,No
coin,Dollar,Five Cents,,,"25 Cents - Alderman's Tavern (Omaha, Nebraska)",Yes,No,No,No
coin,Dollar,Five Cents,,,"25 Cents - Jerry Pleskac General Merchandise (Loma, Nebraska)",Yes,No,No,No
coin,Dollar,Five Cents,,,"5 Cents - Ciemny's Store (Elyria, Nebraska)",Yes,No,No,No
coin,Dollar,Five Cents,,,"5 Cents - Farmers Union Company Store (Weston, Nebraska)",Yes,No,No,No
coin,Dollar,Half Dollar,,,"50 Cents - Kacirek Brothers General Merchandise and Hardware (Weston, Nebraska)",Yes,No,No,No
coin,Dollar,One Dollar,,,"1 Dollar - Kacirek Brothers General Merchandise and Hardware (Weston, Nebraska)",Yes,No,No,No
coin,Half Dollar,Five Cents,,,"5 Cents - The Merchandise Mart (Fayetteville, North Carolina)",Yes,No,No,No
coin,Half Dollar,One Dollar,,,Play Half Buck - Uncle Sam,Yes,No,No,No
coin,Dollar,One Cent,,,1 Penny - No. 80,Yes,No,No,No
coin,Half Dollar,Half Dollar,,,Mini coin - ½ Dollar Kennedy Half Dollar,Yes,No,No,No
coin,Dollar,Five Cents,,,5 Cents - Carnival Cruise Lines,Yes,No,No,No
coin,Dollar,One Dollar,,,"1 Dollar - The Boardwalk Regency (Atlantic City, New Jersey)",Yes,No,No,No
coin,Dollar,Half Dollar,,,"50 Cents - Connie Grabb Smoke Shop (Baker, Oregon)",Yes,No,No,No
coin,Dollar,Five Cents,,,"25 Cents - Sofspra (Portland, Oregon)",Yes,No,No,No
coin,Dollar,Twenty Dollars,,,20 Dollars - Double Eagle 1933 Saint-Gaudens,Yes,No,No,No
coin,Half Dollar,Half Dollar,,,"Souvenir Half Dollar - Beaver Falls, Pennsylvania",Yes,No,No,No
coin,Dollar,Five Cents,,,"25 Cents - President Casino on the Admiral (St. Louis, Missouri)",Yes,No,No,No
coin,Dollar,Half Dollar,,,"50 Cents - Ten Years of Oil Progress (Williston, North Dakota)",Yes,No,No,No
coin,Dollar,One Dime,,,10 Cents - Denny's,Yes,No,No,No
coin,Dollar,One Dollar,,,"1 Dollar - VIP Car Washes (Salt Lake City, Utah)",Yes,No,No,No
coin,Dollar,One Dollar,,,"1 Dollar - Aquajet Express (Belle Vernon, Pennsylvania)",Yes,No,No,No
coin,Dollar,Three Dollars,,,"3 Dollars - Swede's Saloon (Yuma, Arizona)",Yes,No,No,No
coin,Dollar,One Dollar,,,"1 Dollar - Peachtree Car Wash (Hyattsville, Maryland)",Yes,No,No,No
coin,Dollar,One Dollar,,,"1 Dollar - Liberty 24⁄7 (Sykesville, Maryland)",Yes,No,No,No
coin,Dollar,One Dollar,,,"1 Dollar - Super Mr. Big's (Orlando, Florida)",Yes,No,No,No
coin,Dollar,One Dollar,,,"1 Dollar - St. John's (Albany, Indiana)",Yes,No,No,No
coin,Dollar,One Dollar,,,"1 Dollar - Metro Parkway (Fort Myers, Florida)",Yes,No,No,No
coin,Dollar,One Dollar,,,"1 Dollar - West Side Auto Wash (Troy, Ohio)",Yes,No,No,No
coin,Dollar,Two Dollars,,,"2 Dollars - Gately's 241 (Detroit, Michigan)",Yes,No,No,No
coin,Dollar,One Dollar,,,"Freedom Dollar - Freedom Festval (Ephrata, Washington)",Yes,No,No,No
coin,Dollar,One Dime,,,10 Cents - Manorhouse Bad Soden (Germany),Yes,No,No,No
coin,Dollar,One Dollar,,,1 oz Silver (The Metal Arts Co. - Morgan Dollar),Yes,No,No,No
coin,Dollar,Half Dollar,,,50 Cents - Coshocton Sesquicentennial,Yes,No,No,No
coin,Dollar,Twenty Dollars,,,"20 Dollars ""Saint-Gaudens - Double Eagle"" (Miniature coin)",Yes,No,No,No
coin,Dollar,Five Cents,,,"5 Cents - Senior High (Little Rock, Arkansas)",Yes,No,No,No
coin,Dollar,Five Cents,,,5 Cents - Hotel Hilda and Cafe,Yes,No,No,No
coin,Dollar,Five Cents,,,25 Cents (Play Value),Yes,No,No,No
coin,Dollar,Two Cents,,,2 Cents - Donald H. Kagin for A.N.A. President,Yes,No,No,No
coin,Dollar,One Dollar,,,1 Dollar - Casino Royale (Tamuning),Yes,No,No,No
coin,Dollar,One Dollar,,,1 Dollar (Gulper Eel),Yes,No,No,No
coin,Dollar,One Dollar,,,1 Dollar (Humpback Anglerfish),Yes,No,No,No
coin,Dollar,Ten Dollars,,,"10 Dollars - Caesars Palace (Las Vegas, Nevada)",Yes,No,No,No
coin,Dollar,Half Dollar,,,"50 Cents - Carthage, Illinois (125th Anniversary)",Yes,No,No,No
coin,Dollar,Five Cents,,,25 Cents - Emerald Lady Riverboat Casino (Blackhawk),Yes,No,No,No
coin,Dollar,Five Cents,,,25 Cents - Emerald Lady Riverboat Casino (Buffalo Bill Cody),Yes,No,No,No
coin,Dollar,Five Dollars,,,25 Dollars (Palladium Eagle),Yes,No,No,No
coin,Dollar,Half Dollar,,,50 Cents - Charles D Arceneaux,Yes,No,No,No
coin,Dollar,One Hundred Dollars,,,100 Dollars (American Liberty High Relief),Yes,No,No,No
coin,Dollar,One Dollar,,,1 Dollar (Las Vegas),Yes,No,No,No
coin,Dollar,Five Cents,,,"25 Cents - Holiday Casino Cruises, Paradise (Florida)",Yes,No,No,No
coin,Dollar,Half Dollar,,,"50 Cents - The Blue Store (Manchester, New Hampshire)",Yes,No,No,No
coin,Dollar,Five Cents,,,"5 Cents - Jeffit Maki Billiards - Beaded Border (Buhl, Minnesota)",Yes,No,No,No
coin,Half Dollar,Half Cent,,,"½ Cent - Peoples National Bank (Orlando, Florida)",Yes,No,No,No
coin,Half Dollar,One Dollar,,,1 Dollar - Denny's,Yes,No,No,No
coin,Dollar,One Cent,,,1 Penny (Woodmen of the World),Yes,No,No,No
coin,Dollar,One Dollar,,,"1 Dollar - Alaska Centennial (Anchorage, Alaska)",Yes,No,No,No
coin,Dollar,Five Cents,,,"25 Cents - The Strawberry (Three Rivers, Michigan)",Yes,No,No,No
coin,Dollar,Five Cents,,,"25 Cents - Marquette Centennial (Marquette, Michigan)",Yes,No,No,No
coin,Dollar,One Dollar,,,"Palmer Dollar - Midsummer Festival (Palmer, Alaska)",Yes,No,No,No
coin,Half Dollar,One Dollar,,,1 Dollar - Red Goose Shoes (Large Lettering),Yes,No,No,No
coin,Dollar,Five Cents,,,"25 Cents - M. Vawrinek (Wagner, South Dakota)",Yes,No,No,No
coin,Dollar,Five Cents,,,"5 Cents - Queen-O (Buffalo, New York)",Yes,No,No,No
coin,Dollar,Two Cents,,,"2 Cents - Sands Bros. (Kenyon, Minnesota)",Yes,No,No,No
coin,Dollar,One Dollar,,,"1 Dollar - Thermopolis Rodeo Days (Thermopolis, Wyoming)",Yes,No,No,No
coin,Dollar,Five Cents,,,"5 Cents - John Konko Restaurant (Dunkirk, New York)",Yes,No,No,No
coin,Dollar,One Dime,,,"10 Cents - Cozad Country Club (Cozad, Nebraska)",Yes,No,No,No
coin,Dollar,Five Cents,,,"5 Cents - Fraternal Order of Eagles 176 (Billings, Montana)",Yes,No,No,No
coin,Dollar,One Dime,,,"10 Cents - Chet's Tavern (Albany, New York)",Yes,No,No,No
coin,Quarter,Five Cents,,,"5 Cents - 4th Avenue Card Room (Portland, Oregon)",Yes,No,No,No
coin,Dollar,Five Cents,,,5 Cents - Automatic Machine Co. (Clover),Yes,No,No,No
coin,Dollar,Five Cents,,,"5 Cents - Billie's Tavern (Nehalem, Oregon)",Yes,No,No,No
coin,Dollar,One Dollar,,,"1 Dollar - Auto Bath Systems (Champaign, Illinois)",Yes,No,No,No
coin,Dollar,Five Cents,,,"5 Cents - Clean Eagle Coal Co. (Mallory, West Virginia)",Yes,No,No,No
coin,Quarter,Five Cents,,,"25 Cent - Mesquaki Bingo and Casino (Tama, Iowa)",Yes,No,No,No
coin,Dollar,Five Cents,,,"5 Cents - 113 (Moscow, Idaho)",Yes,No,No,No
coin,Dollar,Five Cents,,,5 Cents - Automatic Machine Co. (Iron Cross),Yes,No,No,No
coin,Dollar,One Cent,,,"1 Cent - Oliver Boutwell (Troy, New York)",Yes,No,No,No
coin,Dollar,One Dollar,,,1 Ounce - Art Bar Mint (1 Silver Dollar Certificate),Yes,No,No,No
coin,Dollar,Five Cents,,,"5 Cents - H. J. Tiemeier General Merchandise (Lincolnville and Tampa, Kansas)",Yes,No,No,No
coin,Dollar,Five Cents,,,"25 Cents - C. Sohre (Good Thunder, Minnesota)",Yes,No,No,No
coin,Dollar,One Dime,,,"10 Cents - H. J. Tiemeier General Merchandise (Lincolnville and Tampa, Kansas)",Yes,No,No,No
coin,Dollar,Five Cents,,,"25 Cents - H. J. Tiemeier General Merchandise (Lincolnville and Tampa, Kansas)",Yes,No,No,No
coin,Dollar,One Dollar,,,"1 Dollar - H. J. Tiemeier General Merchandise (Lincolnville and Tampa, Kansas)",Yes,No,No,No
coin,Dollar,One Dime,,,"10 Cents - Looff's (Long Beach, California)",Yes,No,No,No
coin,Dollar,Five Cents,,,"5 Cents - Crosley's Card Room (Forest Grove, Oregon)",Yes,No,No,No
coin,Dollar,One Dime,,,10 Cents - C and L Concessions,Yes,No,No,No
coin,Dollar,One Dime,,,"10 Cents - H.W. Holtgrewe (Daykin, Nebraska)",Yes,No,No,No
coin,Dollar,One Cent,,,"1 Cent - Delaware Board of Corrections (Wilmington, Delaware)",Yes,No,No,No
coin,Dollar,One Dollar,,,1 Dollar - Spot Free Car Wash,Yes,No,No,No
coin,Dollar,One Dollar,,,"1 Dollar - Mr. Sudsy (Puyallup, Washington)",Yes,No,No,No
coin,Dollar,One Dollar,,,"1 Dollar - Spraymasters (Oakland, California)",Yes,No,No,No
coin,Dollar,One Dollar,,,1 Dollar - National Pride Carwash,Yes,No,No,No
coin,Dollar,One Dollar,,,"1 Dollar - Four Corners (Maple Valley, Washington)",Yes,No,No,No
coin,Dollar,One Dollar,,,"1 Dollar - Bkleen (Beverly Hills, Florida)",Yes,No,No,No
coin,Dollar,One Dollar,,,"1 Dollar - Palms (Las Vegas, Nevada)",Yes,No,No,No
coin,Dollar,One Dollar,,,"1 Dollar - Princess Dorothy Coal Co. (Eunice, West Virginia)",Yes,No,No,No
coin,Dollar,One Dollar,,,1 Ounce Copper (Art Bar Mint - 500 Dollars),Yes,No,No,No
coin,Dollar,Five Cents,,,"25 Cents - Oak Street Carwash (Scottsdale, Arizona)",Yes,No,No,No
coin,Dollar,Five Cents,,,"25 Cents - Big Splash (Saint Paul, Minnesota)",Yes,No,No,No
coin,Dollar,One Dollar,,,"1 Dollar - North Bridge Street Touch Free (Elkton, Maryland)",Yes,No,No,No
coin,Dollar,One Dollar,,,"1 Dollar - Calico Place (Berea, Kentucky)",Yes,No,No,No
coin,Dollar,One Dollar,,,"1 Dollar - Hurricane Bay (Rome, Georgia)",Yes,No,No,No
coin,Dollar,One Dollar,,,"1 Dollar - Lil' Donnie Walker’s (Greensboro, North Carolina)",Yes,No,No,No
coin,Dollar,One Dollar,,,"1 Dollar - Dunk N’ Foam-It (Southbridge, Massachusetts)",Yes,No,No,No
coin,Dollar,One Dollar,,,"1 Dollar - Wash Zone (Petersburg, Virginia)",Yes,No,No,No
coin,Dollar,One Dollar,,,"1 Dollar - Soapy Suds (Fort Myers, Florida)",Yes,No,No,No
coin,Dollar,One Dollar,,,"Souvenir Dollar (Casper, Wyoming)",Yes,No,No,No
coin,Dollar,Five Cents,,,"5 Cents - J.L. Wentzel (Fisher, Minnesota)",Yes,No,No,No
coin,Dollar,Five Cents,,,"5 Cents - L.H. Rapin (Crookston, Minnesota)",Yes,No,No,No
coin,Dollar,Five Cents,,,"5 Cents - N.J. Pfeffer (Warren, Minnesota)",Yes,No,No,No
coin,Dollar,Five Cents,,,"5 Cents - Jewel Tavern (Red Lake Falls, Minnesota)",Yes,No,No,No
coin,Dollar,Five Cents,,,5 Cents - Beroun Tap and Cafe,Yes,No,No,No
coin,Dollar,Five Cents,,,5 Cents - L. W. Gadbow,Yes,No,No,No
coin,Dollar,Five Cents,,,"5 Cents - Recreation Parlor (Dexter, Minnesota)",Yes,No,No,No
coin,Dollar,One Dollar,,,1 Dollar (California Fractional Gold),Yes,No,No,No
coin,Dollar,Five Cents,,,"25 Cents - Oasis (Bemidji, Minnesota)",Yes,No,No,No
coin,Dollar,Five Cents,,,5 Cents - Owl Cigar Store,Yes,No,No,No
coin,Dollar,Five Cents,,,"5 Cents - Emil’s Rec. Parlor (Hanska, Minnesota)",Yes,No,No,No
coin,Dollar,Five Cents,,,5 Cents - 31554,Yes,No,No,No
coin,Dollar,Five Cents,,,"5 Cents - S.C. Honeywell (Watertown, South Dakota)",Yes,No,No,No
coin,Dollar,One Dollar,,,"1.75 Dollar - RC Sports Bar and Grill (Springfield, Minnesota)",Yes,No,No,No
coin,Dollar,One Dollar,,,"Havasu Dollar - Lake Havasu London Bridge (Lake Havasu City, Arizona)",Yes,No,No,No
coin,Dollar,Half Dollar,,,"50 Cents - James Hennum (Sloan, Iowa)",Yes,No,No,No
coin,Dollar,Five Cents,,,"5 Cents - C. D. Urton (Peebles, Ohio)",Yes,No,No,No
coin,Dollar,Five Cents,,,5 Cents - Art Franz Cafe,Yes,No,No,No
coin,Dollar,Five Cents,,,"5 Cents Gulf Mining Company Store (Crab Orchard, West Virginia)",Yes,No,No,No
coin,Dollar,Five Cents,,,5 Cents - Ben Paris,Yes,No,No,No
coin,Dollar,Five Cents,,,"5 Cents - Merrill Stores Co. (Henlawson, West Virginia)",Yes,No,No,No
coin,Dollar,One Dollar,,,"Havasu Dollar - Lake Havasu London Bridge (Lake Havasu City, Arizona)",Yes,No,No,No
coin,Dollar,One Dime,,,"10 Cents - Brown's Inn (Alps, New York)",Yes,No,No,No
coin,Dollar,Five Cents,,,"5 Cents - L. Banker and Co. (Russell, Kansas)",Yes,No,No,No
coin,Dollar,One Dime,,,"10 Cents - L. Banker and Co. (Russell, Kansas)",Yes,No,No,No
coin,Dollar,Half Dollar,,,"50 Cents - L. Banker and Co. (Russell, Kansas)",Yes,No,No,No
coin,Dollar,One Dollar,,,"1 Dollar - L. Banker and Co. (Russell, Kansas)",Yes,No,No,No
coin,Dollar,One Cent,,,1 Penny - Madison Chapter No. 27,Yes,No,No,No
coin,Dollar,Five Cents,,,"5 Cents - Rialto Club (Goldendale, Washington)",Yes,No,No,No
coin,Dollar,Five Cents,,,"5 Cents - Wiley's Place (Hillsboro, Oregon)",Yes,No,No,No
coin,Dollar,Five Cents,,,"5 Cents - Fred M. Jewell (Cambridge, Idaho)",Yes,No,No,No
coin,Dollar,Half Dollar,,,"50 Cents - Wiegel's Place (Idaho City, Idaho)",Yes,No,No,No
coin,Dollar,One Dollar,,,Society for Creative Anachronism (Erick and Nichelle),Yes,No,No,No
coin,Dollar,Five Cents,,,"5 Cents - Midvale Pool Hall (Midvale, Idaho)",Yes,No,No,No
coin,Dollar,Five Cents,,,"25 Cents - Valley Store (Ustick, Idaho)",Yes,No,No,No
coin,Dollar,One Dollar,,,"Havasu Dollar - Lake Havasu London Bridge (Lake Havasu City, Arizona)",Yes,No,No,No
coin,Dollar,Ten Dollars,,,"10 Dollars - Imperial Palace (Biloxi, Mississippi)",Yes,No,No,No
coin,Dollar,Five Dollars,,,5 Dollars,Yes,No,No,No
coin,Dollar,Five Dollars,,,5 Dollars (Alaska),Yes,No,No,No
coin,Dollar,One Dollar,,,"1 Dollar - The Quality Grocer (Ontario, Oregon)",Yes,No,No,No
coin,Dollar,One Dollar,,,"1 Dollar - Berger Coal Mining Co. (Le Junior, Kentucky)",Yes,No,No,No
coin,Dollar,One Dollar,,,"1 Dollar - Wilson-Berger Coal Co. (Grays Knob, Kentucky)",Yes,No,No,No
coin,Dollar,One Dollar,,,"Havasu Dollar - London Bridge Rotary Club (Lake Havasu City, Arizona)",Yes,No,No,No
coin,Dollar,One Dollar,,,1 Dollar (American Innovation - Delaware),Yes,No,No,No
coin,Dollar,One Cent,,,"1 Penny - Monroe Chapter № 18 (Monroe, Louisiana)",Yes,No,No,No
coin,Dollar,One Dime,,,"10 Cents - H. W. Tiemeier General Merchandise (Lincolnville, Kansas)",Yes,No,No,No
coin,Dollar,Five Cents,,,"25 Cents - H. W. Tiemeier General Merchandise (Lincolnville, Kansas)",Yes,No,No,No
coin,Dollar,Half Dollar,,,"50 Cents - H. W. Tiemeier General Merchandise (Lincolnville, Kansas)",Yes,No,No,No
coin,Dollar,One Dollar,,,"1 Dollar - H. W. Tiemeier General Merchandise (Lincolnville, Kansas)",Yes,No,No,No
coin,Dollar,Three Dollars,,,"3 Dollars - H. W. Tiemeier General Merchandise (Lincolnville and Tampa, Kansas)",Yes,No,No,No
coin,Dollar,Five Cents,,,5 Cents - Sergeants Club (Newfoundland Base Command),Yes,No,No,No
coin,Dollar,Half Cent,,,"12½ Cents - J. Weil Cigar Co. (Boise, Idaho)",Yes,No,No,No
coin,Dollar,Ten Dollars,,,"10 Dollars - TropWorld (Atlantic City, New Jersey)",Yes,No,No,No
coin,Dollar,Five Cents,,,"25 Cents - J. Parks (Princeton, Idaho)",Yes,No,No,No
coin,Dollar,One Dime,,,"10 Cents - Bakersfield Coin Shop (Bakersfield, California)",Yes,No,No,No
coin,Dollar,Half Dollar,,,"50 Cents - Tucker State Farm (Tucker, Arkansas)",Yes,No,No,No
coin,Dollar,One Dime,,,"10 Cents - Fred M. Jewell (Cambridge, Idaho)",Yes,No,No,No
coin,Dollar,Half Cent,,,"12½ Cents - The Pastime (Philipsburg, Montana)",Yes,No,No,No
coin,Dollar,Five Cents,,,"5 Cents - Matt's Place (Grangeville, Idaho; 2 Stars Reverse)",Yes,No,No,No
coin,Dollar,One Dollar,,,1 oz Copper (Peace Dollar),Yes,No,No,No
coin,Dollar,One Dollar,,,1 oz Copper (Art Bar Mint - 10 Dollars),Yes,No,No,No
coin,Dollar,One Dollar,,,1 oz Copper (Art Bar Mint - 100 Dollars),Yes,No,No,No
coin,Dollar,One Dollar,,,1 Ounce - 1000 Dollars,Yes,No,No,No
coin,Dollar,One Dollar,,,1 oz Copper (Art Bar Mint - 5 Dollars),Yes,No,No,No
coin,Dollar,One Dollar,,,1 Ounce - Osborne Mint (Gobrecht Dollar),Yes,No,No,No
coin,Dollar,One Dollar,,,1 Ounce - Osborne Mint (Morgan Dollar),Yes,No,No,No
coin,Dollar,One Dollar,,,1 oz Copper (Peace Dollar),Yes,No,No,No
coin,Dollar,Five Cents,,,"5 Cents - South End Tavern (Troy, New York)",Yes,No,No,No
coin,Dollar,One Dime,,,"10 Cents - Fort Orange Grill (Albany, New York)",Yes,No,No,No
coin,Dollar,One Dollar,,,1 oz Copper (10 Dollars Indian Head 1907),Yes,No,No,No
coin,Quarter,Quarter Dollar,,,1 Ounce Merry Christmas (Quarter Dollar),Yes,No,No,No
coin,Dollar,Five Cents,,,5 Cents - City Pharmacy (Van Meter),Yes,No,No,No
coin,Dollar,One Dollar,,,"1 Dollar - Colorado Belle (Laughlin, Nevada)",Yes,No,No,No
coin,Dollar,One Dollar,,,1 Dollar - Harry's New Yorker,Yes,No,No,No
coin,Dollar,Five Cents,,,25 Cents - Pete,Yes,No,No,No
coin,Dollar,Three Dollars,,,"3 Dollars - Moon’s Saloon (Sutter Creek, California)",Yes,No,No,No
coin,Dollar,Five Cents,,,"5 Cents - Harry's Cigar Store (Grangeville, Idaho)",Yes,No,No,No
coin,Dollar,Five Cents,,,"5 Cents - Nick and Franks (Nampa, Idaho)",Yes,No,No,No
coin,Dollar,One Dollar,,,"1 Dollar - Phenix Mills Store (Kings Mountain, North Carolina)",Yes,No,No,No
coin,Dollar,Five Cents,,,"5 Cents - Phenix Mills Store (Kings Mountain, North Carolina)",Yes,No,No,No
coin,Dollar,Five Cents,,,"25 Cents - W.J. Harrington Lumber (Glendon, North Carolina)",Yes,No,No,No
coin,Dollar,One Dollar,,,"1 Dollar - Club Cal-Neva Dollar (Reno & Tahoe, Nevada)",Yes,No,No,No
coin,Dollar,Five Cents,,,"5 Cents - Bessie's Beauty and Barber Shop (Fayetteville, North Carolina)",Yes,No,No,No
coin,Dollar,One Dollar,,,"CSNA - California State Numismatic Association 65th Semi-Annual Convention (Anaheim, California)",Yes,No,No,No
coin,Dollar,Five Cents,,,"5 Cents - G.C. Graves and Son (Fayetteville, North Carolina)",Yes,No,No,No
coin,Dollar,One Dollar,,,1 Dollar (American Innovation - Pennsylvania),Yes,No,No,No
coin,Half Dollar,One Dollar,,,1 Tomahawk (Smallforest),Yes,No,No,No
coin,Half Dollar,One Dollar,,,2 Tomahawks (Smallforest),Yes,No,No,No
coin,Dollar,Five Dollars,,,"5 Dollars - J. J. Conway - Pikes Peak, Colorado (Bashlow Restrike)",Yes,No,No,No
coin,Dollar,One Dollar,,,Souvenir Dollar - North Dakota (Homestead Family),Yes,No,No,No
coin,Dollar,One Dollar,,,Souvenir Dollar - North Dakota (International Peace Garden),Yes,No,No,No
coin,Dollar,One Dollar,,,Souvenir Dollar - North Dakota (39th State),Yes,No,No,No
coin,Dollar,One Dollar,,,Souvenir Dollar - North Dakota (Flag),Yes,No,No,No
coin,Quarter,One Dollar,,,2 Ounces - Elemetal (Kraken),Yes,No,No,No
coin,Dollar,One Dollar,,,1 Dollar (American Innovation - New Jersey),Yes,No,No,No
coin,Dollar,One Dollar,,,1 Dollar (American Innovation - Georgia),Yes,No,No,No
coin,Dollar,One Dollar,,,"Souvenir Dollar - Santa Claus House (North Pole, Alaska)",Yes,No,No,No
coin,Dollar,One Dollar,,,"Ertl Dollar (50th Anniversary; Dyersville, Iowa)",Yes,No,No,No
coin,Dollar,One Dollar,,,"Bloomin' Buck - Flowerland (Grand Rapids, Michigan)",Yes,No,No,No
coin,Dollar,Five Dollars,,,"5 Dollars - Mat Cleaner (Plano, Texas)",Yes,No,No,No
coin,Dollar,One Dollar,,,"Silver Buck - Bells supermarkets (Buffalo, New York)",Yes,No,No,No
coin,Dollar,Five Cents,,,"5 Cents - Fred Schultz (Faribault, Minnesota)",Yes,No,No,No
coin,Dollar,Five Cents,,,"5 Cents - Stubs Place (Faribault, Minnesota)",Yes,No,No,No
coin,Dollar,Five Cents,,,"5 Cents - Kahn and Ranum (Faribault, Minnesota)",Yes,No,No,No
coin,Dollar,Five Cents,,,"5 Cents - Silver Cafe (Faribault, Minnesota)",Yes,No,No,No
coin,Dollar,Five Cents,,,"5 Cents - Modern Cafe (Faribault, Minnesota)",Yes,No,No,No
coin,Dollar,Five Cents,,,"5 Cents - Maison Ritz (Faribault, Minnesota)",Yes,No,No,No
coin,Quarter,One Dollar,,,¼ Bitcoin / 1 oz Silver,Yes,No,No,No
coin,Dollar,Half Dollar,,,"50 Cents - Southern Railroad (Spencer, North Carolina)",Yes,No,No,No
coin,Dollar,One Dime,,,10 Cents - AAFES Gift Certificate (14J10),Yes,No,No,No
coin,Half Dollar,Half Dollar,,,"½ Dollar (The Silver Getz Half Dollar, Pattern)",Yes,No,No,No
coin,Half Dollar,One Dollar,,,4 Reales - Charles III (Ascension of Charles III to the throne),Yes,No,No,No
coin,Dollar,One Dime,,,"10 Cents - Sambo’s Restaurants (Cedar Falls, Iowa)",Yes,No,No,No
coin,Quarter,Quarter Dollar,,,¼ Dollar “Head Quarter” (Talabama),Yes,No,No,No
coin,Quarter,Quarter Dollar,,,¼ Dollar “Close Quarters” (Texas),Yes,No,No,No
coin,Dollar,One Cent,,,"Masonic Penny - Chapter 271 (Hico, Texas)",Yes,No,No,No
coin,Dollar,Five Cents,,,"25 Cents - A.A. Otto (Lincoln, Nebraska)",Yes,No,No,No
coin,Dollar,One Cent,,,My Lucky Penny,Yes,No,No,No
coin,Dollar,Half Dollar,,,50 Cents - Marlboro Ski Challenge,Yes,No,No,No
coin,Dollar,Half Dollar,,,"50 Cents - A.A. Otto (Lincoln, Nebraska)",Yes,No,No,No
coin,Dollar,One Dollar,,,"1 Dollar - A.A. Otto (Lincoln, Nebraska)",Yes,No,No,No
coin,Dollar,Five Cents,,,25 Cents - PAE,Yes,No,No,No
coin,Dollar,One Cent,,,"Masonic Penny - Winthrop Chapter No.37 (Winthrop, Maine)",Yes,No,No,No
coin,Dollar,One Dollar,,,1 Dollar (Freedom Tower),Yes,No,No,No
coin,Dollar,One Dollar,,,1 Dollar (1964 D Moonlight Mint),Yes,No,No,No
coin,Dollar,One Dollar,,,1 Gram Silver (Trade Dollar Pattern),Yes,No,No,No
coin,Half Dollar,Half Dollar,,,"50 Cents - Astoria Regatta Association (Astoria, Oregon)",Yes,No,No,No
coin,Dollar,One Dollar,,,1 Dollar - C. B. Purdy,Yes,No,No,No
coin,Dollar,Half Dollar,,,"50 Cents - Corrington’s Ivory Co. (Skagway, Alaska)",Yes,No,No,No
coin,Half Dollar,Half Dollar,,,"½ Dollar - Perry Area Diamond Jubilee (Perry, Michigan)",Yes,No,No,No
coin,Dollar,Five Dollars,,,5 Dollars (Endless Love),Yes,No,No,No
coin,Dollar,Five Cents,,,"5 Cents - Mack's Pool Hall (Portland, Oregon)",Yes,No,No,No
coin,Dollar,Five Cents,,,"5 Cents - Northwestern Candy Co. (Seattle, Washington)",Yes,No,No,No
coin,Dollar,Five Cents,,,"5 Cents - Mack's Pool Hall (Portland, Oregon)",Yes,No,No,No
coin,Dollar,Five Cents,,,"5 Cents - N. W. C. Co. (Seattle, Washington)",Yes,No,No,No
coin,Dollar,One Dollar,,,2 Crowns (Princess Mary),Yes,No,No,No
coin,Dollar,One Dime,,,10 Cents - Garcia-Grande Cigars,Yes,No,No,No
coin,Dollar,One Dollar,,,"1 Dollar - Kwik-N-Easy (Concord, California)",Yes,No,No,No
coin,Dollar,Five Dollars,,,5 Dollars (Pearldiving),Yes,No,No,No
coin,Dollar,Five Cents,,,5 Cents - Rice Maryland Tavern (Trade - Round),Yes,No,No,No
coin,Dollar,Five Cents,,,5 Cents Drink - J.S. Porter,Yes,No,No,No
coin,Dollar,One Dollar,,,"1 Dollar - Lighthouse Carwash (Pompano Beach, Florida)",Yes,No,No,No
coin,Dollar,Five Cents,,,"5 Cents - Buezer Pesch (South Wenatchee, Washington)",Yes,No,No,No
coin,Dollar,Five Cents,,,"25 Cents - Mack's Pool Hall (Portland, Oregon)",Yes,No,No,No
coin,Dollar,One Cent,,,1 Penny - Royal Arch Masons,Yes,No,No,No
coin,Dollar,One Dollar,,,2.5 Dollars (Eagle),Yes,No,No,No
coin,Dollar,One Dime,,,"10 Cents (Brass, 18 mm)",Yes,No,No,No
coin,Dollar,Five Cents,,,"5 Cents (Brass, 21 mm)",Yes,No,No,No
coin,Dollar,Five Cents,,,"5 Cents - Eustis Co.Op.Oil (Eustis, Nebraska)",Yes,No,No,No
coin,Dollar,One Dollar,,,"1 Dollar - Eustis Co.Op.Oil (Eustis, Nebraska)",Yes,No,No,No
coin,Dollar,One Dime,,,"10 Cents - Eustis Co.Op.Oil (Eustis, Nebraska)",Yes,No,No,No
coin,Dollar,Five Cents,,,"25 Cents - Eustis Co.Op.Oil (Eustis, Nebraska)",Yes,No,No,No
coin,Dollar,Half Dollar,,,"50 Cents - Eustis Co.Op.Oil (Eustis, Nebraska)",Yes,No,No,No
coin,Dollar,Five Cents,,,"25 Cents - Chuck E. Cheese (Raleigh, North Carolina)",Yes,No,No,No
coin,Dollar,One Dollar,,,1 Dollar - National Pride Carwash,Yes,No,No,No
coin,Dollar,Five Cents,,,"5 Cents - Post Exchange (Fort Russell, Wyoming)",Yes,No,No,No
coin,Dollar,Five Cents,,,"25 Cents - O. A. Giles The Club (Freewater, Oregon)",Yes,No,No,No
coin,Dollar,Half Dollar,,,"50 Cents - Albany Centennial (Albany, Oregon)",Yes,No,No,No
coin,Half Dollar,One Dime,,,"10 Cents - Diamond Coal Mining Co. (Petros, Tennessee)",Yes,No,No,No
coin,Dollar,Five Cents,,,"5 Cent - St. Jo Casino (St. Joseph, Missouri)",Yes,No,No,No
coin,Dollar,One Dollar,,,Harvey Dent's Two Face Coin (Batman),Yes,No,No,No
coin,Dollar,Five Cents,,,"5 Cents - Curran and Barr (Heppner, Oregon)",Yes,No,No,No
coin,Dollar,One Dollar,,,1 Dollar - No Cash Value (Eagle),Yes,No,No,No
coin,Dollar,Five Cents,,,"5 Cents - Washington Union Coal Company (Tono, Washington)",Yes,No,No,No
coin,Dollar,One Dime,,,10 Cents - The Tent,Yes,No,No,No
coin,Dollar,Five Cents,,,5 Cents - Ra Jac,Yes,No,No,No
coin,Dollar,Five Cents,,,"25 Cents - Herr Merc. Co. Inc. (Wishek, North Dakota)",Yes,No,No,No
coin,Dollar,One Dollar,,,1 Wooden Buck - Mansfield Furniture,Yes,No,No,No
coin,Dollar,Five Cents,,,"5 Cents - Pat's Billiards (Wimbledon, North Dakota)",Yes,No,No,No
coin,Dollar,One Dime,,,"10 Cents - Company Canteen Co. M 162nd Inf. (Corvallis, Oregon)",Yes,No,No,No
coin,Dollar,Five Cents,,,"5 Cents - Neely's (Sheridan, Oregon)",Yes,No,No,No
coin,Dollar,Five Cents,,,5 Cents - Dave Swenson,Yes,No,No,No
coin,Dollar,One Dime,,,"10 Cents - NCO Open Mess (Fort Bliss, Texas)",Yes,No,No,No
coin,Dollar,Five Cents,,,"25 Cents - NCO Open Mess (Fort Bliss, Texas)",Yes,No,No,No
coin,Dollar,Five Cents,,,"5 Cents - B. M. R. A. Service Store (Kingsport, Tennessee)",Yes,No,No,No
coin,Dollar,One Cent,,,"1 Cent - B. M. R. A. Service Store (Kingsport, Tennessee)",Yes,No,No,No
coin,Dollar,Five Dollars,,,5 Dollars (MiG-3),Yes,No,No,No
coin,Dollar,Five Dollars,,,5 Dollars (Focke-Wulf Fw 189),Yes,No,No,No
coin,Dollar,Half Dollar,,,"50 Cents - Jewelorama (Rolla, North Dakota)",Yes,No,No,No
coin,Dollar,Five Cents,,,"5 Cents - Streamline Tap Hotel Chicagoan (Chicago, Illinois)",Yes,No,No,No
coin,Dollar,Five Cents,,,"5 Cents - Ye Olde Cellar (Chicago, Illinois)",Yes,No,No,No
coin,Dollar,Half Cent,,,"2½ Cents - Labor Temple (Lincoln, Nebraska)",Yes,No,No,No
coin,Dollar,Half Dollar,,,"50 Cents - Economy Grocery (Wahoo, Nebraska)",Yes,No,No,No
coin,Dollar,Five Cents,,,"25 Cents - Big Bill's Smoke House (McCook, Nebraska)",Yes,No,No,No
coin,Dollar,Five Cents,,,"25 Cents - Big Bill's Smoke House (McCook, Nebraska)",Yes,No,No,No
coin,Dollar,Half Dollar,,,"50 Cents - Herr Bros. and Co. (Wishek, North Dakota)",Yes,No,No,No
coin,Quarter,Quarter Dollar,,,"¼ Dollar ""Washington Quarter"" (Chaco Culture National Historical Park, New Mexico - Silver 5 oz Bullion)",Yes,No,No,No
coin,Dollar,Two Dollars,,,"2 Dollars - Jubitz Truck Stop (Portland, Oregon)",Yes,No,No,No
coin,Dollar,Half Dollar,,,"50 Cents - I've been to Zap (Zap, North Dakota)",Yes,No,No,No
coin,Dollar,One Dollar,,,"1 Dollar - Cape Jackson Auto Spa (Cape Girardeau, Missouri)",Yes,No,No,No
coin,Dollar,Ten Dollars,,,"10 Dollars - Nevada Landing Casino (River boat; Jean, Nevada)",Yes,No,No,No
coin,Dollar,Five Cents,,,"5 Cents - Rutland Recreation (Rutland, North Dakota)",Yes,No,No,No
coin,Dollar,Five Cents,,,"5 Cents - Mac's Bar (Thompson, North Dakota)",Yes,No,No,No
coin,Dollar,Five Cents,,,"5 Cents - J. Wertenberger (Webster, North Dakota)",Yes,No,No,No
coin,Dollar,Five Cents,,,5 Cents - Kitzman Recreation and Cafe,Yes,No,No,No
coin,Dollar,Half Cent,,,"12½ Cents - W. O. Leslie (Denver, Colorado)",Yes,No,No,No
coin,Dollar,Half Dollar,,,"50 Cents - Pierce County Diamond Jubilee (Rugby, North Dakota)",Yes,No,No,No
coin,Dollar,One Dollar,,,"1 Dollar - Eastern Outfitting Co. (Portland, Oregon)",Yes,No,No,No
coin,Dollar,One Dollar,,,1 Dollar - Self Service Car Wash,Yes,No,No,No
coin,Dollar,Five Cents,,,5 Cents - 268,Yes,No,No,No
coin,Quarter,One Dollar,,,¼ Gram - Monarch Precious Metals (Horseshoe),Yes,No,No,No
coin,Dollar,Five Cents,,,"5 Cents - Alton Belle Casino (Alton, Illinois)",Yes,No,No,No
coin,Dollar,One Dime,,,"10 Cents - Champion Sporting Goods Company (McCook, Nebraska)",Yes,No,No,No
coin,Dollar,One Dollar,,,"1 Dollar - Aden-Kampfe Merchandise Company (Chappell, Nebraska)",Yes,No,No,No
coin,Dollar,Half Cent,,,"2½ Cents - Theodore's Place (Omaha, Nebraska)",Yes,No,No,No
coin,Dollar,One Dime,,,"10 Cents - Jensen Brothers Market (Gothenburg, Nebraska)",Yes,No,No,No
coin,Dollar,Half Dollar,,,"50 Cents - Top Of The Vine Casino (Lebec, California)",Yes,No,No,No
coin,Dollar,Half Dollar,,,"50 Cents - T and J Casino (Quincy, Illinois)",Yes,No,No,No
coin,Dollar,Half Dollar,,,"50 Cents - JR Casino (Great Falls, Montana)",Yes,No,No,No
coin,Dollar,Half Dollar,,,"50 Cents - Ocean's Eleven Casino (Oceanside, California)",Yes,No,No,No
coin,Dollar,Half Dollar,,,"50 Cents - Golden West Casino (Bakersfield, California)",Yes,No,No,No
coin,Dollar,Five Cents,,,"25 Cents - 88 Casino (Stockton, California)",Yes,No,No,No
coin,Dollar,Five Cents,,,"25 Cents - Pioneer Rex Casino (Jackson, California)",Yes,No,No,No
coin,Dollar,Half Dollar,,,"50 Cents - Ellwood Diamond Jubilee (Ellwood, Pennsylvania)",Yes,No,No,No
coin,Dollar,Half Dollar,,,50 Cents - Commerce Casino (Los Angeles),Yes,No,No,No
coin,Dollar,Five Cents,,,"25 Cents - The Bicycle Casino (Bell Gardens, California)",Yes,No,No,No
coin,Dollar,One Dollar,,,"1 Dollar - Station Casino (Kansas City, Missouri)",Yes,No,No,No
coin,Dollar,One Dollar,,,"1 Dollar - Mesquaki Casino (Tama, Iowa)",Yes,No,No,No
coin,Dollar,One Dollar,,,"1 Dollar - Tropicana Casino (Atlantic City, New Jersey)",Yes,No,No,No
coin,Dollar,One Dollar,,,"1 Dollar - Harrah's Casino (Las Vegas, Nevada)",Yes,No,No,No
coin,Dollar,Half Dollar,,,"50 Cents - Aviator Casino (Delano, California)",Yes,No,No,No
coin,Dollar,Five Cents,,,"25 Cents - Aden-Kampfe Merchandise Company (Chappell, Nebraska)",Yes,No,No,No
coin,Dollar,One Dollar,,,"1 Dollar - ""Goloid Metric Dollar""",Yes,No,No,No
coin,Dollar,Five Cents,,,"25 Cents - Four Queens Casino (Las Vegas, Nevada)",Yes,No,No,No
coin,Dollar,One Dollar,,,"1 Dollar Railroad Pass Casino (Henderson, Nevada)",Yes,No,No,No
coin,Dollar,One Dime,,,"10 Cents - O.A. Fairchild Cash Store (Wellfleet, Nebraska)",Yes,No,No,No
coin,Dollar,One Dollar,,,1 Kona Dollar (Kona Coast),Yes,No,No,No
coin,Dollar,Half Dollar,,,"50 Cents - Stanton Trust and Savings Bank (Great Falls, Montana)",Yes,No,No,No
coin,Dollar,Three Cents,,,3 Cents - P. Hohenadel Jr. and Co.,Yes,No,No,No
coin,Dollar,Half Cent,,,"2½ Cents - P. Hohenadel Jr. and Co. (Cassville, Wisconsin)",Yes,No,No,No
coin,Dollar,Half Dollar,,,"50 Cents - Allen Produce Company (Allen, Nebraska)",Yes,No,No,No
coin,Dollar,Three Cents,,,"3 Cents - P. Hohenadel Jr. and Co. (Cassville, Wisconsin)",Yes,No,No,No
coin,Dollar,Two Cents,,,"2 Cents - P. Hohenadel Jr. and Co, Cassville, Wis / Daniel G. Trench and Co., Canning Factory Outfitters, Chicago",Yes,No,No,No
coin,Dollar,One Dime,,,"10 Cents - Luschen's Billiards (Wellfleet, Nebraska)",Yes,No,No,No
coin,Dollar,Five Cents,,,"5 Cents - Hauschild Brothers Tavern (Papillion, Nebraska)",Yes,No,No,No
coin,Dollar,Half Dollar,,,"50 Cents - A. J. Thompson and Company (Bancroft, Nebraska)",Yes,No,No,No
coin,Dollar,One Dollar,,,"1 Dollar - Water Works Car Wash (Oklahoma City, Oklahoma)",Yes,No,No,No
coin,Quarter,Quarter Dollar,,,"¼ Dollar ""Washington Quarter"" (National Park of American Samoa)",Yes,No,No,No
coin,Quarter,Quarter Dollar,,,"¼ Dollar ""Washington Quarter"" (National Park of American Samoa)",Yes,No,No,No
coin,Dollar,Five Dollars,,,"5 Dollars - Offutt Air Force Base (Omaha, Nebraska)",Yes,No,No,No
coin,Dollar,Five Cents,,,"25 Cents - Farmers Union Company Store (Weston, Nebraska)",Yes,No,No,No
coin,Quarter,Quarter Dollar,,,"¼ Dollar ""Washington Quarter"" (Weir Farm National Historic Site, Connecticut)",Yes,No,No,No
coin,Dollar,Five Cents,,,"5 Cents - Rocket Recreation (Omaha, Nebraska)",Yes,No,No,No
coin,Quarter,Quarter Dollar,,,"¼ Dollar ""Washington Quarter"" (Salt River Bay National Historical Park and Ecological Preserve, U.S. Virgin Islands)",Yes,No,No,No
coin,Quarter,Quarter Dollar,,,"¼ Dollar ""Washington Quarter"" (Salt River Bay National Historical Park and Ecological Preserve, U.S. Virgin Islands)",Yes,No,No,No
coin,Quarter,Quarter Dollar,,,"¼ Dollar ""Washington Quarter"" (Marsh-Billings-Rockefeller National Historical Park, Vermont)",Yes,No,No,No
coin,Quarter,Quarter Dollar,,,"¼ Dollar ""Washington Quarter"" (Marsh-Billings-Rockefeller National Historical Park, Vermont)",Yes,No,No,No
coin,Quarter,Quarter Dollar,,,"¼ Dollar ""Washington Quarter"" (Tallgrass Prairie National Preserve, Kansas)",Yes,No,No,No
coin,Quarter,Quarter Dollar,,,"¼ Dollar ""Washington Quarter"" (Tallgrass Prairie National Preserve, Kansas)",Yes,No,No,No
coin,Dollar,Half Dollar,,,"50 Cents - Sokol Auditorium (Omaha, Nebraska)",Yes,No,No,No
coin,Quarter,Quarter Dollar,,,"¼ Dollar ""Washington Quarter"" (Weir Farm National Historic Site, Connecticut)",Yes,No,No,No
coin,Dollar,One Dime,,,"10 Cents - Weeping Water Recreation Hall (Weeping Water, Nebraska)",Yes,No,No,No
coin,Dollar,Five Cents,,,"5 Cents - B.P.O.E. (Lincoln, Nebraska)",Yes,No,No,No
coin,Dollar,One Dime,,,"10 Cents - Wignall's Cash Store (Virginia, Nebraska)",Yes,No,No,No
coin,Dollar,One Dollar,,,1 Dollar - Carwash (Cartoon Car),Yes,No,No,No
coin,Dollar,Half Dollar,,,"50 Cents - Hickey Brothers Store N0. 90 (Omaha, Nebraska)",Yes,No,No,No
coin,Dollar,Five Cents,,,"5 Cents - Wignall's Cash Store (Virginia, Nebraska)",Yes,No,No,No
coin,Dollar,One Dollar,,,"1 Dollar - C.L. Ward General Store (Bancroft, Nebraska)",Yes,No,No,No
coin,Dollar,One Dollar,,,"1 Drink - SNCO Club (Washington, DC)",Yes,No,No,No
coin,Dollar,Five Cents,,,"5 Cents - Hickey Brothers Store N0. 90 (Omaha, Nebraska)",Yes,No,No,No
coin,Dollar,Five Cents,,,"25 Cents - Hickey Brothers Store N0. 90 (Omaha, Nebraska)",Yes,No,No,No
coin,Dollar,Five Cents,,,"25 Cents - Wignall's Cash Store (Virginia, Nebraska)",Yes,No,No,No
coin,Dollar,Half Dollar,,,"50 Cents - Wignall's Cash Store (Virginia, Nebraska)",Yes,No,No,No
coin,Dollar,One Dollar,,,"1 Dollar - Wignall's Cash Store (Virginia, Nebraska)",Yes,No,No,No
coin,Dollar,One Dollar,,,"1 Dollar - Farmers Union Company Store (Weston, Nebraska)",Yes,No,No,No
coin,Dollar,Five Cents,,,"5 Cents - Big Bill's Smoke House (McCook, Nebraska)",Yes,No,No,No
coin,Dollar,One Dime,,,"10 Cents - Big Bill's Smoke House (McCook, Nebraska)",Yes,No,No,No
coin,Dollar,Five Cents,,,"5 Cents - Barkalow Brothers Company (Omaha, Nebraska)",Yes,No,No,No
coin,Dollar,One Dime,,,"10 Cents - C.L. Ward General Store (Bancroft, Nebraska)",Yes,No,No,No
coin,Dollar,Half Dollar,,,"50 Cents - A.R. McNees (Chadron, Nebraska)",Yes,No,No,No
coin,Dollar,Five Cents,,,"5 Cents - Garber's Beer Parlor (Brownville, Nebraska)",Yes,No,No,No
coin,Dollar,One Dollar,,,"1 Dollar - The Union Store (East Liverpool, Ohio)",Yes,No,No,No
coin,Quarter,One Dollar,,,1 Ounce Silver (World of Dragons - The Norse),Yes,No,No,No
coin,Quarter,One Dollar,,,1 oz Copper (World of Dragons - The Norse),Yes,No,No,No
coin,Dollar,One Dollar,,,"1 Dollar - Evans Cash Store (Berwyn, Nebraska)",Yes,No,No,No
coin,Dollar,Five Cents,,,"25 Cents - King's Inn Tavern (Greensboro, North Carolina)",Yes,No,No,No
coin,Dollar,Five Cents,,,"5 Cents - Geo's (Chappell, Nebraska)",Yes,No,No,No
coin,Dollar,One Dollar,,,"1 Dollar - Shea Merchandise Company (Magnet, Nebraska)",Yes,No,No,No
coin,Dollar,One Dime,,,"10 Cents - C.A. Drake (Venango, Nebraska)",Yes,No,No,No
coin,Dollar,One Dime,,,"10 Cents - Carp's Cafe (Venango, Nebraska)",Yes,No,No,No
coin,Dollar,Half Dollar,,,"50 Cents - O.A. Fairchild Cash Store (Wellfleet, Nebraska)",Yes,No,No,No
coin,Dollar,One Dime,,,"10 Cents - Ralph Haws (North Platte, Nebraska)",Yes,No,No,No
coin,Dollar,Five Cents,,,"5 Cents - Brunswick Billiards (North Platte, Nebraska)",Yes,No,No,No
coin,Dollar,One Dime,,,"10 Cents - Brunswick Billiards (North Platte, Nebraska)",Yes,No,No,No
coin,Dollar,Five Cents,,,"25 Cents - J. F. Conway (Lushton, Nebraska)",Yes,No,No,No
coin,Dollar,One Dollar,,,"Ertl Dollar (Dyersville, Iowa)",Yes,No,No,No
coin,Dollar,One Dollar,,,1 Dollar - Rosati's Chicago Pizza,Yes,No,No,No
coin,Dollar,One Dollar,,,Safety Dollar - Peter Kiewit and Sons,Yes,No,No,No
coin,Dollar,Half Dollar,,,"50 Cents - J. F. Conway (Lushton, Nebraska)",Yes,No,No,No
coin,Dollar,One Dollar,,,"1 Dollar - J.F. Conway (Lushton, Nebraska)",Yes,No,No,No
coin,Dollar,Five Dollars,,,"5 Dollars - Weaver and Recroft General Merchandise (Valparaiso, Nebraska)",Yes,No,No,No
coin,Dollar,Five Cents,,,"5 Cents - O.A. Fairchild Cash Store (Wellfleet, Nebraska)",Yes,No,No,No
coin,Dollar,One Cent,,,"1 Cent - The Grange Store (Evansville, Wisconsin)",Yes,No,No,No
coin,Dollar,One Dime,,,"10 Cents - Joy Karnes Company (Havelock, Nebraska)",Yes,No,No,No
coin,Dollar,Half Dollar,,,"50 Cents - Joy Karnes Company (Havelock, Nebraska)",Yes,No,No,No
coin,Dollar,Five Cents,,,"5 Cents - Evans Cash Store (Berwyn, Nebraska)",Yes,No,No,No
coin,Dollar,One Dollar,,,"1 Dollar - Follow Charlie (Alameda, California)",Yes,No,No,No
coin,Dollar,One Dime,,,"10 Cents - Jewell Ridge Coal Corp. (Jewell Ridge, Virginia)",Yes,No,No,No
coin,Dollar,Five Cents,,,"5 Cents - T.C.H. and H.J. Schmidt General Merchandise (Valparaiso, Nebraska)",Yes,No,No,No
coin,Dollar,One Dime,,,"10 Cents - J.L. Cheever Store (Valparaiso, Nebraska)",Yes,No,No,No
coin,Dollar,Five Cents,,,"5 Cents - Harry Eickmeyer (Valparaiso, Nebraska)",Yes,No,No,No
coin,Dollar,Five Cents,,,"25 Cents - Zutz Billiards (Vancouver, Washington)",Yes,No,No,No
coin,Quarter,One Cent,,,"1 Cent - Virginia Marland Coal Corp (Shinnston, West Virginia)",Yes,No,No,No
coin,Dollar,Five Cents,,,"5 Cents - Herr Merc. Co. Inc. (Wishek, North Dakota)",Yes,No,No,No
coin,Dollar,Five Cents,,,"25 Cents - Margarette Coal Co. (Marfrance, West Virginia)",Yes,No,No,No
coin,Dollar,Five Cents,,,"25 Cents - N.C.O.O.M. (Ft Hood, Texas)",Yes,No,No,No
coin,Dollar,One Cent,,,"1 Cent - Slayton Mercantile Company (Lavina, Montana)",Yes,No,No,No
coin,Dollar,One Dime,,,"10 Cents - Slayton Mercantile Company (Emory, Montana)",Yes,No,No,No
coin,Dollar,Half Dollar,,,"50 Cents - Slayton Mercantile Company (Emory, Montana)",Yes,No,No,No
coin,Dollar,Five Cents,,,"5 Cents - Baldy's (Woodburn, Oregon)",Yes,No,No,No
coin,Dollar,One Dollar,,,"Souvenir Dollar - Aberdeen Diamond Jubilee (Aberdeen, Washington)",Yes,No,No,No
coin,Dollar,One Dollar,,,"1 Dollar - Pacific Outfitting Co. (Seattle, Washington)",Yes,No,No,No
coin,Dollar,Five Cents,,,"25 Cents - Baldy's (Woodburn, Oregon)",Yes,No,No,No
coin,Dollar,Five Cents,,,"25 Cents - Champion Sporting Goods Company (McCook, Nebraska)",Yes,No,No,No
coin,Dollar,Five Cents,,,"5 Cents - Havlicek and Vecera General Merchandise (Verdigre, Nebraska)",Yes,No,No,No
coin,Dollar,One Dime,,,"10 Cents - Havlicek and Vecera General Merchandise (Verdigre, Nebraska)",Yes,No,No,No
coin,Dollar,Five Cents,,,"5 Cents - Houston and Yekel (Bridgeport, Nebraska)",Yes,No,No,No
coin,Dollar,One Dime,,,"10 Cents - Houston and Yekel (Bridgeport, Nebraska)",Yes,No,No,No
coin,Dollar,One Dollar,,,"1 Dollar - Caesars Palace (Las Vegas, Nevada)",Yes,No,No,No
coin,Dollar,Five Cents,,,"5 Cents - Aden-Kampfe Merchandise Company (Chappell, Nebraska)",Yes,No,No,No
coin,Dollar,Half Dollar,,,"50 Cents - Aden-Kampfe Merchandise Company (Chappell, Nebraska)",Yes,No,No,No
coin,Dollar,Half Dollar,,,"50 Cents - Horstman and Parker (Unadilla, Nebraska)",Yes,No,No,No
coin,Dollar,One Dollar,,,"1 Dollar - Horstman and Parker (Unadilla, Nebraska)",Yes,No,No,No
coin,Dollar,Five Cents,,,"5 Cents - H.C. Goings (Tecumseh, Nebraska)",Yes,No,No,No
coin,Dollar,Five Cents,,,"5 Cents - H.C. Goings (Tecumseh, Nebraska)",Yes,No,No,No
coin,Dollar,One Dollar,,,1 Dollar (George Washington),Yes,No,No,No
coin,Dollar,Five Dollars,,,5 Dollars (Benjamin Franklin),Yes,No,No,No
coin,Dollar,One Dime,,,"10 Cents - Paul's Smoke House (Omaha, Nebraska)",Yes,No,No,No
coin,Dollar,One Dollar,,,"1 Dollar - All Shined Up (Hampstead, Maryland)",Yes,No,No,No
coin,Dollar,One Dollar,,,"1 Dollar - Saginaw Car Wash (Saginaw, Michigan)",Yes,No,No,No
coin,Dollar,One Dollar,,,1 Dollar - Frequent Fueler Town Pump Food Stores Program,Yes,No,No,No
coin,Dollar,One Dollar,,,"1 Dollar - Ocean Front Social Daycare (Rockaway Beach, New York)",Yes,No,No,No
coin,Dollar,Half Dollar,,,"50 Cents - Esquire Limited (Omaha, Nebraska)",Yes,No,No,No
medal,U.S. Medals,Medal,,,"Medal - United States Mint, Philadelphia",Yes,No,No,No
coin,Dollar,Five Cents,,,"25 Cents - Embassy Club (Omaha, Nebraska)",Yes,No,No,No
coin,Dollar,One Dollar,,,"1 Dollar - Caesar's Palace (Las Vegas, Nevada)",Yes,No,No,No
coin,Dollar,One Dollar,,,"1 Dollar - Dunes Hotel and Country Club (Las Vegas, Nevada)",Yes,No,No,No
coin,Dollar,Five Cents,,,"5 Cents - Wagner's Recreation Hall (Tecumseh, Nebraska)",Yes,No,No,No
coin,Dollar,Five Cents,,,"5 Cents - Wagner's Recreation Hall (Tecumseh, Nebraska)",Yes,No,No,No
coin,Dollar,Half Cent,,,"2½ Cents - Daniels & Barry (Omaha, Nebraska)",Yes,No,No,No
coin,Dollar,Five Cents,,,"5 Cents - John. J. Novak (Omaha, Nebraska)",Yes,No,No,No
coin,Dollar,Five Cents,,,"25 Cents - Theodore's Place (Omaha, Nebraska)",Yes,No,No,No
coin,Dollar,One Dollar,,,"1 Dollar - Eldorado (Reno, Nevada)",Yes,No,No,No
coin,Dollar,One Cent,,,"40 Cents - Dairy Queen (Bloomington, Minnesota)",Yes,No,No,No
coin,Dollar,Five Cents,,,"5 Cents - Weyrich and Hadraba (Plattsmouth, Nebraska)",Yes,No,No,No
coin,Dollar,One Dime,,,"10 Cents - Weyrich and Hadraba (Plattsmouth, Nebraska)",Yes,No,No,No
coin,Dollar,Five Cents,,,"25 Cents - Weyrich and Hadraba (Plattsmouth, Nebraska)",Yes,No,No,No
coin,Dollar,Half Dollar,,,"50 Cents - Weyrich and Hadraba (Plattsmouth, Nebraska)",Yes,No,No,No
coin,Dollar,Five Cents,,,"5 Cents - C. Johnson (Merna, Nebraska)",Yes,No,No,No
coin,Dollar,Five Cents,,,"25 Cents - Jensen Brothers Market (Gothenburg, Nebraska)",Yes,No,No,No
coin,Dollar,One Dime,,,"10 Cents - Davis Tavern (Burwell, Nebraska)",Yes,No,No,No
coin,Dollar,One Dime,,,"10 Cents - Farmers Union Co-Operative Association (Pauline, Nebraska)",Yes,No,No,No
coin,Dollar,Five Cents,,,"5 Cents - Gandy Mercantile Company (Gandy, Nebraska)",Yes,No,No,No
coin,Dollar,One Dime,,,"10 Cents - Gandy Mercantile Company (Gandy, Nebraska)",Yes,No,No,No
coin,Dollar,Five Cents,,,"25 Cents - Gandy Mercantile Company (Gandy, Nebraska)",Yes,No,No,No
coin,Dollar,One Dollar,,,1 Dollar - No Cash Value (Sports Car),Yes,No,No,No
coin,Dollar,Half Dollar,,,"50 Cents - Westside and Cherry Valley Railway (Tuolumne City, California)",Yes,No,No,No
coin,Dollar,Five Cents,,,"25 Cents - H.H. Schacht (Cook, Nebraska)",Yes,No,No,No
coin,Dollar,Half Dollar,,,"50 Cents - Jensen Brothers Market (Gothenburg, Nebraska)",Yes,No,No,No
coin,Dollar,One Dollar,,,"1 Dollar - Jensen Brothers Market (Gothenburg, Nebraska)",Yes,No,No,No
coin,Dollar,Half Dollar,,,"50 Cents - Hanover Community Bi-centennial (Hanover, Pennsylvania)",Yes,No,No,No
coin,Dollar,One Dime,,,"10 Cents - The Alaska (Yakima, Washington)",Yes,No,No,No
coin,Dollar,One Dime,,,"10 Cents - M. Dobrovolny (Wilber, Nebraska)",Yes,No,No,No
coin,Dollar,Five Cents,,,"5 Cents - Fox Hole Tavern (Wilber, Nebraska)",Yes,No,No,No
coin,Dollar,One Dollar,,,"1 Dollar - Ashland Buggy Bath (Ashland, Oregon)",Yes,No,No,No
coin,Dollar,One Dollar,,,"1 Dollar - Hampstead Car Wash (Hampstead, Maryland)",Yes,No,No,No
coin,Dollar,One Dime,,,"10 Cents - Rick's Place (Wilber, Nebraska)",Yes,No,No,No
coin,Dollar,One Cent,,,"1 Penny - Monroe Royal Arch Chapter No. 281 (Stroudsburg, Pennsylvania)",Yes,No,No,No
coin,Dollar,Half Cent,,,"2½ Cents - De Luxe Billiards (Lincoln, Nebraska)",Yes,No,No,No
coin,Dollar,One Dollar,,,Challenge Coin - Lore Podcast (first design),Yes,No,No,No
coin,Dollar,Half Dollar,,,"50 Cents - Lee Watkins and Company (Andrews, North Carolina)",Yes,No,No,No
coin,Dollar,Twenty Cents,,,"20 Cents - Columbian Peanut Company (Tarboro, North Carolina)",Yes,No,No,No
coin,Dollar,One Cent,,,"40 Cents - Columbian Peanut Company (Tarboro, North Carolina)",Yes,No,No,No
coin,Dollar,Five Cents,,,"5 Cents - Crest Coins and Guns (Lincoln, Nebraska)",Yes,No,No,No
coin,Dollar,Half Cent,,,"2½ Cents - Nebraska Billiard Room (Lincoln, Nebraska)",Yes,No,No,No
coin,Dollar,One Dollar,,,"1 Dollar - R.J. Ottersberg General Merchandise (Johnson, Nebraska)",Yes,No,No,No
coin,Dollar,Five Cents,,,"5 Cents - J.J. Janzen and Co. (Henderson, Nebraska)",Yes,No,No,No
coin,Dollar,Half Dollar,,,"50 Cents - F.E. Brown (Crab Orchard, Nebraska)",Yes,No,No,No
coin,Dollar,Five Cents,,,"5 Cents - Neil's Tavern (Pleasant Dale, Nebraska)",Yes,No,No,No
coin,Dollar,Five Dollars,,,"5 Dollars - Kliment Mercantile Company (Prague, Nebraska)",Yes,No,No,No
coin,Dollar,One Dime,,,"10 Cents - The Farmers Union Co-Op Company (Rosalie, Nebraska)",Yes,No,No,No
coin,Dollar,Five Cents,,,"5 Cents - J.C. Brumbaugh (Goehner, Nebraska)",Yes,No,No,No
coin,Dollar,One Dollar,,,"1 Dollar - HMA. Car Wash (Salem, Massachusetts)",Yes,No,No,No
coin,Dollar,Five Cents,,,"5 Cents - B. F. Schroeder (Tekamah, Nebraska)",Yes,No,No,No
coin,Dollar,Five Cents,,,"5 Cents - Kliment Mercantile Company (Prague, Nebraska)",Yes,No,No,No
coin,Dollar,One Dollar,,,"1 Irish Dollar - 100 Years (Clare, Iowa)",Yes,No,No,No
coin,Dollar,Five Cents,,,"5 Cents - H. U. Landolt General Merchandise (Shubert, Nebraska)",Yes,No,No,No
coin,Dollar,One Dollar,,,"1 Irish Dollar - Fly Aer Lingus (Clare, Iowa)",Yes,No,No,No
coin,Dollar,Five Cents,,,"5 Cents - Diers Brothers I.G.A. Store (Gresham, Nebraska)",Yes,No,No,No
coin,Dollar,Five Cents,,,"5 Cents - C. Nielson General Merchandise (Rockville, Nebraska)",Yes,No,No,No
coin,Dollar,One Cent,,,"1 Penny 1847 Chapter № 8 St. Louis, Missouri",Yes,No,No,No
coin,Dollar,Five Cents,,,"5 Cents - Billy Norman (Anselmo, Nebraska)",Yes,No,No,No
coin,Dollar,Five Cents,,,"5 Cents - Farmers Co-Operative (Elgin, Nebraska)",Yes,No,No,No
coin,Dollar,Five Cents,,,"5 Cents - Paul Steffen (Davey, Nebraska)",Yes,No,No,No
coin,Dollar,One Dollar,,,"1 Dollar - CQ Express Car Wash (Fenton, Missouri)",Yes,No,No,No
coin,Dollar,One Dollar,,,1 Dollar - Antique Car,Yes,No,No,No
coin,Dollar,Five Cents,,,"5 Cents - Farmers Elevator and Trading Company (Martell, Nebraska)",Yes,No,No,No
coin,Dollar,One Dollar,,,"1 Irish Dollar - U. S. Mail (Clare, Iowa)",Yes,No,No,No
coin,Dollar,One Dollar,,,"1 Irish Dollar - St. Patrick's Day (Clare, Iowa)",Yes,No,No,No
coin,Dollar,Five Cents,,,"5 Cents - Pat's Place (Talmage, Nebraska)",Yes,No,No,No
coin,Dollar,One Dollar,,,"1 Irish Dollar - St. Patrick's Day (Clare, Iowa)",Yes,No,No,No
coin,Dollar,Five Cents,,,"5 Cents - The Colonial Club (Omaha, Nebraska)",Yes,No,No,No
coin,Dollar,One Dollar,,,"1 Irish Dollar - St. Patrick's Day (Clare, Iowa)",Yes,No,No,No
coin,Dollar,One Dollar,,,"1 Irish Dollar - Enterprise (Clare, Iowa)",Yes,No,No,No
coin,Dollar,One Dollar,,,"1 Irish Dollar - St. Patrick's Day (Clare, Iowa)",Yes,No,No,No
coin,Dollar,One Dollar,,,"1 Irish Dollar - St. Patrick's Day (Clare, Iowa)",Yes,No,No,No
coin,Dollar,One Dollar,,,"1 Irish Dollar - St. Patrick's Day (Clare, Iowa)",Yes,No,No,No
coin,Dollar,One Dime,,,"10 Cents - Diers Brothers I.G.A. Store (Gresham, Nebraska)",Yes,No,No,No
coin,Dollar,One Dime,,,"10 Cents - Bill Fielder (Nickerson, Nebraska)",Yes,No,No,No
coin,Dollar,One Dime,,,"10 Cents - Abie Mercantile Company (Abie, Nebraska)",Yes,No,No,No
coin,Dollar,One Dime,,,"10 Cents - H. U. Landolt General Merchandise (Shubert, Nebraska)",Yes,No,No,No
coin,Dollar,One Dime,,,"10 Cents - Joe's Place (Madrid, Nebraska)",Yes,No,No,No
coin,Dollar,One Dime,,,"10 Cents - Kliment Mercantile Company (Prague, Nebraska)",Yes,No,No,No
coin,Dollar,Five Cents,,,"25 Cents - Kliment Mercantile Company (Prague, Nebraska)",Yes,No,No,No
coin,Dollar,Five Cents,,,"25 Cents - H. U. Landolt General Merchandise (Shubert, Nebraska)",Yes,No,No,No
coin,Dollar,Five Cents,,,"25 Cents - Diers Brothers I.G.A. Store (Gresham, Nebraska)",Yes,No,No,No
coin,Dollar,Five Cents,,,"25 Cents- Tod's Card and Billiard Room (San Diego, California)",Yes,No,No,No
coin,Dollar,One Dollar,,,"1 Dollar - Tod's Card and Billiard Room (San Diego, California)",Yes,No,No,No
coin,Dollar,Five Cents,,,"25 Cents - C. Nielson General Merchandise (Rockville, Nebraska)",Yes,No,No,No
coin,Dollar,One Dime,,,"10 Cents - C. Nielson General Merchandise (Rockville, Nebraska)",Yes,No,No,No
coin,Dollar,Half Dollar,,,"50 Cents - C. Nielson General Merchandise (Rockville, Nebraska)",Yes,No,No,No
coin,Dollar,Five Cents,,,"5 Cents - Joe's Place (Madrid, Nebraska)",Yes,No,No,No
coin,Dollar,Half Dollar,,,"50 Cents - H. U. Landolt General Merchandise (Shubert, Nebraska)",Yes,No,No,No
coin,Dollar,One Dollar,,,"1 Dollar ""Native American Dollar"" (Elizabeth Peratrovich and the Anti-Discrimination Law of 1945)",Yes,No,No,No
coin,Dollar,Half Dollar,,,"50 Cents - Kliment Mercantile Company (Prague, Nebraska)",Yes,No,No,No
coin,Dollar,One Dollar,,,"1 Dollar - Kliment Mercantile Company (Prague, Nebraska)",Yes,No,No,No
coin,Dollar,One Cent,,,"1 Cent - H. U. Landolt General Merchandise (Shubert, Nebraska)",Yes,No,No,No
coin,Dollar,One Cent,,,"1 Cent - C. Nielson General Merchandise (Rockville, Nebraska)",Yes,No,No,No
coin,Dollar,One Dollar,,,"1 Dollar - H. U. Landolt General Merchandise (Shubert, Nebraska)",Yes,No,No,No
coin,Dollar,One Dollar,,,"1 Dollar - C. Nielson General Merchandise (Rockville, Nebraska)",Yes,No,No,No
coin,Dollar,Half Dollar,,,"50 Cents - Farmers Co-Operative Store (Ulysses, Nebraska)",Yes,No,No,No
coin,Dollar,One Dollar,,,"1 Dollar - C.J. Kruse General Merchandise (Winslow, Nebraska)",Yes,No,No,No
coin,Dollar,Half Dollar,,,"50 Cents - Potadle and Erickson (Malmo, Nebraska)",Yes,No,No,No
coin,Dollar,One Dollar,,,"1 Dollar - Moby's Auto Wash (Bakersfield, California)",Yes,No,No,No
coin,Dollar,Half Dollar,,,"50 Cents - Diers Brothers I.G.A. Store (Gresham, Nebraska)",Yes,No,No,No
coin,Dollar,One Dollar,,,"1 Dollar - Diers Brothers I.G.A. Store (Gresham, Nebraska)",Yes,No,No,No
coin,Dollar,Five Cents,,,"25 Cents - G.C. Graves and Son (Fayetteville, North Carolina)",Yes,No,No,No
coin,Dollar,Half Dollar,,,"50 Cents - G.C. Graves and Son (Fayetteville, North Carolina)",Yes,No,No,No
coin,Dollar,One Dollar,,,"1 Dollar - G.C. Graves and Son (Fayetteville, North Carolina)",Yes,No,No,No
coin,Dollar,One Dime,,,"10 Cents - Pratt and Son (Prosser, Nebraska)",Yes,No,No,No
coin,Dollar,One Dime,,,"10 Cents - L and L Bar (Wilber, Nebraska)",Yes,No,No,No
coin,Dollar,Five Cents,,,"5 Cents - Coffey's Tavern (Roca, Nebraska)",Yes,No,No,No
coin,Dollar,Five Cents,,,"5 Cents - Paul's Tavern (Paul, Nebraska)",Yes,No,No,No
coin,Dollar,One Dime,,,"10 Cents - Phillip Swanson (Bertrand, Nebraska)",Yes,No,No,No
coin,Quarter,Five Cents,,,"25 Cents - Josie's Laundry (Roseville, Minnesota)",Yes,No,No,No
coin,Dollar,Five Cents,,,25 Cents - No Cash Value,Yes,No,No,No
coin,Dollar,Ten Dollars,,,"10 Dollars - Better Built by Buckley (Chicago, Illinois)",Yes,No,No,No
coin,Dollar,One Dollar,,,1 Dollar - Ficha de Lavacoches,Yes,No,No,No
coin,Half Dollar,One Dollar,,,"Souvenir Half-Dollar - Stroudsburg Sesquicentennial (Stroudsburg, Pennsylvania)",Yes,No,No,No
coin,Dollar,One Dollar,,,"1 Dollar - Entertainment Capitol of the World (Las Vegas, Nevada)",Yes,No,No,No
coin,Dollar,One Dollar,,,"1 Dollar - Hard Rock (Las Vegas, Nevada)",Yes,No,No,No
coin,Dollar,Five Cents,,,"5 Cents - H. G. Lamb and Company General Store (Stapleton, Nebraska)",Yes,No,No,No
coin,Dollar,One Dime,,,"10 Cents - H. G. Lamb and Company General Store (Stapleton, Nebraska)",Yes,No,No,No
coin,Dollar,Five Cents,,,"25 Cents - H. G. Lamb and Company General Store (Stapleton, Nebraska)",Yes,No,No,No
coin,Dollar,Half Dollar,,,"50 Cents - H. G. Lamb and Company General Store (Stapleton, Nebraska)",Yes,No,No,No
coin,Dollar,One Dollar,,,"1 Dollar - Phillip Swanson (Bertrand, Nebraska)",Yes,No,No,No
coin,Dollar,Five Cents,,,"25 Cents - Evans Cash Store (Berwyn, Nebraska)",Yes,No,No,No
coin,Dollar,Five Cents,,,"5 Cents - Sellhorst Tavern (Howells, Nebraska)",Yes,No,No,No
coin,Dollar,Five Cents,,,"5 Cents - Teller's (Columbus, Nebraska)",Yes,No,No,No
coin,Dollar,Five Cents,,,"25 Cents - Froschheuser and Son (Hastings, Nebraska)",Yes,No,No,No
coin,Dollar,One Dollar,,,"1 Dollar - Genzlinger and Klein General Merchandise (Burr, Nebraska)",Yes,No,No,No
coin,Dollar,Five Cents,,,5 Cents (2697),Yes,No,No,No
coin,Dollar,Five Cents,,,"25 Cents - Steffes Brothers (Cedar Rapids, Nebraska)",Yes,No,No,No
coin,Dollar,One Dime,,,"10 Cents - I.W. Crary Mercantile Company (Guide Rock, Nebraska)",Yes,No,No,No
coin,Dollar,Five Cents,,,"5 Cents - Billie's Cafe (Columbus, Nebraska)",Yes,No,No,No
coin,Dollar,Five Cents,,,"5 Cents - Tony Roche, Home Cafe (Columbus, Nebraska)",Yes,No,No,No
coin,Dollar,Five Cents,,,"5 Cents - Rex (Columbus, Nebraska)",Yes,No,No,No
coin,Dollar,Half Dollar,,,"50 Cents - F.M. Bernadt (Odell, Nebraska)",Yes,No,No,No
coin,Dollar,Half Dollar,,,"50 Cents - M.E. Shalla (Odell, Nebraska)",Yes,No,No,No
coin,Dollar,One Dollar,,,"1 Dollar - B.H. Mintz General Merchandise (Marble, North Carolina)",Yes,No,No,No
coin,Dollar,Five Cents,,,"25 Cents - Turfway Car Wash (Florence, Kentucky)",Yes,No,No,No
coin,Dollar,Five Cents,,,"5 Cents - Joseph Perkin (Haywood, Nebraska)",Yes,No,No,No
coin,Dollar,Five Cents,,,"5 Cents - Avalon Tavern (Schuyler, Nebraska)",Yes,No,No,No
coin,Dollar,Five Cents,,,"5 Cents - Blake's (Columbus, Nebraska)",Yes,No,No,No
coin,Dollar,Two Dollars,,,"2 Dollars - Jubitz Truck Stop (Portland, Oregon)",Yes,No,No,No
coin,Dollar,One Cent,,,"1 Cent - Block Coal and Coke Corp. (Block, Tennessee)",Yes,No,No,No
coin,Dollar,One Cent,,,"1 Cent - Indian Creek Coal Co. (Indian Creek, Tennessee)",Yes,No,No,No
coin,Half Dollar,One Dollar,,,1 Gram Silver (Walking Liberty),Yes,No,No,No
coin,Dollar,Five Cents,,,"5 Cents - Stanley E. Swolek (Columbus, Nebraska)",Yes,No,No,No
coin,Dollar,Five Cents,,,"5 Cents - F.H. Bartling (Syracuse, Nebraska)",Yes,No,No,No
coin,Dollar,One Dollar,,,"1 Dollar - High Car Wash (Lititz, Pennsylvania)",Yes,No,No,No
coin,Dollar,One Dime,,,"10 Cents - South Side Tavern (Gresham, Nebraska)",Yes,No,No,No
coin,Dollar,One Dime,,,"10 Cents - Dale-Beghtol Company (Gothenburg, Nebraska)",Yes,No,No,No
coin,Dollar,One Dollar,,,"1 Dollar - Phelps Cigar Company (Fremont, Nebraska)",Yes,No,No,No
coin,Dollar,Five Cents,,,"5 Cents - John Wittka (Columbus, Nebraska)",Yes,No,No,No
coin,Dollar,Five Cents,,,"5 Cents - Ron-De-Voo Bar (Columbus, Nebraska)",Yes,No,No,No
coin,Dollar,One Cent,,,"1 Cent - Red Parrot Coal Company (Prenter, West Virginia)",Yes,No,No,No
coin,Dollar,Five Cents,,,"25 Cents - The Reno (Omaha, Nebraska)",Yes,No,No,No
coin,Dollar,Five Cents,,,"5 Cents - Pickwick Bar Inc. (Omaha, Nebraska)",Yes,No,No,No
coin,Dollar,One Dime,,,"10 Cents - Becker and Son (Schuyler, Nebraska)",Yes,No,No,No
coin,Dollar,One Dime,,,"10 Cents - Krugers Tavern (Schuyler, Nebraska)",Yes,No,No,No
coin,Dollar,Five Cents,,,"5 Cents - Kroger's Tavern (Schuyler, Nebraska)",Yes,No,No,No
coin,Dollar,One Dime,,,"10 Cents - Henry A. Whitney General Merchandise (Bellwood, Nebraska)",Yes,No,No,No
coin,Dollar,One Dime,,,"10 Cents - Noel's Liquor Lunch (Rosalie, Nebraska)",Yes,No,No,No
coin,Dollar,One Dollar,,,"1 Dollar - The Gurley Mercantile Company (Gurley, Nebraska)",Yes,No,No,No
coin,Dollar,Half Dollar,,,"50 Cents - The Gurley Mercantile Company (Gurley, Nebraska)",Yes,No,No,No
coin,Dollar,Five Cents,,,"25 Cents - Allen Produce Company (Allen, Nebraska)",Yes,No,No,No
coin,Dollar,Twenty Dollars,,,20 Dollars (Republic of Texas),Yes,No,No,No
coin,Dollar,Twenty Dollars,,,20 Dollars (Vermont),Yes,No,No,No
coin,Dollar,One Dollar,,,"1 Dollar - Phillip Swanson (Bertrand, Nebraska)",Yes,No,No,No
coin,Dollar,Five Cents,,,"25 Cents - Phillip Swanson (Bertrand, Nebraska)",Yes,No,No,No
coin,Dollar,One Dollar,,,5 - Fun Munny,Yes,No,No,No
coin,Dollar,Five Cents,,,"5 Cents - Veronica J. Bartle (St. Paul, Nebraska)",Yes,No,No,No
coin,Dollar,Five Cents,,,"25 Cents - Veronica J. Battle (St. Paul, Nebraska)",Yes,No,No,No
coin,Dollar,Half Dollar,,,"50 Cents - Veronica J. Battle (St. Paul, Nebraska)",Yes,No,No,No
coin,Dollar,One Dime,,,"10 Cents - H. Rose (Rosemont, Nebraska)",Yes,No,No,No
coin,Dollar,Five Cents,,,"25 Cents - Jensen, Christensen and Company (St. Paul, Nebraska)",Yes,No,No,No
coin,Dollar,Half Dollar,,,"50 Cents - Jensen, Christensen and Company (St. Paul, Nebraska)",Yes,No,No,No
coin,Dollar,One Dollar,,,"1 Dollar - H. L. Struthers (Grists, North Carolina)",Yes,No,No,No
coin,Dollar,Five Cents,,,"5 Cents - Matt. Friend and Company (Lawrence, Nebraska)",Yes,No,No,No
coin,Dollar,Five Cents,,,"5 Cents - Recreation Club (Lawrence, Nebraska)",Yes,No,No,No
coin,Dollar,One Cent,,,"1 Cent - Joseph Pierce Hide & Poultry Company (Kearney, Nebraska)",Yes,No,No,No
coin,Dollar,Five Cents,,,"5 Cents - Arnold Hopp Beer Parlor (Johnson, Nebraska)",Yes,No,No,No
coin,Dollar,One Dollar,,,"1 Urban Fare - Metropolitan Transit System (San Diego, California)",Yes,No,No,No
coin,Dollar,One Dime,,,"10 Cents - Moore and Stodola (Clarkson, Nebraska)",Yes,No,No,No
coin,Dollar,One Dollar,,,"1 Dollar - John Riechers Furniture and General Merchandise (Clatonia, Nebraska)",Yes,No,No,No
coin,Dollar,One Dollar,,,"1 Dollar - John Riechers General Merchandise and Furniture (Clatonia, Nebraska)",Yes,No,No,No
coin,Dollar,Five Cents,,,"5 Cents - Livingston and Pegden (Clearwater, Nebraska)",Yes,No,No,No
coin,Dollar,One Dollar,,,"1 Dollar - Livingston and Pegden (Clearwater, Nebraska)",Yes,No,No,No
coin,Dollar,Five Cents,,,5 Cents - Helm and Boyle,Yes,No,No,No
coin,Dollar,One Dollar,,,"1 Dollar - Bullwhacker (Central City, Colorado)",Yes,No,No,No
coin,Dollar,One Dollar,,,"1 Dollar - Offutt Air Force Base (Omaha, Nebraska)",Yes,No,No,No
coin,Dollar,Five Cents,,,"5 Cents- N.C.O. Mess (Offutt Air Force Base, Nebraska)",Yes,No,No,No
coin,Dollar,One Dime,,,"10 Cents - Beaumont Mfg. Co's Store (Spartanburg, South Carolina)",Yes,No,No,No
coin,Dollar,Five Cents,,,"5 Cents - Grygla Co-Operative Co. (Grygla, Minnesota)",Yes,No,No,No
coin,Dollar,Five Cents,,,"5 Cents - N.C.O. Mess (Offutt Air Force Base, Nebraska)",Yes,No,No,No
coin,Dollar,One Dollar,,,"1 Dollar- N.C.O. Mess (Offutt Air Force Base, Nebraska)",Yes,No,No,No
coin,Dollar,One Dollar,,,"1 Dollar - N.C.O. Mess (Offutt Air Force Base, Nebraska)",Yes,No,No,No
coin,Dollar,One Dime,,,"10 Cents - R. Muir General Merchandise (Ohiowa, Nebraska)",Yes,No,No,No
coin,Dollar,Five Cents,,,"25 Cents - Paul Tavern (Paul, Nebraska)",Yes,No,No,No
coin,Dollar,One Dollar,,,"1 Dollar - A.V.F.D. (Alliance, Nebraska)",Yes,No,No,No
coin,Dollar,One Dollar,,,"1 Dollar - Oscar Hoffman (Ashland, Nebraska)",Yes,No,No,No
coin,Dollar,Five Cents,,,"5 Cents - L.F. Bly (Arcadia, Nebraska)",Yes,No,No,No
coin,Dollar,Five Cents,,,"5 Cents - A.V.F.D. (Alliance, Nebraska)",Yes,No,No,No
coin,Dollar,Five Cents,,,"25 Cents - A.V.F.D. (Alliance, Nebraska)",Yes,No,No,No
coin,Dollar,Five Cents,,,"5 Cents - Eddie Padget (Bancroft, Nebraska)",Yes,No,No,No
coin,Dollar,Five Cents,,,"5 Cents - Roy H. Patitz (Bassett, Nebraska)",Yes,No,No,No
coin,Dollar,Five Cents,,,"25 Cents - Roy H. Patitz (Bassett, Nebraska)",Yes,No,No,No
coin,Dollar,One Dime,,,"10 Cents - B.P.O. Elks 619 (Beatrice, Nebraska)",Yes,No,No,No
coin,Dollar,Half Dollar,,,"50 Cents - J.P. Brown's Store (George, North Carolina)",Yes,No,No,No
coin,Dollar,Half Dollar,,,"50 Cents - Bilz City (Douglas County, Nebraska)",Yes,No,No,No
coin,Dollar,Five Cents,,,"5 Cents - H and H Cafe (Bloomfield, Nebraska)",Yes,No,No,No
coin,Dollar,Five Cents,,,"5 Cents - Aldermen Merchandise Company (Bloomfield, Nebraska)",Yes,No,No,No
coin,Dollar,Five Cents,,,"5 Cents - Tregar and Son (Bertrand, Nebraska)",Yes,No,No,No
coin,Dollar,Five Cents,,,"5 Cents - Harry E. Palmer (Bradshaw, Nebraska)",Yes,No,No,No
coin,Dollar,Five Cents,,,"5 Cents - R. Goodridge (Bradshaw, Nebraska)",Yes,No,No,No
coin,Dollar,Half Dollar,,,"50 Cents - A. Jensen (Boelus, Nebraska)",Yes,No,No,No
coin,Dollar,Five Cents,,,"5 Cents - Broadway Market (Broken Bow, Nebraska)",Yes,No,No,No
coin,Dollar,Five Cents,,,"5 Cents - E.J. Kacirek General Merchandise (Bruno, Nebraska)",Yes,No,No,No
coin,Dollar,One Dime,,,"10 Cents - E.J. Kacirek General Merchandise (Bruno, Nebraska)",Yes,No,No,No
coin,Dollar,One Dime,,,"10 Cents - The Fidelity Land and Implement Company (Stone City, Kansas)",Yes,No,No,No
coin,Quarter,One Dollar,,,¼ Ounce -Money Metals Exchange (Walking Liberty),Yes,No,No,No
coin,Dollar,Five Cents,,,"25 Cents - E.J. Kacirek General Merchandise (Bruno, Nebraska)",Yes,No,No,No
coin,Dollar,One Dollar,,,"1 Dollar - E.J. Kacirek General Merchandise (Bruno, Nebraska)",Yes,No,No,No
coin,Dollar,One Dollar,,,"1 Dollar - H.C. Johnson General Merchandise (Brunswick, Nebraska)",Yes,No,No,No
coin,Dollar,One Dollar,,,"1 Dollar - The Keister-Blough Co. (Wooster, Ohio)",Yes,No,No,No
coin,Dollar,Five Cents,,,"25 Cents - R. A. Brown's Store (Concord, North Carolina)",Yes,No,No,No
coin,Dollar,Five Cents,,,"25 Cents - J.P. Brown's Store (George, North Carolina)",Yes,No,No,No
coin,Dollar,One Dime,,,"10 Cents - Genzlinger and Klein General Merchandise (Burr, Nebraska)",Yes,No,No,No
coin,Dollar,One Dollar,,,"1 Dollar - Genzlinger and Klein (Burr, Nebraska)",Yes,No,No,No
coin,Dollar,One Dollar,,,"1 Dollar - Genzlinger and Klein (Burr, Nebraska)",Yes,No,No,No
coin,Dollar,Five Dollars,,,"5 Dollars - ""Bingle""",Yes,No,No,No
coin,Dollar,One Dollar,,,"1 Dollar - Genzlinger and Klein (Burr, Nebraska)",Yes,No,No,No
coin,Dollar,One Dollar,,,"1 Dollar - Palace Club (Reno, Nevada)",Yes,No,No,No
coin,Dollar,One Dollar,,,5 Units - Nova Constellatio (Pattern),Yes,No,No,No
coin,Dollar,One Dollar,,,100 Units - Nova Constellatio (Pattern),Yes,No,No,No
coin,Dollar,One Dollar,,,500 Units - Nova Constellatio (Pattern),Yes,No,No,No
coin,Dollar,Five Cents,,,"5 Cents - R. Wachowiak Buffet (Chicago, Illinois)",Yes,No,No,No
coin,Dollar,Half Cent,,,"2½ Cents - H.M. Dryer (Minneapolis, Minnesota)",Yes,No,No,No
coin,Dollar,One Dollar,,,"1 Dollar - Bormann Gen. Mdse. (Wesley, Texas)",Yes,No,No,No
coin,Dollar,One Dollar,,,"1 Play - Gay 90's Melody Museum (Saint Louis, Missouri)",Yes,No,No,No
coin,Half Dollar,Half Dollar,,,½ Dollar (Basketball Hall of Fame),Yes,No,No,No
coin,Dollar,One Dollar,,,1 Dollar (Basketball Hall of Fame),Yes,No,No,No
coin,Dollar,Five Dollars,,,5 Dollars (Basketball Hall of Fame),Yes,No,No,No
coin,Dollar,One Hundred Dollars,,,100 Dollars (Pursuit of Happiness),Yes,No,No,No
coin,Dollar,Five Cents,,,25 Cents (Monogram),Yes,No,No,No
coin,Dollar,One Dollar,,,1 oz Silver (SilverTowne Mint - Morgan Dollar Design),Yes,No,No,No
coin,Quarter,Quarter Dollar,,,"¼ Dollar ""Washington Quarter"" (Frank Church River of No Return Wilderness - Silver 5 oz Bullion)",Yes,No,No,No
coin,Dollar,One Dime,,,"10 Cents - Rialto Theatre Money (Chicago, Illinois)",Yes,No,No,No
coin,Dollar,One Dollar,,,"1 Dollar - Good Value Club (The Peoples Store; Akron, Ohio)",Yes,No,No,No
coin,Dollar,Five Cents,,,25 Cents - Roller Skating,Yes,No,No,No
coin,Dollar,Five Cents,,,5 Cents - 21048,Yes,No,No,No
coin,Dollar,Five Cents,,,5 Cents - Plantation,Yes,No,No,No
coin,Dollar,Five Cents,,,5 Cents - McVille Cafe,Yes,No,No,No
coin,Dollar,Half Cent,,,2½ Cents - Colonial Alleys,Yes,No,No,No
coin,Dollar,Five Cents,,,5 Cents - Yokota,Yes,No,No,No
coin,Dollar,Five Cents,,,5 Cents,Yes,No,No,No
coin,Dollar,Two Dollars,,,"2 Dollars - The Hog Ranch (Fort Laramie, Wyoming)",Yes,No,No,No
coin,Dollar,Three Dollars,,,"3 Dollars - Fat Ann's Saloon (Carson City, Nevada)",Yes,No,No,No
coin,Half Dollar,Half Cent,,,"½ Cent - The Commercial Bank (Des Moines, Iowa)",Yes,No,No,No
coin,Dollar,One Dollar,,,"1 Dollar - Mr. Auto (La Habra, California)",Yes,No,No,No
coin,Dollar,Half Dollar,,,"50 Cents - Frosty's (Casper, Wyoming)",Yes,No,No,No
coin,Dollar,Five Cents,,,"25 Cents - Clinton Street News (Syracuse, New York)",Yes,No,No,No
coin,Dollar,Twenty Dollars,,,"20 Dollars - Blake and Co. Assayers (Sacramento, California)",Yes,No,No,No
coin,Dollar,One Dollar,,,"Wooden Dollar - Chattahoochee Valley Fair (Columbus, Georgia)",Yes,No,No,No
coin,Dollar,Five Cents,,,5 Cents - 2874,Yes,No,No,No
coin,Dollar,Five Cents,,,"25 Cents - Major Magic's (Sylvania, Ohio)",Yes,No,No,No
coin,Dollar,Half Dollar,,,50 Cents - Jefferson Downs,Yes,No,No,No
coin,Dollar,One Cent,,,"40 Cents - Dairy Queen Free Sundae (Minneapolis, Minnesota)",Yes,No,No,No
coin,Dollar,One Dollar,,,"Havasu Dollar - London Bridge Rotary Club - The Moon Walk (Lake Havasu City, Arizona)",Yes,No,No,No
coin,Dollar,One Dollar,,,"1 Aloha Dala - Aloha Festivals (Oahu, Hawaii)",Yes,No,No,No
coin,Dollar,Half Dollar,,,"50 Cents - Happy Feet (Tacoma, Washington)",Yes,No,No,No
coin,Dollar,Two and a Half Dollars,,,"2½ Dollars - Monte's (Marion, Oregon)",Yes,No,No,No
coin,Dollar,Five Cents,,,"25 Cents - Mack's Pool Hall (Portland, Oregon)",Yes,No,No,No
coin,Dollar,One Dime,,,"10 Cents - Mack's Pool Hall (Portland, Oregon)",Yes,No,No,No
coin,Dollar,Five Cents,,,"5 Cents - Le Jeune and Kelly (Portland, Oregon)",Yes,No,No,No
coin,Dollar,Five Cents,,,"25 Cents - Southeast Parkrose Coins (Portland, Oregon)",Yes,No,No,No
coin,Quarter,One Cent,,,"¼ Cent - Astoria Commercial Club (Astoria, Illinois)",Yes,No,No,No
coin,Quarter,Five Cents,,,"5 Cents - 4th Avenue Card Room (Portland, Oregon)",Yes,No,No,No
coin,Quarter,One Dollar,,,"1 Dollar - 4th Avenue Card Room (Portland, Oregon)",Yes,No,No,No
coin,Dollar,Half Cent,,,"2½ Cents - The Olympian Co. (Portland, Oregon)",Yes,No,No,No
coin,Dollar,Five Cents,,,"5 Cents - The Olympian Co. (Portland, Oregon)",Yes,No,No,No
coin,Dollar,One Cent,,,"6¼ Cents - Kelly's Place (Portland, Oregon)",Yes,No,No,No
coin,Dollar,Five Cents,,,"5 Cents - Slayton Mercantile Company (Emory, Montana)",Yes,No,No,No
coin,Dollar,One Dollar,,,"1 Dollar - Slayton Mercantile Company (Lavina, Montana)",Yes,No,No,No
coin,Dollar,Five Cents,,,"25 Cents - Herr Bros. and Co. (Wishek, North Dakota)",Yes,No,No,No
coin,Dollar,One Dollar,,,"1 Dollar - Southern Pine Lumber Co. (Diboll, Texas)",Yes,No,No,No
coin,Dollar,Five Cents,,,"25 Cents - Southern Pine Lumber Co. (Diboll, Texas)",Yes,No,No,No
coin,Dollar,Five Cents,,,"5 Cents - Southern Pine Lumber Company (Diboll, Texas)",Yes,No,No,No
coin,Dollar,Half Dollar,,,"50 Cents - Rainbow Springs Doubloon (Dunnellon, Florida)",Yes,No,No,No
coin,Dollar,Five Cents,,,"5 Cents - Altenhoff (Seguin, Texas)",Yes,No,No,No
coin,Dollar,One Dollar,,,"1 Dollar - Ocean Shores Car Wash (Ocean Shores, Washington)",Yes,No,No,No
coin,Dollar,Half Dollar,,,"50 Cents - City with a Heart (Elkhart, Indiana)",Yes,No,No,No
coin,Dollar,Half Dollar,,,"50 Cents - Orange City Centennial (Orange City, Iowa)",Yes,No,No,No
coin,Dollar,Five Cents,,,"25 Cents - Clark's Place (Huntington, Oregon)",Yes,No,No,No
coin,Dollar,One Dollar,,,1 Ounce - 2 Zombucks (Slayed Dollar),Yes,No,No,No
coin,Dollar,Five Cents,,,"5 Cents - All Quality Confections (Chicago, Illinois)",Yes,No,No,No
coin,Dollar,Five Dollars,,,5 Dollars (Federal Reserve Note; colored),Yes,No,No,No
coin,Dollar,Four Dollars,,,"4 Dollars (""Continental Currency"" - United Colonies)",Yes,No,No,No
coin,Dollar,One Hundred Dollars,,,100 Dollars (Federal Reserve Note; colored),Yes,No,No,No
coin,Dollar,Twenty Dollars,,,"20 Dollars (Federal Reserve Note; ""Redeemable in Gold""; Branch ID in Numbers)",Yes,No,No,No
coin,Dollar,One Dollar,,,1 Dollar (Silver Certificate; Blue Seal; No Motto),Yes,No,No,No
coin,Dollar,One Dollar,,,1 Dollar (Silver Certificate; Blue Seal; With Motto),Yes,No,No,No
coin,Dollar,One Dollar,,,1 Dollar (Federal Reserve Note),Yes,No,No,No
coin,Dollar,Two Dollars,,,2 Dollars (Federal Reserve Note),Yes,No,No,No
coin,Dollar,Two Dollars,,,2 Dollars (United States Note; Red Seal right; no motto),Yes,No,No,No
coin,Dollar,Ten Dollars,,,10 Dollars (Federal Reserve Note; colored),Yes,No,No,No
coin,Dollar,Five Dollars,,,5 Dollars (United States Note; Red Seal right; with motto),Yes,No,No,No
coin,Dollar,Twenty Dollars,,,20 Dollars (Federal Reserve Note; colored),Yes,No,No,No
coin,Dollar,Fifty Dollars,,,50 Dollars (Federal Reserve Note; colored),Yes,No,No,No
coin,Dollar,One Cent,,,"1 Penny - Central City Chapter No. 70 (Syracuse, New York)",Yes,No,No,No
coin,Half Dollar,Half Dollar,,,"Half Dollar - Sturgis and Fort Meade Centennial (Sturgis, South Dakota)",Yes,No,No,No
coin,Dollar,One Dollar,,,1 Dollar (United States Department of Agriculture Food Coupon) [Type II],Yes,No,No,No
coin,Dollar,One Dollar,,,1 Dollar (Silver Certificate; Yellow Seal - North Africa),Yes,No,No,No
coin,Dollar,One Dollar,,,1 Dollar (Silver Certificate; Brown Seal - Hawaii),Yes,No,No,No
coin,Dollar,One Dollar,,,1 Dollar (Silver Certificate; Blue Seal and 1),Yes,No,No,No
coin,Dollar,One Dollar,,,1 Dollar (Small-Size Silver Certificate; Blue Seal Left),Yes,No,No,No
coin,Dollar,One Dollar,,,1 Dollar (United States Note; Red Seal left),Yes,No,No,No
coin,Dollar,Two Dollars,,,2 Dollars (United States Note; Red Seal right; with motto),Yes,No,No,No
coin,Dollar,Two Dollars,,,2 Dollars (United States Note; Red Seal left),Yes,No,No,No
coin,Dollar,Five Dollars,,,5 Dollars (Federal Reserve Note; large portrait),Yes,No,No,No
coin,Dollar,Five Dollars,,,5 Dollars (Federal Reserve Note; small portrait),Yes,No,No,No
coin,Dollar,Five Dollars,,,5 Dollars (Federal Reserve Note; small portrait; no motto),Yes,No,No,No
coin,Dollar,Five Dollars,,,5 Dollars (Federal Reserve Note; Large FIVE; small portrait),Yes,No,No,No
coin,Dollar,Five Dollars,,,5 Dollars (Federal Reserve Note; Brown Seal - Hawaii),Yes,No,No,No
coin,Dollar,Twenty Dollars,,,20 Dollars (Federal Reserve Note; Brown Seal - Hawaii),Yes,No,No,No
coin,Dollar,Five Dollars,,,5 Dollars (Silver Certificate; Blue Seal at right),Yes,No,No,No
coin,Dollar,Five Dollars,,,5 Dollars (Silver Certificate; Blue Seal and 5),Yes,No,No,No
coin,Dollar,Five Dollars,,,5 Dollars (Silver Certificate; Yellow Seal - North Africa),Yes,No,No,No
coin,Dollar,Five Dollars,,,5 Dollars (United States Note; Red Seal right; no motto),Yes,No,No,No
coin,Dollar,Five Dollars,,,5 Dollars (United States Note; Red Seal left),Yes,No,No,No
coin,Dollar,Five Dollars,,,5 Dollars (Federal Reserve Bank Note; Brown Seal),Yes,No,No,No
coin,Dollar,Five Dollars,,,5 Dollars (Small-Size National Bank Note),Yes,No,No,No
coin,Dollar,One Hundred Dollars,,,100 Dollars (Federal Reserve Note; large portrait),Yes,No,No,No
coin,Dollar,Twenty Dollars,,,20 Dollars (Federal Reserve Note; Large TWENTY; small portrait),Yes,No,No,No
coin,Dollar,Twenty Dollars,,,20 Dollars (Federal Reserve Note; small portrait),Yes,No,No,No
coin,Dollar,Ten Dollars,,,10 Dollars (Large-Size Federal Reserve Note),Yes,No,No,No
coin,Dollar,Twenty Dollars,,,20 Dollars,Yes,No,No,No
coin,Dollar,Ten Dollars,,,10 Dollars (Federal Reserve Note; Large TEN; small portrait),Yes,No,No,No
coin,Dollar,Five Dollars,,,5 Dollars (Large-Size Federal Reserve Note),Yes,No,No,No
coin,Dollar,Half Dollar,,,"50 Cents - 100th Anniversary Oregon (Grants Pass, Oregon)",Yes,No,No,No
coin,Dollar,One Dollar,,,1 000 000 Dollars (Obama),Yes,No,No,No
coin,Dollar,One Dollar,,,"1 Dollar (Large-Size Silver Certificate - ""Horse Blanket"")",Yes,No,No,No
coin,Dollar,One Dime,,,10 Cents (Military Payment Certificate),Yes,No,No,No
coin,Dollar,Five Dollars,,,5 Dollars - Military Payment Certificate,Yes,No,No,No
coin,Dollar,Five Cents,,,5 Cents - AAFES Gift Certificate (9K5),Yes,No,No,No
coin,Dollar,Five Cents,,,25 Cents - AAFES Gift Certificate (14F25),Yes,No,No,No
coin,Dollar,One Dime,,,"10 Cents (""Fractional Currency"" - 5th series)",Yes,No,No,No
coin,Dollar,Five Cents,,,"25 Cents (""Fractional Currency"" - 5th series)",Yes,No,No,No
coin,Dollar,Ten Dollars,,,10 Dollars (Federal Reserve Note; small portrait),Yes,No,No,No
coin,Dollar,Fifty Dollars,,,50 Dollars,Yes,No,No,No
coin,Dollar,One Hundred Dollars,,,100 Dollars (Federal Reserve Note; small portrait),Yes,No,No,No
coin,Dollar,One Dollar,,,30 Dollars (Confederate Loan),Yes,No,No,No
coin,Dollar,Five Cents,,,"25 Cents (""Fractional Currency"" - 4th series)",Yes,No,No,No
coin,Dollar,Five Cents,,,5 Cents (Military Payment Certificate),Yes,No,No,No
coin,Dollar,Twenty Dollars,,,20 Dollars (Federal Reserve Note; large portrait),Yes,No,No,No
coin,Dollar,Fifty Dollars,,,50 Dollars (Federal Reserve Note; small portrait),Yes,No,No,No
coin,Dollar,Fifty Dollars,,,50 Dollars (Federal Reserve Note; small portrait; with security thread),Yes,No,No,No
coin,Dollar,Fifty Dollars,,,50 Dollars (Federal Reserve Note; large portrait),Yes,No,No,No
coin,Dollar,Twenty Dollars,,,20 Dollars (Federal Reserve Bank Note; Brown Seal),Yes,No,No,No
coin,Dollar,Five Cents,,,5 Cents (Military Payment Certificate),Yes,No,No,No
coin,Dollar,Five Cents,,,5 Cents (Military Payment Certificate),Yes,No,No,No
coin,Dollar,Half Dollar,,,50 Cents (Military Payment Certificate),Yes,No,No,No
coin,Dollar,One Dollar,,,1 Dollar,Yes,No,No,No
coin,Dollar,One Dime,,,10 Cents (Military Payment Certificate),Yes,No,No,No
coin,Dollar,Ten Dollars,,,10 Dollars (Federal Reserve Note; large portrait),Yes,No,No,No
coin,Dollar,One Dollar,,,1 000 000 Dollars (U.S. Millennium Note),Yes,No,No,No
coin,Dollar,One Dime,,,"10 Cents - F.J. Busch and Son (Howells, Nebraska)",Yes,No,No,No
coin,Quarter,Quarter Dollar,,,"¼ Dollar ""Washington Quarter"" (National Park of American Samoa - Silver 5 oz Bullion)",Yes,No,No,No
coin,Dollar,Five Cents,,,5 Cents (Military Payment Certificate),Yes,No,No,No
coin,Dollar,Five Dollars,,,5 Dollars (Egg Harbor Bank - New Jersey),Yes,No,No,No
coin,Dollar,Ten Dollars,,,10 Dollars (Silver Certificate; Blue Seal at right),Yes,No,No,No
coin,Dollar,Ten Dollars,,,10 Dollars (Mechanics Bank of Memphis - Tennessee),Yes,No,No,No
coin,Dollar,Five Cents,,,"25 Cents - Raleigh-Wyoming Mining Co. (Glen Rogers, West Virginia)",Yes,No,No,No
coin,Dollar,One Dollar,,,6 Sex Dollars (Bill Clinton),Yes,No,No,No
coin,Dollar,Five Cents,,,25 Cents (Military Payment Certificate),Yes,No,No,No
coin,Dollar,Twenty Dollars,,,20 Dollars,Yes,No,No,No
coin,Dollar,Three Cents,,,"3 Cents (""Fractional Currency"" - 3rd series)",Yes,No,No,No
coin,Dollar,Five Cents,,,"25 Cents - Carl's Place (Colon, Nebraska)",Yes,No,No,No
coin,Dollar,One Dime,,,"10 Cents - Brunken and Haney (Columbus, Nebraska)",Yes,No,No,No
coin,Dollar,Half Dollar,,,"50 Cents - Brunken and Haney (Columbus, Nebraska)",Yes,No,No,No
coin,Dollar,One Dollar,,,1 000 000 000 000 Dollars (National Reserve Note),Yes,No,No,No
coin,Dollar,One Dollar,,,1 000 000 000 Dollars (Patriotic Reserve Note),Yes,No,No,No
coin,Dollar,One Dollar,,,2008 Dollars (Blue States Revenge Note),Yes,No,No,No
coin,Dollar,One Dollar,,,1 Dollar (gold plated),Yes,No,No,No
coin,Dollar,One Hundred Dollars,,,100 Dollars (Canal Bank),Yes,No,No,No
coin,Dollar,Fifty Dollars,,,"50 Dollars (Canal Bank; ""Redback"")",Yes,No,No,No
coin,Dollar,Twenty Dollars,,,20 Dollars (Canal Bank),Yes,No,No,No
coin,Dollar,Ten Dollars,,,"10 Dollars (Canal Bank; ""Redback"")",Yes,No,No,No
coin,Dollar,Five Dollars,,,"5 Dollars (Canal Bank; ""Redback"")",Yes,No,No,No
coin,Dollar,One Hundred Dollars,,,100 Dollars (State of Georgia),Yes,No,No,No
coin,Dollar,Half Dollar,,,50 Cents,Yes,No,No,No
coin,Dollar,Five Hundred Dollars,,,"500 Dollars (Federal Reserve Note; ""Redeemable in Gold"")",Yes,No,No,No
coin,Dollar,One Dollar,,,"1 Dollar (Silver Certificate; ""Educational Series"")",Yes,No,No,No
coin,Dollar,One Dollar,,,"1 Dollar (United States Note - ""Saw-horse"")",Yes,No,No,No
coin,Dollar,Five Cents,,,"5 Cents Loaf - Frank Oberns City Bakery (Crete, Nebraska)",Yes,No,No,No
coin,Dollar,Five Cents,,,"5 Cents - O/Z Pool Hall (Culbertson, Nebraska)",Yes,No,No,No
coin,Dollar,One Dollar,,,1 Dollar (Military Payment Certificate),Yes,No,No,No
coin,Dollar,Ten Dollars,,,10 Dollars (Small-Size National Bank Note),Yes,No,No,No
coin,Dollar,Ten Dollars,,,10 Dollars (Federal Reserve Bank Note; Brown Seal),Yes,No,No,No
coin,Dollar,Ten Dollars,,,10 Dollars (Military Payment Certificate),Yes,No,No,No
coin,Dollar,One Dollar,,,1 Dollar (Military Payment Certificate),Yes,No,No,No
coin,Dollar,Two Dollars,,,2 Dollars (gold plated),Yes,No,No,No
coin,Dollar,Five Dollars,,,5 Dollars (gold plated),Yes,No,No,No
coin,Dollar,Ten Dollars,,,10 Dollars (gold plated),Yes,No,No,No
coin,Dollar,Twenty Dollars,,,20 Dollars (gold plated),Yes,No,No,No
coin,Dollar,Fifty Dollars,,,50 Dollars (gold plated),Yes,No,No,No
coin,Dollar,One Hundred Dollars,,,100 Dollars (gold plated),Yes,No,No,No
coin,Dollar,One Dollar,,,25 000 000 Dollars (Federal Reward Note),Yes,No,No,No
coin,Dollar,Two Dollars,,,2 Dollars,Yes,No,No,No
coin,Dollar,Ten Dollars,,,10 Dollars,Yes,No,No,No
coin,Dollar,One Hundred Dollars,,,100 Dollars,Yes,No,No,No
coin,Dollar,Five Hundred Dollars,,,500 Dollars,Yes,No,No,No
coin,Dollar,Five Cents,,,25 Cents (Military Payment Certificate),Yes,No,No,No
coin,Dollar,Two Dollars,,,2002 Dollars (Bravery Promissory Note),Yes,No,No,No
coin,Dollar,Four Dollars,,,2004 Dollars (Total Victory Note),Yes,No,No,No
coin,Dollar,Four Dollars,,,2004 Dollars (Conservative Greed Note),Yes,No,No,No
coin,Dollar,One Dollar,,,9 Dollars (Lib Obstruction Note),Yes,No,No,No
coin,Dollar,One Dollar,,,1 000 000 Dollars - Donald Trump (45th President of The United States; Gold plated),Yes,No,No,No
coin,Dollar,One Dollar,,,1 000 000 Dollars - The Million-Dollar Question,Yes,No,No,No
coin,Dollar,Five Cents,,,"5 Cents - Cumming Pool Hall (Danbury, Nebraska)",Yes,No,No,No
coin,Dollar,One Cent,,,98 cents (Liberal Guaranty Note),Yes,No,No,No
coin,Dollar,One Dollar,,,10 000 000 Dollars (Ronald Reagan),Yes,No,No,No
coin,Dollar,Four Dollars,,,4 Dollars (Liberal Reserve Note),Yes,No,No,No
coin,Dollar,One Dollar,,,1 Dollar (Military Payment Certificate),Yes,No,No,No
coin,Dollar,Five Cents,,,"5 Cents - M.L. Delaney (David City, Nebraska)",Yes,No,No,No
coin,Dollar,Ten Dollars,,,10 Dollars (Silver Certificate; Yellow Seal - North Africa),Yes,No,No,No
coin,Dollar,Five Cents,,,5 Cents - B.C.P.,Yes,No,No,No
coin,Dollar,One Dollar,,,"1 Dollar - Diamond Shine Carwash (Cumberland, Maryland)",Yes,No,No,No
coin,Dollar,Five Cents,,,5 Cents (Military Payment Certificate),Yes,No,No,No
coin,Dollar,Five Cents,,,5 Cents (Military Payment Certificate),Yes,No,No,No
coin,Dollar,Five Cents,,,5 Cents (Military Payment Certificate),Yes,No,No,No
coin,Dollar,Five Cents,,,5 Cents (Military Payment Certificate),Yes,No,No,No
coin,Dollar,One Dime,,,10 Cents (Military Payment Certificate),Yes,No,No,No
coin,Dollar,Five Cents,,,25 Cents (Military Payment Certificate),Yes,No,No,No
coin,Dollar,Five Cents,,,25 Cents (Military Payment Certificate),Yes,No,No,No
coin,Dollar,One Dollar,,,1 Dollar (Military Payment Certificate),Yes,No,No,No
coin,Dollar,Five Cents,,,25 Cents (Military Payment Certificate),Yes,No,No,No
coin,Dollar,One Dollar,,,1 Dollar (Military Payment Certificate),Yes,No,No,No
coin,Dollar,One Dollar,,,"1 Dollar - Caesars Palace (Las Vegas, Nevada)",Yes,No,No,No
coin,Dollar,Two Dollars,,,2 Dollars (United States Note),Yes,No,No,No
coin,Dollar,One Dollar,,,1 Dollar (Silver Certificate),Yes,No,No,No
coin,Dollar,Five Cents,,,"5 Cents (""Postage Currency"" - 1st issue)",Yes,No,No,No
coin,Dollar,Five Cents,,,"15 Cents (""Fractional Currency"" - 4th series)",Yes,No,No,No
coin,Quarter,One Dollar,,,¼ oz Silver (Standing Liberty),Yes,No,No,No
coin,Half Dollar,One Dollar,,,1 Dollar - Red Goose Shoes (Small Lettering),Yes,No,No,No
coin,Dollar,Five Dollars,,,"5 Dollars (National Bank Note; ""Brown Back"")",Yes,No,No,No
coin,Dollar,One Dime,,,10 Cents (Military Payment Certificate),Yes,No,No,No
coin,Dollar,Five Cents,,,25 Cents (Military Payment Certificate),Yes,No,No,No
coin,Dollar,Half Dollar,,,50 Cents (Military Payment Certificate),Yes,No,No,No
coin,Dollar,Five Cents,,,"25 Cents - Nicollet Self Service (Minneapolis, Minnesota)",Yes,No,No,No
coin,Dollar,Half Dollar,,,"50 Cents - N.C.O. Club (Pope Air Force Base, North Carolina)",Yes,No,No,No
coin,Dollar,One Dollar,,,"1 Dollar - H.W. Holtgrewe (Daykin, Nebraska)",Yes,No,No,No
coin,Dollar,Five Cents,,,"25 Cents - Smiley's (McHenry, Maryland)",Yes,No,No,No
coin,Dollar,Five Cents,,,25 Cents - Nonrefundable Carwash,Yes,No,No,No
coin,Dollar,Fifty Dollars,,,50 Dollars,Yes,No,No,No
coin,Dollar,One Hundred Dollars,,,100 Dollars,Yes,No,No,No
coin,Dollar,Fifty Dollars,,,50 Dollars,Yes,No,No,No
coin,Dollar,Twenty Dollars,,,20 Dollars,Yes,No,No,No
coin,Dollar,One Dollar,,,100 000 Dollars (Gold Certificate),Yes,No,No,No
coin,Dollar,Twenty Dollars,,,20 Dollars,Yes,No,No,No
coin,Dollar,Ten Dollars,,,10 Dollars,Yes,No,No,No
coin,Dollar,Ten Dollars,,,10 Dollars,Yes,No,No,No
coin,Dollar,Ten Dollars,,,10 Dollars,Yes,No,No,No
coin,Dollar,One Dollar,,,"10 000 Dollars (Federal Reserve Note; ""Redeemable in Gold"")",Yes,No,No,No
coin,Dollar,One Dollar,,,1 Disney Dollar,Yes,No,No,No
coin,Dollar,One Hundred Dollars,,,100 Dollars (Federal Reserve Bank Note; Brown Seal),Yes,No,No,No
coin,Dollar,Five Cents,,,5 Cents - J.E. Wallace Atlantic Gardens,Yes,No,No,No
coin,Dollar,Five Dollars,,,5 Dollars,Yes,No,No,No
coin,Dollar,Five Dollars,,,5 Dollars,Yes,No,No,No
coin,Dollar,Half Dollar,,,50 Cents,Yes,No,No,No
coin,Quarter,Quarter Dollar,,,Double Headed Washington Quarter,Yes,No,No,No
coin,Dollar,Five Cents,,,"5 Cents - Matt Weber (Saint Paul, Minnesota)",Yes,No,No,No
coin,Dollar,Three Cents,,,"3 Cents - Washington Mutual, Inc.",Yes,No,No,No
coin,Dollar,One Hundred Dollars,,,100 Dollars,Yes,No,No,No
coin,Dollar,Fifty Dollars,,,50 Dollars (1st issue),Yes,No,No,No
coin,Dollar,Four Dollars,,,4 Dollars (tee time 2002),Yes,No,No,No
coin,Dollar,Four Dollars,,,44 Dollars (Barack H. Obama),Yes,No,No,No
coin,Dollar,One Dollar,,,1 000 000 Dollards (World war I),Yes,No,No,No
coin,Dollar,One Dollar,,,1 000 000 Dollars (Attack on Pearl Harbor),Yes,No,No,No
coin,Dollar,One Dollar,,,1 000 000 Dollards (THE INVASION OF NORMANDIE),Yes,No,No,No
coin,Dollar,One Dollar,,,1 000 000 Dollards (101st AIRBORNE DIVISION),Yes,No,No,No
coin,Quarter,One Dollar,,,¼ oz Silver (King Tut Art Round),Yes,No,No,No
coin,Dollar,One Cent,,,"1 Cents - The Tombs Prison (Manhattan, New York)",Yes,No,No,No
coin,Quarter,One Dollar,,,¼ oz Silver (Liberty),Yes,No,No,No
coin,Dollar,One Dollar,,,5 Disney Dollars,Yes,No,No,No
coin,Dollar,One Dollar,,,Trump Dollar (Trump The Government),Yes,No,No,No
coin,Dollar,One Dollar,,,Trump Dollar (United States Presidential Inauguration),Yes,No,No,No
coin,Dollar,Five Cents,,,"5 Cents - Chas. Fey and Son (San Francisco, California)",Yes,No,No,No
coin,Dollar,One Dollar,,,1 Dollar - Kalākaua,Yes,No,No,No
coin,Dollar,Five Dollars,,,5 Dollars (Military Payment Certificate),Yes,No,No,No
coin,Dollar,One Dollar,,,1 Dollar (Large-Size Federal Reserve Bank Note),Yes,No,No,No
coin,Dollar,One Dollar,,,1 Dollar (Silver Certificate),Yes,No,No,No
coin,Dollar,Two Dollars,,,2 Dollars (Silver Certificate),Yes,No,No,No
coin,Dollar,Twenty Dollars,,,20 Dollars (Large-Size Federal Reserve Note),Yes,No,No,No
coin,Dollar,One Dollar,,,1 Disney Dollar,Yes,No,No,No
coin,Dollar,One Dollar,,,5 Disney Dollars,Yes,No,No,No
coin,Dollar,Five Cents,,,25 Cents - Princess Casinos,Yes,No,No,No
coin,Dollar,One Dollar,,,1 Space Dollar - Galaxy World,Yes,No,No,No
coin,Dollar,Five Cents,,,25 Cents (State of Alabama),Yes,No,No,No
coin,Dollar,One Dollar,,,1 Disney Dollar,Yes,No,No,No
coin,Dollar,One Dollar,,,5 Disney Dollars,Yes,No,No,No
coin,Dollar,One Dollar,,,1 Disney Dollar,Yes,No,No,No
coin,Dollar,One Dollar,,,5 Disney Dollars,Yes,No,No,No
coin,Dollar,One Dollar,,,10 Disney Dollars,Yes,No,No,No
coin,Dollar,One Cent,,,"6¼ Cents - Tonopah Club (Tonopah, Nevada)",Yes,No,No,No
coin,Dollar,One Dollar,,,"⅙ Dollar (""Continental Currency"" - United Colonies)",Yes,No,No,No
coin,Dollar,Half Dollar,,,"50 Cents - W. H. Foster, Inc. (Walla Walla, Washington)",Yes,No,No,No
coin,Dollar,One Hundred Dollars,,,100 Dollars - Movie Money,Yes,No,No,No
coin,Dollar,Fifty Dollars,,,50 Dollars - Movie Money,Yes,No,No,No
coin,Dollar,Twenty Dollars,,,20 Dollars - Movie Money,Yes,No,No,No
coin,Dollar,Ten Dollars,,,10 Dollars - Movie Money,Yes,No,No,No
coin,Dollar,Ten Dollars,,,10 Dollars (Gold Certificate; Gold Seal left),Yes,No,No,No
coin,Dollar,Five Dollars,,,5 Dollars (Minature),Yes,No,No,No
coin,Dollar,One Dollar,,,1 Disney Dollar,Yes,No,No,No
coin,Dollar,One Dollar,,,5 Disney Dollars,Yes,No,No,No
coin,Dollar,One Dollar,,,10 Disney Dollars,Yes,No,No,No
coin,Dollar,One Dollar,,,1 Disney Dollar,Yes,No,No,No
coin,Dollar,One Dollar,,,5 Disney Dollars,Yes,No,No,No
coin,Dollar,One Dollar,,,10 Disney Dollars,Yes,No,No,No
coin,Dollar,Five Dollars,,,5 Dollars - Movie Money,Yes,No,No,No
coin,Dollar,Five Cents,,,"25 Cents - Keystone Pizza (Boise, Idaho)",Yes,No,No,No
coin,Dollar,Two Dollars,,,2 Dollars - Movie Money,Yes,No,No,No
coin,Dollar,One Dollar,,,1 Dollar - Movie Money,Yes,No,No,No
coin,Dollar,One Hundred Dollars,,,100 Dollars,Yes,No,No,No
coin,Dollar,Five Cents,,,"25 Cents - Monte's (Stayton, Oregon)",Yes,No,No,No
coin,Dollar,One Cent,,,"1 Cent - George Junior Republic (Freeville, New York)",Yes,No,No,No
coin,Dollar,Five Cents,,,"5 Cents - Pope Air Force Base (Fayetteville, North Carolina)",Yes,No,No,No
coin,Dollar,Five Cents,,,"25 Cents - N.C.O. Club (Pope Air Force Base, North Carolina)",Yes,No,No,No
coin,Dollar,Twenty Dollars,,,20 Dollars (Gold Certificate; Gold Seal left),Yes,No,No,No
coin,Dollar,Five Cents,,,5 Cents (Military Payment Certificate),Yes,No,No,No
coin,Dollar,Five Cents,,,5 Cents (Military Payment Certificate),Yes,No,No,No
coin,Dollar,Five Cents,,,"25 Cents - N.C.O. Club (Pope Air Force Base, North Carolina)",Yes,No,No,No
coin,Dollar,Half Dollar,,,"50 Cents - N.C.O. Club (Pope Air Force Base, North Carolina)",Yes,No,No,No
coin,Dollar,One Dollar,,,1 Disney Dollar,Yes,No,No,No
coin,Dollar,One Dollar,,,5 Disney Dollars,Yes,No,No,No
coin,Dollar,One Dollar,,,10 Disney Dollars,Yes,No,No,No
coin,Dollar,One Dollar,,,1 Disney Dollar,Yes,No,No,No
coin,Dollar,One Dollar,,,5 Disney Dollars,Yes,No,No,No
coin,Dollar,One Dollar,,,10 Disney Dollars,Yes,No,No,No
coin,Dollar,One Dollar,,,1 oz Silver (Morgan Dollar),Yes,No,No,No
coin,Dollar,Ten Dollars,,,10 Dollars (Silver Certificate; Blue Seal and 10),Yes,No,No,No
coin,Dollar,One Cent,,,"1 Penny - Thatcher Chapter No.101 (Cleveland, Ohio)",Yes,No,No,No
coin,Dollar,Half Dollar,,,"50 Cents - 100th Anniversary Oregon (Albany, Oregon)",Yes,No,No,No
coin,Dollar,One Hundred Dollars,,,100 Dollars,Yes,No,No,No
coin,Dollar,Five Cents,,,"5 Cents - Watling Mfg. Co. (Chicago, Illinois)",Yes,No,No,No
coin,Dollar,Half Dollar,,,"50 Cents - Chas. Hrabak (Dodge, Nebraska)",Yes,No,No,No
coin,Dollar,Five Cents,,,"5 Cents - Boyer and Koerwitz (Deshler, Nebraska)",Yes,No,No,No
coin,Dollar,Five Cents,,,"15 Cents - Mitch's Tavern (Raleigh, North Carolina)",Yes,No,No,No
coin,Dollar,Five Cents,,,"25 Cents - Wearden's Cash Store (Goliad, Texas)",Yes,No,No,No
coin,Dollar,One Dime,,,10 Cents (Military Payment Certificate),Yes,No,No,No
coin,Dollar,Five Cents,,,25 Cents (Military Payment Certificate),Yes,No,No,No
coin,Dollar,Half Dollar,,,50 Cents (Military Payment Certificate),Yes,No,No,No
coin,Dollar,One Dollar,,,One Dollar,Yes,No,No,No
coin,Dollar,One Dollar,,,So-Called Dollar - Ferris Wheel Dollar,Yes,No,No,No
coin,Dollar,One Dollar,,,Michigan Dollar - World's Columbian Exposition,Yes,No,No,No
coin,Dollar,One Dime,,,"10 Cents - Athens Hotel (Athens, New York)",Yes,No,No,No
coin,Dollar,One Dollar,,,1 Dollar (American Innovation - Connecticut),Yes,No,No,No
coin,Dollar,Five Cents,,,"5 Cents - Western Produce Co. (Clearwater, Nebraska)",Yes,No,No,No
coin,Dollar,One Dollar,,,"1 Dollar - Western Produce Co. (Clearwater, Nebraska)",Yes,No,No,No
coin,Dollar,Half Cent,,,"2½ Cents - Carbone's Tavern (St. Louis, Missouri)",Yes,No,No,No
coin,Dollar,Five Cents,,,"5 Cents - The House of Crane (Evansville, Indiana)",Yes,No,No,No
coin,Dollar,Five Cents,,,"5 Cents - Ritz Cigar Store (Pendleton, Indiana)",Yes,No,No,No
coin,Dollar,Half Dollar,,,"50 Cents - 100th Anniversary Oregon (Gresham, Oregon)",Yes,No,No,No
coin,Dollar,One Dime,,,"10 Cents (""Fractional Currency"" - 4th series)",Yes,No,No,No
coin,Dollar,One Dollar,,,"1 Dollar - Riverboat Hotel Casino (Reno, Nevada)",Yes,No,No,No
coin,Dollar,One Dollar,,,1 000 000 000 000 000 Dollars (Liberty),Yes,No,No,No
coin,Dollar,Three Dollars,,,3 Dollars (Hillary Clinton),Yes,No,No,No
coin,Half Dollar,One Dollar,,,"1 Dollar - Solar Car Wash (El Cerrito, California)",Yes,No,No,No
coin,Dollar,One Dollar,,,1 Dollar (American Innovation - Massachusetts),Yes,No,No,No
coin,Quarter,One Dollar,,,1 Ounce - Celtic Lore Series (Cernunnos),Yes,No,No,No
coin,Quarter,One Dollar,,,1 Ounce - Anonymous Mint (Loki),Yes,No,No,No
coin,Dollar,One Dollar,,,1 Ounce Copper - Silver Shield (Dragon Dollar),Yes,No,No,No
coin,Dollar,Half Dollar,,,"50 Cents - Dakota Territory Centennial (Bismarck, North Dakota)",Yes,No,No,No
coin,Dollar,Five Dollars,,,"5 Dollars (United States Note - ""Woodchopper note"")",Yes,No,No,No
coin,Dollar,One Dollar,,,1 Disney Dollar,Yes,No,No,No
coin,Dollar,One Dollar,,,5 Disney Dollars,Yes,No,No,No
coin,Dollar,One Dollar,,,10 Disney Dollars,Yes,No,No,No
coin,Dollar,One Dollar,,,1 Dollar (American Innovation - Maryland),Yes,No,No,No
coin,Dollar,One Dollar,,,1 Dollar (American Innovation - South Carolina),Yes,No,No,No
coin,Dollar,Twenty Dollars,,,20 Dollars (Confederate Loan),Yes,No,No,No
coin,Dollar,One Dollar,,,1 Disney Dollar,Yes,No,No,No
coin,Dollar,One Dollar,,,1 Santa Dollar,Yes,No,No,No
coin,Dollar,One Dollar,,,One Million Dollars (Wild Safari),Yes,No,No,No
coin,Dollar,One Dollar,,,One Million Dollars (Endangered Species; Tiger),Yes,No,No,No
coin,Dollar,One Dollar,,,One Million Dollars (Chinese Dragon),Yes,No,No,No
coin,Dollar,One Dollar,,,One Million Dollars (Zodiac; Cancer),Yes,No,No,No
coin,Dollar,One Dollar,,,One Million Dollars (Statue of Liberty),Yes,No,No,No
coin,Dollar,One Dollar,,,One Million Dollars (American Way),Yes,No,No,No
coin,Quarter,Five Dollars,,,25 Dollars (New York State),Yes,No,No,No
coin,Dollar,One Dollar,,,7 Dollars (Space Shuttle Challenger),Yes,No,No,No
coin,Dollar,One Dollar,,,107 Dollars (Space Shuttle Columbia),Yes,No,No,No
coin,Dollar,One Dollar,,,2001 Dollars (911; FDNY),Yes,No,No,No
coin,Dollar,One Dollar,,,911 Dollars (Vigilant; 9/11 2nd Anniversary),Yes,No,No,No
coin,Dollar,One Dollar,,,1 Million Dollars (Operation Iraqi Freedom),Yes,No,No,No
coin,Quarter,One Dollar,,,1788 Dollars (New York State),Yes,No,No,No
coin,Dollar,One Dollar,,,1 Million Dollars (Dragons),Yes,No,No,No
coin,Dollar,One Dollar,,,1 Million Dollars (Lighthouse),Yes,No,No,No
coin,Dollar,One Dollar,,,1 Million Dollars (Dinosaurs),Yes,No,No,No
coin,Dollar,One Dollar,,,1 Million Dollars - Tropical Frogs,Yes,No,No,No
coin,Dollar,One Dollar,,,1 Million Dollars (Miss Liberty),Yes,No,No,No
coin,Dollar,One Dollar,,,200 Dollars (Dubya; George W. Bush),Yes,No,No,No
coin,Dollar,One Dollar,,,1861 Dollars (The U.S. Civil War),Yes,No,No,No
coin,Half Dollar,One Dollar,,,½ Ounce - Highland Mint (Morgan Dollar),Yes,No,No,No
coin,Dollar,Five Dollars,,,5 Dollars,Yes,No,No,No
coin,Dollar,One Dollar,,,1 Dollar (Women’s Suffrage Centennial),Yes,No,No,No
coin,Dollar,One Dollar,,,1 Disney Dollar,Yes,No,No,No
coin,Dollar,One Dollar,,,5 Disney Dollars,Yes,No,No,No
coin,Dollar,One Dollar,,,10 Disney Dollars,Yes,No,No,No
coin,Dollar,Five Cents,,,"5 Cents - T. H. Sheridan (Berlin, New Hampshire)",Yes,No,No,No
coin,Dollar,Five Dollars,,,5 Dollars · Teller Practice Banknote · (United States of America),Yes,No,No,No
coin,Dollar,One Hundred Dollars,,,100 Dollars,Yes,No,No,No
coin,Dollar,Ten Dollars,,,10 Dollars (Military Payment Certificate),Yes,No,No,No
coin,Dollar,Half Dollar,,,"50 Cents - Crawford, Nebraska (Crawford Diamond Jubilee)",Yes,No,No,No
coin,Dollar,One Dollar,,,1 Disney Dollar,Yes,No,No,No
coin,Dollar,One Dollar,,,5 Disney Dollars,Yes,No,No,No
coin,Dollar,One Dollar,,,10 Disney Dollars,Yes,No,No,No
coin,Dollar,One Dollar,,,1 Disney Dollar,Yes,No,No,No
coin,Dollar,One Dollar,,,5 Disney Dollars,Yes,No,No,No
coin,Dollar,One Dollar,,,10 Disney Dollars,Yes,No,No,No
coin,Dollar,One Dollar,,,5 Disney Dollars,Yes,No,No,No
coin,Dollar,Half Dollar,,,"50 Cents (""Fractional Currency"" - 5th series)",Yes,No,No,No
coin,Dollar,One Dollar,,,10 Disney Dollars,Yes,No,No,No
coin,Dollar,One Dollar,,,1 oz Silver (Silver Shield - Merica),Yes,No,No,No
coin,Dollar,One Dollar,,,1 Ounce - 50 Zombucks (Slayed Dollar),Yes,No,No,No
coin,Dollar,One Dollar,,,"1 Dollar - N.C.O. Open Mess (Charleston Air Force Base, South Carolina)",Yes,No,No,No
coin,Dollar,Half Dollar,,,"50 Cents - N.C.O. Open Mess (Charleston Air Force Base, South Carolina)",Yes,No,No,No
coin,Quarter,Quarter Dollar,,,Squared Quarter,Yes,No,No,No
coin,Dollar,Ten Dollars,,,10 Dollars (Barbara Bush; Bullion Coinage),Yes,No,No,No
coin,Dollar,One Dollar,,,One Million Dollars (President Series; Franklin D. Roosevelt),Yes,No,No,No
coin,Dollar,One Dollar,,,One Million Dollars (President Series; Theodore Roosevelt),Yes,No,No,No
coin,Dollar,One Dollar,,,One Million Dollars (President Series; Abraham Lincoln),Yes,No,No,No
coin,Dollar,One Dollar,,,Independence Day (Limited Edition Fantasy Note),Yes,No,No,No
coin,Dollar,One Dollar,,,Federal Obama Note,Yes,No,No,No
coin,Dollar,One Dollar,,,One Million Golden Dragons (Fantasy Note; Game of Thrones),Yes,No,No,No
coin,Dollar,One Dollar,,,One Million Dollars (Star Wars),Yes,No,No,No
coin,Dollar,One Dollar,,,One Million Dollars (Endangered Species Series; Sharks),Yes,No,No,No
coin,Dollar,One Dollar,,,One Million Dollars (Leonardo da Vinci),Yes,No,No,No
coin,Dollar,One Dollar,,,1 Million Dollars - Legends Series (Dalai Lama),Yes,No,No,No
coin,Dollar,One Dollar,,,One Million Dollars (Fantasy Note; Gay Pride),Yes,No,No,No
coin,Dollar,One Dollar,,,One Million Dollars (Fantasy Note; RMS Titanic),Yes,No,No,No
coin,Dollar,One Dollar,,,One Million Dollars (Fantasy Note; Freemasons),Yes,No,No,No
coin,Dollar,One Dollar,,,One Million Dollars (Fantasy Note; Harry Potter),Yes,No,No,No
coin,Dollar,One Dollar,,,1 Zillion Dollars (Eagle),Yes,No,No,No
coin,Dollar,One Dollar,,,Ten Thousand Dollars (Fantasy Note; Gold Certificate),Yes,No,No,No
coin,Dollar,One Dollar,,,"1 Dollar - Carolina Mercantile Co. (Penland, North Carolina)",Yes,No,No,No
coin,Dollar,One Cent,,,"1 Cent - F.E. Brown (Crab Orchard, Nebraska)",Yes,No,No,No
coin,Quarter,Quarter Dollar,,,Squared Quarter,Yes,No,No,No
coin,Dollar,Five Cents,,,5 Cents - AAFES Gift Certificate (11H5),Yes,No,No,No
coin,Dollar,Five Cents,,,"25 Cents - N.C.O. Open Mess (Charleston Air Force Base, South Carolina)",Yes,No,No,No
coin,Dollar,Five Cents,,,"5 Cents - N.C.O. Open Mess (Charleston Air Force Base, South Carolina)",Yes,No,No,No
coin,Dollar,One Dollar,,,1 Disney Dollar,Yes,No,No,No
coin,Dollar,One Dime,,,10 Cents (Military Payment Certificate),Yes,No,No,No
coin,Quarter,One Dollar,,,¼ oz Silver (Barack Obama Nobel Peace Prize),Yes,No,No,No
coin,Dollar,One Dime,,,10 Cents (Military Payment Certificate),Yes,No,No,No
coin,Dollar,One Dollar,,,20 Jefferson Dollars,Yes,No,No,No
coin,Dollar,Half Dollar,,,"50 Cents - Champlain Anniversary Festival (Burlington, Vermont)",Yes,No,No,No
coin,Dollar,Ten Dollars,,,10 Dollars (State of Georgia),Yes,No,No,No
coin,Dollar,One Hundred Dollars,,,100 Dollars (State of Georgia),Yes,No,No,No
coin,Dollar,Half Dollar,,,"50 Cents - 300th Anniversary Town of Rye (Rye, Westchester County, New York)",Yes,No,No,No
coin,Dollar,One Dollar,,,"1 Dollar - Smith Bros. (Colby, Kansas)",Yes,No,No,No
coin,Dollar,Half Dollar,,,"50 Cents - Smith Bros. (Colby, Kansas)",Yes,No,No,No
coin,Dollar,Five Cents,,,"25 Cents - Smith Bros. (Colby, Kansas)",Yes,No,No,No
coin,Dollar,One Dime,,,"10 Cents - Smith Bros. (Colby, Kansas)",Yes,No,No,No
coin,Dollar,Five Cents,,,"5 Cents - Smith Bros. (Colby, Kansas)",Yes,No,No,No
coin,Dollar,One Cent,,,"1 Cent - Smith Bros. (Colby, Kansas)",Yes,No,No,No
coin,Dollar,One Dollar,,,"1 Dollar - Bill Crow's Mint (Carson City, Nevada)",Yes,No,No,No
coin,Half Dollar,Half Cent,,,"2½ Cents - The Pastime (Yakima, Washington)",Yes,No,No,No
coin,Dollar,Half Dollar,,,"50 Cents - C. F. Lubke (Clermont, Iowa)",Yes,No,No,No
coin,Dollar,Five Cents,,,"5 Cents - E. P. Krogh (Pingree, North Dakota)",Yes,No,No,No
coin,Dollar,Five Cents,,,"5 Cents - The L. Banker Mer. Co. (Russell, Kansas)",Yes,No,No,No
coin,Dollar,One Dime,,,"10 Cents - The L. Banker Mer. Co. (Russell, Kansas)",Yes,No,No,No
coin,Dollar,Five Cents,,,"5 Cents - Dieter Mercantile Co. (Miltonvale, Kansas)",Yes,No,No,No
coin,Dollar,One Dime,,,"10 Cents - Dieter Mercantile Co. (Miltonvale, Kansas)",Yes,No,No,No
coin,Dollar,Five Cents,,,"25 Cents - Dieter Mercantile Co. (Miltonvale, Kansas)",Yes,No,No,No
coin,Dollar,One Dollar,,,"1 Dollar - Dieter Mercantile Co. (Miltonvale, Kansas)",Yes,No,No,No
coin,Dollar,Two and a Half Dollars,,,"2½ Dollars - Dieter Mercantile Co. (Miltonvale, Kansas)",Yes,No,No,No
coin,Dollar,Five Cents,,,"5 Cents - L. C. Williams (Oakville, Iowa)",Yes,No,No,No
coin,Dollar,Five Cents,,,"5 Cents - L. C. Williams (Oakville, Iowa)",Yes,No,No,No
coin,Dollar,One Dime,,,"10 Cents - Klamath Billiard Co. (Klamath Falls, Oregon)",Yes,No,No,No
coin,Dollar,Five Cents,,,"5 Cents - A. A. Miller (Jefferson, Oregon)",Yes,No,No,No
coin,Dollar,Five Dollars,,,"5 Dollars - Dumont Mercantile Co. (Dumont, Iowa)",Yes,No,No,No
coin,Dollar,Five Cents,,,"25 Cents - Lorain Elks (Lorain, Ohio)",Yes,No,No,No
coin,Dollar,One Dollar,,,"1 Dollar - Treasure Island (Las Vegas, Nevada)",Yes,No,No,No
coin,Dollar,Fifty Dollars,,,50 Dollars,Yes,No,No,No
coin,Dollar,One Dollar,,,1 Ounce (Draped Bust Dollar),Yes,No,No,No
coin,Dollar,Five Cents,,,"5 Cents - Peter Mueller (Cincinnati, Ohio - 2018 Central Ave.)",Yes,No,No,No
coin,Dollar,One Dime,,,"10 Cents - T. A. Blackburn and Co. (York, Nebraska)",Yes,No,No,No
coin,Dollar,One Dime,,,"10 Cents - W. L. Peterson (Cordova, Nebraska)",Yes,No,No,No
coin,Dollar,Half Dollar,,,"50 Cents - T. A. Blackburn (York, Nebraska)",Yes,No,No,No
coin,Dollar,Five Cents,,,"5 Cents - R.W. Atcher (Boston, Kentucky)",Yes,No,No,No
coin,Dollar,Five Cents,,,"5 Cents - Thompson (Kerry, Oregon)",Yes,No,No,No
coin,Dollar,Five Cents,,,"5 Cents - D. F. Petersen (Ward, South Dakota)",Yes,No,No,No
coin,Dollar,One Dollar,,,"1 Dollar - Clifton's Market (Hurricane, Utah)",Yes,No,No,No
coin,Quarter,One Dollar,,,2 oz Silver (Molon Labe VI),Yes,No,No,No
coin,Dollar,Five Cents,,,"25 Cents - Farmers Produce Co. (Genoa, Nebraska)",Yes,No,No,No
coin,Dollar,Five Cents,,,"25 Cents - Hemenway and Moser (Nampa, Idaho)",Yes,No,No,No
coin,Dollar,One Dollar,,,"1 Dollar - Jewell Ridge Coal Corp. (Jewell Ridge, Virginia)",Yes,No,No,No
coin,Dollar,Five Cents,,,5 Cents (Military Payment Certificate),Yes,No,No,No
coin,Dollar,One Dime,,,10 Cents (Military Payment Certificate),Yes,No,No,No
coin,Quarter,One Dollar,,,¼ oz Silver (Charles Barber’s Dragon Pattern),Yes,No,No,No
coin,Dollar,One Dollar,,,1 Disney Dollar,Yes,No,No,No
coin,Dollar,Fifty Dollars,,,50 Dollars (Federal Reserve Bank Note; Brown Seal),Yes,No,No,No
coin,Dollar,One Dollar,,,Jeton One US Dollar,Yes,No,No,No
coin,Dollar,Five Cents,,,"5 Cents - M. S. Hackler (Tampa, Kansas)",Yes,No,No,No
coin,Dollar,One Dime,,,"10 Cents - M. S. Hackler (Tampa, Kansas)",Yes,No,No,No
coin,Dollar,Five Cents,,,"25 Cents - M. S. Hackler (Tampa, Kansas)",Yes,No,No,No
coin,Dollar,Half Dollar,,,"50 Cents - M. S. Hackler (Tampa, Kansas)",Yes,No,No,No
coin,Dollar,One Dollar,,,"1 Dollar - M. S. Hackler (Tampa, Kansas)",Yes,No,No,No
coin,Dollar,Five Cents,,,"5 Cents - C. A. Nelson (Assaria, Kansas)",Yes,No,No,No
coin,Dollar,One Dime,,,"10 Cents - C. A. Nelson (Assaria, Kansas)",Yes,No,No,No
coin,Dollar,Five Cents,,,"25 Cents - C. A. Nelson (Assaria, Kansas)",Yes,No,No,No
coin,Dollar,Half Dollar,,,"50 Cents - C. A. Nelson (Assaria, Kansas)",Yes,No,No,No
coin,Dollar,One Dollar,,,"1 Dollar - C. A. Nelson (Assaria, Kansas)",Yes,No,No,No
coin,Dollar,One Dollar,,,"1 Dollar - The Duluth Mercantile Co. (Duluth, Kansas)",Yes,No,No,No
coin,Dollar,Half Dollar,,,"50 Cents - The Duluth Mercantile Co. (Duluth, Kansas)",Yes,No,No,No
coin,Dollar,Five Cents,,,"25 Cents - The Duluth Mercantile Co. (Duluth, Kansas)",Yes,No,No,No
coin,Dollar,One Dime,,,"10 Cents - The Duluth Mercantile Co. (Duluth, Kansas)",Yes,No,No,No
coin,Dollar,Five Cents,,,"5 Cents - The Duluth Mercantile Co. (Duluth, Kansas)",Yes,No,No,No
coin,Dollar,Five Cents,,,"5 Cents - N. Churchill (Castle Rock, Washington)",Yes,No,No,No
coin,Dollar,Five Cents,,,"5 Cents - Feely Mercantile Co. (Athol, Kansas)",Yes,No,No,No
coin,Dollar,One Dime,,,"10 Cents - Feely Mercantile Co (Athol, Kansas)",Yes,No,No,No
coin,Dollar,One Dime,,,"10 Cents -Feely Mercantile Co. (Athol, Kansas)",Yes,No,No,No
coin,Dollar,Two Dollars,,,"2 Dollars - Feely Mercantile Co. (Athol, Kansas)",Yes,No,No,No
coin,Dollar,Five Cents,,,"5 Cents - GFAFB NCO Open Mess (Grand Forks, North Dakota)",Yes,No,No,No
coin,Dollar,One Dime,,,"10 Cents - GFAFB NCO Open Mess (Grand Forks, North Dakota)",Yes,No,No,No
coin,Dollar,One Dollar,,,"1 Dollar - GFAFB NCO Open Mess (Grand Forks, North Dakota)",Yes,No,No,No
coin,Dollar,Five Cents,,,"25 Cents - Hemenway and Moser (Nampa, Idaho)",Yes,No,No,No
coin,Dollar,Five Cents,,,"25 Cents - Hemenway and Moser (Boise, Idaho)",Yes,No,No,No
coin,Dollar,One Dime,,,"10 Cents - C. H. Hendricks (Minneapolis, Minnesota)",Yes,No,No,No
coin,Dollar,Five Cents,,,"5 Cents - The Owl (Ballard, Washington)",Yes,No,No,No
coin,Dollar,One Dime,,,"10 Cents - Hussman's Cigar Store (Great Falls, Montana)",Yes,No,No,No
coin,Dollar,One Dime,,,"10 Cents - Baylor's Cigar Store (North York, Pennsylvania)",Yes,No,No,No
coin,Dollar,Five Cents,,,5 Cents - FEAMCOM Officers Open Mess Fuchu Air Station (Japan),Yes,No,No,No
coin,Dollar,Five Dollars,,,"5 Dollars (Federal Reserve Note; ""Redeemable in Gold""; Branch ID in Numbers)",Yes,No,No,No
coin,Dollar,Ten Dollars,,,"10 Dollars (Federal Reserve Note; ""Redeemable in Gold""; Branch ID in Numbers)",Yes,No,No,No
coin,Dollar,One Dime,,,"10 Cents - FEAMCOM Officer's Open Mess (Fuchu Air Station, Japan)",Yes,No,No,No
coin,Dollar,Five Cents,,,"5 Cents - Aviation Cadet Open Mess (Ellington A.F.B.; Houston, Texas)",Yes,No,No,No
coin,Dollar,One Cent,,,"1 Cent - Leccony Smokeless Fuel Co. (Besoco, West Virginia)",Yes,No,No,No
coin,Dollar,Five Cents,,,"5 Cents - The New River Company (Stanaford, West Virginia)",Yes,No,No,No
coin,Dollar,Five Cents,,,"25 Cents - The New River Company (Cranberry, West Virginia)",Yes,No,No,No
coin,Dollar,Two Dollars,,,"2 Dollars - Aladdin Hotel and Casino (Las Vegas, Nevada)",Yes,No,No,No
coin,Dollar,One Dollar,,,Wooden Dollar - Colorado Springs Coin Show,Yes,No,No,No
coin,Dollar,One Dollar,,,"1 Dollar - Drive and Shine (Elkhart, Indiana)",Yes,No,No,No
coin,Quarter,Quarter Dollar,,,"¼ Dollar ""Washington Quarter"" (Voyageurs National Park, Minnesota - Silver 5 oz Bullion)",Yes,No,No,No
coin,Dollar,One Dime,,,"10 Cents - Phillips Drug Company (Morganton, North Carolina)",Yes,No,No,No
coin,Quarter,One Dollar,,,Ingot - Christmas (Waiting for Santa),Yes,No,No,No
coin,Quarter,One Dollar,,,"Ingot - United States Banks - St. Joseph Valley Bank (Elkhart, Indiana)",Yes,No,No,No
coin,Dollar,Half Cent,,,"12½ Cents - Ben Ross (Mountain Home, Idaho)",Yes,No,No,No
coin,Dollar,Five Cents,,,"25 Cents - Bob's Place (Superior, Iowa)",Yes,No,No,No
coin,Dollar,One Dime,,,"10 Cents - E. McKee (Fairview, South Dakota)",Yes,No,No,No
coin,Dollar,Five Cents,,,"5 Cents - Farmers Produce Co. (Genoa, Nebraska)",Yes,No,No,No
coin,Dollar,Five Cents,,,"5 Cents - Deloit Pool Hall (Deloit, Iowa)",Yes,No,No,No
coin,Dollar,One Dollar,,,"1 Dollar - Wm. J. Schwartz (Hanover, Kansas)",Yes,No,No,No
coin,Quarter,One Dollar,,,"Ingot - United States Banks - BandT (Twin Falls, Idaho)",Yes,No,No,No
coin,Quarter,One Dollar,,,"Ingot - United States Banks - Peoples National Bank (Greenville, South Carolina)",Yes,No,No,No
coin,Dollar,Five Cents,,,"25 Cents - Winte and Collmeyer (New Minden, Illinois)",Yes,No,No,No
coin,Dollar,Half Dollar,,,"50 Cents - Winte and Collmeyer (New Minden, Illinois)",Yes,No,No,No
coin,Dollar,One Dollar,,,"1 Dollar - Winte and Collmeyer (New Minden, Illinois)",Yes,No,No,No
coin,Dollar,Five Cents,,,"5 Cents - Chas. W. Rager (Latham, Illinois)",Yes,No,No,No
coin,Dollar,One Dime,,,"10 Cents - Chas. W. Rager (Latham, Illinois)",Yes,No,No,No
coin,Dollar,Five Cents,,,"25 Cents - Chas. W. Rager (Latham, Illinois)",Yes,No,No,No
coin,Dollar,Half Dollar,,,"50 Cents - Chas. W. Rager (Latham, Illinois)",Yes,No,No,No
coin,Dollar,One Dollar,,,"1 Dollar - Chas. W. Rager (Latham, Illinois)",Yes,No,No,No
coin,Dollar,One Dime,,,"10 Cents - Buehler Mercantile Co. (Claflin, Kansas)",Yes,No,No,No
coin,Dollar,Five Cents,,,"25 Cents - Buehler Mercantile Co. (Claflin, Kansas)",Yes,No,No,No
coin,Dollar,Half Dollar,,,"50 Cents - Buehler Mercantile Co. (Claflin, Kansas)",Yes,No,No,No
coin,Dollar,One Dollar,,,"1 Dollar - Buehler Mercantile Co. (Claflin, Kansas)",Yes,No,No,No
coin,Dollar,Two and a Half Dollars,,,"2½ Dollars - Buehler Mercantile Co. (Claflin, Kansas)",Yes,No,No,No
coin,Dollar,Five Cents,,,"5 Cents - George Pronschinske (Waumandee, Wisconsin)",Yes,No,No,No
coin,Dollar,One Dime,,,"10 Cents - George Pronschinske (Waumandee, Wisconsin)",Yes,No,No,No
coin,Dollar,Five Cents,,,"25 Cents - George Pronschinske (Waumandee, Wisconsin)",Yes,No,No,No
coin,Dollar,Half Dollar,,,"50 Cents - George Pronschinske (Waumandee, Wisconsin)",Yes,No,No,No
coin,Dollar,One Dime,,,"10 Cents - C. F. Lubke (Clermont, Iowa)",Yes,No,No,No
coin,Dollar,Five Cents,,,"25 Cents - C. F. Lubke (Clermont, Iowa)",Yes,No,No,No
coin,Dollar,One Dime,,,"10 Cents - Gulf Smokeless Coal Co. (Tams, West Virginia)",Yes,No,No,No
coin,Dollar,Ten Dollars,,,10 Dollars (State of Georgia),Yes,No,No,No
coin,Dollar,Five Cents,,,"5 Cents - J. H. Fuss (Clyde, Oklahoma)",Yes,No,No,No
coin,Dollar,Five Cents,,,25 Cents - J. H. Fuss,Yes,No,No,No
coin,Dollar,Half Dollar,,,"50 Cents - J. H. Fuss (Clyde, Oklahoma)",Yes,No,No,No
coin,Dollar,One Dollar,,,1 Dollar - J. H. Fuss,Yes,No,No,No
coin,Dollar,One Dime,,,"10 Cents - Elks Club (Rocky Ford, Colorado)",Yes,No,No,No
coin,Dollar,Half Dollar,,,"50 Cents - Geo. Dietsch (Doniphan, Nebraska)",Yes,No,No,No
coin,Dollar,One Dollar,,,1 oz Copper (Morgan Dollar),Yes,No,No,No
coin,Dollar,One Dollar,,,"7 Dollars - Circus Circus Hotel Casino (Reno, Nevada)",Yes,No,No,No
coin,Half Dollar,One Dollar,,,1 Pound - Walking Liberty,Yes,No,No,No
coin,Dollar,Five Dollars,,,25 Dollars (End of World War II 75th Anniversary; Gold Bullion Coinage),Yes,No,No,No
coin,Dollar,Ten Dollars,,,10 Dollars (Federal Reserve Note; small portrait; no motto),Yes,No,No,No
coin,Dollar,Twenty Dollars,,,20 Dollars (Federal Reserve Note; small portrait; no motto),Yes,No,No,No
coin,Dollar,Fifty Dollars,,,50 Dollars (Federal Reserve Note; small portrait; no motto),Yes,No,No,No
coin,Dollar,One Hundred Dollars,,,100 Dollars (Federal Reserve Note; small portrait; no motto),Yes,No,No,No
coin,Dollar,One Hundred Dollars,,,100 Dollars (United States Note),Yes,No,No,No
coin,Dollar,Fifty Dollars,,,"50 Dollars (Federal Reserve Note; ""Redeemable in Gold""; Branch ID in Numbers)",Yes,No,No,No
coin,Dollar,One Hundred Dollars,,,"100 Dollars (Federal Reserve Note; ""Redeemable in Gold""; Branch ID in Numbers)",Yes,No,No,No
coin,Dollar,Fifty Dollars,,,50 Dollars (Federal Reserve Note; Large FIFTY; small portrait),Yes,No,No,No
coin,Dollar,One Hundred Dollars,,,100 Dollars (Federal Reserve Note; Large 100; small portrait),Yes,No,No,No
coin,Dollar,One Dollar,,,1 Dollar - Smiling Car,Yes,No,No,No
coin,Dollar,Five Cents,,,"5 Cents Drink - Schaefer House (Liberty, New York)",Yes,No,No,No
coin,Dollar,Ten Dollars,,,10 Dollars (Gold Certificate),Yes,No,No,No
coin,Dollar,One Dollar,,,"1 Dollar - Williams Food Service (Louisville, Kentucky)",Yes,No,No,No
coin,Dollar,Ten Dollars,,,10 Dollars (Military Payment Certificate),Yes,No,No,No
coin,Dollar,Twenty Dollars,,,"20 Dollars ""1879 Quintuple Stella""",Yes,No,No,No
coin,Dollar,One Dollar,,,1 000 000 Dollars (The United States of America),Yes,No,No,No
coin,Quarter,One Dollar,,,¼ Bitcoin,Yes,No,No,No
coin,Dollar,One Dollar,,,1 Dollar - Harley Davidson,Yes,No,No,No
coin,Dollar,Five Dollars,,,25 Dollars - Dunes Hotel and Country Club,Yes,No,No,No
coin,Dollar,One Dollar,,,1 Dollar - Desert Sands Casino,Yes,No,No,No
coin,Dollar,Five Hundred Dollars,,,500 Dollars - Casino Royale (8 Tab),Yes,No,No,No
coin,Dollar,Fifty Dollars,,,"50 Dollars - Casino (Las Vegas, Nevada)",Yes,No,No,No
coin,Dollar,Five Hundred Dollars,,,"500 Dollars - Casino (Las Vegas, Nevada)",Yes,No,No,No
coin,Dollar,Twenty Dollars,,,20 Dollars (Triton ATM Calibration Note),Yes,No,No,No
coin,Dollar,One Dollar,,,1 Dollar (De LaRue Calibration Note),Yes,No,No,No
coin,Dollar,Five Dollars,,,5 Dollars (De LaRue Calibration Note),Yes,No,No,No
coin,Dollar,Ten Dollars,,,10 Dollars (De LaRue Calibration Note),Yes,No,No,No
coin,Dollar,Twenty Dollars,,,20 Dollars (De LaRue Calibration Note),Yes,No,No,No
coin,Dollar,Fifty Dollars,,,50 Dollars (De LaRue Calibration Note),Yes,No,No,No
coin,Dollar,One Hundred Dollars,,,100 Dollars (De LaRue Calibration Note),Yes,No,No,No
coin,Dollar,One Dollar,,,1 Dollar - Capone's Casino,Yes,No,No,No
coin,Dollar,Five Dollars,,,5 Dollars - Capone's Casino,Yes,No,No,No
coin,Dollar,Five Dollars,,,25 Dollars - Capone's Casino,Yes,No,No,No
coin,Dollar,Fifty Dollars,,,50 Dollars - Capone's Casino,Yes,No,No,No
coin,Dollar,One Dollar,,,"1 Dollar - Monte Carlo Resort and Casino (Las Vegas, Nevada)",Yes,No,No,No
coin,Dollar,One Dollar,,,"1 Dollar - Imperial Palace (Las Vegas, Nevada)",Yes,No,No,No
coin,Dollar,One Dollar,,,"1 Dollar - Riviera (Las Vegas, Nevada)",Yes,No,No,No
coin,Dollar,One Dollar,,,"1 Dollar - Golden Nugget (Las Vegas, Nevada)",Yes,No,No,No
coin,Dollar,One Dollar,,,"1 Dollar - Excalibur (Las Vegas, Nevada)",Yes,No,No,No
coin,Dollar,One Dollar,,,"1 Dollar - Treasure Island (Las Vegas, Nevada)",Yes,No,No,No
coin,Dollar,One Dollar,,,"1 Dollar - Fremont Hotel and Casino (Las Vegas, Nevada)",Yes,No,No,No
coin,Dollar,One Dollar,,,"1 Dollar - Flamingo (Las Vegas, Nevada)",Yes,No,No,No
coin,Dollar,One Dollar,,,"1 Dollar - Stardust Hotel and Casino (Las Vegas, Nevada)",Yes,No,No,No
coin,Dollar,One Dollar,,,"1 Dollar - Sahara Hotel and Casino (Las Vegas, Nevada)",Yes,No,No,No
coin,Dollar,One Dollar,,,"1 Dollar - Harrah's (Las Vegas, Nevada)",Yes,No,No,No
coin,Dollar,One Dollar,,,"1 Dollar - Bellagio (Las Vegas, Nevada)",Yes,No,No,No
coin,Dollar,One Dollar,,,"1 Dollar - Aladdin (Las Vegas, Nevada)",Yes,No,No,No
coin,Dollar,One Dollar,,,1 Dollar - Four Queens Hotel and Casino,Yes,No,No,No
coin,Dollar,One Dollar,,,"1 Dollar - The Mirage (Las Vegas, Nevada)",Yes,No,No,No
coin,Dollar,One Dollar,,,"1 Dollar - Luxor (Las Vegas, Nevada)",Yes,No,No,No
coin,Dollar,One Dollar,,,"1 Dollar - Westward Ho Casino (Las Vegas, Nevada)",Yes,No,No,No
coin,Dollar,One Dollar,,,"1 Dollar - Stratosphere (Las Vegas, Nevada)",Yes,No,No,No
coin,Dollar,One Dollar,,,1 Dollar - MGM Grand Hotel and Casino,Yes,No,No,No
coin,Dollar,One Dollar,,,"1 Dollar - The Venetian (Las Vegas, Nevada)",Yes,No,No,No
coin,Dollar,One Dollar,,,"1 Dollar - Barbary Coast (Las Vegas, Nevada)",Yes,No,No,No
coin,Dollar,One Dollar,,,"1 Dollar - New York, New York Hotel and Casino",Yes,No,No,No
coin,Dollar,One Dollar,,,"1 Dollar - Binion's Horseshoe (Las Vegas, Nevada)",Yes,No,No,No
coin,Dollar,One Dollar,,,"1 Dollar - Mandalay Bay (Las Vegas, Nevada)",Yes,No,No,No
coin,Dollar,One Dollar,,,"1 Dollar - Bally's (Las Vegas, Nevada)",Yes,No,No,No
coin,Dollar,One Dollar,,,"1 Dollar - Circus Circus (Las Vegas, Nevada)",Yes,No,No,No
coin,Dollar,Five Cents,,,"5 Cents - Hemenway and Moser (Nampa, Idaho)",Yes,No,No,No
coin,Dollar,Five Cents,,,5 Cents - Martin,Yes,No,No,No
coin,Dollar,Five Cents,,,5 Cents - E,Yes,No,No,No
coin,Dollar,One Dollar,,,"5O Cents - Miller Recreation Parlor (Miller, Nebraska)",Yes,No,No,No
coin,Dollar,Five Cents,,,"5 Cents - Jess and John's Recreation (Imperial, Nebraska)",Yes,No,No,No
coin,Dollar,Five Cents,,,"5 Cents - J.C. Janzen (Henderson, Nebraska)",Yes,No,No,No
coin,Dollar,Five Cents,,,5 Cents - L. J. H. Bar,Yes,No,No,No
coin,Dollar,Five Cents,,,"5 Cents - Payne Trading Post (Rock Falls, Oklahoma)",Yes,No,No,No
coin,Dollar,One Dollar,,,"1 Dollar - Pickering Lumber Co. (Standard, California)",Yes,No,No,No
coin,Dollar,Half Dollar,,,"50 Cents- Rawley Commissary (Bonanza, Colorado)",Yes,No,No,No
coin,Dollar,One Dollar,,,"1 Dollar - Rawley Commissary (Bonanza, Colorado)",Yes,No,No,No
coin,Dollar,Five Cents,,,25 Cents (State of South Carolina),Yes,No,No,No
coin,Dollar,One Dollar,,,"Birthday Dollar - 4th Los Angeles Coin Convention (University City, California)",Yes,No,No,No
coin,Dollar,Five Cents,,,"5 Cents - The Club (Seattle, Washington)",Yes,No,No,No
coin,Dollar,One Dime,,,"10 Cents - Casino Aztar (Evansville, Indiana)",Yes,No,No,No
coin,Dollar,One Dollar,,,1 Ounce - 50 Zombucks (Feast),Yes,No,No,No
coin,Half Dollar,One Dollar,,,1 Ounce - Sunshine Mint (Walking Liberty),Yes,No,No,No
coin,Dollar,One Dollar,,,1 Ounce - Sunshine Mint (Morgan Dollar),Yes,No,No,No
coin,Dollar,Twenty Dollars,,,"20 Dollar (Yosemite, California)",Yes,No,No,No
coin,Dollar,Twenty Dollars,,,20 Dollars (California),Yes,No,No,No
coin,Dollar,One Dollar,,,"1 Dollar - CJ Car Wash (Jessup, Maryland)",Yes,No,No,No
coin,Dollar,Five Cents,,,"25 Cent - President Riverboat Casino (Davenport, Iowa)",Yes,No,No,No
coin,Dollar,Five Cents,,,"5 Cents - Micek Bar (Duncan, Nebraska)",Yes,No,No,No
coin,Dollar,Five Cents,,,"5 Cents - Sal's Bar (Duncan, Nebraska)",Yes,No,No,No
coin,Dollar,One Hundred Dollars,,,100 Dollars (Federal Reserve Note; small portrait; with security thread),Yes,No,No,No
coin,Dollar,One Dime,,,"10 Cents (""Postage Currency"" - 1st issue)",Yes,No,No,No
coin,Dollar,One Dime,,,10 Cents - FEAMCOM Open Mess,Yes,No,No,No
coin,Dollar,Five Cents,,,"25 Cents - Caesars Riverboat Casino (Elizabeth, Indiana)",Yes,No,No,No
coin,Dollar,One Dollar,,,1 Ounce - 10 Dollars (NORFED Liberty Dollar),Yes,No,No,No
coin,Dollar,One Thousand Dollars,,,"1000 Dollars - The Valentino Poker Room (Las Vegas, Nevada)",Yes,No,No,No
coin,Dollar,Five Hundred Dollars,,,500 Dollars - Casino Royale (3 Tab),Yes,No,No,No
coin,Dollar,One Dollar,,,1 Dollar - Casino Royale (3 Tab),Yes,No,No,No
coin,Dollar,Five Dollars,,,5 Dollars - Casino Royale (3 Tab),Yes,No,No,No
coin,Dollar,Five Dollars,,,25 Dollars - Casino Royale (3 Tab),Yes,No,No,No
coin,Dollar,One Hundred Dollars,,,100 Dollars - Casino Royale (3 Tab),Yes,No,No,No
coin,Dollar,One Thousand Dollars,,,1000 Dollars - Casino Royale (3 Tab),Yes,No,No,No
coin,Dollar,Five Thousand Dollars,,,5000 Dollars - Casino Royale (3 Tab),Yes,No,No,No
coin,Dollar,One Dollar,,,25 000 Dollars - Casino Royale (3 Tab),Yes,No,No,No
coin,Dollar,One Dollar,,,100 000 Dollars - Casino Royale (3 Tab),Yes,No,No,No
coin,Dollar,One Dollar,,,1 Dollar - MGM Grand at Foxwoods,Yes,No,No,No
coin,Dollar,Five Dollars,,,5 Dollars - MGM Grand at Foxwoods,Yes,No,No,No
coin,Dollar,One Dollar,,,"Havasu Dollar - London Bridge Rotary Club - London Bridge (Lake Havasu City, Arizona)",Yes,No,No,No
coin,Dollar,Five Dollars,,,"5 Dollars - Ceasars River Boat Casino (Harrison County, Indiana)",Yes,No,No,No
coin,Dollar,One Dollar,,,"1 Dollar - MGM Grand - Lucey (Las Vegas, Nevada)",Yes,No,No,No
coin,Dollar,Five Dollars,,,25 Dollars - Las Vegas Poker Room,Yes,No,No,No
coin,Dollar,Five Hundred Dollars,,,500 Dollars - Las Vegas Poker Room,Yes,No,No,No
coin,Dollar,One Thousand Dollars,,,1000 Dollars - Las Vegas Poker Room,Yes,No,No,No
coin,Dollar,One Dollar,,,"1 Dollar - Joker Casino (Las Vegas, Nevada)",Yes,No,No,No
coin,Dollar,Five Dollars,,,"5 Dollars - Joker Casino (Las Vegas, Nevada)",Yes,No,No,No
coin,Dollar,Five Dollars,,,"25 Dollars - Joker Casino (Las Vegas, Nevada)",Yes,No,No,No
coin,Dollar,One Hundred Dollars,,,"100 Dollars - Joker Casino (Las Vegas, Nevada)",Yes,No,No,No
coin,Dollar,Five Hundred Dollars,,,"500 Dollars - Joker Casino (Las Vegas, Nevada)",Yes,No,No,No
coin,Dollar,One Thousand Dollars,,,"1000 Dollars - Joker Casino (Las Vegas, Nevada)",Yes,No,No,No
coin,Dollar,Five Thousand Dollars,,,"5000 Dollars - Joker Casino (Las Vegas, Nevada)",Yes,No,No,No
coin,Dollar,One Dollar,,,"25 000 Dollars - Joker Casino (Las Vegas, Nevada)",Yes,No,No,No
coin,Dollar,One Dime,,,"10 Cents - Jims Taxi (Broadway, Virginia)",Yes,No,No,No
coin,Dollar,Five Cents,,,"5 Cents - E. R. Mitchell (Abbotsford, Wisconsin)",Yes,No,No,No
coin,Dollar,Five Cents,,,15 Cents - St. James School,Yes,No,No,No
coin,Dollar,Five Cents,,,5 Cents - Carlisle's Cafe,Yes,No,No,No
coin,Dollar,Five Cents,,,"5 Cents - W.H.W. (Troy Grove, Illinois)",Yes,No,No,No
coin,Dollar,One Dollar,,,Pelican Snowballs Pelican Buck,Yes,No,No,No
coin,Dollar,One Dollar,,,200 Dollars - Fallout New Vegas Lucky 38,Yes,No,No,No
coin,Dollar,One Dollar,,,1 Dollar - Fallout New Vegas Vault 21 Casino,Yes,No,No,No
coin,Dollar,Five Dollars,,,5 Dollars - Fallout New Vegas Tops Casino,Yes,No,No,No
coin,Dollar,Ten Dollars,,,10 Dollars - Fallout New Vegas Atomic Wrangler Casino,Yes,No,No,No
coin,Dollar,Twenty Dollars,,,20 Dollars - Fallout New Vegas Silver Rush Casino,Yes,No,No,No
coin,Dollar,Five Dollars,,,25 Dollars - Fallout New Vegas Bison Steve Casino,Yes,No,No,No
coin,Dollar,Fifty Dollars,,,50 Dollars - Fallout New Vegas Gomorrah Casino,Yes,No,No,No
coin,Dollar,One Hundred Dollars,,,100 Dollars - Fallout New Vegas The Ultra Luxe Casino,Yes,No,No,No
coin,Dollar,One Dollar,,,1 Dollar (George H. W. Bush),Yes,No,No,No
coin,Dollar,One Dollar,,,1 Dollar - Raceway Car Wash,Yes,No,No,No
coin,Dollar,Ten Dollars,,,10 Dollars (Mayflower 400th Anniversary),Yes,No,No,No
coin,Dollar,Five Cents,,,"5 Cents - NCO Open Mess (Sheppard AFB, Texas)",Yes,No,No,No
coin,Dollar,One Dollar,,,1 Ounce - Highland Mint (Morgan Dollar),Yes,No,No,No
coin,Dollar,Half Dollar,,,"50 Cents - AAFB-NCO Open Mess (Amarillo A. F. B., Texas)",Yes,No,No,No
coin,Dollar,One Dollar,,,"1 Dollar - NCO Open Mess (Hickam A.F.B., Hawaii)",Yes,No,No,No
coin,Dollar,Five Cents,,,"25 Cents - Casino Aztar (Evansville, Indiana)",Yes,No,No,No
coin,Dollar,One Dollar,,,1 Dollar - Airmen's Open Mess (Keesler A.F.B. Mississippi),Yes,No,No,No
coin,Dollar,One Dollar,,,"1 Dollar - NCO OM (Loring AFB, Maine)",Yes,No,No,No
coin,Dollar,One Dollar,,,1 Ounce - Highland Mint (Morgan),Yes,No,No,No
coin,Dollar,Five Cents,,,"5 Cents - Dotson and Self Pool Card Room (Buena Park, California)",Yes,No,No,No
coin,Dollar,Ten Dollars,,,10 Dollars (Federal Reserve Note; Brown Seal - Hawaii),Yes,No,No,No
coin,Dollar,Five Cents,,,"5 Cents - Stanard Supply Co. (Store No. 11; Brownton, West Virginia)",Yes,No,No,No
coin,Dollar,Five Cents,,,"5 Cents - The New River Company (Price Hill, West Virginia)",Yes,No,No,No
coin,Dollar,One Dollar,,,"1 Dollar - Captain Clean Car Wash (Cincinnati, Ohio)",Yes,No,No,No
coin,Dollar,One Dime,,,"10 Cents - The New River Company (Summerlee, West Virginia)",Yes,No,No,No
coin,Dollar,Ten Dollars,,,10 Dollars (Large-Size National Bank Note),Yes,No,No,No
coin,Dollar,One Dollar,,,"1 Dollar - College Park Car Wash (College Park, Maryland)",Yes,No,No,No
coin,Dollar,Five Cents,,,"25 Cents - Farmers Mercantile Co. (Dwight, Nebraska)",Yes,No,No,No
coin,Dollar,One Cent,,,"1 Cent - Robinson Run Stores (Maidsville, West Virginia)",Yes,No,No,No
coin,Dollar,One Dollar,,,"1 Dollar - Raleigh-Wyoming Mining Co. (Glen Rogers, West Virginia)",Yes,No,No,No
coin,Dollar,One Dollar,,,"1 Dollar - The Carbon Fuel Co. (Carbon, West Virginia)",Yes,No,No,No
coin,Dollar,One Dollar,,,"1 Dollar - Winding Gulf Coals, Inc. (Winding Gulf, West Virginia)",Yes,No,No,No
coin,Dollar,One Dime,,,"10 Cents - Slab Fork Coal Co. (Slab Fork, West Virginia)",Yes,No,No,No
coin,Half Dollar,Fifty Dollars,,,"50 Dollars ""Half Union"" (Pattern; copper)",Yes,No,No,No
coin,Half Dollar,Fifty Dollars,,,"50 Dollars ""Half Union"" (Pattern; copper)",Yes,No,No,No
coin,Dollar,One Dollar,,,"1 Dollar ""1852 Gold Dollar"" (Pattern; gold)",Yes,No,No,No
coin,Dollar,One Dollar,,,"1 Dollar ""1852 Gold Dollar"" (Pattern; silver)",Yes,No,No,No
coin,Dollar,One Dollar,,,"1 Dollar ""1852 Gold Dollar"" (Pattern; copper-nickel)",Yes,No,No,No
coin,Dollar,One Dollar,,,"1 Dollar ""1852 Gold Dollar"" (Pattern; nickel)",Yes,No,No,No
coin,Dollar,One Dollar,,,"1 Dollar ""1852 Gold Dollar"" (Pattern; brass)",Yes,No,No,No
coin,Dollar,Ten Dollars,,,10 Dollars (Certificate of Deposit),Yes,No,No,No
coin,Dollar,One Cent,,,"1 Cent ""1884"" (Pattern; aluminium)",Yes,No,No,No
coin,Dollar,One Cent,,,"1 Cent ""1884"" (Pattern; white metal)",Yes,No,No,No
coin,Half Dollar,Five Dollars,,,"5 Dollars ""1860 Half Eagle"" (Pattern; copper)",Yes,No,No,No
coin,Dollar,One Dime,,,"10 Cents - Slab Fork Coal Co. (Slab Fork, West Virginia)",Yes,No,No,No
coin,Dollar,Five Cents,,,5 Cents - Good For One Tune,Yes,No,No,No
coin,Dollar,One Dime,,,"10 Cents ""1792 Disme"" (Pattern; silver)",Yes,No,No,No
coin,Dollar,Five Cents,,,"5 Cents ""1884 Nickel"" (Pattern; white metal)",Yes,No,No,No
coin,Dollar,Five Cents,,,"5 Cents ""1884 Nickel"" (Pattern; aluminium)",Yes,No,No,No
coin,Half Dollar,Half Dollar,,,"½ Dollar ""1859"" (Pattern; copper)",Yes,No,No,No
coin,Dollar,Five Cents,,,"25 Cents - Plackes Tavern (Edgar, Nebraska)",Yes,No,No,No
coin,Dollar,One Dollar,,,1 Dollar in Trade,Yes,No,No,No
coin,Dollar,One Dime,,,"10 Cents - L. P. Kramer (Imperial, Nebraska)",Yes,No,No,No
coin,Quarter,Two and a Half Dollars,,,"2½ Dollars ""Quarter Eagle"" (Pattern; gold)",Yes,No,No,No
coin,Dollar,Twenty Dollars,,,"20 Dollars ""1872 Double Eagle"" (Pattern; aluminium)",Yes,No,No,No
coin,Dollar,Twenty Dollars,,,"20 Dollars ""1872 Double Eagle"" (Pattern; gold)",Yes,No,No,No
coin,Dollar,Ten Dollars,,,"10 Dollars ""1872 Eagle"" (Pattern; aluminium)",Yes,No,No,No
coin,Dollar,Ten Dollars,,,"10 Dollars ""1872 Eagle"" (Pattern; copper)",Yes,No,No,No
coin,Dollar,Ten Dollars,,,"10 Dollars ""1874 Eagle"" (Pattern; nickel)",Yes,No,No,No
coin,Dollar,Ten Dollars,,,"10 Dollars ""1874 Eagle"" (Pattern; aluminium)",Yes,No,No,No
coin,Dollar,Ten Dollars,,,"10 Dollars ""1874 Eagle"" (Pattern; copper)",Yes,No,No,No
coin,Dollar,Five Cents,,,"25 Cents - Lift (Framingham, Massachusetts)",Yes,No,No,No
coin,Dollar,One Dime,,,"10 Cents - The Union Store (Elk Creek, Nebraska)",Yes,No,No,No
coin,Dollar,One Dollar,,,Tres Bon Dollar,Yes,No,No,No
coin,Dollar,One Dollar,,,"1 Dollar ""1836 Gobrecht Dollar"" (Pattern; copper)",Yes,No,No,No
coin,Dollar,One Dollar,,,"1 Dollar - CWC Transit (Brainerd, Minnesota)",Yes,No,No,No
coin,Dollar,Five Cents,,,"75 Cents - Brainerd Dial-A-Ride (Brainerd, Minnesota)",Yes,No,No,No
coin,Dollar,Five Cents,,,"25 Cents - Ciemny's Store (Elyria, Nebraska)",Yes,No,No,No
coin,Dollar,Five Cents,,,"5 Cents - Walt's Place (Emerson, Nebraska)",Yes,No,No,No
coin,Dollar,One Dime,,,"10 Cents - MacDonald Cigar Company (Omaha, Nebraska)",Yes,No,No,No
coin,Dollar,Five Cents,,,"5 Cents - Bay View Saloon (Black Diamond, California)",Yes,No,No,No
coin,Dollar,Twenty Dollars,,,20 Dollars (Wyoming),Yes,No,No,No
coin,Dollar,Twenty Dollars,,,20 Dollars,Yes,No,No,No
coin,Dollar,One Dime,,,"10 Cents - C.A.E. Holmes and Co. (Fairmont, Nebraska)",Yes,No,No,No
coin,Dollar,Five Cents,,,"25 Cents - C.A.E. Holmes and Co. (Fairmont, Nebraska)",Yes,No,No,No
coin,Half Dollar,Five Dollars,,,"5 Dollars ""1878 Half Eagle"" (Pattern; brass)",Yes,No,No,No
coin,Half Dollar,Five Dollars,,,"5 Dollars ""1868 Half Eagle"" (Pattern; aluminium)",Yes,No,No,No
coin,Dollar,Four Dollars,,,"1 Stella / 4 Dollars ""1880 Stella"" (Pattern; copper)",Yes,No,No,No
coin,Dollar,Four Dollars,,,"1 Stella / 4 Dollars ""1880 Stella"" (Pattern; aluminium)",Yes,No,No,No
coin,Quarter,Quarter Dollar,,,"¼ Dollar ""Washington Quarter"" Glacier National Park - Silver 5 oz Bullion",Yes,No,No,No
coin,Dollar,Five Cents,,,"5 Cents - Emmett Burns Canteen (Friend, Nebraska)",Yes,No,No,No
coin,Dollar,Five Cents,,,"5 Cents - The Brunswick Billiards and Cigars (Grand Island, Nebraska)",Yes,No,No,No
coin,Dollar,Five Cents,,,"5 Cents - J.J. Doyle (Greeley, Nebraska)",Yes,No,No,No
coin,Dollar,One Dollar,,,"1 Dollar - Farmer's Union State Exchange (Hastings, Nebraska)",Yes,No,No,No
coin,Dollar,Five Cents,,,"25 Cents - J.C. Janzen (Henderson, Nebraska)",Yes,No,No,No
coin,Dollar,Five Cents,,,"25 Cents - Mason's (Herman, Nebraska)",Yes,No,No,No
coin,Dollar,Five Cents,,,"5 Cents - Clint's Place (Hildreth, Nebraska)",Yes,No,No,No
coin,Dollar,Half Dollar,,,"50 Cents - L.D. Laird and Company (Holstein, Nebraska)",Yes,No,No,No
coin,Dollar,Five Cents,,,"5 Cents - F.J. Busch and Son (Howells, Nebraska)",Yes,No,No,No
coin,Dollar,One Dollar,,,"1 Dollar - Oaks Card Room (Emeryville, California)",Yes,No,No,No
coin,Dollar,Five Cents,,,"5 Cents - Carr and Wallace (Lincoln, Nebraska)",Yes,No,No,No
coin,Dollar,Five Cents,,,"5 Cents - 1st Nebraska Field Hospital (Lincoln, Nebraska)",Yes,No,No,No
coin,Dollar,One Dime,,,"10 Cents - 1st Nebraska Field Hospital (Lincoln, Nebraska)",Yes,No,No,No
coin,Dollar,Ten Dollars,,,"10 Dollars - Riviera Hotel and Casino (Las Vegas, Nevada)",Yes,No,No,No
coin,Dollar,Half Cent,,,"2½ Cents - Labor Temple (Lincoln, Nebraska)",Yes,No,No,No
coin,Dollar,One Dollar,,,"1 Dollar ""1836 Gobrecht Dollar"" (Pattern; copper)",Yes,No,No,No
coin,Half Dollar,Half Dollar,,,"½ Dollar ""1877"" (Pattern; copper)",Yes,No,No,No
coin,Half Dollar,Half Dollar,,,"½ Dollar ""1859"" (Pattern; silver)",Yes,No,No,No
coin,Dollar,Five Cents,,,"5 Cents - Lincoln Business College (Lincoln, Nebraska)",Yes,No,No,No
coin,Dollar,Five Cents,,,"5 Cents - John J. Haller (Litchfield, Nebraska)",Yes,No,No,No
coin,Dollar,Five Cents,,,"5 Cents - Jerry Pleskac General Merchandise (Loma, Nebraska)",Yes,No,No,No
coin,Dollar,Half Dollar,,,"50 Cents - Jerry Pleskac General Merchandise (Loma, Nebraska)",Yes,No,No,No
coin,Dollar,One Dollar,,,"1 Dollar - Jerry Pleskac General Merchandise (Loma, Nebraska)",Yes,No,No,No
coin,Dollar,Five Cents,,,"25 Cents - The Highlead (Eureka, California)",Yes,No,No,No
coin,Dollar,One Dollar,,,1 Dollar (Military Payment Certificate),Yes,No,No,No
coin,Dollar,One Dollar,,,"1 Dollar - Farmers Union Co-operative Creamery (Mason City, Nebraska)",Yes,No,No,No
coin,Dollar,Five Cents,,,"5 Cents - Champion Sporting Goods Company (McCook, Nebraska)",Yes,No,No,No
coin,Dollar,Five Cents,,,5 Cents - 1771,Yes,No,No,No
coin,Dollar,Half Dollar,,,50 Cents (Military Payment Certificate),Yes,No,No,No
coin,Dollar,One Dime,,,"10 Cents - John's Place (Minden, Nebraska)",Yes,No,No,No
coin,Dollar,Half Dollar,,,"50 Cents - Walla and Reznicek (Morse Bluff, Nebraska)",Yes,No,No,No
coin,Dollar,Five Dollars,,,"5 Dollar - Isle of Capri Casino (Marquette, Iowa)",Yes,No,No,No
coin,Dollar,One Dollar,,,"1 Dollar - Walla Brothers Department Store (Morse Bluff, Nebraska)",Yes,No,No,No
coin,Dollar,Half Cent,,,"2½ Cents - W.E. Winterringer (Neligh, Nebraska)",Yes,No,No,No
coin,Dollar,One Dollar,,,Moon Coin (Shadow's Liberty Head Coin - American Gods),Yes,No,No,No
coin,Dollar,Five Cents,,,"5 Cents - Bill's Cafe (Nemaha, Nebraska)",Yes,No,No,No
coin,Dollar,One Dollar,,,1 Dollar (State of Florida),Yes,No,No,No
coin,Dollar,Two Dollars,,,2 Dollars (Bank of Chattanooga),Yes,No,No,No
coin,Dollar,Five Dollars,,,5 Dollars (Treasury Warrant),Yes,No,No,No
coin,Dollar,One Hundred Dollars,,,100 Dollars (State of Alabama),Yes,No,No,No
coin,Dollar,One Hundred Dollars,,,100 Dollars (The State of Louisiana),Yes,No,No,No
coin,Dollar,One Dime,,,"10 Cents - Stanard Supply Co. (Store No. 6; Grant Town, West Virginia)",Yes,No,No,No
coin,Dollar,Five Cents,,,"5 Cents ""1867 Nickel"" (Pattern; copper)",Yes,No,No,No
coin,Dollar,Twenty Cents,,,"20 Cents ""1864"" (Pattern; nickel)",Yes,No,No,No
coin,Dollar,Four Dollars,,,"4 Dollars ""1880 Stella"" (Pattern; copper)",Yes,No,No,No
coin,Dollar,Four Dollars,,,"4 Dollars ""1880 Stella"" (Pattern; aluminium)",Yes,No,No,No
coin,Dollar,Five Cents,,,"5 Cents - Murray & Kneifl (Newcastle, Nebraska)",Yes,No,No,No
coin,Dollar,One Dollar,,,"1 Dollar - Watts Store (North Bend, Nebraska)",Yes,No,No,No
coin,Dollar,One Dollar,,,1 oz Silver -Silver Bullet Silver Shield (Unknown Enemy),Yes,No,No,No
coin,Quarter,One Cent,,,"1 Cent ""1853"" (Pattern; nickel-brass)",Yes,No,No,No
coin,Quarter,Five Cents,,,"25 Cents ""1792 Quarter Dollar"" (Pattern; white metal)",Yes,No,No,No
coin,Half Dollar,Five Cents,,,"5 Cents ""1792 Half Disme"" (Pattern; silver)",Yes,No,No,No
coin,Dollar,Twenty Cents,,,"20 Cents ""1875⅕ Dollar"" (Pattern; copper)",Yes,No,No,No
coin,Dollar,Twenty Cents,,,"20 Cents ""1875⅕ Dollar"" (Pattern; aluminium)",Yes,No,No,No
coin,Quarter,Quarter Dollar,,,"¼ Dollar ""Washington Quarter"" (Tuskegee Airmen National Historic Site, Alabama)",Yes,No,No,No
coin,Quarter,Quarter Dollar,,,"¼ Dollar ""Washington Quarter"" (Tuskegee Airmen National Historic Site, Alabama)",Yes,No,No,No
coin,Quarter,Quarter Dollar,,,"¼ Dollar ""Washington Quarter"" (Crossing the Delaware)",Yes,No,No,No
coin,Quarter,Quarter Dollar,,,"¼ Dollar ""Washington Quarter"" (Crossing the Delaware)",Yes,No,No,No
coin,Half Dollar,Five Cents,,,"5 Cents - Raleigh-Wyoming Mining Co. (Glen Rogers, West Virginia)",Yes,No,No,No
coin,Dollar,One Dollar,,,1 Dollar (California Gold - Eureka),Yes,No,No,No
coin,Dollar,Half Dollar,,,50 Cents (State of Alabama),Yes,No,No,No
coin,Dollar,Half Dollar,,,"50 Cents - City of North Bend (North Bend, Oregon)",Yes,No,No,No
coin,Dollar,One Dollar,,,"1 Dollar - City of North Bend (North Bend, Oregon)",Yes,No,No,No
coin,Dollar,Half Dollar,,,"50 Cents - Oregon Centennial (North Bend, Oregon)",Yes,No,No,No
coin,Dollar,Five Cents,,,"5 Cents - 4416 No. 24 (Omaha, Nebraska)",Yes,No,No,No
coin,Dollar,Five Cents,,,"5 Cents - A & P Bar (Omaha, Nebraska)",Yes,No,No,No
coin,Dollar,One Dollar,,,1 Million Dollars - Commander and Chief,Yes,No,No,No
coin,Half Dollar,Half Dollar,,,"50 Cents - Killarney Smokeless Coal Co. (Killarney, West Virginia)",Yes,No,No,No
coin,Dollar,Half Dollar,,,50 Cents (Military Payment Certificate),Yes,No,No,No
coin,Dollar,One Dollar,,,"1 Dollar - Wash Around The Clock (Phoenix, Arizona)",Yes,No,No,No
coin,Dollar,One Dollar,,,"1 Dollar - Monkey (Kent, Washington)",Yes,No,No,No
coin,Dollar,One Dollar,,,"1 Dollar - Red Top (Laurel, Maryland)",Yes,No,No,No
coin,Dollar,One Dollar,,,"1 Dollar - Woody's Car Wash (Totem Lake, Washington)",Yes,No,No,No
coin,Dollar,One Dollar,,,"1 Dollar - Mighty Spray Car Wash (Severna Park, Maryland)",Yes,No,No,No
coin,Dollar,One Dollar,,,"1 Dollar - Castrol Express Lube (Knoxville, Tennessee)",Yes,No,No,No
coin,Dollar,One Dollar,,,"1 Dollar - Rice Street (Saint Paul, Minnesota)",Yes,No,No,No
coin,Dollar,One Dollar,,,"1 Dollar - World Series Champions 2016 (Chicago, Illinois)",Yes,No,No,No
coin,Dollar,One Dollar,,,"1 Dollar - Futuristic Car Wash (Wixom, Michigan)",Yes,No,No,No
coin,Dollar,One Dollar,,,"1 Dollar - Oldest Town in Texas (Nacogdoches, Texas)",Yes,No,No,No
coin,Dollar,One Dollar,,,"1 Dollar - Carolina Carwash (Columbia, South Carolina)",Yes,No,No,No
coin,Dollar,One Dollar,,,"1 Dollar - XCEL (Olathe, Kansas)",Yes,No,No,No
coin,Dollar,One Dollar,,,"1 Dollar - Belltowne Square (Belfair, Washington)",Yes,No,No,No
coin,Dollar,Half Dollar,,,50 Cents (Military Payment Certificate),Yes,No,No,No
coin,Dollar,Five Cents,,,"25 Cents - Airport News Stand (Omaha, Nebraska)",Yes,No,No,No
coin,Dollar,Half Dollar,,,"50 Cents - Airport News Stand (Omaha, Nebraska)",Yes,No,No,No
coin,Dollar,One Dollar,,,"1 Dollar - Airport News Stand (Omaha, Nebraska)",Yes,No,No,No
coin,Dollar,One Dollar,,,Lucky Texas Wooden Dollar (I'm a B.C. Lumberman),Yes,No,No,No
coin,Dollar,One Dollar,,,"1 Dollar - H. H. Schacht (Cook, Nebraska)",Yes,No,No,No
coin,Dollar,One Hundred Dollars,,,"100 Dollars - Frontier Hotel-Casino (Las Vegas, Nevada)",Yes,No,No,No
coin,Dollar,Five Dollars,,,"25 Dollars - Frontier Hotel-Casino (Las Vegas, Nevada)",Yes,No,No,No
coin,Dollar,Five Dollars,,,"5 Dollars - Frontier Hotel-Casino (Las Vegas, Nevada)",Yes,No,No,No
coin,Quarter,Quarter Dollar,,,"¼ Dollar ""Washington Quarter"" (Tallgrass Prairie National Preserve - Silver 5 oz Bullion)",Yes,No,No,No
coin,Dollar,One Dollar,,,"National Aquarium - Shark (Baltimore, Maryland)",Yes,No,No,No
coin,Dollar,One Dollar,,,"1 Dollar - R. Muir General Merchandise (Ohiowa, Nebraska)",Yes,No,No,No
coin,Quarter,One Dollar,,,¼ oz - Golden State Mint (Morgan Dollar),Yes,No,No,No
coin,Dollar,Five Cents,,,"25 Cents - President Casino on the Admiral (St. Louis, Missouri)",Yes,No,No,No
coin,Dollar,Five Cents,,,"25 Cents - Clover Fork Coal Co. (Kitts, Kentucky)",Yes,No,No,No
coin,Dollar,Five Cents,,,"25 Cents - Lajes AOM (Terceira, Azores)",Yes,No,No,No
coin,Dollar,One Dollar,,,1 Dollar - Easy Streets (Downtown Seattle Association),Yes,No,No,No
coin,Dollar,Five Cents,,,"5 Cents - The Palace Pool Hall and Restaurant (Everett, Washington)",Yes,No,No,No
coin,Dollar,One Dollar,,,1 Dollar (Christa McAuliffe),Yes,No,No,No
coin,Dollar,One Dollar,,,2 Vestindiske Dalere / 2 Dollars (St. Croix),Yes,No,No,No
coin,Dollar,One Thousand Dollars,,,"1000 Dollars (Federal Reserve Note; ""Redeemable in Gold"")",Yes,No,No,No
coin,Dollar,Five Cents,,,"5 Cents - W. F. Diers General Merchandise (Louisville, Nebraska)",Yes,No,No,No
coin,Dollar,Twenty Dollars,,,20 Dollars (Small-Size National Bank Note),Yes,No,No,No
coin,Dollar,One Dollar,,,1 Dollar - AC/DC (Angus Bucks),Yes,No,No,No
coin,Dollar,One Dime,,,10 Cents (Bishop's General Storehouse),Yes,No,No,No
coin,Dollar,Five Hundred Dollars,,,500 Dollars (Gold Certificate; Gold Seal left),Yes,No,No,No
coin,Dollar,One Dollar,,,1 Dollar (Virginia Treasury Note),Yes,No,No,No
coin,Dollar,One Dollar,,,1 Dollar,Yes,No,No,No
coin,Dollar,Five Cents,,,"5 Cents - Watling (Chicago, Illinois)",Yes,No,No,No
coin,Dollar,One Dime,,,"10 Cents - Nu Club (Kemmerer, Wyoming)",Yes,No,No,No
coin,Dollar,One Dime,,,"10 Cents - Kemmerer Hotel Bar (Kemmerer, Wyoming)",Yes,No,No,No
coin,Dollar,One Dime,,,"10 Cents - Kemmerer Hotel Bar (Kemmerer, Wyoming)",Yes,No,No,No
coin,Dollar,Five Cents,,,5 Cents (State of North Carolina),Yes,No,No,No
coin,Dollar,Five Cents,,,25 Cents (Military Payment Certificate),Yes,No,No,No
coin,Dollar,One Dollar,,,1 Dollar (Military Payment Certificate),Yes,No,No,No
coin,Dollar,One Cent,,,1 Cent (Arizona State Prison),Yes,No,No,No
coin,Dollar,Four Dollars,,,4 Dollars (British Occupation of Fort Michilmackinac),Yes,No,No,No
coin,Dollar,One Dollar,,,1 Frozen Dollar (Richard Nixon),Yes,No,No,No
coin,Dollar,One Cent,,,1 Cent (Louisiana State Penitentiary),Yes,No,No,No
coin,Dollar,One Cent,,,1 Cent (Louisiana State Penitentiary),Yes,No,No,No
coin,Dollar,One Cent,,,1 Cent (Michigan State House Branch Prison),Yes,No,No,No
coin,Dollar,One Cent,,,1 Cent (Allegheny County Jail),Yes,No,No,No
coin,Dollar,One Cent,,,1 Cent (Texas Dept. of Corrections),Yes,No,No,No
coin,Dollar,Five Dollars,,,5 Dollars (Large-Size National Bank Note),Yes,No,No,No
coin,Dollar,One Cent,,,1 Cent (Texas Dept. of Corrections),Yes,No,No,No
coin,Dollar,One Dollar,,,"1 Dollar ""Native American Dollar"" (Native Americans in the US Military)",Yes,No,No,No
coin,Dollar,One Dollar,,,Camel Cash 1C,Yes,No,No,No
coin,Dollar,Twenty Dollars,,,20 Dollars (NORFED Liberty Dollar),Yes,No,No,No
coin,Dollar,One Dollar,,,Camel Cash 1C,Yes,No,No,No
coin,Quarter,Quarter Dollar,,,"¼ Dollar (""Washington Quarter"" Great Sand Dunes – Colorado; Silver 5 oz Bullion)",Yes,No,No,No
coin,Quarter,Quarter Dollar,,,"¼ Dollar ""Washington Quarter"" (Pictured Rocks National Lakeshore – Michigan; Silver 5 oz Bullion)",Yes,No,No,No
coin,Dollar,One Dollar,,,1 Dollar (Girl with Balloon),Yes,No,No,No
coin,Dollar,Twenty Dollars,,,20 Dollars (Dakota),Yes,No,No,No
coin,Dollar,Twenty Dollars,,,20 Dollars (Delaware),Yes,No,No,No
coin,Dollar,One Dollar,,,Camel Cash 1C,Yes,No,No,No
coin,Dollar,One Dollar,,,Camel Cash 1C,Yes,No,No,No
coin,Dollar,Five Cents,,,"5 Cents - The Pastime (Sunnyside, Washington)",Yes,No,No,No
coin,Dollar,Five Cents,,,5 Cents - Nash's Saloon,Yes,No,No,No
coin,Dollar,One Dollar,,,Camel Cash 1C,Yes,No,No,No
coin,Dollar,One Dollar,,,Camel Cash 1C,Yes,No,No,No
coin,Dollar,Fifty Dollars,,,50 Dollars - Republic of Texas,Yes,No,No,No
coin,Dollar,One Dollar,,,Camel Cash 1C,Yes,No,No,No
coin,Dollar,Half Dollar,,,50 Cents (Sutton and Stewart),Yes,No,No,No
coin,Quarter,One Dollar,,,¼ Ounce - Philippine Centennial,Yes,No,No,No
coin,Dollar,Five Dollars,,,5 Dollars (National Law Enforcement Memorial and Museum),Yes,No,No,No
coin,Dollar,Ten Dollars,,,"10 Dollars (""Redback"")",Yes,No,No,No
coin,Dollar,Ten Dollars,,,10 Dollars,Yes,No,No,No
coin,Dollar,One Dollar,,,"1 Dollar - Gold Coin Car Wash (Oakland, California)",Yes,No,No,No
coin,Half Dollar,Half Dollar,,,½ Dollar (National Law Enforcement Memorial and Museum),Yes,No,No,No
coin,Dollar,One Dollar,,,1 Dollar (National Law Enforcement Memorial and Museum),Yes,No,No,No
coin,Dollar,Five Cents,,,25 Cents - Old Spaghetti Factory,Yes,No,No,No
coin,Dollar,One Dollar,,,"7 Dollars - Riverside Resort (Laughlin, Nevada)",Yes,No,No,No
coin,Dollar,Five Dollars,,,5 Dollars - Akwesasne Mohawk Casino Resort (New York),Yes,No,No,No
coin,Dollar,Half Dollar,,,"50 Cents - Royal Caribbean International (Miami, Florida)",Yes,No,No,No
coin,Dollar,Five Dollars,,,"5 Dollars - Imperial Palace (Las Vegas, Nevada)",Yes,No,No,No
coin,Dollar,Five Cents,,,"5 Cents - Casino Vegas World (Las Vegas, Nevada)",Yes,No,No,No
coin,Dollar,One Dollar,,,"1 Dollar - Circus Circus (Reno, Nevada)",Yes,No,No,No
coin,Dollar,One Cent,,,"1 Cent ""Liberty Head One Cent"" (Pattern)",Yes,No,No,No
coin,Dollar,One Dime,,,"10 Cents ""Copper Disme"" (Pattern)",Yes,No,No,No
coin,Dollar,Ten Dollars,,,"10 Dollars ""Plain 4 Gold"" (Pattern)",Yes,No,No,No
coin,Dollar,Ten Dollars,,,"10 Dollars ""Draped Bust"" (Pattern; silver)",Yes,No,No,No
coin,Half Dollar,Five Dollars,,,"5 Dollars ""Half Eagle Restrike""",Yes,No,No,No
coin,Dollar,One Dollar,,,"1 Dollar - Soaring Eagle Casino and Resort (Mt. Pleasant, Michigan)",Yes,No,No,No
coin,Dollar,Half Dollar,,,"50 Cents - Soaring Eagle Casino and Resort (Mt. Pleasant, Michigan)",Yes,No,No,No
coin,Dollar,One Dollar,,,"1 Dollar - Soaring Eagle Casino (Mt. Pleasant, Michigan)",Yes,No,No,No
coin,Dollar,One Dollar,,,1 Dollar - Akwesasne Mohawk Casino (New York),Yes,No,No,No
coin,Dollar,Twenty Dollars,,,20 Dollars (NORFED 2/5 oz Silver),Yes,No,No,No
coin,Dollar,Fifty Dollars,,,50 Dollars (NORFED Liberty Dollar),Yes,No,No,No
coin,Half Dollar,Half Dollar,,,50 Cents (Pattern),Yes,No,No,No
coin,Half Dollar,Half Dollar,,,"½ Dollar ""1838"" (Pattern; Silver)",Yes,No,No,No
coin,Dollar,One Dollar,,,"1 Dollar - Sands Casino Resort (Bethlehem, Pennsylvania)",Yes,No,No,No
coin,Dollar,One Dollar,,,"1 Dollar - Mount Airy Casino Resort (Mount Pocono, Pennsylvania)",Yes,No,No,No
coin,Dollar,One Cent,,,1 Cent - The Flag of Our Union,Yes,No,No,No
coin,Dollar,One Dollar,,,"1 Dollar - Poker Room Monte Carlo (Las Vegas, Nevada)",Yes,No,No,No
coin,Dollar,Five Dollars,,,"5 Dollars - Poker Room Monte Carlo (Las Vegas, Nevada)",Yes,No,No,No
coin,Dollar,Ten Dollars,,,"10 Dollars - Poker Room Monte Carlo (Las Vegas, Nevada)",Yes,No,No,No
coin,Dollar,Fifty Dollars,,,"50 Dollars - Poker Room Monte Carlo (Las Vegas, Nevada)",Yes,No,No,No
coin,Dollar,One Hundred Dollars,,,"100 Dollars - Poker Room Monte Carlo (Las Vegas, Nevada)",Yes,No,No,No
coin,Dollar,Five Hundred Dollars,,,"500 Dollars - Poker Room Monte Carlo (Las Vegas, Nevada)",Yes,No,No,No
coin,Dollar,One Thousand Dollars,,,"1000 Dollars - Poker Room Monte Carlo (Las Vegas, Nevada)",Yes,No,No,No
coin,Dollar,Five Thousand Dollars,,,"5000 Dollars - Poker Room Monte Carlo (Las Vegas, Nevada)",Yes,No,No,No
coin,Dollar,One Dollar,,,"10 000 Dollars - Poker Room Monte Carlo (Las Vegas, Nevada)",Yes,No,No,No
coin,Dollar,One Cent,,,1 Cent - Sales Tax Receipt (Ohio),Yes,No,No,No
coin,Dollar,Twenty Dollars,,,20 Dollars (American Express Travelers Cheque),Yes,No,No,No
coin,Dollar,One Dime,,,10 Cents (Military Payment Certificate),Yes,No,No,No
coin,Dollar,One Cent,,,1 Cent - A. Burnet,Yes,No,No,No
coin,Dollar,One Cent,,,1 Cent - Sales Tax Receipt (Ohio),Yes,No,No,No
coin,Dollar,One Cent,,,1 Cent (Ohio Sales Tax Receipt),Yes,No,No,No
coin,Dollar,One Cent,,,1 cent (Ohio Sales Tax Receipt),Yes,No,No,No
coin,Dollar,Five Cents,,,5 Cents (Military Payment Certificate),Yes,No,No,No
coin,Dollar,One Cent,,,1 Cent (Ohio Sales Tax Receipt),Yes,No,No,No
coin,Dollar,Twenty Dollars,,,20 Dollars (Double Eagle 1933),Yes,No,No,No
coin,Dollar,One Dollar,,,"1 Dollar - Silver Legacy (Reno, Nevada)",Yes,No,No,No
coin,Dollar,One Dollar,,,"1 Dollar - Club Cal-Neva (Reno, Nevada)",Yes,No,No,No
coin,Dollar,One Cent,,,1 Cent (Ohio Sales Tax Receipt),Yes,No,No,No
coin,Dollar,Half Cent,,,12½ Cents - Wailuku Plantation,Yes,No,No,No
coin,Dollar,Ten Dollars,,,"10 Dollars - Caesars Palace (Las Vegas, Nevada)",Yes,No,No,No
coin,Dollar,One Cent,,,1 Cent (Tennessee Ammunition Tax),Yes,No,No,No
coin,Dollar,One Dollar,,,1 Dollar (United States Department of Agriculture Food Coupon),Yes,No,No,No
coin,Dollar,Five Cents,,,"25 Cents - Pirates Cave (Fort Worth, Texas)",Yes,No,No,No
coin,Quarter,One Dollar,,,"Endymion - Hail to the Chiefs (New Orleans, Louisiana)",Yes,No,No,No
coin,Dollar,Five Dollars,,,5 Dollars (United States Department of Agriculture Food Coupon) [Type II],Yes,No,No,No
coin,Dollar,Ten Dollars,,,10 Dollars (United States Department of Agriculture Food Coupon),Yes,No,No,No
coin,Dollar,One Dollar,,,2 oz Silver (1921-2021 Peace Dollar Commemorative),Yes,No,No,No
coin,Dollar,One Dollar,,,1.50 Dollars (Ohio Sales Tax Receipt),Yes,No,No,No
coin,Quarter,Five Cents,,,¼ Ounce - Highland Mint (Buffalo Nickel),Yes,No,No,No
coin,Quarter,Five Cents,,,¼ Ounce - Highland Mint (Buffalo Nickel),Yes,No,No,No
coin,Quarter,Five Cents,,,¼ Ounce - Golden State Mint (Buffalo Nickel),Yes,No,No,No
coin,Dollar,Twenty Dollars,,,2020 Dollars - Trump,Yes,No,No,No
coin,Dollar,Five Dollars,,,"5 Dollars - Casino Las Vegas, Nevada",Yes,No,No,No
coin,Dollar,One Dollar,,,1 Fish (In Zippy We Trust Wall Street USA),Yes,No,No,No
coin,Half Dollar,Three Cents,,,3 cents (Ohio Sales Tax Receipt),Yes,No,No,No
coin,Dollar,Five Cents,,,25 Cents (Military Payment Certificate),Yes,No,No,No
coin,Dollar,Half Dollar,,,50 Cents (Military Payment Certificate),Yes,No,No,No
coin,Dollar,One Dollar,,,1 Dollar (Military Payment Certificate),Yes,No,No,No
coin,Dollar,One Dollar,,,1 Dollar (American Innovation - New Hampshire),Yes,No,No,No
coin,Dollar,One Dollar,,,1 Ounce - Golden State Mint (British Trade Dollar),Yes,No,No,No
coin,Dollar,One Dollar,,,1 Dollar (American Innovation - Virginia),Yes,No,No,No
coin,Dollar,Five Cents,,,"25 Cents - Grocery Warehouse (West Palm Beach, Florida)",Yes,No,No,No
coin,Half Dollar,Three Cents,,,3 cents (Ohio Sales Tax Receipt),Yes,No,No,No
coin,Dollar,One Dollar,,,1 Dollar (America's Cup without rope-like ornamentation),Yes,No,No,No
coin,Half Dollar,One Dollar,,,1 oz Silver (Kennedy Half Commemorative),Yes,No,No,No
coin,Half Dollar,One Dollar,,,1 Ounce - Regency Mint (Walking Liberty),Yes,No,No,No
coin,Dollar,One Dollar,,,1 oz Silver (Quality Silver Bullion - Spanish Pillar Dollar),Yes,No,No,No
coin,Dollar,One Dollar,,,1 Dollar (American Innovation - New York),Yes,No,No,No
coin,Dollar,One Cent,,,6 Cents (Ohio Sales Tax Receipt),Yes,No,No,No
coin,Dollar,One Dollar,,,1 Dollar (American Innovation - North Carolina),Yes,No,No,No
coin,Dollar,Three Cents,,,3 Cents (Ohio Sales Tax Receipt),Yes,No,No,No
coin,Dollar,Half Dollar,,,"50 Cents (""Postage Currency"" - 1st issue)",Yes,No,No,No
coin,Dollar,Five Cents,,,"5 Cents - Earl Davis Cafe (Allen, Nebraska)",Yes,No,No,No
coin,Half Dollar,Half Dollar,,,50 Cents (Apollo 11 50th Anniversary),Yes,No,No,No
coin,Dollar,One Dollar,,,1 oz Copper (Morgan Dollar),Yes,No,No,No
coin,Dollar,One Dollar,,,"1 Dollar ""Morgan Dollar"" (100th anniversary)",Yes,No,No,No
coin,Dollar,One Dollar,,,"1 Dollar ""Peace Dollar"" (100th anniversary)",Yes,No,No,No
coin,Half Dollar,Three Cents,,,3 Cents - Brooklyn and Queens Transit Co.,Yes,No,No,No
coin,Dollar,One Thousand Dollars,,,1000 Dollars (Federal Reserve Note),Yes,No,No,No
coin,Dollar,Five Cents,,,"5 Cents - Mac.Kethan and Company (Fayetteville, North Carolina)",Yes,No,No,No
coin,Dollar,One Dime,,,10 Cents (Military Payment Certificate),Yes,No,No,No
coin,Dollar,Five Cents,,,25 Cents (Military Payment Certificate),Yes,No,No,No
coin,Half Dollar,Half Dollar,,,1 Ounce - (Silver Eagle Dollar & Walking Liberty Half Dollar),Yes,No,No,No
coin,Dollar,One Dollar,,,1 Ounce Silver - SilverTowne Mint (Saint-Gaudens Double Eagle),Yes,No,No,No
coin,Dollar,Five Cents,,,"5 Cents - Baltimore Markets Food Stamp (Baltimore, Maryland)",Yes,No,No,No
coin,Dollar,Five Cents,,,5 Cents - Boscoe,Yes,No,No,No
coin,Dollar,Five Cents,,,25 Cents,Yes,No,No,No
coin,Dollar,One Cent,,,6 cents (Ohio Sales Tax Receipt),Yes,No,No,No
coin,Dollar,One Cent,,,6 cents (Ohio Sales Tax Receipt),Yes,No,No,No
coin,Dollar,One Dollar,,,"1 Dollar - Raleigh-Wyoming Mining Co. (Glen Rogers, West Virginia)",Yes,No,No,No
coin,Dollar,Half Dollar,,,"50 Cents - Joel Anderson (Merced, California)",Yes,No,No,No
coin,Dollar,One Cent,,,9 Cents - Ohio Consumer's Receipt,Yes,No,No,No
coin,Dollar,One Cent,,,"1 Cent ""1896"" (Pattern; nickel; magnetic)",Yes,No,No,No
coin,Dollar,One Cent,,,"1 Cent ""1896"" (Pattern; nickel; non-magnetic)",Yes,No,No,No
coin,Dollar,One Cent,,,"1 Cent ""1896"" (Pattern; aluminium)",Yes,No,No,No
coin,Dollar,Five Cents,,,"5 Cents ""1866 Shield Nickel With Rays"" (Pattern; copper)",Yes,No,No,No
coin,Dollar,Five Cents,,,"5 Cents ""1866 Shield Nickel With Rays"" (Pattern; bronze)",Yes,No,No,No
coin,Dollar,One Dollar,,,"1 Dollar ""1871 Dollar"" (Pattern; copper)",Yes,No,No,No
coin,Dollar,One Dollar,,,"1 Dollar ""1871 Dollar"" (Pattern; aluminium)",Yes,No,No,No
coin,Dollar,Two Cents,,,"2 Cents ""1836"" (Pattern; copper)",Yes,No,No,No
coin,Dollar,Two Cents,,,"2 Cents ""1836"" (Pattern; billon)",Yes,No,No,No
coin,Dollar,Five Cents,,,"2.5 Cents - Raker's Recreation Parlor (Imperial, Nebraska)",Yes,No,No,No
coin,Dollar,Five Thousand Dollars,,,"5000 Dollars (Federal Reserve Note; ""Redeemable in Gold"")",Yes,No,No,No
coin,Dollar,One Hundred Dollars,,,100 Dollars (Gold Certificate; Gold Seal left),Yes,No,No,No
coin,Dollar,Five Cents,,,25 Cents (Perfect Bank),Yes,No,No,No
coin,Dollar,One Dollar,,,"1 Dollar - Union Store (Neligh, Nebraska)",Yes,No,No,No
coin,Dollar,Three Cents,,,"3 Cents - H T B Line Student Check (Beaver Falls, Pennsylvania)",Yes,No,No,No
coin,Dollar,One Dollar,,,Michigan Masonic Home Dedication shekel,Yes,No,No,No
coin,Dollar,Twenty Cents,,,"20 Cents ""1875"" (Pattern; copper)",Yes,No,No,No
coin,Dollar,Twenty Cents,,,"20 Cents ""1875"" (Pattern; aluminium)",Yes,No,No,No
coin,Dollar,Twenty Cents,,,"20 Cents ""1875"" (Pattern; nickel)",Yes,No,No,No
coin,Dollar,Twenty Cents,,,"20 Cents ""1875"" (Pattern; copper)",Yes,No,No,No
coin,Dollar,Twenty Cents,,,"20 Cents ""1875"" (Pattern; aluminium)",Yes,No,No,No
coin,Dollar,Twenty Cents,,,"20 Cents ""1875"" (Pattern; nickel)",Yes,No,No,No
coin,Dollar,Half Dollar,,,"50 Cents (""Fractional Currency"" - 4th issue)",Yes,No,No,No
coin,Dollar,One Dollar,,,1 Dollar - Kaufman's Army and Navy (Wooden Dollar),Yes,No,No,No
coin,Dollar,Five Cents,,,"5 Cents - Gents Den (Harvard, Nebraska)",Yes,No,No,No
coin,Half Dollar,One Dollar,,,1 oz Silver (Golden State Mint - Walking Liberty),Yes,No,No,No
coin,Quarter,One Dollar,,,1 Ounce - Golden State Mint (Standing Liberty),Yes,No,No,No
coin,Dollar,Five Cents,,,"25 Cents - Napa Valley VINE (Napa, California)",Yes,No,No,No
coin,Dollar,One Dollar,,,1 oz Copper (Seated Liberty Dollar),Yes,No,No,No
coin,Dollar,One Dollar,,,1 oz Copper (Flowing Hair Dollar 1795),Yes,No,No,No
coin,Half Dollar,Half Dollar,,,½ oz Silver (1870 CC Seated Liberty Half Dollar),Yes,No,No,No
coin,Dollar,One Dollar,,,"⅓ Dollar (""Continental Currency"" - United Colonies)",Yes,No,No,No
coin,Dollar,Half Dollar,,,"50 Cents - Rock Island Centennial Bridge (Rock Island, Illinois)",Yes,No,No,No
coin,Dollar,Half Dollar,,,"50 Cents - Riverbend (Chattanooga, Tennessee)",Yes,No,No,No
coin,Dollar,One Dollar,,,1 oz Copper Trade Dollar,Yes,No,No,No
coin,Dollar,Half Dollar,,,"50 Cents - Paramount Coal Company (Paramount, Alabama)",Yes,No,No,No
coin,Dollar,One Dime,,,"10 Cents - Gents Den (Harvard, Nebraska)",Yes,No,No,No
coin,Quarter,Quarter Dollar,,,¼ Dollar (Delaware State),Yes,No,No,No
coin,Dollar,1½ Mills,,,1½ Mills - Arctic Ice Company (Kentucky),Yes,No,No,No
coin,Dollar,Three Cents,,,3 Cents (Ohio Sales Tax Receipt),Yes,No,No,No
coin,Dollar,Two Cents,,,12 Cents (Ohio Sales Tax Receipt),Yes,No,No,No
coin,Dollar,One Cent,,,6 Cents (Ohio Sales Tax Receipt),Yes,No,No,No
coin,Dollar,One Cent,,,6 Cents (Ohio Sales Tax Receipt),Yes,No,No,No
coin,Dollar,Five Cents,,,15 Cents (Ohio Sales Tax Receipt),Yes,No,No,No
coin,Dollar,Five Cents,,,"5 Cents - D. G. McKay (Wildwood, Wisconsin)",Yes,No,No,No
coin,Dollar,Five Cents,,,"5 Cents ""1866 Nickel Without Rays"" (Pattern; nickel)",Yes,No,No,No
coin,Dollar,Five Cents,,,"5 Cents ""1866 Nickel Without Rays"" (Pattern; copper)",Yes,No,No,No
coin,Dollar,Five Cents,,,"5 Cents ""1866 Nickel Without Rays"" (Pattern; silver)",Yes,No,No,No
coin,Dollar,Five Cents,,,"5 Cents ""1866 Nickel Without Rays"" (Pattern; brass)",Yes,No,No,No
coin,Dollar,Five Cents,,,"5 Cents ""1886 Nickel"" (Pattern; nickel)",Yes,No,No,No
coin,Dollar,Five Cents,,,"5 Cents ""1886 Nickel"" (Pattern; bronze)",Yes,No,No,No
coin,Dollar,Five Cents,,,"5 Cents ""1866 Nickel"" (Pattern; copper)",Yes,No,No,No
coin,Dollar,Five Cents,,,"5 Cents ""1866 Nickel"" (Pattern; copper-nickel)",Yes,No,No,No
coin,Dollar,One Dollar,,,Willard and Jacksons Oyster House,Yes,No,No,No
coin,Dollar,Five Dollars,,,5 Dollars (United States Department of Agriculture Food Coupon)[Type I],Yes,No,No,No
coin,Quarter,One Cent,,,"¼ Cent - La Salle Chamber of Commerce (La Salle, Illinois)",Yes,No,No,No
coin,Dollar,One Dollar,,,"1 Dollar - Emlyn Jellico Coal Co. (Emlyn, Kentucky)",Yes,No,No,No
coin,Dollar,Five Cents,,,"25 Cents - Bob's Billiard Parlor (Hawarden, Iowa)",Yes,No,No,No
coin,Dollar,One Dime,,,"10 Cents - O.W. Schulze (Herkimer, Kansas)",Yes,No,No,No
coin,Dollar,One Dollar,,,"Richards and Co. Dealer in Dry Goods (Morenci, Michigan)",Yes,No,No,No
coin,Dollar,One Dollar,,,1 Dollar - Billy Bones BBQ,Yes,No,No,No
coin,Dollar,One Hundred Dollars,,,100 Dollars (Theater Prop Money),Yes,No,No,No
coin,Dollar,Five Hundred Dollars,,,500 Dollars (Theater Prop Money),Yes,No,No,No
coin,Dollar,One Hundred Dollars,,,100 Dollars (Theater Prop Money),Yes,No,No,No
coin,Dollar,One Dollar,,,1 Dollar - Movie Prop Money,Yes,No,No,No
coin,Dollar,Five Dollars,,,5 Dollars (Movie Prop Money),Yes,No,No,No
coin,Dollar,Fifty Dollars,,,50 Dollars (Movie Prop Money),Yes,No,No,No
coin,Dollar,One Dollar,,,1 Disney Dollar,Yes,No,No,No
coin,Dollar,One Dollar,,,1 Disney Dollar,Yes,No,No,No
coin,Dollar,One Dollar,,,11 Dollars (Movie Prop Money),Yes,No,No,No
coin,Dollar,One Dollar,,,1 Dollar (Bank of Washtenaw - Michigan),Yes,No,No,No
coin,Dollar,One Dollar,,,"5 - Curtis School Plan (Philadelphia, Pennsylvania)",Yes,No,No,No
coin,Dollar,Five Dollars,,,"5 Dollars - Showboat Casino Scrip (Atlantic City, New Jersey)",Yes,No,No,No
coin,Dollar,Twenty Dollars,,,"20 Dollars - Showboat Casino Scrip (Atlantic City, New Jersey)",Yes,No,No,No
coin,Dollar,One Hundred Dollars,,,"100 Dollars - Showboat Casino Scrip (Atlantic City, New Jersey)",Yes,No,No,No
coin,Dollar,One Dollar,,,1 Dollar (Tropicana Casino Scrip),Yes,No,No,No
coin,Dollar,Twenty Dollars,,,20 Dollars (Tropicana Casino Scrip),Yes,No,No,No
coin,Dollar,Ten Dollars,,,10 Dollars (Tropicana Casino Scrip),Yes,No,No,No
coin,Dollar,Five Dollars,,,5 Dollars (Tropicana Casino Scrip),Yes,No,No,No
coin,Dollar,One Dollar,,,1 Dollar (Playboy Casino Scrip),Yes,No,No,No
coin,Dollar,Ten Dollars,,,10 Dollars (Playboy Casino Scrip),Yes,No,No,No
coin,Dollar,Twenty Dollars,,,20 Dollars (Playboy Casino Scrip),Yes,No,No,No
coin,Dollar,One Hundred Dollars,,,100 Dollars (Playboy Casino Scrip),Yes,No,No,No
coin,Dollar,One Dollar,,,1 Dollar (Trump Taj Mahal Casino Scrip),Yes,No,No,No
coin,Dollar,Ten Dollars,,,10 Dollars (Trump Taj Mahal Casino Scrip),Yes,No,No,No
coin,Dollar,Twenty Dollars,,,20 Dollars (Trump Taj Mahal Casino Scrip),Yes,No,No,No
coin,Dollar,One Hundred Dollars,,,100 Dollars (Trump Taj Mahal Casino Scrip),Yes,No,No,No
coin,Dollar,One Dollar,,,"1 Dollar - Crooked River Roundup (Pineville, Oregon)",Yes,No,No,No
coin,Dollar,Five Dollars,,,5 Dollars NCR (Fallout New Vegas),Yes,No,No,No
coin,Dollar,Twenty Dollars,,,20 Dollars NCR (Fallout New Vegas),Yes,No,No,No
coin,Dollar,One Hundred Dollars,,,100 Dollars NCR (Fallout New Vegas),Yes,No,No,No
coin,Half Dollar,One Dollar,,,5 Nuggets (San Diego Exposition),Yes,No,No,No
coin,Half Dollar,One Dollar,,,10 Nuggets (San Diego Exposition),Yes,No,No,No
coin,Dollar,Half Dollar,,,50 Cents (Charles D'Arceneaux),Yes,No,No,No
coin,Dollar,One Dollar,,,"1 Dollar - Yellowstone National Park (West Yellowstone, Montana)",Yes,No,No,No
coin,Dollar,Twenty Cents,,,"20 Cents - Gents Den (Harvard, Nebraska)",Yes,No,No,No
coin,Dollar,Five Cents,,,25 Cents (State of Georgia),Yes,No,No,No
coin,Dollar,One Dollar,,,1 Ounce Silver (Morgan Dollar),Yes,No,No,No
coin,Dollar,One Dollar,,,50 Convertible Maraka (Propaganda Note),Yes,No,No,No
coin,Dollar,One Cent,,,1 Cent - J.R.,Yes,No,No,No
coin,Dollar,One Cent,,,1 Cent (G.C.H.S.),Yes,No,No,No
coin,Quarter,One Cent,,,¼ Cent - Jackson County (Illinois),Yes,No,No,No
coin,Dollar,Two Cents,,,2 Cents (Ohio Sales Tax Receipt),Yes,No,No,No
coin,Dollar,Three Cents,,,3 Cents (Ohio Sales Tax Receipt),Yes,No,No,No
coin,Dollar,Fifty Dollars,,,"50 Dollars - United States Assay Office, Augustus Humbert Assay",Yes,No,No,No
coin,Dollar,One Cent,,,30 Cents (Ohio Sales Tax Receipt),Yes,No,No,No
coin,Dollar,Two Cents,,,2 Cents (Ohio Sales Tax Receipt),Yes,No,No,No
coin,Dollar,One Cent,,,1 Cent (TPAA),Yes,No,No,No
coin,Dollar,One Cent,,,30 Cents (Ohio Sales Tax Receipt),Yes,No,No,No
coin,Dollar,One Cent,,,"1 Cent - Olson Farms (Portersville, Pennsylvania)",Yes,No,No,No
coin,Dollar,One Dime,,,10 Cents - AAFES Gift Certificate (14K10),Yes,No,No,No
coin,Dollar,Five Cents,,,5 Cents - AAFES Gift Certificate (16B5),Yes,No,No,No
coin,Dollar,Five Cents,,,25 Cents - AAFES Gift Certificate (16D25),Yes,No,No,No
coin,Dollar,Five Cents,,,25 Cents - AAFES Gift Certificate (16M25),Yes,No,No,No
coin,Dollar,Five Cents,,,25 Cents - AAFES Gift Certificate (16B25),Yes,No,No,No
coin,Dollar,One Dollar,,,1 Dollar - Saint Patrick's Cathedral,Yes,No,No,No
coin,Dollar,One Cent,,,"1 Cent - Beaumont Mfg. Co's Store (Spartanburg, South Carolina)",Yes,No,No,No
coin,Dollar,One Cent,,,1 Cent (Oglebay Norton Co.),Yes,No,No,No
coin,Dollar,One Dollar,,,1 Dollar - Roseburg (Oregon),Yes,No,No,No
coin,Dollar,One Dollar,,,1 Dollar (Adrian Insurance Company - Michigan),Yes,No,No,No
coin,Dollar,One Cent,,,1 Cent (Continental Store Co.),Yes,No,No,No
coin,Dollar,One Cent,,,1 Cent (Ohio Sales Tax Receipt),Yes,No,No,No
coin,Dollar,One Cent,,,1 Cent (Ohio Sales Tax Receipt),Yes,No,No,No
coin,Dollar,Five Cents,,,5 Cents - Maine State Prison,Yes,No,No,No
coin,Dollar,One Dollar,,,1 Dollar - Maine State Prison,Yes,No,No,No
coin,Dollar,One Cent,,,1 Cent (Ohio Sales Tax Receipt),Yes,No,No,No
coin,Dollar,One Dollar,,,"1 Dollar ""American Silver Eagle"" New Reverse (Bullion Coin)",Yes,No,No,No
coin,Dollar,Half Dollar,,,50 Cents (Rialto Theatre Auction Money),Yes,No,No,No
coin,Dollar,One Dollar,,,1 Dollar (Rialto Theatre Auction Money),Yes,No,No,No
coin,Dollar,Fifty Dollars,,,50 Dollars (Movie Prop Money),Yes,No,No,No
coin,Dollar,Twenty Dollars,,,20 Dollars (Movie Prop Money),Yes,No,No,No
coin,Dollar,Ten Dollars,,,10 Dollars (Movie Prop Money),Yes,No,No,No
coin,Dollar,Five Dollars,,,5 Dollars (Movie Prop Money),Yes,No,No,No
coin,Dollar,Ten Dollars,,,10 Dollars (Movie Prop Money),Yes,No,No,No
coin,Dollar,One Cent,,,1 Cent (Ohio Sales Tax Receipt),Yes,No,No,No
coin,Half Dollar,Half Dollar,,,½ Dollar (California gold),Yes,No,No,No
coin,Dollar,One Dollar,,,1 Dollar (Hilton Casino),Yes,No,No,No
coin,Dollar,Five Dollars,,,5 Dollars (Hilton Casino),Yes,No,No,No
coin,Dollar,Ten Dollars,,,10 Dollars (Hilton Casino),Yes,No,No,No
coin,Dollar,Twenty Dollars,,,20 Dollars (Hilton Casino),Yes,No,No,No
coin,Dollar,One Hundred Dollars,,,100 Dollars (Hilton Casino),Yes,No,No,No
coin,Dollar,Five Cents,,,"5 Cents - R. L. Shivers (Crockett, Texas)",Yes,No,No,No
coin,Dollar,One Dollar,,,1 Dollar (Hilton Casino),Yes,No,No,No
coin,Dollar,Five Dollars,,,5 Dollars (Hilton Casino),Yes,No,No,No
coin,Dollar,Ten Dollars,,,10 Dollars (Hilton Casino),Yes,No,No,No
coin,Dollar,Twenty Dollars,,,20 Dollars (Hilton Casino),Yes,No,No,No
coin,Dollar,Half Dollar,,,"50 Cents - Dr. Z. L. Daniel and Son (Gary, Texas)",Yes,No,No,No
coin,Dollar,Half Dollar,,,"50 Cents - Woodstock (Saugerties, New York)",Yes,No,No,No
coin,Dollar,Five Dollars,,,"5 Dollars - Woodstock '94 (Saugerties, New York)",Yes,No,No,No
coin,Dollar,Ten Dollars,,,"10 Dollars Woodstock'94 (Saugerties, New York)",Yes,No,No,No
coin,Dollar,Twenty Dollars,,,"20 Dollars Woodstock '94 (Saugerties, New York)",Yes,No,No,No
coin,Dollar,Fifty Dollars,,,"50 Dollars Woodstock '94 (Saugerties, New York)",Yes,No,No,No
coin,Dollar,One Dime,,,"10 Cents - Milt's Bar (Tremont, Pennsylvania)",Yes,No,No,No
coin,Quarter,One Dollar,,,¼ Ounce - (USGC),Yes,No,No,No
coin,Dollar,One Dollar,,,1 Dollar - Hi Performance,Yes,No,No,No
coin,Dollar,Half Dollar,,,"50 Cents - Nims and White (Everson, Washington)",Yes,No,No,No
coin,Dollar,Five Cents,,,"5 Cents - Hotel Swail (Sumas, Wash.)",Yes,No,No,No
coin,Dollar,One Cent,,,1 Cent (Ohio Sales Tax Receipt),Yes,No,No,No
coin,Dollar,One Dollar,,,Peace Dollar 100th Anniversary,Yes,No,No,No
coin,Dollar,One Cent,,,1 Cent (Ohio Sales Tax Receipt),Yes,No,No,No
coin,Dollar,One Cent,,,1 Cent (Ohio Sales Tax Receipt),Yes,No,No,No
coin,Dollar,Twenty Dollars,,,20 Dollars (Montana),Yes,No,No,No
coin,Dollar,Five Cents,,,"25 Cents - Europa Kruz (St. Louis, Mississippi)",Yes,No,No,No
coin,Dollar,One Cent,,,1 Cent (Ohio Sales Tax Receipt),Yes,No,No,No
coin,Dollar,One Cent,,,1 Cent (Ohio Sales Tax Receipt),Yes,No,No,No
coin,Dollar,Five Dollars,,,5 Dollars (The Farmers Bank of Sandstone),Yes,No,No,No
coin,Dollar,Three Dollars,,,"3 Dollars (Huntingdon, Cambria and Indiana Turnpike Road Company)",Yes,No,No,No
coin,Dollar,One Cent,,,1 Cent (Ohio Sales Tax Receipt),Yes,No,No,No
coin,Dollar,Five Cents,,,"25 Cents - Trolley Games (Salt Lake City, Utah)",Yes,No,No,No
coin,Dollar,Five Dollars,,,"5 Dollars ""American Gold Eagle"" (Bullion Coinage)",Yes,No,No,No
coin,Dollar,Ten Dollars,,,"10 Dollars ""American Gold Eagle"" (Bullion Coinage)",Yes,No,No,No
coin,Dollar,Five Dollars,,,"25 Dollars ""American Gold Eagle"" (Bullion Coinage)",Yes,No,No,No
coin,Dollar,Fifty Dollars,,,"50 Dollars ""American Gold Eagle"" (Bullion Coinage)",Yes,No,No,No
coin,Dollar,One Dime,,,"10 Cents - T. S. Reed and Son (Bertram, Texas)",Yes,No,No,No
coin,Dollar,One Dollar,,,1 Guam Dollar,Yes,No,No,No
coin,Dollar,One Cent,,,1 Cent (Ohio Sales Tax Receipt),Yes,No,No,No
coin,Dollar,Five Cents,,,"25 Cents - P. H. Luecke and Co. (Giddings, Texas)",Yes,No,No,No
coin,Dollar,One Cent,,,"1 Cent - Pay-Less Drug Store (San Antonio, Texas)",Yes,No,No,No
coin,Dollar,One Cent,,,1 Cent (Ohio Sales Tax Receipt),Yes,No,No,No
coin,Dollar,One Cent,,,1 Cent (Ohio Sales Tax Receipt),Yes,No,No,No
coin,Dollar,One Dollar,,,"1 Dollar - Luxor King Tutankhamun (Las Vegas, Nevada)",Yes,No,No,No
coin,Dollar,One Dollar,,,"1 Dollar - Luxor Sphinx (Las Vegas, Nevada)",Yes,No,No,No
coin,Dollar,Five Cents,,,"5 Cents - J. L. Wing (Nerstrand, Minnesota)",Yes,No,No,No
coin,Dollar,Five Cents,,,"5 Cents Package of Gum - Watling Fruit Gum Company (Chicago, Illinois)",Yes,No,No,No
coin,Dollar,Five Cents,,,"5 Cents - Silver Cup (Detroit, Michigan)",Yes,No,No,No
coin,Dollar,One Dollar,,,"1 Dollar - St. Paul Stamp Works (Saint Paul, Minnesota)",Yes,No,No,No
coin,Dollar,One Dime,,,"10 Cents - W.W. Higgins General Mechandise (Blue Hill, Nebraska)",Yes,No,No,No
coin,Half Dollar,Five Cents,,,25 Cents - Red Goose Shoes (Small Lettering),Yes,No,No,No
coin,Dollar,Two Cents,,,"2 Cents - Pay-Less Drug Store (San Antonio, Texas)",Yes,No,No,No
coin,Dollar,Five Cents,,,"15 Cents - H. T. B. Line (Beaver Falls, Pennsylvania)",Yes,No,No,No
coin,Dollar,One Dollar,,,"Good for 5¢ Package of Gum - Watling Fruit Gum Company (Chicago, IL)",Yes,No,No,No
coin,Dollar,Half Dollar,,,"50 Cents - The New River Company (Price Hill, West Virginia)",Yes,No,No,No
coin,Dollar,One Cent,,,"1 Cent - The New River Company (Prudence, West Virginia)",Yes,No,No,No
coin,Dollar,Five Cents,,,5 cents-Monogramme HDG,Yes,No,No,No
coin,Dollar,Five Cents,,,Good for 5 Cents in Trade-118,Yes,No,No,No
coin,Dollar,Five Cents,,,Good for 5 cents in Trade-B,Yes,No,No,No
coin,Dollar,Five Cents,,,5 Cents - A,Yes,No,No,No
coin,Dollar,One Cent,,,1 Cent - Cigarette Tax (New York),Yes,No,No,No
coin,Dollar,One Cent,,,1 Cent - Cigarette Tax (New York),Yes,No,No,No
coin,Dollar,One Cent,,,1 Cent (New York; Cigarette Tax),Yes,No,No,No
coin,Dollar,One Cent,,,1 Cent - Cigarette Tax (New York),Yes,No,No,No
coin,Dollar,Five Cents,,,Good for 5 cents in Trade-Electric Salesman,Yes,No,No,No
coin,Dollar,Five Cents,,,5 Cents - J.B.D.,Yes,No,No,No
coin,Dollar,Five Cents,,,"5 Cents - The No 43 Kalamazoo (Chicago, Illinois)",Yes,No,No,No
coin,Dollar,Five Cents,,,"5 Cents - The No 28 Kalamazoo (Chicago, Illinois)",Yes,No,No,No
coin,Dollar,Five Cents,,,"5 Cents (Beaver Club; Portland, Oregon)",Yes,No,No,No
coin,Dollar,One Dollar,,,Won Hung Loo’s,Yes,No,No,No
coin,Dollar,One Cent,,,"1 Cent - Chilton Block Coal Co. (Ethel, West Virginia)",Yes,No,No,No
coin,Dollar,One Dollar,,,"1 Dollar The New River Company (Skelton, West Virginia)",Yes,No,No,No
coin,Dollar,One Cent,,,"1 Cent - Lillybrook Coal Co. (Lillybrook, West Virginia)",Yes,No,No,No
coin,Dollar,One Cent,,,"1 Cent - The New River Company (Scarbro, West Virginia)",Yes,No,No,No
coin,Dollar,Five Cents,,,"25 Cents - Lamar Colliery Co. (Lamar, West Virginia)",Yes,No,No,No
coin,Dollar,One Cent,,,"1 Cent - Coal Run Coal Co. (Cunard, West Virginia)",Yes,No,No,No
coin,Dollar,Five Cents,,,"25 Cents - J. W. Hanson and Son (Queen Shoal, West Virginia)",Yes,No,No,No
coin,Dollar,One Cent,,,1 Cent (Tennessee Ammunition Tax),Yes,No,No,No
coin,Dollar,One Cent,,,1 Cent (Tennessee Ammunition Tax),Yes,No,No,No
coin,Dollar,One Dime,,,"10 Cents - Lanark Coals Inc. (Lanark, West Virginia)",Yes,No,No,No
coin,Dollar,Five Cents,,,"25 Cents - Soapy Suds (Fort Myers, Florida)",Yes,No,No,No
coin,Dollar,One Dollar,,,"1 Dollar - Baywash (Hazelwood, Missouri)",Yes,No,No,No
coin,Dollar,One Dollar,,,"1 Dollar - Baywash (Tampa, Florida)",Yes,No,No,No
coin,Dollar,Five Cents,,,"15 Cents - Tri-State Coach Corporation (Norton, Virginia)",Yes,No,No,No
coin,Dollar,One Cent,,,"1 Cent - C. H. Mead Coal Co. (East Gulf, West Virginia)",Yes,No,No,No
coin,Dollar,Five Cents,,,"5 Cents - Birch Mining Company (Birchton, West Virginia)",Yes,No,No,No
coin,Dollar,One Dollar,,,"Jeton - Ken Gerber (Ft. Wayne, Indiana)",Yes,No,No,No
coin,Dollar,One Cent,,,"1 Cent - Amigo Coal Company (Amigo, West Virginia)",Yes,No,No,No
coin,Dollar,Five Cents,,,Good for 15 cents in Merchandise - State Line Cafe,Yes,No,No,No
coin,Dollar,One Dollar,,,"1 Dollar - W.W. Higgins General Mechandise (Blue Hill, Nebraska)",Yes,No,No,No
coin,Dollar,One Cent,,,1 cent - laiton (Guerre civile),Yes,No,No,No
coin,Dollar,One Dime,,,"10 Cents - Joekel and Williams (Giddings, Texas)",Yes,No,No,No
coin,Half Dollar,Half Dollar,,,½ Dollar - Kalākaua I,Yes,No,No,No
coin,Quarter,Quarter Dollar,,,¼ Dollar - California Gold (Round),Yes,No,No,No
coin,Dollar,One Dime,,,"10 Cents - Canteen Fort Baker (Fort Baker, California)",Yes,No,No,No
coin,Dollar,One Cent,,,1 Cent (Ohio Sales Tax Receipt),Yes,No,No,No
coin,Dollar,One Cent,,,1 Cent (Florida; Liquor Tax),Yes,No,No,No
coin,Dollar,One Dollar,,,Hawaii (Centennial Dala),Yes,No,No,No
coin,Dollar,One Cent,,,1 Cent - Cigarette Tax (Maine),Yes,No,No,No
coin,Dollar,One Cent,,,1 Cent (Minnesota; Cigarette Tax),Yes,No,No,No
coin,Dollar,One Cent,,,1 Cent (North Dakota; Cigarette Tax),Yes,No,No,No
coin,Dollar,One Cent,,,1 Cent - Cigarette Tax (Kentucky),Yes,No,No,No
coin,Dollar,One Cent,,,1 Cent - Cigarette Tax (Kentucky),Yes,No,No,No
coin,Dollar,One Cent,,,1 Cent - Cigarette Tax (Kentucky),Yes,No,No,No
coin,Dollar,One Cent,,,1 Cent - Cigarette Tax (Kentucky),Yes,No,No,No
coin,Dollar,One Cent,,,1 Cent - Cigarette Tax (Kentucky),Yes,No,No,No
coin,Dollar,One Dollar,,,5 Ounces - Highland Mint (Morgan Dollar),Yes,No,No,No
coin,Dollar,One Cent,,,1 Cent (CCa Money),Yes,No,No,No
coin,Dollar,One Cent,,,1 Cent (School Money ☆☆☆☆),Yes,No,No,No
coin,Dollar,Five Cents,,,5 Cents - Henry Schacht,Yes,No,No,No
coin,Dollar,One Cent,,,1 Cent (Transparent),Yes,No,No,No
coin,Dollar,One Cent,,,1 Cent (C D Money),Yes,No,No,No
coin,Dollar,One Cent,,,1 Cent (Good Things),Yes,No,No,No
coin,Dollar,One Cent,,,1 Cent (In God We Trust),Yes,No,No,No
coin,Dollar,One Cent,,,"1 Cent (The New River Company Glen Jean, West Virginia)",Yes,No,No,No
coin,Dollar,One Dollar,,,Crypt Cash,Yes,No,No,No
coin,Dollar,Two Dollars,,,"2 Dollars (Silver Certificate; ""Educational Series"")",Yes,No,No,No
coin,Dollar,One Cent,,,1 Cent (Glenwood Institution),Yes,No,No,No
coin,Dollar,One Cent,,,1 Cent (Michigan State House of Corrections),Yes,No,No,No
coin,Dollar,One Cent,,,1 Cent (Nebraska State Penitentiary),Yes,No,No,No
coin,Dollar,One Cent,,,1 Cent - North Carolina Prison Dept.,Yes,No,No,No
coin,Dollar,One Cent,,,1 Cent (Brooklyn City Prison),Yes,No,No,No
coin,Dollar,One Cent,,,1 Cent (Hamilton County Jail),Yes,No,No,No
coin,Dollar,One Cent,,,1 Cent (Rhode Island - Behavioral Controls Incorporated),Yes,No,No,No
coin,Dollar,One Cent,,,"1 Cent (South Carolina, State Prison)",Yes,No,No,No
coin,Dollar,One Cent,,,1 Cent (Tennessee State Prison),Yes,No,No,No
coin,Dollar,One Cent,,,"1 Cent (Tennessee, Turney Centre)",Yes,No,No,No
coin,Dollar,One Cent,,,1 Cent (Wisconsin - Behavioral Controls Incorporated),Yes,No,No,No
coin,Dollar,One Cent,,,"1 Cent - Children's Village Seybert Institution (Philadelphia, Pennsylvania)",Yes,No,No,No
coin,Dollar,One Dollar,,,"7 Dollars (""Continental Currency"" - United Colonies)",Yes,No,No,No
coin,Dollar,One Cent,,,1 Cent (George Junior Republic),Yes,No,No,No
coin,Dollar,One Cent,,,1 Cent (Rhode Island - Behavioral Controls Incorporated),Yes,No,No,No
coin,Quarter,One Dollar,,,California fractional ¼,Yes,No,No,No
coin,Dollar,One Cent,,,1 Cent (George Junior Republic),Yes,No,No,No
coin,Dollar,One Cent,,,1 Cent (national Junior Republic),Yes,No,No,No
coin,Dollar,One Dollar,,,1 Play Coin Transogram,Yes,No,No,No
coin,Dollar,One Dollar,,,1 Play Coin Transogram,Yes,No,No,No
coin,Dollar,Twenty Dollars,,,20 Dollars (American Express Travelers Cheque),Yes,No,No,No
coin,Dollar,One Hundred Dollars,,,100 Dollars (American Express Travelers Cheque),Yes,No,No,No
coin,Dollar,One Dollar,,,1 Play Coin Transogram,Yes,No,No,No
coin,Dollar,One Dollar,,,1 Play Coin Transogram,Yes,No,No,No
coin,Dollar,Fifty Dollars,,,50 Dollars (American Express Travelers Cheque),Yes,No,No,No
coin,Dollar,One Dollar,,,1 Play Coin Transogram,Yes,No,No,No
coin,Dollar,One Dollar,,,1 Play Coin Transogram,Yes,No,No,No
coin,Dollar,One Hundred Dollars,,,100 Dollars,Yes,No,No,No
coin,Dollar,Twenty Dollars,,,20 Dollars (American Express Travelers Cheque),Yes,No,No,No
coin,Quarter,One Dollar,,,NORFED Liberty Dollar - 5 Dollars,Yes,No,No,No
coin,Dollar,Fifty Dollars,,,50 Dollars Fantasy Note (Barak Obama),Yes,No,No,No
coin,Dollar,One Dollar,,,25 Trade Dollars (Aleutian Islands),Yes,No,No,No
coin,Dollar,One Cent,,,1 Cent (Leapfrog),Yes,No,No,No
coin,Dollar,Twenty Dollars,,,20 Dollars (American Express Travelers Cheque),Yes,No,No,No
coin,Dollar,One Cent,,,1 Cent - Play Coin (Pilgrim),Yes,No,No,No
coin,Dollar,Fifty Dollars,,,50 Dollars (American Express Travelers Cheque),Yes,No,No,No
coin,Dollar,Twenty Dollars,,,20 Dollars (American Express Travelers Cheque),Yes,No,No,No
coin,Dollar,One Hundred Dollars,,,100 Dollars (American Express Travelers Cheque),Yes,No,No,No
coin,Dollar,One Hundred Dollars,,,100 Dollars (American Express Travelers Cheque),Yes,No,No,No
coin,Dollar,One Hundred Dollars,,,100 Dollars (American Express Travelers Cheque),Yes,No,No,No
coin,Dollar,One Cent,,,"1 penny - Evening Star Chapter No. 225 (Brooklyn, New York)",Yes,No,No,No
coin,Dollar,One Dime,,,"10 Cents - Anchorage City Transit System (Anchorage, Alaska)",Yes,No,No,No
coin,Dollar,One Hundred Dollars,,,100 Dollars (1st issue),Yes,No,No,No
coin,Dollar,Ten Dollars,,,10 Dollars (Bank of Louisiana),Yes,No,No,No
coin,Dollar,Twenty Dollars,,,20 Dollars (State of Louisiana),Yes,No,No,No
coin,Dollar,Two Dollars,,,"2 Dollars (""Greenback"")",Yes,No,No,No
coin,Dollar,One Dollar,,,"1 Dollar (Treasury Note - ""Coin Note"")",Yes,No,No,No
coin,Dollar,One Dollar,,,"1 Dollar - Luster Car Washes (Aurora, Colorado)",Yes,No,No,No
coin,Dollar,Five Cents,,,"25 Cents - Dixmor Carwashes (Littleton, Colorado)",Yes,No,No,No
coin,Dollar,One Dollar,,,14.99 Dollar - Reader's Digest Pegasus,Yes,No,No,No
coin,Dollar,One Dollar,,,Challenge Coin - IndieLand 2021,Yes,No,No,No
coin,Dollar,One Dollar,,,1 Ounce - Morgan Dollar,Yes,No,No,No
coin,Dollar,Twenty Dollars,,,20 Dollars (Florida),Yes,No,No,No
coin,Dollar,Twenty Dollars,,,20 Dollars (Michigan),Yes,No,No,No
coin,Dollar,Five Cents,,,5 Cents - Juke Box,Yes,No,No,No
coin,Dollar,Five Cents,,,"5 Cents - All Quality Mints (Pocatello, Idaho)",Yes,No,No,No
coin,Dollar,One Cent,,,1 Cent (School Money),Yes,No,No,No
coin,Dollar,One Cent,,,1 Cent (Play),Yes,No,No,No
coin,Dollar,Five Cents,,,25 Cents - Holland-America Cruise Line,Yes,No,No,No
coin,Dollar,Five Cents,,,"5 Cents - Mason City and Clear Lake Traction Co. (Mason City, Iowa)",Yes,No,No,No
coin,Dollar,One Hundred Dollars,,,100 Dollars,Yes,No,No,No
coin,Dollar,Half Cent,,,"2½ Cent - Theo. G. Mueller (Madison, Wisconsin)",Yes,No,No,No
coin,Dollar,Five Cents,,,"5 Cents - Flom's Theater (Madison, Wisconsin)",Yes,No,No,No
coin,Dollar,Five Cents,,,5 Cents - 31519,Yes,No,No,No
coin,Dollar,Five Dollars,,,5 Dollars,Yes,No,No,No
coin,Dollar,Five Cents,,,"25 Cents - W.S. Lamkin (Cameron, Texas)",Yes,No,No,No
coin,Dollar,One Cent,,,"1 Cent - Sessions Lumber and Supply Company (Arp, Texas)",Yes,No,No,No
coin,Dollar,Half Dollar,,,"50 Cents - Black Diamond Coal Mining Company (Birmingham, Alabama)",Yes,No,No,No
coin,Dollar,Five Cents,,,25 Cents - D. Bacigalupi,Yes,No,No,No
coin,Half Dollar,Half Dime,,,"½ Dime ""Seated Liberty Half Dime"" (reduced weight)",Yes,No,No,No
coin,Dollar,One Dime,,,"10 Cents - Scottys Cigar Store (Turlock, California)",Yes,No,No,No
coin,Dollar,Two Dollars,,,2 Dollars (Franklin Bank - Massachusetts),Yes,No,No,No
coin,Dollar,Five Cents,,,25 Cents (Military Payment Certificate),Yes,No,No,No
coin,Dollar,Ten Dollars,,,10 Dollars (Military Payment Certificate),Yes,No,No,No
coin,Dollar,One Dollar,,,1 Dollar (Military Payment Certificate),Yes,No,No,No
coin,Dollar,One Hundred Dollars,,,"100 Dollars ""American Platinum Eagle"" (Bullion Coinage)",Yes,No,No,No
coin,Dollar,One Dollar,,,"1 Dollar ""Draped Bust Dollar"" (Heraldic Eagle)",Yes,No,No,No
coin,Dollar,Half Dollar,,,50 Cents (Military Payment Certificate),Yes,No,No,No
coin,Dollar,One Dollar,,,1 Dollar (Military Payment Certificate),Yes,No,No,No
coin,Dollar,One Dollar,,,1 Dollar (Military Payment Certificate),Yes,No,No,No
coin,Dollar,One Cent,,,"1 Penny - GV (Greensboro, North Carolina)",Yes,No,No,No
coin,Quarter,Quarter Dollar,,,"¼ Dollar ""Washington Quarter"" (Maya Angelou)",Yes,No,No,No
coin,Quarter,Quarter Dollar,,,"¼ Dollar ""Washington Quarter"" (Dr. Sally Ride)",Yes,No,No,No
coin,Quarter,Quarter Dollar,,,"¼ Dollar ""Washington Quarter"" (Wilma Mankiller)",Yes,No,No,No
coin,Quarter,Quarter Dollar,,,"¼ Dollar ""Washington Quarter"" (Nina Otero-Warren)",Yes,No,No,No
coin,Quarter,Quarter Dollar,,,"¼ Dollar ""Washington Quarter"" (Anna May Wong)",Yes,No,No,No
coin,Dollar,One Cent,,,"1 Penny - Ft. Worth Chapter No. 58 R. A.M. (Fort Worth, Texas)",Yes,No,No,No
coin,Dollar,Five Dollars,,,"5 Dollars (Silver Certificate - ""Indian Chief Note"")",Yes,No,No,No
coin,Dollar,Half Dollar,,,50 Cents (Military Payment Certificate),Yes,No,No,No
coin,Dollar,Five Dollars,,,5 Dollars (Military Payment Certificate),Yes,No,No,No
coin,Dollar,One Dime,,,"1 Dime ""Seated Liberty Dime"" (reduced weight)",Yes,No,No,No
coin,Dollar,Five Cents,,,"55 Cents - Tri-State Coach Corporation (Norton, Virginia)",Yes,No,No,No
coin,Dollar,Five Dollars,,,5 Dollars (Military Payment Certificate),Yes,No,No,No
coin,Dollar,Five Cents,,,25 Cents - Video Vibes,Yes,No,No,No
coin,Dollar,Twenty Dollars,,,20 Dollars (Military Payment Certificate),Yes,No,No,No
coin,Dollar,Five Cents,,,"25 Cents - Grand Victoria (Elgin, Illinois)",Yes,No,No,No
coin,Half Dollar,Half Dollar,,,"½ Dollar ""Seated Liberty Half Dollar"" (without date arrows; with drapery)",Yes,No,No,No
coin,Dollar,One Dime,,,10 Cents - Sambo's Restaurants,Yes,No,No,No
coin,Dollar,One Dime,,,10 Cents - Sambo's Restaurants,Yes,No,No,No
coin,Dollar,One Dime,,,"10 Cents - Sambo's Restaurants (St. Cloud, Minnesota)",Yes,No,No,No
coin,Dollar,One Dime,,,10 Cents - Sambo's Restaurants,Yes,No,No,No
coin,Dollar,One Dime,,,"10 Cents - Sambo's Restaurants (St. Cloud, Minnesota)",Yes,No,No,No
coin,Dollar,Five Cents,,,"5 Cents (""Fractional Currency"" - 3rd series)",Yes,No,No,No
coin,Dollar,One Dime,,,"10 Cents (""Fractional Currency"" - 2nd issue)",Yes,No,No,No
coin,Dollar,Ten Dollars,,,10 Dollars (Military Payment Certificate),Yes,No,No,No
coin,Quarter,Quarter Dollar,,,"¼ Dollar ""Washington Quarter"" (Anna May Wong)",Yes,No,No,No
coin,Quarter,Quarter Dollar,,,"¼ Dollar ""Washington Quarter"" (Dr. Sally Ride)",Yes,No,No,No
coin,Quarter,Quarter Dollar,,,"¼ Dollar ""Washington Quarter"" (Maya Angelou)",Yes,No,No,No
coin,Quarter,Quarter Dollar,,,"¼ Dollar ""Washington Quarter"" (Nina Otero-Warren)",Yes,No,No,No
coin,Quarter,Quarter Dollar,,,"¼ Dollar ""Washington Quarter"" (Wilma Mankiller)",Yes,No,No,No
coin,Dollar,One Dime,,,10 Cents (Military Payment Certificate),Yes,No,No,No
coin,Dollar,One Dollar,,,1 Dollar (Military Payment Certificate),Yes,No,No,No
coin,Dollar,Five Cents,,,"5 Cents - Sonny's Service (Joliet, Illinois)",Yes,No,No,No
coin,Dollar,Five Cents,,,"5 Cents - Mallatt's Pharmacy (Madison, Wisconsin)",Yes,No,No,No
coin,Dollar,Five Cents,,,"5 Cents (Guernsey County, Ohio)",Yes,No,No,No
coin,Dollar,Five Cents,,,"25 Cents - Amigo Smokeless Coal Co. (Amigo, West Virginia)",Yes,No,No,No
coin,Dollar,Two and a Half Dollars,,,"2½ Dollars - MP's Town Tap (Columbus, Wisconsin)",Yes,No,No,No
coin,Dollar,Half Dollar,,,"4½ Dollars - MP's Town Tap (Columbus, Wisconsin)",Yes,No,No,No
coin,Dollar,Five Cents,,,"25 Cents - Logan County Coal Corporation (Lundale, West Virginia)",Yes,No,No,No
coin,Dollar,Five Cents,,,"5 Cents - Imperial Smokeless Coal Co. (Quinwood, West Virginia)",Yes,No,No,No
coin,Quarter,Quarter Dollar,,,"¼ Dollar ""Seated Liberty Quarter"" (without motto, reduced weight)",Yes,No,No,No
coin,Half Dollar,Five Dollars,,,5 Dollars (Negro Leagues Baseball),Yes,No,No,No
coin,Dollar,One Dollar,,,1 Dollar (Negro Leagues Baseball),Yes,No,No,No
coin,Half Dollar,Half Dollar,,,½ Dollar (Negro Leagues Baseball),Yes,No,No,No
coin,Dollar,One Dime,,,10 Cents - C. Wiede and Son,Yes,No,No,No
coin,Quarter,Quarter Dollar,,,"¼ Dollar ""Washington Quarter"" (Pennsylvania; Pattern)",Yes,No,No,No
coin,Half Dollar,Ten Dollars,,,10 Dollars - Cactus Petes Casino,Yes,No,No,No
coin,Dollar,One Dollar,,,"1 Dollar ""Susan B. Anthony Dollar"" (Pattern)",Yes,No,No,No
coin,Quarter,Quarter Dollar,,,"¼ Dollar ""Washington Quarter"" (Georgia; Pattern)",Yes,No,No,No
coin,Quarter,Quarter Dollar,,,"¼ Dollar ""Washington Quarter"" (Weir Farm National Historic Site, Connecticut - Silver 5 oz Bullion)",Yes,No,No,No
coin,Dollar,One Dollar,,,1 Dollar - Bank of Quincy,Yes,No,No,No
coin,Dollar,One Dollar,,,1 Dollar - Bank of Montgomery County (Pennsylvania),Yes,No,No,No
coin,Dollar,One Dollar,,,1 Dollar - Bank of De Soto,Yes,No,No,No
coin,Dollar,Two Dollars,,,2 Dollars - The Sanford Bank (Maine),Yes,No,No,No
coin,Quarter,Quarter Dollar,,,"¼ Dollar ""Seated Liberty Quarter"" (with motto, increased weight)",Yes,No,No,No
coin,Dollar,Half Dollar,,,"50 Cents (""Fractional Currency"" - 4th issue)",Yes,No,No,No
coin,Dollar,One Dime,,,10 cent - Business Enterprise Program (California),Yes,No,No,No
coin,Dollar,One Dollar,,,"Wooden Dollar - Collins Coins and Stamps (Schofield, Wisconsin)",Yes,No,No,No
coin,Dollar,One Dollar,,,"1 Dollar ""Native American Dollar"" (Ely Samuel Parker)",Yes,No,No,No
coin,Dollar,One Cent,,,"1 Cent - Bruce Resort (Siren, Wisconsin)",Yes,No,No,No
coin,Half Dollar,Half Dollar,,,"50 Cents - Florine's Antiques (Arnolds Park, Iowa)",Yes,No,No,No
coin,Quarter,Quarter Dollar,,,"Lucky Wooden Quarter - Old Barn Antiques (Memphis, Tennessee)",Yes,No,No,No
coin,Dollar,Five Cents,,,"5 Cents - Dario's Italian Village (Harker Heights, Texas)",Yes,No,No,No
coin,Dollar,One Dime,,,"10 Cents - Lincoln County, Wisconsin",Yes,No,No,No
coin,Dollar,One Dime,,,"1 Dime ""Seated Liberty Dime"" (without stars, increased weight)",Yes,No,No,No
coin,Dollar,Ten Dollars,,,"10 Dollars - Touring Lake Camelot (Lake Camelot, Wisconsin)",Yes,No,No,No
coin,Dollar,Five Cents,,,"5 Cents - Cajun Coinival (Lafayette, Louisiana)",Yes,No,No,No
coin,Quarter,Quarter Dollar,,,"¼ Dollar ""Head Quarter"" (Alaska)",Yes,No,No,No
coin,Dollar,Five Cents,,,"25 Cents - Indian Creek Coal Company (Indian Creek, Tennessee)",Yes,No,No,No
coin,Dollar,Five Cents,,,"25 Cents - Wolters Bros. Co. (Shiner, Texas)",Yes,No,No,No
coin,Dollar,One Dollar,,,1 Dollar (Military Payment Certificate),Yes,No,No,No
coin,Dollar,One Cent,,,1 Cent - Trup's Super Market,Yes,No,No,No
coin,Dollar,One Cent,,,1 Cent - Schwegmann Bros. Giant Super Markets,Yes,No,No,No
coin,Dollar,Five Dollars,,,5 Dollars (State of Louisiana),Yes,No,No,No
coin,Dollar,Ten Dollars,,,10 Dollars (Gold Certificate),Yes,No,No,No
coin,Dollar,Five Cents,,,"5 Cents - Forsythe's (Centralia, Washington)",Yes,No,No,No
coin,Dollar,One Cent,,,"1 Cent - Mead Smokeless Coal Co. (Vanwood, West Virginia)",Yes,No,No,No
coin,Dollar,One Dollar,,,1 Dollar (State of North Carolina),Yes,No,No,No
coin,Quarter,Quarter Dollar,,,"¼ Dollar ""Washington Quarter"" (Delaware; Pattern)",Yes,No,No,No
coin,Quarter,Quarter Dollar,,,"¼ Dollar ""Washington Quarter"" (New Jersey; Pattern)",Yes,No,No,No
coin,Quarter,Quarter Dollar,,,"¼ Dollar ""Washington Quarter"" (Connecticut; Pattern)",Yes,No,No,No
coin,Dollar,One Dollar,,,"1 Dollar - Planet Hollywood (Las Vegas, Nevada)",Yes,No,No,No
coin,Dollar,One Dollar,,,"1 Dollar - Ceasars Palace (Las Vegas, Nevada)",Yes,No,No,No
coin,Dollar,One Dollar,,,"1 Dollar - Bill's Gambling Hall and Saloo (Las Vegas, Nevada)",Yes,No,No,No
coin,Dollar,One Dollar,,,"1 Dollar - Orleans (Las Vegas, Nevada)",Yes,No,No,No
coin,Dollar,One Dollar,,,"1 Dollar - Casino Royale and Hotel (Las Vegas, Nevada)",Yes,No,No,No
coin,Dollar,One Dollar,,,"1 Dollar - Wynn (Las Vegas, Nevada)",Yes,No,No,No
coin,Dollar,One Dollar,,,"1 Dollar ""American Silver Eagle""",Yes,No,No,No
coin,Dollar,One Dollar,,,1 Space Dollar - Galaxy World,Yes,No,No,No
coin,Dollar,One Dime,,,"10 Cents - Pacific Cafe (Sedalia, Missouri)",Yes,No,No,No
coin,Dollar,One Dollar,,,"1 Dollar - Christian Colliery Co. (Mahan, West Virginia)",Yes,No,No,No
coin,Dollar,One Dollar,,,1 Dollar (American Innovation - Rhode Island),Yes,No,No,No
coin,Dollar,One Dollar,,,1 Dollar (American Innovation - Vermont),Yes,No,No,No
coin,Dollar,One Dollar,,,1 Dollar (American Innovation - Kentucky),Yes,No,No,No
coin,Dollar,One Dollar,,,1 Dollar (American Innovation - Tennessee),Yes,No,No,No
coin,Dollar,Two Dollars,,,"2 Dollars (United States Treasury; ""Rainbow Note"")",Yes,No,No,No
coin,Dollar,One Dollar,,,Engraved scene - lady and Knight,Yes,No,No,No
coin,Dollar,Five Dollars,,,"5 Dollars (Citizens' Bank of Louisiana, New-Orleans; Bilingual)",Yes,No,No,No
coin,Dollar,Ten Dollars,,,10 Dollars - Oregon Exchange Company,Yes,No,No,No
coin,Dollar,One Dollar,,,5 Disney Dollars,Yes,No,No,No
coin,Dollar,One Dollar,,,10 Disney Dollars,Yes,No,No,No
coin,Dollar,Five Cents,,,25 Cents (Northborough Bank),Yes,No,No,No
coin,Dollar,One Dollar,,,Gold Rarities of the 21st Century (John F. Kennedy),Yes,No,No,No
coin,Dollar,Ten Dollars,,,10 Dollars (Franklin Bank - Massachusetts),Yes,No,No,No
coin,Quarter,Quarter Dollar,,,"¼ Dollar ""Washington Quarter"" (Great Basin National Park - Silver 5 oz. Bullion)",Yes,No,No,No
coin,Dollar,One Dollar,,,1 Goldback (Utah),Yes,No,No,No
coin,Dollar,One Dollar,,,1 Goldback (Nevada),Yes,No,No,No
coin,Dollar,One Dollar,,,1 Goldback (New Hampshire),Yes,No,No,No
coin,Dollar,One Dollar,,,"1 Dollar - The Star Casino (New Orleans, Louisiana)",Yes,No,No,No
coin,Dollar,One Dollar,,,Tiffany Money,Yes,No,No,No
coin,Dollar,One Hundred Dollars,,,"100 Dollars ""American Platinum Eagle"" (Bullion Coinage)",Yes,No,No,No
coin,Half Dollar,Half Dollar,,,½ Dollar (National Purple Heart Hall of Honor),Yes,No,No,No
coin,Half Dollar,One Dollar,,,1 Dollar (National Purple Heart Hall of Honor),Yes,No,No,No
coin,Half Dollar,Five Dollars,,,5 Dollars (National Purple Heart Hall of Honor),Yes,No,No,No
coin,Dollar,Half Cent,,,"12½ Cents - The Fan, Louie Grant (Salinas California)",Yes,No,No,No
coin,Dollar,One Cent,,,1 Cent - Schwegmann Bros. Giant Super Markets,Yes,No,No,No
coin,Dollar,One Cent,,,"1 Cent - Schwegmann Bros. Giant Super Markets (New Orleans, Louisiana)",Yes,No,No,No
coin,Dollar,Five Cents,,,5 Cents - Schwegmann Bros. Giant Super Markets,Yes,No,No,No
coin,Dollar,Five Cents,,,25 Cents - Schwegmann Bros. Giant Super Markets,Yes,No,No,No
coin,Dollar,One Cent,,,1 Cent Jersey Gold Creameries Dairy Milk Coupon,Yes,No,No,No
coin,Dollar,One Hundred Dollars,,,$100 Motion Picture Prop Note,Yes,No,No,No
coin,Quarter,Quarter Dollar,,,"Space Needle, Seattle (Quarter)",Yes,No,No,No
coin,Dollar,Five Cents,,,"25 Cents - Dotson and Self Pool Card Room (Buena Park, California)",Yes,No,No,No
coin,Dollar,One Dollar,,,1 Ounce - 10 Dollars (NORFED Liberty Dollar),Yes,No,No,No
coin,Dollar,Two Dollars,,,2 Dollar (Confederate States Loan),Yes,No,No,No
coin,Dollar,One Dollar,,,Stephen Album Rare Coins,Yes,No,No,No
coin,Dollar,One Dollar,,,"1 Dollar California Territorial Gold ""Octagonal Liberty Head""",Yes,No,No,No
coin,Dollar,Five Cents,,,25 Cents (Military Payment Certificate),Yes,No,No,No
coin,Dollar,One Dollar,,,"1 Dollar - Stardust Hotel (Las Vegas, Nevada)",Yes,No,No,No
coin,Dollar,Five Cents,,,"5 Cents - Chas. Plageman (Ovid, Colorado)",Yes,No,No,No
coin,Dollar,One Dollar,,,The Octoroon,Yes,No,No,No
coin,Dollar,Five Cents,,,"25 Cents - Sofspra W. Colfax at Tabor (Lakewood, Colorado)",Yes,No,No,No
coin,Dollar,One Dollar,,,"1 Dollar - Scrubby's (Louisville, Kentucky)",Yes,No,No,No
coin,Dollar,One Hundred Dollars,,,"100 Dollars - Soccer (Las Vegas, Nevada)",Yes,No,No,No
coin,Dollar,Half Dollar,,,50 Cents - Brooks and Bro.,Yes,No,No,No
coin,Dollar,Five Cents,,,25 Cents - Chuck E. Cheese Pizza Time Theatre (1981 3D Rat),Yes,No,No,No
coin,Dollar,One Cent,,,1 Cent (Arizona Liquor Tax),Yes,No,No,No
coin,Dollar,One Cent,,,1 Cent (Arizona Liquor Tax),Yes,No,No,No
coin,Dollar,Five Cents,,,"25 Cents - Sofspra A-R-A 1641 Broadway (Redwood City, California)",Yes,No,No,No
coin,Dollar,Five Cents,,,"5 Cents - Lexington Railway System City Bus (Lexington, Kentucky)",Yes,No,No,No
coin,Dollar,One Dollar,,,5 Goldbacks (Utah),Yes,No,No,No
coin,Dollar,One Dollar,,,10 Goldbacks (Utah),Yes,No,No,No
coin,Quarter,One Dollar,,,1 Fare - The Lincoln Traction Co.,Yes,No,No,No
coin,Dollar,One Cent,,,1 Cent - Cigarette Tax (Connecticut),Yes,No,No,No
coin,Dollar,One Cent,,,"1 Cent - Cigarette Tax, Specimen (Delaware)",Yes,No,No,No
coin,Dollar,One Cent,,,1 Cent (Iowa; Cigarette Tax),Yes,No,No,No
coin,Dollar,One Cent,,,1 Cent (Iowa; Cigarette Tax),Yes,No,No,No
coin,Dollar,One Cent,,,1 Cent (Iowa; Cigarette Tax),Yes,No,No,No
coin,Dollar,One Dollar,,,"1 Dollar - Bavarian Inn (Frankenmuth, Michigan)",Yes,No,No,No
coin,Dollar,One Cent,,,1 Cent (Allison's Credit Coupon Cheque; Indiana),Yes,No,No,No
coin,Dollar,One Cent,,,1 Cent (Iowa; Cigarette Tax),Yes,No,No,No
coin,Dollar,Fifty Dollars,,,50 Dollars (Playboy Casino Scrip),Yes,No,No,No
coin,Dollar,One Dollar,,,50 Dala (Hawaiian Kingdom),Yes,No,No,No
coin,Dollar,One Dollar,,,2 Ounces - Golden State Mint (Morgan Dollar),Yes,No,No,No
coin,Dollar,One Dollar,,,5 Ounces - Golden State Mint (Morgan Dollar),Yes,No,No,No
coin,Half Dollar,One Dollar,,,½ Ounce - Golden State Mint (Morgan Dollar),Yes,No,No,No
coin,Dollar,One Dollar,,,2 Ounces - Golden State Mint (Morgan Dollar),Yes,No,No,No
coin,Dollar,One Dollar,,,5 Ounces - Golden State Mint (Morgan Dollar),Yes,No,No,No
coin,Dollar,One Cent,,,1 Cent - Nixon Penny,Yes,No,No,No
coin,Dollar,Five Cents,,,"5 Cents - M.J.K. (Tyler, Minnesota)",Yes,No,No,No
coin,Dollar,Five Cents,,,"5 Cent - Penn Fruit (Philadelphia, Pennsylvania)",Yes,No,No,No
coin,Dollar,One Dime,,,"10 Cents - The New River Company (Stanaford, West Virginia)",Yes,No,No,No
coin,Dollar,Half Dollar,,,"50 Cents - The New River Company (Stanaford, West Virginia)",Yes,No,No,No
coin,Dollar,Five Cents,,,"5 Cents - H.C. Prange Co. (Sheboygan, Wisconsin)",Yes,No,No,No
coin,Dollar,One Cent,,,"1 Cent - H.C. Prange Co. (Sheboygan, Wisconsin)",Yes,No,No,No
coin,Dollar,One Cent,,,"1 Cent - Kessler's (Aberdeen, South Dakota)",Yes,No,No,No
coin,Dollar,1 Mill,,,1 Mill - Consumer's Tax Check - Old Age Pensions (Oklahoma),Yes,No,No,No
coin,Dollar,One Cent,,,"1 Cent - Giant Food (Landover, Maryland)",Yes,No,No,No
coin,Dollar,Five Cents,,,"5 Cents - Giant Food (Landover, Maryland)",Yes,No,No,No
coin,Dollar,Five Cents,,,"25 Cents - Giant Food (Landover, Maryland)",Yes,No,No,No
coin,Dollar,Five Dollars,,,5 Dollars (Federal Reserve Note; small portrait; with security thread),Yes,No,No,No
coin,Dollar,Ten Dollars,,,10 Dollars (Federal Reserve Note; small portrait; with security thread),Yes,No,No,No
coin,Dollar,Twenty Dollars,,,20 Dollars (Federal Reserve Note; small portrait; with security thread),Yes,No,No,No
coin,Dollar,Five Cents,,,"5 Cents - Russell's Food Store (Milwaukee, Wisconsin)",Yes,No,No,No
coin,Dollar,Five Cents,,,"25 Cents - Russell's Food Store (Milwaukee, Wisconsin)",Yes,No,No,No
coin,Dollar,Five Dollars,,,5 Dollars - Shangri-la Island Oasis,Yes,No,No,No
coin,Dollar,One Dollar,,,1 Dollar (Experimental Substrate),Yes,No,No,No
coin,Dollar,Five Cents,,,"5 Cents - Jim & Dean's (Council Bluffs, Iowa)",Yes,No,No,No
coin,Dollar,One Dime,,,"10 Cents - Jim & Dean's (Council Bluffs, Iowa)",Yes,No,No,No
coin,Dollar,Five Cents,,,"25 Cents - Jim & Dean's (Council Bluffs, Iowa)",Yes,No,No,No
coin,Dollar,One Dollar,,,"Finnish Socialist Club, Astoria Oregon",Yes,No,No,No
coin,Dollar,One Cent,,,"1 Cent - Dominick's Finer Foods (Chicago, Illinois)",Yes,No,No,No
coin,Dollar,Five Cents,,,5 Cents - Dominick's Finer Foods,Yes,No,No,No
coin,Dollar,Five Cents,,,25 Cents - Dominick's Finer Foods,Yes,No,No,No
coin,Dollar,One Cent,,,1 Cent - Food Stamp Credit (Tops All Foods),Yes,No,No,No
coin,Dollar,Five Cents,,,5 Cents - Food Stamp Credit (Tops All Foods),Yes,No,No,No
coin,Dollar,One Dime,,,10 Cents - Food Stamp Credit (Tops All Foods),Yes,No,No,No
coin,Dollar,Five Cents,,,25 Cents - Food Stamp Credit (Tops All Foods),Yes,No,No,No
coin,Dollar,One Cent,,,1 Cent - Food Stamp Scrip (Grand Union / Grand Way Store),Yes,No,No,No
coin,Dollar,Five Cents,,,5 Cents - Food Stamp Scrip Grand Union / Grand Way Store,Yes,No,No,No
coin,Dollar,One Dime,,,10 Cents - Food Stamp Scrip (Grand Union / Grand Way Store),Yes,No,No,No
coin,Quarter,One Dollar,,,¼ Ounce - Golden State Mint (Incuse Indian Head),Yes,No,No,No
coin,Dollar,One Dollar,,,Variable Cent - Food Stamp Scrip (Allied Supermarkets Inc.),Yes,No,No,No
coin,Dollar,One Dollar,,,Variable Cent - Food Stamp Scrip (Super Dollar Market),Yes,No,No,No
coin,Dollar,Five Cents,,,15 Cents - Food Stamp Scrip (Family Thrift Center),Yes,No,No,No
coin,Dollar,One Dollar,,,"Variable Cent - Piggly Wiggly (Charleston, South Carolina)",Yes,No,No,No
coin,Dollar,One Dollar,,,Variable Cent - Food Stamp Scrip,Yes,No,No,No
coin,Dollar,One Cent,,,1 Cent - Food Stamp Scrip (Goldfine's Foods),Yes,No,No,No
coin,Dollar,One Cent,,,"1 Cent - Food Stamp Scrip (La Casa Del Pueblo, Inc.)",Yes,No,No,No
coin,Dollar,Five Cents,,,5 Cents - Food Stamp Scrip (Red Owl Stores Inc.),Yes,No,No,No
coin,Dollar,One Cent,,,"1 Cent - Eagle Discount Supermarkets (Milan, Illinois)",Yes,No,No,No
coin,Dollar,Five Cents,,,5 Cents - Food Stamp Coupon (Eagle Discount Supermarkets),Yes,No,No,No
coin,Dollar,One Dime,,,10 Cents - Food Stamp Coupon (Eagle Discount Supermarkets),Yes,No,No,No
coin,Dollar,One Cent,,,1 Cent - Food Stamp Scrip (Acme Click),Yes,No,No,No
coin,Dollar,Five Cents,,,5 Cents - Food Stamp Scrip (Acme Click),Yes,No,No,No
coin,Dollar,Five Cents,,,25 Cents - Food Stamp Scrip (Acme Click),Yes,No,No,No
coin,Dollar,One Cent,,,1 Cent - Safeway Stores (Arizona),Yes,No,No,No
coin,Dollar,Five Cents,,,5 Cents - Type 1 - Food Stamp Scrip (Safeway Stores),Yes,No,No,No
coin,Dollar,One Dime,,,10 Cents - Type 1 - Food Stamp Scrip (Safeway Stores),Yes,No,No,No
coin,Dollar,One Cent,,,"1 Cent - Safeway Stores (Phoenix, Arizona)",Yes,No,No,No
coin,Dollar,One Dime,,,10 Cents - Type 2 -Food Stamp Scrip (Safeway Stores),Yes,No,No,No
coin,Dollar,Half Dollar,,,50 Cents - Type 2 -Food Stamp Scrip (Safeway Stores),Yes,No,No,No
coin,Dollar,Ten Dollars,,,10 Dollars - NASA (Meatball),Yes,No,No,No
coin,Dollar,Ten Dollars,,,10 Dollars - NASA (Worm),Yes,No,No,No
coin,Dollar,One Cent,,,1 Cent - Food Stamp Scrip (Harlem River Co-op),Yes,No,No,No
coin,Dollar,Five Cents,,,5 Cents - Food Stamp Scrip (Harlem River Co-op),Yes,No,No,No
coin,Dollar,One Cent,,,1 Cent - Food Stamp Scrip (Homestead Meat Co. Inc.),Yes,No,No,No
coin,Dollar,Five Cents,,,5 Cents - Food Stamp Scrip (Homestead Meat Co. Inc.),Yes,No,No,No
coin,Dollar,Five Cents,,,25 Cents - Food Stamp Scrip (Homestead Meat Co. Inc.),Yes,No,No,No
coin,Dollar,One Dollar,,,Silvers clothiers,Yes,No,No,No
coin,Dollar,One Dollar,,,40 Dollars (Confederate Loan),Yes,No,No,No
coin,Dollar,One Cent,,,1 Cent - Food Stramp Scrip (Cloquet Shopping Center),Yes,No,No,No
coin,Dollar,One Cent,,,"1 Cent - IGA Marts (Pittsburg, Kansas)",Yes,No,No,No
coin,Dollar,One Cent,,,1 Cent - Food Stamp Scrip (J and B Certified),Yes,No,No,No
coin,Dollar,One Dime,,,10 Cents - Food Stamp Scrip (El Cambio),Yes,No,No,No
coin,Dollar,Five Cents,,,5 Cents - Food Stamp Scrip (El Cambio),Yes,No,No,No
coin,Dollar,One Cent,,,"1 Cent - El Cambio (Albuquerque, New Mexico)",Yes,No,No,No
coin,Dollar,One Dime,,,"10 Cents - Home Bakery (Du Quoin, Illinois)",Yes,No,No,No
coin,Dollar,One Cent,,,1 Cent - Food Stamp Scrip (Boyds Super Market),Yes,No,No,No
coin,Dollar,One Cent,,,"1 Cent - Miller's Fairway Foods (Jamestown, North Dakota)",Yes,No,No,No
coin,Dollar,One Cent,,,1 Cent - Food Stamp Scrip (Foodway),Yes,No,No,No
coin,Dollar,One Cent,,,"1 Cent - Red Owl Stores Inc. (Hopkins, Minnesota)",Yes,No,No,No
coin,Dollar,One Cent,,,1 Cent - Food Stamp Scrip (Twin Ports Grocery Co.),Yes,No,No,No
coin,Dollar,One Cent,,,1 Cent - Food Stamp Scrip (Big V Super Markets),Yes,No,No,No
coin,Dollar,Half Dollar,,,"50 Cents - Littell Mercantile (Littell, WA)",Yes,No,No,No
coin,Dollar,One Cent,,,"1 Cent - Lakewood Foods (Chicago, Illinois)",Yes,No,No,No
coin,Dollar,One Cent,,,1 Cent - Food Stamp Scrip (Giant Super Mart),Yes,No,No,No
coin,Dollar,One Cent,,,1 Cent - Food Stamp Scrip (Kwik Food and Liquor Mart),Yes,No,No,No
coin,Dollar,One Cent,,,1 Cent - Food Stamp Scrip (Harvey Lewis Grocery),Yes,No,No,No
coin,Dollar,One Cent,,,"1 Cent - Food Giant (Los Angeles, California)",Yes,No,No,No
coin,Dollar,One Cent,,,1 Cent - Food Stamp Scrip (Penny's Super Markets),Yes,No,No,No
coin,Dollar,One Dollar,,,8 Dollars (Governator),Yes,No,No,No
coin,Dollar,One Cent,,,1 Cent - Food Stamp Scrip (Save More Food Center),Yes,No,No,No
coin,Dollar,One Cent,,,1 Cent - Food Stamp Scrip (Joe's Royal Blue),Yes,No,No,No
coin,Dollar,One Cent,,,"1 Cent - Stewart, King, and McKenzie (Selma, Alabama)",Yes,No,No,No
coin,Dollar,One Dollar,,,"1 Dollar - Grand Falls Casino Resort (Larchwood, Iowa)",Yes,No,No,No
coin,Dollar,Five Dollars,,,"25 Dollars - Casino (Las Vegas, Nevada)",Yes,No,No,No
coin,Dollar,One Dollar,,,"1 Dollar - Pechanga Resort and Casino (Temecula, California)",Yes,No,No,No
coin,Dollar,One Dollar,,,"1 Dollar - New York New York (Las Vegas, Nevada)",Yes,No,No,No
coin,Dollar,Half Dollar,,,"50 Cents - Dakota Territory Centennial (Bismarck, North Dakota)",Yes,No,No,No
coin,Dollar,Half Dollar,,,"50 Cents - 1962 Little World Series, Bismarck, ND. (American Legion)",Yes,No,No,No
coin,Dollar,One Dollar,,,"1 Dollar - Bellagio (Las Vegas, Nevada)",Yes,No,No,No
coin,Dollar,One Dollar,,,"1 Dollar - Tropicana Las Vegas (Las Vegas, Nevada)",Yes,No,No,No
coin,Dollar,One Dollar,,,"2.5 Dollars - Colorado Central Station Casino (Black Hawk, Colorado)",Yes,No,No,No
coin,Dollar,One Cent,,,1 Cent (Pattern),Yes,No,No,No
coin,Dollar,One Cent,,,1 Cent (Pattern),Yes,No,No,No
coin,Dollar,Five Cents,,,25 Cents (Pattern),Yes,No,No,No
coin,Dollar,One Cent,,,1 Cent (Pattern),Yes,No,No,No
coin,Dollar,One Dollar,,,1 Dollar (Trial Strike),Yes,No,No,No
coin,Dollar,One Cent,,,1 Cent - Food Stamp Scrip - National Food Stores,Yes,No,No,No
coin,Dollar,One Cent,,,1 Cent - Food Stamp Scrip (Wakin Bros.),Yes,No,No,No
coin,Dollar,One Cent,,,"1 Cent - Liberal Market Inc. (Dayton, Ohio)",Yes,No,No,No
coin,Dollar,One Cent,,,1 Cent - Food Stamp Scrip (Sureway Market),Yes,No,No,No
coin,Dollar,One Cent,,,"1 Cent - Standard Food Stores (Indianapolis, Indiana)",Yes,No,No,No
coin,Dollar,Five Cents,,,"5 Cents - Globe Pool Room (Woonsocket, Rhode Island)",Yes,No,No,No
coin,Dollar,Three Dollars,,,"3 Dollars - Blair House (Silverton, Colorado)",Yes,No,No,No
coin,Dollar,One Cent,,,1 Cent - Food Stamp Scrip (Thriftimart),Yes,No,No,No
coin,Dollar,One Cent,,,1 Cent - Food Stamp Scrip (Your Supermarket),Yes,No,No,No
coin,Dollar,One Cent,,,"1 Cent - Safeway Stores Incorporated (Little Rock, Arkansas)",Yes,No,No,No
coin,Dollar,One Dollar,,,Friendship Inn Deposit,Yes,No,No,No
coin,Dollar,One Cent,,,1 Cent - Food Stamp Scrip (Food Arena),Yes,No,No,No
coin,Dollar,One Cent,,,1 Cent - Food Stamp Scrip (Easter's Super Valu),Yes,No,No,No
coin,Dollar,One Cent,,,"1 Cent - Vons Market (Los Angeles, California)",Yes,No,No,No
coin,Dollar,One Cent,,,1 Cent - Food Stamp Scrip (Tops All Thriftway),Yes,No,No,No
coin,Dollar,One Cent,,,"1 Cent - Smith's Food King (Lynwood, California)",Yes,No,No,No
coin,Dollar,One Cent,,,1 Cent - Food Stamp Scrip (Furr's Super Market),Yes,No,No,No
coin,Dollar,One Cent,,,"1 Cent - Wonder Foods (Chicago, Illinois)",Yes,No,No,No
coin,Dollar,One Thousand Dollars,,,1000 Dollars - Federal Reserve Note,Yes,No,No,No
coin,Dollar,One Cent,,,1 Cent - Food Stamp Scrip (Memco),Yes,No,No,No
coin,Dollar,One Cent,,,1 Cent - Food Stamp Scrip (Albertsons),Yes,No,No,No
coin,Dollar,One Cent,,,1 Cent - Food Stamp Scrip (Waremart),Yes,No,No,No
coin,Dollar,One Cent,,,1 Cent - Food Stamp Scrip (Elam Grocery),Yes,No,No,No
coin,Half Dollar,One Dollar,,,Dwight Eisenhower (Inaugurated),Yes,No,No,No
coin,Dollar,One Cent,,,"1 Cent - Vons Market (Los Angeles, California)",Yes,No,No,No
coin,Dollar,One Cent,,,"1 Cent - Jumbo Markets (Sacramento, California)",Yes,No,No,No
coin,Dollar,One Cent,,,1 Cent - Food Stamp Scrip (Holiday Market),Yes,No,No,No
coin,Dollar,One Cent,,,"1 Cent - Fisher Foods (Belford Heights, Ohio)",Yes,No,No,No
coin,Dollar,One Cent,,,1 Cent - Food Stamp Scrip (Oak Food Center),Yes,No,No,No
coin,Dollar,One Cent,,,"1 Cent - Belair (Sacramento, California)",Yes,No,No,No
coin,Dollar,Five Cents,,,5 Cents - Burgerilla,Yes,No,No,No
coin,Dollar,Five Cents,,,"25 Cents - Sofspra Merritt Blvd. at Westfield Rd. (Baltimore, Maryland)",Yes,No,No,No
coin,Dollar,One Cent,,,"1 Cent - Foods Co. Supermarkets (Los Angelos, California)",Yes,No,No,No
coin,Dollar,One Cent,,,1 Cent - Food Stamp Scrip (Almacs),Yes,No,No,No
coin,Dollar,One Cent,,,1 Cent - Food Stamp Scrip (Lincoln Supermarket),Yes,No,No,No
coin,Dollar,One Cent,,,"1 Cent - A.J. Bayless (Phoenix, Arizona)",Yes,No,No,No
coin,Dollar,One Cent,,,"1 Cent - Safeway Stores, Incorporated (El Paso, Texas)",Yes,No,No,No
coin,Dollar,One Cent,,,1 Cent - Food Stamp Scrip - Hillman's Inc.,Yes,No,No,No
coin,Dollar,One Cent,,,1 Cent - Food Stamp Scrip (Pik-Kwik),Yes,No,No,No
coin,Dollar,One Cent,,,"1 Cent - Orsi and Son (Spokane, Washington)",Yes,No,No,No
coin,Dollar,One Cent,,,"1 Cent -Star Super Markets (Honolulu, Hawaii)",Yes,No,No,No
coin,Dollar,One Cent,,,1 Cent - Food Stamp Scrip (Rodgers Super Valu),Yes,No,No,No
coin,Dollar,One Cent,,,"1 Penny - Harrison Chapter No. 85 (Harrison, Arkansas)",Yes,No,No,No
coin,Dollar,One Cent,,,1 Cent - Food Stamp Scrip (Bashas'),Yes,No,No,No
coin,Dollar,One Cent,,,1 Cent - Food Stamp Scrip (Big Bear),Yes,No,No,No
coin,Dollar,One Cent,,,"1 Cent - King Kullen (Westbury, New York)",Yes,No,No,No
coin,Dollar,One Dollar,,,1 Dollar (Palms Casino Resort),Yes,No,No,No
coin,Dollar,Five Dollars,,,5 Dollars - Palms Casino Resort,Yes,No,No,No
coin,Dollar,Ten Dollars,,,10 Dollars - Palms Casino Resort,Yes,No,No,No
coin,Dollar,One Cent,,,"1 Cent - Market Basket (Worcester, Massachusetts)",Yes,No,No,No
coin,Dollar,One Cent,,,"1 Cent - Wonder Foods (Chicago, Illinois)",Yes,No,No,No
coin,Dollar,One Cent,,,"1 Cent - Wonder Foods (Chicago, Illinois)",Yes,No,No,No
coin,Dollar,One Cent,,,"1 Cent - Pick-N-Pay Food Stamp Scrip (Louisville, Kentucky)",Yes,No,No,No
coin,Quarter,One Dollar,,,"1 Fare - Northern Transit Co. (Fargo, North Dakota)",Yes,No,No,No
coin,Quarter,Quarter Dollar,,,Quarter Dollar (School Money),Yes,No,No,No
coin,Quarter,One Dollar,,,¼ oz. Copper (Golden State Mint),Yes,No,No,No
coin,Dollar,One Dollar,,,"1 Dollar - Silver City Casino (Las Vegas, Nevada)",Yes,No,No,No
coin,Dollar,Five Cents,,,"25 Cents - Pastime Club (Wendover, Utah)",Yes,No,No,No
coin,Dollar,One Dollar,,,"1 Dollar - Imperial Palace (Biloxi, Mississippi)",Yes,No,No,No
coin,Dollar,One Dollar,,,1 Dollar - Isle of Capri Casino (Biloxi. Mississippi),Yes,No,No,No
coin,Dollar,One Dollar,,,1 Dollar - T$1 Commercial Dollar,Yes,No,No,No
coin,Dollar,One Dollar,,,Las Vegas (For ammusement),Yes,No,No,No
coin,Quarter,Quarter Dollar,,,Mint Collector Item (Quarter on Quarter),Yes,No,No,No
coin,Quarter,Quarter Dollar,,,¼ Dollar California Territorial Gold (Coronet Head),Yes,No,No,No
coin,Dollar,One Dollar,,,"1 Dollar - Tropicana (Atlantic City, New Jersey)",Yes,No,No,No
coin,Dollar,One Hundred Dollars,,,100 Dollars - Movie Money,Yes,No,No,No
coin,Dollar,Five Cents,,,Retail Sales Tax on 5 Cents (White Log Tavern),Yes,No,No,No
coin,Dollar,1 Mill,,,"1 Mill - Sales Tax (Grand Rapids, Michigan)",Yes,No,No,No
coin,Dollar,1 Mill,,,1 Mill (Warboy's),Yes,No,No,No
coin,Dollar,One Dollar,,,1 50⁄100 Dollars (Ohio Sales Tax Receipt),Yes,No,No,No
coin,Dollar,One Dollar,,,15 00⁄100 Dollars (Ohio Sales Tax Receipt),Yes,No,No,No
coin,Dollar,One Cent,,,30 Cents (Ohio Sales Tax Receipt),Yes,No,No,No
coin,Dollar,One Cent,,,60 Cents (Ohio Sales Tax Receipt),Yes,No,No,No
coin,Dollar,Five Cents,,,15 Cents (Ohio Sales Tax Receipt),Yes,No,No,No
coin,Dollar,Two Cents,,,12 Cents (Ohio Sales Tax Receipt),Yes,No,No,No
coin,Dollar,One Cent,,,9 Cents (Ohio Sales Tax Receipt),Yes,No,No,No
coin,Dollar,One Cent,,,6 Cents (Ohio Sales Tax Receipt),Yes,No,No,No
coin,Dollar,One Dollar,,,3 00⁄100 Dollars (Ohio Sales Tax Receipt),Yes,No,No,No
coin,Dollar,One Cent,,,1 Cent (Ohio Sales Tax Receipt),Yes,No,No,No
coin,Dollar,Three Cents,,,3 Cents (Ohio Sales Tax Receipt),Yes,No,No,No
coin,Dollar,Two Cents,,,2 Cents (Ohio Sales Tax Receipt),Yes,No,No,No
coin,Dollar,One Cent,,,1 Cent (Ohio Sales Tax Receipt),Yes,No,No,No
coin,Dollar,One Cent,,,1 Cent (Ohio Sales Tax Receipt),Yes,No,No,No
coin,Dollar,Five Dollars,,,"5 Dollars (Silver Certificate; ""Educational Series"")",Yes,No,No,No
coin,Dollar,Five Dollars,,,"5 Dollars (Large-Size Silver Certificate - ""Porthole Note"")",Yes,No,No,No
coin,Dollar,One Dollar,,,"1 Dollar - Bob Stupak's Vegas World (Las Vegas, Nevada)",Yes,No,No,No
coin,Dollar,One Dollar,,,"Good for 50¢ in Merchandise - Theatre Pharmacy (LaPorte, IN)",Yes,No,No,No
coin,Dollar,Five Cents,,,"5 Cents - Ritz Cigar Store (Pendleton, Indiana)",Yes,No,No,No
coin,Dollar,One Dollar,,,1 Dollar - Lady Luck Casino (Las Vegas),Yes,No,No,No
coin,Dollar,One Dollar,,,"$1 Tropicana (Las Vegas, Nevada)",Yes,No,No,No
coin,Dollar,One Dollar,,,Jeton - Pawtucket,Yes,No,No,No
coin,Dollar,Ten Dollars,,,10 Dollars (Maui),Yes,No,No,No
coin,Quarter,One Dollar,,,Ingot - Christmas (The Snowman),Yes,No,No,No
coin,Dollar,Fifty Dollars,,,50 Dollars - Buffalo Tribute,Yes,No,No,No
coin,Dollar,Half Dollar,,,"50 Cents - Shooting Star (Mahnomen, Minnesota)",Yes,No,No,No
coin,Dollar,Five Dollars,,,"5 Dollars - Luxor: World Cup Soccer (Las Vegas, Nevada)",Yes,No,No,No
coin,Half Dollar,Half Dollar,,,½ Dollar - Pattern,Yes,No,No,No
coin,Dollar,Five Dollars,,,5 Dollars (35th Anniversary of the Gold Eagle coin),Yes,No,No,No
coin,Dollar,One Dollar,,,Union and Liberty,Yes,No,No,No
coin,Dollar,One Dollar,,,"1 Dollar - Homestake Coins (Scottsbluff, Nebraska)",Yes,No,No,No
coin,Dollar,Five Dollars,,,"5 Dollars - Hard Rock Hotel - World Soccer Tournament (Las Vegas, Nevada)",Yes,No,No,No
coin,Dollar,One Dollar,,,"1 Dollar - Hyatt Regency Lake Las Vegas (Henderson, Nevada)",Yes,No,No,No
coin,Dollar,Five Cents,,,"25 Cents - Hurricane Bay (West Chester, Ohio)",Yes,No,No,No
coin,Dollar,Five Cents,,,5 Cents - Schnedler and Brosier,Yes,No,No,No
coin,Half Dollar,One Dime,,,"10 Cents - Buffalo Bar and Steak House (Billings, Montana)",Yes,No,No,No
coin,Dollar,One Dollar,,,"1 Dollar - El Cortez (Las Vegas, Nevada)",Yes,No,No,No
coin,Dollar,One Dime,,,"10 Cents - Sambo’s Restaurants (Youngtown, Arizona)",Yes,No,No,No
coin,Dollar,One Dime,,,"10 Cents - Sambo’s Restaurants (Las Vegas, Nevada)",Yes,No,No,No
coin,Half Dollar,Half Dollar,,,"½ Dollar - El Cortez Hotel, Las Vegas",Yes,No,No,No
coin,Dollar,One Cent,,,"1 Cent - Big Banner Supermarket (Bronx, New York)",Yes,No,No,No
coin,Dollar,Five Cents,,,"5 Cents - Big Banner Supermarkets (Bronx, New York)",Yes,No,No,No
coin,Dollar,One Dime,,,"10 Cents - Big Banner Supermarkets (Bronx, New York)",Yes,No,No,No
coin,Dollar,Five Cents,,,"25 Cents - Big Banner Supermarkets (Bronx, New York)",Yes,No,No,No
coin,Dollar,Half Dollar,,,"50 Cents - Big Banner Supermarkets (Bronx, New York)",Yes,No,No,No
coin,Dollar,One Dollar,,,"1 Dollar (""Greenback"")",Yes,No,No,No
coin,Dollar,One Dollar,,,"1 Dollar (Treasury Note; ""Rainbow Note"")",Yes,No,No,No
coin,Dollar,Ten Dollars,,,10 Dollars (Small-Size Silver Certificate; Blue Seal Left),Yes,No,No,No
coin,Dollar,Fifty Dollars,,,50 Dollars (Gold Certificate; Gold Seal left),Yes,No,No,No
coin,Dollar,One Cent,,,"30 Cent - Downtown Roanoke, Inc. (Roanoke, Virginia)",Yes,No,No,No
coin,Dollar,One Dollar,,,1 Dollar - Smiling Car,Yes,No,No,No
coin,Dollar,One Dime,,,"10 Cents - Moore Coal Co. (Morco, Tennessee)",Yes,No,No,No
coin,Dollar,One Cent,,,"1 Cent - Kingston-Pocohontas Coal Company (Hemphill, West Virginia)",Yes,No,No,No
coin,Dollar,Twenty Dollars,,,20 Dollars (Certificate of Deposit),Yes,No,No,No
coin,Dollar,Fifty Dollars,,,50 Dollars (Certificate of Deposit),Yes,No,No,No
coin,Dollar,One Hundred Dollars,,,100 Dollars (Certificate of Deposit),Yes,No,No,No
coin,Dollar,Five Hundred Dollars,,,500 Dollars (Certificate of Deposit),Yes,No,No,No
coin,Dollar,One Hundred Dollars,,,100 Dollars (Treasury Note),Yes,No,No,No
coin,Dollar,One Thousand Dollars,,,1000 Dollars (Treasury Note),Yes,No,No,No
coin,Dollar,Five Dollars,,,5 Dollars (Gold Certificate of Deposit),Yes,No,No,No
coin,Dollar,Ten Dollars,,,10 Dollars (Gold Certificate of Deposit),Yes,No,No,No
coin,Dollar,Twenty Dollars,,,20 Dollars (Gold Certificate of Deposit),Yes,No,No,No
coin,Dollar,Fifty Dollars,,,50 Dollars (Gold Certificate of Deposit),Yes,No,No,No
coin,Dollar,One Hundred Dollars,,,100 Dollars (Gold Certificate of Deposit),Yes,No,No,No
coin,Dollar,Five Dollars,,,5 Dollars (Silver Certificate of Deposit),Yes,No,No,No
coin,Dollar,Ten Dollars,,,10 Dollars (Silver Certificate of Deposit),Yes,No,No,No
coin,Dollar,Twenty Dollars,,,20 Dollars (Silver Certificate of Deposit),Yes,No,No,No
coin,Dollar,Fifty Dollars,,,50 Dollars (Silver Certificate of Deposit),Yes,No,No,No
coin,Dollar,One Hundred Dollars,,,100 Dollars (Silver Certificate of Deposit),Yes,No,No,No
coin,Dollar,Five Dollars,,,"5 Dollars - Luxor: World Soccer Tournament (Las Vegas, Nevada)",Yes,No,No,No
coin,Dollar,One Dollar,,,1 Dollar (Treasury Note),Yes,No,No,No
coin,Dollar,One Dollar,,,1 Dollar - Camping World,Yes,No,No,No
coin,Dollar,Five Cents,,,"5 Cents - Buehler Mercantile Co. (Claflin, Kansas)",Yes,No,No,No
coin,Dollar,Four Dollars,,,4 Dollars (Bank of Augusta),Yes,No,No,No
coin,Dollar,Half Dollar,,,50 Cents (State of South Carolina),Yes,No,No,No
coin,Dollar,Two Dollars,,,2 Dollars (Bank of Washtenaw),Yes,No,No,No
coin,Dollar,One Dollar,,,"1 Dollar - Star Car Wash (Cincinnati, Ohio)",Yes,No,No,No
coin,Dollar,One Dollar,,,"Gold Nugget Celebration Paradise - Magalia, California",Yes,No,No,No
coin,Dollar,Ten Dollars,,,10 Dollars (Canal Bank; uniface),Yes,No,No,No
coin,Dollar,Fifty Dollars,,,50 Dollars (New Orleans Canal and Banking Co.),Yes,No,No,No
coin,Dollar,Fifty Dollars,,,50 Dollars (Canal Bank),Yes,No,No,No
coin,Dollar,Five Cents,,,"25 Cents - Flamingo Casino (Kansas City, Missouri)",Yes,No,No,No
coin,Dollar,Twenty Dollars,,,"20 Dollars (Canal Bank; ""Redback"")",Yes,No,No,No
coin,Dollar,Ten Dollars,,,10 Dollars (Canal Bank),Yes,No,No,No
coin,Dollar,Twenty Dollars,,,20 Dollars (New Orleans Canal and Banking Co.),Yes,No,No,No
coin,Dollar,Fifty Dollars,,,50 Dollars (Small-Size National Bank Note),Yes,No,No,No
coin,Dollar,One Hundred Dollars,,,100 Dollars (Small-Size National Bank Note),Yes,No,No,No
coin,Dollar,One Dollar,,,1 Dollar (Citizens' Bank of Louisiana),Yes,No,No,No
coin,Dollar,Five Dollars,,,"5 Dollars (Citizens' Bank of Louisiana, Shreveport; Bilingual)",Yes,No,No,No
coin,Dollar,Five Dollars,,,"5 Dollars (Citizens' Bank of Louisiana, New Orleans; Bilingual)",Yes,No,No,No
coin,Dollar,One Hundred Dollars,,,"100 Dollars (Citizens' Bank of Louisiana, New-Orleans; Bilingual)",Yes,No,No,No
coin,Dollar,One Dollar,,,"1 Dollar - Ezra Griswold (Worthington, Ohio)",Yes,No,No,No
coin,Dollar,One Dollar,,,"1 Dollar - Sahara Hotel and Casino (Las Vegas, Nevada)",Yes,No,No,No
coin,Dollar,One Dollar,,,"1 Dollar - Aladdin Resort and Casino (Las Vegas, Nevada)",Yes,No,No,No
coin,Dollar,One Dollar,,,1 Dollar (Farmers Bank - Massachusetts),Yes,No,No,No
coin,Dollar,One Dollar,,,1 Dollar (Farmington Bank - New Hampshire),Yes,No,No,No
coin,Dollar,Five Dollars,,,5 Dollars (Hagerstown Bank),Yes,No,No,No
coin,Dollar,Ten Dollars,,,10 Dollars (Hagerstown Bank),Yes,No,No,No
coin,Dollar,Two Dollars,,,2 Dollars (New England Commercial Bank - Rhode Island),Yes,No,No,No
coin,Dollar,One Dollar,,,1 Dollar (State Bank at New Brunswick - New Jersey),Yes,No,No,No
coin,Dollar,One Dollar,,,Pinky's Fascination,Yes,No,No,No
coin,Dollar,One Dollar,,,T. M. Bailey's store,Yes,No,No,No
coin,Dollar,One Dime,,,10 Cents - School Money,Yes,No,No,No
coin,Dollar,Three Dollars,,,3 Dollars (Washington County Bank - Maine),Yes,No,No,No
coin,Dollar,Three Dollars,,,3 Dollars (State of Georgia),Yes,No,No,No
coin,Dollar,Half Dollar,,,3½ Dollars - Winter Book,Yes,No,No,No
coin,Dollar,Ten Dollars,,,10 Dollars (Large-Size United States Note),Yes,No,No,No
coin,Dollar,One Dollar,,,1 Dollar - Softball Country Club,Yes,No,No,No
coin,Dollar,One Dollar,,,Pillsbury's Best Flour,Yes,No,No,No
coin,Dollar,Five Cents,,,"25 Cents (""Fractional Currency"" - 2nd issue)",Yes,No,No,No
coin,Dollar,Five Cents,,,5 Cents - In Trade (1066),Yes,No,No,No
coin,Dollar,One Cent,,,"1 Cent - Hysaw's (San Antonio, Texas)",Yes,No,No,No
coin,Dollar,Five Cents,,,"25 Cents (""Postage Currency"" - 1st issue)",Yes,No,No,No
coin,Dollar,One Cent,,,"1 Cent - Parkview IGA (Springfield, Kentucky)",Yes,No,No,No
coin,Dollar,One Cent,,,"1 Cent - Simms Super (Colorado Springs, Colorado)",Yes,No,No,No
coin,Dollar,One Cent,,,"1 Cent ""Lincoln Cent"" (Birth and Early Childhood - Bronze)",Yes,No,No,No
coin,Dollar,One Cent,,,"1 Cent - Wakin Bros. (Middlesboro, Kentucky)",Yes,No,No,No
coin,Dollar,One Cent,,,"1 Cent - Milgram (Kansas City, Missouri)",Yes,No,No,No
coin,Dollar,One Cent,,,1 Cent - A & P Food Stores,Yes,No,No,No
coin,Dollar,One Cent,,,"1 Cent ""Lincoln Cent"" (Formative Years - Bronze)",Yes,No,No,No
coin,Dollar,Two Dollars,,,2 Dollars,Yes,No,No,No
coin,Dollar,One Dollar,,,"Buy Your Hardware of E. H. Sheldon (Constantine, Michigan)",Yes,No,No,No
coin,Dollar,One Dollar,,,5 Pence (Colony of Connecticut),Yes,No,No,No
coin,Dollar,One Cent,,,"1 Cent - Boardson Fairway (Warren, Minnesota)",Yes,No,No,No
coin,Dollar,One Cent,,,"1 Cent - Bohack (Brooklyn, New York)",Yes,No,No,No
coin,Dollar,One Cent,,,"1 Cent - National Food Stores (Milwaukee, Wisconsin)",Yes,No,No,No
coin,Dollar,One Cent,,,"1 Cent - Food Basket (Louisville, Kentucky)",Yes,No,No,No
coin,Dollar,One Cent,,,"1 Cent ""Lincoln Cent"" (Professional Life - Bronze)",Yes,No,No,No
coin,Dollar,One Cent,,,"1 Cent ""Lincoln Cent"" (Presidency - Bronze)",Yes,No,No,No
coin,Half Dollar,Half Dollar,,,"½ Dollar (""Continental Currency"" - United Colonies)",Yes,No,No,No
coin,Dollar,One Dollar,,,1 Dollar (Colony of Maryland),Yes,No,No,No
coin,Dollar,Five Dollars,,,"5 Dollars (""Continental Currency"" - United States)",Yes,No,No,No
coin,Dollar,One Dollar,,,8 Dollars (Colony of Maryland),Yes,No,No,No
coin,Dollar,One Dollar,,,"40 Dollars (""Continental Currency"" - United States)",Yes,No,No,No
coin,Dollar,Five Cents,,,"5 Cents (""Fractional Currency"" - 2nd issue)",Yes,No,No,No
coin,Dollar,One Cent,,,"1 Cent - Mauch's Super Valu (Benson, Minnesota)",Yes,No,No,No
coin,Dollar,One Cent,,,"1 Cent - Johnson's Grocery (Pahokee, Florida)",Yes,No,No,No
coin,Dollar,One Cent,,,"1 Cent - Chet's IGA Market (Mechanicsburg, Ohio)",Yes,No,No,No
coin,Dollar,One Dollar,,,"1 Dollar - Super Suds (Hopkinsville, Kentucky)",Yes,No,No,No
coin,Dollar,Half Dollar,,,"50 Cents (""Fractional Currency"" - 3rd issue)",Yes,No,No,No
coin,Dollar,One Cent,,,"1 Cent - Schinderle's (Iron Mountain, Michigan)",Yes,No,No,No
coin,Dollar,One Cent,,,"1 Cent - Blue Mountain Market (Saugerties, New York)",Yes,No,No,No
coin,Dollar,One Dollar,,,Birthday Dollar - Los Angeles Bicentennial (A City on the Move),Yes,No,No,No
coin,Dollar,One Dollar,,,Birthday Dollar - Los Angeles Bicentennial (City of Opportunity),Yes,No,No,No
coin,Dollar,One Dollar,,,Birthday Dollar - Los Angeles Bicentennial (In Conquest of Space),Yes,No,No,No
coin,Dollar,One Dollar,,,"1 Dollar - Singapore (Chicago, Illinois)",Yes,No,No,No
coin,Dollar,Half Dollar,,,"50 Cents - Louies Texas Red Hots (Buffalo, New York)",Yes,No,No,No
coin,Dollar,One Cent,,,"1 Cent - Johnson Mercantile (Lithonia, Georgia)",Yes,No,No,No
coin,Dollar,One Dollar,,,1 Dollar - Villani's Tic-Toc,Yes,No,No,No
coin,Dollar,Five Cents,,,5 Cents - C 11 KY (Kentucky),Yes,No,No,No
coin,Dollar,One Dollar,,,1 Dollar - E.M.K.P.H.,Yes,No,No,No
coin,Quarter,One Dollar,,,The New Era of Space Exploration (STS-4 Columbia),Yes,No,No,No
coin,Dollar,One Cent,,,1 Cent - Open Pantry #717,Yes,No,No,No
coin,Dollar,One Cent,,,"1 Cent - Mc Carty's Superette (Thomaston, Georgia)",Yes,No,No,No
coin,Dollar,One Cent,,,"1 Cent - Boorsma Food Inc. (Grand Rapids, Michigan)",Yes,No,No,No
coin,Half Dollar,Two and a Half Dollars,,,2½ Dollars - Mormon gold,Yes,No,No,No
coin,Dollar,Half Dollar,,,"50 Cents - Battle Creek Centennial (Battle Creek, Michigan)",Yes,No,No,No
coin,Dollar,One Cent,,,"1 Cent - Rosemont Bakery (Washington Park, Illinois)",Yes,No,No,No
coin,Dollar,One Cent,,,"1 Cent - Grizzell's Key Market (Grayson, Kentucky)",Yes,No,No,No
coin,Dollar,One Cent,,,"1 Cent - Miss Tracy Enterprise (Grand Rapids, Michigan)",Yes,No,No,No
coin,Dollar,Five Cents,,,"25 Cents - Motor Sales (Ada, Oklahoma)",Yes,No,No,No
coin,Dollar,Five Cents,,,25 Cents - Chuck E. Cheese (Value),Yes,No,No,No
coin,Dollar,One Cent,,,"1 Cent - Davis Food Markets (New Castle, Indiana)",Yes,No,No,No
coin,Dollar,One Cent,,,"1 Cent - Dagley's Market (Somerset, Kentucky)",Yes,No,No,No
coin,Dollar,One Cent,,,"1 Cent - Mr. Ed's (Detroit, Michigan)",Yes,No,No,No
coin,Dollar,One Cent,,,"1 Cent - Weber's IGA (Millington, Michigan)",Yes,No,No,No
coin,Dollar,One Dollar,,,"1 Dollar - The Pipe Shop (Kenosha, Wisconsin)",Yes,No,No,No
coin,Dollar,Five Cents,,,"5 Cents - Schneider's Service (Freeport, Illinois)",Yes,No,No,No
coin,Dollar,One Cent,,,"1 Cent - Baker's (Omaha, Nebraska)",Yes,No,No,No
coin,Dollar,One Cent,,,"1 Cent - Dorsey's Food Towne - Westowne (Sidney, Ohio)",Yes,No,No,No
coin,Dollar,One Cent,,,"1 Cent - Miller's Poultry (Athens, Ohio)",Yes,No,No,No
coin,Dollar,Half Dollar,,,"50 Cents - J. H. Rose (Idol, Tennessee)",Yes,No,No,No
coin,Dollar,One Dollar,,,1 Dollar - Shaffer Cocktail Lounge,Yes,No,No,No
coin,Dollar,Five Dollars,,,"5 Dollars - O. W. C. 49'er (Fort Sill, Oklahoma)",Yes,No,No,No
coin,Dollar,One Cent,,,"1 Cent - Norm's (Celina, Ohio)",Yes,No,No,No
coin,Dollar,One Cent,,,1 Cent - M & R Foodliner,Yes,No,No,No
coin,Dollar,Five Dollars,,,"5 Dollars - H. C. Evans and Co. (Chicago, Illinois)",Yes,No,No,No
coin,Dollar,One Dollar,,,"1 Dollar - Armando's (Chicago, Illinois)",Yes,No,No,No
coin,Dollar,One Hundred Dollars,,,"100 Dollars - Casino (Las Vegas, Nevada)",Yes,No,No,No
coin,Dollar,Five Dollars,,,"5 Dollars - Foxwoods Resort Casino (Ledyard, Connecticut)",Yes,No,No,No
coin,Dollar,One Cent,,,1 Cent (Minnesota; Liquor Tax),Yes,No,No,No
coin,Dollar,One Cent,,,1 Cent (Nevada; Liquor Tax),Yes,No,No,No
coin,Dollar,Five Cents,,,"25 Cents - Enchanted Castle (Lombard, Illinois)",Yes,No,No,No
coin,Dollar,One Dollar,,,"1 Dollar - Louies Texas Red Hots (Buffalo, New York)",Yes,No,No,No
coin,Dollar,One Dollar,,,"1 Dollar - The Bowman Stores (Grayville, Illinois)",Yes,No,No,No
coin,Dollar,One Dollar,,,1 Dollar - 686 Club Inc.,Yes,No,No,No
coin,Dollar,One Dollar,,,"1 Dollar - NCO Open Mess (Columbus, Mississippi)",Yes,No,No,No
coin,Dollar,Five Cents,,,"25 Cents - Ray McCue (Hawarden, Iowa)",Yes,No,No,No
coin,Half Dollar,One Dollar,,,"Two-Bit Trolley (Manitou Springs, Colorado)",Yes,No,No,No
coin,Dollar,One Dime,,,"10 Cents - Caesars (Atlantic City, New Jersey)",Yes,No,No,No
coin,Dollar,Five Cents,,,25 Cents - Liberty,Yes,No,No,No
coin,Dollar,One Cent,,,1 Cent (New Mexico; Liquor Tax),Yes,No,No,No
coin,Quarter,Five Cents,,,"25 Cents - Kingsville 90 (Kingsville, Ohio)",Yes,No,No,No
coin,Dollar,Five Cents,,,"25 Cents - Sofspra Cor. Miami & Liberty (Durham, North Carolina)",Yes,No,No,No
coin,Dollar,Five Cents,,,5 Cents - AAFES Gift Certificate (4B5),Yes,No,No,No
coin,Dollar,Five Cents,,,5 Cents - AAFES Gift Certificate (4C5),Yes,No,No,No
coin,Dollar,Five Cents,,,5 Cents - AAFES Gift Certificate (5M5),Yes,No,No,No
coin,Dollar,Five Cents,,,5 Cents - AAFES Gift Certificate (4G5),Yes,No,No,No
coin,Dollar,Five Cents,,,5 Cents - AAFES Gift Certificate (7E5),Yes,No,No,No
coin,Dollar,Five Cents,,,5 Cents - AAFES Gift Certificate (7K5),Yes,No,No,No
coin,Dollar,Five Cents,,,5 Cents - AAFES Gift Certificate (4K5),Yes,No,No,No
coin,Dollar,Five Cents,,,5 Cents - AAFES Gift Certificate (1A5),Yes,No,No,No
coin,Dollar,One Dime,,,10 Cents - AAFES Gift Certificate (5F10),Yes,No,No,No
coin,Dollar,One Dime,,,10 Cents - AAFES Gift Certificate (8H10),Yes,No,No,No
coin,Dollar,One Dime,,,10 Cents - AAFES Gift Certificate (7J10),Yes,No,No,No
coin,Dollar,One Dime,,,10 Cents - AAFES Gift Certificate (7L10),Yes,No,No,No
coin,Dollar,One Dime,,,10 Cents - AAFES Gift Certificate (7M10),Yes,No,No,No
coin,Dollar,One Dime,,,10 Cents - AAFES Gift Certificate (8C10),Yes,No,No,No
coin,Dollar,Five Cents,,,25 Cents - AAFES Gift Certificate (7B25),Yes,No,No,No
coin,Dollar,Five Cents,,,25 Cents - AAFES Gift Certificate (4E25),Yes,No,No,No
coin,Dollar,Five Cents,,,25 Cents - AAFES Gift Certificate (7H25),Yes,No,No,No
coin,Dollar,Five Cents,,,25 Cents - AAFES Gift Certificate (7F25),Yes,No,No,No
coin,Dollar,Five Cents,,,25 Cents - AAFES Gift Certificate (6K25),Yes,No,No,No
coin,Dollar,Five Cents,,,25 Cents - AAFES Gift Certificate (7M25),Yes,No,No,No
coin,Dollar,Five Cents,,,25 Cents - AAFES Gift Certificate (7D25+),Yes,No,No,No
coin,Dollar,One Dollar,,,Middle Atlantic Numismatic Association 25th Anniversary (Washington D.C.),Yes,No,No,No
coin,Dollar,One Dollar,,,Middle Atlantic Numismatic Association 25th Anniversary (Washington D.C.),Yes,No,No,No
coin,Dollar,Half Dollar,,,"50 Cents - Ameristar Casino (Kansas City, Missouri)",Yes,No,No,No
coin,Dollar,One Dime,,,"10 Cents - International Petroleum Exposition (Tulsa, Oklahoma)",Yes,No,No,No
coin,Dollar,Five Cents,,,"25 Cents - International Petroleum Exposition (Tulsa, Oklahoma)",Yes,No,No,No
coin,Dollar,Twenty Dollars,,,20 Dollars (Large-Size National Bank Note),Yes,No,No,No
coin,Dollar,One Cent,,,1 Cent (Small Eagle),Yes,No,No,No
coin,Dollar,One Dollar,,,"Havasu Dollar - London Bridge Rotary Club - Run to the Sun (Lake Havasu City, Arizona)",Yes,No,No,No
coin,Dollar,One Dollar,,,"Havasu Dollar - London Bridge Rotary Club - Run to the Sun (Lake Havasu City, Arizona)",Yes,No,No,No
coin,Dollar,One Dollar,,,"Havasu Dollar - London Bridge Rotary Club - Run to the Sun (Lake Havasu City, Arizona)",Yes,No,No,No
coin,Dollar,Twenty Cents,,,"20 Cent Refund- Omaha Transit Co. (Omaha, Nebraska)",Yes,No,No,No
coin,Dollar,One Dollar,,,"1 Dollar - Joe Mackie's Star Casino (Winnemucca, Nevada)",Yes,No,No,No
coin,Dollar,One Dollar,,,"1 Dollar - Cactus Pete's (Jackpot, Nevada)",Yes,No,No,No
coin,Dollar,One Dollar,,,"1 Dollar - The Mint (Las Vegas, Nevada)",Yes,No,No,No
coin,Dollar,One Dime,,,"10 Cents (""Fractional Currency"" - 3rd series)",Yes,No,No,No
coin,Dollar,One Cent,,,1 Cent (Large Eagle),Yes,No,No,No
coin,Dollar,One Dollar,,,"1 Dollar - Stanley's Steaming Car Wash (Lakewood, Colorado)",Yes,No,No,No
coin,Dollar,Five Cents,,,"5 Cents - Camp Adair Exchange (Camp Adair, Oregon)",Yes,No,No,No
coin,Dollar,One Dollar,,,"1 Dollar - Joe Mackie's Red Bull Chuck Wagon Casino (Winnemucca, Nevada)",Yes,No,No,No
coin,Dollar,One Dollar,,,"1 Dollar - Casino 93 (Jackpot, Nevada)",Yes,No,No,No
coin,Dollar,One Dollar,,,"1 Dollar - Las Vegas Club (Las Vegas, Nevada)",Yes,No,No,No
coin,Dollar,One Dollar,,,"1 Dollar - South Tahoe Nugget (Stateline, Nevada)",Yes,No,No,No
coin,Dollar,One Dollar,,,"1 Dollar - The Delta (Virginia City, Nevada)",Yes,No,No,No
coin,Dollar,One Dollar,,,"1 Dollar - Carson City Nugget (Carson City, Nevada)",Yes,No,No,No
coin,Dollar,One Dollar,,,"1 Dollar - Jim Kelley's Nugget (Reno, Nevada)",Yes,No,No,No
coin,Dollar,One Dollar,,,"1 Dollar - Incline Village Casino (Lake Tahoe, Nevada)",Yes,No,No,No
coin,Dollar,One Dollar,,,"1 Dollar - South Tahoe Casino (Stateline, Nevada)",Yes,No,No,No
coin,Dollar,One Dollar,,,"1 Dollar - Silver Slipper (Las Vegas, Nevada)",Yes,No,No,No
coin,Dollar,One Dollar,,,"1 Dollar - Sahara Tahoe (Stateline, Nevada)",Yes,No,No,No
coin,Dollar,One Dollar,,,"1 Dollar - Hotel Nevada (Ely, Nevada)",Yes,No,No,No
coin,Dollar,One Dollar,,,"1 Dollar - Riverside Resort and Casino (Davis Dam, Nevada)",Yes,No,No,No
coin,Dollar,One Dollar,,,"1 Dollar - Lucky Casino (Las Vegas, Nevada)",Yes,No,No,No
coin,Dollar,One Dollar,,,"1 Dollar - Hotel Fremont and Casino (Las Vegas, Nevada)",Yes,No,No,No
coin,Dollar,One Dollar,,,"1 Dollar - San Jeronimo Hilton (San Juan, Puerto Rico)",Yes,No,No,No
coin,Dollar,Five Cents,,,5 Cents - AAFES Gift Certificate (9M5),Yes,No,No,No
coin,Dollar,One Dime,,,10 Cents - AAFES Gift Certificate (9B10),Yes,No,No,No
coin,Dollar,Five Cents,,,25 Cents - AAFES Gift Certificate (8K25),Yes,No,No,No
coin,Quarter,Quarter Dollar,,,"¼ Dollar ""Head Quarter"" (Missouri)",Yes,No,No,No
coin,Quarter,Quarter Dollar,,,"¼ Dollar ""Head Quarter"" (Hawaii)",Yes,No,No,No
coin,Dollar,Five Cents,,,"25 Cents - Chuck E. Cheese (Huntington Beach, California)",Yes,No,No,No
coin,Dollar,Five Cents,,,"5 Cents - G.D. Blumenstine (Lorimor, Iowa)",Yes,No,No,No
coin,Dollar,Five Cents,,,"5 Cents - Westport Junior High School (Kansas City, Missouri)",Yes,No,No,No
coin,Dollar,Five Cents,,,"5 Cents - Haugen Inn (Haugen, Wisconsin)",Yes,No,No,No
coin,Dollar,Five Cents,,,5 Cents - N.E. Bowl,Yes,No,No,No
coin,Dollar,Five Cents,,,5 Cents - Superior Vender,Yes,No,No,No
coin,Dollar,Half Cent,,,"12½ Cents - Sims Klenke (Salt Lake City, Utah)",Yes,No,No,No
coin,Dollar,One Dollar,,,"1 Dollar - William Freeburg (Courtland, Kansas)",Yes,No,No,No
coin,Dollar,Five Dollars,,,35 Dollars (Confederate Loan),Yes,No,No,No
coin,Dollar,One Dollar,,,"1 Dollar - Barbary Coast Hotel and Casino (Las Vegas, Nevada)",Yes,No,No,No
coin,Dollar,One Dollar,,,"1 Dollar - Reno Hilton Resort (Reno, Nevada)",Yes,No,No,No
coin,Dollar,One Dollar,,,"1 Dollar - Treasure Bay Casino (Biloxi, Mississippi)",Yes,No,No,No
coin,Dollar,One Dollar,,,"1 Dollar - Harrah's (Reno, Nevada)",Yes,No,No,No
coin,Dollar,One Dollar,,,"1 Dollar - Crystal Bay Club (Crystal Bay, Nevada)",Yes,No,No,No
coin,Dollar,One Dollar,,,"1 Dollar - Alystra Casino (Henderson, Nevada)",Yes,No,No,No
coin,Dollar,One Dollar,,,"1 Dollar - El Capitan Club (Hawthorne, Nevada)",Yes,No,No,No
coin,Dollar,One Dollar,,,"1 Dollar - Ameristar Casino (Vicksburg, Mississippi)",Yes,No,No,No
coin,Dollar,One Dollar,,,"1 Dollar - Beau Rivage (Biloxi, Mississippi)",Yes,No,No,No
coin,Dollar,One Dollar,,,1 Dollar - Antique Car (HH Mintmark),Yes,No,No,No
coin,Dollar,Five Cents,,,5 Cents - 3301,Yes,No,No,No
coin,Dollar,One Dime,,,10 Cents - D and K Smoke House,Yes,No,No,No
coin,Dollar,One Cent,,,"1 Cent - Wilson Hardware Co. (Clarinda, Iowa)",Yes,No,No,No
coin,Dollar,One Dollar,,,"1 Dollar - Ameristar Casino (Kansas City, Missouri)",Yes,No,No,No
coin,Dollar,Five Cents,,,"5 Cents - Wakeman's Place (Cook, Nebraska)",Yes,No,No,No
coin,Dollar,One Dollar,,,"1 Dollar - Jolly Rogers (Walker, Minnesota)",Yes,No,No,No
coin,Dollar,One Dollar,,,"1 Dollar - Donation Labor Temple (Omaha, Nebraska)",Yes,No,No,No
coin,Dollar,Quarter Dollar,,,1¼ Dollars - Return of Savings Bank,Yes,No,No,No
coin,Dollar,One Cent,,,1 Cent (Washington; Cigarette Tax),Yes,No,No,No
coin,Dollar,One Cent,,,1 Cent (Washington; Cigarette Tax),Yes,No,No,No
coin,Dollar,One Cent,,,1 Cent - Cigarette Tax (West Virginia),Yes,No,No,No
coin,Dollar,One Cent,,,1 Cent (Wyoming; Liquor Tax),Yes,No,No,No
coin,Dollar,One Cent,,,1 Cent - Cigarette Tax (Wisconsin),Yes,No,No,No
coin,Dollar,One Cent,,,1 Cent (Wisconsin; Liquor Tax),Yes,No,No,No
coin,Dollar,One Dime,,,10 Cents - Confederate States of America,Yes,No,No,No
coin,Dollar,Half Dollar,,,"50 Cents - Mid America Sports Complex (Shawnee, Kansas)",Yes,No,No,No
coin,Quarter,One Dollar,,,"Marie Laveau (New Orleans, Louisiana)",Yes,No,No,No
coin,Dollar,Five Cents,,,"25 Cents - Chuck E. Cheese's Pizza Time Theatre (San Jose, California)",Yes,No,No,No
coin,Dollar,One Dollar,,,1 Dollar - Casino Magic Corp. (Biloxi. Mississippi),Yes,No,No,No
coin,Dollar,One Dollar,,,"1 Dollar - Empress River Casino (Joliet, Illinois)",Yes,No,No,No
coin,Dollar,One Cent,,,1 Cent (South Dakota; Cigarette Tax),Yes,No,No,No
coin,Dollar,One Cent,,,1 Cent - Cigarette Tax (Vermont),Yes,No,No,No
coin,Dollar,One Cent,,,1 Cent - Cigarette Tax (Vermont),Yes,No,No,No
coin,Dollar,One Dollar,,,"1 Dollar - St. Clair Shores National Bank (St. Clair Shores, Michigan)",Yes,No,No,No
coin,Dollar,One Dollar,,,Pal's Dollar,Yes,No,No,No
coin,Dollar,Fifty Dollars,,,50 Dollars (Large-Size Federal Reserve Note),Yes,No,No,No
coin,Dollar,One Dollar,,,Wooden Buck -Smith's TV and Appliance,Yes,No,No,No
coin,Dollar,One Dollar,,,"1 Dollar - Rail City Casino (Sparks, Nevada)",Yes,No,No,No
coin,Quarter,One Cent,,,"¼ Cent - Bunker Hill Commercial Club (Bunker Hill, Illinois)",Yes,No,No,No
coin,Dollar,One Cent,,,1 Cent - Fox's Downtown,Yes,No,No,No
coin,Dollar,One Cent,,,1 Cent (Pennsylvania; Cigarette Tax),Yes,No,No,No
coin,Dollar,One Cent,,,1 Cent - Cigarette Tax (Pennsylvania),Yes,No,No,No
coin,Dollar,One Cent,,,1 Cent (Pennsylvania; Cigarette Tax),Yes,No,No,No
coin,Dollar,One Cent,,,1 Cent (Pennsylvania; Cigarette Tax),Yes,No,No,No
coin,Dollar,Two Cents,,,2 Cents (Ohio; Beer Tax),Yes,No,No,No
coin,Dollar,One Cent,,,1 Cent (Ohio; Beverage Tax),Yes,No,No,No
coin,Dollar,One Cent,,,1 Cent (Ohio; Beverage Tax),Yes,No,No,No
coin,Dollar,One Cent,,,"1 Cent - Shopwell (New York City, New York)",Yes,No,No,No
coin,Dollar,Five Cents,,,"5 Cents - Knapp, Stout and Co. - Menomonie",Yes,No,No,No
coin,Dollar,Five Cents,,,"25 Cents - Casino Omaha (Onawa, Iowa)",Yes,No,No,No
coin,Dollar,One Cent,,,"1 Cent - Lincoln Food Group (Forest City, Arkansas)",Yes,No,No,No
coin,Dollar,One Cent,,,"1 Cent - Wilco Food Center (Gary, Indiana)",Yes,No,No,No
coin,Dollar,One Cent,,,"1 Cent - Wilco Food Center (Gary, Indiana)",Yes,No,No,No
coin,Dollar,One Cent,,,"1 Cent - Giant Food Inc. (Landover, Maryland)",Yes,No,No,No
coin,Dollar,One Cent,,,1 Cent - Super Valu,Yes,No,No,No
coin,Dollar,Five Cents,,,"25 Cents - Harrah's Casino Hotel (Joliet, Illinois)",Yes,No,No,No
coin,Dollar,One Cent,,,"1 Cent - Joe's Corner (Waterbury, Connecticut)",Yes,No,No,No
coin,Dollar,One Cent,,,"1 Cent - Mid-Night Market (Dayton, Ohio)",Yes,No,No,No
coin,Dollar,One Cent,,,1 Cent - Open Pantry - No number,Yes,No,No,No
coin,Quarter,One Cent,,,"¼ cent - Arcola Advertising Club (Arcola, Illinois)",Yes,No,No,No
coin,Dollar,One Dime,,,"10 Cents - Winding Gulf Coals, Inc. (Winding Gulf, West Virginia)",Yes,No,No,No
coin,Half Dollar,One Dime,,,"10 Cents - Amherst Coal Company (Amherstdale, West Virginia)",Yes,No,No,No
coin,Dollar,One Dollar,,,"1 Dollar - Mikes Smoke Shop (Omaha, Nebraska)",Yes,No,No,No
coin,Dollar,One Dollar,,,1 Gram Silver (Trade Dollar Design),Yes,No,No,No
coin,Dollar,One Cent,,,"1 Cent - Padgett's Store (Star Lake, New York)",Yes,No,No,No
coin,Dollar,One Cent,,,"1 Cent - Pantry Pride (St. Marys, Ohio)",Yes,No,No,No
coin,Dollar,One Cent,,,"1 Cent - L & L Carry Out (Dayton, Ohio)",Yes,No,No,No
coin,Dollar,Five Dollars,,,5 Dollars (Chesapeake and Ohio Canal Company),Yes,No,No,No
coin,Dollar,One Cent,,,"1 Cent - Bob's Thriftway (Alexandria, Arkansas)",Yes,No,No,No
coin,Dollar,One Cent,,,"1 Cent - Fairborn Cardinal (Fairborn, Ohio)",Yes,No,No,No
coin,Dollar,One Cent,,,"1 Cent - Pay Less Markets (Anderson, Indiana)",Yes,No,No,No
coin,Dollar,One Cent,,,"1 Cent - P & G Dingler Midstate Super Market (Etna, New York)",Yes,No,No,No
coin,Dollar,One Dollar,,,"1 Dollar Fremont Hotel Casino (Las Vegas, Nevada)",Yes,No,No,No
coin,Dollar,One Dollar,,,"1 Dollar Binion's (Las Vegas, Nevada)",Yes,No,No,No
coin,Dollar,One Cent,,,"1 Cent - Chinca's Market (Chico, California)",Yes,No,No,No
coin,Dollar,One Cent,,,"1 Cent - Flynn's By Lo (Pocahontas, Iowa)",Yes,No,No,No
coin,Dollar,One Cent,,,"1 Cent - Howell's Market (Londonderry, Ohio)",Yes,No,No,No
coin,Dollar,One Cent,,,"1 Cent - Ledbetter's Grocery (Deming, New Mexico)",Yes,No,No,No
coin,Dollar,Five Cents,,,5 Cents - 31548,Yes,No,No,No
coin,Dollar,One Dollar,,,"El Pajaro; Parajo, California",Yes,No,No,No
coin,Dollar,One Dollar,,,"1 Dollar Fitzgeralds Casino (Las Vegas, Nevada)",Yes,No,No,No
coin,Dollar,One Dollar,,,"1 Dollar - Casino White Cloud (White Cloud, Kansas)",Yes,No,No,No
coin,Dollar,One Dollar,,,"1 Dollar Casino Royale (Las Vegas, Nevada)",Yes,No,No,No
coin,Dollar,One Dollar,,,"1 Dollar Harrah's Casino Hotel (Las Vegas, Nevada)",Yes,No,No,No
coin,Dollar,One Dollar,,,"1 Dollar Frontier Casino (St. Joseph, Missouri)",Yes,No,No,No
coin,Dollar,One Dollar,,,"1 Dollar - MGM Grand (Las Vegas, Nevada)",Yes,No,No,No
coin,Dollar,One Dollar,,,"1 Dollar Ameristar Casino (Council Bluffs, Iowa)",Yes,No,No,No
coin,Dollar,One Dollar,,,"Fort Cody Trading Post (North Platte, Nebraska)",Yes,No,No,No
coin,Dollar,One Dollar,,,"1 Dollar - Harrah's (Council Bluffs, Iowa)",Yes,No,No,No
coin,Dollar,One Dollar,,,"1 Dollar - Four Queens Casino (Las Vegas, Nevada)",Yes,No,No,No
coin,Dollar,Half Dollar,,,"50 Cents - Frontier Casino (St. Joseph, Missouri)",Yes,No,No,No
coin,Dollar,$2.50,,,"$2.50 Harrah's (Council Bluffs, Iowa)",Yes,No,No,No
coin,Dollar,One Dollar,,,"1 Dollar Binion's (Las Vegas, Nevada)",Yes,No,No,No
coin,Dollar,One Dollar,,,"Wooden Buck - Gaylord's Carnival and Social Club (New Orleans, Louisiana)",Yes,No,No,No
coin,Dollar,One Dollar,,,"Fraternal Order of Eagles - Altoona Aerie (Altoona, Pennsylvania)",Yes,No,No,No
coin,Dollar,Five Cents,,,"5 Cents - A. B. Crick (Cigars, Pocket Billiards and Restaurant)",Yes,No,No,No
coin,Dollar,Five Cents,,,5 Cents Bottle Check - Wm. Dunn,Yes,No,No,No
coin,Dollar,One Dollar,,,Ohio Civil Service (Ohio),Yes,No,No,No
coin,Dollar,Five Cents,,,"5 Cents - Breen's Cafe (San Francisco, California)",Yes,No,No,No
coin,Dollar,Five Cents,,,"25 Cents - The Brass Ass (Cripple Creek, Colorado)",Yes,No,No,No
coin,Dollar,Half Dollar,,,"50 Cents - Harrah's (North Kansas City, Missouri)",Yes,No,No,No
coin,Dollar,One Dollar,,,"1 Dollar Frontier Casino (St. Joseph, Missouri)",Yes,No,No,No
coin,Dollar,Five Cents,,,5 Cents - Loyal Order of Moose (L.O.O.M.) Newark No.499,Yes,No,No,No
coin,Dollar,One Dollar,,,"1 Dollar - Loyal Order of Moose (Anchorage, Alaska)",Yes,No,No,No
coin,Dollar,Five Cents,,,"5 Cents - Hop Yick; Watsonville, Santa Cruz County; Pajaro, Monterey County, California",Yes,No,No,No
coin,Dollar,Five Cents,,,"5 Cents - W. L. Co.; Watsonville, Santa Cruz County; Pajaro, Monterey County, California",Yes,No,No,No
coin,Half Dollar,Half Dollar,,,1 Ounce - Osborne Mint (Barber Half Dollar),Yes,No,No,No
coin,Dollar,Two and a Half Dollars,,,"2½ Dollar Ameristar Casino (Council Bluffs, Iowa)",Yes,No,No,No
coin,Dollar,Five Cents,,,"25 Cents - Billy's Casino (Cripple Creek, Colorado)",Yes,No,No,No
coin,Dollar,Half Dollar,,,"50 Cents - Billy's Casino (Cripple Creek, Colorado)",Yes,No,No,No
coin,Dollar,Half Dollar,,,"50 Cents Horseshoe Casino (Council Bluffs, Iowa)",Yes,No,No,No
coin,Dollar,One Dollar,,,1 Dollar - The Fun Ships,Yes,No,No,No
coin,Dollar,One Dollar,,,"1 Dollar - Harrah's Casino (North Kansas City, Missouri)",Yes,No,No,No
coin,Dollar,One Dollar,,,"1 Dollar - Horseshoe Casino (Council Bluffs, Iowa)",Yes,No,No,No
coin,Dollar,One Dollar,,,"1 Dollar Frontier Casino (St. Joseph, Missouri)",Yes,No,No,No
coin,Dollar,Three Dollars,,,3 Dollars (City of Omaha),Yes,No,No,No
coin,Dollar,One Dollar,,,1 Dollar (United States Note),Yes,No,No,No
coin,Dollar,Five Dollars,,,5 Dollars (Bank of St. Thomas),Yes,No,No,No
coin,Dollar,Five Dollars,,,5 Dollars (Colonial Bank),Yes,No,No,No
coin,Dollar,One Dollar,,,"1 Dollar John Ascuaga's Nugget - with dot (Sparks, Nevada)",Yes,No,No,No
coin,Dollar,One Dollar,,,"1 Dollar Johnny Nolon's Casino (Cripple Creek, Colorado)",Yes,No,No,No
coin,Dollar,One Dollar,,,"1 Dollar J.P. McGills (Cripple Creek, Colorado)",Yes,No,No,No
coin,Dollar,One Dollar,,,"1 Dollar - Bronco Billy's (Cripple Creek, Colorado)",Yes,No,No,No
coin,Dollar,One Dollar,,,1 Dollar / 4 Shillings 6 Pence (Colony of Maryland),Yes,No,No,No
coin,Dollar,One Hundred Dollars,,,100 Dollars (Movie Prop Money),Yes,No,No,No
coin,Dollar,Half Dollar,,,50 Cents (Military Payment Certificate),Yes,No,No,No
coin,Dollar,Two Dollars,,,"2 Dollars - I helped Keiko (Newport, Oregon)",Yes,No,No,No
coin,Dollar,Five Dollars,,,5 Dollars (Bank of St. Thomas),Yes,No,No,No
coin,Dollar,One Cent,,,"1 Cent - Bud's IGA (Duluth, Minnesota)",Yes,No,No,No
coin,Dollar,One Cent,,,"1 Cent - Cianciolo (Cincinnati, Ohio)",Yes,No,No,No
coin,Dollar,One Cent,,,"1 Cent - Norden's Foodland (Sault Ste Marie, Michigan)",Yes,No,No,No
coin,Dollar,One Cent,,,1 Cent - Warehouse Grocery Dist. Center,Yes,No,No,No
coin,Dollar,Five Cents,,,"75 Cents - Park or Ride (Spokane, Washington)",Yes,No,No,No
coin,Dollar,One Cent,,,"1 Cent - James D Cofer Co (Atlanta, Georgia)",Yes,No,No,No
coin,Dollar,One Cent,,,"1 Cent - Payne Super Market (Atlanta, Georgia)",Yes,No,No,No
coin,Dollar,One Cent,,,"1 Cent - Del's Super Valu (Woodville, Ohio)",Yes,No,No,No
coin,Dollar,One Cent,,,"1 Cent - Superette (Dayton, Ohio)",Yes,No,No,No
coin,Dollar,One Dollar,,,"1 Dollar - Bronco Billy's Casino (Cripple Creek, Colorado)",Yes,No,No,No
coin,Dollar,One Dollar,,,"1 Dollar Wildwood Casino (Cripple Creek, Colorado)",Yes,No,No,No
coin,Dollar,Five Dollars,,,5 Dollars (Central Bank of Virginia),Yes,No,No,No
coin,Dollar,One Dollar,,,10 Vestindiske Dalere / 10 Dollars - fREDER (St. Croix),Yes,No,No,No
coin,Dollar,One Dollar,,,1 Dollar (Bank of St. Thomas),Yes,No,No,No
coin,Dollar,Ten Dollars,,,10 Dollars (United States Note),Yes,No,No,No
coin,Dollar,One Dollar,,,"1 000 000 Dollars-""Vietnam commemorative""",Yes,No,No,No
coin,Dollar,One Dollar,,,Double ought note-George W. Bush Dubya,Yes,No,No,No
coin,Dollar,One Dollar,,,1 000 000 - John Fitzgerald Kennedy,Yes,No,No,No
coin,Dollar,One Dollar,,,1 000 000-Martin Luther King Jr.,Yes,No,No,No
coin,Dollar,One Dollar,,,1 000 000-Robert Francis Kennedy.,Yes,No,No,No
coin,Dollar,Ten Dollars,,,10 Dollars (Rhode Island Agricultural Bank),Yes,No,No,No
coin,Dollar,Five Dollars,,,5 Dollars (Arlington Bank - District of Columbia),Yes,No,No,No
coin,Dollar,Twenty Dollars,,,20 Dollars,Yes,No,No,No
coin,Dollar,Five Cents,,,"5 Cents - St. Mary's Hospital (St. Louis, Missouri)",Yes,No,No,No
coin,Dollar,One Cent,,,1 Cent - St. Mary’s Hospital (St. Louis. Missouri),Yes,No,No,No
coin,Dollar,Half Dollar,,,"50 Cents - St. Mary's Hospital (St. Louis, Missouri)",Yes,No,No,No
coin,Dollar,Five Cents,,,"25 Cents - St. Mary's Hospital (St Louis, Missouri)",Yes,No,No,No
coin,Dollar,One Dollar,,,"1 Dollar - St. Mary's Hospital (St. Louis, Missouri)",Yes,No,No,No
coin,Dollar,Five Cents,,,5 Cents - Pete's Oasis (Chicago Illinois),Yes,No,No,No
coin,Dollar,Three Cents,,,"3 Cents - La Porte Canning Co. (La Porte City, Iowa)",Yes,No,No,No
coin,Dollar,One Dollar,,,Ohio Sales Tax - One Dollar (S. S. Kresge Co.),Yes,No,No,No
coin,Dollar,Three Dollars,,,3 Dollars (City Bank of Hartford - Connecticut),Yes,No,No,No
coin,Dollar,Five Dollars,,,25 Dollars - Hertzberg Jewelry,Yes,No,No,No
coin,Dollar,One Cent,,,"1 Cent - Villa Foods (San Mateo, California)",Yes,No,No,No
coin,Dollar,Five Cents,,,"5 Cents - The New River Company (Glen Jean, West Virginia)",Yes,No,No,No
coin,Dollar,One Cent,,,"1 Cent - E. C. Minter Coal Co. Inc. (Rhodell, West Virginia)",Yes,No,No,No
coin,Dollar,Five Cents,,,"25 Cents - Stanard Supply Co., Store No. 12 (Rachel, West Virginia)",Yes,No,No,No
coin,Dollar,Five Cents,,,"25 Cents - Boone Supply Company (Prenther, West Virginia)",Yes,No,No,No
coin,Dollar,One Dollar,,,Coin Castle Casino - Free Play,Yes,No,No,No
coin,Dollar,Five Dollars,,,5 Dollars - Circus Circus (Reno Nevada),Yes,No,No,No
coin,Half Dollar,Half Cent,,,"2½ Cents - Panama Soft Drinks (Stockton, California)",Yes,No,No,No
coin,Dollar,Five Cents,,,"25 Cents, Panama Soft Drinks (Stockton, California)",Yes,No,No,No
coin,Dollar,One Dollar,,,"1 Dollar - Reno's Horseshoe Club (Reno, Nevada)",Yes,No,No,No
coin,Dollar,Five Dollars,,,5 Dollars Tropicana (Las Vegas Nevada),Yes,No,No,No
coin,Dollar,Five Cents,,,"25 Cents - The Newport (San Diego, California)",Yes,No,No,No
coin,Dollar,Five Dollars,,,"5 Dollars - Lucky Lady Card Room (San Diego, California)",Yes,No,No,No
coin,Half Dollar,One Dollar,,,2012 Second Amendment Dollar,Yes,No,No,No
coin,Dollar,One Dollar,,,"Coloured ""American Eagle"" Dollar",Yes,No,No,No
coin,Dollar,One Dollar,,,"1 Dollar - Merry/Merrie Monarch Festival (Hilo, Hawaii)",Yes,No,No,No
coin,Dollar,One Dollar,,,1 Dollar - Imperial House Motels (Ohio),Yes,No,No,No
coin,Dollar,One Dollar,,,Unicorn,Yes,No,No,No
medal,U.S. Medals,Medal,,,"Medal - United States Mint, Philadelphia",Yes,No,No,No
coin,Dollar,One Dollar,,,1 Gram - Peace Dollar,Yes,No,No,No
coin,Dollar,Five Cents,,,"5 Cents - Domonico (Port Townsend, Washington)",Yes,No,No,No
coin,Dollar,One Dollar,,,1 Dollar (Bank of Chattanooga),Yes,No,No,No
coin,Dollar,One Dollar,,,"1 Dollar ""Native American Dollar"" (American Indians in ballet)",Yes,No,No,No
coin,Half Dollar,One Dollar,,,1 Ounce - Donald J. Trump,Yes,No,No,No
coin,Half Dollar,One Dollar,,,1 Ounce - Golden State Mint (Peace Dollar),Yes,No,No,No
coin,Quarter,One Dollar,,,1 Ounce - Viking (Berserkers),Yes,No,No,No
coin,Dollar,One Dime,,,"10 cents - Hollywood Inc. (Seattle, Washington)",Yes,No,No,No
coin,Dollar,Half Cent,,,"2½ Cents - John Kofeldt - Rebate Check (Milwaukee, Wisconsin)",Yes,No,No,No
coin,Dollar,Five Cents,,,"5 Cents - Roelofs and Vanderbok (Rock Valley, Iowa)",Yes,No,No,No
coin,Dollar,One Dime,,,"10 Cents - B.P. McGinty (Fairview, Kansas)",Yes,No,No,No
coin,Quarter,One Dollar,,,¼ oz Silver (Golden State Mint - Walking Liberty),Yes,No,No,No
coin,Dollar,Five Cents,,,"25 Cents - City Cash and Carry Co (Georgetown, Texas)",Yes,No,No,No
coin,Dollar,One Dime,,,"10 Cents - Cullins (Goodland, Kansas)",Yes,No,No,No
coin,Dollar,One Dime,,,"10 Cents - City Bus Line (Uniontown, Pennsylvania)",Yes,No,No,No
coin,Dollar,One Dime,,,"10 Cents - Grigg's Dept. Store Snack Bar (Spokane, Washington)",Yes,No,No,No
coin,Dollar,One Cent,,,1 Cent (Kansas; Cigarette Tax),Yes,No,No,No
coin,Quarter,Quarter Dollar,,,"¼ Dollar ""Washington Quarter"" (Salt River Bay, U.S. Virgin Islands - Silver 5 oz Bullion)",Yes,No,No,No
coin,Dollar,One Cent,,,"1 Cent - Pastime (Yakima, Washington)",Yes,No,No,No
coin,Dollar,Five Cents,,,"25 Cents - Pastime (Cashmere, Washington)",Yes,No,No,No
coin,Dollar,Five Cents,,,"5 Cents - Anderson and Trapp (Streator, Illinois)",Yes,No,No,No
coin,Dollar,Five Cents,,,"5 Cents - C.C. Hoops (Galva, Iowa)",Yes,No,No,No
coin,Quarter,One Dollar,,,¼ Ounce - Scottsdale Min (Scottsdale Lion),Yes,No,No,No
coin,Dollar,Five Cents,,,"5 Cents - 22nd Anniversary Coin Show (Shippensburg, Pennsylvania)",Yes,No,No,No
coin,Dollar,One Dollar,,,10 Ounces - Highland Mint (Morgan Dollar),Yes,No,No,No
coin,Dollar,One Dollar,,,1 Dollar (Western Exchange Fire and Marine Insurance Co.),Yes,No,No,No
coin,Dollar,One Dollar,,,1 Dollar,Yes,No,No,No
coin,Dollar,Two Dollars,,,2 Dollars (State of North Carolina),Yes,No,No,No
coin,Dollar,Half Dollar,,,50 Cents (State of Georgia),Yes,No,No,No
coin,Dollar,Five Cents,,,5 Cents - When Returned With Empty Bottle,Yes,No,No,No
coin,Dollar,One Dime,,,10 Cents (City of Richmond),Yes,No,No,No
coin,Dollar,One Dollar,,,2.99 Dollars - Reader's Digest Condensed Book Club,Yes,No,No,No
coin,Dollar,Five Dollars,,,5 Dollars (Augusta Insurance and Banking Co. - Georgia),Yes,No,No,No
coin,Dollar,Five Dollars,,,"5 Dollars (Bank of Georgetown, South Carolina)",Yes,No,No,No
coin,Dollar,One Dime,,,10 Cents (State of Alabama),Yes,No,No,No
coin,Dollar,One Dollar,,,1 Dollar (Corporation of Richmond),Yes,No,No,No
coin,Dollar,Ten Dollars,,,10 Dollars (New Orleans Canal and Banking Co.),Yes,No,No,No
coin,Dollar,Two Dollars,,,"2 Dollars - Petersen 1 Hour Photo (Houma, Louisiana)",Yes,No,No,No
coin,Dollar,Five Cents,,,"5 Cents - Cullins (Goodland, Kansas)",Yes,No,No,No
coin,Dollar,One Cent,,,"1 Cent - California Market (Redwood City, California)",Yes,No,No,No
coin,Dollar,One Cent,,,"1 Cent - Denny's General Store (American Canyon, California)",Yes,No,No,No
coin,Dollar,One Cent,,,"1 Cent - Johnny and Lou's (Lincoln, California)",Yes,No,No,No
coin,Half Dollar,One Dollar,,,2013 Second Amendment Dollar,Yes,No,No,No
coin,Half Dollar,One Dollar,,,2014 Second Amendment Dollar,Yes,No,No,No
coin,Dollar,One Cent,,,"1 Cent - King's Health Foods (San Francisco, California)",Yes,No,No,No
coin,Dollar,One Cent,,,"1 Cent - Maryland Market (San Francisco, California)",Yes,No,No,No
coin,Dollar,One Cent,,,"1 Cent - Wassons Market (McFarland, California)",Yes,No,No,No
coin,Dollar,Five Cents,,,"5 Cents - World Port Celebration (Buffalo, New York)",Yes,No,No,No
coin,Dollar,One Dollar,,,"Gold Dust Casino (Reno, Nevada)",Yes,No,No,No
coin,Dollar,One Cent,,,"1 Cent - Embe's (San Jose, California)",Yes,No,No,No
coin,Dollar,One Cent,,,"1 Cent - Go - Getters (San Francisco, California)",Yes,No,No,No
coin,Dollar,One Cent,,,"1 Cent - Ricci's Market (San Francisco, California)",Yes,No,No,No
coin,Dollar,Twenty Dollars,,,20 Dollars (Buds Gun Shop),Yes,No,No,No
coin,Dollar,One Cent,,,"1 Cent - City Market (Superior, Wisconsin)",Yes,No,No,No
coin,Dollar,One Cent,,,"1 Cent - City Market (Superior, Wisconsin)",Yes,No,No,No
coin,Dollar,One Cent,,,"1 Cent - Met Food (Laurelton, New York)",Yes,No,No,No
coin,Dollar,Five Cents,,,"25 Cents - Dominick's Finer Foods Grocery (Chicago, Illinois)",Yes,No,No,No
coin,Dollar,One Cent,,,1 Cent - Playing Card Tax (Alabama),Yes,No,No,No
coin,Dollar,One Cent,,,1 Cent (Arizona; Luxury Tax),Yes,No,No,No
coin,Dollar,One Cent,,,1 Cent (Arizona; Luxury Tax),Yes,No,No,No
coin,Dollar,One Cent,,,1 Cent - Cigarette Tax (Connecticut),Yes,No,No,No
coin,Quarter,One Dollar,,,Commemorative Coin - US Embassy in Romania,Yes,No,No,No
coin,Dollar,One Dollar,,,50 State Dollars - Jimmy Carter (Georgia),Yes,No,No,No
coin,Dollar,One Dollar,,,50 State Dollars - John F. Kennedy (Massachusetts),Yes,No,No,No
coin,Dollar,Half Cent,,,"12½ Cents - Elk's Club 593 (Aberdeen, Washington)",Yes,No,No,No
coin,Dollar,One Dollar,,,3 Pence - Higley Copper (With Deer),Yes,No,No,No
coin,Dollar,One Dollar,,,3 Pence - Higley Copper (With Wheel),Yes,No,No,No
coin,Half Dollar,One Dollar,,,1 000 000 Dollars (Go For the Goal),Yes,No,No,No
coin,Dollar,Five Cents,,,"5 Cents - ""Bingle""",Yes,No,No,No
coin,Dollar,One Dime,,,"10 Cents - ""Bingle""",Yes,No,No,No
coin,Dollar,Five Cents,,,"25 Cents - ""Bingle""",Yes,No,No,No
coin,Dollar,Half Dollar,,,"50 Cents - ""Bingle""",Yes,No,No,No
coin,Dollar,One Dollar,,,"1 Dollar - ""Bingle""",Yes,No,No,No
coin,Dollar,Ten Dollars,,,"10 Dollars - ""Bingle""",Yes,No,No,No
coin,Dollar,One Dollar,,,"1 Dollar - The Moab Brewery (Moab, Utah)",Yes,No,No,No
coin,Dollar,One Dollar,,,"Unique Corner (Duchesne, Utah)",Yes,No,No,No
coin,Dollar,Two Dollars,,,"2 Dollars - Movie City I and II (Brainard and Pequot Lakes, Minnesota)",Yes,No,No,No
coin,Dollar,Half Dollar,,,50 Cents - Vesuvio Deli,Yes,No,No,No
coin,Dollar,One Cent,,,"40 Cents - Rocky Knoll Tavern (Rocky Knoll, Wisconsin)",Yes,No,No,No
coin,Dollar,Two Dollars,,,2 Dollars (Large-Size Federal Reserve Bank Note),Yes,No,No,No
coin,Dollar,Five Cents,,,"25 Cents - Sofspra Casa De Oro (Spring Valley, California)",Yes,No,No,No
coin,Dollar,One Dollar,,,"1 Dollar - Wholphin Dollah, Sea Life Park (Oahu, Hawaii)",Yes,No,No,No
coin,Dollar,One Dollar,,,"1 Dollar - Harrah's Casino and Hotel (Council Bluffs, Iowa)",Yes,No,No,No
coin,Half Dollar,Half Dollar,,,School Money - Half Dollar,Yes,No,No,No
coin,Dollar,One Dollar,,,School Money - Sacagawea Dollar,Yes,No,No,No
coin,Dollar,One Dollar,,,"1 Dollar - Saloon no. 10 (Deadwood, South Dakota)",Yes,No,No,No
coin,Dollar,One Dollar,,,"1 Dollar - Carrie Nation's Temperance Saloon (Deadwood, South Dakota)",Yes,No,No,No
coin,Dollar,One Dollar,,,"1 Dollar - Silver Dollar (Deadwood, South Dakota)",Yes,No,No,No
coin,Dollar,Five Dollars,,,"5 Dollars - Pikes Peak Range Riders Breakfast (Colorado Springs, Colorado)",Yes,No,No,No
coin,Dollar,One Dollar,,,"Rocky Rococo Pizza $1 - $3 Off (Colorado Springs, Colorado)",Yes,No,No,No
coin,Dollar,One Dollar,,,"1 Dollar - Midnight Star (Deadwood, South Dakota)",Yes,No,No,No
coin,Dollar,One Dollar,,,So-Called-Dollar - Hawaii Statehood (Salvation Army),Yes,No,No,No
coin,Dollar,Five Cents,,,"25 Cents - 7 Seas Locker Club Centers (San Diego, California)",Yes,No,No,No
coin,Dollar,One Dollar,,,1 Dollar - Draped Bust Dollar (Heraldic Eagle),Yes,No,No,No
coin,Dollar,One Dollar,,,"One Dollar - Viejas Casino and Turf Club (Alpine, California)",Yes,No,No,No
coin,Dollar,One Dollar,,,"One Dollar - Barona Casino (Lakeside, California)",Yes,No,No,No
coin,Quarter,Quarter Dollar,,,"¼ Dollar ""Washington Quarter"" (Bessie Coleman)",Yes,No,No,No
coin,Quarter,Five Cents,,,"25 Cents ""Washington Quarter"" (Edith Kanakaʻole)",Yes,No,No,No
coin,Quarter,Quarter Dollar,,,"¼ Dollar ""Washington Quarter"" (Eleanor Roosevelt)",Yes,No,No,No
coin,Quarter,Quarter Dollar,,,"¼ Dollar ""Washington Quarter"" (Jovita Idar)",Yes,No,No,No
coin,Quarter,Quarter Dollar,,,"¼ Dollar ""Washington Quarter"" (Maria Tallchief)",Yes,No,No,No
coin,Quarter,Quarter Dollar,,,"¼ Dollar ""Washington Quarter"" (Bessie Coleman)",Yes,No,No,No
coin,Quarter,Five Cents,,,"25 Cents ""Washington Quarter"" (Edith Kanakaʻole)",Yes,No,No,No
coin,Quarter,Quarter Dollar,,,"¼ Dollar ""Washington Quarter"" (Eleanor Roosevelt)",Yes,No,No,No
coin,Quarter,Quarter Dollar,,,"¼ Dollar ""Washington Quarter"" (Jovita Idar)",Yes,No,No,No
coin,Quarter,Quarter Dollar,,,"¼ Dollar ""Washington Quarter"" (Maria Tallchief)",Yes,No,No,No
coin,Dollar,Five Cents,,,"5 Cents- Salina Kansas Centennial (Salina, Kansas)",Yes,No,No,No
coin,Dollar,Five Cents,,,5 Cents - Loaf 'N Jug,Yes,No,No,No
coin,Dollar,One Dollar,,,"1 Dollar - Pikes Peak Range Riders Breakfast (Colorado Springs, Colorado)",Yes,No,No,No
coin,Dollar,One Dollar,,,1 Dollar (American Innovation - Ohio),Yes,No,No,No
coin,Dollar,One Dollar,,,1 Dollar (American Innovation - Louisiana),Yes,No,No,No
coin,Dollar,One Dollar,,,1 Dollar - Tall Pines Bonus Buck,Yes,No,No,No
coin,Dollar,One Dollar,,,1 Dollar (American Innovation - Indiana),Yes,No,No,No
coin,Dollar,One Dollar,,,1 Dollar (American Innovation - Mississippi),Yes,No,No,No
coin,Dollar,Ten Dollars,,,10 Dollars (Bank of America Travelers Cheque),Yes,No,No,No
coin,Dollar,Five Cents,,,"25 Cents - Pollardville Palace (Pollardville, California)",Yes,No,No,No
coin,Dollar,Half Dollar,,,"1½ Dollars - Velvet Turtle (Sunnyvale, California)",Yes,No,No,No
coin,Dollar,Half Dollar,,,"50 Cents - Hayes Ace Hardware (Valley, Alabama)",Yes,No,No,No
coin,Dollar,Five Cents,,,25 Cents - 7Up or Like,Yes,No,No,No
coin,Dollar,One Dollar,,,1 Dollar - Mama's,Yes,No,No,No
coin,Dollar,Half Dollar,,,50 Cents - Two Quarters in Game Room,Yes,No,No,No
coin,Dollar,One Dollar,,,"1 Drink - 5th National Silver Dollar Convention (Houston, Texas)",Yes,No,No,No
coin,Dollar,Five Cents,,,"25 Cents - Cubby's Knit and Sriren (Redding, California)",Yes,No,No,No
coin,Dollar,One Dollar,,,10 Percent Off - Connie's Flowers and Gifts,Yes,No,No,No
coin,Dollar,One Dollar,,,"Copper ""American Eagle"" Dollar",Yes,No,No,No
coin,Quarter,Quarter Dollar,,,1 Free Quarter Pounder,Yes,No,No,No
coin,Dollar,Five Dollars,,,"5 Dollars - Gary Fronrath Subaru (Ft. Lauderdale, Florida)",Yes,No,No,No
coin,Dollar,Half Dollar,,,"50 Cents - The Reluctant Fisherman (Cordova, Alaska)",Yes,No,No,No
coin,Dollar,One Dollar,,,1 Dollar - Euro Music Center Carrusel,Yes,No,No,No
coin,Dollar,One Dollar,,,1 Dollar - Food Order,Yes,No,No,No
coin,Dollar,One Dollar,,,"Bibb Manufacturing Co. - Commitment to Safety (Columbus, Georgia)",Yes,No,No,No
coin,Dollar,One Dollar,,,1 Dollar - Loves Super Market,Yes,No,No,No
coin,Dollar,Five Dollars,,,5 Dollars - Movie Rental,Yes,No,No,No
coin,Dollar,One Hundred Dollars,,,100 Dollars - Action Figure Money,Yes,No,No,No
coin,Dollar,One Dollar,,,8 Dollars (Colony of Massachusetts Bay),Yes,No,No,No
coin,Dollar,Five Dollars,,,25 Dollars - Templeton Reid,Yes,No,No,No
coin,Quarter,Quarter Dollar,,,¼ Dollar “Close Quarters” (Arkansas),Yes,No,No,No
coin,Dollar,Five Dollars,,,15 Dollars (Confederate Loan),Yes,No,No,No
coin,Dollar,Ten Dollars,,,"10 Dollars - MGM Grand (Las Vegas, Nevada)",Yes,No,No,No
coin,Dollar,Ten Dollars,,,"10 Dollar - Boomtown Casino (Biloxi, Mississippi)",Yes,No,No,No
coin,Dollar,Ten Dollars,,,"10 Dollar - Boomtown Casino (Biloxi, Mississippi)",Yes,No,No,No
coin,Dollar,Ten Dollars,,,"10 Dollar - Boomtown Casino (Biloxi, Mississippi)",Yes,No,No,No
coin,Dollar,Ten Dollars,,,"10 Dollar - Boomtown Casino (Biloxi, Mississippi)",Yes,No,No,No
coin,Dollar,Ten Dollars,,,"10 Dollars - Imperial Palace (Biloxi, Mississippi)",Yes,No,No,No
coin,Dollar,Ten Dollars,,,"10 Dollar - Boomtown Casino (Biloxi, Mississippi)",Yes,No,No,No
coin,Dollar,Ten Dollars,,,"10 Dollar - Boomtown Casino (Biloxi, Mississippi)",Yes,No,No,No
coin,Dollar,Five Cents,,,"5 Cents - The Log Cabin (Vancouver, Washington)",Yes,No,No,No
coin,Dollar,Half Dollar,,,"50 Cents - Cabel and Kauffman Merc Co. (Washington, Indiana)",Yes,No,No,No
coin,Dollar,Five Cents,,,"5 Cents - Cabel and Kauffman Merc Co. (Washington, Indiana)",Yes,No,No,No
coin,Dollar,Five Cents,,,"5 Cents - Perseverance Band (Lebanon, Pennsylvania)",Yes,No,No,No
coin,Dollar,Five Cents,,,"5 Cents - Bossier Base NCO Club (Barksdale AFB, Louisiana)",Yes,No,No,No
coin,Dollar,One Cent,,,"1 Cent - J. E. Weber and Co. (Strasburg, Illinois)",Yes,No,No,No
coin,Dollar,One Cent,,,"4 Cents - Dows Maniti Diary Farms (Cedar Rapids, Iowa)",Yes,No,No,No
coin,Dollar,Five Cents,,,"5 Cents - Madera Trading Co. (Madera, Pennsylvania)",Yes,No,No,No
coin,Dollar,Five Cents,,,"5 Cents - Whiteman AFB NCO Club (Whiteman AFB, Missouri)",Yes,No,No,No
coin,Dollar,Five Cents,,,"5 Cents - Wilson's Restaurant (Cutler, Indiana)",Yes,No,No,No
coin,Dollar,Five Cents,,,"5 Cents - Recreation Club (Skiatook, Oklahoma)",Yes,No,No,No
coin,Dollar,One Cent,,,1 Cent (Redwood Valley Shopping Center),Yes,No,No,No
coin,Half Dollar,One Dollar,,,"Spinner - Insulite (Minneapolis, Minnesota)",Yes,No,No,No
coin,Half Dollar,Half Dollar,,,½ Dollar - The Confederate States of America,Yes,No,No,No
coin,Dollar,One Dime,,,10 Cents (State of North Carolina),Yes,No,No,No
coin,Dollar,One Dime,,,10 Cents - Civil War Sutler Scrip - Scott’s Nine Hundred United States Cavalry,Yes,No,No,No
coin,Dollar,Five Cents,,,"Johnnie and Connies bar - Whitehall, Wisconsin - 5 cents",Yes,No,No,No
coin,Dollar,Five Cents,,,"5 Cents - Earl's Tavern (Albany, Wisconsin)",Yes,No,No,No
coin,Dollar,Five Cents,,,"25 Cents - Jaeger (Plummer and Worley, Idaho)",Yes,No,No,No
coin,Dollar,One Dime,,,"10 Cents - 686 Ballroom Club (Lockport, New York)",Yes,No,No,No
coin,Dollar,Five Cents,,,"5 Cents - W. H. Ortel Meats and Groceries (Downs, Kansas)",Yes,No,No,No
coin,Dollar,Five Cents,,,"5 Cents - Co-Operative Store (Atlantic, Iowa)",Yes,No,No,No
coin,Dollar,Five Cents,,,5 Cents - Wisconsin National Guard Post Exchange,Yes,No,No,No
coin,Dollar,Five Cents,,,"5 Cents - Grimes Tavern (Chestnut, Illinois)",Yes,No,No,No
coin,Dollar,Five Cents,,,"5 Cents - Arizona Automatic (Bisbee, Arizona)",Yes,No,No,No
coin,Dollar,One Dime,,,"10 Cents - Central Tavern (Antigo, Wisconsin)",Yes,No,No,No
coin,Dollar,One Dime,,,"10 Cents-Patsy’s Cottage (Chicago, Illinois)",Yes,No,No,No
coin,Dollar,One Dollar,,,100 000 Dollars,Yes,No,No,No
coin,Dollar,One Dollar,,,1 Dollar - Finast Holiday,Yes,No,No,No
coin,Dollar,One Dime,,,"10 Cents - Elk's Lodge 92 (Seattle, Washington)",Yes,No,No,No
coin,Dollar,One Dime,,,"10 Cents - J. O. Sundstrom (Lindsborg, Kansas)",Yes,No,No,No
coin,Dollar,One Dime,,,"10 Cents - NCO Open Mess (West Point, New York)",Yes,No,No,No
coin,Dollar,Five Cents,,,25 Cents - Sample Style (HE25),Yes,No,No,No
coin,Dollar,Five Cents,,,"5 Cents - Keystone Association (Boyertown, Pennsylvania)",Yes,No,No,No
coin,Dollar,Five Cents,,,"25 Cents - Elks Lodge - BPOE 1442 (Madison, South Dakota)",Yes,No,No,No
coin,Dollar,One Dime,,,10 Cents - Sportsman's Club,Yes,No,No,No
coin,Dollar,Five Cents,,,"25 Cents - Dempsey's (Long Prairie, Minnesota)",Yes,No,No,No
coin,Dollar,Five Cents,,,5 Cents - S. E. Roberts,Yes,No,No,No
coin,Dollar,Half Dollar,,,50 Cents - The State Bank (Akron Ohio),Yes,No,No,No
coin,Dollar,Five Cents,,,"5 Cents - P. S. Grand View Cafe (South Newport, Kentucky)",Yes,No,No,No
coin,Dollar,Five Cents,,,"5 Cents - P. S. Grand View Cafe (South Newport, Kentucky)",Yes,No,No,No
coin,Dollar,One Dime,,,"10 Cents - Twin's Bar (Provindence, Rhode Island)",Yes,No,No,No
coin,Dollar,One Dime,,,"10 Cents - Wyatt Johnson Department Store (Eldora, Iowa)",Yes,No,No,No
coin,Dollar,Half Dollar,,,50 Cents (State of North Carolina),Yes,No,No,No
coin,Dollar,One Dime,,,"10 Cents - Kinross Correctional Facility Store (Kinross, Michigan)",Yes,No,No,No
coin,Dollar,One Dime,,,"10 Cents - Suburban Grill (Niagara Falls, New York)",Yes,No,No,No
coin,Dollar,Five Cents,,,5 Cents - Thrif-T-Mart,Yes,No,No,No
coin,Dollar,One Cent,,,"1 Cent - Wheeler and Nobles (Mount Vernon and Anacortes, Washington)",Yes,No,No,No
coin,Dollar,Five Cents,,,"5 Cents - The Club (Springfield, Oregon)",Yes,No,No,No
coin,Dollar,Five Cents,,,"5 Cents - Norberg's Bar (Hastings, North Dakota)",Yes,No,No,No
coin,Dollar,Five Cents,,,"5 Cents - Wil-Cine Liquor's (Chicago, Illinois)",Yes,No,No,No
coin,Dollar,Half Cent,,,2½ Cents - Justus,Yes,No,No,No
coin,Dollar,Five Cents,,,"75 Cents (City of Lynchburg, Virginia)",Yes,No,No,No
coin,Dollar,Five Cents,,,75 Cents (Corporation of Danville),Yes,No,No,No
coin,Dollar,Three Cents,,,"3 Cents - Bob's Market (Maximo, Ohio)",Yes,No,No,No
coin,Dollar,One Cent,,,"9 Cents - Apex Music Korner (Schenectady, New York)",Yes,No,No,No
coin,Dollar,Two Cents,,,"2 Cents - Miller Wall Paper and Paint Co. (St. Louis, Missouri)",Yes,No,No,No
coin,Dollar,Five Cents,,,"5 Cents - Pat and Larry's (Lansing, Michigan)",Yes,No,No,No
coin,Dollar,Five Cents,,,"5 Cents - Whiteman AFB NCO Club (Whiteman, Missouri)",Yes,No,No,No
coin,Dollar,Five Cents,,,"25 Cents - Whiteman AFB NCO Club (Whiteman AFB, Missouri)",Yes,No,No,No
coin,Dollar,One Dime,,,"10 Cents - Whiteman AFB NCO Club (Whiteman, Missouri)",Yes,No,No,No
coin,Dollar,Five Cents,,,5 Cents - T C,Yes,No,No,No
coin,Dollar,Five Cents,,,"5 Cents - Jacobson Bros. Court Recreation (Saginaw, Miscigan)",Yes,No,No,No
coin,Dollar,Five Cents,,,"5 Cents - The Pipe Shop (Kenosha, Wisconsin)",Yes,No,No,No
coin,Dollar,Five Cents,,,5 Cents - The Y Inn,Yes,No,No,No
coin,Dollar,Five Cents,,,5 Cents - 1 3,Yes,No,No,No
coin,Dollar,Five Cents,,,"5 Cents - Wagon Cafe (Newport, Kentucky)",Yes,No,No,No
coin,Dollar,Five Cents,,,"5 Cents - Hershey Dairy Products (Hershey, Pennsylvania)",Yes,No,No,No
coin,Dollar,Five Cents,,,"5 Cents - Adolph's Sandwich Bar (Gary, Indiana)",Yes,No,No,No
coin,Dollar,Five Cents,,,"5 Cents - Hap and Poke (Toledo, Ohio)",Yes,No,No,No
coin,Dollar,Five Cents,,,"5 Cents - F. L. Blinn (Haverhill, Massachusetts)",Yes,No,No,No
coin,Dollar,Five Cents,,,5 Cents - Lancaster Inn,Yes,No,No,No
coin,Dollar,Five Cents,,,"5 Cents - Mikuska's Store (Tripp, South Dakota)",Yes,No,No,No
coin,Dollar,Five Cents,,,5 Cents - Moms Tavern,Yes,No,No,No
coin,Dollar,Five Cents,,,5 Cents - No. 312,Yes,No,No,No
coin,Dollar,Five Cents,,,"5 Cents - Fairview Palms (Saint Paul, Minnesota)",Yes,No,No,No
coin,Dollar,Five Cents,,,5 Cents - 8939,Yes,No,No,No
coin,Dollar,Five Cents,,,"5 Cents - Malek's Tavern (Albany, New York)",Yes,No,No,No
coin,Dollar,One Dime,,,"10 Cents - White House Inn (Le Roy, New York)",Yes,No,No,No
coin,Dollar,One Dime,,,"10 Cents - Mathews Cash Store (Ansonia, Ohio)",Yes,No,No,No
coin,Dollar,One Dime,,,"10 Cents - Fred's Tavern (Harvey, Illinois)",Yes,No,No,No
coin,Dollar,One Dime,,,10 Cents - V. A. Hospital,Yes,No,No,No
coin,Dollar,One Dime,,,"10 Cents - W. H. Ortel Meats and Groceries (Downs, Kansas)",Yes,No,No,No
coin,Dollar,Five Cents,,,"25 Cents - W. H. Ortel Meats and Groceries (Downs, Kansas)",Yes,No,No,No
coin,Dollar,One Dime,,,"10 Cents - Jacob Crocker (Goldendale, Washington)",Yes,No,No,No
coin,Dollar,One Dime,,,10 Cents - Bazooka,Yes,No,No,No
coin,Dollar,One Dime,,,"10 Cents - J. Fender (Saint Joseph, Missouri)",Yes,No,No,No
coin,Dollar,One Dollar,,,1863 Gold 1 Dollar Liberty (California Fractional Gold),Yes,No,No,No
coin,Dollar,One Dollar,,,"1 Dollar - Aloha Festivals (Oaho, Hawaii)",Yes,No,No,No
coin,Dollar,One Dollar,,,King Kamehameha 1959 Iolani Palace (Hawaii),Yes,No,No,No
coin,Dollar,Two Dollars,,,2 Dollars (Corporation of Richmond),Yes,No,No,No
coin,Dollar,Five Dollars,,,5 Dollars (Virginia Treasury Note),Yes,No,No,No
coin,Dollar,One Dollar,,,"1 Dollar - Tulip Time Festival (Pella, Iowa)",Yes,No,No,No
coin,Dollar,One Cent,,,1 Penny,Yes,No,No,No
coin,Dollar,One Dime,,,10 Cents - D and D Bar,Yes,No,No,No
coin,Dollar,One Dime,,,"10 Cents - Harry's Cafe (Middletown, Ohio)",Yes,No,No,No
coin,Dollar,One Dime,,,"10 Cents - Czecher Inn (Lodi, California)",Yes,No,No,No
coin,Dollar,One Dime,,,"10 Cents - Co-Operative Merc. Assn. (Green, Kansas)",Yes,No,No,No
coin,Dollar,One Dime,,,"10 Cents - J. L. Dragoo General Merchandise (Tescott, Kansas)",Yes,No,No,No
coin,Dollar,One Dime,,,"10 Cents - Hi-Line Tavern (Miller, Nebraska)",Yes,No,No,No
coin,Dollar,Five Cents,,,"25 Cents - Popular Pool Hall (Arbuckle, California)",Yes,No,No,No
coin,Dollar,Five Cents,,,"25 Cents - Klamath Billiard Parlor (Klamath Falls, Oregon)",Yes,No,No,No
coin,Dollar,Five Cents,,,"25 Cents - Akron Cut Rate (Akron, Ohio)",Yes,No,No,No
coin,Dollar,Five Cents,,,"25 Cents - American Legion Post No. 10 (Winfield, Kansas)",Yes,No,No,No
coin,Dollar,Five Cents,,,"25 Cents - Elks Lodge No. 42 (Little Falls, New York)",Yes,No,No,No
coin,Dollar,Five Cents,,,"25 Cents - Dillon High School Cafeteria (Dillon, South Carolina)",Yes,No,No,No
coin,Dollar,Five Cents,,,25 Cents - Chippewa Temporary Correctional Facility,Yes,No,No,No
coin,Dollar,Five Cents,,,"25 Cents - Wil-Cine Liquor's (Chicago, Illinois)",Yes,No,No,No
coin,Dollar,Five Cents,,,"25 Cents - VI-XX-VIII (Saint Paul, Minnesota)",Yes,No,No,No
coin,Dollar,Fifty Dollars,,,"50 Dollars (""Redback"")",Yes,No,No,No
coin,Dollar,One Dollar,,,"1 Dollar - Chip-in Casino (Harris, Michigan)",Yes,No,No,No
coin,Dollar,Five Dollars,,,"5 Dollars - Flamingo (Las Vegas, Nevada)",Yes,No,No,No
coin,Quarter,One Dollar,,,"Sam Noble Museum - Scissor-Tailed Flycatcher (Norman, Oklahoma)",Yes,No,No,No
coin,Dollar,Five Cents,,,"5 Cents - Buffalo Exchange (Nashville, Tennessee)",Yes,No,No,No
coin,Dollar,One Dollar,,,"1 Dollar - Wagon Wheel Hotel Motel (Wells, Nevada)",Yes,No,No,No
coin,Dollar,One Dollar,,,"1 Dollar - Rainbow Club and Casino (Henderson, Nevada)",Yes,No,No,No
coin,Dollar,One Dollar,,,"1 Dollar - Big Bonanza (North Las Vegas, Nevada)",Yes,No,No,No
coin,Dollar,One Dollar,,,"1 Dollar - Diamond Jim's Nevada Club (Las Vegas, Nevada)",Yes,No,No,No
coin,Dollar,One Dollar,,,"1 Dollar - Landmark Tower (Las Vegas, Nevada)",Yes,No,No,No
coin,Dollar,One Dollar,,,"1 Dollar - Hotel Thunderbird (Las Vegas, Nevada)",Yes,No,No,No
coin,Dollar,One Dollar,,,"1 Dollar - The Riviera Hotel (Las Vegas, Nevada)",Yes,No,No,No
coin,Dollar,One Dollar,,,"1 Dollar - Jim Kelley's Nugget (Reno and Lake Tahoe, Nevada)",Yes,No,No,No
coin,Dollar,One Dollar,,,"1 Dollar - Mapes Casino (Reno, Nevada)",Yes,No,No,No
coin,Dollar,One Dollar,,,"1 Dollar - The Colony Casino (Reno, Nevada)",Yes,No,No,No
coin,Dollar,One Dollar,,,"1 Dollar - The Holiday Hotel (Reno, Nevada)",Yes,No,No,No
coin,Dollar,One Dollar,,,"1 Dollar - Ponderosa Hotel and Casino (Reno, Nevada)",Yes,No,No,No
coin,Dollar,One Dollar,,,"1 Dollar - Silver Spur (Carson City, Nevada)",Yes,No,No,No
coin,Dollar,One Dollar,,,"1 Dollar - Gold Strike Inn (Boulder City, Nevada)",Yes,No,No,No
coin,Dollar,One Dollar,,,"1 Dollar - Kit Carson Club (Carson City, Nevada)",Yes,No,No,No
coin,Dollar,One Dollar,,,"1 Dollar - The Pit Casino (Ely, Nevada)",Yes,No,No,No
coin,Dollar,One Dollar,,,"1 Dollar - Mizpah Hotel and Casino (Tonopah, Nevada)",Yes,No,No,No
coin,Dollar,One Dollar,,,"1 Dollar - State Line Hotel (Wendover, Nevada)",Yes,No,No,No
coin,Dollar,One Hundred Dollars,,,100 Dollars (Large-Size National Bank Note),Yes,No,No,No
coin,Dollar,One Dollar,,,"80 Dollars (""Continental Currency"" - United States)",Yes,No,No,No
coin,Dollar,One Dime,,,10 cents - Hugo's North Star,Yes,No,No,No
coin,Dollar,One Dollar,,,"1 Dollar - MGM Grand Wack E. Wolf (Las Vegas, Nevada)",Yes,No,No,No
coin,Dollar,One Dollar,,,"1 Dollar - MGM Grand - Professor Frederico Owlini (Las Vegas, Nevada)",Yes,No,No,No
coin,Dollar,One Cent,,,6 Cents Air Mail,Yes,No,No,No
coin,Dollar,One Dollar,,,"1 Dollar - MGM Grand Looey, Jr. (Las Vegas, Nevada)",Yes,No,No,No
coin,Half Dollar,Half Cent,,,"12½ Cents - May and McCarthy (Tonopah, Nevada)",Yes,No,No,No
coin,Dollar,One Dollar,,,"1 Dollar - Isle of Capri Casino (Bettendorf, Iowa)",Yes,No,No,No
coin,Dollar,Half Dollar,,,"50 Cents - Daytona Beach Kennel Club (Daytona Beach, Florida)",Yes,No,No,No
coin,Dollar,Half Dollar,,,"50 Cents - Fabulous Flager Dog Track (Miami, Florida)",Yes,No,No,No
coin,Dollar,Half Dollar,,,"50 Cents - Arizona Greyhound Park (Phoenix, Arizona)",Yes,No,No,No
coin,Half Dollar,Half Dollar,,,"50 Cents - The Mint Hotel (Las Vegas, Nevada)",Yes,No,No,No
coin,Half Dollar,Half Dollar,,,"50 Cents - Caesars Palace (Las Vegas, Nevada)",Yes,No,No,No
coin,Half Dollar,Half Dollar,,,"50 Cents - The Four Queens (Las Vegas, Nevada)",Yes,No,No,No
coin,Half Dollar,Half Dollar,,,"50 Cents - Hacienda Hotel and Casino (Las Vegas, Nevada)",Yes,No,No,No
coin,Half Dollar,Half Dollar,,,"50 Cents - The Dunes Hotel and Country Club (Las Vegas, Nevada)",Yes,No,No,No
coin,Half Dollar,Half Dollar,,,"50 Cents - The Frontier Hotel (Las Vegas, Nevada)",Yes,No,No,No
coin,Half Dollar,Half Dollar,,,"50 Cents - The Hotel Bonanza (Las Vegas, Nevada)",Yes,No,No,No
coin,Half Dollar,Half Dollar,,,"50 Cents - Landmark Tower Hotel and Casino (Las Vegas, Nevada)",Yes,No,No,No
coin,Half Dollar,Half Dollar,,,"½ Dollar - Diamond Jim's Nevada Club (Las Vegas, Nevada)",Yes,No,No,No
coin,Half Dollar,Half Dollar,,,"50 Cents - Showboat Hotel and Casino (Las Vegas, Nevada)",Yes,No,No,No
coin,Half Dollar,Half Dollar,,,"50 Cents - El Cortez Hotel (Las Vegas, Nevada)",Yes,No,No,No
coin,Half Dollar,Half Dollar,,,"50 Cents - Golden Nugget Gambling Hall (Las Vegas, Nevada)",Yes,No,No,No
coin,Half Dollar,Half Dollar,,,"50 Cents - Silver Slipper (Las Vegas, Nevada)",Yes,No,No,No
coin,Half Dollar,Half Dollar,,,"50 Cents - California Club (Las Vegas, Nevada)",Yes,No,No,No
coin,Half Dollar,Half Dollar,,,"50 Cents - Sahara Hotel and Casino (Las Vegas, Nevada)",Yes,No,No,No
coin,Half Dollar,Half Dollar,,,"50 Cents - Aladdin Hotel (Las Vegas, Nevada)",Yes,No,No,No
coin,Half Dollar,Half Dollar,,,"50 Cents - Golden Gate Casino (Las Vegas, Nevada)",Yes,No,No,No
coin,Dollar,Two Dollars,,,2 Dollars (Bank of St. Thomas),Yes,No,No,No
coin,Dollar,One Dollar,,,5 Goldbacks (Nevada),Yes,No,No,No
coin,Dollar,One Hundred Dollars,,,"100 Dollars ""American Platinum Eagle"" (Bullion Coinage)",Yes,No,No,No
coin,Dollar,Five Cents,,,"5 Cents - Drexel View Tavren (Chicago, Illinois)",Yes,No,No,No
coin,Dollar,One Dollar,,,"1 Dollar - Golden Buffalo (Lower Brule, South Dakota)",Yes,No,No,No
coin,Half Dollar,Half Dollar,,,"50 Cents - Las Vegas Club (Las Vegas, Nevada)",Yes,No,No,No
coin,Half Dollar,Half Dollar,,,"50 Cents - Desert Inn (Las Vegas, Nevada)",Yes,No,No,No
coin,Half Dollar,Half Dollar,,,"50 Cents - Silver Nugget (Las Vegas, Nevada)",Yes,No,No,No
coin,Half Dollar,Half Dollar,,,"50 Cents - Sahara Tahoe (Stateline, Nevada)",Yes,No,No,No
coin,Half Dollar,Half Dollar,,,"50 Cents - Harvey's Resort Hotel (Stateline, Nevada)",Yes,No,No,No
coin,Half Dollar,Half Dollar,,,"50 Cents - Harolds Club (Reno, Nevada)",Yes,No,No,No
coin,Half Dollar,Half Dollar,,,"50 Cents - Mapes Casino (Reno, Nevada)",Yes,No,No,No
coin,Dollar,One Cent,,,1 Cent - Kamehameha III (Hawaii),Yes,No,No,No
coin,Half Dollar,Half Dollar,,,"50 Cents - Ponderosa Hotel and Casino (Reno, Nevada)",Yes,No,No,No
coin,Dollar,One Cent,,,1 Cent - Kamehameha III (Hawaii),Yes,No,No,No
coin,Half Dollar,Half Dollar,,,"50 Cents - Holiday Hotel (Reno, Nevada)",Yes,No,No,No
coin,Half Dollar,Half Dollar,,,"50 Cents - Club Cal-Neva (Reno, Nevada)",Yes,No,No,No
coin,Half Dollar,Half Dollar,,,"50 Cents - Riverside Hotel and Casino (Reno, Nevada)",Yes,No,No,No
coin,Half Dollar,Half Dollar,,,"50 Cents - Carson City Nugget (Carson City, Nevada)",Yes,No,No,No
coin,Dollar,One Cent,,,1 Cent - Kamehameha III (Hawaii),Yes,No,No,No
coin,Dollar,Five Cents,,,5 Cents (Utah State Prison),Yes,No,No,No
coin,Dollar,One Cent,,,1 Cent - Washington “Double Head”,Yes,No,No,No
coin,Dollar,One Hundred Dollars,,,100 Dollars (American Liberty High Relief),Yes,No,No,No
coin,Dollar,One Dollar,,,1 Million Dollars (Harley Davidson),Yes,No,No,No
coin,Dollar,One Dollar,,,1 Goldback (Wyoming),Yes,No,No,No
coin,Dollar,One Dollar,,,American Museum of Natural History - Bears,Yes,No,No,No
coin,Dollar,One Cent,,,1 Cent (Pattern),Yes,No,No,No
coin,Dollar,One Dime,,,10 Cents (Pattern),Yes,No,No,No
coin,Half Dollar,Half Dollar,,,Half Dollar (Pattern),Yes,No,No,No
coin,Dollar,One Cent,,,1 Cent (Pattern),Yes,No,No,No
coin,Dollar,Five Cents,,,5 Cents (Pattern),Yes,No,No,No
coin,Dollar,Fifty Dollars,,,50 Dollars - American Express Travelers Cheque,Yes,No,No,No
coin,Dollar,One Hundred Dollars,,,100 Dollars (American Express Travelers Cheque),Yes,No,No,No
coin,Dollar,One Dollar,,,"Keysville Lumber Co. (Keysville, Florida)",Yes,No,No,No
coin,Dollar,Five Hundred Dollars,,,500 Dollars (American Express Travelers Cheque),Yes,No,No,No
coin,Dollar,Fifty Dollars,,,"50 Dollars (Citizens' Bank of Louisiana, Shreveport; Bilingual)",Yes,No,No,No
coin,Dollar,Three Dollars,,,3 Dollars (South Carolina Rail Road),Yes,No,No,No
coin,Quarter,One Dollar,,,1 Ounce Silver - Belle Poule (AMC),Yes,No,No,No
coin,Dollar,One Dollar,,,1 Dollar - AC/DC Angus Bucks,Yes,No,No,No
coin,Dollar,Fifty Dollars,,,"50 Dollars (Clinton County, Indiana)",Yes,No,No,No
coin,Dollar,Five Cents,,,25 Cents (Indian Head Bank),Yes,No,No,No
coin,Dollar,One Dollar,,,1 Dollar (The Farmers' and Mechanics' Bank),Yes,No,No,No
coin,Dollar,Fifty Dollars,,,50 Dollars (Bank of America Travelers Cheque),Yes,No,No,No
coin,Dollar,Five Cents,,,5 Cents - Get A Small Soft Drink (AMC Theatres),Yes,No,No,No
coin,Dollar,Five Cents,,,"5 Cents - Watling Manufacturing (Chicago, Illinois)",Yes,No,No,No
coin,Dollar,Half Dollar,,,"50 Cents (""Fractional Currency"" - 2nd issue)",Yes,No,No,No
coin,Dollar,Two Dollars,,,"2 Dollars - Downtown At The Gardens (Palm Beach Gardens, Florida)",Yes,No,No,No
coin,Dollar,Half Dollar,,,"50 Cents - Madrid Supply Co. (Madrid, New Mexico)",Yes,No,No,No
coin,Dollar,Five Cents,,,"5 Cents - Grayson Cooperative Co (Blanding, Utah)",Yes,No,No,No
coin,Dollar,One Dime,,,"10 Cents - Grayson Cooperative Co (Blanding, Utah)",Yes,No,No,No
coin,Dollar,Half Dollar,,,"50 Cents - Grayson Cooperative Co (Blanding, Utah)",Yes,No,No,No
coin,Dollar,One Dollar,,,"1 Dollar - Grayson Cooperative Co (Blanding, Utah)",Yes,No,No,No
coin,Dollar,Five Cents,,,"25 Cents - Grayson Cooperative Co (Blanding, Utah)",Yes,No,No,No
coin,Dollar,Five Cents,,,"5 Cents - LDS Church Welfare Plan (Salt Lake City, Utah)",Yes,No,No,No
coin,Dollar,One Dime,,,"10 Cents - LDS Church Welfare Plan (Salt Lake City, Utah)",Yes,No,No,No
coin,Dollar,Five Cents,,,"25 Cents - LDS Church Welfare Plan (Salt Lake City, Utah)",Yes,No,No,No
coin,Dollar,Half Dollar,,,"50 Cents - LDS Church Welfare Plan (Salt Lake City, Utah)",Yes,No,No,No
coin,Dollar,One Dollar,,,"1 Dollar - LDS Church Welfare Plan (Salt Lake City, Utah)",Yes,No,No,No
coin,Dollar,Five Cents,,,"5 Cents - LDS Church Welfare Plan (Salt Lake City, Utah)",Yes,No,No,No
coin,Dollar,One Dime,,,"10 Cents - LDS Church Welfare Plan (Salt Lake City, Utah)",Yes,No,No,No
coin,Dollar,Five Cents,,,"25 Cents - LDS Church Welfare Plan (Salt Lake City, Utah)",Yes,No,No,No
coin,Dollar,Half Dollar,,,"50 Cents - LDS Church Welfare Plan (Salt Lake City, Utah)",Yes,No,No,No
coin,Dollar,One Dollar,,,"1 Dollar - LDS Church Welfare Plan (Salt Lake City, Utah)",Yes,No,No,No
coin,Dollar,One Dollar,,,"1 Dollar - MGM Grand (Detroit, Michigan)",Yes,No,No,No
coin,Dollar,Half Cent,,,"12½ Cents - Stevens Dolan's Hotel (Seattle, Washington)",Yes,No,No,No
coin,Dollar,Five Cents,,,"5 Cents - W.J. Young and Co (San Francisco, California)",Yes,No,No,No
coin,Dollar,Half Dollar,,,"1½ Dollars - Southern Lumber Company (Tifton, Georgia)",Yes,No,No,No
coin,Dollar,Five Cents,,,"25 Cents (""Fractional Currency"" - 3rd series)",Yes,No,No,No
coin,Dollar,Half Dollar,,,"50 Cents (""Fractional Currency"" - 3rd series)",Yes,No,No,No
coin,Dollar,Half Dollar,,,"50 Cents (""Fractional Currency"" - 4th issue)",Yes,No,No,No
coin,Dollar,One Dime,,,10 Cents - Colgate (Palmolive),Yes,No,No,No
coin,Dollar,Five Cents,,,5 Cents - St. Petersburg Emergency Scrip,Yes,No,No,No
coin,Dollar,One Dollar,,,8 Dollars / 36 Shillings (Colony of Maryland),Yes,No,No,No
coin,Dollar,Two Dollars,,,"2 Dollars - Mormon Relief Society (Salt Lake City, Utah)",Yes,No,No,No
coin,Dollar,Five Cents,,,"5 Cents- Patterson and Wahl (Streator, Illinois)",Yes,No,No,No
coin,Dollar,Five Cents,,,"5 Cents - Vargo Oil Co Inc. (North Hollywood, California)",Yes,No,No,No
coin,Dollar,Five Cents,,,"5 Cents- L.O.O.M. No. 146 (Saint Mary, Pennsylvania)",Yes,No,No,No
coin,Dollar,One Dollar,,,50 State Dollars - Lewis & Clark (North Dakota),Yes,No,No,No
coin,Dollar,Five Cents,,,"5 Cents- Brown Derby (Chicago, Illinois)",Yes,No,No,No
coin,Dollar,Ten Dollars,,,"10 Dollars - 4 Queens Hotel and Casino (Las Vegas, Nevada)",Yes,No,No,No
coin,Dollar,One Dollar,,,"1 Dollar - Fort Hays Coin Club (Hays City, Kansas)",Yes,No,No,No
coin,Dollar,One Dollar,,,"1 Dollar - Binion's Horseshoe (Las Vegas, Nevada)",Yes,No,No,No
coin,Dollar,Five Cents,,,"25 Cents - Auto Park (Hamilton, Ohio)",Yes,No,No,No
coin,Dollar,One Dollar,,,"1 Dollar - Hotel Continental (Las Vegas, Nevada)",Yes,No,No,No
coin,Quarter,One Dollar,,,¼ oz Silver Eagle Round,Yes,No,No,No
coin,Dollar,One Dollar,,,"Summer Olympic Games - Soccer (Montreal, Canada)",Yes,No,No,No
coin,Dollar,One Dollar,,,"1 Dollar - Sam's Town Hotel and Gambling Hall (Tunica, Mississippi)",Yes,No,No,No
coin,Dollar,One Dollar,,,"1 Dollar - Hollywood Casino (Shreveport, Louisiana)",Yes,No,No,No
coin,Dollar,Five Dollars,,,"5 Dollar - Grand Casino (Gulfport, Mississippi)",Yes,No,No,No
coin,Dollar,Five Cents,,,"25 Cents - Robert Mish World Coins (San Mateo, California)",Yes,No,No,No
coin,Dollar,Twenty Dollars,,,"20 Dollars (""Redback"")",Yes,No,No,No
coin,Dollar,One Dollar,,,1 000 000 Dollars (Miss Liberty; holographic band),Yes,No,No,No
coin,Dollar,Twenty Dollars,,,20 Dollars - Motion Picture Purposes,Yes,No,No,No
coin,Dollar,Two Dollars,,,2 Dollars,Yes,No,No,No
coin,Dollar,Three Dollars,,,3 Dollars,Yes,No,No,No
coin,Dollar,Five Dollars,,,"5 Dollars (""Redback"")",Yes,No,No,No
coin,Dollar,One Dollar,,,"1 Irish Dollar - Robert Emmit (Emmetsburg, Iowa)",Yes,No,No,No
coin,Half Dollar,One Dollar,,,"55th Anniversary - Glendale Coin Club (Glendale, California)",Yes,No,No,No
coin,Half Dollar,Half Dollar,,,"50 Cents - Civil War Centennial (Muscle Shoals, Alabama)",Yes,No,No,No
coin,Dollar,One Dollar,,,1 Ounce - 50 Dollars,Yes,No,No,No
coin,Quarter,One Dollar,,,"1 Fare - Conestoga Transportation Co. (Lancaster, Pennsylvania)",Yes,No,No,No
coin,Dollar,Five Cents,,,"5 Cents - Umbria Bo So (Pittston, Pennsylvania)",Yes,No,No,No
coin,Dollar,Half Dollar,,,"50 Cents - Sesquicentennial (Tallmadge, Ohio)",Yes,No,No,No
coin,Dollar,Half Dollar,,,"50 Cents - Sesquicentennial (Chardon, Ohio)",Yes,No,No,No
coin,Dollar,Half Dollar,,,"50 Cents - Sesquicentennial of Northfield Center, Macedonia, Northfield Village and Sagamore Hills (Akron, Ohio)",Yes,No,No,No
coin,Dollar,One Hundred Dollars,,,100 Dollars (Large-Size Federal Reserve Note),Yes,No,No,No
coin,Dollar,Five Cents,,,5 Cents (30178),Yes,No,No,No
coin,Dollar,Half Cent,,,"12½ Cents - Elks Home 111 (Columbus, Georgia)",Yes,No,No,No
coin,Dollar,1 Mill,,,1 Mill - Sales Tax Payment (Arizona),Yes,No,No,No
coin,Dollar,One Dollar,,,Silver (Flowing Hair Dollar 1794),Yes,No,No,No
coin,Dollar,Five Cents,,,5 Cents - 31547,Yes,No,No,No
coin,Dollar,Five Cents,,,5 Cents (30010),Yes,No,No,No
coin,Dollar,Five Cents,,,5 Cents (20069),Yes,No,No,No
coin,Dollar,One Dollar,,,1 Monopoly Dollar - The Simpsons,Yes,No,No,No
coin,Dollar,One Dollar,,,5 Monopoly Dollars - The Simpsons,Yes,No,No,No
coin,Dollar,One Dollar,,,10 Monopoly Dollars - The Simpsons,Yes,No,No,No
coin,Dollar,One Dollar,,,20 Monopoly Dollars - The Simpsons,Yes,No,No,No
coin,Dollar,One Dollar,,,50 Monopoly Dollars - The Simpsons,Yes,No,No,No
coin,Dollar,One Dollar,,,100 Monopoly Dollars - The Simpsons,Yes,No,No,No
coin,Dollar,One Dollar,,,500 Monopoly Dollars - The Simpsons,Yes,No,No,No
coin,Dollar,Five Cents,,,"5 Cents - 6th Annual Strawberry Festival (Paducah, Kentucky)",Yes,No,No,No
coin,Dollar,Half Dollar,,,"50 Cents - East St. Louis Centennial (East St. Louis, Illinois)",Yes,No,No,No
coin,Dollar,Half Dollar,,,"50 Cents - Hilton Casino (Las Vegas, Nevada)",Yes,No,No,No
coin,Dollar,One Dollar,,,1 Dollar - Lucky Strike Club,Yes,No,No,No
coin,Dollar,Five Cents,,,"25 Cents - Sahara Card Room (Las Vegas, Nevada)",Yes,No,No,No
coin,Dollar,Fifty Dollars,,,50 Dollars (Gold Certificate),Yes,No,No,No
coin,Dollar,One Dollar,,,50 State Dollars - Robert Cavelier De La Salle (Louisiana),Yes,No,No,No
coin,Dollar,One Dollar,,,50 State Dollars - Abraham Lincoln (Illinois),Yes,No,No,No
coin,Dollar,One Dollar,,,1 Dollar (State of North Carolina),Yes,No,No,No
coin,Dollar,Two Dollars,,,2 Dollars (United States Department of Agriculture Food Coupon),Yes,No,No,No
coin,Dollar,Half Dollar,,,50 Cents (United States Department of Agriculture Food Coupon),Yes,No,No,No
coin,Dollar,One Dollar,,,"1 Dollar Sky Ute Casino (Ignacio, Colorado)",Yes,No,No,No
coin,Dollar,Five Dollars,,,"5 Dollar Sky Ute Casino (Ignacio, Colorado)",Yes,No,No,No
coin,Quarter,One Dollar,,,Crater Lake (Oregon),Yes,No,No,No
coin,Dollar,Five Cents,,,25 Cents,Yes,No,No,No
coin,Dollar,One Dollar,,,"1 Dollar - Fort Sill Centennial (Fort Sill, Oklahoma)",Yes,No,No,No
coin,Dollar,One Dime,,,10 Cents (Miners' Life Insurance and Trust Co. - Pennsylvania),Yes,No,No,No
coin,Dollar,Half Dollar,,,50 Cents (Macon Savings Bank),Yes,No,No,No
coin,Dollar,Five Cents,,,25 Cents - Shakey's Pizza,Yes,No,No,No
coin,Quarter,Ten Dollars,,,10 Dollars,Yes,No,No,No
coin,Dollar,One Cent,,,"One Cent (Boise, Idaho)",Yes,No,No,No
coin,Dollar,Half Dollar,,,"50 Cents - Michaelangelo's Pizza (Monterey Park, California)",Yes,No,No,No
coin,Quarter,Quarter Dollar,,,"¼ Dollar ""Washington Quarter"" (Apostle Islands National Lakeshore - 5 oz Bullion)",Yes,No,No,No
coin,Dollar,Five Dollars,,,5 Dollars (German Colony - East Africa),Yes,No,No,No
coin,Dollar,Five Dollars,,,5 Dollars (Pope John Paul II),Yes,No,No,No
coin,Dollar,Five Dollars,,,5 Dollars (Otto von Bismarck),Yes,No,No,No
coin,Dollar,Half Dollar,,,50 Cents - Asian Fest,Yes,No,No,No
coin,Dollar,One Dime,,,"10 Cents - Burt County Bridge Comm. (Decatur, Nebraska)",Yes,No,No,No
coin,Dollar,One Dollar,,,Presidential Oath Dollar (Martin Van Buren),Yes,No,No,No
coin,Dollar,Fifty Dollars,,,50 Dollars (Gold Certificate),Yes,No,No,No
coin,Dollar,One Dollar,,,"1 Dollar - Fallout New Vegas (Primm, Nevada)",Yes,No,No,No
coin,Dollar,Half Dollar,,,"50 Cents - Adult Book Store (Seattle, Washington)",Yes,No,No,No
coin,Dollar,One Dime,,,"10 Cents - United Motor Coach (Des Plaines, Illinois)",Yes,No,No,No
coin,Dollar,One Dollar,,,40 Shillings (Colony of Connecticut),Yes,No,No,No
coin,Dollar,Five Cents,,,"5 Cents - Humboldt Cabinet Co (Eureka, California)",Yes,No,No,No
coin,Quarter,One Dollar,,,"Challenge Coin - F-15E, 4th Fighter Wing (Seymour Johnson AFB)",Yes,No,No,No
coin,Dollar,Two and a Half Dollars,,,"2½ Dollars - Golden Nugget Casino (Lake Charles, Louisiana)",Yes,No,No,No
coin,Dollar,One Dollar,,,Presidential Oath Dollar (James Madison),Yes,No,No,No
coin,Dollar,One Dime,,,"10 Cents - Doty Lumber and Shingle Co. (Doty, Washington)",Yes,No,No,No
coin,Half Dollar,Half Dollar,,,"½ Dollar - North Dakota Diamond Jubilee (Bismarck, North Dakota)",Yes,No,No,No
coin,Dollar,Five Cents,,,"5 Cents - The Mint (Glasgow, Montana)",Yes,No,No,No
coin,Dollar,One Dollar,,,1 Dollar - The Byers' Island,Yes,No,No,No
coin,Dollar,Two Dollars,,,2 Dollars - The Byers' Island,Yes,No,No,No
coin,Dollar,Five Dollars,,,5 Dollars - The Byers' Island,Yes,No,No,No
coin,Dollar,Ten Dollars,,,10 Dollars - The Byers' Island,Yes,No,No,No
coin,Dollar,Twenty Dollars,,,20 Dollars - The Byers' Island,Yes,No,No,No
coin,Dollar,Fifty Dollars,,,50 Dollars - The Byers' Island,Yes,No,No,No
coin,Dollar,Five Cents,,,"25 Cents - Diamond Parking Service, World's Fair (Seattle, Washington)",Yes,No,No,No
coin,Dollar,One Hundred Dollars,,,100 Dollars (American Liberty High Relief),Yes,No,No,No
coin,Dollar,One Dollar,,,10 000 Dollars (Gold Certificate),Yes,No,No,No
coin,Dollar,One Dollar,,,10 000 Dollars (Gold Certificate),Yes,No,No,No
coin,Dollar,One Cent,,,66 Cents - Berdoo,Yes,No,No,No
coin,Dollar,Five Dollars,,,"5 Dollars (Demand Note - ""Greenback"")",Yes,No,No,No
coin,Dollar,Ten Dollars,,,"10 Dollars (Demand Note - ""Greenback"")",Yes,No,No,No
coin,Dollar,Twenty Dollars,,,"20 Dollars (Demand Note - ""Greenback"")",Yes,No,No,No
coin,Dollar,One Dollar,,,5 Vestindiske Dalere / 5 Dollars (St. Croix),Yes,No,No,No
coin,Dollar,One Dollar,,,50 Vestindiske Dalere / 50 Dollars (St. Croix),Yes,No,No,No
coin,Dollar,One Dollar,,,100 Vestindiske Dalere / 100 Dollars (St. Croix),Yes,No,No,No
coin,Dollar,One Hundred Dollars,,,100 Dollars (Bank of St. Thomas),Yes,No,No,No
coin,Dollar,Five Hundred Dollars,,,500 Dollars (Bank of St. Thomas),Yes,No,No,No
coin,Dollar,One Dollar,,,1 Dollar - S.S. Regent Rainbow (Regency Cruises),Yes,No,No,No
coin,Dollar,One Dime,,,"10 Cents - H. Hosler (Ashland, Oregon)",Yes,No,No,No
coin,Dollar,Five Cents,,,"25 Cents - Frontier Town (Frontier Town, Montana)",Yes,No,No,No
coin,Quarter,One Cent,,,"¼ Cent - Kankakee County Chamber of Commerce (Kankakee, Illinois)",Yes,No,No,No
coin,Quarter,One Dollar,,,"1 Fare - Conestoga Transportation Co. (Lancaster, Pennsylvania)",Yes,No,No,No
coin,Dollar,One Dollar,,,"Chouteau Trust Co. (St. Louis, Missouri)",Yes,No,No,No
coin,Dollar,One Dollar,,,"Havasu Dollar - London Bridge Rotary Club (Lake Havasu City, Arizona)",Yes,No,No,No
coin,Dollar,One Dollar,,,"Havasu Dollar - London Bridge Rotary Club - Hoover Dam (Lake Havasu City, Arizona)",Yes,No,No,No
coin,Dollar,One Dollar,,,"Havasu Dollar - London Bridge Rotary Club - Fishing the Colorado (Lake Havasu City, Arizona)",Yes,No,No,No
coin,Dollar,Five Cents,,,"5 Cents - F. E. Woita's Store (Weston, Nebraska)",Yes,No,No,No
coin,Dollar,One Dollar,,,Presidential Oath Dollar (John Quincy Adams),Yes,No,No,No
coin,Dollar,Five Cents,,,25 Cents - AAFES Gift Certificate (3K25),Yes,No,No,No
coin,Quarter,One Cent,,,"¼ Cent - Ladd Business Men's Association (Ladd, Illinois)",Yes,No,No,No
coin,Quarter,One Cent,,,"¼ Cent - Alfeld and Healy (Livingston, Illinois)",Yes,No,No,No
coin,Dollar,One Dollar,,,1 Ounce Silver - Peace Dollar Design,Yes,No,No,No
coin,Dollar,One Dollar,,,"1 Dollar - Colorado Belle (Laughlin, Nevada)",Yes,No,No,No
coin,Dollar,Five Cents,,,"5 Cents - Landgraff Realty Company Store (Landgraff, West Virginia)",Yes,No,No,No
coin,Dollar,Twenty Dollars,,,20 Dollars - NORFED Liberty Dollar (Michigan),Yes,No,No,No
coin,Dollar,Twenty Dollars,,,20 Dollars - NORFED Liberty Dollar (Florida),Yes,No,No,No
coin,Dollar,Twenty Dollars,,,20 Dollars - NORFED Liberty Dollar (California),Yes,No,No,No
coin,Half Dollar,Half Dollar,,,½ Dollar - Denny's Dough,Yes,No,No,No
coin,Dollar,One Dollar,,,"General Merchandise (Dunmor, Kentucky)",Yes,No,No,No
coin,Dollar,Five Cents,,,"25 Cents - Knights of Pythias No. 7 (Albany, Oregon)",Yes,No,No,No
coin,Dollar,Five Cents,,,5 Cents - AAFES Gift Certificate (9D5),Yes,No,No,No
coin,Dollar,One Dollar,,,Continental Currency,Yes,No,No,No
coin,Dollar,One Dollar,,,1 Dollar - MAAG Officers Club (Taipei),Yes,No,No,No
coin,Dollar,One Dime,,,"10 Cents - Chicago and Calumet District Transit Co. Inc. (Hammond, Indiana)",Yes,No,No,No
coin,Dollar,One Dollar,,,"40 Dollars - The Mirage (Las Vegas, Nevada)",Yes,No,No,No
coin,Dollar,One Dime,,,"10 Cents - Faye M. Snyder (Grant, Nebraska)",Yes,No,No,No
coin,Dollar,Five Dollars,,,5 Dollars (Lauer),Yes,No,No,No
coin,Dollar,Five Dollars,,,"5 Dollars - Fabulous Las Vegas (Las Vegas, Nevada)",Yes,No,No,No
coin,Dollar,One Dollar,,,"The Museum of Flight (Seattle, Washington)",Yes,No,No,No
coin,Dollar,One Dollar,,,"1 Sand Dollar - Kiwanis Club (Palm Beach, Florida)",Yes,No,No,No
coin,Dollar,One Dollar,,,Third Inauguration of Franklin Roosevelt,Yes,No,No,No
coin,Dollar,Five Cents,,,"25 Cents - Turfway Car Wash (Florence, Kentucky)",Yes,No,No,No
coin,Dollar,Ten Dollars,,,10 Dollars - McCarran Airport Limited Edition,Yes,No,No,No
coin,Quarter,Quarter Dollar,,,"Encased Puerto Rican Quarter - Flower's Guest House (Rincon, Puerto Rico)",Yes,No,No,No
coin,Quarter,One Cent,,,Encased Penny (Flower's Guest House),Yes,No,No,No
coin,Dollar,Five Cents,,,25 Cents (State of North Carolina),Yes,No,No,No
coin,Dollar,Half Dollar,,,"50 Cents - Hi- Dolly (City of Industry, California)",Yes,No,No,No
coin,Dollar,Five Cents,,,"25 Cents - C4th Bar (Seaforth, Minnesota)",Yes,No,No,No
coin,Dollar,One Dollar,,,"1 Dollar - Fayette - Jellico Coal Company (Anchor, Kentucky)",Yes,No,No,No
coin,Dollar,Half Dollar,,,"50 Cents - Fayette - Jellico Coal Company (Anchor, Kentucky)",Yes,No,No,No
coin,Dollar,Five Cents,,,"25 Cents - Fayette - Jellico Coal Company (Anchor, Kentucky)",Yes,No,No,No
coin,Dollar,One Dime,,,"10 Cents - Fayette - Jellico Coal Company (Anchor, Kentucky)",Yes,No,No,No
coin,Dollar,Five Cents,,,"5 Cents - Orange Lantern Cafe (Chicago, Illinois)",Yes,No,No,No
coin,Dollar,Five Cents,,,"5 Cents - Mil-Arm Inn (Chicago, Illinois)",Yes,No,No,No
coin,Dollar,Five Dollars,,,5 Dollars Norwegian Cruise Lines (Jewel),Yes,No,No,No
coin,Dollar,Five Cents,,,"5 Cents - Downtown Bay City (Bay City, Michigan)",Yes,No,No,No
coin,Dollar,Ten Dollars,,,10 Dollars (American Express Travelers Cheque),Yes,No,No,No
coin,Dollar,Twenty Dollars,,,20 Dollars NCR Gold (Fallout New Vegas),Yes,No,No,No
coin,Dollar,One Dollar,,,"Pike Place Market (Seattle, Washington)",Yes,No,No,No
coin,Dollar,One Dollar,,,Brewster's Millions,Yes,No,No,No
coin,Dollar,Five Dollars,,,5 Dollars (Silver Certificate),Yes,No,No,No
coin,Dollar,One Dollar,,,Tiger Transfer,Yes,No,No,No
coin,Dollar,One Dollar,,,Hawaii - Kalākaua I,Yes,No,No,No
coin,Dollar,Five Cents,,,5 Cents - N.C.O. Club,Yes,No,No,No
coin,Dollar,One Dollar,,,"World Fair of Money - ANA (Philadelphia, Pennsylvania)",Yes,No,No,No
coin,Dollar,Five Cents,,,5 Cents - AAFES Gift Certificate (10F5),Yes,No,No,No
coin,Dollar,Five Cents,,,5 Cents - AAFES Gift Certificate (11A5),Yes,No,No,No
coin,Dollar,Five Cents,,,5 Cents - AAFES Gift Certificate (11G5),Yes,No,No,No
coin,Dollar,One Dime,,,10 Cents - AAFES Gift Certificate (11K10),Yes,No,No,No
coin,Dollar,One Dime,,,10 Cents - AAFES Gift Certificate (11L10),Yes,No,No,No
coin,Dollar,One Dime,,,10 Cents - AAFES Gift Certificate (11M10),Yes,No,No,No
coin,Dollar,Five Cents,,,25 Cents - AAFES Gift Certificate (11B25),Yes,No,No,No
coin,Dollar,Five Cents,,,25 Cents - AAFES Gift Certificate (11C25),Yes,No,No,No
coin,Dollar,Five Cents,,,25 Cents - AAFES Gift Certificate (11D25),Yes,No,No,No
coin,Dollar,Five Cents,,,25 Cents - AAFES Gift Certificate (12D25),Yes,No,No,No
coin,Dollar,Five Cents,,,25 Cents - AAFES Gift Certificate (13A25),Yes,No,No,No
coin,Dollar,Five Cents,,,25 Cents - AAFES Gift Certificate (13G25),Yes,No,No,No
coin,Dollar,Five Cents,,,25 Cents - AAFES Gift Certificate (13K25),Yes,No,No,No
coin,Dollar,Five Cents,,,25 Cents - AAFES Gift Certificate (13M25),Yes,No,No,No
coin,Dollar,One Dollar,,,"Silver Dollar City Frisco Train (Branson, Missouri)",Yes,No,No,No
coin,Quarter,One Cent,,,"6¼ Cents (Huntingdon, Cambria and Indiana Turnpike Road Company)",Yes,No,No,No
coin,Half Dollar,Half Cent,,,"12½ Cents (Huntingdon, Cambria and Indiana Turnpike Road Company)",Yes,No,No,No
coin,Dollar,Five Cents,,,25 Cents (Sutton and Stewart),Yes,No,No,No
coin,Dollar,One Dollar,,,Presidential Oath Dollar (George Washington),Yes,No,No,No
coin,Dollar,One Dollar,,,Presidential Oath Dollar (James Monroe),Yes,No,No,No
coin,Dollar,One Dollar,,,"1 Dollar - Harley Davidson (Bryson City, North Carolina)",Yes,No,No,No
coin,Dollar,Five Cents,,,"5 Cents - Warren-Bisbee Bus Line (Bisbee, Arizona)",Yes,No,No,No
coin,Dollar,One Dime,,,"10 Cents - Del Ford Dollar Varieties (Del City, Oklahoma)",Yes,No,No,No
coin,Dollar,Five Cents,,,"5 Cents - Fayette - Jellico Coal Company (Anchor, Kentucky)",Yes,No,No,No
coin,Dollar,Half Dollar,,,50 Cents (Bank of Augusta),Yes,No,No,No
coin,Dollar,Five Cents,,,25 Cents (Mechanics Savings and Loan Association),Yes,No,No,No
coin,Dollar,One Dime,,,"10 Cents - Fred's Tavern (Reedsburg, Wisconsin)",Yes,No,No,No
coin,Half Dollar,Five Cents,,,"25 Cents - Solar Car Wash (Roseville, Minnesota)",Yes,No,No,No
coin,Dollar,Half Dollar,,,"50 Cents - C.M. Hayes and Co. (McCloud, Oklahoma Territory)",Yes,No,No,No
coin,Dollar,One Dollar,,,"7 Dollars - Edgewater Hotel and Casino (Laughlin, Nevada)",Yes,No,No,No
coin,Dollar,Five Dollars,,,"5 Dollars - Aladdin Hotel (Las Vegas, Nevada)",Yes,No,No,No
coin,Dollar,One Dollar,,,"40 Dollars - Harrah's Casino Hotel (Las Vegas, Nevada)",Yes,No,No,No
coin,Dollar,Ten Dollars,,,"10 Dollars - Maxim Hotel & Casino (Las Vegas, Nevada)",Yes,No,No,No
coin,Dollar,Ten Dollars,,,"10 Dollars - Flamingo Hilton (Las Vegas, Nevada)",Yes,No,No,No
coin,Dollar,Ten Dollars,,,"10 Dollars - Barbary Coast (Las Vegas, Nevada)",Yes,No,No,No
coin,Dollar,Ten Dollars,,,"10 Dollars - Treasure Island at the Mirage (Las Vegas, Nevada)",Yes,No,No,No
coin,Dollar,Ten Dollars,,,"10 Dollars - Bally's (Las Vegas, Nevada)",Yes,No,No,No
coin,Dollar,Ten Dollars,,,"10 Dollars - Tropicana (Las Vegas, Nevada)",Yes,No,No,No
coin,Dollar,Ten Dollars,,,"10 Dollars - Edgewater Hotel and Casino (Laughlin, Nevada)",Yes,No,No,No
coin,Dollar,Ten Dollars,,,"10 Dollars - Stratosphere (Las Vegas, Nevada)",Yes,No,No,No
coin,Dollar,Ten Dollars,,,"10 Dollars - El Cortez (Las Vegas, Nevada)",Yes,No,No,No
coin,Dollar,Five Cents,,,"5 Cents - Corner Bar (Kemmerer, Wyoming)",Yes,No,No,No
coin,Dollar,One Cent,,,"1 Cent - The New River Company (Price Hill, West Virginia)",Yes,No,No,No
coin,Dollar,One Dime,,,"10 Cents - Bessemer Coal, Iron and Land Co. (Belle Ellen, Alabama)",Yes,No,No,No
coin,Dollar,Ten Dollars,,,"10 Dollars - Golden Nugget (Las Vegas, Nevada)",Yes,No,No,No
coin,Dollar,Ten Dollars,,,"10 Dollar - Stratosphere (Las Vegas, Nevada)",Yes,No,No,No
coin,Dollar,Ten Dollars,,,"10 Dollars - Golden Nugget (Las Vegas, Nevada)",Yes,No,No,No
coin,Dollar,Ten Dollars,,,"10 Dollars - The Mirage (Las Vegas, Nevada)",Yes,No,No,No
coin,Dollar,Ten Dollars,,,"10 Dollars - Golden Nugget (Las Vegas, Nevada)",Yes,No,No,No
coin,Dollar,Ten Dollars,,,"10 Dollars - Sam's Town (Las Vegas, Nevada)",Yes,No,No,No
coin,Dollar,Ten Dollars,,,"10 Dollars - Rio Suite Hotel and Casino (Las Vegas, Nevada)",Yes,No,No,No
coin,Quarter,One Dollar,,,American Express Presidential Treasury (James Madison),Yes,No,No,No
coin,Half Dollar,Half Cent,,,"½ Cent - Foster-Avery Company (Portland, Maine)",Yes,No,No,No
coin,Dollar,Five Cents,,,"25 Cents - Country Car Wash (Manchester, Iowa)",Yes,No,No,No
coin,Dollar,One Dollar,,,2.5 Dollars Liberty Head (2 Grams Silver),Yes,No,No,No
coin,Dollar,One Dollar,,,"1 Dollar - Pittsfield Farmers Market (Pittsfield, Massachusetts)",Yes,No,No,No
coin,Dollar,Two Dollars,,,2 Dollars (State of North Carolina),Yes,No,No,No
coin,Dollar,Five Cents,,,25 Cents (Mechanics Savings and Loan Association),Yes,No,No,No
coin,Dollar,Five Cents,,,5 Cent - Food Stamp Scrip - Hillman’s Inc.,Yes,No,No,No
coin,Dollar,One Dime,,,10 Cents (State of Florida; 3rd issue),Yes,No,No,No
coin,Dollar,Five Cents,,,25 Cents (State of Florida; 3rd issue),Yes,No,No,No
coin,Dollar,Five Dollars,,,5 Dollars (U.S.A. Bond of the State of Louisiana),Yes,No,No,No
coin,Dollar,Twenty Dollars,,,20 Dollars (Bank of Augusta),Yes,No,No,No
coin,Dollar,Two Dollars,,,2 Dollars (State of Florida),Yes,No,No,No
coin,Dollar,Five Dollars,,,5 Dollars (State of Florida),Yes,No,No,No
coin,Dollar,Ten Dollars,,,"10 Dollars (National Bank Note; ""Brown Back"")",Yes,No,No,No
coin,Dollar,Five Cents,,,25 Cent - Food Stamp Scrip - Hillman’s Inc.,Yes,No,No,No
coin,Dollar,One Dollar,,,1 Dollar - Radiant Eagle Saloon Chip,Yes,No,No,No
coin,Dollar,One Cent,,,"1 Cent - A.P. Nelson General Store (Storden, Minnesota)",Yes,No,No,No
coin,Dollar,Two Dollars,,,"2 Dollars - Moose Lodge 624 (Lake City, Florida)",Yes,No,No,No
coin,Dollar,One Dollar,,,"1 Dollar - Golden Gate Casino (Las Vegas, Nevada)",Yes,No,No,No
coin,Dollar,One Dollar,,,Fifty-State Bicentennial (Delaware),Yes,No,No,No
coin,Dollar,Twenty Dollars,,,20 Dollars - Amelia Earhart,Yes,No,No,No
coin,Dollar,Five Cents,,,"5 Cents- Confectionary (Langlois, Oregon)",Yes,No,No,No
coin,Dollar,Twenty Dollars,,,20 Dollars (Gold Certificate),Yes,No,No,No
coin,Dollar,Ten Dollars,,,"10 Dollars - Fremont (Las Vegas, Nevada)",Yes,No,No,No
coin,Dollar,One Dollar,,,1 Ounce - 10 Dollars (NORFED Liberty Dollar),Yes,No,No,No
coin,Dollar,Half Dollar,,,"50 Cents - Albany Tulip Festival (Albany, New York)",Yes,No,No,No
coin,Dollar,One Dollar,,,Fifty-State Bicentennial (Pennsylvania),Yes,No,No,No
coin,Dollar,One Dollar,,,Fifty-State Bicentennial (New Jersey),Yes,No,No,No
coin,Dollar,One Dollar,,,Fifty-State Bicentennial (Georgia),Yes,No,No,No
coin,Dollar,One Dollar,,,Fifty-State Bicentennial (Connecticut),Yes,No,No,No
coin,Dollar,One Dollar,,,Fifty-State Bicentennial (Massachusetts),Yes,No,No,No
coin,Dollar,One Dollar,,,Fifty-State Bicentennial (Maryland),Yes,No,No,No
coin,Dollar,One Dollar,,,Fifty-State Bicentennial (South Carolina),Yes,No,No,No
coin,Dollar,One Dollar,,,Fifty-State Bicentennial (New Hampshire),Yes,No,No,No
coin,Dollar,One Dollar,,,Fifty-State Bicentennial (Virginia),Yes,No,No,No
coin,Dollar,One Dollar,,,Fifty-State Bicentennial (New York),Yes,No,No,No
coin,Dollar,One Dollar,,,Fifty-State Bicentennial (North Carolina),Yes,No,No,No
coin,Dollar,One Dollar,,,Fifty-State Bicentennial (Rhode Island),Yes,No,No,No
coin,Dollar,One Dollar,,,Fifty-State Bicentennial (Vermont),Yes,No,No,No
coin,Dollar,One Dollar,,,Fifty-State Bicentennial (Kentucky),Yes,No,No,No
coin,Dollar,One Dollar,,,Fifty-State Bicentennial (Tennessee),Yes,No,No,No
coin,Dollar,One Dollar,,,Fifty-State Bicentennial (Ohio),Yes,No,No,No
coin,Dollar,One Dollar,,,Fifty-State Bicentennial (Louisiana),Yes,No,No,No
coin,Dollar,One Dollar,,,Fifty-State Bicentennial (Indiana),Yes,No,No,No
coin,Dollar,One Dollar,,,Fifty-State Bicentennial (Mississippi),Yes,No,No,No
coin,Dollar,Half Dollar,,,"50 Cents - Bennington Bicentennial (Bennington, Vermont)",Yes,No,No,No
coin,Dollar,One Dime,,,"10 Cents - United Motor Coach (Des Plaines, Illinois)",Yes,No,No,No
coin,Dollar,One Dime,,,"10 Cents Fare - Gate City Transit Lines (Greensboro, North Carolina)",Yes,No,No,No
coin,Dollar,One Dollar,,,1976 Calendar (USA Bicentennial),Yes,No,No,No
coin,Dollar,One Dollar,,,Goose in Flight,Yes,No,No,No
coin,Dollar,One Dollar,,,200 Years of Liberty,Yes,No,No,No
coin,Dollar,One Dollar,,,Fifty-State Bicentennial (Illinois),Yes,No,No,No
coin,Dollar,One Dollar,,,Fifty-State Bicentennial (Alabama),Yes,No,No,No
coin,Dollar,One Dollar,,,Fifty-State Bicentennial (Maine),Yes,No,No,No
coin,Dollar,One Dollar,,,Fifty-State Bicentennial (Missouri),Yes,No,No,No
coin,Dollar,One Dollar,,,Fifty-State Bicentennial (Arkansas),Yes,No,No,No
coin,Dollar,One Dollar,,,Fifty-State Bicentennial (Michigan),Yes,No,No,No
coin,Dollar,One Dollar,,,Fifty-State Bicentennial (Florida),Yes,No,No,No
coin,Dollar,One Dollar,,,Fifty-State Bicentennial (Texas),Yes,No,No,No
coin,Dollar,One Dollar,,,Fifty-State Bicentennial (Iowa),Yes,No,No,No
coin,Dollar,One Dollar,,,Fifty-State Bicentennial (Wisconsin),Yes,No,No,No
coin,Dollar,One Dollar,,,Fifty-State Bicentennial (California),Yes,No,No,No
coin,Dollar,One Dollar,,,5 Goldbacks (New Hampshire),Yes,No,No,No
coin,Dollar,One Dollar,,,5 Goldbacks (Wyoming),Yes,No,No,No
coin,Dollar,One Dollar,,,50 Goldbacks (Utah),Yes,No,No,No
coin,Dollar,Five Cents,,,"25 Cents - Carthage Mercantile Company (Carthage, New Mexico)",Yes,No,No,No
coin,Dollar,One Dollar,,,25 Goldbacks (Utah),Yes,No,No,No
coin,Dollar,One Dollar,,,25 Goldbacks (Nevada),Yes,No,No,No
coin,Dollar,One Dollar,,,10 Goldbacks (Nevada),Yes,No,No,No
coin,Dollar,One Dollar,,,10 Goldbacks (New Hampshire),Yes,No,No,No
coin,Dollar,One Dollar,,,Fifty-State Bicentennial (Minnesota),Yes,No,No,No
coin,Dollar,One Dollar,,,Fifty-State Bicentennial (Oregon),Yes,No,No,No
coin,Dollar,One Dollar,,,Fifty-State Bicentennial (Kansas),Yes,No,No,No
coin,Dollar,One Dollar,,,Fifty-State Bicentennial (West Virginia),Yes,No,No,No
coin,Dollar,One Dollar,,,Fifty-State Bicentennial (Nevada),Yes,No,No,No
coin,Dollar,One Dollar,,,Fifty-State Bicentennial (Nebraska),Yes,No,No,No
coin,Dollar,One Dollar,,,Fifty-State Bicentennial (Colorado),Yes,No,No,No
coin,Dollar,One Dollar,,,Fifty-State Bicentennial (North Dakota),Yes,No,No,No
coin,Dollar,One Dollar,,,Fifty-State Bicentennial (South Dakota),Yes,No,No,No
coin,Dollar,Half Dollar,,,"50 Cents - 250th Anniversary of Schoharie Valley (Schoharie, New York)",Yes,No,No,No
coin,Dollar,One Dollar,,,Fifty-State Bicentennial (Montana),Yes,No,No,No
coin,Dollar,One Dollar,,,Fifty-State Bicentennial (Washington),Yes,No,No,No
coin,Dollar,One Dollar,,,Fifty-State Bicentennial (Idaho),Yes,No,No,No
coin,Dollar,One Dollar,,,Fifty-State Bicentennial (Wyoming),Yes,No,No,No
coin,Dollar,One Dollar,,,Fifty-State Bicentennial (Utah),Yes,No,No,No
coin,Dollar,One Dollar,,,Fifty-State Bicentennial (Oklahoma),Yes,No,No,No
coin,Dollar,One Dollar,,,Fifty-State Bicentennial (New Mexico),Yes,No,No,No
coin,Dollar,One Dollar,,,Fifty-State Bicentennial (Arizona),Yes,No,No,No
coin,Dollar,One Dollar,,,Fifty-State Bicentennial (Alaska),Yes,No,No,No
coin,Dollar,One Dollar,,,Fifty-State Bicentennial (Hawaii),Yes,No,No,No
coin,Dollar,One Dollar,,,NORFED Silver $1 Certificate (Warehouse Receipt 1/20oz Silver),Yes,No,No,No
coin,Dollar,Five Cents,,,"25 Cents - Old National Bank (Martinsburg, West Virginia)",Yes,No,No,No
coin,Dollar,Half Dollar,,,"50 Cents - First National Bank (Auburn, Maine)",Yes,No,No,No
coin,Dollar,Half Dollar,,,"50 Cents - Marietta Sesquicentennial (Marietta, Pennsylvania)",Yes,No,No,No
coin,Quarter,One Dollar,,,"1 Fare - Northern Transit Co. (Fargo, North Dakota)",Yes,No,No,No
coin,Quarter,Ten Dollars,,,10 Dollars - NCR Test Note,Yes,No,No,No
coin,Dollar,Twenty Dollars,,,20 Dollars - Fujitsu Test Note,Yes,No,No,No
coin,Dollar,One Dollar,,,1 Dollar,Yes,No,No,No
coin,Dollar,One Dollar,,,Arkansas Tresasury Warrant,Yes,No,No,No
coin,Dollar,Four Dollars,,,4 Dollars - Bank of Florida,Yes,No,No,No
coin,Dollar,Five Dollars,,,5 Dollars - Bank of St. Johns,Yes,No,No,No
coin,Dollar,Five Dollars,,,5 Dollars - Bank of Fernandina,Yes,No,No,No
coin,Dollar,Ten Dollars,,,10 Dollars - The Bank of West Florida,Yes,No,No,No
coin,Dollar,One Dollar,,,1 Trillion Dollars - Trial Pattern,Yes,No,No,No
coin,Dollar,Two Dollars,,,2 Dollars - The City Trust (New York),Yes,No,No,No
coin,Dollar,Five Dollars,,,5 Dollars - The Atlantic Bank,Yes,No,No,No
coin,Dollar,One Dollar,,,NORFED Silver $1 Certificate (Warehouse Receipt 1/10oz Silver),Yes,No,No,No
coin,Dollar,One Hundred Dollars,,,100 Dollars - Stephen Fuller Austin,Yes,No,No,No
coin,Dollar,One Dollar,,,"1 Dollar - Harrah's Marina (Atlantic City, New Jersey)",Yes,No,No,No
coin,Dollar,One Dollar,,,"The Final Offer (Batman, Iceberg Casino)",Yes,No,No,No
coin,Dollar,One Thousand Dollars,,,1000 Dollars - Fantasy Banknote,Yes,No,No,No
coin,Dollar,Twenty Dollars,,,20 Dollars - Religious Tract,Yes,No,No,No
coin,Dollar,Three Dollars,,,3 Dollars - Fantasy Banknote,Yes,No,No,No
coin,Dollar,One Dollar,,,Big Dollar Game,Yes,No,No,No
coin,Dollar,Ten Dollars,,,10 Dollars (F-22 Raptor),Yes,No,No,No
coin,Dollar,Twenty Dollars,,,20 Dollars (F-14 Tomcat),Yes,No,No,No
coin,Dollar,Five Cents,,,"5 Cents - R. S. Saunders (St. Edward, Nebraska)",Yes,No,No,No
coin,Dollar,One Dime,,,10 Cents - Farron’s,Yes,No,No,No
coin,Dollar,Five Cents,,,"25 Cents - Isle of Capri Casino (Vicksburg, Mississippi)",Yes,No,No,No
coin,Dollar,Fifty Dollars,,,50 Dollars (FA-18 Hornet),Yes,No,No,No
coin,Dollar,One Hundred Dollars,,,100 Dollars (F-35A Lightning II),Yes,No,No,No
coin,Dollar,Fifty Dollars,,,50 Dollars - Benedict Arnold,Yes,No,No,No
coin,Dollar,Twenty Dollars,,,20 Dollars - David Crockett,Yes,No,No,No
coin,Dollar,Five Cents,,,5 Cents - Educational Toy Money,Yes,No,No,No
coin,Dollar,Five Cents,,,5 Cents - W. F. V.,Yes,No,No,No
coin,Dollar,Half Cent,,,2½ Cents In Trade,Yes,No,No,No
coin,Dollar,Fifty Dollars,,,50 Dollars - Bettie Page,Yes,No,No,No
coin,Dollar,Fifty Dollars,,,50 Dollars - Samuel Houston,Yes,No,No,No
coin,Dollar,One Dime,,,"10 Cents - Seneca Stores Company (Crichton, West Virginia)",Yes,No,No,No
coin,Dollar,One Dollar,,,"1 Dollar - Gall & Wold (Scotland, South Dakota)",Yes,No,No,No
coin,Dollar,Half Dollar,,,"50 Cents - The Farmers Supply Store (Broadland, South Dakota)",Yes,No,No,No
coin,Dollar,One Thousand Dollars,,,1000 Dollars (Large-Size Federal Reserve Note),Yes,No,No,No
coin,Dollar,One Dollar,,,10 000 Dollars (Federal Reserve Note; small portrait),Yes,No,No,No
coin,Dollar,One Dime,,,"10 Cents - Rex Billiards (Laramie, Wyoming)",Yes,No,No,No
coin,Dollar,Five Dollars,,,5 Dollars (Bank of East Tennessee),Yes,No,No,No
coin,Dollar,Five Cents,,,"75 Cents - The Boar's Nest (Gleason, Wisconsin)",Yes,No,No,No
coin,Dollar,One Dollar,,,"2.5 Dollars - Attica Incorporated (Albany, Wisconsin)",Yes,No,No,No
coin,Dollar,Quarter Dollar,,,"4¼ Dollars - Pete's Sports Bar & Grill (Stevens Point, Wisconsin)",Yes,No,No,No
coin,Dollar,One Dollar,,,"1.5 Dollars - Sportsman's Pub On The Park (Lake Mills, Wisconsin)",Yes,No,No,No
coin,Dollar,Two Dollars,,,"2 Dollars - Weekend At Bernie's (Chippewa Falls, Wisconsin)",Yes,No,No,No
coin,Dollar,Five Dollars,,,"5 Dollars - Walleye Lodge (Pearson, Wisconsin)",Yes,No,No,No
coin,Dollar,One Dollar,,,1 Goldback (Utah),Yes,No,No,No
coin,Dollar,One Dollar,,,5 Goldbacks (Nevada),Yes,No,No,No
coin,Dollar,One Dollar,,,10 Goldbacks (Nevada),Yes,No,No,No
coin,Dollar,One Dollar,,,10 Goldbacks (Utah),Yes,No,No,No
coin,Dollar,One Dollar,,,10 Goldbacks (Wyoming),Yes,No,No,No
coin,Dollar,One Dollar,,,25 Goldbacks (Nevada),Yes,No,No,No
coin,Dollar,One Dollar,,,25 Goldbacks (New Hampshire),Yes,No,No,No
coin,Dollar,One Dollar,,,25 Goldbacks (Wyoming),Yes,No,No,No
coin,Dollar,One Dollar,,,50 Goldbacks (Nevada),Yes,No,No,No
coin,Dollar,One Dollar,,,50 Goldbacks (New Hampshire),Yes,No,No,No
coin,Dollar,One Dollar,,,50 Goldbacks (Utah),Yes,No,No,No
coin,Dollar,One Dollar,,,50 Goldbacks (Wyoming),Yes,No,No,No
coin,Dollar,Fifty Dollars,,,50 Dollars (Yellowstone National Park),Yes,No,No,No
coin,Dollar,Five Cents,,,"5 Cents - High Life Tavern (Glasgow, Montana)",Yes,No,No,No
coin,Dollar,One Cent,,,"1 Cent - F. D. Ritchey & Son (Akron, Ohio)",Yes,No,No,No
coin,Dollar,One Hundred Dollars,,,100 Dollars - United States Fantasy Note,Yes,No,No,No
coin,Dollar,Five Cents,,,"5 Cents - Harry Knudtzon (Fairfield, Montana)",Yes,No,No,No
coin,Dollar,Five Cents,,,"25 Cents - Mare Island Naval Reserve Activity (Vallejo, California)",Yes,No,No,No
coin,Quarter,One Cent,,,"¼ Cent - Pike County Chamber of Commerce (Pike County, Illinois)",Yes,No,No,No
coin,Quarter,One Cent,,,"¼ Cent - Le Saulnier Brothers Pharmacy (Redbud, Illinois)",Yes,No,No,No
coin,Quarter,One Cent,,,"¼ Cent - Rossville Business Mens Association (Rossville, Illinois)",Yes,No,No,No
coin,Quarter,One Cent,,,"¼ Cent - St. Anne Chamber of Commerce (St. Anne, Illinois)",Yes,No,No,No
coin,Quarter,One Cent,,,"¼ Cent - Kiwanis Club (Wyoming, Illinois)",Yes,No,No,No
coin,Dollar,One Dollar,,,"1 Dollar - NCO OPEN MESS (Westover AFB, Mass.)",Yes,No,No,No
coin,Half Dollar,One Cent,,,1 Cent - Tax Stamp (Kentucky),Yes,No,No,No
coin,Half Dollar,Two Cents,,,2 Cent - Tax Stamp (Kentucky),Yes,No,No,No
coin,Dollar,Five Cents,,,"5 Cents - Colorado State Penitentiary (Cañon City, Colorado)",Yes,No,No,No
coin,Dollar,One Dime,,,"10 Cents - Colorado State Penitentiary (Cañon City, Colorado)",Yes,No,No,No
coin,Dollar,Five Cents,,,"25 Cents - Colorado State Penitentiary (Cañon City, Colorado)",Yes,No,No,No
coin,Dollar,Half Dollar,,,"50 Cents - Colorado State Penitentiary (Cañon City, Colorado)",Yes,No,No,No
coin,Dollar,One Dollar,,,"1 Dollar - Colorado State Penitentiary (Cañon City, Colorado)",Yes,No,No,No
coin,Half Dollar,Half Dollar,,,50 Cents - Frederik VII (Counterstamp),Yes,No,No,No
coin,Quarter,Five Cents,,,25 Cents - Frederik VII (Counterstamp),Yes,No,No,No
coin,Dollar,Five Cents,,,"25 Cents (Huntingdon, Cambria and Indiana Turnpike Road Company)",Yes,No,No,No
coin,Dollar,Half Dollar,,,"50 Cents (Huntingdon, Cambria and Indiana Turnpike Road Company)",Yes,No,No,No
coin,Dollar,Five Hundred Dollars,,,500 Dollars (Large-Size Federal Reserve Note),Yes,No,No,No
coin,Dollar,Twenty Dollars,,,20 Dollars - Confederate States Loan,Yes,No,No,No
coin,Dollar,Five Cents,,,"5 Cents - JH Debard (Shellsford, Tennessee)",Yes,No,No,No
coin,Dollar,Five Cents,,,"25 Cents - Overtime De Cano & Co. (Seattle, Washington)",Yes,No,No,No
coin,Dollar,One Dollar,,,"1 Dollar - Coin Power Gasoline (Los Angeles, California)",Yes,No,No,No
coin,Dollar,Two and a Half Dollars,,,2½ Dollars - Templeton Reid,Yes,No,No,No
coin,Dollar,Five Cents,,,"15 Cents - McDonald Bus Lines, Inc. (Girard, Ohio)",Yes,No,No,No
coin,Dollar,Ten Dollars,,,10 Dollars - Templeton Reid,Yes,No,No,No
coin,Dollar,Five Dollars,,,5 Dollars - C. Bechtler (140 G),Yes,No,No,No
coin,Dollar,Five Dollars,,,5 Dollars - C. Bechtler (134 G),Yes,No,No,No
coin,Half Dollar,Five Dollars,,,"5 Dollars - Norris, Gregg & Norris “Half Eagle”",Yes,No,No,No
coin,Half Dollar,Ten Dollars,,,10 Dollars - Miners Bank,Yes,No,No,No
coin,Dollar,One Dime,,,"10 Cents - Lillybrook Coal Co. (Lillybrook, West Virginia)",Yes,No,No,No
coin,Dollar,Five Dollars,,,"5 Dollars - The Rock Sports Bar and Grille (Sun Prairie, Wisconsin)",Yes,No,No,No
coin,Dollar,One Dollar,,,"1 Dollar (Silver Certificate - ""Martha"")",Yes,No,No,No
coin,Dollar,One Dollar,,,1 Ounce - Peace Dollar,Yes,No,No,No
coin,Dollar,One Dollar,,,"1 Dollar - Flagstop Car Wash (Richmond, Virginia)",Yes,No,No,No
coin,Dollar,Five Cents,,,"25 Cents - Rocker's Roost (Clovis, New Mexico)",Yes,No,No,No
coin,Dollar,One Dollar,,,1 Dollar (The State Bank - Massachusetts),Yes,No,No,No
coin,Dollar,Five Cents,,,"5 Cents - Casino Queen (East St. Louis, Illinois)",Yes,No,No,No
coin,Dollar,Five Cents,,,"5 Cents - Greektown Casino (Detroit, Michigan)",Yes,No,No,No
coin,Dollar,Half Dollar,,,"50 Cents - Sally's Chateau (Spring Valley, Illinois)",Yes,No,No,No
coin,Dollar,Five Cents,,,"5 Cents- Sally's Chateau (Spring Valley , Illinois)",Yes,No,No,No
coin,Dollar,Five Cents,,,"25 Cents - Sally's Chateau (Spring Valley, Illinois)",Yes,No,No,No
coin,Quarter,Two and a Half Dollars,,,"2½ Dollars - Clark, Gruber and Co.",Yes,No,No,No
coin,Dollar,Five Dollars,,,"5 Dollars - Clark, Gruber and Co.",Yes,No,No,No
coin,Dollar,Twenty Dollars,,,"20 Dollars - Clark, Gruber and Co.",Yes,No,No,No
coin,Half Dollar,Two and a Half Dollars,,,"2½ Dollars - Clark, Gruber and Co.",Yes,No,No,No
coin,Dollar,Twenty Dollars,,,"20 Dollars - Clark, Gruber and Co.",Yes,No,No,No
coin,Dollar,Five Cents,,,"5 Cents - Y Service Station (Clinton, Oklahoma)",Yes,No,No,No
coin,Half Dollar,One Dollar,,,1 Dollar - Red Goose Shoes (Large Lettering),Yes,No,No,No
coin,Half Dollar,Five Dollars,,,5 Dollars - Red Goose Shoes (Large Lettering),Yes,No,No,No
coin,Half Dollar,Five Dollars,,,5 Dollars - Red Goose Shoes (Large Lettering),Yes,No,No,No
coin,Half Dollar,Five Dollars,,,5 Dollars - Red Goose Shoes (Large Lettering),Yes,No,No,No
coin,Dollar,One Hundred Dollars,,,100 Dollars (American Express Travelers Cheque),Yes,No,No,No
coin,Dollar,Five Cents,,,"25 Cents - M&M Bar (Butte, Montana)",Yes,No,No,No
coin,Dollar,Half Dollar,,,"50 Cents - M&M Bar (Butte, Montana)",Yes,No,No,No
coin,Dollar,One Dollar,,,"1 Dollar - M&M Bar (Butte, Montana)",Yes,No,No,No
coin,Dollar,Five Dollars,,,"5 Dollars - M&M Bar (Butte, Montana)",Yes,No,No,No
coin,Dollar,Five Cents,,,5 Cents - North Carolina Prison Dept.,Yes,No,No,No
coin,Dollar,Five Cents,,,"5 Cents - Board of Education Lunch Room (St. Louis, Missouri)",Yes,No,No,No
coin,Dollar,One Dollar,,,"1 Dollar - Siding 45 (Glasgow, Montana)",Yes,No,No,No
coin,Dollar,Five Cents,,,"5 Cents - Keith's Model T Cafe (Winnemucca, Nevada)",Yes,No,No,No
coin,Dollar,Five Dollars,,,"5 Dollars - Copeland’s Free Coors Beer & Gift Certificate (New Orleans, Louisiana)",Yes,No,No,No
coin,Dollar,Five Dollars,,,"5 Dollars - Straya Free Coors Beer & Gift Certificate (Metairie, Louisiana)",Yes,No,No,No
coin,Dollar,One Dollar,,,Society for Creative Anachronism (Principality of Gleann Abhann),Yes,No,No,No
coin,Dollar,One Dollar,,,Society for Creative Anachronism (Gig Harbor Renaissance Faire),Yes,No,No,No
coin,Dollar,One Hundred Dollars,,,100 Dollars (Movie Prop Money),Yes,No,No,No
coin,Quarter,Five Cents,,,"25 Cents - Student Book Store, Inc. (Minneapolis, Minnesota)",Yes,No,No,No
coin,Dollar,One Cent,,,1 Cent - Kiddy Koin (Thomas Jefferson),Yes,No,No,No
coin,Dollar,One Dollar,,,1 Ounce - 9Fine Mint (Morgan Dollar),Yes,No,No,No
coin,Dollar,One Dollar,,,"1 Dollar - Eastman Business College (Poughkeepsie, New York)",Yes,No,No,No
coin,Dollar,One Hundred Dollars,,,100 Dollars (Thomas Cook and Son Travelers Cheque),Yes,No,No,No
coin,Dollar,One Dollar,,,1 Goldback (South Dakota),Yes,No,No,No
coin,Dollar,Five Cents,,,"25 Cents - Purity Grocery Co. (Clendenin, West Virginia)",Yes,No,No,No
coin,Dollar,Twenty Dollars,,,20 Dollars (Double Eagle 1933),Yes,No,No,No
coin,Dollar,Five Dollars,,,"5 Dollars - Straya Free Coors Beer & Gift Certificate (Metairie, Louisiana)",Yes,No,No,No
coin,Dollar,One Dollar,,,Civil War Centennial - Burning of Chambersburg,Yes,No,No,No
coin,Dollar,One Dollar,,,"1 Pow Wow Dollar - QIA; Civic Center (Quartzsite, Arizona)",Yes,No,No,No
coin,Dollar,One Dollar,,,1 Dollar - Durfee and Peck (Dakota Territory),Yes,No,No,No
coin,Dollar,One Dollar,,,1 Dollar - Trump,Yes,No,No,No
coin,Dollar,Five Dollars,,,5 Dollars - Pence,Yes,No,No,No
coin,Quarter,Five Cents,,,"25 Cents ""Washington Quarter"" (Rev. Dr. Pauli Murray)",Yes,No,No,No
coin,Quarter,Five Cents,,,"25 Cents ""Washington Quarter"" (Patsy Takemoto Mink)",Yes,No,No,No
coin,Quarter,Five Cents,,,"25 Cents ""Washington Quarter"" (Rev. Dr. Pauli Murray)",Yes,No,No,No
coin,Quarter,Five Cents,,,"25 Cents ""Washington Quarter"" (Patsy Takemoto Mink)",Yes,No,No,No
coin,Quarter,Five Cents,,,"25 Cents ""Washington Quarter"" (Dr. Mary Edwards Walker)",Yes,No,No,No
coin,Quarter,Five Cents,,,"25 Cents ""Washington Quarter"" (Dr. Mary Edwards Walker)",Yes,No,No,No
coin,Quarter,Five Cents,,,"25 Cents ""Washington Quarter"" (Celia Cruz)",Yes,No,No,No
coin,Quarter,Five Cents,,,"25 Cents ""Washington Quarter"" (Celia Cruz)",Yes,No,No,No
coin,Quarter,Five Cents,,,"25 Cents ""Washington Quarter"" (Zitkala-Ša)",Yes,No,No,No
coin,Quarter,Five Cents,,,"25 Cents ""Washington Quarter"" (Zitkala-Ša)",Yes,No,No,No
coin,Dollar,One Dollar,,,"1 Dollar ""Native American Dollar"" (Indian Citizenship Act of 1924)",Yes,No,No,No
coin,Half Dollar,Half Dollar,,,½ Dollar (Harriet Tubman),Yes,No,No,No
coin,Dollar,One Dollar,,,"Special Fare - Denver Tramway Corporation (Denver, Colorado)",Yes,No,No,No
coin,Half Dollar,One Dollar,,,1 Dollar (Harriet Tubman),Yes,No,No,No
coin,Half Dollar,Five Dollars,,,5 Dollars (Harriet Tubman),Yes,No,No,No
coin,Dollar,Twenty Dollars,,,"20 Dollar - Kellogg & Co. (San Francisco, California)",Yes,No,No,No
coin,Dollar,Twenty Dollars,,,20 Dollar - Kellogg & Co.,Yes,No,No,No
coin,Dollar,One Dollar,,,"1 Dollar - Silver Legacy (Reno, Nevada)",Yes,No,No,No
coin,Dollar,Five Cents,,,"5 Cents - Aerial Bridge Inn (Duluth, Minnesota)",Yes,No,No,No
coin,Dollar,One Dollar,,,"1 Dollar - Tim’s Tools Co. (Rifle, Colorado)",Yes,No,No,No
coin,Dollar,One Hundred Dollars,,,100 Dollars - X-Men - Magneto (24kt Gold Foil),Yes,No,No,No
coin,Quarter,One Dollar,,,Rotary International,Yes,No,No,No
coin,Dollar,One Dollar,,,Lucky Pocket Piece - Miller's River National Bank,Yes,No,No,No
coin,Dollar,One Dollar,,,1 Dollar (State of North Carolina),Yes,No,No,No
coin,Dollar,Half Dollar,,,50 Cents (Bank of the State of Georgia),Yes,No,No,No
coin,Dollar,Five Dollars,,,5 Dollars (State of Georgia),Yes,No,No,No
coin,Dollar,Five Dollars,,,"25 Dollars - Elks Club Annual Fair (Lewistown, Montana)",Yes,No,No,No
coin,Dollar,Half Dollar,,,50 Cents - Numismatics with Kenny (Chads House),Yes,No,No,No
coin,Dollar,Five Cents,,,"5 Cents - Green Bus Lines, Inc. (Queens, New York)",Yes,No,No,No
coin,Dollar,Five Cents,,,"5 Cents - Bowman's Cafe (Aurora, Illinois)",Yes,No,No,No
coin,Half Dollar,Five Cents,,,25 Cents - Red Goose Shoes (Large Lettering),Yes,No,No,No
coin,Half Dollar,Five Cents,,,25 Cents - Red Goose Shoes (Large Lettering),Yes,No,No,No
coin,Half Dollar,One Dime,,,10 Cents - Red Goose Shoes (Large Lettering),Yes,No,No,No
coin,Half Dollar,Half Dollar,,,50 Cents - Red Goose Shoes (Large Lettering),Yes,No,No,No
coin,Half Dollar,Half Dollar,,,50 Cents - Red Goose Shoes (Large Lettering),Yes,No,No,No
coin,Half Dollar,Half Dollar,,,50 Cents - Red Goose Shoes (Large Lettering),Yes,No,No,No
coin,Half Dollar,One Dollar,,,1 Dollar - Red Goose Shoes (Large Lettering),Yes,No,No,No
coin,Half Dollar,One Dollar,,,1 Dollar - Red Goose Shoes (Large Lettering),Yes,No,No,No
coin,Half Dollar,Five Dollars,,,5 Dollars - Red Goose Shoes (Large Lettering),Yes,No,No,No
coin,Half Dollar,Five Dollars,,,5 Dollars - Red Goose Shoes (Large Lettering),Yes,No,No,No
coin,Dollar,One Dime,,,"10 Cents - D. Tille (Northfield, Minnesota)",Yes,No,No,No
coin,Half Dollar,Half Dollar,,,½ Dollar (Greatest Generation),Yes,No,No,No
coin,Dollar,One Dollar,,,1 Dollar (Greatest Generation),Yes,No,No,No
coin,Dollar,Five Dollars,,,5 Dollars (Greatest Generation),Yes,No,No,No
coin,Dollar,One Cent,,,"7 Cents - Birmingham Electric Co. (Birmingham, Alabama)",Yes,No,No,No
coin,Dollar,One Dollar,,,"1 Dollar - Easy Street 2 (Denver, Colorado)",Yes,No,No,No
coin,Dollar,Half Dollar,,,"50 Cents - Leetran Trolley (Ft. Myers Beach, Florida)",Yes,No,No,No
coin,Dollar,One Dime,,,10 Cents - Colgate’s Ribbon Dental Cream,Yes,No,No,No
coin,Dollar,One Dollar,,,"1 Dollar (Huntingdon, Cambria and Indiana Turnpike Road Company)",Yes,No,No,No
coin,Dollar,Five Cents,,,5 Cents (Sutton and Stewart),Yes,No,No,No
coin,Dollar,One Dollar,,,1 Dollar & 25 Cents (Weybosset Bank - Rhode Island),Yes,No,No,No
coin,Dollar,One Dollar,,,1 Dollar & 75 Cents (Fall River Union Bank - Rhode Island),Yes,No,No,No
coin,Dollar,One Dollar,,,1 Dollar (Mechanics & Traders Bank),Yes,No,No,No
coin,Dollar,Five Dollars,,,5 Dollars (Cherokee Insurance & Banking Co.),Yes,No,No,No
coin,Dollar,Five Cents,,,"25 Cents - George J. Johnson (Wyndmere, North Dakota)",Yes,No,No,No
coin,Dollar,One Dollar,,,"1 Dollar - Little and Johnson (Wyndmere, North Dakota)",Yes,No,No,No
coin,Dollar,Half Dollar,,,"50 Cents - Little and Johnson (Wyndmere, North Dakota)",Yes,No,No,No
coin,Dollar,Five Cents,,,"25 Cents - Little and Johnson (Wyndmere, North Dakota)",Yes,No,No,No
coin,Dollar,One Dime,,,"10 Cents - Little and Johnson (Wyndmere, North Dakota)",Yes,No,No,No
coin,Dollar,One Dime,,,"10 Cents - Rocker's Roost (Clovis, New Mexico)",Yes,No,No,No
coin,Dollar,Half Dollar,,,"50 Cents - Rocker's Roost (Clovis, New Mexico)",Yes,No,No,No
coin,Dollar,Five Cents,,,"5 Cents - Edison High Canteen (Fresno, California)",Yes,No,No,No
coin,Dollar,One Dollar,,,"1 Dollar - Circus Circus (Las Vegas, Nevada)",Yes,No,No,No
coin,Dollar,One Dollar,,,"1 Dollar - Harrah's (Las Vegas, Nevada)",Yes,No,No,No
coin,Dollar,One Dollar,,,"1 Dollar - Paris (Las Vegas, Nevada)",Yes,No,No,No
coin,Dollar,One Dollar,,,"1 Dollar - Bally's (Las Vegas, Nevada)",Yes,No,No,No
coin,Dollar,One Dollar,,,"1 Dollar - California (Las Vegas, Nevada)",Yes,No,No,No
coin,Dollar,One Dollar,,,1 Dollar (American Innovation - Illinois),Yes,No,No,No
coin,Dollar,Five Cents,,,5 Cents - M.L.D.,Yes,No,No,No
coin,Dollar,Five Cents,,,25 Cents - M.L.D.,Yes,No,No,No
coin,Dollar,Five Cents,,,5 Cents - F.B.N,Yes,No,No,No
coin,Dollar,Five Cents,,,5 Cents - X B,Yes,No,No,No
coin,Dollar,Five Cents,,,5 Cents - Pezoulas Bros.,Yes,No,No,No
coin,Dollar,Five Cents,,,5 Cents - GHN,Yes,No,No,No
coin,Dollar,One Dollar,,,"1 Dollar - The Palazzo (Las Vegas, Nevada)",Yes,No,No,No
coin,Dollar,One Dollar,,,"1 Dollar - Circus Circus 50 Anniversary (Las Vegas, Nevada)",Yes,No,No,No
coin,Dollar,One Dollar,,,"1 Dollar - Golden Nugget (Las Vegas, Nevada)",Yes,No,No,No
coin,Dollar,One Dollar,,,"1 Dollar - Excalibur (Las Vegas, Nevada)",Yes,No,No,No
coin,Dollar,One Dollar,,,"1 Dollar - Mirage (Las Vegas, Nevada)",Yes,No,No,No
coin,Dollar,One Dollar,,,"1 Dollar - Fremont (Las Vegas, Nevada)",Yes,No,No,No
coin,Dollar,One Dollar,,,"1 Dollar - Flamingo (Las Vegas, Nevada)",Yes,No,No,No
coin,Dollar,One Dollar,,,"1 Dollar - Luxor (Las Vegas, Nevada)",Yes,No,No,No
coin,Dollar,One Dollar,,,"1 Dollar - The Cosmopolitan (Las Vegas, Nevada)",Yes,No,No,No
coin,Dollar,One Dollar,,,"1 Dollar - Park MGM (Las Vegas, Nevada)",Yes,No,No,No
coin,Dollar,One Dollar,,,"1 Dollar - Tuscany (Las Vegas, Nevada)",Yes,No,No,No
coin,Dollar,One Dollar,,,"1 Dollar - Four Queens (Las Vegas, Nevada)",Yes,No,No,No
coin,Dollar,One Dollar,,,"1 Dollar - Monte Carlo (Las Vegas, Nevada)",Yes,No,No,No
coin,Dollar,One Dollar,,,"1 Dollar - The D (Las Vegas, Nevada)",Yes,No,No,No
coin,Dollar,One Dollar,,,"1 Dollar - Casino Royale (Las Vegas, Nevada)",Yes,No,No,No
coin,Dollar,One Dollar,,,"1 Dollar - The Quad (Las Vegas, Nevada)",Yes,No,No,No
coin,Dollar,One Dollar,,,"1 Dollar - Golden Gate (Las Vegas, Nevada)",Yes,No,No,No
coin,Dollar,One Dollar,,,"1 Dollar - The Venetian (Las Vegas, Nevada)",Yes,No,No,No
coin,Dollar,One Dollar,,,"1 Dollar - The Linq (Las Vegas, Nevada)",Yes,No,No,No
coin,Dollar,One Dollar,,,"1 Dollar -The Cromwell (Las Vegas, Nevada)",Yes,No,No,No
coin,Dollar,One Dollar,,,"1 Dollar - ARIA (Las Vegas, Nevada)",Yes,No,No,No
coin,Dollar,One Dollar,,,"1 Dollar - Dunes Hotel and Country Club (Las Vegas, Nevada)",Yes,No,No,No
coin,Dollar,One Dollar,,,"25 000 Dollars - Dunes Hotel and Country Club (Las Vegas, Nevada)",Yes,No,No,No
coin,Dollar,One Dollar,,,"1 Dollar - Station House (Tonopah, Nevada)",Yes,No,No,No
coin,Dollar,Five Cents,,,"5 Cents - Morlan & Son (Monmouth, Oregon)",Yes,No,No,No
coin,Dollar,One Dollar,,,"1 Dollar - Gold Strike Hotel & Gambling Hall (Jean, Nevada)",Yes,No,No,No
coin,Dollar,Five Cents,,,5 Cents - Caribou,Yes,No,No,No
coin,Dollar,Twenty Dollars,,,"20 Dollars - Better Built Buckley (Chicago, Illinois)",Yes,No,No,No
coin,Dollar,Five Dollars,,,"5 Dollars (Federal Reserve Note; ""Redeemable in Gold""; Branch ID in Letters)",Yes,No,No,No
coin,Dollar,Ten Dollars,,,"10 Dollars (Federal Reserve Note; ""Redeemable in Gold""; Branch ID in Letters)",Yes,No,No,No
coin,Dollar,Twenty Dollars,,,"20 Dollars (Federal Reserve Note; ""Redeemable in Gold""; Branch ID in Letters)",Yes,No,No,No
coin,Dollar,Fifty Dollars,,,"50 Dollars (Federal Reserve Note; ""Redeemable in Gold""; Branch ID in Letters)",Yes,No,No,No
coin,Dollar,One Hundred Dollars,,,"100 Dollars (Federal Reserve Note; ""Redeemable in Gold""; Branch ID in Letters)",Yes,No,No,No
coin,Dollar,Five Hundred Dollars,,,500 Dollars (Federal Reserve Note; Large 500; small portrait),Yes,No,No,No
coin,Dollar,One Cent,,,"1 Cent - Cranberry Fuel Co. No. 2 (Skelton, West Virginia)",Yes,No,No,No
coin,Dollar,One Cent,,,"1 Cent - Frederick Rollwagen Jr. (New York City, New York)",Yes,No,No,No
coin,Dollar,One Cent,,,"1 Cent - C. Bahr (New York City, New York)",Yes,No,No,No
coin,Dollar,One Dollar,,,"1 Dollar - MGM Grand - Boyd the Bird (Las Vegas, Nevada)",Yes,No,No,No
coin,Dollar,One Dollar,,,"1 Dollar - Bavarian Inn (Frankenmuth, Michigan)",Yes,No,No,No
coin,Dollar,Fifty Dollars,,,50 Dollars (Traders Bank of Virginia),Yes,No,No,No
coin,Dollar,Twenty Dollars,,,20 Dollars (Traders Bank of Virginia),Yes,No,No,No
coin,Dollar,Five Cents,,,"5 Cents - Sergeants Club (Gander, Newfoundland)",Yes,No,No,No
coin,Dollar,One Dollar,,,"1 Dollar - NCO Open Mess (Fort Sill, Oklahoma)",Yes,No,No,No
coin,Dollar,One Dollar,,,"Silver Dollar City (Branson, Missouri)",Yes,No,No,No
coin,Dollar,One Dollar,,,Silver Dollar City (Ozark Mountain Country),Yes,No,No,No
coin,Dollar,One Dollar,,,1 Dollar - Norman Hopkins,Yes,No,No,No
coin,Dollar,Five Cents,,,25 Cents - Norman Hopkins,Yes,No,No,No
coin,Dollar,One Dime,,,10 Cents - Norman Hopkins,Yes,No,No,No
coin,Dollar,Five Cents,,,"25 Cents - Enchanted Castle (Lombard, Illinois)",Yes,No,No,No
coin,Dollar,Five Thousand Dollars,,,"5000 Dollar Casino Chip (Las Vegas, Nevada)",Yes,No,No,No
coin,Dollar,Five Cents,,,"5 Cents - American Coal Co. (Piedmont, West Virginia)",Yes,No,No,No
coin,Dollar,One Cent,,,"1 Cent - The Lorado Stores (Lorado, West Virginia)",Yes,No,No,No
coin,Dollar,Five Cents,,,"5 Cents - The Lorado Stores (Lorado, West Virginia)",Yes,No,No,No
coin,Dollar,One Dime,,,"10 Cents - The Lorado Stores (Lorado, West Virginia)",Yes,No,No,No
coin,Dollar,One Dollar,,,1 Dollar - Ficha de Lavacoches,Yes,No,No,No
coin,Dollar,Five Cents,,,5 Cents - R,Yes,No,No,No
coin,Dollar,Five Cents,,,5 Cents - M,Yes,No,No,No
coin,Dollar,One Thousand Dollars,,,"1000 Dollar Casino Chip (Las Vegas, Nevada)",Yes,No,No,No
coin,Dollar,One Dime,,,"10 Cents - Merrill Stores Co. (Henlawson, West Virginia)",Yes,No,No,No
coin,Dollar,Two and a Half Dollars,,,"2½ Dollars - Joel Anderson (Merced, California)",Yes,No,No,No
coin,Dollar,Five Cents,,,"5 Cents - The No 14 Kalamazoo (Chicago, Illinois)",Yes,No,No,No
coin,Dollar,Five Hundred Dollars,,,"500 Dollar Casino Chip - The Thunderbird (Las Vegas, New Mexico)",Yes,No,No,No
coin,Dollar,One Dime,,,10 Cents - M.L.D.,Yes,No,No,No
coin,Dollar,One Dollar,,,1 Duck Dollar - Uncle Scrooge,Yes,No,No,No
coin,Dollar,Half Dollar,,,"50 Cents - Myrtle Beach Trolley (Myrtle Beach, South Carolina)",Yes,No,No,No
coin,Dollar,Five Cents,,,25 Cents - Scotty's Money,Yes,No,No,No
coin,Dollar,One Dollar,,,"1 Dollar - The Thunderbird (Las Vegas, New Mexico)",Yes,No,No,No
coin,Dollar,One Dollar,,,"1 Dollar Casino Chip (Las Vegas, Nevada)",Yes,No,No,No
coin,Dollar,Five Dollars,,,"5 Dollar Casino Chip (Las Vegas, Nevada)",Yes,No,No,No
coin,Dollar,Five Dollars,,,"25 Dollars - The Thunderbird (Las Vegas, New Mexico)",Yes,No,No,No
coin,Dollar,Fifty Dollars,,,"50 Dollars - The Thunderbird (Las Vegas, New Mexico)",Yes,No,No,No
coin,Dollar,One Dollar,,,"1 Dollar ""1880 Goloid Metric Dollar"" (Pattern; Copper)",Yes,No,No,No
coin,Dollar,One Dollar,,,"1 Dollar ""1880 Goloid Metric Dollar"" (Pattern; Aluminium)",Yes,No,No,No
coin,Dollar,One Hundred Dollars,,,"100 Dollars - The Thunderbird (Las Vegas, New Mexico)",Yes,No,No,No
coin,Dollar,One Dollar,,,"1 Dollar ""1880 Goloid Metric Dollar"" (Pattern; Copper)",Yes,No,No,No
coin,Dollar,One Dollar,,,"1 Dollar ""1880 Goloid Metric Dollar"" (Pattern; Aluminium)",Yes,No,No,No
coin,Dollar,One Dollar,,,"1 Dollar ""1879 Goloid Metric Dollar"" (Pattern; Silver)",Yes,No,No,No
coin,Dollar,One Dollar,,,"1 Dollar ""1879 Goloid Metric Dollar"" (Pattern; Copper)",Yes,No,No,No
coin,Dollar,One Dollar,,,"1 Dollar ""1879 Goloid Metric Dollar"" (Pattern; Aluminium)",Yes,No,No,No
coin,Dollar,One Dollar,,,"1 Dollar ""1879 Goloid Metric Dollar"" (Pattern; Lead)",Yes,No,No,No
coin,Dollar,Five Dollars,,,5 Dollars (Albert Einstein),Yes,No,No,No
coin,Dollar,One Dime,,,"10 Cents - Peerless (Pawtucket, Rhode Island)",Yes,No,No,No
coin,Dollar,Five Cents,,,"25 Cents - Sgt. Singer’s Spectacular Star Studded Circus Pizza Show (Pasadena, Texas)",Yes,No,No,No
coin,Dollar,Five Cents,,,"5 Cents - Lynn & Co. (Portland, Oregon)",Yes,No,No,No
coin,Dollar,Ten Dollars,,,"10 Dollars - Baldwin & Co. (San Francisco, California)",Yes,No,No,No
coin,Dollar,One Dollar,,,"1 Dollar - Mr. Sy's Super Jackpot (Las Vegas, Nevada)",Yes,No,No,No
coin,Dollar,Five Cents,,,Souvenir Nickel - West Virginia State 4-H Camp - Stonewall Jackson,Yes,No,No,No
coin,Dollar,Five Dollars,,,5 Dollars - Moffat & Co.,Yes,No,No,No
coin,Dollar,One Dollar,,,Silver Triangle New Republic Credit,Yes,No,No,No
coin,Dollar,One Dollar,,,Silver Tear New Republic Credit,Yes,No,No,No
coin,Dollar,One Dollar,,,Bronze New Republic Credit,Yes,No,No,No
coin,Dollar,One Dollar,,,Gold New Republic Credit,Yes,No,No,No
coin,Dollar,Five Dollars,,,5 Dollars - Templeton Reid,Yes,No,No,No
coin,Dollar,One Dollar,,,1 Dollar - C. Bechtler,Yes,No,No,No
coin,Dollar,Five Dollars,,,"5 Dollars - Clark, Gruber & Co.",Yes,No,No,No
coin,Dollar,Ten Dollars,,,"10 Dollars - Clark, Gruber & Co.",Yes,No,No,No
coin,Dollar,One Dollar,,,1 Dollar - C. Bechtler,Yes,No,No,No
coin,Dollar,Two and a Half Dollars,,,2½ Dollars - C. Bechtler,Yes,No,No,No
coin,Dollar,Two and a Half Dollars,,,2½ Dollars - C. Bechtler,Yes,No,No,No
coin,Dollar,One Dollar,,,Souvenir Dollar - South Dakota,Yes,No,No,No
coin,Dollar,Five Cents,,,25 Cents - The Best in Fun for Everyone (Sailing Ship),Yes,No,No,No
coin,Dollar,Five Cents,,,"5 Cents - Ed. Mattson (Tintah, Minnesota)",Yes,No,No,No
coin,Quarter,Five Cents,,,"5 Cents - Great Falls Diamond Jubilee (Great Falls, Montana)",Yes,No,No,No
coin,Dollar,Five Cents,,,"5 Cents - Great Falls Diamond Jubilee (Great Falls, Montana)",Yes,No,No,No
coin,Dollar,Five Cents,,,15 Cents - Li’l Abner’s Concord Inn,Yes,No,No,No
coin,Dollar,One Cent,,,40 Cents - Li’l Abner’s Concord Inn,Yes,No,No,No
coin,Dollar,Half Dollar,,,"50 Cents - Preservative Paint Company (Seattle, Washington)",Yes,No,No,No
coin,Dollar,Twenty Dollars,,,20 Dollars (Treasury Warrant - State of Texas),Yes,No,No,No
coin,Dollar,One Dollar,,,1 Dollar (The Cochituate Bank - Massachusetts),Yes,No,No,No
coin,Dollar,Five Dollars,,,"5 Dollars - The Thunderbird (Las Vegas, New Mexico)",Yes,No,No,No
coin,Dollar,Three Dollars,,,3 Dollars (State of Missouri),Yes,No,No,No
coin,Dollar,Five Dollars,,,5 Dollars (The Farmers' and Mechanics' Bank),Yes,No,No,No
coin,Dollar,One Dollar,,,"1 Dollar - Fostoria Industrial Corporation (Fostoria, Ohio)",Yes,No,No,No
coin,Dollar,One Dollar,,,"Souvenir Dollar - Santa Claus House (North Pole, Alaska)",Yes,No,No,No
coin,Dollar,Five Cents,,,"25 Cents - The New Sea Escape (Fort Lauderdale, Florida)",Yes,No,No,No
coin,Dollar,One Dollar,,,1 Disney Dollar,Yes,No,No,No
coin,Dollar,One Dollar,,,5 Disney Dollars,Yes,No,No,No
coin,Dollar,One Dollar,,,10 Disney Dollars,Yes,No,No,No
coin,Dollar,One Dollar,,,1 Disney Dollar,Yes,No,No,No
coin,Dollar,One Dollar,,,1 Disney Dollar,Yes,No,No,No
coin,Dollar,One Dollar,,,1 Dollar - Legoland California,Yes,No,No,No
coin,Dollar,Twenty Dollars,,,20 Dollars - A.F.R.O.,Yes,No,No,No
coin,Dollar,One Dollar,,,1 Dollar (American Innovation - Alabama),Yes,No,No,No
coin,Dollar,One Dollar,,,1 Dollar (American Innovation - Maine),Yes,No,No,No
coin,Dollar,One Dollar,,,"1 Dollar - Danny R. Robinson (Macon, Georgia)",Yes,No,No,No
coin,Dollar,Five Cents,,,"75 Cents - Roscommon County Mini-Bus (Prudenville, Michigan)",Yes,No,No,No
coin,Dollar,One Dollar,,,1 Dollar (American Innovation - Missouri),Yes,No,No,No
coin,Dollar,Ten Dollars,,,10 Dollars - Flamingo Reno,Yes,No,No,No
coin,Dollar,One Dollar,,,"1 Dollar - Bavarian Inn (Frankenmuth, Michigan)",Yes,No,No,No
coin,Dollar,Five Dollars,,,"5 Dollars - Eastern Band of the Cherokee Nation (Cherokee, North Carolina)",Yes,No,No,No
coin,Dollar,Half Dollar,,,"50 Cents - Chi-Chi's Restaurants (Richfield, Minnesota)",Yes,No,No,No
coin,Dollar,Half Cent,,,"12½ Cents - Crescent T&T (Weiser, Idaho)",Yes,No,No,No
coin,Dollar,One Dollar,,,1 Dollar - Ocean Front Day Care,Yes,No,No,No
coin,Dollar,One Dollar,,,1 Dollar (Vertical),Yes,No,No,No
coin,Dollar,One Dollar,,,"1 Dollar - Las Vegas Jaycees Dollar (Las Vegas, Neveda)",Yes,No,No,No
coin,Dollar,One Hundred Dollars,,,100 Dollars - Certificate of Deposit - Duke Kahanamoku Corporation (Hawaii),Yes,No,No,No
coin,Dollar,One Dollar,,,"1 Dollar - Caesars Tahoe (Lake Tahoe, Nevada)",Yes,No,No,No
coin,Dollar,One Dollar,,,"1 Dollar - The Oregon Caveman Inc. (Grants Pass, Oregon)",Yes,No,No,No
coin,Dollar,One Dollar,,,2 Ounces - The Awakening,Yes,No,No,No
coin,Dollar,One Dollar,,,1 Dollar - Recreation Coupon,Yes,No,No,No
coin,Dollar,Twenty Dollars,,,20 Dollars (State of North Carolina),Yes,No,No,No
coin,Half Dollar,Twenty Dollars,,,20 Dollars (Bank of Philippi),Yes,No,No,No
coin,Half Dollar,Ten Dollars,,,10 Dollars (Bank of Philippi),Yes,No,No,No
coin,Dollar,Five Dollars,,,5 Dollars (Bank of Philippi),Yes,No,No,No
coin,Dollar,One Dollar,,,"1 Dollar - Pick Hobson's Riverside Hotel (Reno, Nevada)",Yes,No,No,No
coin,Dollar,Ten Dollars,,,10 Dollars (Bank of Weston - Virginia),Yes,No,No,No
coin,Dollar,Five Dollars,,,5 Dollars (Bank of Weston - Virginia),Yes,No,No,No
coin,Dollar,Five Cents,,,"25 Cents - Atlantic Medical Center (Atlantic, Iowa)",Yes,No,No,No
coin,Dollar,Half Cent,,,"7½ Cents - Sylacauga City Lines (Sylacauga, Alabama)",Yes,No,No,No
coin,Dollar,Three Dollars,,,"3 Dollars - Eagle County Regional Transportation Authorit (Avon, Colorado)",Yes,No,No,No
coin,Dollar,One Dollar,,,1 Dollar - New California Republic,Yes,No,No,No
coin,Dollar,Five Cents,,,"5 Cents - Star Pool Hall (Baudette, Minnesota)",Yes,No,No,No
coin,Dollar,Two Dollars,,,2 Dollar (Bank of the Republic - Rhode Island),Yes,No,No,No
coin,Dollar,Five Cents,,,5 Cents - 24407,Yes,No,No,No
coin,Dollar,One Dollar,,,"1 Dollar - Caesars Palace (Las Vegas, Nevada)",Yes,No,No,No
coin,Dollar,Half Dollar,,,"50 Cents - Rocky Point Mercantile Co. (Gallup, New Mexico)",Yes,No,No,No
coin,Dollar,One Dime,,,10 Cents - AAFES Gift Certificate (10K10),Yes,No,No,No
coin,Dollar,Five Cents,,,5 Cents - AAFES Gift Certificate (4H5),Yes,No,No,No
coin,Dollar,One Dime,,,Irradiated Dime - Museum of Atomic Energy,Yes,No,No,No
coin,Dollar,Five Cents,,,"15 Cents - Leonard’s Rest. (Willimantic, Connecticut)",Yes,No,No,No
coin,Dollar,Five Cents,,,"25 Cents - 50,400",Yes,No,No,No
coin,Dollar,Five Cents,,,5 cent - M.A.S. B.C.I.,Yes,No,No,No
coin,Dollar,Five Cents,,,5 Cents - Play Coin,Yes,No,No,No
coin,Dollar,One Dime,,,"10 Cents - Trump Plaza Casino (Atlantic City, New Jersey)",Yes,No,No,No
coin,Dollar,One Hundred Dollars,,,100 Dollars - Spirit Halloween,Yes,No,No,No
coin,Dollar,One Dollar,,,World Fair of Money (Fugio cent 1787),Yes,No,No,No
coin,Dollar,Five Cents,,,"15 Cents - Safeway Cab Co. (Oskaloosa, Iowa)",Yes,No,No,No
coin,Dollar,Five Cents,,,"25 Cents - Chuck E. Cheese (Pinole, California)",Yes,No,No,No
coin,Dollar,Five Cents,,,"25 Cents - Chuck E. Cheese (Tucson, Arizona)",Yes,No,No,No
coin,Dollar,Twenty Dollars,,,20 Dollars (Franklin Bank - Massachusetts),Yes,No,No,No
coin,Dollar,One Dollar,,,"1 Dollar - Swensons (Akron, Ohio)",Yes,No,No,No
coin,Quarter,One Dollar,,,"1 Drink - Post Trader Fort Bowie (Bowie, Arizona)",Yes,No,No,No
coin,Dollar,One Cent,,,"1 Cent - Neilsen's (Los Angeles, California)",Yes,No,No,No
coin,Dollar,One Dime,,,10 Cents (P.P. Hyde),Yes,No,No,No
coin,Half Dollar,Two Dollars,,,2 Dollars (State Bank of Michigan),Yes,No,No,No
coin,Half Dollar,One Dollar,,,1 Dollar (State Bank of Michigan),Yes,No,No,No
coin,Half Dollar,Three Dollars,,,3 Dollars (State Bank of Michigan),Yes,No,No,No
coin,Half Dollar,Five Dollars,,,5 Dollars (State Bank of Michigan),Yes,No,No,No
coin,Dollar,Ten Dollars,,,10 Dollars (State of Mississippi),Yes,No,No,No
coin,Dollar,Twenty Dollars,,,20 Dollars (State of Mississippi),Yes,No,No,No
coin,Dollar,Five Dollars,,,5 Dollars (State of Mississippi),Yes,No,No,No
coin,Dollar,Five Dollars,,,5 Dollars (State of Mississippi),Yes,No,No,No
coin,Dollar,Five Dollars,,,"5 Dollars - City of Long Branch Scrip (City of Long Branch, New Jersey)",Yes,No,No,No
coin,Dollar,One Dollar,,,"1 Dollar - Berkshire County Clearing House Scrip (Berkshire County, Massachusetts)",Yes,No,No,No
coin,Dollar,Five Dollars,,,"5 Dollar - Berkshire County Clearing House Scrip (Berkshire County, Massachusetts)",Yes,No,No,No
coin,Dollar,One Dollar,,,"1 Dollar - City of Lincoln Park Scrip (Wayne County, Michigan)",Yes,No,No,No
coin,Dollar,Five Dollars,,,"5 Dollar - City of Lincoln Park Scrip (Wayne County, Michigan)",Yes,No,No,No
coin,Dollar,One Dime,,,10 Cents (Commercial Bank of Glens Falls - New York),Yes,No,No,No
coin,Dollar,Five Cents,,,25 Cents (Commercial Bank of Glens Falls),Yes,No,No,No
coin,Dollar,One Dime,,,10 Cents (Fort Plain Bank),Yes,No,No,No
coin,Dollar,Five Cents,,,25 Cents (Fort Plain Bank),Yes,No,No,No
coin,Dollar,Half Dollar,,,50 Cents (Fort Plain Bank),Yes,No,No,No
coin,Dollar,Two Dollars,,,"2 Dollars - Bank of Columbia (Hudson, New York)",Yes,No,No,No
coin,Dollar,Five Dollars,,,"5 Dollars - Bank of Columbia (Hudson, New York)",Yes,No,No,No
coin,Dollar,Five Dollars,,,"5 Dollars - Bank of Columbia (Hudson, New York)",Yes,No,No,No
coin,Dollar,Ten Dollars,,,10 Dollars (Bank of Columbia - New York),Yes,No,No,No
coin,Dollar,One Dollar,,,"1 Dollar - Bank of Hudson (Hudson, New York)",Yes,No,No,No
coin,Dollar,Five Dollars,,,"5 Dollars - Bank of Hudson (Hudson, New York)",Yes,No,No,No
coin,Dollar,Ten Dollars,,,"10 Dollars - Bank of Hudson (Hudson, New York)",Yes,No,No,No
coin,Dollar,One Dollar,,,"1 Dollar - Tradesmen's Bank (Catskill, New York)",Yes,No,No,No
coin,Dollar,Five Dollars,,,"5 Dollars - Tradesmen's Bank (Catskill, New York)",Yes,No,No,No
coin,Dollar,Two Dollars,,,"2 Dollars - Tradesmen's Bank (Catskill, New York)",Yes,No,No,No
coin,Dollar,Ten Dollars,,,"10 Dollars - Tradesmen Bank (Catskill, New York)",Yes,No,No,No
coin,Dollar,Twenty Dollars,,,20 Dollars (Central Bank of Virginia),Yes,No,No,No
coin,Dollar,Five Cents,,,5 Cents (Herkimer County Bank - New York),Yes,No,No,No
coin,Dollar,One Dime,,,10 Cents (Lyons Bank - New York),Yes,No,No,No
coin,Half Dollar,Half Dollar,,,50 Cents (Lyons Bank - New York),Yes,No,No,No
coin,Dollar,Five Cents,,,25 Cents (Bank of Lowville - New York),Yes,No,No,No
coin,Dollar,Half Dollar,,,50 Cents (Bank of Lowville - New York),Yes,No,No,No
coin,Dollar,Five Dollars,,,"5 Dollar - Depression Scrip (Toledo, Ohio)",Yes,No,No,No
coin,Dollar,Ten Dollars,,,10 Dollars (Bordentown Banking Co. - New Jersey),Yes,No,No,No
coin,Dollar,Twenty Dollars,,,20 Dollars (Bank of America Travelers Cheque),Yes,No,No,No
coin,Dollar,One Dollar,,,1 000 000 Dollars (International Association of Millionaires),Yes,No,No,No
coin,Dollar,One Dollar,,,"1 Dollar - MGM Grand (Las Vegas, Nevada)",Yes,No,No,No
coin,Dollar,One Dollar,,,"1 Dollar - Frontier Village (San Jose, California)",Yes,No,No,No
coin,Dollar,One Dollar,,,"1 Dollar - North York Lions Club (York, Pennsylvania)",Yes,No,No,No
coin,Dollar,One Dollar,,,1 Dollar - Missouri Defence Bond (State of Missouri),Yes,No,No,No
coin,Dollar,Five Dollars,,,5 Dollars (Bank of Washington - North Carolina),Yes,No,No,No
coin,Dollar,One Dollar,,,1 Dollar (West River Bank - Vermont),Yes,No,No,No
coin,Dollar,Two Dollars,,,2 Dollars (West River Bank - Vermont),Yes,No,No,No
coin,Dollar,Three Dollars,,,3 Dollars (West River Bank - Vermont),Yes,No,No,No
coin,Dollar,Five Dollars,,,5 Dollars (West River Bank - Vermont),Yes,No,No,No
coin,Dollar,Five Cents,,,"5 Cents - Inglewood Transit Lines (Inglewood, California)",Yes,No,No,No
coin,Dollar,Half Dollar,,,"50 Cents - Burt County Bridge Comm. (Decatur, Nebraska)",Yes,No,No,No
coin,Dollar,One Hundred Dollars,,,100 Dollars (New England Commercial Bank - Rhode Island),Yes,No,No,No
coin,Dollar,One Dollar,,,"1 Dollar - City of Atlantic City New Jersey (Atlantic City, New Jersey)",Yes,No,No,No
coin,Dollar,Three Dollars,,,3 Dollars (Bank of Watertown - Wisconsin),Yes,No,No,No
coin,Half Dollar,One Dollar,,,"1 Dollar - Manhattan Silver Mining Co (Austin, Nevada)",Yes,No,No,No
coin,Dollar,Five Cents,,,"25 Cents - Corporation of Charlestown (Charlestown, Virginia)",Yes,No,No,No
coin,Dollar,One Dime,,,"10 Cents - Corporation of Charlestown (Charlestown, Virginia)",Yes,No,No,No
coin,Dollar,One Dollar,,,1 Dollar (New England Commercial Bank - Rhode Island),Yes,No,No,No
coin,Dollar,One Dollar,,,1 Dollar (Bank of New-England at Goodspeed's Landing - Connecticut),Yes,No,No,No
coin,Dollar,Two Dollars,,,2 Dollars (Bank of New-England at Goodspeed's Landing - Connecticut),Yes,No,No,No
coin,Dollar,Three Dollars,,,3 Dollars (New England Commercial Bank - Rhode Island),Yes,No,No,No
coin,Dollar,Five Dollars,,,5 Dollars (Bank of New-England at Goodspeed's Landing - Connecticut),Yes,No,No,No
coin,Dollar,Twenty Dollars,,,20 Dollars (Bank of New England at Goodspeed's Landing - Connecticut),Yes,No,No,No
coin,Dollar,One Dollar,,,"1 Dollar - A. Wise (New York City, New York)",Yes,No,No,No
coin,Dollar,Four Dollars,,,4 Dollars (Bank of Washington - North Carolina),Yes,No,No,No
coin,Dollar,Three Dollars,,,3 Dollars (Bank of Washington - North Carolina),Yes,No,No,No
coin,Dollar,Ten Dollars,,,10 Dollars (Bank of Washington - North Carolina),Yes,No,No,No
coin,Dollar,One Dollar,,,1 Dollar (Bank of Watertown - Wisconsin),Yes,No,No,No
coin,Dollar,One Dollar,,,1 Dollar (Bank of America - Rhode Island),Yes,No,No,No
coin,Dollar,Half Dollar,,,4½ Dollars (State of Missouri Defense Bond),Yes,No,No,No
coin,Dollar,Five Dollars,,,5 Dollars (Central Bank of Pennsylvania),Yes,No,No,No
coin,Dollar,One Dollar,,,100 Miles (Charlotte Columbia and Augusta Rail Road Company),Yes,No,No,No
coin,Dollar,Ten Dollars,,,10 Dollars (New England Commercial Bank - Rhode Island),Yes,No,No,No
coin,Dollar,One Dollar,,,100 Miles (Charlotte Columbia and Augusta Rail Road Company),Yes,No,No,No
coin,Dollar,Ten Dollars,,,10 Dollars (Virginia Treasury Note),Yes,No,No,No
coin,Dollar,Twenty Dollars,,,20 Dollars (The Farmers' and Mechanics' Bank),Yes,No,No,No
coin,Quarter,One Dollar,,,2 Shillings (Colony of New York),Yes,No,No,No
coin,Dollar,Twenty Dollars,,,20 Dollars (New Orleans Canal and Banking Co.),Yes,No,No,No
coin,Dollar,Fifty Dollars,,,50 Dollars (New England Commercial Bank - Rhode Island),Yes,No,No,No
coin,Dollar,Fifty Dollars,,,50 Dollars (West River Bank - Vermont),Yes,No,No,No
coin,Dollar,Five Dollars,,,5 Dollars (Bank of the State of South Carolina),Yes,No,No,No
coin,Dollar,One Dollar,,,"1 Dollar - Classy Chassis (Lakewood, Washington)",Yes,No,No,No
coin,Dollar,Five Cents,,,"75 Cents - County of Greenbrier (Lewisburg, Virginia)",Yes,No,No,No
coin,Dollar,One Dollar,,,1 Dollar (Bank of Charleston),Yes,No,No,No
coin,Dollar,Five Dollars,,,5 Dollars (Bank of Charleston - Virginia),Yes,No,No,No
coin,Dollar,Ten Dollars,,,10 Dollars (Farmers Bank),Yes,No,No,No
coin,Dollar,One Dollar,,,1 Dollar (Dayton Bank),Yes,No,No,No
coin,Dollar,Five Hundred Dollars,,,500 Dollars - Certificate of Deposit (Hawaii),Yes,No,No,No
coin,Dollar,Half Dollar,,,50 Cents (Bank of Industry),Yes,No,No,No
coin,Dollar,Ten Dollars,,,10 Dollars (State of South Carolina),Yes,No,No,No
coin,Dollar,One Dollar,,,"1 Dollar - Nilmini Entertainment (New York, New York)",Yes,No,No,No
coin,Dollar,Five Cents,,,25 Cents (County of Lowndes),Yes,No,No,No
coin,Dollar,Two Dollars,,,2 Dollars (Bank of Macomb County - Michigan),Yes,No,No,No
coin,Dollar,Two Dollars,,,2 Dollars (Bank of America - Rhode Island),Yes,No,No,No
coin,Dollar,One Dime,,,"10 Cents (Cooper, Thompson & Co.)",Yes,No,No,No
coin,Dollar,Ten Dollars,,,10 Dollars (State of Alabama),Yes,No,No,No
coin,Dollar,One Dollar,,,1 Ounce - 75 Zombucks (Pandamonium),Yes,No,No,No
coin,Dollar,Five Dollars,,,5 Dollars (Searsport Bank - Maine),Yes,No,No,No
coin,Dollar,One Dime,,,10 Cents (City of Wilmington),Yes,No,No,No
coin,Dollar,Five Dollars,,,5 Dollars (McKean County Bank - Pennsylvania),Yes,No,No,No
coin,Dollar,One Dollar,,,1 Dollar (Bank of Windsor - Vermont),Yes,No,No,No
coin,Dollar,One Dollar,,,1 Dollar (Sussex Bank - New Jersey),Yes,No,No,No
coin,Dollar,One Dollar,,,"Havasu Dollar - Lake Havasu London Bridge (Lake Havasu City, Arizona)",Yes,No,No,No
coin,Dollar,One Dollar,,,1 Dollar (South Carolina Rail Road),Yes,No,No,No
coin,Dollar,Two Dollars,,,2 Dollars (South Carolina Rail Road),Yes,No,No,No
coin,Quarter,One Dollar,,,6 Dollars (Peoples' Bank of Paterson),Yes,No,No,No
coin,Quarter,One Dollar,,,7 Dollars (Peoples' Bank of Paterson),Yes,No,No,No
coin,Dollar,Five Cents,,,"5 Cents - Bon Jellico Coal Mining Co. (Bon Jellico, Kentucky)",Yes,No,No,No
coin,Quarter,One Dollar,,,8 Dollars (Peoples' Bank of Paterson),Yes,No,No,No
coin,Quarter,One Dollar,,,9 Dollars (Peoples' Bank of Paterson),Yes,No,No,No
coin,Dollar,Five Cents,,,"25 Cents - Elk Horn Coal Corp. (Fleming & Wayland, Kentucky)",Yes,No,No,No
coin,Dollar,One Dollar,,,"1 Dollar - Elk Horn Coal Corp. (Fleming & Wayland, Kentucky)",Yes,No,No,No
coin,Dollar,Five Cents,,,"5 Cents - Blue Diamond Coal Co. (Path Fork, Kentucky)",Yes,No,No,No
coin,Dollar,Four Dollars,,,4 Dollars (Bank of the State of South Carolina),Yes,No,No,No
coin,Dollar,Three Dollars,,,3 Dollars (Bank of New-England at Goodspeed's Landing - Connecticut),Yes,No,No,No
coin,Dollar,Ten Dollars,,,10 Dollars (State of North Carolina),Yes,No,No,No
coin,Dollar,Twenty Dollars,,,20 Dollars (State of South Carolina),Yes,No,No,No
coin,Dollar,Five Dollars,,,5 Dollars (Farmers Bank of Geneva - New York),Yes,No,No,No
coin,Dollar,Five Cents,,,5 Cents - AAFES Gift Certificate (10C5),Yes,No,No,No
coin,Dollar,Two Cents,,,"2 Cents - Roaman's (Saddle Brook, New Jersey)",Yes,No,No,No
coin,Dollar,Twenty Dollars,,,20 Dollars - Steamboat Casino River Cruises (Iowa),Yes,No,No,No
coin,Dollar,Half Dollar,,,50 Cents - Buster Brown Bucks (McNeil Shoes),Yes,No,No,No
coin,Dollar,Three Dollars,,,"3 Dollars - American Saw and Manufacturing Company (East Long Meadow, Massachusetts)",Yes,No,No,No
coin,Dollar,One Dollar,,,"1 Million Dollars - Hudson Department Store (Detroit, Michigan)",Yes,No,No,No
coin,Dollar,One Cent,,,"1 Cent - Canned Foods Incorporated (San Francisco, California)",Yes,No,No,No
coin,Dollar,Five Cents,,,"5 Cent - Canned Foods Incorporated (San Francisco, California)",Yes,No,No,No
coin,Dollar,One Dime,,,"10 Cent - Canned Foods Incorporated (San Francisco, California)",Yes,No,No,No
coin,Dollar,Five Cents,,,"25 Cent - Canned Foods Incorporated (San Francisco, California)",Yes,No,No,No
coin,Dollar,One Dime,,,"10 Cent - Castro City Market (Mountain View, California)",Yes,No,No,No
coin,Dollar,One Cent,,,1 Cent - Lucky Stores Incorporated (California),Yes,No,No,No
coin,Dollar,Five Cents,,,5 Cent - Lucky Stores Incorporated (California),Yes,No,No,No
coin,Dollar,One Dime,,,10 Cent - Lucky Stores Incorporated (California),Yes,No,No,No
coin,Dollar,Half Dollar,,,50 Cents (Confederate States),Yes,No,No,No
coin,Dollar,One Dime,,,10 Cents - No. 20,Yes,No,No,No
coin,Dollar,One Dollar,,,"1 Dollar - Green Clean Auto Wash (Hampton, Virginia)",Yes,No,No,No
coin,Dollar,Five Dollars,,,"25 Dollar Casino Chip (Las Vegas, Nevada)",Yes,No,No,No
coin,Dollar,Fifty Dollars,,,"50 Dollar Casino Chip (Las Vegas, Nevada)",Yes,No,No,No
coin,Dollar,One Hundred Dollars,,,"100 Dollar Casino Chip (Las Vegas, Nevada)",Yes,No,No,No
coin,Dollar,Twenty Cents,,,"20 Cents - E. Toussaint City Bakery (Berlin, New Hampshire)",Yes,No,No,No
coin,Dollar,One Dollar,,,⅔ Dollar,Yes,No,No,No
coin,Quarter,One Dollar,,,1 Ounce - SilverTowne Mint (Alexander the Great),Yes,No,No,No
coin,Dollar,One Dollar,,,Presidential Oath Dollar (Thomas Jefferson),Yes,No,No,No
coin,Dollar,One Dollar,,,Presidential Oath Dollar (John Adams),Yes,No,No,No
coin,Dollar,One Dollar,,,"1 Dollar - Frontier Village (San Jose, California)",Yes,No,No,No
coin,Half Dollar,Half Dollar,,,"50 Cents - Bloomington Monroe Sesquicentennial (Bloomington, Indiana)",Yes,No,No,No
coin,Dollar,Five Cents,,,5 Cents - AAFES Gift Certificate (9C5),Yes,No,No,No
coin,Half Dollar,Half Cent,,,12½ Cents (Corporation of Winchester),Yes,No,No,No
coin,Dollar,Five Dollars,,,5 Dollar (Bank of Augusta),Yes,No,No,No
coin,Dollar,Two Dollars,,,2 Dollars (Bank of Westfield - New York),Yes,No,No,No
coin,Quarter,Quarter Dollar,,,"¼ Dollar ""Washington Quarter"" (Fort McHenry- Silver 5 oz. Bullion)",Yes,No,No,No
coin,Dollar,Five Dollars,,,5 Dollars (The Bank of South Carolina),Yes,No,No,No
coin,Half Dollar,Half Dollar,,,"½ Dollar - Silver Room (Chico, California)",Yes,No,No,No
coin,Dollar,Three Dollars,,,3 Dollars - Untied States of Anemia,Yes,No,No,No
coin,Dollar,One Dollar,,,1 Dollar - D Day Foil Souvenir,Yes,No,No,No
coin,Dollar,Five Dollars,,,5 Dollars (State of Alabama),Yes,No,No,No
coin,Dollar,One Dollar,,,"Whiteface Mountain Memorial Highway (Wilmington, New York)",Yes,No,No,No
coin,Dollar,Twenty Dollars,,,"20 Dollars (Gold Certificate - ""Technicolor note"")",Yes,No,No,No
coin,Dollar,Five Cents,,,"5 Cents - Manhattan (Mansfield, Ohio)",Yes,No,No,No
coin,Half Dollar,Half Dollar,,,"50 Cents - Tiffin-Seneca Sesquicentennial (Tiffin-Seneca, Ohio)",Yes,No,No,No
coin,Dollar,One Dollar,,,"1 Dollar - Frizzell Lumber Co. (Fort Myers, Florida)",Yes,No,No,No
coin,Dollar,Two Dollars,,,"2 Dollars - Aladdin Hotel and Casino (Las Vegas, Nevada)",Yes,No,No,No
coin,Dollar,One Dollar,,,1 Dollar (Silver Certificate),Yes,No,No,No
coin,Dollar,Two Dollars,,,2 Dollars (Silver Certificate),Yes,No,No,No
coin,Dollar,Three Dollars,,,3 Dollars (Silver Certificate),Yes,No,No,No
coin,Dollar,Five Dollars,,,5 Dollars (Silver Certificate),Yes,No,No,No
coin,Dollar,Twenty Dollars,,,20 Dollars,Yes,No,No,No
coin,Dollar,One Dollar,,,1 Dollar (Vertical),Yes,No,No,No
coin,Dollar,Two Dollars,,,2 Dollars (Vertical),Yes,No,No,No
coin,Dollar,Five Dollars,,,5 Dollars (Vertical),Yes,No,No,No
coin,Dollar,Ten Dollars,,,10 Dollars (Vertical),Yes,No,No,No
coin,Dollar,Twenty Dollars,,,20 Dollars (Vertical),Yes,No,No,No
coin,Dollar,Fifty Dollars,,,50 Dollars (Vertical),Yes,No,No,No
coin,Dollar,One Hundred Dollars,,,100 Dollars (Vertical),Yes,No,No,No
coin,Dollar,Fifty Dollars,,,50 Dollars (Inflation),Yes,No,No,No
coin,Dollar,One Hundred Dollars,,,100 Dollars (Inflation),Yes,No,No,No
coin,Dollar,One Dollar,,,200 Dollars (Inflation),Yes,No,No,No
coin,Dollar,Five Hundred Dollars,,,500 Dollars (Inflation),Yes,No,No,No
coin,Dollar,One Thousand Dollars,,,1000 Dollars (Inflation),Yes,No,No,No
coin,Dollar,One Dollar,,,2000 Dollars (Inflation),Yes,No,No,No
coin,Dollar,Five Thousand Dollars,,,5000 Dollars (Inflation),Yes,No,No,No
coin,Dollar,One Dollar,,,10 000 Dollars (Inflation),Yes,No,No,No
coin,Dollar,One Dollar,,,Fifty State Bicentennial (South Dakota),Yes,No,No,No
coin,Half Dollar,Five Cents,,,5 Cents (1870 Silver Half Disme Pattern),Yes,No,No,No
coin,Dollar,One Dollar,,,1 Dollar (Hawaii Silver Certificate),Yes,No,No,No
coin,Dollar,Two Dollars,,,2 Dollars (Hawaii Silver Certificate),Yes,No,No,No
coin,Dollar,Five Dollars,,,5 Dollars (Hawaii Silver Certificate),Yes,No,No,No
coin,Dollar,Ten Dollars,,,10 Dollars (Hawaii Silver Certificate),Yes,No,No,No
coin,Dollar,Fifty Dollars,,,50 Dollars (Citicorp Travelers Cheque),Yes,No,No,No
coin,Dollar,One Hundred Dollars,,,100 Dollars (MasterCard Travelers Cheque),Yes,No,No,No
coin,Dollar,Five Cents,,,5 Cents - B,Yes,No,No,No
coin,Dollar,Five Cents,,,25 Cents - LR,Yes,No,No,No
coin,Dollar,One Cent,,,"40 Cent - Broadway Plaza (San Antonio, Texas)",Yes,No,No,No
coin,Dollar,One Cent,,,"40 Cent - Drury Inn Airport (San Antonio, Texas)",Yes,No,No,No
coin,Dollar,One Cent,,,"40 Cent - Marriott North (San Antonio, Texas)",Yes,No,No,No
coin,Dollar,One Dollar,,,1 Dollar (McKean County Bank - Pennsylvania),Yes,No,No,No
coin,Half Dollar,Five Cents,,,5 Cents (Copper Half Disme Pattern - 1870),Yes,No,No,No
coin,Half Dollar,Five Cents,,,5 Cents (Aluminium Half Disme Pattern 1870),Yes,No,No,No
coin,Dollar,One Dollar,,,"1 Dollar - Fribley's Department Store (Bourbon, Indiana)",Yes,No,No,No
coin,Dollar,One Dollar,,,"Pico Peso - Senor Pico (San Francisco & Los Angeles, California)",Yes,No,No,No
coin,Dollar,One Dollar,,,"1 Dollar - Power-Shower (Dublin, Ohio)",Yes,No,No,No
coin,Dollar,Five Dollars,,,5 Dollars (Silver Certificate),Yes,No,No,No
coin,Dollar,Twenty Dollars,,,"20 Dollar - Entertainment Capitol of the World (Las Vegas, Nevada)",Yes,No,No,No
coin,Dollar,Five Cents,,,"5 Cents - The Stables Cafe (Newport, Kentucky)",Yes,No,No,No
coin,Dollar,One Dollar,,,"1 Dollar ""Morgan"" - Lions Hobo",Yes,No,No,No
coin,Dollar,One Dollar,,,"1 Dollar ""Morgan"" - Old People Hobo",Yes,No,No,No
coin,Dollar,Five Cents,,,"5 Cents ""Buffalo"" - Watch Hobo",Yes,No,No,No
coin,Dollar,Five Cents,,,"5 Cents ""Buffalo"" - Pilot Hobo",Yes,No,No,No
coin,Dollar,Five Cents,,,"5 Cents ""Buffalo"" - Pirate Hobo",Yes,No,No,No
coin,Dollar,Five Cents,,,"5 Cents ""Buffalo"" - Elephant Hobo",Yes,No,No,No
coin,Dollar,Five Cents,,,"5 Cents ""Buffalo"" - Navi Hobo",Yes,No,No,No
coin,Dollar,Five Cents,,,"5 Cents ""Buffalo"" - Virgo Hobo",Yes,No,No,No
coin,Dollar,Five Cents,,,"5 Cents ""Buffalo"" - Alien Hobo",Yes,No,No,No
coin,Dollar,Five Cents,,,"5 Cents ""Buffalo"" - Man with Glasses Hobo",Yes,No,No,No
coin,Dollar,Five Cents,,,"5 Cents ""Buffalo"" - Cat in Hat Hobo",Yes,No,No,No
coin,Dollar,Two Cents,,,"12 Cents - B. C. Int. Ry. (Bryan, Texas)",Yes,No,No,No
coin,Dollar,Five Cents,,,"25 Cents - Hibbs Lumber Company (Picher, Oklahoma)",Yes,No,No,No
coin,Dollar,One Thousand Dollars,,,1000 Dollar (Banknotedesigns Edition),Yes,No,No,No
coin,Dollar,One Dollar,,,10 Bison Dollars (United States Note),Yes,No,No,No
coin,Dollar,Half Dollar,,,"50 Cents - Greater Pontiac Centennial (Pontiac, Michigan)",Yes,No,No,No
coin,Dollar,Five Cents,,,"5 Cents - ""Buffalo Nickel"" Hobo",Yes,No,No,No
coin,Quarter,Quarter Dollar,,,¼ Dollar - Seated (with motto without date Arrows - Copper Pattern),Yes,No,No,No
coin,Quarter,Two and a Half Dollars,,,"2½ Dollars ""Quarter Eagle"" (Pattern; Gilt Copper)",Yes,No,No,No
coin,Half Dollar,One Dime,,,10 Cents (Nickel Dime Pattern - 1868),Yes,No,No,No
coin,Dollar,One Cent,,,"1 Cent - ""Indian Head Cent"" (Copper Nickel Pattern)",Yes,No,No,No
coin,Dollar,Five Thousand Dollars,,,5000 Dollar (Banknotedesigns Edition),Yes,No,No,No
coin,Dollar,One Dollar,,,100 Million Dollars Treasury Note,Yes,No,No,No
coin,Dollar,One Dollar,,,"1 Dollar - Copa Casino (Gulfport, Mississippi)",Yes,No,No,No
coin,Dollar,Two Dollars,,,2 Dollars,Yes,No,No,No
coin,Dollar,Five Cents,,,15 Cents (State of South Carolina),Yes,No,No,No
coin,Dollar,Five Dollars,,,5 Dollars (Central Bank of Tennessee),Yes,No,No,No
coin,Dollar,Five Cents,,,25 Cents (Summit County Bank),Yes,No,No,No
coin,Half Dollar,One Dollar,,,1 Ounce - Independent Living (Walking Liberty),Yes,No,No,No
coin,Dollar,Five Cents,,,5 Cents - AAFES Gift Certificate (11E5),Yes,No,No,No
coin,Dollar,Five Cents,,,5 Cents - AAFES Gift Certificate (11F5),Yes,No,No,No
coin,Dollar,Five Cents,,,5 Cents - AAFES Gift Certificate (9B5),Yes,No,No,No
coin,Dollar,Half Dollar,,,"150 Cents - Joe’s Car Care Center (Pensacola, Florida)",Yes,No,No,No
coin,Dollar,One Dollar,,,"1 Dollar ""Morgan"" - Devil Hobo",Yes,No,No,No
coin,Dollar,One Dollar,,,1 Dollar - Hobo (Reapers),Yes,No,No,No
coin,Dollar,One Dollar,,,"Tampa Bay Mutiny - Gasparilla Pirate Festival (Tampa, Florida)",Yes,No,No,No
coin,Dollar,Ten Dollars,,,"10 Dollars - Rich Uncle Pennybags (Pawtucket, Rhode Island)",Yes,No,No,No
coin,Dollar,One Dollar,,,10 000 Dollar (Banknotedesigns Edition),Yes,No,No,No
coin,Dollar,One Cent,,,1 Cent - Leichtweis Head (Millions For Defence Not One Cent for Tribute),Yes,No,No,No
coin,Dollar,One Dollar,,,"1 Almond Dollar - Almond Orthodontics (Kennewick, Washington)",Yes,No,No,No
coin,Dollar,Five Cents,,,25 Cents - Play Coin,Yes,No,No,No
coin,Dollar,One Dollar,,,1 Ounce (Peace Dollar),Yes,No,No,No
coin,Dollar,One Dime,,,"10 Cents- John P. Zimmer (Hollister, California)",Yes,No,No,No
coin,Dollar,Five Cents,,,75 Cents (County of Shenandoah),Yes,No,No,No
coin,Dollar,Five Cents,,,25 Cents - New Joy Vending Company,Yes,No,No,No
coin,Dollar,One Dollar,,,"1 Dollar - Saloon No. 10 (Deadwood, South Dakota)",Yes,No,No,No
coin,Dollar,Five Dollars,,,5 Dollars (Saint Pio of Pietrelcina),Yes,No,No,No
coin,Dollar,Five Cents,,,"5 Cents - The New River Company (Skelton, West Virginia)",Yes,No,No,No
coin,Dollar,Half Dollar,,,50 Cents (Military Payment Certificates),Yes,No,No,No
coin,Dollar,One Cent,,,"1 Cent - First Trust & Savings Co. (Cleveland, Ohio)",Yes,No,No,No
coin,Dollar,Five Cents,,,5 Cents - AAFES Gift Certificate (10H5),Yes,No,No,No
coin,Dollar,One Dollar,,,"1 Dollar - Prairiesta 100 (Russell, Kansas)",Yes,No,No,No
coin,Dollar,One Dollar,,,"Pacific Northwest Shrine Association (Billings, Montana)",Yes,No,No,No
coin,Dollar,Five Cents,,,5 Cents - Brooks,Yes,No,No,No
coin,Dollar,Half Dollar,,,"50 Cents - Comstock Hotel (Moorhead, Minnesota)",Yes,No,No,No
coin,Dollar,Five Cents,,,"25 Cents - Par-A-Dice Riverboat Casino (East Peoria, Illinois)",Yes,No,No,No
coin,Dollar,Ten Dollars,,,10 Dollars (3rd issue),Yes,No,No,No
coin,Dollar,One Dollar,,,1 Dollar - Giant Eisenhower Bicentennial,Yes,No,No,No
coin,Dollar,One Dollar,,,Trump Pence Dollars,Yes,No,No,No
coin,Dollar,Five Cents,,,5 Cents - AAFES Gift Certificate (10J5),Yes,No,No,No
coin,Dollar,Five Cents,,,"25 Cents - Sofspra South Decatur Blvd. (Las Vegas, Nevada)",Yes,No,No,No
coin,Dollar,One Dime,,,10 Cents - AAFES Gift Certificate (12C10),Yes,No,No,No
coin,Dollar,Two Dollars,,,2 Dollars (Western Exchange Fire and Marine Insurance Co.),Yes,No,No,No
coin,Dollar,One Dollar,,,1 Dollar (Farmers Bank of Bucks County - Pennsylvania),Yes,No,No,No
coin,Dollar,One Dollar,,,"1 Dollar - Nic-L-Silver Battery (Santa Ana, California)",Yes,No,No,No
coin,Dollar,Five Cents,,,"5 Cents - Wai Yuen Chinese Social Club (San Francisco, California)",Yes,No,No,No
coin,Dollar,One Dime,,,10 Cents - AAFES Gift Certificate (11L10),Yes,No,No,No
coin,Dollar,One Dollar,,,"1 Dollar - CBS Sports World Casino (Las Vegas, Nevada)",Yes,No,No,No
coin,Dollar,One Dime,,,10 Cents - AAFES Gift Certificate (10F10),Yes,No,No,No
coin,Half Dollar,Half Dollar,,,"Half Dollar - Saranac Centennial (Saranac, Michigan)",Yes,No,No,No
coin,Dollar,One Dollar,,,"1 Dollar - Potawatomi Bingo and Casino (Milwaukee, Wisconsin)",Yes,No,No,No
coin,Dollar,Five Cents,,,15 Cents (Sutton and Stewart),Yes,No,No,No
coin,Dollar,Half Dollar,,,50 Cents - Numismatics with Kenny (Ca' d'Zan),Yes,No,No,No
coin,Dollar,Five Cents,,,"15 Cents - Procter & Gamble Lava Soap (Cincinnati, Ohio)",Yes,No,No,No
coin,Dollar,Five Cents,,,"5 Cents - Saint Louis University High School (Saint Louis, Missouri)",Yes,No,No,No
coin,Dollar,Five Dollars,,,5 Dollars,Yes,No,No,No
coin,Dollar,One Dime,,,10 Cents - AAFES Gift Certificate (11B10),Yes,No,No,No
coin,Dollar,One Dime,,,10 Cents - AAFES Gift Certificate (12G10),Yes,No,No,No
coin,Dollar,One Dime,,,10 Cents - AAFES Gift Certificate (12K10),Yes,No,No,No
coin,Dollar,One Dime,,,10 Cents - AAFES Gift Certificate (11F10),Yes,No,No,No
coin,Dollar,One Dime,,,10 Cents - AAFES Gift Certificate (11A10),Yes,No,No,No
coin,Dollar,One Dime,,,10 Cents - AAFES Gift Certificate (12D10),Yes,No,No,No
coin,Dollar,One Dime,,,10 Cents - AAFES Gift Certificate (10C10),Yes,No,No,No
coin,Dollar,One Dime,,,10 Cents - AAFES Gift Certificate (10J10),Yes,No,No,No
coin,Dollar,One Dime,,,10 Cents - AAFES Gift Certificate (7F10),Yes,No,No,No
coin,Dollar,One Dime,,,10 Cents - AAFES Gift Certificate (12M10),Yes,No,No,No
coin,Dollar,One Dime,,,10 Cents - AAFES Gift Certificate (12E10),Yes,No,No,No
coin,Dollar,One Dime,,,10 Cents - AAFES Gift Certificate (12H10),Yes,No,No,No
coin,Dollar,One Dime,,,10 Cents - AAFES Gift Certificate (12L10),Yes,No,No,No
coin,Dollar,Five Cents,,,25 Cents - AAFES Gift Certificate (12M25),Yes,No,No,No
coin,Dollar,Half Dollar,,,"50 Cents - Pierre Michaud (Salem, Massachusetts)",Yes,No,No,No
coin,Dollar,Five Cents,,,"15 Cents (""Fractional Currency"" - 3rd series)",Yes,No,No,No
coin,Dollar,Ten Dollars,,,"10 Dollars - Harvey's Casino (Lake Tahoe, Nevada)",Yes,No,No,No
coin,Dollar,One Hundred Dollars,,,100 Dollars (Liberty & Britannia Gold Coin),Yes,No,No,No
coin,Quarter,One Hundred Dollars,,,"100 Dollars ""American Platinum Eagle"" (Bullion Coinage)",Yes,No,No,No
coin,Dollar,One Dollar,,,1 Ounce - 10 Dollars (Large-Size United States Note),Yes,No,No,No
coin,Dollar,One Dollar,,,1 Ounce - 100 Dollars (Federal Reserve Note; small portrait),Yes,No,No,No
coin,Dollar,One Dollar,,,1 Ounce - 1 Dollar (Silver Certificate),Yes,No,No,No
coin,Dollar,One Dollar,,,1 Ounce - 500 Dollars (Federal Reserve Note; Large 500; small portrait),Yes,No,No,No
coin,Dollar,One Dollar,,,1 Ounce - 2 Dollars (George Washington),Yes,No,No,No
coin,Dollar,One Dollar,,,200 Dollars - Garfield,Yes,No,No,No
coin,Dollar,One Dollar,,,200 Dollars - Inflation Special Edition,Yes,No,No,No
coin,Quarter,One Dollar,,,6¼ Rigsdaler Vestindisk Courant / 5 Rigdaler Courant - Christian VII (White paper; backprint on Danish note),Yes,No,No,No
coin,Quarter,One Dollar,,,¼ Ounce - Highland Mint (Walking Liberty),Yes,No,No,No
coin,Dollar,Two Dollars,,,"2 Dollar - Ceasars Palace (Las Vegas, Nevada)",Yes,No,No,No
coin,Dollar,One Dollar,,,1 Dollar (Arkansas Treasury Warrant),Yes,No,No,No
coin,Dollar,One Dollar,,,"1 Dollar - Cactus Pete's Casino (Jackpot, Nevada)",Yes,No,No,No
coin,Dollar,One Dollar,,,"1 Dollar - Harrah's Casino (Las Vegas, Nevada)",Yes,No,No,No
coin,Dollar,Five Cents,,,"25 Cents - Hadacol (Lafayette, Louisiana)",Yes,No,No,No
coin,Dollar,One Dollar,,,"1 Dollar - Caesar's Palace (Las Vegas, Nevada)",Yes,No,No,No
coin,Dollar,One Dollar,,,200 Dollars - Garfield,Yes,No,No,No
coin,Dollar,Five Dollars,,,15 Dollars (Colonial Bank),Yes,No,No,No
coin,Dollar,Three Dollars,,,"3 Dollars - ARIA (Las Vegas, Nevada)",Yes,No,No,No
coin,Dollar,Five Cents,,,"5 Cents Chapek Pool Hall (Anamoose, North Dakota)",Yes,No,No,No
coin,Dollar,One Dollar,,,1 000 000 Dollars (Elvis Presley),Yes,No,No,No
coin,Dollar,Five Dollars,,,5 Dollars (Bank of Louisiana),Yes,No,No,No
coin,Dollar,One Cent,,,1 Cent - Zombie Indian Head,Yes,No,No,No
coin,Dollar,One Cent,,,"1 Cent - Lamar Colliery Co. (Lamar, West Virginia)",Yes,No,No,No
coin,Dollar,Twenty Dollars,,,20 Dollars in trade (Superior/McCawley-Grellman),Yes,No,No,No
coin,Dollar,Five Cents,,,"5 Cents - Garmeada Coal Company (Middlesboro, Kentucky)",Yes,No,No,No
coin,Dollar,Five Cents,,,"5 Cents - C. H. Mead Coal Co. (East Gulf, West Virginia)",Yes,No,No,No
coin,Dollar,One Dollar,,,1 Dollar - NCO Open Mess (Keesler A.F.B. Miss.),Yes,No,No,No
coin,Dollar,One Dime,,,"10 Cents - Erv's Bar (Verona, North Dakota)",Yes,No,No,No
coin,Dollar,One Dollar,,,1 Trial Dollar - Abraham Lincoln,Yes,No,No,No
coin,Dollar,Fifty Dollars,,,50 Dollars - Grant,Yes,No,No,No
coin,Dollar,Twenty Dollars,,,20 Dollars - Roosevelt,Yes,No,No,No
coin,Dollar,One Cent,,,"6 Cents - The Sixth Sense, Inc.",Yes,No,No,No
coin,Dollar,One Cent,,,"1 Cent - The Consolidation Coal Company (Jenkins, Kentucky)",Yes,No,No,No
coin,Dollar,Five Cents,,,5 Cents - B,Yes,No,No,No
coin,Dollar,Five Cents,,,5 Cents - B,Yes,No,No,No
coin,Dollar,One Dollar,,,1 Ounce - Morgan Dollar,Yes,No,No,No
coin,Dollar,Five Cents,,,5 Cents - C,Yes,No,No,No
coin,Dollar,Five Hundred Dollars,,,500 Dollars - Multi Comm',Yes,No,No,No
coin,Dollar,One Dollar,,,10 000 Dollars - Multi Comm',Yes,No,No,No
coin,Dollar,Half Dollar,,,"50 Cents - NCO Open Mess (Hickam A.F.B., Hawaii)",Yes,No,No,No
coin,Dollar,One Dime,,,Wooden Dime - Dr. Pepper,Yes,No,No,No
coin,Dollar,One Dollar,,,"1 Dollar - Miss Billie’s Kid’s Kampus (Salt Lake City, Utah)",Yes,No,No,No
coin,Dollar,Ten Dollars,,,"10 Dollars - Caesars Palace (Las Vegas, Nevada)",Yes,No,No,No
coin,Dollar,One Dollar,,,"1 Dollar - Sleeping Buffalo (Saco, Montana)",Yes,No,No,No
coin,Dollar,Five Dollars,,,"5 Dollars - Sleeping Buffalo (Saco, Montana)",Yes,No,No,No
coin,Dollar,Five Cents,,,25 Cents - AAFES Gift Certificate (10E25),Yes,No,No,No
coin,Dollar,One Dime,,,10 Cents - AAFES Gift Certificate (12A10),Yes,No,No,No
coin,Dollar,One Dime,,,10 Cents - AAFES Gift Certificate (12B10),Yes,No,No,No
coin,Dollar,Five Cents,,,25 Cents - AAFES Gift Certificate (12B25),Yes,No,No,No
coin,Dollar,Five Cents,,,5 Cents - AAFES Gift Certificate (10D5),Yes,No,No,No
coin,Dollar,Five Cents,,,25 Cents - AAFES Gift Certificate (11H25),Yes,No,No,No
coin,Dollar,One Dollar,,,"1 Dollars - Gold Coast (Las Vegas, Nevada)",Yes,No,No,No
coin,Dollar,One Dollar,,,"1 Dollar -Palms (Las Vegas, Nevada)",Yes,No,No,No
coin,Dollar,Five Cents,,,"25 Cents - Chuck E. Cheese's (Concord, California)",Yes,No,No,No
coin,Dollar,One Dollar,,,"1 Dollar - Hooters (Las Vegas, Nevada)",Yes,No,No,No
coin,Dollar,Five Cents,,,25 Cents - AAFES Gift Certificate (8D25),Yes,No,No,No
coin,Dollar,Five Cents,,,25 Cents - AAFES Gift Certificate (12C25),Yes,No,No,No
coin,Dollar,Five Cents,,,25 Cents - AAFES Gift Certificate (10B25),Yes,No,No,No
coin,Dollar,Five Cents,,,"25 Cents - Chuck E. Cheese (Reno, Nevada)",Yes,No,No,No
coin,Dollar,Four Dollars,,,"4 Dollars - The Bistro (Danville, Virginia)",Yes,No,No,No
coin,Dollar,Five Cents,,,"25 Cents - Chuck E. Cheese (Sacramento, California)",Yes,No,No,No
coin,Dollar,Half Dollar,,,"50 Cents - Scott AFB NCO Open Mess (Scott AFB, Illinois)",Yes,No,No,No
coin,Dollar,Four Dollars,,,4 Dollars - Hair Mechanix,Yes,No,No,No
coin,Dollar,Five Cents,,,"5 Cent - Grand Victoria Casino (Rising Sun, Indiana)",Yes,No,No,No
coin,Dollar,One Dollar,,,2 Vestindiske Dalere / 2 Dollars (St. Croix),Yes,No,No,No
coin,Dollar,One Dollar,,,3 Vestindiske Dalere / 3 Dollars (St. Croix),Yes,No,No,No
coin,Dollar,One Dollar,,,1 Dollar - Sproutin Out Flowers Plants & Pets,Yes,No,No,No
coin,Dollar,Five Cents,,,"25 Cents - Reliable Aircraft Hardware (Las Vegas, Nevada)",Yes,No,No,No
coin,Dollar,One Dime,,,10 Cents (Military Payment Certificates),Yes,No,No,No
coin,Dollar,Three Dollars,,,3 Dollars (Somerset and Worcester Savings Bank - Maryland),Yes,No,No,No
coin,Dollar,Half Dollar,,,50 Cents (Military Payment Certificates),Yes,No,No,No
coin,Dollar,Twenty Dollars,,,20 Dollars (First National Travelers Cheque),Yes,No,No,No
coin,Dollar,Ten Dollars,,,10 Dollars (Military Payment Certificates),Yes,No,No,No
coin,Dollar,Half Dollar,,,5 Pounds / 21½ Dollars,Yes,No,No,No
coin,Dollar,Five Cents,,,25 Cents - King Pin,Yes,No,No,No
coin,Dollar,One Dollar,,,"1 Dollar - Radio Shack (San Jose, California)",Yes,No,No,No
coin,Dollar,Five Dollars,,,5 Dollars - Club-21,Yes,No,No,No
coin,Dollar,Five Cents,,,"5 Cents ""Buffalo"" - Wolf Howling Hobo",Yes,No,No,No
coin,Dollar,One Dollar,,,1 Dollar - Discover Financial Servies,Yes,No,No,No
coin,Dollar,Three Dollars,,,"3 Dollars - Joel Anderson (Grover Beach, California)",Yes,No,No,No
coin,Dollar,Five Cents,,,"25 Cents - Time Zone Family Fun Centers (Mountain View, California)",Yes,No,No,No
coin,Dollar,One Dollar,,,1 Dollar (Exchange Bank of Tennessee),Yes,No,No,No
coin,Dollar,One Hundred Dollars,,,100 Dollars - Grace Kelly (Pennsylvania),Yes,No,No,No
coin,Dollar,One Hundred Dollars,,,100 Dollars - Excelsior (New York),Yes,No,No,No
coin,Dollar,One Dollar,,,1 Dollar - Ruritan Bingo,Yes,No,No,No
coin,Dollar,Half Dollar,,,"50 Cents - Oregon Centennial (The Dalles, Oregon)",Yes,No,No,No
coin,Dollar,Half Dollar,,,"50 Cents - Oregon Centennial (John Day, Oregon)",Yes,No,No,No
coin,Dollar,Half Dollar,,,"50 Cents - City of North Bend (North Bend, Oregon)",Yes,No,No,No
coin,Dollar,One Dollar,,,"1 Dollar - City of North Bend (North Bend, Oregon)",Yes,No,No,No
coin,Dollar,Five Cents,,,"25 Cents - City of North Bend (North Bend, Oregon)",Yes,No,No,No
coin,Dollar,One Cent,,,1 Cent - Gateway Money,Yes,No,No,No
coin,Dollar,One Hundred Dollars,,,100 Dollars (Movie Prop Money),Yes,No,No,No
coin,Quarter,Quarter Dollar,,,"¼ Dollar (Shenandoah, Silver 5 oz Bullion)",Yes,No,No,No
coin,Dollar,Five Cents,,,25 Cents (American Silver),Yes,No,No,No
coin,Dollar,One Cent,,,1 Penny - Oriental Chapter No. 19 (Seattle Washington),Yes,No,No,No
coin,Dollar,One Hundred Dollars,,,"100 Dollars - SMC Corp. (Wilkes-Barre, Pennsylvania)",Yes,No,No,No
coin,Dollar,One Cent,,,"1 Cent (Millions For Defence, Not One Cent For Tribute)",Yes,No,No,No
coin,Dollar,One Cent,,,"1 Cent (Millions For Defence, Not One Cent For Tribute)",Yes,No,No,No
coin,Dollar,One Cent,,,"1 Cent (Millions For Defence, Not One Cent For Tribute)",Yes,No,No,No
coin,Dollar,One Cent,,,"1 Cent (Millions For Defence, Not One Cent For Tribute)",Yes,No,No,No
coin,Dollar,One Cent,,,"1 Cent (Millions For Defence, Not One Cent For Tribute)",Yes,No,No,No
coin,Dollar,One Dollar,,,"Wooden Dollar - Long Grove Confectionery Company (Long Grove, Illinois)",Yes,No,No,No
coin,Dollar,One Dollar,,,"Wooden Dollar - Farmside Country Store (Long Grove, Illinois)",Yes,No,No,No
coin,Dollar,Half Dollar,,,"50 Cents - Pearce Mercantile (Pearce, Arizona)",Yes,No,No,No
coin,Dollar,Half Dollar,,,"50 Cents (""Fractional Currency"" - 3rd issue)",Yes,No,No,No
coin,Dollar,Five Dollars,,,"5 Dollar - The Palazzo (Las Vegas, Nevada)",Yes,No,No,No
coin,Dollar,Five Cents,,,"5 Cents - Solly's Swing Club (Chicago, Illinois)",Yes,No,No,No
coin,Dollar,One Dime,,,"10 Cents - Kar Kwik In Store Trade (Ogden, Utah)",Yes,No,No,No
coin,Dollar,Five Cents,,,"5 Cents - Kar Kwik In Store Trade (Ogden, Utah)",Yes,No,No,No
coin,Dollar,Five Cents,,,5 Cents - Tri-Mart In Store Trade,Yes,No,No,No
coin,Dollar,Half Dollar,,,50 Cents (Mechanics Savings and Loan Association),Yes,No,No,No
coin,Dollar,One Dollar,,,1 Million Dollars - Trump Legacy,Yes,No,No,No
coin,Dollar,One Dollar,,,Trump - Federal Return to Victory,Yes,No,No,No
coin,Dollar,One Dollar,,,"Wooden Dollar - Candid Pix's E & D Enterprises (Las Vegas, Nevada)",Yes,No,No,No
coin,Dollar,One Dollar,,,1 Dollar - Movie Prop,Yes,No,No,No
coin,Dollar,Two Dollars,,,2 Dollars - Movie Prop,Yes,No,No,No
coin,Dollar,Five Dollars,,,5 Dollars - Movie Prop,Yes,No,No,No
coin,Quarter,Quarter Dollar,,,1 Ounce - Osborne Mint (Quarter Dollar),Yes,No,No,No
coin,Quarter,Quarter Dollar,,,Mini Coin - Washington Quarter,Yes,No,No,No
coin,Dollar,Five Dollars,,,5 Dollars (Military Payment Certificate),Yes,No,No,No
coin,Dollar,Ten Dollars,,,10 Dollars - Movie Prop,Yes,No,No,No
coin,Dollar,Fifty Dollars,,,50 Dollars - Prop Money,Yes,No,No,No
coin,Dollar,One Hundred Dollars,,,100 Dollars - Prop Money,Yes,No,No,No
coin,Dollar,Five Cents,,,"5 Cents ""Buffalo"" - Attacking Eagle Hobo",Yes,No,No,No
coin,Dollar,One Thousand Dollars,,,"1000 Dollars - Flamingo Hotel (Las Vegas, Nevada)",Yes,No,No,No
coin,Dollar,One Dime,,,"10 Cents - David & Ely (Moscow, Idaho)",Yes,No,No,No
coin,Dollar,One Dollar,,,1 Dollar - Coral Princess (Princess Casinos),Yes,No,No,No
coin,Dollar,One Dollar,,,1 Dollar - Golden Princess (Princess Casinos),Yes,No,No,No
coin,Dollar,One Dollar,,,Lambda Chi Alpha - Halloween Dance,Yes,No,No,No
coin,Dollar,One Dollar,,,"1 Dollar - Ojibwa Casino Resort (Baraga, Michigan)",Yes,No,No,No
coin,Dollar,One Dollar,,,"1 Dollar ""Morgan"" - Painter Hobo",Yes,No,No,No
coin,Dollar,One Dollar,,,"1 Dollar ""Morgan"" - Zombie Hobo",Yes,No,No,No
coin,Dollar,One Dollar,,,"1 Dollar ""Morgan"" - Manga Hobo",Yes,No,No,No
coin,Dollar,One Dollar,,,"1 Dollar ""Morgan"" - Outlaw Hobo",Yes,No,No,No
coin,Dollar,One Dollar,,,"1 Dollar ""Morgan"" - Devil Hobo",Yes,No,No,No
coin,Dollar,One Dollar,,,"1 Dollar - Frontier Hotel (Las Vegas, Nevada)",Yes,No,No,No
coin,Dollar,One Dollar,,,"1 Dollar - Riviera (Las Vegas, Nevada)",Yes,No,No,No
coin,Dollar,One Dollar,,,"1 Dollar - 4 Way Casino (Wells, Nevada)",Yes,No,No,No
coin,Dollar,Ten Dollars,,,10 Dollars - The Pierced Ear,Yes,No,No,No
coin,Dollar,One Dollar,,,"1 Dollar - Leelanau Sands Casino (Peshawbestown, Michigan)",Yes,No,No,No
coin,Dollar,Five Cents,,,5 Cents - Riverside Trading Post,Yes,No,No,No
coin,Dollar,Five Cents,,,5 Cents - 2928,Yes,No,No,No
coin,Dollar,Five Cents,,,"5 Cents - The Thistle Club (Tipp City, Ohio)",Yes,No,No,No
coin,Dollar,One Dollar,,,"1 Dollar - The Sands (Las Vegas, Nevada)",Yes,No,No,No
coin,Dollar,One Dollar,,,5 Goldbacks (South Dakota),Yes,No,No,No
coin,Dollar,One Dollar,,,10 Goldbacks (South Dakota),Yes,No,No,No
coin,Dollar,One Dollar,,,1 Dollar (Bank of Morgan - Georgia),Yes,No,No,No
coin,Dollar,Two Dollars,,,2 Dollars (Silver Certificate),Yes,No,No,No
coin,Dollar,Five Dollars,,,5 Dollars - Free Run Cellars,Yes,No,No,No
coin,Dollar,Fifty Dollars,,,50 Dollars (Mechanics' Bank of Augusta - Georgia),Yes,No,No,No
coin,Dollar,Five Dollars,,,5 Dollars (Farmers & Exchange Bank of Charleston - South Carolina),Yes,No,No,No
coin,Dollar,Three Dollars,,,3 Dollars (State of Mississippi),Yes,No,No,No
coin,Dollar,One Dollar,,,200 Dollars - Alligator Edition (Vertical),Yes,No,No,No
coin,Dollar,Three Dollars,,,3 Dollars - Fantasy Banknote (New York),Yes,No,No,No
coin,Dollar,Twenty Dollars,,,20 Dollars,Yes,No,No,No
coin,Dollar,One Dollar,,,"Augusta Coin Club (Augusta, Georgia)",Yes,No,No,No
coin,Dollar,One Dollar,,,1 Dollar (Bullion Bank),Yes,No,No,No
coin,Dollar,One Dollar,,,1 Dollar (Bank of Monroe - Michigan),Yes,No,No,No
coin,Dollar,One Dollar,,,"1 Dollar - Foxwoods (Mashantucket, Connecticut)",Yes,No,No,No
coin,Dollar,One Dollar,,,"1 Dollar - Foxwoods (Mashantucket, Connecticut)",Yes,No,No,No
coin,Dollar,Two and a Half Dollars,,,"2½ Dollars - Foxwoods (Mashantucket, Connecticut)",Yes,No,No,No
coin,Dollar,Five Dollars,,,"5 Dollars - Foxwoods (Mashantucket, Connecticut)",Yes,No,No,No
coin,Dollar,One Dollar,,,"1 Dollar - Foxwoods (Mashantucket, Connecticut)",Yes,No,No,No
coin,Dollar,Five Dollars,,,"5 Dollar - Foxwoods (Mashantucket, Connecticut)",Yes,No,No,No
coin,Dollar,Five Dollars,,,"5 Dollar - Planet Hollywood (Las Vegas, Nevada)",Yes,No,No,No
coin,Dollar,Five Dollars,,,"5 Dollar - Excalibur (Las Vegas, Nevada)",Yes,No,No,No
coin,Dollar,Five Dollars,,,"5 Dollar - Rio (Las Vegas, Nevada)",Yes,No,No,No
coin,Dollar,Five Dollars,,,"5 Dollar - Mirage (Las Vegas, Nevada)",Yes,No,No,No
coin,Dollar,Five Dollars,,,"5 Dollar - New York-New York (Las Vegas, Nevada)",Yes,No,No,No
coin,Dollar,Five Dollars,,,"5 Dollar - MGM Grand (Las Vegas, Nevada)",Yes,No,No,No
coin,Dollar,Five Dollars,,,"5 Dollar - Bellagio (Las Vegas, Nevada)",Yes,No,No,No
coin,Dollar,Five Dollars,,,"5 Dollar - Mandalay Bay (Las Vegas, Nevada)",Yes,No,No,No
coin,Dollar,Five Dollars,,,"5 Dollars - Ceasars Palace (Las Vegas, Nevada)",Yes,No,No,No
coin,Dollar,Five Dollars,,,"5 Dollar - Luxor (Las Vegas, Nevada)",Yes,No,No,No
coin,Dollar,One Dollar,,,1 Dollar (Flowing Hair),Yes,No,No,No
coin,Quarter,Quarter Dollar,,,"¼ Dollar ""Washington Quarter"" Block Island National Wildlife Refuge - Silver 5 oz",Yes,No,No,No
coin,Dollar,Fifty Dollars,,,50 Dollars - De La Rue Test Note,Yes,No,No,No
coin,Dollar,One Dollar,,,1 Dollar - De La Rue Test Note,Yes,No,No,No
coin,Dollar,One Hundred Dollars,,,100 Dollars - De La Rue Test Note,Yes,No,No,No
coin,Dollar,Five Dollars,,,5 Dollars (New Orleans Canal and Banking Co.),Yes,No,No,No
coin,Dollar,Two Dollars,,,2 Dollars (Parish of Concordia),Yes,No,No,No
coin,Dollar,Five Dollars,,,5 Dollars (The Commercial Bank of Columbia),Yes,No,No,No
coin,Half Dollar,Half Dollar,,,½ Dollar - Enchanted Woods,Yes,No,No,No
coin,Dollar,One Dollar,,,"1 Dollar - ""Morgan"" (Anubis & Ra)",Yes,No,No,No
coin,Dollar,Five Cents,,,"5 Cents - ""Buffalo"" (Plague Doctor)",Yes,No,No,No
coin,Dollar,Twenty Cents,,,20 Cents (The Bank of the State of South Carolina),Yes,No,No,No
coin,Dollar,Twenty Dollars,,,20 Dollars (Parish of Concordia),Yes,No,No,No
coin,Dollar,One Dollar,,,"Wrigley's United Profit - Sharing Coupon (New York, New York)",Yes,No,No,No
coin,Dollar,Half Dollar,,,"50 Cents - Bessemer Anniversary (Bessemer, Alabama)",Yes,No,No,No
coin,Dollar,Five Cents,,,5 Cents (Play Coin),Yes,No,No,No
coin,Dollar,Two and a Half Dollars,,,2½ Dollars - MGM Grand at Foxwoods,Yes,No,No,No
coin,Dollar,Five Cents,,,"25 Cents - Blue Chip Casino (Michigan City, Indiana)",Yes,No,No,No
coin,Dollar,One Dollar,,,"1 Dollar - Top Hat Club (New Orleans, Lousiana)",Yes,No,No,No
coin,Dollar,Five Dollars,,,"5 Dollars - Top Hat Club (New Orleans, Louisiana)",Yes,No,No,No
coin,Dollar,One Dollar,,,"1 Dollar - Fink's Billionaire Club (Gretna, Louisiana)",Yes,No,No,No
coin,Dollar,Five Dollars,,,"5 Dollars - Glasgow Noncommissioned Officers Club (Glasgow Air Force Base, Montana)",Yes,No,No,No
coin,Dollar,Half Dollar,,,50 Cents - North Carolina Prison Dept.,Yes,No,No,No
coin,Dollar,One Dollar,,,1 Dollar - North Carolina Prison Dept.,Yes,No,No,No
coin,Dollar,One Dollar,,,1 Trillion Dollars - Bretton Woods,Yes,No,No,No
coin,Dollar,One Dollar,,,1 Trillion Dollars - Bretton Woods,Yes,No,No,No
coin,Half Dollar,One Dollar,,,½ Ounce - Money Metals Exchange (Walking Liberty),Yes,No,No,No
coin,Dollar,One Dollar,,,Souvenir Dollar - North Dakota (Deer),Yes,No,No,No
coin,Dollar,Three Dollars,,,3 Dollars (Eastern Bank of Alabama),Yes,No,No,No
coin,Dollar,Five Dollars,,,5 Dollars (Eastern Bank of Alabama),Yes,No,No,No
coin,Dollar,One Hundred Dollars,,,100 Dollars (gold plated),Yes,No,No,No
coin,Dollar,One Hundred Dollars,,,100 Dollars (silver plated),Yes,No,No,No
coin,Dollar,Five Cents,,,"25 Cents - Sofspra Greenwich Street (Kutztown, Pennsylvania)",Yes,No,No,No
coin,Dollar,One Dime,,,"10 Cents - Sambo's Restaurants (Columbus, Georgia)",Yes,No,No,No
coin,Dollar,One Cent,,,38 Cents - The Great American Hot Dog,Yes,No,No,No
coin,Dollar,$125,,,$125 000.00 Reader's Digest Sweepsbill,Yes,No,No,No
coin,Dollar,Twenty Dollars,,,20 Dollars - Midlantic Handy Teller Money,Yes,No,No,No
coin,Dollar,One Dollar,,,1 Million Dollars - Biden vs. Trump,Yes,No,No,No
coin,Dollar,One Dollar,,,"1 Dollar - Camelback Fidelity Educational Conference (Phoenix, Arizona)",Yes,No,No,No
coin,Dollar,One Dollar,,,"1 Dollar - Matrix Carwash (Norwich, New York)",Yes,No,No,No
coin,Dollar,One Dollar,,,"1 Dollar - Express Carwash (Frankfort, Kentucky)",Yes,No,No,No
coin,Dollar,One Dollar,,,"1 Dollar - Midland Empire State Fair (Billings, Montana)",Yes,No,No,No
coin,Dollar,Ten Dollars,,,10 Dollars (Eastern Bank of Alabama),Yes,No,No,No
coin,Dollar,One Dollar,,,1 000 000 - First President,Yes,No,No,No
coin,Dollar,One Dollar,,,1 Dollar (State of Florida),Yes,No,No,No
coin,Dollar,Fifty Dollars,,,50 Dollars (Propaganda Note),Yes,No,No,No
coin,Dollar,One Dollar,,,So-Called Dollar - Christopher Columbus,Yes,No,No,No
coin,Dollar,One Dollar,,,"1 Dollar - Luxor (Las Vegas, Nevada)",Yes,No,No,No
coin,Dollar,One Dollar,,,1 Dollar (American Innovation - Arkansas),Yes,No,No,No
coin,Dollar,One Dime,,,"10 Cents - Carpenter's Rapid Transit Inc. (Corning, New York)",Yes,No,No,No
coin,Dollar,Twenty Dollars,,,20 Dollars (Eastern Bank of Alabama),Yes,No,No,No
coin,Dollar,Two Dollars,,,2 Dollars (Bank of Middletown - Pennsylvania),Yes,No,No,No
coin,Dollar,One Dime,,,"10 Cents - NCO Open Mess (Hickam A.F.B., Hawaii)",Yes,No,No,No
coin,Dollar,Two Cents,,,2 Cents (Ohio Sales Tax Receipt),Yes,No,No,No
coin,Dollar,One Dime,,,"10 Cents - The Brunswick (Billings, Montana)",Yes,No,No,No
coin,Dollar,Five Cents,,,5 Cents (After Hours Club),Yes,No,No,No
coin,Dollar,One Dollar,,,"1 Dollar ""Native American Dollar"" (Mary Kawena Pukui)",Yes,No,No,No
coin,Dollar,Five Cents,,,"5 Cents - Stan's Bar (Glasgow, Montana)",Yes,No,No,No
coin,Dollar,One Dollar,,,"1 Dollar - Midland Empire State Fair (Billings, Montana)",Yes,No,No,No
coin,Dollar,Five Cents,,,"5 Cents - F. Anselmo & CO. (Columbia, Utah)",Yes,No,No,No
coin,Dollar,Half Dollar,,,"50 Cents - Sky High Frozen Yogurt (Williamsport, Pennsylvania)",Yes,No,No,No
coin,Dollar,Ten Dollars,,,"10 Dollars - Winding Gulf Coals, Inc. (Winding Gulf, West Virginia)",Yes,No,No,No
coin,Dollar,One Dollar,,,"Challenge Coin - Tactical Support Center (Misawa, Japan)",Yes,No,No,No
coin,Dollar,Five Hundred Dollars,,,500 Dollars - Emily D. West,Yes,No,No,No
coin,Dollar,Twenty Dollars,,,20 Dollars - Steampunk USA,Yes,No,No,No
coin,Dollar,One Dollar,,,1 Ounce - 20 Dollars (NORFED Liberty Dollar),Yes,No,No,No
coin,Quarter,Five Cents,,,"25 Cents ""Washington Quarter"" (Ida B. Wells)",Yes,No,No,No
coin,Dollar,One Thousand Dollars,,,1000 Dollars (Supreme),Yes,No,No,No
coin,Dollar,One Cent,,,"1 Cent - Pedro's (Agana, Guam)",Yes,No,No,No
coin,Dollar,One Cent,,,"1 Cent - Parkview IGA (Springfield, Kentucky)",Yes,No,No,No
coin,Dollar,Five Cents,,,"5 Cents - H.C. Prange Co. (Sheboygan, Wisconsin)",Yes,No,No,No
coin,Dollar,One Dollar,,,"1 Dollar - Anaconda Mine - Type I (Butte, Montana)",Yes,No,No,No
coin,Dollar,One Cent,,,"1 Cent - Billey's Market (Huntington, West Virginia)",Yes,No,No,No
coin,Dollar,One Cent,,,"1 Cent - Dilley Family Center (Dilley, Texas)",Yes,No,No,No
coin,Dollar,One Cent,,,"1 Cent - Ed's Eisner Agency (Mason City, Illinois)",Yes,No,No,No
coin,Dollar,One Cent,,,"1 Cent - Elma's E Roadside Grocery (Ozona, Texas)",Yes,No,No,No
coin,Dollar,One Cent,,,1 Cent - Food Center Super Market,Yes,No,No,No
coin,Dollar,One Cent,,,"1 Cent - Foodtown Supermarkets (Lexington, Kentucky)",Yes,No,No,No
coin,Dollar,Twenty Dollars,,,20 Dollars (American Express),Yes,No,No,No
coin,Dollar,One Cent,,,"1 Cent - Geyer's Super Valu (Mansfield, Ohio)",Yes,No,No,No
coin,Dollar,One Cent,,,"1 Cent - Green Valley Stores (Cincinnati, Ohio)",Yes,No,No,No
coin,Dollar,One Cent,,,1 Cent - Friendly Market,Yes,No,No,No
coin,Dollar,One Cent,,,"1 Cent - Meigs Plaza (Athens, Ohio)",Yes,No,No,No
coin,Dollar,One Cent,,,1 Cent - National,Yes,No,No,No
coin,Dollar,One Cent,,,"1 Cent - O.N.E. Store (Cedar Rapids, Iowa)",Yes,No,No,No
coin,Dollar,One Cent,,,"1 Cent - Open Pantry #701 (Greensboro, North Carolina)",Yes,No,No,No
coin,Dollar,One Cent,,,"1 Cent - Shoppers Choice Super Markets (Lexington, Kentucky)",Yes,No,No,No
coin,Dollar,One Cent,,,"1 Cent - Shoppers Choice Super Markets (Lexington, Kentucky)",Yes,No,No,No
coin,Dollar,One Dollar,,,Challenge Coin - Great Container Cluster Fuck Of 2009,Yes,No,No,No
coin,Dollar,One Dollar,,,1 Dollar (U.S. Marine Corps 250th Anniversary),Yes,No,No,No
coin,Dollar,One Dime,,,10 Cents - AAFES Gift Certificate (16E10),Yes,No,No,No
coin,Dollar,One Dollar,,,1 Dollar (Bank of the Valley in Virginia),Yes,No,No,No
coin,Dollar,One Cent,,,"1 Cent - Coulee Superette (Onalaska, Wisconsin)",Yes,No,No,No
coin,Dollar,One Cent,,,"1 Cent - Corner Grocery (Tacoma, Washington)",Yes,No,No,No
coin,Dollar,One Cent,,,"1 Cent - Terrell's IGA (Union City, Tennessee)",Yes,No,No,No
coin,Dollar,One Cent,,,"1 Cent - Thompson's King of Meats (Cascade, Iowa)",Yes,No,No,No
coin,Dollar,Five Dollars,,,"5 Dollars - MGM Grand (Las Vegas, Nevada)",Yes,No,No,No
coin,Dollar,Half Dollar,,,"50 Cents - Bourbon County 175th Anniversary (Bourbon County, Kentucky)",Yes,No,No,No
coin,Dollar,Five Cents,,,25 Cents - 17460,Yes,No,No,No
coin,Dollar,One Cent,,,1 Cent - Ferguson Variety Mkt. (District of Columbia),Yes,No,No,No
coin,Dollar,One Cent,,,"1 Cent - Farson Super Dollar (Flatwoods, Kentucky)",Yes,No,No,No
coin,Dollar,One Cent,,,"1 Cent - Bill's Food Market (Glenbeulah, Wisconsin)",Yes,No,No,No
coin,Dollar,One Cent,,,"1 Cent - Echol's Market (Philadelphia, Pennsylvania)",Yes,No,No,No
coin,Dollar,One Cent,,,"1 Cent - F.V. Reynold's Supermkt (Lamar, South Carolina)",Yes,No,No,No
coin,Dollar,One Dollar,,,1 Dollar (The New Jersey Manufacturing and Banking Company),Yes,No,No,No
coin,Dollar,One Dollar,,,"Palm Springs Dollar - Chamber of Commerce (Palm Springs, California)",Yes,No,No,No
coin,Dollar,One Dollar,,,"1 Dollar - Automatic Car Wash (Thornton, Colorado)",Yes,No,No,No
coin,Dollar,One Dollar,,,1 Goldback (Florida),Yes,No,No,No
coin,Dollar,One Dollar,,,2 Goldback (Florida),Yes,No,No,No
coin,Dollar,One Dollar,,,5 Goldback (Florida),Yes,No,No,No
coin,Dollar,One Dollar,,,10 Goldback (Florida),Yes,No,No,No
coin,Dollar,One Dollar,,,25 Goldback (Florida),Yes,No,No,No
coin,Dollar,One Dollar,,,50 Goldbacks (Florida),Yes,No,No,No
coin,Dollar,One Dollar,,,100 Goldbacks (Florida),Yes,No,No,No
coin,Dollar,One Dollar,,,Citizens Banks 80th Anniversary,Yes,No,No,No
coin,Dollar,One Cent,,,"1 Cent - Dinosaur Store (Fruita, Colorado)",Yes,No,No,No
coin,Dollar,One Cent,,,"1 Cent - Blue Rock Food Market (Wilmington, Delaware)",Yes,No,No,No
coin,Dollar,One Cent,,,"1 Cent - Convenience Corner (Roxboro, North Carolina)",Yes,No,No,No
coin,Dollar,One Cent,,,"1 Cent - Doerings Super Valu (Kaukauna, Wisconsin)",Yes,No,No,No
coin,Dollar,One Cent,,,"1 Cent - Duhe's IGA (Mt Airy, Louisiana)",Yes,No,No,No
coin,Dollar,One Cent,,,"1 Cent - Duke's IGA (Lexington, Kentucky)",Yes,No,No,No
coin,Quarter,One Dollar,,,Independence Day - Athletic Carnival (New York),Yes,No,No,No
coin,Dollar,One Cent,,,"1 Cent - J.T. Boyd's Grocery (Ratcliff, Arkansas)",Yes,No,No,No
coin,Dollar,One Cent,,,"1 Cent - Quik Pic Foodland (Bangor, Maine)",Yes,No,No,No
coin,Dollar,One Cent,,,"1 Cent - Dyckman Meat Market (New York City, New York)",Yes,No,No,No
coin,Dollar,One Cent,,,"1 Cent - Lone Eagle Superette (Cokie Point, St. Thomas)",Yes,No,No,No
coin,Dollar,One Cent,,,"1 Cent - Medford IGA (Medford, Wisconsin)",Yes,No,No,No
coin,Dollar,One Cent,,,"1 Cent - Rite Price Market (Millbury, Massachusetts)",Yes,No,No,No
coin,Dollar,One Dime,,,"10 Cents - GFAFB NCO Open Mess (Grand Forks, North Dakota)",Yes,No,No,No
coin,Dollar,One Thousand Dollars,,,1000 Dollars - Thomas Cook Travelers Cheque,Yes,No,No,No
coin,Dollar,One Dollar,,,1 Ounce - Morgan Dollar,Yes,No,No,No
coin,Dollar,One Cent,,,"1 Cent - Shufat Market (San Francisco, California)",Yes,No,No,No
coin,Dollar,One Cent,,,"1 Cent - Willow Egg Ranch (Fresno, California)",Yes,No,No,No
coin,Dollar,One Cent,,,"1 Cent - Shop n Save Market (Kingwood, West Virginia)",Yes,No,No,No
coin,Half Dollar,One Dollar,,,1 Ounce - Walking Liberty,Yes,No,No,No
coin,Dollar,One Cent,,,1 Cent - Gates Market (District of Columbia),Yes,No,No,No
coin,Dollar,One Cent,,,"1 Cent - Gene's (Chicago, Illinois)",Yes,No,No,No
coin,Dollar,One Cent,,,"1 Cent - Gay's Grocery (Anderson, South Carolina)",Yes,No,No,No
coin,Dollar,One Cent,,,"1 Cent - H-T Food (Charlotte, North Carolina)",Yes,No,No,No
coin,Dollar,One Cent,,,"1 Cent - James Is. Piggly Wiggly (Charleston, South Carolina)",Yes,No,No,No
coin,Dollar,One Cent,,,"1 Cent - Joe's Groc. (Alexandria, Louisiana)",Yes,No,No,No
coin,Dollar,One Cent,,,"1 Cent - Kelly's Food Store (New Orleans, Louisiana)",Yes,No,No,No
coin,Dollar,One Cent,,,"1 Cent - Jones Foods (Milwaukee, Wisconsin)",Yes,No,No,No
coin,Dollar,Five Cents,,,"5 Cents - NCO Open Mess (Hickam A.F.B., Hawaii)",Yes,No,No,No
coin,Dollar,One Cent,,,"1 Cent - Kmart Foods (La Crosse, Wisconsin)",Yes,No,No,No
coin,Dollar,One Cent,,,"1 Cent - Lakeview Foods (West Salem, Wisconsin)",Yes,No,No,No
coin,Dollar,One Cent,,,"1 Cent - Larry's I.G.A. (La Crosse, Wisconsin)",Yes,No,No,No
coin,Dollar,One Cent,,,"1 Cent - London Market (San Francisco, California)",Yes,No,No,No
coin,Dollar,One Cent,,,1 Cent - McKinley Super Market (District of Columbia),Yes,No,No,No
coin,Dollar,One Cent,,,"1 Cent - Less Time Food (La Crosse, Wisconsin)",Yes,No,No,No
coin,Dollar,One Cent,,,"1 Cent - Medford IGA (Medford, Wisconsin)",Yes,No,No,No
coin,Dollar,One Cent,,,"1 Cent - Mason's Mini Mart (Oklahoma City, Oklahoma)",Yes,No,No,No
coin,Dollar,One Cent,,,"1 Cent - Moore's Market (Sumter, South Carolina)",Yes,No,No,No
coin,Dollar,One Dime,,,"10 Cents - 173rd Airborne (Camp Radcliff, Viet-Nam)",Yes,No,No,No
coin,Dollar,One Dime,,,"10 Cents - 173rd Airborne (Camp Radcliff, Viet-Nam)",Yes,No,No,No
coin,Dollar,Five Cents,,,"25 Cents - 173rd Airborne (Camp Radcliff, Viet-Nam)",Yes,No,No,No
coin,Dollar,One Cent,,,"1 Cent - M&M Produce (Seattle, Washington)",Yes,No,No,No
coin,Dollar,One Cent,,,"1 Cent - Powe's Grocery (Chicago, Illinois)",Yes,No,No,No
coin,Dollar,One Cent,,,"1 Cent - Neillsville IGA (Neillsville, Wisconsin)",Yes,No,No,No
coin,Half Dollar,One Dollar,,,½ Goldback (Florida),Yes,No,No,No
coin,Dollar,One Cent,,,"1 Cent - Nettles Foodliner (Sumter, South Carolina)",Yes,No,No,No
coin,Dollar,One Cent,,,"1 Cent - Nettles Mini-Mart (Sumter, South Carolina)",Yes,No,No,No
coin,Dollar,One Cent,,,"1 Cent - Ralph's IGA (La Crosse, Wisconsin)",Yes,No,No,No
coin,Dollar,One Cent,,,1 Cent - Neighborhood Store (District of Columbia),Yes,No,No,No
coin,Dollar,One Cent,,,"1 Cent - Rich's Super Fair (La Crosse, Wisconsin)",Yes,No,No,No
coin,Dollar,One Cent,,,1 Cent - Sim's Market (District of Columbia),Yes,No,No,No
coin,Dollar,One Cent,,,"1 Cent - Skogen's IGA (La Crosse, Wisconsin)",Yes,No,No,No
coin,Dollar,One Cent,,,"1 Cent - Tony's Market (Escanaba, Michigan)",Yes,No,No,No
coin,Dollar,One Cent,,,"1 Cent - Terri's Foodliner (Hellertown, Pennsylvania)",Yes,No,No,No
coin,Quarter,Quarter Dollar,,,"¼ Dollar ""Washington Quarter"" (Dr. Vera Rubin)",Yes,No,No,No
coin,Quarter,Quarter Dollar,,,"¼ Dollar ""Washington Quarter"" (Stacey Milbern)",Yes,No,No,No
coin,Quarter,Quarter Dollar,,,"¼ Dollar ""Washington Quarter"" (Althea Gibson)",Yes,No,No,No
coin,Dollar,One Cent,,,"1 Cent - W.G. White & Co. (Winston-Salem, North Carolina)",Yes,No,No,No
coin,Dollar,One Cent,,,"1 Cent - Vera's Four Corner Grocery (Oklahoma City, Oklahoma)",Yes,No,No,No
coin,Dollar,One Dollar,,,11 Dollars - Journey to the Moon,Yes,No,No,No
coin,Quarter,Quarter Dollar,,,"¼ Dollar ""Washington Quarter"" (Juliette Gordon Low)",Yes,No,No,No
coin,Dollar,One Dollar,,,"1 Dollar - Hollywood (Aurora, Illinois)",Yes,No,No,No
coin,Dollar,One Dollar,,,"1 Dollar - Eldorado Casino (Reno, Nevada)",Yes,No,No,No
coin,Dollar,One Dollar,,,"1 Dollar - Cities of Gold (Santa Fe, New Mexico)",Yes,No,No,No
coin,Dollar,One Dollar,,,"1 Dollar - Treasure Island (Las Vegas, Nevada)",Yes,No,No,No
coin,Dollar,One Dollar,,,"1 Dollar - Tropicana Express (Laughlin, Nevada)",Yes,No,No,No
coin,Dollar,One Dollar,,,50 State Dollars - Red Cloud (Nebraska),Yes,No,No,No
coin,Half Dollar,Half Dollar,,,½ Dollar (U.S. Marine Corps 250th Anniversary),Yes,No,No,No
coin,Dollar,One Hundred Dollars,,,100 Dollars - (Movie Prop Money),Yes,No,No,No
coin,Dollar,Five Cents,,,"5 Cents - Ace Drugs (Iron Mountain, Michigan)",Yes,No,No,No
coin,Dollar,Five Dollars,,,5 Dollars (Military Payment Certificate),Yes,No,No,No
coin,Dollar,Five Cents,,,"25 Cents - May's Transit Service (Santa Rosa, California)",Yes,No,No,No
coin,Quarter,Quarter Dollar,,,"¼ Dollar ""Washington Quarter"" (Cumberland Island National Seashore - Silver 5 oz Bullion)",Yes,No,No,No
coin,Quarter,Quarter Dollar,,,"¼ Dollar ""Washington Quarter"" (Tuskegee Airmen National Historic Site - Silver 5 oz Bullion)",Yes,No,No,No
coin,Quarter,Quarter Dollar,,,"¼ Dollar ""Washington Quarter"" (The Great Smoky Mountains - Silver 5 oz Bullion)",Yes,No,No,No
coin,Quarter,Quarter Dollar,,,"¼ Dollar ""Washington Quarter"" (Marsh-Billings-Rockefeller National Historical Park - Silver 5 oz Bullion)",Yes,No,No,No
coin,Dollar,One Dollar,,,1 Cove Dollar - Kalākaua,Yes,No,No,No
coin,Dollar,One Dollar,,,1 Dollar - Flowing Hair Dollar,Yes,No,No,No
coin,Dollar,One Hundred Dollars,,,"100 Dollars - Bourbon Street (Las Vegas, Nevada)",Yes,No,No,No
coin,Dollar,Five Cents,,,"25 Cents - NCO Open Mess (Miyako, Japan)",Yes,No,No,No
coin,Dollar,One Cent,,,"90 Cents (City of Lynchburg, Virginia)",Yes,No,No,No
coin,Dollar,Three Dollars,,,3 Dollars (State of North Carolina),Yes,No,No,No
coin,Dollar,Three Dollars,,,3 Dollars - Texas,Yes,No,No,No
coin,Quarter,One Dollar,,,1 Ounce - APMEX (Year of the Rabbit),Yes,No,No,No
coin,Dollar,One Dollar,,,⅒ Ounce (Morgan Dollar),Yes,No,No,No
coin,Dollar,Five Cents,,,25 Cents (State of North Carolina; overprinted),Yes,No,No,No
coin,Dollar,Half Dollar,,,50 Cents (State of North Carolina; overprinted),Yes,No,No,No
coin,Dollar,One Dollar,,,1 Dollar (Harrisburg Bank - Pennsylvania),Yes,No,No,No
coin,Dollar,Five Cents,,,5 Cents (State of Alabama),Yes,No,No,No
coin,Dollar,One Dollar,,,1 Goldback - Tranquilitas (Florida),Yes,No,No,No
coin,Dollar,One Cent,,,"1 Cent - The Aquarian Age Natural Foods & General Store (Lompoc, California)",Yes,No,No,No
coin,Dollar,One Cent,,,"1 Cent - Easter Groc. (Akron, Ohio)",Yes,No,No,No
coin,Dollar,One Cent,,,"1 Cent - Open Pantry #25 (Akron, Ohio)",Yes,No,No,No
coin,Dollar,One Cent,,,"1 Cent - Antigo IGA (Antigo, Wisconsin)",Yes,No,No,No
coin,Dollar,One Cent,,,"1 Cent - City Market (Superior, Wisconsin)",Yes,No,No,No
coin,Dollar,One Cent,,,"1 Cent - Clintonville IGA (Clintonville, Wisconsin)",Yes,No,No,No
coin,Dollar,One Cent,,,"1 Cent - Copps Store (Fort Atkinson, Wisconsin)",Yes,No,No,No
coin,Dollar,One Cent,,,"1 Cent - Copps Store (Menasha, Wisconsin)",Yes,No,No,No
coin,Dollar,One Cent,,,"1 Cent - Mini Mart (Casper, Wyoming)",Yes,No,No,No
coin,Dollar,One Cent,,,"1 Cent - Farmer Jack's (Detroit, Michigan)",Yes,No,No,No
coin,Dollar,One Cent,,,"1 Cent - Market Basket (Chicago, Illinois)",Yes,No,No,No
coin,Dollar,Five Cents,,,"5 Cents - Bi-Rite Certified (Chicago, Illinois)",Yes,No,No,No
coin,Dollar,One Cent,,,"1 Cent - CertifieD-Land (Chicago, Illinois)",Yes,No,No,No
coin,Dollar,One Cent,,,1 Cent - Grand Union,Yes,No,No,No
coin,Dollar,Five Cents,,,"25 Cents - Parkview IGA - and Affiliated stores (Springfield, Kentucky)",Yes,No,No,No
coin,Dollar,Five Cents,,,"25 Cents - Parkview IGA and Dot (Springfield, Kentucky)",Yes,No,No,No
coin,Dollar,Five Cents,,,"5 Cents - Parkview IGA - and Affiliated stores (Springfield, Kentucky)",Yes,No,No,No
coin,Dollar,One Dollar,,,50 State Dollars - John Rutledge (South Carolina),Yes,No,No,No
coin,Dollar,One Dollar,,,50 State Dollars - Dolly Madison (North Carolina),Yes,No,No,No
coin,Dollar,One Dollar,,,50 State Dollars - William Livingston (New Jersey),Yes,No,No,No
coin,Dollar,One Dollar,,,50 State Dollars - Kit Carson (Colorado),Yes,No,No,No
coin,Dollar,One Dollar,,,50 State Dollars - Will Rogers (Oklahoma),Yes,No,No,No
coin,Dollar,One Dollar,,,50 State Dollars - Sheldon Jackson (Alaska),Yes,No,No,No
coin,Dollar,One Cent,,,1 Cent - Food Stamp Credit (Hilltop Foods),Yes,No,No,No
coin,Dollar,One Cent,,,"1 Cent - Capitol Foods (Milwaukee, Wisconsin)",Yes,No,No,No
coin,Dollar,One Cent,,,"1 Cent - Lincoln Foods (West Allis, Wisconsin)",Yes,No,No,No
coin,Dollar,One Cent,,,1 Cent - Shaw's,Yes,No,No,No
coin,Dollar,One Cent,,,1 Cent - Food Stamp Credit (Food Town),Yes,No,No,No
coin,Dollar,Five Cents,,,5 Cents - Food Stamp Credit (Food Town),Yes,No,No,No
coin,Dollar,One Dime,,,10 Cents - Food Stamp Credit (Food Town),Yes,No,No,No
coin,Dollar,One Cent,,,1 Cent - A.J. Bayless (Phoenix Arizona),Yes,No,No,No
coin,Half Dollar,One Cent,,,1 Cent - Food Stamp Scrip (Adam Herron Groceries),Yes,No,No,No
coin,Dollar,One Cent,,,1 Cent - Food Stamp Scrip (Applebaums' Food Markets),Yes,No,No,No
coin,Quarter,Quarter Dollar,,,"¼ Dollar (California Territorial Gold ""Liberty Head"")",Yes,No,No,No
coin,Dollar,One Cent,,,"1 Cent - AMA Grocery Dept. (Tucson, Arizona)",Yes,No,No,No
coin,Dollar,One Cent,,,"1 Cent - A & P Food Stores (Wilmington, Pennsylvania)",Yes,No,No,No
coin,Dollar,One Cent,,,"1 Cent - A & P Tea Co., Inc. (Buffalo, New York)",Yes,No,No,No
coin,Dollar,One Cent,,,"1 cent - Lynch's Shoes (Niagara Falla, New York)",Yes,No,No,No
coin,Dollar,Twenty Dollars,,,20 Dollars,Yes,No,No,No
coin,Dollar,One Dollar,,,1 Dollar (American Innovation - Michigan),Yes,No,No,No
coin,Dollar,One Dollar,,,"1 Dollar - Rocky Point Mercantile Co. (Gallup, New Mexico)",Yes,No,No,No
coin,Dollar,One Cent,,,"1 Cent - A & Z Foods, Inc. (Chicago, Illinois)",Yes,No,No,No
coin,Dollar,One Cent,,,"1 Cent - Allens Market (Chicago, Illinois)",Yes,No,No,No
coin,Dollar,One Cent,,,"1 Cent - American Basket Food & Liquor, Inc. (Chicago, Illinois)",Yes,No,No,No
coin,Dollar,One Cent,,,"1 Cent - Arapahoe Stores, Inc. #1 (Pueblo, Colorado)",Yes,No,No,No
coin,Dollar,One Hundred Dollars,,,100 Dollars (Gold Certificate),Yes,No,No,No
coin,Dollar,One Cent,,,"1 Cent - Chet's Master Market (Pueblo, Colorado)",Yes,No,No,No
coin,Quarter,One Cent,,,"1 Cent - Fourth Street Arapahoe, Inc. (Pueblo, Colorado)",Yes,No,No,No
coin,Dollar,One Dollar,,,"Trade Dollar - Golden Jubilee (Wolf Point, Montana)",Yes,No,No,No
coin,Dollar,One Hundred Dollars,,,100 Dollar (State Bank at New Brunswick - New Jersey),Yes,No,No,No
coin,Dollar,One Cent,,,"1 Cent - Hyde Park Market (Pueblo, Colorado)",Yes,No,No,No
coin,Dollar,One Cent,,,"1 Cent - Ideal Drive-in Grocery (Boulder, Colorado)",Yes,No,No,No
coin,Dollar,One Cent,,,"1 Cent - Parkhill Arapahoe (Pueblo, Colorado)",Yes,No,No,No
coin,Half Dollar,Half Dollar,,,"½ Dollar - Forest Hills Golden Jubilee (Forest Hills, Pennsylvania)",Yes,No,No,No
coin,Dollar,Three Dollars,,,"3 Dollars - The Tattoo Shop (Portsmouth, New Hampshire)",Yes,No,No,No
coin,Dollar,One Cent,,,"1 Cent - Better Food Markets (Los Angeles, California)",Yes,No,No,No
coin,Dollar,One Cent,,,"1 Cent - Big Ben Super Discount Stores (Los Angeles, California)",Yes,No,No,No
coin,Dollar,One Cent,,,"1 Cent - Big Bonus Foods Incorporated (San Francisco, California)",Yes,No,No,No
coin,Dollar,One Cent,,,1 Cent - Fazio's Shopping Bag,Yes,No,No,No
coin,Dollar,One Cent,,,"1 Cent - Gemco (Anaheim, California)",Yes,No,No,No
coin,Dollar,One Cent,,,"1 Cent - Louis Stores (Emeryville, California)",Yes,No,No,No
coin,Dollar,Five Dollars,,,5 Dollars (Augusta Insurance and Banking Co. - Georgia),Yes,No,No,No
coin,Dollar,Ten Dollars,,,10 Dollars (Bank of Commerce - Georgia),Yes,No,No,No
coin,Dollar,Fifty Dollars,,,"50 Dollars - Eastman Business College (Poughkeepsie, New York)",Yes,No,No,No
coin,Dollar,One Cent,,,"1 Cent - Mayfair Markets (Los Angeles, California)",Yes,No,No,No
coin,Dollar,One Cent,,,1 Cent - Shopping Bag Food Stores Inc.,Yes,No,No,No
coin,Dollar,One Cent,,,"1 Cent - Vons Market (Los Angeles, California)",Yes,No,No,No
coin,Dollar,One Dollar,,,9 Dollars - Crazy for Cats,Yes,No,No,No
coin,Dollar,One Dollar,,,1 000 000 Dollars (Thunderbirds),Yes,No,No,No
coin,Dollar,Five Cents,,,25 Cents - AAFES Gift Certificate (16J25),Yes,No,No,No
coin,Dollar,Five Cents,,,25 Cents - AAFES Gift Certificate (15K25),Yes,No,No,No
coin,Half Dollar,One Dollar,,,20 Ounces - Crabtree Mint (Silver Contract Note),Yes,No,No,No
coin,Dollar,One Cent,,,1 Cent - Big D Foods,Yes,No,No,No
coin,Dollar,One Cent,,,"1 Cent - Elm Farm Supermarkets (Boston, Massachusetts)",Yes,No,No,No
coin,Dollar,One Cent,,,1 Cent - Market Basket,Yes,No,No,No
coin,Dollar,One Cent,,,1 Cent - Meijer,Yes,No,No,No
coin,Dollar,One Dollar,,,"Boulder Barter Buck - Chamber of Commerce (Boulder City, Nevada)",Yes,No,No,No
coin,Dollar,One Dollar,,,"1 Dollar - Silver Slipper (Las Vegas, Nevada)",Yes,No,No,No
coin,Dollar,One Cent,,,"1 Cent - Audubon Thrift (Spokane, Washington)",Yes,No,No,No
coin,Dollar,One Cent,,,"1 Cent - Food King Inc. (Tacoma, Washington)",Yes,No,No,No
coin,Dollar,One Cent,,,"1 Cent - Peterson's Foodtown (Olympia, Washington)",Yes,No,No,No
coin,Dollar,One Dollar,,,"1 Dollar - White Bear Lake Coin Club (White Bear Lake, Minnesota)",Yes,No,No,No
coin,Dollar,Three Dollars,,,"3 Dollars - Aladdin Hotel and Casino (Las Vegas, Nevada)",Yes,No,No,No
coin,Dollar,One Cent,,,"1 Cent - Bohack (New York, New York)",Yes,No,No,No
coin,Dollar,One Cent,,,"1 Cent - International Supermarkets (New York, New York)",Yes,No,No,No
coin,Dollar,One Cent,,,"1 Cent - King Kullen (Long Island, New York)",Yes,No,No,No
coin,Dollar,One Cent,,,"1 Cent - King Kullen (Long Island, New York)",Yes,No,No,No
coin,Dollar,One Cent,,,"1 Cent - Big E Warehouse Foods (Indianapolis, Indiana)",Yes,No,No,No
coin,Dollar,One Cent,,,"1 Cent - Royal Farms (Brooklyn, New York)",Yes,No,No,No
coin,Dollar,One Cent,,,"1 Cent - Sloan's Supermarket (Sloan, New York)",Yes,No,No,No
coin,Quarter,One Dollar,,,"5 Scrips - Uniontown Semiquincentennial (Uniontown, Pennsylvania)",Yes,No,No,No
coin,Dollar,One Cent,,,"1 Cent - E.Z Save (Temple, Arizona)",Yes,No,No,No
coin,Dollar,One Cent,,,"1 Cent - Pik-Kwik (Waterbury, Connecticut)",Yes,No,No,No
coin,Dollar,One Cent,,,"1 Cent - Warehouse Food Outlet (Los Angeles, California)",Yes,No,No,No
coin,Dollar,One Cent,,,"1 Cent - Country Farms (Los Angeles, California)",Yes,No,No,No
coin,Dollar,One Cent,,,"1 Cent - Kash N'Karry (Tampa, Florida)",Yes,No,No,No
coin,Dollar,One Cent,,,"1 Cent - Webb's City (St Petersburg, Florida)",Yes,No,No,No
coin,Dollar,Five Dollars,,,"25 Dollars - Yankee Pump & Filter (Lee, New Hampshire)",Yes,No,No,No
coin,Dollar,Three Dollars,,,"3 Dollars - The Tattoo Shop (Portsmouth, New Hampshire)",Yes,No,No,No
coin,Dollar,Five Cents,,,5 Cents - C.M.R.,Yes,No,No,No
coin,Dollar,One Cent,,,"1 Cent - Comet Enterprises Inc. (New Orleans, Louisianna)",Yes,No,No,No
coin,Dollar,One Cent,,,"1 Cent - Ernst Food Mart Inc. (New Orleans, Louisianna)",Yes,No,No,No
coin,Dollar,One Cent,,,"1 Cent - Sampson Supermarkets Inc. (Auburn, Maine)",Yes,No,No,No
coin,Dollar,One Cent,,,"1 Cent - Penny's Super Markets (Minneapolis, Minnesota)",Yes,No,No,No
coin,Dollar,One Cent,,,"1 Cent - Target (St Paul, Minnesota)",Yes,No,No,No
coin,Dollar,One Cent,,,"1 Cent - Save-Way Foods (Youngstown, Ohio & St Louis, Missouri)",Yes,No,No,No
coin,Quarter,Quarter Dollar,,,"¼ Dollar ""Washington Quarter"" (Dr. Vera Rubin)",Yes,No,No,No
coin,Quarter,Quarter Dollar,,,"¼ Dollar ""Washington Quarter"" (Juliette Gordon Low)",Yes,No,No,No
coin,Quarter,Five Cents,,,"25 Cents ""Washington Quarter"" (Ida B. Wells)",Yes,No,No,No
coin,Quarter,Quarter Dollar,,,"¼ Dollar ""Washington Quarter"" (Stacey Milbern)",Yes,No,No,No
coin,Quarter,Quarter Dollar,,,"¼ Dollar ""Washington Quarter"" (Althea Gibson)",Yes,No,No,No
coin,Dollar,One Cent,,,"1 Cent - Buttrey Food Stores (Havre, Montana)",Yes,No,No,No
coin,Dollar,One Cent,,,"1 Cent - Garden Super Market (Omaha, Nebraska)",Yes,No,No,No
coin,Dollar,One Cent,,,"1 Cent - Hinky Dinky (Omaha, Nebraska)",Yes,No,No,No
coin,Dollar,One Cent,,,"1 Cent - Kleins IGA No. 4 (Lincoln, Nebraska)",Yes,No,No,No
coin,Dollar,One Cent,,,"1 Cent - Shrago's Market (North Omaha, Nebraska)",Yes,No,No,No
coin,Dollar,One Cent,,,"1 Cent - Foodtown Manville (Manville, New Jersey)",Yes,No,No,No
coin,Dollar,One Cent,,,"1 Cent - Vegas Village Super Markets (Las Vegas, Nebraska)",Yes,No,No,No
coin,Dollar,One Cent,,,"1 Cent - Mr. D's Super Stores, Inc. (Lander, Wyoming)",Yes,No,No,No
coin,Dollar,One Dollar,,,1 Dollars (Somerset and Worcester Savings Bank - Maryland),Yes,No,No,No
coin,Dollar,Fifty Dollars,,,50 Dollars (Superman),Yes,No,No,No
coin,Dollar,One Cent,,,"1 Cent - H & J (Artesia, New Mexico)",Yes,No,No,No
coin,Dollar,One Cent,,,"1 Cent - Food Town (Las Vegas, New Mexico)",Yes,No,No,No
coin,Dollar,One Cent,,,"1 Cent - Staff-Good Deal Supermarkets (Elizabeth, New Jersey)",Yes,No,No,No
coin,Dollar,Five Cents,,,25 Cents (The Store at Alleghany Furnace),Yes,No,No,No
coin,Dollar,One Dollar,,,1 Dollar - RI Farmers Markets (Rhode Island),Yes,No,No,No
coin,Dollar,One Dollar,,,"The Franklin Institute - Rocket (Philadelphia, Pennsylvania)",Yes,No,No,No
coin,Half Dollar,One Dollar,,,½ Pound - Walking Liberty,Yes,No,No,No
coin,Dollar,One Cent,,,1 Cent - Cummins State Farm (Arkansas),Yes,No,No,No
coin,Dollar,One Cent,,,"1 Cent - Pennyfare Division (Youngstown, Ohio)",Yes,No,No,No
coin,Dollar,One Cent,,,"1 Cent - Warehouse Economy Store (Youngstown, Ohio)",Yes,No,No,No
coin,Dollar,One Cent,,,"1 Cent - Corsi's Lit'l Giant (Erie, Pennsylvania)",Yes,No,No,No
coin,Dollar,One Cent,,,"1 Cent - Country Fair (Erie, Pennsylvania)",Yes,No,No,No
coin,Dollar,One Cent,,,"1 Cent - Loblaws (Erie, Pennsylvania)",Yes,No,No,No
coin,Dollar,Twenty Dollars,,,20 Dollars (Gold Certificate),Yes,No,No,No
coin,Dollar,Fifty Dollars,,,50 Dollars (Large-Size National Bank Note),Yes,No,No,No
coin,Dollar,One Dollar,,,"1 Dollar - Golden Flood (Arlington, Oregon)",Yes,No,No,No
coin,Dollar,Five Cents,,,"5 Cents - Chanute Air Force Base (Rantoul, Illinois)",Yes,No,No,No
coin,Dollar,Five Cents,,,"5 Cents - Litty Bros. (Brainard, Nebraska)",Yes,No,No,No
coin,Dollar,One Cent,,,"1 Cent - Clayton's Inc. (Houston, Texas)",Yes,No,No,No
coin,Dollar,One Cent,,,"1 Cent - Food Basket (San Diego, California)",Yes,No,No,No
coin,Dollar,One Cent,,,"1 Cent - Magnamart Food Warehouse (San Antonio, Texas)",Yes,No,No,No
coin,Half Dollar,One Dollar,,,1 Ounce - Panda (Eagle Reverse),Yes,No,No,No
coin,Dollar,One Cent,,,"1 Cent - Consumers Supermarkets (Milwaukee, Wisconsin)",Yes,No,No,No
coin,Dollar,One Cent,,,"1 Cent - Kmart Foods (La Crosse, Wisconsin)",Yes,No,No,No
coin,Dollar,One Cent,,,"1 Cent - National Super Markets (Milwaukee, Wisconsin)",Yes,No,No,No
coin,Dollar,One Cent,,,"1 Cent - PDQ (La Crosse, Wisconsin)",Yes,No,No,No
coin,Dollar,Twenty Dollars,,,20 Dollars,Yes,No,No,No
coin,Dollar,One Cent,,,"1 Cent - Canal Villere Food Stores (New Orleans, Louisiana)",Yes,No,No,No
coin,Dollar,One Cent,,,"1 Cent - National (St Louis, Missouri)",Yes,No,No,No
coin,Dollar,One Cent,,,1 Cent - Food Fair and Pantry Pride,Yes,No,No,No
coin,Dollar,Five Cents,,,25 Cents - Casino Ventures,Yes,No,No,No
coin,Dollar,One Cent,,,"1 Cent - Food Stop (New York, New York)",Yes,No,No,No
coin,Dollar,One Cent,,,"1 Cent - Joyces' Super Markets (Boulder, Colorado)",Yes,No,No,No
coin,Dollar,One Cent,,,"1 Cent - Stop & Shop Supermarkets (Boston, Massachusetts)",Yes,No,No,No
coin,Dollar,One Cent,,,"1 Cent - Thriftway (Philadelphia, Pennsylvania)",Yes,No,No,No
coin,Dollar,One Dollar,,,2 Ounces - Intaglio Mint (Schoolgirl Dollar Pattern Tribute),Yes,No,No,No
coin,Dollar,One Cent,,,"1 Cent - Buy Low Finer Foods (Chicago, Illinois)",Yes,No,No,No
coin,Dollar,One Cent,,,"1 Cent - Buy & Save Foods (Chicago, Illinois)",Yes,No,No,No
coin,Dollar,One Cent,,,"1 Cent - Canterbury Food Center (Markam, Illinois)",Yes,No,No,No
coin,Dollar,One Cent,,,"1 Cent - Convenient Foods (Chicago, Illinois)",Yes,No,No,No
coin,Dollar,One Cent,,,"1 Cent - Cottage Food Center (Cottage Grove, Illinois)",Yes,No,No,No
coin,Dollar,One Dollar,,,"1 Dollar - Showboat Hotel and Casino (Las Vegas, Nevada)",Yes,No,No,No
coin,Dollar,One Dollar,,,"1 Dollar - Silver Queen Casino (Virginia City, Nevada)",Yes,No,No,No
coin,Dollar,One Cent,,,"1 Cent - Cousins Food Mart (Chicago, Illinois)",Yes,No,No,No
coin,Dollar,One Cent,,,"1 Cent - Cubanacan Jr. Foods (Chicago, Illinois)",Yes,No,No,No
coin,Dollar,One Cent,,,"1 Cent - Five Bros. Finer Foods & Liquor Inc. (Chicago, Illinois)",Yes,No,No,No
coin,Dollar,One Cent,,,"1 Cent - Fred's Finer Foods (Evanston, Illinois)",Yes,No,No,No
coin,Dollar,One Cent,,,"1 Cent - G & L Grocery Super (Chicago, Illinois)",Yes,No,No,No
coin,Dollar,One Cent,,,"1 Cent - Giant Food & Liquor Inc. (Chicago, Illinois)",Yes,No,No,No
coin,Dollar,One Dollar,,,"1 Dollar - People's Outfitting Co. (Detroit, Michigan)",Yes,No,No,No
coin,Half Dollar,Half Dollar,,,½ Dollar - The Confederate States of America,Yes,No,No,No
coin,Dollar,One Cent,,,"1 Cent - Gold Star Food & Liquor (Chicago, Illinois)",Yes,No,No,No
coin,Dollar,One Cent,,,"1 Cent - Golden Gate Super Mart (Chicago, Illinois)",Yes,No,No,No
coin,Dollar,One Cent,,,"1 Cent - Hamideh Super Mart (Chicago, Illinois)",Yes,No,No,No
coin,Dollar,One Cent,,,"1 Cent - Hermanos Food (Chicago, Illinois)",Yes,No,No,No
coin,Dollar,One Cent,,,"1 Cent - Hyde Park Co-op (Chicago, Illinois)",Yes,No,No,No
coin,Dollar,One Cent,,,"1 Cent - Irv's Food Mart (Chicago, Illinois)",Yes,No,No,No
coin,Dollar,One Cent,,,"1 Cent - Jet Community Mkt. (Chicago, Illinois)",Yes,No,No,No
coin,Dollar,Fifty Dollars,,,50 Dollars (Gold Certificate),Yes,No,No,No
coin,Dollar,One Cent,,,"1 Cent - Jewel Tea Co., Inc. (Melrose Park, Illinois)",Yes,No,No,No
coin,Dollar,One Cent,,,"1 Cent - L & H Certified (Chicago, Illinois)",Yes,No,No,No
coin,Dollar,One Dollar,,,Challenge Coin - ANA eLearning Academy,Yes,No,No,No
coin,Half Dollar,Half Dollar,,,"50 Cents - Ida Centennial (Ida, Michigan)",Yes,No,No,No
coin,Dollar,One Cent,,,"1 Cent - Dearborn Wholesale (Chicago, Illinois)",Yes,No,No,No
coin,Dollar,One Cent,,,"1 Cent - Diversey Food Fair (Chicago, Illinois)",Yes,No,No,No
coin,Dollar,One Cent,,,"1 Cent - L & W Foods (Chicago, Illinois)",Yes,No,No,No
coin,Dollar,One Cent,,,"1 Cent - La Capital Food Mart, Inc. (Chicago, Illinois)",Yes,No,No,No
coin,Dollar,One Cent,,,"1 Cent - Lakewood Market (Chicago, Illinois)",Yes,No,No,No
coin,Dollar,One Cent,,,"1 Cent - Larry's Certified Finer Foods (Chicago, Illinois)",Yes,No,No,No
coin,Dollar,One Cent,,,"1 Cent - Lawndale Stop-Shop (Chicago, Illinois)",Yes,No,No,No
coin,Dollar,One Cent,,,"1 Cent - L.D.C. Foods & Liquor (Chicago, Illinois)",Yes,No,No,No
coin,Dollar,One Cent,,,"1 Cent - Larry's Finer Foods (Chicago, Illinois)",Yes,No,No,No
coin,Dollar,One Cent,,,"1 Cent - M & L Meat Co. (Chicago, Illinois)",Yes,No,No,No
coin,Dollar,One Cent,,,"1 Cent - Mad Butcher (Chicago, Illinois)",Yes,No,No,No
coin,Dollar,Ten Dollars,,,"10 Dollar - New York New York (Las Vegas, Nevada)",Yes,No,No,No
coin,Dollar,One Cent,,,"1 Cent - Otis Finer Foods (Chicago, Illinois)",Yes,No,No,No
coin,Dollar,One Cent,,,"1 Cent - Pay & Walk Foods (Chicago, Illinois)",Yes,No,No,No
coin,Dollar,One Cent,,,"1 Cent - S & L Food & Liquor (Chicago, Illinois)",Yes,No,No,No
coin,Dollar,One Cent,,,"1 Cent - Santos Food (Chicago, Illinois)",Yes,No,No,No
coin,Dollar,One Dollar,,,"40 Dollars - Fremont Hotel & Casino (Las Vegas, Nevada)",Yes,No,No,No
coin,Dollar,One Dollar,,,1 Dollar (American Innovation - Florida),Yes,No,No,No
coin,Dollar,One Dime,,,10 Cents (State of North Carolina),Yes,No,No,No
coin,Dollar,Half Dollar,,,50 Cents (State of North Carolina),Yes,No,No,No
coin,Dollar,Half Dollar,,,50 Cents (State of North Carolina),Yes,No,No,No
coin,Dollar,Two Cents,,,2 Cents - Verandah (Restaurant) 2¢,Yes,No,No,No
coin,Dollar,Five Cents,,,25 Cents - Orson Root (Schoharie County Bank),Yes,No,No,No
coin,Dollar,Five Dollars,,,5 Dollars (Mechanics Bank - New York),Yes,No,No,No
coin,Dollar,Five Dollars,,,5 Dollars - J.W.&J. McCarty (New York),Yes,No,No,No
coin,Dollar,Five Cents,,,"25 Cents - New York and East Tennessee Iron Co (Cove Creek, Tennessee)",Yes,No,No,No
coin,Dollar,One Dollar,,,1 Dollar (The Plantation Bank),Yes,No,No,No
coin,Dollar,Twenty Dollars,,,"20 Dollars (Citizens' Bank of Louisiana, Shreveport; Bilingual)",Yes,No,No,No
coin,Dollar,One Cent,,,"1 Cent - Jet Community Market (Chicago, Illinois)",Yes,No,No,No
coin,Dollar,One Cent,,,"1 Cent - Select Foods (Chicago, Illinois)",Yes,No,No,No
coin,Dollar,One Cent,,,"1 Cent - Southeast Food & Liquor (Chicago, Illinois)",Yes,No,No,No
coin,Dollar,One Cent,,,"1 Cent - State Super Food Market (Chicago, Illinois)",Yes,No,No,No
coin,Dollar,One Cent,,,"1 Cent - T & L Foods (Chicago, Illinois)",Yes,No,No,No
coin,Dollar,One Cent,,,"1 Cent - Sunshine Foods (Chicago, Illinois)",Yes,No,No,No
coin,Dollar,One Dollar,,,"Super Jet Food & Liquor (Chicago, Illinois)",Yes,No,No,No
coin,Dollar,One Cent,,,"1 Cent - Super King Food & Liquor, Inc. (Chicago, Illinois)",Yes,No,No,No
coin,Dollar,One Cent,,,"1 Cent - Terry's Foods (Chicago, Illinois)",Yes,No,No,No
coin,Dollar,Half Cent,,,"7½ Cents - Muskogee Electric Traction Co. (Muskogee, Oklahoma)",Yes,No,No,No
coin,Dollar,Five Cents,,,"15 Cents - H. T. B. Line (Beaver Falls, Pennsylvania)",Yes,No,No,No
coin,Dollar,Five Cents,,,"15 Cents - H. T. B. Line (Beaver Falls, Pennsylvania)",Yes,No,No,No
coin,Dollar,Five Cents,,,"15 Cents - Bus Ride (Carlisle, Pennsylvania)",Yes,No,No,No
coin,Quarter,One Dollar,,,"1 Fare - Conestoga Transportation Co. (Lancaster, Pennsylvania)",Yes,No,No,No
coin,Dollar,Two Dollars,,,"2 Dollars - Aladdin Hotel and Casino (Las Vegas, Nevada)",Yes,No,No,No
coin,Dollar,One Dollar,,,1 Dollar (The Bank of Middletown),Yes,No,No,No
coin,Dollar,One Cent,,,"1 Cent - Tony's Certified (Chicago, Illinois)",Yes,No,No,No
coin,Dollar,One Cent,,,"1 Cent - Uptown Certified (Chicago, Illinois)",Yes,No,No,No
coin,Dollar,One Cent,,,"1 Cent - Wayco Foods (Elk Grove Village, Illinois)",Yes,No,No,No
coin,Dollar,One Dollar,,,"1 Dollar - Golden Gate Casino (Las Vegas, Nevada)",Yes,No,No,No
coin,Dollar,One Dollar,,,"1 Dollar - Pussycat A' Go Go (Las Vegas, Nevada)",Yes,No,No,No
coin,Dollar,One Dollar,,,1 Dollar - Primadonna (Reno Nevada),Yes,No,No,No
coin,Dollar,One Dollar,,,"1 Dollar - California Club (Las Vegas, Nevada)",Yes,No,No,No
coin,Dollar,One Dollar,,,"1 Dollar - Nevada Bank Club (Fallon, Nevada)",Yes,No,No,No
coin,Dollar,One Dollar,,,"1 Dollar - Desert Inn (Las Vegas, Nevada)",Yes,No,No,No
coin,Dollar,One Dollar,,,"1 Dollar - Gold Club (Sparks, Nevada)",Yes,No,No,No
coin,Dollar,One Dollar,,,"1 Dollar - Harvey's Resort Hotel (Stateline, Nevada)",Yes,No,No,No
coin,Dollar,One Dollar,,,"1 Dollar - Fong's New China Club (Reno, Nevada)",Yes,No,No,No
coin,Dollar,One Dollar,,,"1 Dollar - Showboat Hotel & Casino (Las Vegas, Nevada)",Yes,No,No,No
coin,Dollar,One Dollar,,,"1 Dollar - Jerry's Nugget (Las Vegas, Nevada)",Yes,No,No,No
coin,Dollar,One Dollar,,,"1 Burro Buck - Exchange Club (Beatty, Nevada)",Yes,No,No,No
coin,Dollar,One Dollar,,,"1 Dollar - Club Bingo (Las Vegas, Nevada)",Yes,No,No,No
coin,Dollar,One Dollar,,,"1 Dollar - Eldorado Club (Henderson, Nevada)",Yes,No,No,No
coin,Dollar,One Dollar,,,"1 Dollar - Four Queens (Las Vegas, Nevada)",Yes,No,No,No
coin,Dollar,One Dollar,,,"1 Dollar - Dunes Hotel and Country Club (Las Vegas, Nevada)",Yes,No,No,No
coin,Dollar,One Dollar,,,"1 Dollar - Pioneer Club (Las Vegas, Nevada)",Yes,No,No,No
coin,Dollar,One Dollar,,,"1 Dollar - North Shore Club Hotel (Crystal Bay, Nevada)",Yes,No,No,No
coin,Dollar,One Dollar,,,"1 Dollar - Silver Nugget (North Las Vegas, Nevada)",Yes,No,No,No
coin,Dollar,One Dollar,,,"1 Dollar - El Cortez (Las Vegas, Nevada)",Yes,No,No,No
coin,Dollar,One Dollar,,,"1 Dollar - Cal Neva Lodge (Lake Tahoe, Nevada)",Yes,No,No,No
coin,Dollar,One Dollar,,,"1 Dollar - Palace Club (Reno, Nevada)",Yes,No,No,No
coin,Dollar,One Dollar,,,"1 Dollar - Barney's Casino (Lake Tahoe, Nevada)",Yes,No,No,No
coin,Dollar,One Dollar,,,"1 Dollar - Harrah's (Reno & Lake Tahoe, Nevada)",Yes,No,No,No
coin,Dollar,One Dollar,,,"1 Dollar - Sonoma Inn (Winnemucca, Nevada)",Yes,No,No,No
coin,Dollar,One Dollar,,,"1 Dollar - McLaney's Carousel (Las Vegas, Nevada)",Yes,No,No,No
coin,Dollar,One Dollar,,,"1 Dollar - Overland Hotel (Reno, Nevada)",Yes,No,No,No
coin,Dollar,One Cent,,,"1 Cent - Giant Eagle Market (Non-Local, Pennsylvania)",Yes,No,No,No
coin,Dollar,One Dollar,,,"1 Dollar - Hacienda Hotel (Las Vegas, Nevada)",Yes,No,No,No
coin,Dollar,One Cent,,,"1 Cent - Grab-It Food Markets (Non-Local, Indianna)",Yes,No,No,No
coin,Dollar,One Cent,,,1 Cent - Food City (New York),Yes,No,No,No
coin,Dollar,One Dollar,,,"1 Dollar - Aladdin (Las Vegas, Nevada)",Yes,No,No,No
coin,Dollar,One Dollar,,,"1 Dollar - Bonanza (North Las Vegas, Nevada)",Yes,No,No,No
coin,Dollar,One Dollar,,,"1 Dollar - Fallon Nugget (Fallon, Nevada)",Yes,No,No,No
coin,Dollar,One Dollar,,,"1 Dollar - Club Cal Neva (Reno & Lake Tahoe, Nevada)",Yes,No,No,No
coin,Dollar,One Cent,,,1 Cent - Hy-Vee,Yes,No,No,No
coin,Dollar,One Cent,,,1 Cent - Piggly Wiggly,Yes,No,No,No
coin,Dollar,One Cent,,,"1 Cent - Thorofare Markets, Inc.",Yes,No,No,No
coin,Dollar,Five Cents,,,"15 Cents - Woodbury Ave Car Wash (Portsmouth, New Hampshire)",Yes,No,No,No
coin,Dollar,One Dollar,,,"1 Quart of Milk - J.H. Pfanz (Pekin, Illinois)",Yes,No,No,No
coin,Dollar,Five Cents,,,75 Cents (State of South Carolina),Yes,No,No,No
coin,Dollar,One Dime,,,"10 Cents - Robinson Run Store (Maidsville, West Virginia)",Yes,No,No,No
coin,Dollar,Five Cents,,,"5 Cents - W. R. Stoops (Wheeling, West Virginia)",Yes,No,No,No
coin,Dollar,Five Cents,,,"25 Cents - Diamond Parking Service, Seattle Seafair (Seattle, Washington)",Yes,No,No,No
coin,Dollar,One Cent,,,"1 Cent - Central Markets (Schenectady, New York)",Yes,No,No,No
coin,Dollar,One Cent,,,1 Cent - Two Guys,Yes,No,No,No
coin,Dollar,One Cent,,,1 Cent - Tradewell Stores,Yes,No,No,No
coin,Dollar,One Cent,,,1 Cent - Fabs Foods,Yes,No,No,No
coin,Dollar,One Cent,,,1 Cent - Farmer's Market,Yes,No,No,No
coin,Dollar,One Cent,,,"1 Cent - Mack's Super Market (Harlan, Kentucky)",Yes,No,No,No
coin,Quarter,One Dollar,,,¼ Grain - Benchmark Mint,Yes,No,No,No
coin,Dollar,One Cent,,,1 Cent - Food Stamp Scrip,Yes,No,No,No
coin,Dollar,One Cent,,,1 Cent - United Foodtown,Yes,No,No,No
coin,Dollar,One Dollar,,,Orlando International Airport - East Hall (Frozen),Yes,No,No,No
coin,Dollar,Half Dollar,,,"50 Cents - The Peoples Trust & Savings Bank (East Youngstown, Ohio)",Yes,No,No,No
coin,Half Dollar,Ten Dollars,,,"10 Dollars ""1878 Half Eagle"" - Morgan Type",Yes,No,No,No
coin,Quarter,One Dollar,,,¼ Ounce - Highland Mint (Morgan Dollar),Yes,No,No,No
coin,Quarter,Quarter Dollar,,,"1 Ounce - ""Washington Quarter"" (Yellowstone, Wyoming)",Yes,No,No,No
coin,Dollar,One Dollar,,,"1 Dollar - Fiesta Casino & Hotel (North Las Vegas, Nevada)",Yes,No,No,No
coin,Dollar,One Dime,,,10 Cents (Augusta Insurance and Banking Co. - Georgia),Yes,No,No,No
coin,Dollar,One Dollar,,,1 Dollar (Augusta Insurance and Banking Co. - Georgia),Yes,No,No,No
coin,Dollar,One Dollar,,,1 Dollar (Mechanics Bank of Augusta - Georgia),Yes,No,No,No
coin,Dollar,Two Dollars,,,2 Dollars (Bank of Columbus - Georgia),Yes,No,No,No
coin,Dollar,Five Dollars,,,5 Dollars (Bank of Commerce - Georgia),Yes,No,No,No
coin,Dollar,One Dollar,,,1 Dollar (State of Louisiana),Yes,No,No,No
coin,Dollar,Three Dollars,,,3 Dollars - Fantasy Banknote (New York),Yes,No,No,No
coin,Dollar,One Dollar,,,1 Dollar - Queensryche Empire (Mindcrime Money),Yes,No,No,No
coin,Dollar,Ten Dollars,,,10 Dollars - Queensryche Empire (Mindcrime Money),Yes,No,No,No
coin,Dollar,Twenty Dollars,,,20 Dollars - Queensryche Empire (Mindcrime Money),Yes,No,No,No
coin,Dollar,One Hundred Dollars,,,100 Dollars - Queensryche Empire (Mindcrime Money),Yes,No,No,No
coin,Dollar,Five Cents,,,5 Cents (Sutton and Stewart),Yes,No,No,No
coin,Dollar,Half Dollar,,,"50 Cents - Pioneer Multitennial (Havre, Montana)",Yes,No,No,No
coin,Dollar,One Dollar,,,"1 Dollar - Friendliest Dam Town (Hungry Horse, Montana)",Yes,No,No,No
coin,Dollar,One Cent,,,"1 Cent - The Boys Markets (Los Angeles, California)",Yes,No,No,No
coin,Dollar,One Dollar,,,1 Dollar (Greensboro Mutual),Yes,No,No,No
coin,Dollar,Two Dollars,,,2 Dollars (Greensboro Mutual - North Carolina),Yes,No,No,No
coin,Dollar,One Cent,,,"1 Cent - Safeway Stores (San Francisco, California)",Yes,No,No,No
coin,Dollar,One Cent,,,1 Cent - Safeway Stores (Southern California),Yes,No,No,No
coin,Dollar,One Dollar,,,1 000 000 Dollars U.S. Millennium Note,Yes,No,No,No
coin,Dollar,One Cent,,,"1 Cent - State Food Stores (Moundsville, West Virginia)",Yes,No,No,No
coin,Dollar,Five Cents,,,"5 Cents - State Food Stores (Moundsville, West Virginia)",Yes,No,No,No
coin,Dollar,One Dime,,,"10 Cents - State Food Stores (Moundsville, West Virginia)",Yes,No,No,No
coin,Dollar,Five Cents,,,"25 Cents - State Food Stores (Moundsville, West Virginia)",Yes,No,No,No
coin,Dollar,Half Dollar,,,"50 Cents - State Food Stores (Moundsville, West Virginia)",Yes,No,No,No
coin,Dollar,Five Cents,,,25 Cents - Maine State Prison,Yes,No,No,No
coin,Dollar,One Dollar,,,2000 Dollars - Big Business,Yes,No,No,No
coin,Dollar,One Cent,,,"1 Cent - Arapahoe Stores, Inc. #2 (Pueblo, Colorado)",Yes,No,No,No
coin,Dollar,One Cent,,,"1 Cent - Chet's Master Market (Pueblo, Colorado)",Yes,No,No,No
coin,Dollar,One Cent,,,"1 Cent - Allen's Market (Chicago, Illinois)",Yes,No,No,No
coin,Dollar,One Cent,,,"1 Cent - La Capital Food Mart, Inc. (Chicago, Illinois)",Yes,No,No,No
coin,Dollar,One Cent,,,"1 Cent - Bi-Rite Certified (Chicago, Illinois)",Yes,No,No,No
coin,Dollar,One Dollar,,,"Frontierland Splashdown - Splash Mountain (Lake Buena Vista, Florida)",Yes,No,No,No
coin,Dollar,One Cent,,,"1 Cent - Miller's Fairway Foods (Jamestown, North Dakota)",Yes,No,No,No
coin,Dollar,One Dollar,,,"Belmont Quality Foods (Chicago, Illinois)",Yes,No,No,No
coin,Dollar,One Cent,,,"1 Cent - Meijer (Grand Rapids, Michigan)",Yes,No,No,No
coin,Dollar,One Dollar,,,"Magic Kingdom - Tinkerbell (Lake Buena Vista, Florida)",Yes,No,No,No
coin,Dollar,One Cent,,,"1 Cent - Sutley's Town & Ranch Market (Fort Pierre, South Dakota)",Yes,No,No,No
coin,Dollar,One Cent,,,"1 Cent - Food Stamp Scrip Printers Blank (Chicago, Illinois)",Yes,No,No,No
coin,Dollar,One Cent,,,"1 Cent - A & W Food & Liquor (Chicago, Illinois)",Yes,No,No,No
coin,Dollar,One Cent,,,"1 Cent - Bi-Rite Certified (Chicago, Illinois)",Yes,No,No,No
coin,Dollar,One Cent,,,"1 Cent - Arapahoe Stores, Inc. #3 (Pueblo, Colorado)",Yes,No,No,No
coin,Dollar,One Cent,,,"1 Cent - Safeway Stores (San Francisco, California)",Yes,No,No,No
coin,Dollar,One Cent,,,"1 Cent - Safeway Stores (Los Angeles, California)",Yes,No,No,No
coin,Dollar,One Cent,,,"1 Cent - Avondale Arapahoe (Pueblo, Colorado)",Yes,No,No,No
coin,Dollar,One Cent,,,"1 Cent - Arapahoe Super Foods (Leadville, Colorado)",Yes,No,No,No
coin,Dollar,Half Dollar,,,"50 Cents - Carlyle Quasquicentennial (Carlyle, Illinois)",Yes,No,No,No
coin,Dollar,One Dollar,,,1 Dollar (The City of Portsmouth),Yes,No,No,No
coin,Dollar,Twenty Cents,,,20 Cents (Bank of Ontario),Yes,No,No,No
coin,Dollar,Two Dollars,,,2 Dollars (Augusta Savings Bank),Yes,No,No,No
coin,Dollar,One Cent,,,"1 Cent - Consumers Supermarkets (Milwaukee, Wisconsin)",Yes,No,No,No
coin,Dollar,One Cent,,,"1 Cent - Shaw's (Portland, Maine)",Yes,No,No,No
coin,Dollar,One Cent,,,"1 Cent - Safeway Stores (Denver, Colorado)",Yes,No,No,No
coin,Dollar,One Cent,,,"1 Cent - Arapahoe Stores, Inc. #4 (Pueblo, Colorado)",Yes,No,No,No
coin,Dollar,One Cent,,,"1 Cent - Safeway Stores, Incorporated (El Paso, Texas)",Yes,No,No,No
coin,Dollar,One Cent,,,"1 Cent - Safeway Stores, Inc. (El Paso, Texas)",Yes,No,No,No
coin,Dollar,One Cent,,,"1 Cent - SimMS (Colorado Springs, Colorado)",Yes,No,No,No
coin,Dollar,One Cent,,,"1 Cent - Safeway Stores, Incorporated (Sidney, Montana)",Yes,No,No,No
coin,Dollar,One Cent,,,"1 Cent - Safeway Stores, Incorporated (Kansas City, Missouri)",Yes,No,No,No
coin,Dollar,Ten Dollars,,,"10 Dollars - Caesars Palace (Las Vegas, Nevada)",Yes,No,No,No
coin,Dollar,Five Dollars,,,5 Dollars (250th Anniversary U.S. Marine Corps),Yes,No,No,No
coin,Dollar,One Cent,,,"1 Cent - Safeway Stores (Butte, Montana)",Yes,No,No,No
coin,Dollar,One Cent,,,"1 Cent - Safeway Stores, Incorporated (Oklahoma City, Oklahoma)",Yes,No,No,No
coin,Dollar,One Cent,,,"1 Cent - Safeway Stores Incorporated (Portland, Oregon)",Yes,No,No,No
coin,Dollar,One Cent,,,"1 Cent - Schrier's Food Inc. #3 (Lincoln, Nebraska)",Yes,No,No,No
coin,Dollar,One Cent,,,1 Cent - Met Food Stores (New York),Yes,No,No,No
coin,Dollar,One Cent,,,"1 Cent - Safeway Stores, Incorporated (Salt Lake City, Utah)",Yes,No,No,No
coin,Dollar,One Cent,,,"1 Cent - Safeway Stores, Incorporated (Richmond, Virginia)",Yes,No,No,No
coin,Dollar,One Cent,,,"1 Cent - South Side Market (Pueblo, Colorado)",Yes,No,No,No
coin,Dollar,One Cent,,,"1 Cent - Safeway Stores, Incorporated (Dallas, Texas)",Yes,No,No,No
coin,Dollar,One Cent,,,1 Cent - Bi-Lo Food Stores (New York),Yes,No,No,No
coin,Dollar,One Cent,,,"1 Cent - King Kullen (Westbury, New York)",Yes,No,No,No
coin,Dollar,One Cent,,,"1 Cent - Safeway Stores (Spokane, Washington)",Yes,No,No,No
coin,Dollar,One Cent,,,1 Cent - Pearson's Market (Washington D.C.),Yes,No,No,No
coin,Dollar,Twenty Dollars,,,"20 Dollars - Kellogg & Co. (San Francisco, California)",Yes,No,No,No
coin,Dollar,One Cent,,,"1 Cent - Valley Arapahoe, Inc. (Westcliffe, Colorado)",Yes,No,No,No
coin,Dollar,One Cent,,,"1 Cent - Food Carnival (New York, New York)",Yes,No,No,No
coin,Dollar,One Cent,,,"1 Cent - Safeway Stores (Dallas, Texas)",Yes,No,No,No
coin,Dollar,One Dollar,,,1 Ounce - Silver Shield (Dollar Bear),Yes,No,No,No
coin,Quarter,One Dollar,,,1 Ounce - United States Silver Corp (Fourth Day Of Christmas),Yes,No,No,No
coin,Dollar,One Cent,,,"1 Cent - Pioneer (New York, New York)",Yes,No,No,No
coin,Dollar,One Cent,,,"1 Cent - Safeway Stores, Incorporated (Lewiston, Montana)",Yes,No,No,No
coin,Dollar,One Cent,,,"1 Cent - Safeway Stores (Houston, Texas)",Yes,No,No,No
coin,Dollar,One Cent,,,"1 Cent - Safeway Stores, Incorporated (Washington D.C.)",Yes,No,No,No
coin,Dollar,One Cent,,,"1 Cent - Boy's Super Market (Albuquerque, New Mexico)",Yes,No,No,No
coin,Dollar,One Cent,,,"70 Cents - Blair's Foodland (Boston, Massachusetts)",Yes,No,No,No
coin,Dollar,Half Cent,,,"2½ Cents - Twin City Motor Bus Co. (St. Paul, Minnesota)",Yes,No,No,No
coin,Dollar,One Dollar,,,Presidential Oath Dollar (Andrew Jackson),Yes,No,No,No
coin,Dollar,One Cent,,,"1 Cent - Shopping Cart Supermarket (New York, New York)",Yes,No,No,No
coin,Dollar,One Cent,,,"1 Cent - Pioneer (New York, New York)",Yes,No,No,No
coin,Dollar,One Cent,,,1 Cent - Safeway Stores,Yes,No,No,No
coin,Dollar,One Cent,,,"1 Cent - Safeway Stores (Nebraska, Iowa and Kansas)",Yes,No,No,No
coin,Dollar,One Cent,,,"1 Cent - Boyd's Inc. (Sheridan, Wyoming)",Yes,No,No,No
coin,Dollar,One Cent,,,"1 Cent - Mini-Mart (Casper, Wyoming)",Yes,No,No,No
coin,Dollar,Half Dollar,,,"50 Cents - Grand Rapids Savings Bank (Grand Rapids, Michigan)",Yes,No,No,No
coin,Quarter,Quarter Dollar,,,¼ Dollar - Barbara Quarter,Yes,No,No,No
coin,Half Dollar,Half Dollar,,,½ Dollar - The Confederate States of America,Yes,No,No,No
coin,Dollar,One Cent,,,"1 Cent - Pioneer (New York, New York)",Yes,No,No,No
coin,Dollar,One Dollar,,,"Pioneer Supermarket (Flushing, New York)",Yes,No,No,No
coin,Dollar,One Cent,,,1 Cent - Safeway Stores,Yes,No,No,No
coin,Dollar,One Cent,,,1 Cent - Safeway Stores,Yes,No,No,No
coin,Dollar,One Cent,,,"1 Cent - Thorofare Markets, Inc.",Yes,No,No,No
coin,Dollar,One Cent,,,1 Cent - Mini-Mart Inc.,Yes,No,No,No
coin,Dollar,One Cent,,,"1 Cent - Link's Super Market (New York, New York)",Yes,No,No,No
coin,Dollar,One Cent,,,1 Cent - Winn-Dixie,Yes,No,No,No
coin,Dollar,One Cent,,,"1 Cent - Victory Markets (New York, New York)",Yes,No,No,No
coin,Dollar,One Cent,,,1 Cent - Food Stamp Scrip (J & J Food Center),Yes,No,No,No
coin,Dollar,One Cent,,,1 Cent - Food Stamp Scrip (Williams 7 To 11 Market),Yes,No,No,No
coin,Dollar,Five Cents,,,"25 Cents - Gantz & Kellogg Mercantile Co. (Bidwell, Iowa)",Yes,No,No,No
coin,Dollar,One Cent,,,"1 Cent - C & L Mart (Chicago, Illinois)",Yes,No,No,No
coin,Dollar,One Cent,,,"1 Cent - O.K. Super Market (Chicago, Illinois)",Yes,No,No,No
coin,Dollar,One Cent,,,"1 Cent - Sentry Foods (Chicago, Illinois)",Yes,No,No,No
coin,Dollar,One Dime,,,10 Cents - Disney Minnie Mouse Bow-Tique,Yes,No,No,No
coin,Dollar,One Cent,,,"1 Cent - Food Town (St Louis, Missouri)",Yes,No,No,No
coin,Dollar,One Cent,,,"1 Cent - Schnucks (St Louis, Missouri)",Yes,No,No,No
coin,Dollar,One Cent,,,"1 Cent - Venture (St Louis, Missouri)",Yes,No,No,No
coin,Dollar,One Dollar,,,1 Dollar - Morgan,Yes,No,No,No
coin,Dollar,Half Dollar,,,"50 Cents - Enderlin Diamond Jubilee (Enderlin, North Dakota)",Yes,No,No,No
coin,Dollar,One Dollar,,,"Souvenir Dollar - Newkirk Diamond Jubilee (Kay County, Oklahoma)",Yes,No,No,No
coin,Dollar,Five Cents,,,25 Cents - Eagle,Yes,No,No,No
coin,Dollar,One Dollar,,,"1 Dollar - Luxor (Las Vegas, Nevada)",Yes,No,No,No
coin,Dollar,One Cent,,,"1 Cent - James D Cofer Co (Atlanta, Georgia)",Yes,No,No,No
coin,Dollar,One Cent,,,"1 Cent - Curt's Coins (Marshalltown, Iowa)",Yes,No,No,No
coin,Dollar,One Cent,,,"1 Cent - Schermer Brothers (St Louis, Missouri)",Yes,No,No,No
coin,Dollar,Five Cents,,,"25 Cents - Black Sheep Inn (El Cajon, California)",Yes,No,No,No
coin,Dollar,One Cent,,,"1 Cent - Johnny & Lennie's (Portland, Oregon)",Yes,No,No,No
coin,Dollar,One Cent,,,"1 Cent - H.C. Prange Co. (Sheboygan, Wisconsin)",Yes,No,No,No
coin,Dollar,One Cent,,,"1 Cent - Lent's (Charleston, South Carolina)",Yes,No,No,No
coin,Dollar,One Dollar,,,"1 Dollar - Virginia City Centennial (Virginia City, Montana)",Yes,No,No,No
coin,Dollar,One Cent,,,"1 Cent - Rupena's (Milwaukee, Wisconsin)",Yes,No,No,No
coin,Dollar,One Cent,,,1 Cent - American Super Market,Yes,No,No,No
coin,Dollar,Five Cents,,,25 Cents - Disney Minnie Mouse Bow-Tique,Yes,No,No,No
coin,Dollar,One Dollar,,,"1 Hawaii Dollar (Honolulu, Hawaii)",Yes,No,No,No
coin,Dollar,One Dollar,,,"One Dollar - Hacienda Resort Hotel Casino (Las Vegas, Nevada)",Yes,No,No,No
coin,Dollar,One Cent,,,"1792 ""ONE CENT"" (Without BIRCH; pattern)",Yes,No,No,No
coin,Dollar,One Cent,,,"1 Cent ""Flying Eagle"" (Large; Pattern)",Yes,No,No,No
coin,Half Dollar,Half Cent,,,"½ Cent ""Braided Hair"" (Pattern; Cupronickel)",Yes,No,No,No
coin,Dollar,One Cent,,,"1 Cent ""Flying Eagle"" (1858 trial strike)",Yes,No,No,No
coin,Dollar,One Dollar,,,"1 Dollar ""Flowing Hair"" (Copper pattern)",Yes,No,No,No
coin,Dollar,Two and a Half Dollars,,,"2½ Dollars ""Draped Bust"" (Private restrike; pattern)",Yes,No,No,No
coin,Dollar,One Cent,,,"1 Cent ""Draped Bust"" (Private restrike; pattern)",Yes,No,No,No
coin,Dollar,Five Dollars,,,"5 Dollars ""Draped Bust"" (1804 pattern; white metal)",Yes,No,No,No
coin,Dollar,Five Dollars,,,"5 Dollars ""Draped Bust"" (Private restrike; pattern)",Yes,No,No,No
coin,Dollar,One Dollar,,,"1 Dollar - Hyatt Regency (Lake Tahoe, Nevada)",Yes,No,No,No
coin,Dollar,Five Dollars,,,"5 Dollars ""Draped Bust"" (1805 pattern; silver)",Yes,No,No,No
coin,Dollar,Five Dollars,,,"5 Dollars ""Draped Bust"" (1805 private restrike; pattern)",Yes,No,No,No
coin,Dollar,One Cent,,,"1 Cent ""Capped Bust - Classic Head Cent"" (1810 tin restrike; pattern)",Yes,No,No,No
coin,Dollar,Five Dollars,,,"5 Dollar - Viejas Valley Casino (Alpine, California)",Yes,No,No,No
coin,Dollar,One Dollar,,,1 Farthing - Mark Newby,Yes,No,No,No
coin,Dollar,Five Dollars,,,"5 Dollars - Colorado Belle (Laughlin, Nevada)",Yes,No,No,No
coin,Dollar,One Dime,,,"10 Cents - Spuds Night Club (Minneapolis, Minnesota)",Yes,No,No,No
coin,Dollar,Ten Dollars,,,"10 Dollars - Bellagio with Andy Warhol the Celebrity Portraits (Las Vegas, Nevada)",Yes,No,No,No
coin,Dollar,One Dollar,,,"1 Dollar - Boomtown Casino (Verdi, Nevada)",Yes,No,No,No
coin,Half Dollar,Half Dollar,,,"½ Dollar - North Dakota Diamond Jubilee (Bismarck, North Dakota)",Yes,No,No,No
coin,Dollar,Five Cents,,,"5 Cents - Uptown Locker Room (San Diego, California)",Yes,No,No,No
coin,Dollar,Five Cents,,,25 Cents - AAFES Gift Certificate (15L25),Yes,No,No,No
coin,Dollar,One Dollar,,,"1 Dollar - Barona Casino (Lakeside, California)",Yes,No,No,No
coin,Dollar,Five Cents,,,25 Cents - AAFES Gift Certificate (15G25),Yes,No,No,No
coin,Dollar,Five Cents,,,"25 Cents - Vegas Club Car Room (Chula Vista, California)",Yes,No,No,No
coin,Dollar,One Dollar,,,"1 Dollar - Village Club (Chula Vista, California)",Yes,No,No,No
coin,Dollar,Five Cents,,,"5 Cents - Fremont Transportation Company (Fremont, Nebraska)",Yes,No,No,No
coin,Dollar,Five Cents,,,"5 Cents - City of Jackson (Jackson, Tennessee)",Yes,No,No,No
coin,Dollar,One Dollar,,,1 Dollar - Draped Bust Dollar (Heraldic Eagle),Yes,No,No,No
coin,Dollar,Half Dollar,,,"50 Cents - Everett Trust Company (Everett, Massachusetts)",Yes,No,No,No
coin,Dollar,Half Dollar,,,"50 Cents - Harlingen Golden Jubilee (Harlingen, Texas)",Yes,No,No,No
coin,Quarter,One Dollar,,,¼ Ounce - Silver Towne Mint (S.S. Tilawa),Yes,No,No,No
coin,Dollar,One Dollar,,,"1 Dollar - North Star Enterprises (Fairbanks, Alaska)",Yes,No,No,No
coin,Dollar,One Cent,,,"1 Cent - H. A. Schull (Indianapolis, Indiana)",Yes,No,No,No
coin,Dollar,One Dollar,,,1 Dollar - Corner Car Wash,Yes,No,No,No
coin,Half Dollar,Five Cents,,,5 Cents - Red Goose Shoes,Yes,No,No,No
coin,Dollar,One Dollar,,,Coffee Pot Rock,Yes,No,No,No
coin,Dollar,One Dollar,,,Souvenir Dollar - North Dakota (Eagle),Yes,No,No,No
coin,Quarter,Five Cents,,,25 Cents - Regency Cruises,Yes,No,No,No
coin,Dollar,One Dollar,,,"1 Dollar - Wharton County Youth Fair and Exposition (Wharton, Texas)",Yes,No,No,No
coin,Dollar,One Dollar,,,1 Dollar (American Innovation - Texas),Yes,No,No,No
coin,Dollar,One Dollar,,,"1 Dollar - Tropicana Casino (Las Vegas, Nevada)",Yes,No,No,No
coin,Dollar,Five Dollars,,,"5 Dollar - Monte Carlo Resort and Casino (Las Vegas, Nevada)",Yes,No,No,No
coin,Dollar,Five Dollars,,,5 Dollars (Military Payment Certificate),Yes,No,No,No
coin,Dollar,One Dollar,,,"1 Dollar - Elks Club 593 (Aberdeen, Washington)",Yes,No,No,No
coin,Dollar,One Cent,,,"1 Cent - Pan American Grocery (Ponce Municipio, Ponce)",Yes,No,No,No
coin,Dollar,Five Cents,,,5 Cents - Play Coin,Yes,No,No,No
coin,Dollar,One Cent,,,1 Cent - Super-Mercado Del Pueblo (Camuy),Yes,No,No,No
coin,Dollar,One Cent,,,"1 Cent - Superette Crespo (Ponce Municipio, Playa de Ponce)",Yes,No,No,No
coin,Dollar,One Dollar,,,"1 Dollar - Cruizzers (Little Rock, Arkansas)",Yes,No,No,No
coin,Dollar,One Cent,,,"1 Cent - Anadon Cash & Carry (Ponce Municipio, Ponce)",Yes,No,No,No
coin,Dollar,One Cent,,,"1 Cent - Colmado Miramar (Puerto Rico Municipo, Rincon)",Yes,No,No,No
coin,Dollar,One Cent,,,1 Cent - Super Col. Rosa (Hatillo Municipio; Carrizales),Yes,No,No,No
coin,Dollar,One Cent,,,"1 Cent - Super Mercado Marrero (Ponce Municipio, Ponce)",Yes,No,No,No
coin,Dollar,One Cent,,,1 Cent - S,Yes,No,No,No
coin,Dollar,Ten Dollars,,,10 Dollars (State of Florida),Yes,No,No,No
coin,Dollar,Two Dollars,,,2 Dollars,Yes,No,No,No
coin,Dollar,One Cent,,,"1 Cent - Balboa Supermarket (Mayagüez Municipio, Mayaguez)",Yes,No,No,No
coin,Dollar,One Cent,,,"1 Cent - Ceiba Cash & Carry (Ceiba Municipio, Ceiba)",Yes,No,No,No
coin,Dollar,One Cent,,,"1 Cent - Colmado Junior (Morovis Municipio, Morovis)",Yes,No,No,No
coin,Dollar,One Cent,,,"1 Cent - Colmado El Pueblo (Humacao Municipio, Humacao)",Yes,No,No,No
coin,Dollar,One Cent,,,"1 Cent - Colmado Rodriguez (Morovis Municipio, Unibon)",Yes,No,No,No
coin,Dollar,One Cent,,,"1 Cent - Colmado Torres (Ponce Municipio, Ponce)",Yes,No,No,No
coin,Dollar,One Dollar,,,3 Goldbacks (Oklahoma),Yes,No,No,No
coin,Dollar,One Cent,,,"1 Cent - La Economia Self Service (Mayagüez Municipio, Mayaguez)",Yes,No,No,No
coin,Dollar,One Cent,,,"1 Cent - Mini Market Charlie (Bayamón Municipio, Bayamón)",Yes,No,No,No
coin,Dollar,One Cent,,,1 Cent - Panaderia Oritz Alfonso Oritz Ehijos Inc. (Yabucoa),Yes,No,No,No
coin,Dollar,Half Dollar,,,"50 Cents - Federal Building, Lebolt & Co. (Chicago, Illinois)",Yes,No,No,No
coin,Dollar,Half Dollar,,,"50 Cents - Sesquicentennial (Shawneetown, Illinois)",Yes,No,No,No
coin,Half Dollar,Half Dollar,,,"½ Dollar - Lawrence County Sesquicentennial (Bedford, Indiana)",Yes,No,No,No
coin,Half Dollar,Five Cents,,,Paper - Good for five cents in trade,Yes,No,No,No
coin,Dollar,One Cent,,,"1 Cent - Panaderia Y Reposteria (Juiana Diaz Municipio, Juana Diaz)",Yes,No,No,No
coin,Dollar,One Cent,,,1 Cent - Ramos Self Service (Barcelonata),Yes,No,No,No
coin,Dollar,One Dollar,,,"1 Dollar - Alaska Centennial (Juneau, Alaska)",Yes,No,No,No
coin,Dollar,One Cent,,,"1 Cent - San Jose Self Service (San Juan Municipio, San Juan)",Yes,No,No,No
coin,Dollar,One Dollar,,,"1 Dollar - Womack's (Cripple Creek, Colorado)",Yes,No,No,No
coin,Dollar,One Cent,,,"1 Cent - Supercolmado Santiago (Ponce Municipio, Belgica, Ponce)",Yes,No,No,No
coin,Dollar,One Cent,,,"1 Cent - Super-Colmado Jaime (Puerto Rico Municipio, Rincon)",Yes,No,No,No
coin,Dollar,One Cent,,,"1 Cent - Supermercado Carrero (Puerto Rico Municipio, Rincon)",Yes,No,No,No
coin,Dollar,Ten Dollars,,,10 Dollars (War Savings Bond Series E),Yes,No,No,No
coin,Dollar,Five Dollars,,,25 Dollars (War Savings Bond Series E),Yes,No,No,No
coin,Dollar,Five Dollars,,,25 Dollars (War Savings Bond Series E),Yes,No,No,No
coin,Dollar,One Cent,,,"1 Cent - Supermercado Chiqui (Morovis Municipio, Morovis)",Yes,No,No,No
coin,Dollar,One Cent,,,1 Cent - Supermercado Grana (Juncos),Yes,No,No,No
coin,Dollar,One Cent,,,1 Cent - Supermercado La Familia (Arecibo),Yes,No,No,No
coin,Dollar,Two Dollars,,,2 Dollars (Mechanics Savings and Loan Association),Yes,No,No,No
coin,Dollar,One Cent,,,1 Cent - Supermercado Minimax (Carolina),Yes,No,No,No
coin,Dollar,One Cent,,,"1 Cent - Supermercados SM (San Juan Municipio, San Juan)",Yes,No,No,No
coin,Dollar,One Cent,,,"1 Cent - E.C. Minter Coal Company (Rhodell, West Virginia)",Yes,No,No,No
coin,Dollar,One Cent,,,"1 Cent - Branch Coal & Coke Co. (Elverton, West Virginia)",Yes,No,No,No
coin,Dollar,One Dollar,,,"1 Dollar - Clover Fork Coal Co. (Kitts, Kentucky)",Yes,No,No,No
coin,Dollar,One Cent,,,"1 Cent - Blue Diamond Coal Co. (Bonny Blue, Virginia)",Yes,No,No,No
coin,Dollar,One Cent,,,"1 Cent - Boone County Coal Corp. (Sharples, West Virginia)",Yes,No,No,No
coin,Dollar,One Dime,,,Papago Park Canteen 10 cents,Yes,No,No,No
coin,Dollar,One Cent,,,"1 Cent - Junior Mercantile Company (Omar, West Virginia)",Yes,No,No,No
coin,Half Dollar,One Dollar,,,½ Goldback (Oklahoma),Yes,No,No,No
coin,Dollar,One Dollar,,,1 Goldback (Oklahoma),Yes,No,No,No
coin,Dollar,One Cent,,,"1 Cent - Junior Mercantile Co. (Omar, West Virginia)",Yes,No,No,No
coin,Dollar,One Hundred Dollars,,,100 Dollars - State of Alabama,Yes,No,No,No
coin,Dollar,One Hundred Dollars,,,100 Dollars - State of Alaska,Yes,No,No,No
coin,Dollar,One Hundred Dollars,,,100 Dollars - State of Arizona,Yes,No,No,No
coin,Dollar,One Hundred Dollars,,,100 Dollars - State of Arkansas,Yes,No,No,No
coin,Dollar,One Hundred Dollars,,,100 Dollars - State of California,Yes,No,No,No
coin,Dollar,One Hundred Dollars,,,100 Dollars - State of Colorado,Yes,No,No,No
coin,Dollar,One Hundred Dollars,,,100 Dollars - State of Connecticut,Yes,No,No,No
coin,Dollar,One Hundred Dollars,,,100 Dollars - State of Delaware,Yes,No,No,No
coin,Dollar,One Hundred Dollars,,,100 Dollars - State of Florida,Yes,No,No,No
coin,Dollar,Five Cents,,,"25 Cents - Players Riverboat Casino (Metropolis, Illinois)",Yes,No,No,No
coin,Dollar,One Dollar,,,"1 Dollar - Pacific Outfitting Co. (Seattle, Washington)",Yes,No,No,No
coin,Quarter,One Dollar,,,"1 Dollar - Delaware Park Casino (Wilmington, Delaware)",Yes,No,No,No
coin,Dollar,Half Dollar,,,"50 Cents - Silver Slipper (Las Vegas, Nevada)",Yes,No,No,No
coin,Dollar,One Dollar,,,"Vegas World Casino (Las Vegas, Nevada)",Yes,No,No,No
coin,Dollar,One Dollar,,,"1 Dollar - Hotel Fremont and Casino (Las Vegas, Nevada)",Yes,No,No,No
coin,Dollar,One Dollar,,,"1 Dollar - Club Cal-Neva (Reno, Nevada)",Yes,No,No,No
coin,Dollar,One Dollar,,,2 ANA Collector Currency,Yes,No,No,No
coin,Dollar,One Hundred Dollars,,,100 Dollars - State of Georgia,Yes,No,No,No
coin,Dollar,One Hundred Dollars,,,100 Dollars - State of Hawaii,Yes,No,No,No
coin,Dollar,One Hundred Dollars,,,100 Dollars - State of Idaho,Yes,No,No,No
coin,Dollar,Half Dollar,,,50 Cents - The State of Georgia,Yes,No,No,No
coin,Dollar,Five Cents,,,75 Cents - The state Of North Carolina,Yes,No,No,No
coin,Dollar,One Hundred Dollars,,,100 Dollars - State of Illinois,Yes,No,No,No
coin,Dollar,One Hundred Dollars,,,100 Dollars - State of Indiana,Yes,No,No,No
coin,Dollar,One Hundred Dollars,,,100 Dollars - State of Iowa,Yes,No,No,No
coin,Dollar,One Hundred Dollars,,,100 Dollars - State of Kansas,Yes,No,No,No
coin,Dollar,One Hundred Dollars,,,100 Dollars - Commonwealth of Kentucky,Yes,No,No,No
coin,Dollar,One Hundred Dollars,,,100 Dollars - State of Louisiana,Yes,No,No,No
coin,Dollar,One Dollar,,,1 Dollar - Car Wash,Yes,No,No,No
coin,Dollar,Five Cents,,,5 Cents - Jefferson Nickel,Yes,No,No,No
coin,Dollar,One Cent,,,1 Cent - Memorial Penny,Yes,No,No,No
coin,Dollar,One Dime,,,1 Dime - Roosevelt Dime,Yes,No,No,No
coin,Quarter,Quarter Dollar,,,¼ Dollar - Washington Quarter (Longer Feathers),Yes,No,No,No
coin,Dollar,Five Dollars,,,5 Dollars - Hideaway Pizza,Yes,No,No,No
coin,Quarter,Quarter Dollar,,,¼ Dollar - California Gold,Yes,No,No,No
coin,Dollar,Five Cents,,,"5 Cents - Feltmans Coney Island (Brooklyn, New York)",Yes,No,No,No
coin,Dollar,One Dime,,,10 Cents -Naha Air Base Airmen’s Open Mess (Okinawa Japan),Yes,No,No,No
coin,Dollar,Ten Dollars,,,10 Dollars (Bank of New England at Goodspeed's Landing - Connecticut),Yes,No,No,No
coin,Dollar,Two Dollars,,,2 Dollars (Stonington Bank - Connecticut),Yes,No,No,No
coin,Dollar,Ten Dollars,,,"10 Dollars (Citizens Bank of Louisiana, New Orleans)",Yes,No,No,No
coin,Dollar,One Hundred Dollars,,,100 Dollars - State of Maine,Yes,No,No,No
coin,Dollar,One Hundred Dollars,,,100 Dollars - State of Maryland,Yes,No,No,No
coin,Dollar,One Hundred Dollars,,,100 Dollars - State of Massachusetts,Yes,No,No,No
coin,Dollar,One Hundred Dollars,,,100 Dollars - State of Michigan,Yes,No,No,No
coin,Dollar,One Hundred Dollars,,,100 Dollars - State of Minnesota,Yes,No,No,No
coin,Dollar,One Hundred Dollars,,,100 Dollars - State of Mississippi,Yes,No,No,No
coin,Dollar,One Hundred Dollars,,,100 Dollars - State of Missouri,Yes,No,No,No
coin,Dollar,One Hundred Dollars,,,100 Dollars - State of Montana,Yes,No,No,No
coin,Dollar,One Hundred Dollars,,,100 Dollars - State of Nebraska,Yes,No,No,No
coin,Half Dollar,One Hundred Dollars,,,100 Dollars - State of Nevada,Yes,No,No,No
coin,Dollar,One Hundred Dollars,,,100 Dollars - State of New Hampshire,Yes,No,No,No
coin,Dollar,One Hundred Dollars,,,100 Dollars - State of New Jersey,Yes,No,No,No
coin,Dollar,One Hundred Dollars,,,100 Dollars - State of New Mexico,Yes,No,No,No
coin,Dollar,One Hundred Dollars,,,100 Dollars - State of New York,Yes,No,No,No
coin,Dollar,One Hundred Dollars,,,100 Dollars - State of North Carolina,Yes,No,No,No
coin,Dollar,One Hundred Dollars,,,100 Dollars - State of North Dakota,Yes,No,No,No
coin,Dollar,One Hundred Dollars,,,100 Dollars - State of Ohio,Yes,No,No,No
coin,Dollar,One Hundred Dollars,,,100 Dollars - State of Oklahoma,Yes,No,No,No
coin,Dollar,One Hundred Dollars,,,100 Dollars - State of Oregon,Yes,No,No,No
coin,Dollar,Half Dollar,,,50 Cents (Western & Atlantic Rail Road - Georgia),Yes,No,No,No
coin,Dollar,One Hundred Dollars,,,100 Dollars - Commonwealth of Pennsylvania,Yes,No,No,No
coin,Dollar,Five Cents,,,75 Cents (The Augusta Insurance & Banking Co. - Georgia),Yes,No,No,No
coin,Dollar,Two Dollars,,,2 Dollars (The Mechanics Bank of Augusta - Georgia),Yes,No,No,No
coin,Dollar,Ten Dollars,,,10 Dollars (The Union Bank - Georgia),Yes,No,No,No
coin,Dollar,Five Dollars,,,5 Dollars (Bank of Milledgeville - Georgia),Yes,No,No,No
coin,Dollar,One Hundred Dollars,,,100 Dollars - State of Rhode Island,Yes,No,No,No
coin,Dollar,One Hundred Dollars,,,100 Dollars - State of South Carolina,Yes,No,No,No
coin,Dollar,One Hundred Dollars,,,100 Dollars - State of South Dakota,Yes,No,No,No
coin,Dollar,One Hundred Dollars,,,100 Dollars - State of Tennessee,Yes,No,No,No
coin,Dollar,One Hundred Dollars,,,100 Dollars - State of Texas,Yes,No,No,No
coin,Dollar,One Hundred Dollars,,,100 Dollars - State of Utah,Yes,No,No,No
coin,Dollar,One Hundred Dollars,,,100 Dollars - State of Vermont,Yes,No,No,No
coin,Dollar,Ten Dollars,,,10 Dollars (Citizens Bank of Gosport - Indiana),Yes,No,No,No
coin,Dollar,One Hundred Dollars,,,100 Dollars - State of Virginia,Yes,No,No,No
coin,Dollar,One Dollar,,,"1 Dollar (Bank of Commerce, New Orleans, Louisiana)",Yes,No,No,No
coin,Dollar,Three Dollars,,,3 Dollars (Frederick-town Branch Bank - Maryland),Yes,No,No,No
coin,Dollar,Half Dollar,,,"50 Cents (The Franklin Rail Road Co., Hagerstown Bank, Maryland)",Yes,No,No,No
coin,Dollar,Five Dollars,,,5 Dollars (The Cochituate Bank - Massachusetts),Yes,No,No,No
coin,Dollar,One Hundred Dollars,,,100 Dollars - State of Washington,Yes,No,No,No
coin,Dollar,One Hundred Dollars,,,100 Dollars - State of West Virginia,Yes,No,No,No
coin,Dollar,One Hundred Dollars,,,100 Dollars - State of Wisconsin,Yes,No,No,No
coin,Dollar,One Hundred Dollars,,,100 Dollars - State of Wyoming,Yes,No,No,No
coin,Dollar,Twenty Cents,,,20 Cents (Mount Pleasant Apothecary Store - Massachusetts),Yes,No,No,No
coin,Dollar,One Dollar,,,1 Dollar (The Erie & Kalamazoo Rail Road Bank - Michigan),Yes,No,No,No
coin,Dollar,Ten Dollars,,,10 Dollars (Detroit Bank),Yes,No,No,No
coin,Dollar,Five Dollars,,,5 Dollars (Peninsular Bank - Michigan),Yes,No,No,No
coin,Dollar,One Dollar,,,1 Ounce - 10 Dollars (NORFED Liberty Dollar),Yes,No,No,No
coin,Dollar,One Dollar,,,1 Ounce - 20 Dollars (NORFED Liberty Dollar),Yes,No,No,No
coin,Dollar,One Dollar,,,"1 Dollar - AIM Farmers Market (San Rafael, California)",Yes,No,No,No
coin,Dollar,One Dollar,,,"I Dollar - Agricultural Institute of Marin (San Rafael, California)",Yes,No,No,No
coin,Dollar,Five Dollars,,,5 Dollars - World Food Programme - F.A.O.,Yes,No,No,No
coin,Dollar,One Hundred Dollars,,,100 Dollars - Donald Trump,Yes,No,No,No
coin,Dollar,Ten Dollars,,,10 Dollars (Bank of Manchester - Michigan),Yes,No,No,No
coin,Dollar,One Dollar,,,1 Dollar (Bank of Michigan),Yes,No,No,No
coin,Dollar,One Dollar,,,1 Dollar (Bank of De Soto),Yes,No,No,No
coin,Dollar,Five Cents,,,"5 Cents (J.D. Hamlin's Banking House, Niagara Falls, New York)",Yes,No,No,No
coin,Dollar,Five Dollars,,,5 Dollars (Bank of Lexington - North Carolina),Yes,No,No,No
coin,Dollar,Five Dollars,,,5 Dollars (The Miners and Planters Bank - North Carolina),Yes,No,No,No
coin,Dollar,One Dollar,,,"1 Dollar (Jefferson Bank of New Salem, Ohio)",Yes,No,No,No
coin,Dollar,One Thousand Dollars,,,1000 Dollars - Javier Milei Souvenir,Yes,No,No,No
coin,Dollar,One Thousand Dollars,,,1000 Dollars - Elon Musk Souvenir,Yes,No,No,No
coin,Dollar,Five Dollars,,,5 Dollars (The Bank of the Republic - Rhode Island),Yes,No,No,No
coin,Dollar,Ten Dollars,,,10 Dollars (The Bank of South Carolina),Yes,No,No,No
coin,Dollar,Five Dollars,,,"5 Dollars (State Bank, South Carolina)",Yes,No,No,No
coin,Dollar,One Dollar,,,1 Dollar (The Bank of Chattanooga - Tennessee),Yes,No,No,No
coin,Dollar,Five Dollars,,,5 Dollars (The Bank of Pittsylvania - Virginia),Yes,No,No,No
coin,Dollar,Twenty Dollars,,,20 Dollars (Central Bank of Virginia),Yes,No,No,No
coin,Dollar,One Dollar,,,1 Dollar (Central Bank of Virginia),Yes,No,No,No
coin,Dollar,One Dollar,,,"1 Dollar - The Owl Club (Battle Mountain, Nevada)",Yes,No,No,No
coin,Dollar,Ten Dollars,,,"10 Dollars - Excalibur (Las Vegas, Nevada)",Yes,No,No,No
coin,Dollar,One Dollar,,,"1 Dollar - Centennial Souvenir (Klamath Falls, Oregon)",Yes,No,No,No
coin,Dollar,One Dollar,,,2 Goldbacks (Oklahoma),Yes,No,No,No
coin,Dollar,One Dollar,,,1 Dollar (State of Alabama),Yes,No,No,No
coin,Dollar,Ten Dollars,,,10 Dollars (State of Georgia),Yes,No,No,No
coin,Dollar,Four Dollars,,,4 Dollars (State of Georgia),Yes,No,No,No
coin,Dollar,Five Dollars,,,5 Dollars (State of Louisiana),Yes,No,No,No
coin,Dollar,One Dollar,,,1 Dollar (State of Louisiana),Yes,No,No,No
coin,Dollar,Ten Dollars,,,10 Dollars (State of Mississippi),Yes,No,No,No
coin,Dollar,Two Dollars,,,2 Dollars (State of South Carolina),Yes,No,No,No
coin,Dollar,Ten Dollars,,,"10 Dollars (State of Texas Treasury Warrant, Civil Service)",Yes,No,No,No
coin,Dollar,One Cent,,,"1 Cent - Clean Eagle Coal Co. (Mallory, West Virginia)",Yes,No,No,No
coin,Dollar,One Cent,,,"1 Cent - Adlong (Los Angeles, California)",Yes,No,No,No
coin,Quarter,Quarter Dollar,,,¼ Dollar - School Money,Yes,No,No,No
coin,Dollar,One Dollar,,,"1 Dollar - Harrah's (New Orleans, Louisiana)",Yes,No,No,No
coin,Dollar,One Cent,,,"1 Cent - Midvale Guernsey Farm (Dubuque, Iowa)",Yes,No,No,No
coin,Dollar,One Cent,,,"1 Cent - Purity Dairy & Creamery (Buffalo, Minnesota)",Yes,No,No,No
coin,Dollar,One Cent,,,"1 Cent - Omak Trading Co. (Omak, Washington)",Yes,No,No,No
coin,Dollar,One Dollar,,,1 Dollar - Liberty Head Double Eagle,Yes,No,No,No
coin,Dollar,Five Dollars,,,"5 Dollars - Boomtown (Harvey, Louisiana)",Yes,No,No,No
coin,Dollar,One Cent,,,1 Cent - L.L.T.,Yes,No,No,No
coin,Dollar,One Cent,,,1 Cent - Stearn's Penny Academy,Yes,No,No,No
coin,Dollar,Five Cents,,,"5 Cents - Fleming's Place (Independence, Kentucky)",Yes,No,No,No
coin,Dollar,One Dollar,,,"1 Dollar - Whiting Vulcanizing & Sales Agency (Whiting, Kansas)",Yes,No,No,No
coin,Dollar,One Dollar,,,"1 Dollar - Carson Nugget (Carson City, Nevada)",Yes,No,No,No
coin,Dollar,One Cent,,,"1 Cent - Angeli's Super Valu (Marquette, Michigan)",Yes,No,No,No
coin,Dollar,Five Cents,,,"25 Cents - Splash Casino (Tunica, Mississippi)",Yes,No,No,No
coin,Dollar,Five Cents,,,"15 Cents - Nowhere (Brookside, Wisconsin)",Yes,No,No,No
coin,Dollar,One Cent,,,"1 Cent - Lake Superior Coal Co. (Superior, West Virginia)",Yes,No,No,No
coin,Dollar,Half Dollar,,,50 Cents - Menominee Casino (Keshena Wisconsin),Yes,No,No,No
coin,Dollar,One Cent,,,"1 Cent - Gino's World Food (Spokane, Washington)",Yes,No,No,No
coin,Dollar,One Dollar,,,1 Ounce - 75 Zombucks (Kookaburied),Yes,No,No,No
coin,Quarter,One Dollar,,,1 Ounce - 75 Zombucks (Mortuga),Yes,No,No,No
coin,Dollar,One Dollar,,,1 Ounce - 75 Zombucks (Kangaruin),Yes,No,No,No
coin,Dollar,Five Cents,,,"25 Cents - Empress Casino (Hammond, Indiana)",Yes,No,No,No
coin,Quarter,One Dime,,,"10 Cents -Mautz Tavern (East Bristol, Wisconsin)",Yes,No,No,No
coin,Dollar,One Cent,,,"1 Cent - Farmers' Choice (Detroit, Michigan)",Yes,No,No,No
coin,Dollar,One Cent,,,"1 Cent - Bootsma's (Charlotte Amalie, St. Thomas)",Yes,No,No,No
coin,Dollar,One Cent,,,"1 Cent - Family Market (Anchorage, Alaska)",Yes,No,No,No
coin,Dollar,One Dollar,,,50 State Dollars - Ponce De Leon (Florida),Yes,No,No,No
coin,Quarter,Quarter Dollar,,,"1 Free Drink - 5th Quarter Sports Bar & Grill (Verona, Wisconsin)",Yes,No,No,No
coin,Dollar,One Cent,,,1 Cent - C.A. Co.,Yes,No,No,No
coin,Dollar,One Cent,,,1 Cent - W A M Co.,Yes,No,No,No
coin,Dollar,One Dollar,,,1 000 000 Dollars Paul MC Cartney,Yes,No,No,No
coin,Dollar,One Dollar,,,1 000 000 Dollars John Lennon,Yes,No,No,No
coin,Dollar,One Dollar,,,1 000 000 Dollars George Harrison,Yes,No,No,No
coin,Dollar,One Dollar,,,1 000 000 Dollars Ringo Starr,Yes,No,No,No
coin,Dollar,One Cent,,,"1 Cent - Steffens' Public Amusement (Ocean Park, California)",Yes,No,No,No
coin,Dollar,One Cent,,,"1 Cent - University of Colorado (Boulder, Colorado)",Yes,No,No,No
coin,Quarter,Quarter Dollar,,,"One Drink - 5th Quarter (Verona, Wisconsin)",Yes,No,No,No
coin,Quarter,Quarter Dollar,,,"One Drink - 5th Quarter (Verona, Wisconsin)",Yes,No,No,No
coin,Quarter,Quarter Dollar,,,"One Drink - 5th Quarter (Verona, Wisconsin)",Yes,No,No,No
coin,Quarter,Quarter Dollar,,,"5th Quarter Bar & Grill (Verona, Wisconsin)",Yes,No,No,No
coin,Dollar,One Cent,,,"1 Cent - Barritt (Dunlap, Iowa)",Yes,No,No,No
coin,Dollar,One Cent,,,"1 Cent - Jefferson Park Times (Chicago, Illinois)",Yes,No,No,No
coin,Dollar,Twenty Dollars,,,20 Dollars (Confederate States Loan),Yes,No,No,No
coin,Dollar,Four Dollars,,,4 Dollars (Confederate States Loan),Yes,No,No,No
coin,Dollar,One Cent,,,"1 Cent - Eastern Tire Co. (Lackawanna, New York)",Yes,No,No,No
coin,Dollar,Two Dollars,,,"2 Dollars - MP's Town Tap (Columbus, Wisconsin)",Yes,No,No,No
coin,Dollar,One Dollar,,,"6 Dollars - Lazy Oaf Lounge (Madison, Wisconsin)",Yes,No,No,No
coin,Dollar,One Cent,,,"1 Cent - Leonard Bros. (Fort Worth, Texas)",Yes,No,No,No
coin,Dollar,One Cent,,,1 Cent - Jim's Place,Yes,No,No,No
coin,Dollar,One Dollar,,,1 Thursday Buck,Yes,No,No,No
coin,Dollar,One Dollar,,,"1 Dollar - Red Goose (Portage, Wisconsin)",Yes,No,No,No
coin,Dollar,One Dollar,,,"1 Dollar - AIM Market Match (San Rafael, California)",Yes,No,No,No
coin,Dollar,Half Dollar,,,"50 Cents - Burt County Bridge Comm. (Decatur, Nebraska)",Yes,No,No,No
coin,Dollar,One Dollar,,,1 000 000 Dollars (Minions),Yes,No,No,No
coin,Dollar,One Dollar,,,1 000 000 Dollars (The rise of Gru),Yes,No,No,No
coin,Dollar,One Dollar,,,1 000 000 Dollars (Strawberry Shortcake),Yes,No,No,No
coin,Dollar,One Dollar,,,1 000 000 Dollars (Pooh Bear and Friends),Yes,No,No,No
coin,Dollar,Half Dollar,,,"5½ Dollars - Schwoegler Park Towne Lanes (Madison, Wisconsin)",Yes,No,No,No
coin,Dollar,One Cent,,,1 Cent - Veterans Canteen Service,Yes,No,No,No
coin,Quarter,One Dollar,,,"1 Dollar ""Sacagawea Dollar"" (25th Anniversary of the Sacagawea Dollar)",Yes,No,No,No
coin,Half Dollar,Half Dollar,,,"½ Dollar - Algonac Community Centennial (Algonac, Michigan)",Yes,No,No,No
coin,Dollar,One Dime,,,"10 Cents - Cash Grocery C. Tockey (Boelus, Nebraska)",Yes,No,No,No
coin,Dollar,Ten Dollars,,,"10 Dollars - Young Jewelers (Jasper, Alabama)",Yes,No,No,No
coin,Dollar,One Dollar,,,"One Free Play- Empire Amusement (Ocean Park, California)",Yes,No,No,No
coin,Dollar,Five Cents,,,"25 Cents - Phill's (Chetek, Wisconsin)",Yes,No,No,No
coin,Dollar,One Dollar,,,"1 Dollar - Phill's (Chetek, Wisconsin)",Yes,No,No,No
coin,Dollar,Two Dollars,,,"2 Dollars - Phill's (Chetek, Wisconsin)",Yes,No,No,No
coin,Dollar,Three Dollars,,,"3 Dollars - Phill's (Chetek, Wisconsin)",Yes,No,No,No
coin,Dollar,One Dollar,,,"1 Dollar - Piggly Wiggly (Leeds, Alabama)",Yes,No,No,No
coin,Dollar,Five Dollars,,,"5 Dollars - Northern Lights (Walker, Minnesota)",Yes,No,No,No
coin,Quarter,Quarter Dollar,,,¼ Dollar - Washington Quarter (Shorter Wings),Yes,No,No,No
coin,Dollar,One Dime,,,"10 Cents - Harlan & Ele (French Island, Wisconsin)",Yes,No,No,No
coin,Dollar,Five Cents,,,"15 Cents - Harlan & Ele (French Island, Wisconsin)",Yes,No,No,No
coin,Dollar,Twenty Cents,,,"20 Cents - Harlan & Ele (French Island, Wisconsin)",Yes,No,No,No
coin,Dollar,Five Cents,,,"55 Cents - Harlan & Ele (French Island, Wisconsin)",Yes,No,No,No
coin,Dollar,Five Cents,,,"45 Cents - Hide-A-Way (Neillsville, Wisconsin)",Yes,No,No,No
coin,Dollar,One Cent,,,"60 Cents - Hide-A-Way (Neillsville, Wisconsin)",Yes,No,No,No
coin,Dollar,One Dime,,,"10 Cents - Parrish's Triangle (Wisconsin Dells, Wisconsin)",Yes,No,No,No
coin,Dollar,Five Cents,,,"25 Cents - M & M Bar (Watertown, Wisconsin)",Yes,No,No,No
coin,Dollar,One Cent,,,"30 Cents - Twilite Lounge (Sun Prairie, Wisconsin)",Yes,No,No,No
coin,Dollar,One Cent,,,"60 Cents - Western Aire (Granton, Wisconsin)",Yes,No,No,No
coin,Dollar,Five Cents,,,"45 Cents - Western Aire (Granton, Wisconsin)",Yes,No,No,No
coin,Dollar,One Cent,,,"1 Cent - Sentry Food Stores (Waukesha, Wisconsin)",Yes,No,No,No
coin,Dollar,Five Cents,,,"5 Cent - Sentry Food Stores (Waukesha, Wisconsin)",Yes,No,No,No
coin,Dollar,One Dollar,,,"1 Dollar - Don Laughlin's Riverside Resort (Laughlin, Nevada)",Yes,No,No,No
coin,Dollar,Five Cents,,,"5 Cents - Zama NCO (Zama, Japan)",Yes,No,No,No
coin,Quarter,One Dollar,,,"Star Trek: The Experience - Valiant Shuttle (Las Vegas, Nevada)",Yes,No,No,No
coin,Quarter,One Dollar,,,"Star Trek: The Experience - Klingon Bird of Prey (Las Vegas, Nevada)",Yes,No,No,No
coin,Dollar,One Thousand Dollars,,,1000 Dollars (One Federal Note),Yes,No,No,No
coin,Dollar,Five Dollars,,,5 Dollars (State of South Carolina),Yes,No,No,No
coin,Dollar,Three Dollars,,,3 Dollars (State of Florida),Yes,No,No,No
coin,Dollar,Three Dollars,,,3 Dollars (The New Hope Delaware Bridge Co. - New Jersey),Yes,No,No,No
coin,Dollar,Twenty Dollars,,,20 Dollars (State of South Carolina),Yes,No,No,No
coin,Dollar,Five Dollars,,,"5 Dollars - Tharaldson Motels (Fargo, North Dakota)",Yes,No,No,No
coin,Quarter,One Dollar,,,¼ Ounce - The International Trade Unit (Panda),Yes,No,No,No
coin,Dollar,One Dollar,,,"1 Dollar - Ramada Express (Laughlin, Nevada)",Yes,No,No,No
coin,Dollar,One Dollar,,,"1 Dollar - Mr. C's Casino (Reno, Nevada)",Yes,No,No,No
coin,Dollar,One Cent,,,1 Cent - Lincoln Penny,Yes,No,No,No
coin,Dollar,Five Cents,,,5 Cents - Jefferson Nickel,Yes,No,No,No
coin,Dollar,One Dime,,,1 Dime - Roosevelt Dime,Yes,No,No,No
coin,Quarter,Quarter Dollar,,,¼ Dollar - Washington Quarter (Delaware),Yes,No,No,No
coin,Quarter,Quarter Dollar,,,¼ Dollar - Washington Quarter (Pennsylvania),Yes,No,No,No
coin,Dollar,One Cent,,,"1 Penny - Chapter No. 300 R. A. M. (Massena, New York)",Yes,No,No,No
coin,Dollar,Five Dollars,,,5 Dollars - Mormon,Yes,No,No,No
coin,Dollar,Half Dollar,,,"50 Cents - John Chisum Days (Artesia, New Mexico)",Yes,No,No,No
coin,Dollar,Half Dollar,,,"50 Cents - Champlain Celebration (Albany County, New York)",Yes,No,No,No
coin,Dollar,Five Cents,,,5 Cents - Officers Club Erding Air Base (Munich),Yes,No,No,No
coin,Dollar,Five Cents,,,"25 Cents - Drake Lumber Co. (Princeton, Florida)",Yes,No,No,No
coin,Dollar,One Dollar,,,1000 Mystery Dollars (Edgar Allan Poe),Yes,No,No,No
coin,Dollar,Five Cents,,,"5 Cents - Ole’s Recreation (Fairfax, Minnesota)",Yes,No,No,No
coin,Dollar,One Dollar,,,Ronald Reagan - Double Eagle (Series AA),Yes,No,No,No
coin,Dollar,One Dollar,,,"Tupper Buck - Carousel Party Sales Inc. (Los Angeles, California)",Yes,No,No,No
coin,Dollar,Five Dollars,,,5 Dollars (Amelia Earhart),Yes,No,No,No
coin,Dollar,Ten Dollars,,,10 Dollars (Jackie Kennedy),Yes,No,No,No
coin,Dollar,Twenty Dollars,,,20 Dollars (Rosa Parks),Yes,No,No,No
coin,Dollar,One Hundred Dollars,,,100 Dollars (Racial Unity),Yes,No,No,No
coin,Dollar,Fifty Dollars,,,50 Dollars (Eleanor Roosevelt),Yes,No,No,No
coin,Dollar,Fifty Dollars,,,50 Dollars - Motion Picture Purposes,Yes,No,No,No
coin,Dollar,One Dollar,,,"1 Dollar - Canaveral Pier (Cocoa Beach, Florida)",Yes,No,No,No
coin,Dollar,Half Dollar,,,"50 Cents - Evansville Sesquicentennial (Evansville, Indiana)",Yes,No,No,No
coin,Dollar,One Cent,,,1 Cent - Lincoln Shield Penny,Yes,No,No,No
coin,Dollar,Five Cents,,,5 Cents - Jefferson Nickel (School Money),Yes,No,No,No
coin,Dollar,One Dime,,,1 Dime - Roosevelt Dime (School Money),Yes,No,No,No
coin,Quarter,Quarter Dollar,,,¼ Dollar - Washington Quarter (School Money),Yes,No,No,No
coin,Half Dollar,Half Dollar,,,½ Dollar - Kennedy Half Dollar (School Money),Yes,No,No,No
coin,Half Dollar,Half Dollar,,,Trade Half Dollar - Washington (Indiana),Yes,No,No,No
coin,Dollar,One Dollar,,,"1 Dollar - MGM Grand - Oscar De La Hoya (Las Vegas, Nevada)",Yes,No,No,No
coin,Dollar,One Dollar,,,Travel Dollar - White House Tours (Washington D. C.),Yes,No,No,No
coin,Dollar,One Cent,,,"1 Cent ""Lincoln Cent"" (Gold Omega Cent)",Yes,No,No,No
coin,Dollar,Five Dollars,,,"25 Dollars -Caesars Palace (Las Vegas, Nevada)",Yes,No,No,No
coin,Half Dollar,One Dollar,,,1 Ounce - Columbian Exposition,Yes,No,No,No
coin,Dollar,One Dollar,,,"1 Dollar - Tucker, Hanks & Daughdrill Furniture Co. (Oklahoma City, Oklahoma)",Yes,No,No,No
coin,Dollar,Twenty Dollars,,,"20 Dollars - Stoner & Co (Biddeford, Maine)",Yes,No,No,No
coin,Dollar,One Dollar,,,1 Dollar (After Hours Club),Yes,No,No,No
coin,Dollar,Five Cents,,,"5 Cents - Neubiberg Officers Club (Munich, Germany)",Yes,No,No,No
coin,Dollar,Five Cents,,,"5 Cents - C.B. Ramesden (Washta, Iowa)",Yes,No,No,No
coin,Dollar,One Dollar,,,"1 Dollar - Hotel San Remo Casino & Resort (Las Vegas, Nevada)",Yes,No,No,No
coin,Dollar,One Dollar,,,"Free drink 4.5 Dollars - Sugar River Lanes (Belleville, Wisconsin)",Yes,No,No,No
coin,Half Dollar,Fifty Dollars,,,50 Dollars (Bank of Monroe - Michigan),Yes,No,No,No
coin,Dollar,One Dollar,,,"Souvenir Dollar - Williamson County (Marion, Illinois)",Yes,No,No,No
coin,Dollar,Twenty Dollars,,,20 Dollars - First National City Bank (Traveler's Check Specimen),Yes,No,No,No
coin,Dollar,Ten Dollars,,,"10 Dollars - Silver Grill Cafe (Fort Collins, Colorado)",Yes,No,No,No
coin,Dollar,Twenty Cents,,,"20 Cents - Steamboat Ride (Peoria, Illinois)",Yes,No,No,No
coin,Dollar,One Dime,,,10 Cent (Miniature Coin),Yes,No,No,No
coin,Dollar,One Dollar,,,"Leopold’s Ice Cream - Meet Me (Savannah, Georgia)",Yes,No,No,No
coin,Dollar,One Dollar,,,"1 Dollar - Rockerville Ghost Town (Black Hills, South Dakota)",Yes,No,No,No
coin,Dollar,One Dollar,,,"South Carlsbad State Beach (Carlsbad, California)",Yes,No,No,No
coin,Dollar,Five Dollars,,,"5 Dollars - Helzberg's Jewelers (Kansas City, Missouri)",Yes,No,No,No
coin,Dollar,One Hundred Dollars,,,100 Dollars (American Liberty 2025 High Relief),Yes,No,No,No
coin,Dollar,One Dollar,,,5 Disney Dollars,Yes,No,No,No
coin,Dollar,One Dollar,,,10 Disney Dollars,Yes,No,No,No
coin,Dollar,Five Cents,,,5 Cents - Smoke House,Yes,No,No,No
coin,Dollar,Five Cents,,,5 Cents - Smoke House,Yes,No,No,No
coin,Dollar,One Dollar,,,1 Dollar - Horseshoe & Star,Yes,No,No,No
coin,Dollar,One Dollar,,,"1 Dollar - Shy Clown Casino (Sparks, Nevada)",Yes,No,No,No
coin,Dollar,One Dollar,,,1 Dollar - Palm Beach Cruise Line,Yes,No,No,No
coin,Dollar,One Dollar,,,"1 Dollar - Entertainment Capitol of the World (Las Vegas, Nevada)",Yes,No,No,No
coin,Dollar,Five Cents,,,5 Cents,Yes,No,No,No
coin,Quarter,One Dollar,,,"The Point @ Cal Expo (Sacramento, California)",Yes,No,No,No
coin,Half Dollar,Half Dollar,,,½ Dollar - Franklin Half (Moonlight Mint),Yes,No,No,No
coin,Dollar,Two Dollars,,,"2 Dollars - Silvers Credit Department Store (Treasure Island, California)",Yes,No,No,No
coin,Dollar,One Dollar,,,27 State Dollars (Florida),Yes,No,No,No
coin,Dollar,One Dollar,,,36 State Dollars (Nevada),Yes,No,No,No
coin,Half Dollar,Half Dollar,,,"Half Dollar - Attica Centennial (Fountain County, Indiana)",Yes,No,No,No
coin,Dollar,Half Dollar,,,"50 Cents - Gem of Tualatin Valley (Beaverton, Oregon)",Yes,No,No,No
coin,Dollar,Ten Dollars,,,10 Dollars (Farmers Exchange Bank - Rhode Island),Yes,No,No,No
coin,Dollar,One Dime,,,"10 Cents - Pioneer Pool Hall (Fresno,California)",Yes,No,No,No
coin,Dollar,Two Dollars,,,"2 Dollars - L. J. Wagner Home Interiors (Elkhart, Indiana)",Yes,No,No,No
coin,Dollar,One Dollar,,,Mini 1 Dollar (Federal Reserve Note),Yes,No,No,No
coin,Dollar,One Dollar,,,Mini 5 Dollars (Federal Reserve Note),Yes,No,No,No
coin,Dollar,One Dollar,,,Mini 10 Dollars (Federal Reserve Note),Yes,No,No,No
coin,Dollar,One Dollar,,,Mini 2 Dollars (Federal Reserve Note),Yes,No,No,No
coin,Half Dollar,Half Dollar,,,1 Ounce - Kennedy Half Dollar,Yes,No,No,No
coin,Dollar,One Dollar,,,One Million Dollars (Grover Cleveland),Yes,No,No,No
coin,Dollar,One Dollar,,,Funny Money of America - Route 66,Yes,No,No,No
coin,Dollar,One Dollar,,,Funny Money of America - Cozy Dogs,Yes,No,No,No
coin,Dollar,One Hundred Dollars,,,100 Dollars (State of North Carolina),Yes,No,No,No
coin,Dollar,One Dollar,,,60 Dollars,Yes,No,No,No
coin,Dollar,One Dollar,,,1 000 000 Dollars (Tombstone),Yes,No,No,No
coin,Dollar,One Dollar,,,"1 Dollar - Sassy Sally's (Las Vegas, Nevada)",Yes,No,No,No
coin,Dollar,One Dollar,,,"1 Dollar - Del Webb Hotels (Reno, Nevada)",Yes,No,No,No
coin,Half Dollar,Half Dollar,,,½ Dollar - California gold (Bear),Yes,No,No,No
coin,Dollar,One Dollar,,,"1 Dollar - Harrah's Casino St. Louis (Maryland Heights, Missouri)",Yes,No,No,No
coin,Dollar,One Dollar,,,"1 Dollar - The Bus (Merced County, California)",Yes,No,No,No
coin,Dollar,One Dollar,,,"1 Dollar - Golden Goose Casino (Las Vegas, Nevada)",Yes,No,No,No
coin,Half Dollar,One Dollar,,,½ Goldback (Arizona),Yes,No,No,No
coin,Dollar,One Dollar,,,1 Dollar - Self Service Car Wash,Yes,No,No,No
coin,Half Dollar,Half Dollar,,,"½ Dollar - Northwest Territory Celebration (Ironton, Ohio)",Yes,No,No,No
coin,Dollar,Five Cents,,,"5 Cent - Tri City Railway Company (Rock Island, Illinois)",Yes,No,No,No
coin,Quarter,One Dollar,,,1 Ounce - Silvertowne Mint (Miyamoto Musashi),Yes,No,No,No
coin,Dollar,One Dollar,,,"1 Dollar - Wolfville Western Days (Tucson, Arizona)",Yes,No,No,No
coin,Dollar,One Dime,,,"10 Cents - California Pacific International Exposition (San Diego, California)",Yes,No,No,No
coin,Dollar,Five Cents,,,"25 Cents - Funland (Chicago, Illinois)",Yes,No,No,No
coin,Dollar,Five Cents,,,25 Cents - Royal Caribbean International,Yes,No,No,No
coin,Dollar,One Dime,,,"1 Dime ""Emerging Liberty Dime""",Yes,No,No,No
coin,Dollar,One Dollar,,,"1 Dollar - SunRay Laundromat (Saint Paul, Minnesota)",Yes,No,No,No
coin,Dollar,One Dollar,,,1 Dollar - Casino Royale (Royal Caribbean International),Yes,No,No,No
coin,Dollar,Five Cents,,,"25 Cents - Scotia Prince Casino (Portland, Maine)",Yes,No,No,No
coin,Dollar,One Dime,,,"10 Cents - Langley's Amusements (Ocean Park, California)",Yes,No,No,No
coin,Half Dollar,One Dollar,,,½ Ounce - Regency Mint (Walking Liberty),Yes,No,No,No
coin,Quarter,One Dollar,,,¼ Ounce - Golden State Mint (Aztec Calendar),Yes,No,No,No
coin,Dollar,One Cent,,,"1 Cent - ""Lincoln Cent"" (Miniature)",Yes,No,No,No
coin,Dollar,Five Cents,,,"5 Cents - ""Jefferson Nickel""",Yes,No,No,No
coin,Dollar,Five Cents,,,5 Cents - 31569,Yes,No,No,No
coin,Dollar,Five Cents,,,5 Cents - 23185,Yes,No,No,No
coin,Dollar,Five Cents,,,5 Cents - 23465,Yes,No,No,No
coin,Dollar,Five Cents,,,5 Cents - 23767,Yes,No,No,No
coin,Quarter,Five Cents,,,25 Cents (Mayflower Compact),Yes,No,No,No
coin,Dollar,One Dollar,,,1 Fare (Baltimorre Harbor Tunnel / Francis Scott Key Bridge / John F. Kennedy Memorial Highway),Yes,No,No,No
coin,Quarter,Five Cents,,,25 Cents (Revolutionary War),Yes,No,No,No
coin,Dollar,One Cent,,,"1 Cent - Alb. Kaepernick Jr. (Beaver Dam, Wisconsin)",Yes,No,No,No
coin,Dollar,One Dime,,,"10 Cents - All Ways Inn (Milwaukee, Wisconsin)",Yes,No,No,No
coin,Dollar,Five Cents,,,"25 Cents - All Ways Inn (Milwaukee, Wisconsin)",Yes,No,No,No
coin,Dollar,Five Cents,,,"5 Cents - Allison Billiard Parlor (Cedar Rapids, Iowa)",Yes,No,No,No
coin,Dollar,Two Dollars,,,"2 Dollars - Gold Country Casino (Oroville, California)",Yes,No,No,No
coin,Dollar,One Cent,,,"60 Cents - American Legion (Whitewater, Wisconsin)",Yes,No,No,No
coin,Dollar,Half Dollar,,,50 Cents - Armistice Dinner,Yes,No,No,No
coin,Dollar,Two Dollars,,,2 Dollars (Mechanics Savings and Loan Association),Yes,No,No,No
coin,Dollar,One Dime,,,"10 Cents - Anne's Bar (Riplinger, Wisconsin)",Yes,No,No,No
coin,Quarter,Quarter Dollar,,,¼ Dollar (Declaration of Independence),Yes,No,No,No
coin,Dollar,Five Cents,,,"5 Cents - Archie's Tavern (Neillsville, Wisconsin)",Yes,No,No,No
coin,Dollar,Five Cents,,,"5 Cents - J. W. Murphy Pool Hall (Greenly, Nebraska)",Yes,No,No,No
coin,Dollar,Five Cents,,,"25 Cents - The Orondo (Wenatchee, Washington)",Yes,No,No,No
coin,Dollar,Five Dollars,,,5 Dollars - Kentucky Insurance Company,Yes,No,No,No
coin,Dollar,One Dollar,,,1 Dollar (American Innovation - Iowa),Yes,No,No,No
coin,Quarter,Quarter Dollar,,,¼ Dollar (Constitution),Yes,No,No,No
coin,Dollar,Five Cents,,,5 Cents (25071),Yes,No,No,No
coin,Dollar,Five Cents,,,5 Cents (23061),Yes,No,No,No
coin,Dollar,One Dollar,,,"1 Dollar - Luxor Queen Nefertiti (Las Vegas, Nevada)",Yes,No,No,No
coin,Quarter,Five Cents,,,25 Cents (Gettysburg Address),Yes,No,No,No
coin,Dollar,One Dollar,,,"1 Goldback - Washington, D.C.",Yes,No,No,No
coin,Quarter,One Dollar,,,¼ Ounce - Cardinal (Season's Greetings),Yes,No,No,No
coin,Dollar,One Dime,,,1 Dime (Semiquicentenial; Silver),Yes,No,No,No
coin,Dollar,Three Dollars,,,"3 dollars - Cuspidor Saloon (El Paso, Texas)",Yes,No,No,No
coin,Quarter,Half Dollar,,,½ Dollar (Enduring Liberty),Yes,No,No,No
coin,Dollar,One Dollar,,,1 000 000 Dollars (Gospel Tract),Yes,No,No,No
coin,Quarter,Half Dollar,,,½ Dollar (Enduring Liberty; Silver),Yes,No,No,No
coin,Dollar,One Dollar,,,"1 Dollar - Two Top First National Recreation Snowmobile Trail (West Yellowstone, Montana)",Yes,No,No,No
coin,Dollar,One Dollar,,,"1 Dollar - The Dallas Palace (Dallas, Texas)",Yes,No,No,No
coin,Dollar,Five Dollars,,,5 Dollars - Discovery Cruises,Yes,No,No,No
coin,Quarter,Five Cents,,,25 Cents (Revolutionary War; Silver),Yes,No,No,No
coin,Quarter,Quarter Dollar,,,¼ Dollar (Constitution; Silver),Yes,No,No,No
coin,Dollar,One Dollar,,,"1 Dollar ""Native American Dollar"" (Oneida people's contributions at Valley Forge)",Yes,No,No,No
coin,Quarter,Quarter Dollar,,,¼ Dollar (Declaration of Independence; Silver),Yes,No,No,No
coin,Dollar,One Dime,,,"1 Dime - ""Roosvelt Dime""",Yes,No,No,No
coin,Quarter,Quarter Dollar,,,"¼ Dollar - ""Washington Quarter""",Yes,No,No,No
coin,Half Dollar,Half Dollar,,,"½ Dollar - ""Kennedy Half Dollar""",Yes,No,No,No
coin,Dollar,One Dollar,,,"1 Dollar - ""Eisenhower Dollar""",Yes,No,No,No
coin,Quarter,Five Cents,,,25 Cents (Mayflower Compact; Silver),Yes,No,No,No
coin,Dollar,One Cent,,,1 Cent (Ohio Sales Tax Receipt),Yes,No,No,No
coin,Dollar,One Cent,,,1 Cent (Ohio Sales Tax Receipt),Yes,No,No,No
coin,Dollar,One Cent,,,1 Cent (Ohio Sales Tax Receipt),Yes,No,No,No
coin,Dollar,One Cent,,,1 Cent (Ohio Sales Tax Receipt),Yes,No,No,No
coin,Quarter,Five Cents,,,25 Cents (Gettysburg Address; Silver),Yes,No,No,No
coin,Dollar,One Hundred Dollars,,,100 Dollar Bill - Washington Mint,Yes,No,No,No
coin,Dollar,Five Cents,,,"25 Cents - Armanetti's Tap Room (Chicago, Illinois)",Yes,No,No,No
coin,Dollar,Five Cents,,,"15 Cents - Armin & Shirley's Tavern (Fond Du Lac, Wisconsin)",Yes,No,No,No
coin,Dollar,One Cent,,,1 Cent (Ohio Sales Tax Receipt),Yes,No,No,No
coin,Dollar,One Dollar,,,"1 Dollar - Don Laughlin's Riverside Resort (Laughlin, Nevada)",Yes,No,No,No
coin,Dollar,One Cent,,,6 Cents (Ohio Sales Tax Receipt),Yes,No,No,No
coin,Dollar,One Dollar,,,1 Dollar (American Innovation - Wisconsin),Yes,No,No,No
coin,Dollar,One Dollar,,,1 Dollar (American Innovation - California),Yes,No,No,No
coin,Dollar,One Dollar,,,1 Dollar (American Innovation - Minnesota),Yes,No,No,No
coin,Dollar,One Dollar,,,"Havasu Dollar - London Bridge Rotary Club - Steamboats of the Colorado (Lake Havasu City, Arizona)",Yes,No,No,No
coin,Dollar,Five Dollars,,,"5 Dollars - B & B (Chetek, Wisconsin)",Yes,No,No,No
coin,Dollar,Five Dollars,,,"5 Dollars - Joe's B & B (Chetek, Wisconsin)",Yes,No,No,No
coin,Dollar,Four Dollars,,,"4 Dollars - Joe's B & B (Chetek, Wisconsin)",Yes,No,No,No
coin,Dollar,One Dollar,,,"3.5 Dollars - Joe's B & B (Chetek, Wisconsin)",Yes,No,No,No
coin,Dollar,Five Dollars,,,"5 Dollars - Joe's B & B (Chetek, Wisconsin)",Yes,No,No,No
coin,Dollar,One Dollar,,,"Havasu Dollar - London Bridge Rotary Club - Bridging The Centuries (Lake Havasu City, Arizona)",Yes,No,No,No
coin,Dollar,Four Dollars,,,"4 Dollars - Joe's B & B (Chetek, Wisconsin)",Yes,No,No,No
coin,Dollar,Five Cents,,,"5 Cents ""Jefferson Nickel"" (Semiquincentennial)",Yes,No,No,No
coin,Dollar,One Cent,,,"1 Cent ""Lincoln Cent"" (Semiquincentennial)",Yes,No,No,No
coin,Dollar,Four Dollars,,,4 Dollars,Yes,No,No,No
coin,Dollar,Five Cents,,,"5 Cents - Dewey’s Cigar Store (Mancelona, Michigan)",Yes,No,No,No
coin,Dollar,Twenty Dollars,,,20 Dollars - In N Out Burger (Manager Issue),Yes,No,No,No
coin,Half Dollar,Half Dollar,,,"½ Dollar (California Territorial Gold ""Round Liberty Head"")",Yes,No,No,No
coin,Half Dollar,Half Dollar,,,"½ Dollar (California Territorial Gold ""Round Liberty Head"")",Yes,No,No,No
coin,Half Dollar,Half Dollar,,,"½ Dollar (California Territorial Gold ""Octogonal Liberty Head"")",Yes,No,No,No
coin,Quarter,Quarter Dollar,,,"¼ Dollar (California Territorial Gold ""Octogonal Liberty Head"")",Yes,No,No,No
coin,Quarter,Quarter Dollar,,,"¼ Dollar (California Territorial Gold ""Octogonal Liberty Head"")",Yes,No,No,No
coin,Quarter,Quarter Dollar,,,"¼ Dollar (California Territorial Gold ""Octogonal Liberty Head"")",Yes,No,No,No
coin,Dollar,One Dollar,,,"7 Dollars - Stardust Casino & Resort (Las Vegas, Nevada)",Yes,No,No,No
coin,Dollar,Ten Dollars,,,"10 Dollars - Hard Rock Hotel (Las Vegas, Nevada)",Yes,No,No,No
coin,Dollar,Ten Dollars,,,"10 Dollars - Peppermill Hotel Casino (Reno, Nevada)",Yes,No,No,No
coin,Dollar,Half Dollar,,,50 Cents (State of Mississippi),Yes,No,No,No
coin,Dollar,Three Dollars,,,3 Dollars (State of Louisiana),Yes,No,No,No
coin,Dollar,One Hundred Dollars,,,"100 Dollars ""American Platinum Eagle"" (Bullion Coinage)",Yes,No,No,No
coin,Dollar,One Dime,,,"1 Dime ""Mercury Dime"" (Semiquincentennial)",Yes,No,No,No
coin,Quarter,Quarter Dollar,,,"¼ Dollar ""Standing Liberty Quarter"" (Semiquincentennial)",Yes,No,No,No
coin,Half Dollar,Half Dollar,,,"½ Dollar ""Walking Liberty Half Dollar"" (Semiquincentennial)",Yes,No,No,No
coin,Dollar,One Cent,,,"1 Cent - The New River Company (Lochgelly, West Virginia)",Yes,No,No,No
coin,Quarter,Quarter Dollar,,,"¼ Dollar ""Washington Quarter"" (Mount Rushmore - Silver 5 oz. Bullion)",Yes,No,No,No
coin,Dollar,One Dollar,,,"1 Dollar - Flamingo Hotel & Casino (Las Vegas, Nevada)",Yes,No,No,No
coin,Dollar,Five Dollars,,,"25 Dollars ""American Platinum Eagle"" (Bullion Coinage)",Yes,No,No,No
coin,Dollar,One Hundred Dollars,,,"100 Dollars ""American Platinum Eagle"" (Bullion Coinage)",Yes,No,No,No
coin,Quarter,One Dollar,,,¼ Ounce - Golden State Mint (Eagle),Yes,No,No,No
coin,Dollar,One Dollar,,,1 Dollar (Sanford Bank - Maine),Yes,No,No,No
coin,Dollar,One Dime,,,10 Cents - Play Coin (Pilgrim),Yes,No,No,No
coin,Dollar,One Dollar,,,"1 Dollar - Showboat Hotel, Casino & Bowling Center (Atlantic City, New Jersey)",Yes,No,No,No
coin,Dollar,One Dollar,,,1 Dollar (State of Mississippi),Yes,No,No,No
coin,Dollar,One Cent,,,1 Cent - Lincoln Cent (Shield Reverse),Yes,No,No,No
coin,Dollar,Five Cents,,,"5 Cents ""Jefferson Nickel"" (2nd portrait, Return to Monticello)",Yes,No,No,No
coin,Dollar,One Dime,,,"1 Dime - ""Roosevelt Dime""",Yes,No,No,No
coin,Quarter,Quarter Dollar,,,¼ Dollar - Washington Quarter,Yes,No,No,No
coin,Dollar,Five Cents,,,25 Cents - Chuck E. Cheese (Play Value),Yes,No,No,No
coin,Dollar,One Dollar,,,1 Ounce - 20 Dollars (Gold Certificate),Yes,No,No,No
coin,Dollar,Ten Dollars,,,"10 Dollars - Circus Circus (Reno, Nevada)",Yes,No,No,No
coin,Dollar,One Cent,,,"1 Cent - Bricelyn Mercantile (Bricelyn, Minnesota)",Yes,No,No,No
coin,Dollar,Five Cents,,,5 Cents - Banty Ferrel (Springfield Illinois),Yes,No,No,No
coin,Dollar,Five Cents,,,"25 Cents - Ramschak's Tavern (Springfield, Illinois)",Yes,No,No,No
coin,Half Dollar,One Dollar,,,1 Ounce - Golden State Mint (Remember the Alamo),Yes,No,No,No
coin,Dollar,One Cent,,,"Masonic Penny - Valley Chapter No. 4 (Deer Lodge, Montana)",Yes,No,No,No
coin,Dollar,Five Cents,,,"5 Cents - Carl G. Loeser Tavern (Springfield, Illinois)",Yes,No,No,No
coin,Dollar,One Cent,,,1 Cent (Ohio Sales Tax Receipt),Yes,No,No,No
coin,2026 U.S. Circulating Coins,One Cent,2026,P,Liberty Bell 250 Privy Mark,Yes,No,No,No
coin,2026 U.S. Circulating Coins,One Cent,2026,D,Liberty Bell 250 Privy Mark,Yes,No,No,No
coin,Flying Eagle & Indian Head Cents,One Cent,1882,P,,Yes,No,No,No
coin,Flying Eagle & Indian Head Cents,One Cent,1883,P,,Yes,No,No,No
coin,Flying Eagle & Indian Head Cents,One Cent,1884,P,,Yes,No,No,No
coin,Flying Eagle & Indian Head Cents,One Cent,1884,P,Doubled Ear,Yes,No,No,No
coin,Flying Eagle & Indian Head Cents,One Cent,1885,P,,Yes,No,No,No
coin,Flying Eagle & Indian Head Cents,One Cent,1886,P,,Yes,No,No,No
coin,Flying Eagle & Indian Head Cents,One Cent,1886,P,Type 2,Yes,No,No,No
coin,Flying Eagle & Indian Head Cents,One Cent,1887,P,,Yes,No,No,No
coin,Flying Eagle & Indian Head Cents,One Cent,1887,P,7 over 6,Yes,No,No,No
coin,Flying Eagle & Indian Head Cents,One Cent,1888,P,,Yes,No,No,No
coin,Flying Eagle & Indian Head Cents,One Cent,1888,P,8 over 7,Yes,No,No,No
coin,Flying Eagle & Indian Head Cents,One Cent,1889,P,,Yes,No,No,No
coin,Flying Eagle & Indian Head Cents,One Cent,1890,P,,Yes,No,No,No
coin,Flying Eagle & Indian Head Cents,One Cent,1891,P,,Yes,No,No,No
coin,Flying Eagle & Indian Head Cents,One Cent,1892,P,,Yes,No,No,No
coin,Flying Eagle & Indian Head Cents,One Cent,1893,P,,Yes,No,No,No
coin,Flying Eagle & Indian Head Cents,One Cent,1894,P,,Yes,No,No,No
coin,Flying Eagle & Indian Head Cents,One Cent,1894,P,Double Date,Yes,No,No,No
coin,Flying Eagle & Indian Head Cents,One Cent,1895,P,,Yes,No,No,No
coin,Flying Eagle & Indian Head Cents,One Cent,1896,P,,Yes,No,No,No
coin,Flying Eagle & Indian Head Cents,One Cent,1897,P,,Yes,No,No,No
coin,Flying Eagle & Indian Head Cents,One Cent,1897,P,1 in Neck,Yes,No,No,No
coin,Flying Eagle & Indian Head Cents,One Cent,1898,P,,Yes,No,No,No
coin,Flying Eagle & Indian Head Cents,One Cent,1899,P,,Yes,No,No,No
coin,Flying Eagle & Indian Head Cents,One Cent,1900,P,,Yes,No,No,No
coin,Flying Eagle & Indian Head Cents,One Cent,1901,P,,Yes,No,No,No
coin,Flying Eagle & Indian Head Cents,One Cent,1902,P,,Yes,No,No,No
coin,Flying Eagle & Indian Head Cents,One Cent,1903,P,,Yes,No,No,No
coin,Flying Eagle & Indian Head Cents,One Cent,1904,P,,Yes,No,No,No
coin,Flying Eagle & Indian Head Cents,One Cent,1905,P,,Yes,No,No,No
coin,Flying Eagle & Indian Head Cents,One Cent,1906,P,,Yes,No,No,No
coin,Flying Eagle & Indian Head Cents,One Cent,1907,P,,Yes,No,No,No
coin,Flying Eagle & Indian Head Cents,One Cent,1908,P,,Yes,No,No,No
coin,Flying Eagle & Indian Head Cents,One Cent,1908,S,,Yes,No,No,No
coin,Flying Eagle & Indian Head Cents,One Cent,1909,P,,Yes,No,No,No
coin,Flying Eagle & Indian Head Cents,One Cent,1909,S,,Yes,No,No,No
coin,Flying Eagle & Indian Head Cents,One Cent,2024,P,,Yes,No,No,No
coin,Flying Eagle & Indian Head Cents,One Cent,2024,D,,Yes,No,No,No
coin,Flying Eagle & Indian Head Cents,One Cent,2024,S,,Yes,No,No,No
coin,Flying Eagle & Indian Head Cents,One Cent,2026,P,Liberty Bell 250 Privy Mark,Yes,No,No,No
coin,Flying Eagle & Indian Head Cents,One Cent,2026,D,Liberty Bell 250 Privy Mark,Yes,No,No,No
coin,Flying Eagle & Indian Head Cents,One Cent,2026,S,Proof - Liberty Bell 250 Privy Mark,Yes,No,No,No
coin,Flying Eagle & Indian Head Cents,One Cent,2026,W,Uncirculated - Liberty Bell 250 Privy Mark,Yes,No,No,No
coin,Flying Eagle & Indian Head Cents,One Cent,1857,P,,Yes,No,No,No
coin,Flying Eagle & Indian Head Cents,One Cent,1857,P,1857/6,Yes,No,No,No
coin,Flying Eagle & Indian Head Cents,One Cent,1858,P,,Yes,No,No,No
coin,Flying Eagle & Indian Head Cents,One Cent,1858,P,Small Letters,Yes,No,No,No
coin,Flying Eagle & Indian Head Cents,One Cent,1858,P,1858/7,Yes,No,No,No
coin,Flying Eagle & Indian Head Cents,One Cent,1859,P,,Yes,No,No,No
coin,Flying Eagle & Indian Head Cents,One Cent,1860,P,,Yes,No,No,No
coin,Flying Eagle & Indian Head Cents,One Cent,1861,P,,Yes,No,No,No
coin,Flying Eagle & Indian Head Cents,One Cent,1862,P,,Yes,No,No,No
coin,Flying Eagle & Indian Head Cents,One Cent,1863,P,,Yes,No,No,No
coin,Flying Eagle & Indian Head Cents,One Cent,1864,P,,Yes,No,No,No
coin,Flying Eagle & Indian Head Cents,One Cent,1864,P,Bronze,Yes,No,No,No
coin,Flying Eagle & Indian Head Cents,One Cent,1864,P,"Bronze, L on Ribbon",Yes,No,No,No
coin,Flying Eagle & Indian Head Cents,One Cent,1865,P,,Yes,No,No,No
coin,Flying Eagle & Indian Head Cents,One Cent,1865,P,Fancy 5,Yes,No,No,No
coin,Flying Eagle & Indian Head Cents,One Cent,1866,P,,Yes,No,No,No
coin,Flying Eagle & Indian Head Cents,One Cent,1867,P,,Yes,No,No,No
coin,Flying Eagle & Indian Head Cents,One Cent,1868,P,,Yes,No,No,No
coin,Flying Eagle & Indian Head Cents,One Cent,1869,P,,Yes,No,No,No
coin,Flying Eagle & Indian Head Cents,One Cent,1869,P,9 Over 9,Yes,No,No,No
coin,Flying Eagle & Indian Head Cents,One Cent,1870,P,,Yes,No,No,No
coin,Flying Eagle & Indian Head Cents,One Cent,1870,P,Bold N,Yes,No,No,No
coin,Flying Eagle & Indian Head Cents,One Cent,1871,P,,Yes,No,No,No
coin,Flying Eagle & Indian Head Cents,One Cent,1871,P,Bold N,Yes,No,No,No
coin,Flying Eagle & Indian Head Cents,One Cent,1872,P,,Yes,No,No,No
coin,Flying Eagle & Indian Head Cents,One Cent,1872,P,Bold N,Yes,No,No,No
coin,Flying Eagle & Indian Head Cents,One Cent,1873,P,,Yes,No,No,No
coin,Flying Eagle & Indian Head Cents,One Cent,1873,P,Open 3,Yes,No,No,No
coin,Flying Eagle & Indian Head Cents,One Cent,1873,P,Doubled Liberty,Yes,No,No,No
coin,Flying Eagle & Indian Head Cents,One Cent,1874,P,,Yes,No,No,No
coin,Flying Eagle & Indian Head Cents,One Cent,1875,P,,Yes,No,No,No
coin,Flying Eagle & Indian Head Cents,One Cent,1875,P,Dot on One Cent,Yes,No,No,No
coin,Flying Eagle & Indian Head Cents,One Cent,1876,P,,Yes,No,No,No
coin,Flying Eagle & Indian Head Cents,One Cent,1877,P,,Yes,No,No,No
coin,Flying Eagle & Indian Head Cents,One Cent,1878,P,,Yes,No,No,No
coin,Flying Eagle & Indian Head Cents,One Cent,1879,P,,Yes,No,No,No
coin,Flying Eagle & Indian Head Cents,One Cent,1880,P,,Yes,No,No,No
coin,Flying Eagle & Indian Head Cents,One Cent,1880,P,80 Over 79,Yes,No,No,No
coin,Flying Eagle & Indian Head Cents,One Cent,1881,P,,Yes,No,No,No
coin,Lincoln Cents,One Cent,1909,P,,Yes,No,No,No
coin,Lincoln Cents,One Cent,1909,P,Doubled Die Obverse,Yes,No,No,No
coin,Lincoln Cents,One Cent,1909,S,,Yes,No,No,No
coin,Lincoln Cents,One Cent,1909,S,S over Horizontal S,Yes,No,No,No
coin,Lincoln Cents,One Cent,1910,P,,Yes,No,No,No
coin,Lincoln Cents,One Cent,1910,S,,Yes,No,No,No
coin,Lincoln Cents,One Cent,1911,P,,Yes,No,No,No
coin,Lincoln Cents,One Cent,1911,D,,Yes,No,No,No
coin,Lincoln Cents,One Cent,1911,S,,Yes,No,No,No
coin,Lincoln Cents,One Cent,1912,P,,Yes,No,No,No
coin,Lincoln Cents,One Cent,1912,D,,Yes,No,No,No
coin,Lincoln Cents,One Cent,1912,S,,Yes,No,No,No
coin,Lincoln Cents,One Cent,1913,P,,Yes,No,No,No
coin,Lincoln Cents,One Cent,1913,D,,Yes,No,No,No
coin,Lincoln Cents,One Cent,1913,S,,Yes,No,No,No
coin,Lincoln Cents,One Cent,1914,P,,Yes,No,No,No
coin,Lincoln Cents,One Cent,1914,D,,Yes,No,No,No
coin,Lincoln Cents,One Cent,1914,S,,Yes,No,No,No
coin,Lincoln Cents,One Cent,1915,P,,Yes,No,No,No
coin,Lincoln Cents,One Cent,1915,D,,Yes,No,No,No
coin,Lincoln Cents,One Cent,1915,S,,Yes,No,No,No
coin,Lincoln Cents,One Cent,1916,P,,Yes,No,No,No
coin,Lincoln Cents,One Cent,1916,P,Doubled Die Obverse,Yes,No,No,No
coin,Lincoln Cents,One Cent,1916,D,,Yes,No,No,No
coin,Lincoln Cents,One Cent,1916,S,,Yes,No,No,No
coin,Lincoln Cents,One Cent,1917,P,,Yes,No,No,No
coin,Lincoln Cents,One Cent,1917,P,Doubled Die Obverse,Yes,No,No,No
coin,Lincoln Cents,One Cent,1917,D,,Yes,No,No,No
coin,Lincoln Cents,One Cent,1917,S,,Yes,No,No,No
coin,Lincoln Cents,One Cent,1918,P,,Yes,No,No,No
coin,Lincoln Cents,One Cent,1918,D,,Yes,No,No,No
coin,Lincoln Cents,One Cent,1918,S,,Yes,No,No,No
coin,Lincoln Cents,One Cent,1919,P,,Yes,No,No,No
coin,Lincoln Cents,One Cent,1919,D,,Yes,No,No,No
coin,Lincoln Cents,One Cent,1919,S,,Yes,No,No,No
coin,Lincoln Cents,One Cent,1920,P,,Yes,No,No,No
coin,Lincoln Cents,One Cent,1920,D,,Yes,No,No,No
coin,Lincoln Cents,One Cent,1920,S,,Yes,No,No,No
coin,Lincoln Cents,One Cent,1921,P,,Yes,No,No,No
coin,Lincoln Cents,One Cent,1921,S,,Yes,No,No,No
coin,Lincoln Cents,One Cent,1922,D,,Yes,No,No,No
coin,Lincoln Cents,One Cent,1922,D,Weak D,Yes,No,No,No
coin,Lincoln Cents,One Cent,1922,P,,Yes,No,No,No
coin,Lincoln Cents,One Cent,1923,P,,Yes,No,No,No
coin,Lincoln Cents,One Cent,1923,S,,Yes,No,No,No
coin,Lincoln Cents,One Cent,1924,P,,Yes,No,No,No
coin,Lincoln Cents,One Cent,1924,D,,Yes,No,No,No
coin,Lincoln Cents,One Cent,1924,S,,Yes,No,No,No
coin,Lincoln Cents,One Cent,1925,P,,Yes,No,No,No
coin,Lincoln Cents,One Cent,1925,D,,Yes,No,No,No
coin,Lincoln Cents,One Cent,1925,S,,Yes,No,No,No
coin,Lincoln Cents,One Cent,1926,P,,Yes,No,No,No
coin,Lincoln Cents,One Cent,1926,D,,Yes,No,No,No
coin,Lincoln Cents,One Cent,1926,S,,Yes,No,No,No
coin,Lincoln Cents,One Cent,1927,P,,Yes,No,No,No
coin,Lincoln Cents,One Cent,1927,D,,Yes,No,No,No
coin,Lincoln Cents,One Cent,1927,S,,Yes,No,No,No
coin,Lincoln Cents,One Cent,1928,P,,Yes,No,No,No
coin,Lincoln Cents,One Cent,1928,D,,Yes,No,No,No
coin,Lincoln Cents,One Cent,1928,S,,Yes,No,No,No
coin,Lincoln Cents,One Cent,1928,S,Large S,Yes,No,No,No
coin,Lincoln Cents,One Cent,1929,P,,Yes,No,No,No
coin,Lincoln Cents,One Cent,1929,D,,Yes,No,No,No
coin,Lincoln Cents,One Cent,1929,S,,Yes,No,No,No
coin,Lincoln Cents,One Cent,1930,P,,Yes,No,No,No
coin,Lincoln Cents,One Cent,1930,D,,Yes,No,No,No
coin,Lincoln Cents,One Cent,1930,S,,Yes,No,No,No
coin,Lincoln Cents,One Cent,1931,P,,Yes,No,No,No
coin,Lincoln Cents,One Cent,1931,D,,Yes,No,No,No
coin,Lincoln Cents,One Cent,1931,S,,Yes,No,No,No
coin,Lincoln Cents,One Cent,1932,P,,Yes,No,No,No
coin,Lincoln Cents,One Cent,1932,D,,Yes,No,No,No
coin,Lincoln Cents,One Cent,1933,P,,Yes,No,No,No
coin,Lincoln Cents,One Cent,1933,D,,Yes,No,No,No
coin,Lincoln Cents,One Cent,1984,P,,Yes,No,No,No
coin,Lincoln Cents,One Cent,1984,P,Doubled Die Obverse,Yes,No,No,No
coin,Lincoln Cents,One Cent,1984,D,,Yes,No,No,No
coin,Lincoln Cents,One Cent,1984,S,,Yes,No,No,No
coin,Lincoln Cents,One Cent,1985,P,,Yes,No,No,No
coin,Lincoln Cents,One Cent,1985,D,,Yes,No,No,No
coin,Lincoln Cents,One Cent,1985,S,,Yes,No,No,No
coin,Lincoln Cents,One Cent,1986,P,,Yes,No,No,No
coin,Lincoln Cents,One Cent,1986,D,,Yes,No,No,No
coin,Lincoln Cents,One Cent,1986,S,,Yes,No,No,No
coin,Lincoln Cents,One Cent,1987,P,,Yes,No,No,No
coin,Lincoln Cents,One Cent,1987,D,,Yes,No,No,No
coin,Lincoln Cents,One Cent,1987,S,,Yes,No,No,No
coin,Lincoln Cents,One Cent,1988,P,,Yes,No,No,No
coin,Lincoln Cents,One Cent,1988,P,Reverse of 1989,Yes,No,No,No
coin,Lincoln Cents,One Cent,1988,D,,Yes,No,No,No
coin,Lincoln Cents,One Cent,1988,D,Reverse of 1989,Yes,No,No,No
coin,Lincoln Cents,One Cent,1988,S,,Yes,No,No,No
coin,Lincoln Cents,One Cent,1989,P,,Yes,No,No,No
coin,Lincoln Cents,One Cent,1989,D,,Yes,No,No,No
coin,Lincoln Cents,One Cent,1989,S,,Yes,No,No,No
coin,Lincoln Cents,One Cent,1990,P,,Yes,No,No,No
coin,Lincoln Cents,One Cent,1990,D,,Yes,No,No,No
coin,Lincoln Cents,One Cent,1990,S,,Yes,No,No,No
coin,Lincoln Cents,One Cent,1990,S,No S,Yes,No,No,No
coin,Lincoln Cents,One Cent,1991,P,,Yes,No,No,No
coin,Lincoln Cents,One Cent,1991,D,,Yes,No,No,No
coin,Lincoln Cents,One Cent,1991,S,,Yes,No,No,No
coin,Lincoln Cents,One Cent,1992,P,,Yes,No,No,No
coin,Lincoln Cents,One Cent,1992,P,Close AM,Yes,No,No,No
coin,Lincoln Cents,One Cent,1992,D,,Yes,No,No,No
coin,Lincoln Cents,One Cent,1992,D,Close AM,Yes,No,No,No
coin,Lincoln Cents,One Cent,1992,S,,Yes,No,No,No
coin,Lincoln Cents,One Cent,1993,P,,Yes,No,No,No
coin,Lincoln Cents,One Cent,1993,D,,Yes,No,No,No
coin,Lincoln Cents,One Cent,1993,S,,Yes,No,No,No
coin,Lincoln Cents,One Cent,1994,P,,Yes,No,No,No
coin,Lincoln Cents,One Cent,1994,D,,Yes,No,No,No
coin,Lincoln Cents,One Cent,1994,S,,Yes,No,No,No
coin,Lincoln Cents,One Cent,1995,P,,Yes,No,No,No
coin,Lincoln Cents,One Cent,1995,P,Doubled Die Obverse,Yes,No,No,No
coin,Lincoln Cents,One Cent,1995,D,,Yes,No,No,No
coin,Lincoln Cents,One Cent,1995,S,,Yes,No,No,No
coin,Lincoln Cents,One Cent,1996,P,,Yes,No,No,No
coin,Lincoln Cents,One Cent,1996,D,,Yes,No,No,No
coin,Lincoln Cents,One Cent,1996,S,,Yes,No,No,No
coin,Lincoln Cents,One Cent,1997,P,,Yes,No,No,No
coin,Lincoln Cents,One Cent,1997,P,Doubled Die Obverse,Yes,No,No,No
coin,Lincoln Cents,One Cent,1997,D,,Yes,No,No,No
coin,Lincoln Cents,One Cent,1997,S,,Yes,No,No,No
coin,Lincoln Cents,One Cent,1998,P,,Yes,No,No,No
coin,Lincoln Cents,One Cent,1998,P,Wide AM,Yes,No,No,No
coin,Lincoln Cents,One Cent,1998,D,,Yes,No,No,No
coin,Lincoln Cents,One Cent,1998,S,,Yes,No,No,No
coin,Lincoln Cents,One Cent,1998,S,Close AM,Yes,No,No,No
coin,Lincoln Cents,One Cent,1999,P,,Yes,No,No,No
coin,Lincoln Cents,One Cent,1999,P,Wide AM,Yes,No,No,No
coin,Lincoln Cents,One Cent,1999,D,,Yes,No,No,No
coin,Lincoln Cents,One Cent,1999,S,,Yes,No,No,No
coin,Lincoln Cents,One Cent,1999,S,Close AM,Yes,No,No,No
coin,Lincoln Cents,One Cent,2000,P,,Yes,No,No,No
coin,Lincoln Cents,One Cent,2000,P,Wide AM,Yes,No,No,No
coin,Lincoln Cents,One Cent,2000,D,,Yes,No,No,No
coin,Lincoln Cents,One Cent,2000,S,,Yes,No,No,No
coin,Lincoln Cents,One Cent,2001,P,,Yes,No,No,No
coin,Lincoln Cents,One Cent,2001,D,,Yes,No,No,No
coin,Lincoln Cents,One Cent,2001,S,,Yes,No,No,No
coin,Lincoln Cents,One Cent,2002,P,,Yes,No,No,No
coin,Lincoln Cents,One Cent,2002,D,,Yes,No,No,No
coin,Lincoln Cents,One Cent,2002,S,,Yes,No,No,No
coin,Lincoln Cents,One Cent,2003,P,,Yes,No,No,No
coin,Lincoln Cents,One Cent,2003,D,,Yes,No,No,No
coin,Lincoln Cents,One Cent,2003,S,,Yes,No,No,No
coin,Lincoln Cents,One Cent,2004,P,,Yes,No,No,No
coin,Lincoln Cents,One Cent,2004,D,,Yes,No,No,No
coin,Lincoln Cents,One Cent,2004,S,,Yes,No,No,No
coin,Lincoln Cents,One Cent,2005,P,,Yes,No,No,No
coin,Lincoln Cents,One Cent,2005,P,Satin Finish,Yes,No,No,No
coin,Lincoln Cents,One Cent,2005,D,,Yes,No,No,No
coin,Lincoln Cents,One Cent,2005,D,Satin Finish,Yes,No,No,No
coin,Lincoln Cents,One Cent,2005,S,,Yes,No,No,No
coin,Lincoln Cents,One Cent,2006,P,,Yes,No,No,No
coin,Lincoln Cents,One Cent,2006,P,Satin Finish,Yes,No,No,No
coin,Lincoln Cents,One Cent,2006,D,,Yes,No,No,No
coin,Lincoln Cents,One Cent,2006,D,Satin Finish,Yes,No,No,No
coin,Lincoln Cents,One Cent,2006,S,,Yes,No,No,No
coin,Lincoln Cents,One Cent,2007,P,,Yes,No,No,No
coin,Lincoln Cents,One Cent,2007,P,Satin Finish,Yes,No,No,No
coin,Lincoln Cents,One Cent,2007,D,,Yes,No,No,No
coin,Lincoln Cents,One Cent,2007,D,Satin Finish,Yes,No,No,No
coin,Lincoln Cents,One Cent,2007,S,,Yes,No,No,No
coin,Lincoln Cents,One Cent,2008,P,,Yes,No,No,No
coin,Lincoln Cents,One Cent,2008,P,Satin Finish,Yes,No,No,No
coin,Lincoln Cents,One Cent,2008,D,,Yes,No,No,No
coin,Lincoln Cents,One Cent,2008,D,Satin Finish,Yes,No,No,No
coin,Lincoln Cents,One Cent,2008,S,,Yes,No,No,No
coin,Lincoln Cents,One Cent,1934,P,,Yes,No,No,No
coin,Lincoln Cents,One Cent,1934,D,,Yes,No,No,No
coin,Lincoln Cents,One Cent,1935,P,,Yes,No,No,No
coin,Lincoln Cents,One Cent,1935,D,,Yes,No,No,No
coin,Lincoln Cents,One Cent,1935,S,,Yes,No,No,No
coin,Lincoln Cents,One Cent,1936,P,,Yes,No,No,No
coin,Lincoln Cents,One Cent,1936,P,Doubled Die Obverse,Yes,No,No,No
coin,Lincoln Cents,One Cent,1936,D,,Yes,No,No,No
coin,Lincoln Cents,One Cent,1936,S,,Yes,No,No,No
coin,Lincoln Cents,One Cent,1937,P,,Yes,No,No,No
coin,Lincoln Cents,One Cent,1937,D,,Yes,No,No,No
coin,Lincoln Cents,One Cent,1937,S,,Yes,No,No,No
coin,Lincoln Cents,One Cent,1938,P,,Yes,No,No,No
coin,Lincoln Cents,One Cent,1938,D,,Yes,No,No,No
coin,Lincoln Cents,One Cent,1938,D,D over S,Yes,No,No,No
coin,Lincoln Cents,One Cent,1938,S,,Yes,No,No,No
coin,Lincoln Cents,One Cent,1939,P,,Yes,No,No,No
coin,Lincoln Cents,One Cent,1939,P,Doubled Die Reverse,Yes,No,No,No
coin,Lincoln Cents,One Cent,1939,D,,Yes,No,No,No
coin,Lincoln Cents,One Cent,1939,S,,Yes,No,No,No
coin,Lincoln Cents,One Cent,1940,P,,Yes,No,No,No
coin,Lincoln Cents,One Cent,1940,D,,Yes,No,No,No
coin,Lincoln Cents,One Cent,1940,S,,Yes,No,No,No
coin,Lincoln Cents,One Cent,1941,P,,Yes,No,No,No
coin,Lincoln Cents,One Cent,1941,P,Doubled Die Obverse,Yes,No,No,No
coin,Lincoln Cents,One Cent,1941,D,,Yes,No,No,No
coin,Lincoln Cents,One Cent,1941,S,,Yes,No,No,No
coin,Lincoln Cents,One Cent,1941,S,Small S,Yes,No,No,No
coin,Lincoln Cents,One Cent,1941,S,Large S,Yes,No,No,No
coin,Lincoln Cents,One Cent,1942,P,,Yes,No,No,No
coin,Lincoln Cents,One Cent,1942,D,,Yes,No,No,No
coin,Lincoln Cents,One Cent,1942,D,D over Horizontal D,Yes,No,No,No
coin,Lincoln Cents,One Cent,1942,S,,Yes,No,No,No
coin,Lincoln Cents,One Cent,1943,P,,Yes,No,No,No
coin,Lincoln Cents,One Cent,1944,P,,Yes,No,No,No
coin,Lincoln Cents,One Cent,1944,D,,Yes,No,No,No
coin,Lincoln Cents,One Cent,1944,D,D over S,Yes,No,No,No
coin,Lincoln Cents,One Cent,1944,S,,Yes,No,No,No
coin,Lincoln Cents,One Cent,1944,S,S over D,Yes,No,No,No
coin,Lincoln Cents,One Cent,1945,P,,Yes,No,No,No
coin,Lincoln Cents,One Cent,1945,D,,Yes,No,No,No
coin,Lincoln Cents,One Cent,1945,S,,Yes,No,No,No
coin,Lincoln Cents,One Cent,1945,S,Micro S,Yes,No,No,No
coin,Lincoln Cents,One Cent,1946,P,,Yes,No,No,No
coin,Lincoln Cents,One Cent,1946,D,,Yes,No,No,No
coin,Lincoln Cents,One Cent,1946,S,,Yes,No,No,No
coin,Lincoln Cents,One Cent,1946,S,S over D,Yes,No,No,No
coin,Lincoln Cents,One Cent,1947,P,,Yes,No,No,No
coin,Lincoln Cents,One Cent,1947,D,,Yes,No,No,No
coin,Lincoln Cents,One Cent,1947,S,,Yes,No,No,No
coin,Lincoln Cents,One Cent,1948,P,,Yes,No,No,No
coin,Lincoln Cents,One Cent,1948,D,,Yes,No,No,No
coin,Lincoln Cents,One Cent,1948,S,,Yes,No,No,No
coin,Lincoln Cents,One Cent,1949,P,,Yes,No,No,No
coin,Lincoln Cents,One Cent,1949,D,,Yes,No,No,No
coin,Lincoln Cents,One Cent,1949,S,,Yes,No,No,No
coin,Lincoln Cents,One Cent,1950,P,,Yes,No,No,No
coin,Lincoln Cents,One Cent,1950,D,,Yes,No,No,No
coin,Lincoln Cents,One Cent,1950,S,,Yes,No,No,No
coin,Lincoln Cents,One Cent,1950,S,S over D,Yes,No,No,No
coin,Lincoln Cents,One Cent,1951,P,,Yes,No,No,No
coin,Lincoln Cents,One Cent,1951,D,,Yes,No,No,No
coin,Lincoln Cents,One Cent,1951,D,D over S,Yes,No,No,No
coin,Lincoln Cents,One Cent,1951,S,,Yes,No,No,No
coin,Lincoln Cents,One Cent,1952,P,,Yes,No,No,No
coin,Lincoln Cents,One Cent,1952,D,,Yes,No,No,No
coin,Lincoln Cents,One Cent,1952,D,D over S,Yes,No,No,No
coin,Lincoln Cents,One Cent,1952,S,,Yes,No,No,No
coin,Lincoln Cents,One Cent,1953,P,,Yes,No,No,No
coin,Lincoln Cents,One Cent,1953,D,,Yes,No,No,No
coin,Lincoln Cents,One Cent,1953,S,,Yes,No,No,No
coin,Lincoln Cents,One Cent,1954,P,,Yes,No,No,No
coin,Lincoln Cents,One Cent,1954,D,,Yes,No,No,No
coin,Lincoln Cents,One Cent,1954,S,,Yes,No,No,No
coin,Lincoln Cents,One Cent,1955,P,,Yes,No,No,No
coin,Lincoln Cents,One Cent,1955,P,Doubled Die Obverse,Yes,No,No,No
coin,Lincoln Cents,One Cent,1955,D,,Yes,No,No,No
coin,Lincoln Cents,One Cent,1955,S,,Yes,No,No,No
coin,Lincoln Cents,One Cent,1956,P,,Yes,No,No,No
coin,Lincoln Cents,One Cent,1956,D,,Yes,No,No,No
coin,Lincoln Cents,One Cent,1956,D,D over Inverted D,Yes,No,No,No
coin,Lincoln Cents,One Cent,1957,P,,Yes,No,No,No
coin,Lincoln Cents,One Cent,1957,D,,Yes,No,No,No
coin,Lincoln Cents,One Cent,1958,P,,Yes,No,No,No
coin,Lincoln Cents,One Cent,1958,P,Doubled Die Obverse,Yes,No,No,No
coin,Lincoln Cents,One Cent,1958,D,,Yes,No,No,No
coin,Lincoln Cents,One Cent,2009,P,,Yes,No,No,No
coin,Lincoln Cents,One Cent,2009,D,,Yes,No,No,No
coin,Lincoln Cents,One Cent,2009,D,Formative Years Doubled Die Reverse,Yes,No,No,No
coin,Lincoln Cents,One Cent,2009,S,,Yes,No,No,No
coin,Lincoln Cents,One Cent,2010,P,,Yes,No,No,No
coin,Lincoln Cents,One Cent,2010,D,,Yes,No,No,No
coin,Lincoln Cents,One Cent,2010,S,,Yes,No,No,No
coin,Lincoln Cents,One Cent,2011,P,,Yes,No,No,No
coin,Lincoln Cents,One Cent,2011,P,Doubled Die Obverse,Yes,No,No,No
coin,Lincoln Cents,One Cent,2011,D,,Yes,No,No,No
coin,Lincoln Cents,One Cent,2011,S,,Yes,No,No,No
coin,Lincoln Cents,One Cent,2012,P,,Yes,No,No,No
coin,Lincoln Cents,One Cent,2012,D,,Yes,No,No,No
coin,Lincoln Cents,One Cent,2012,S,,Yes,No,No,No
coin,Lincoln Cents,One Cent,2013,P,,Yes,No,No,No
coin,Lincoln Cents,One Cent,2013,D,,Yes,No,No,No
coin,Lincoln Cents,One Cent,2013,S,,Yes,No,No,No
coin,Lincoln Cents,One Cent,2014,P,,Yes,No,No,No
coin,Lincoln Cents,One Cent,2014,D,,Yes,No,No,No
coin,Lincoln Cents,One Cent,2014,D,Doubled Die Obverse,Yes,No,No,No
coin,Lincoln Cents,One Cent,2014,S,,Yes,No,No,No
coin,Lincoln Cents,One Cent,2015,P,,Yes,No,No,No
coin,Lincoln Cents,One Cent,2015,P,Doubled Die Obverse,Yes,No,No,No
coin,Lincoln Cents,One Cent,2015,D,,Yes,No,No,No
coin,Lincoln Cents,One Cent,2015,S,,Yes,No,No,No
coin,Lincoln Cents,One Cent,2016,P,,Yes,No,No,No
coin,Lincoln Cents,One Cent,2016,D,,Yes,No,No,No
coin,Lincoln Cents,One Cent,2016,S,,Yes,No,No,No
coin,Lincoln Cents,One Cent,2017,P,,Yes,No,No,No
coin,Lincoln Cents,One Cent,2017,D,,Yes,No,No,No
coin,Lincoln Cents,One Cent,2017,S,,Yes,No,No,No
coin,Lincoln Cents,One Cent,2018,P,,Yes,No,No,No
coin,Lincoln Cents,One Cent,2018,D,,Yes,No,No,No
coin,Lincoln Cents,One Cent,2018,S,,Yes,No,No,No
coin,Lincoln Cents,One Cent,2019,P,,Yes,No,No,No
coin,Lincoln Cents,One Cent,2019,D,,Yes,No,No,No
coin,Lincoln Cents,One Cent,2019,S,,Yes,No,No,No
coin,Lincoln Cents,One Cent,2019,W,,Yes,No,No,No
coin,Lincoln Cents,One Cent,2020,P,,Yes,No,No,No
coin,Lincoln Cents,One Cent,2020,D,,Yes,No,No,No
coin,Lincoln Cents,One Cent,2020,S,,Yes,No,No,No
coin,Lincoln Cents,One Cent,2021,P,,Yes,No,No,No
coin,Lincoln Cents,One Cent,2021,D,,Yes,No,No,No
coin,Lincoln Cents,One Cent,2021,S,,Yes,No,No,No
coin,Lincoln Cents,One Cent,2022,P,,Yes,No,No,No
coin,Lincoln Cents,One Cent,2022,D,,Yes,No,No,No
coin,Lincoln Cents,One Cent,2022,S,,Yes,No,No,No
coin,Lincoln Cents,One Cent,2023,P,,Yes,No,No,No
coin,Lincoln Cents,One Cent,2023,P,Extra V.D.B.,Yes,No,No,No
coin,Lincoln Cents,One Cent,2023,D,,Yes,No,No,No
coin,Lincoln Cents,One Cent,2023,S,,Yes,No,No,No
coin,Lincoln Cents,One Cent,2024,P,,Yes,No,No,No
coin,Lincoln Cents,One Cent,2024,D,,Yes,No,No,No
coin,Lincoln Cents,One Cent,2024,S,,Yes,No,No,No
coin,Lincoln Cents,One Cent,2025,P,,Yes,No,No,No
coin,Lincoln Cents,One Cent,2025,D,,Yes,No,No,No
coin,Lincoln Cents,One Cent,2025,S,,Yes,No,No,No
coin,Lincoln Cents,One Cent,2026,P,Liberty Bell 250 Privy Mark,Yes,No,No,No
coin,Lincoln Cents,One Cent,2026,D,Liberty Bell 250 Privy Mark,Yes,No,No,No
coin,Lincoln Cents,One Cent,2026,S,Liberty Bell 250 Privy Mark Proof,Yes,No,No,No
coin,Lincoln Cents,One Cent,2026,W,Liberty Bell 250 Privy Mark,Yes,No,No,No
coin,Lincoln Cents,One Cent,1959,P,,Yes,No,No,No
coin,Lincoln Cents,One Cent,1959,D,,Yes,No,No,No
coin,Lincoln Cents,One Cent,1960,P,,Yes,No,No,No
coin,Lincoln Cents,One Cent,1960,P,Small Date,Yes,No,No,No
coin,Lincoln Cents,One Cent,1961,P,,Yes,No,No,No
coin,Lincoln Cents,One Cent,1961,D,,Yes,No,No,No
coin,Lincoln Cents,One Cent,1961,D,D over Horizontal D,Yes,No,No,No
coin,Lincoln Cents,One Cent,1962,P,,Yes,No,No,No
coin,Lincoln Cents,One Cent,1962,D,,Yes,No,No,No
coin,Lincoln Cents,One Cent,1963,P,,Yes,No,No,No
coin,Lincoln Cents,One Cent,1963,D,,Yes,No,No,No
coin,Lincoln Cents,One Cent,1964,P,,Yes,No,No,No
coin,Lincoln Cents,One Cent,1964,D,,Yes,No,No,No
coin,Lincoln Cents,One Cent,1965,P,,Yes,No,No,No
coin,Lincoln Cents,One Cent,1966,P,,Yes,No,No,No
coin,Lincoln Cents,One Cent,1967,P,,Yes,No,No,No
coin,Lincoln Cents,One Cent,1968,P,,Yes,No,No,No
coin,Lincoln Cents,One Cent,1968,D,,Yes,No,No,No
coin,Lincoln Cents,One Cent,1968,S,,Yes,No,No,No
coin,Lincoln Cents,One Cent,1969,P,,Yes,No,No,No
coin,Lincoln Cents,One Cent,1969,D,,Yes,No,No,No
coin,Lincoln Cents,One Cent,1969,S,,Yes,No,No,No
coin,Lincoln Cents,One Cent,1970,P,,Yes,No,No,No
coin,Lincoln Cents,One Cent,1970,D,,Yes,No,No,No
coin,Lincoln Cents,One Cent,1970,S,,Yes,No,No,No
coin,Lincoln Cents,One Cent,1970,S,Small Date,Yes,No,No,No
coin,Lincoln Cents,One Cent,1971,P,,Yes,No,No,No
coin,Lincoln Cents,One Cent,1971,P,Doubled Die Obverse,Yes,No,No,No
coin,Lincoln Cents,One Cent,1971,D,,Yes,No,No,No
coin,Lincoln Cents,One Cent,1971,S,,Yes,No,No,No
coin,Lincoln Cents,One Cent,1971,S,Doubled Die Obverse,Yes,No,No,No
coin,Lincoln Cents,One Cent,1972,P,,Yes,No,No,No
coin,Lincoln Cents,One Cent,1972,P,Doubled Die Obverse,Yes,No,No,No
coin,Lincoln Cents,One Cent,1972,D,,Yes,No,No,No
coin,Lincoln Cents,One Cent,1972,S,,Yes,No,No,No
coin,Lincoln Cents,One Cent,1973,P,,Yes,No,No,No
coin,Lincoln Cents,One Cent,1973,D,,Yes,No,No,No
coin,Lincoln Cents,One Cent,1973,S,,Yes,No,No,No
coin,Lincoln Cents,One Cent,1974,P,,Yes,No,No,No
coin,Lincoln Cents,One Cent,1974,D,,Yes,No,No,No
coin,Lincoln Cents,One Cent,1974,S,,Yes,No,No,No
coin,Lincoln Cents,One Cent,1975,P,,Yes,No,No,No
coin,Lincoln Cents,One Cent,1975,D,,Yes,No,No,No
coin,Lincoln Cents,One Cent,1975,S,,Yes,No,No,No
coin,Lincoln Cents,One Cent,1976,P,,Yes,No,No,No
coin,Lincoln Cents,One Cent,1976,D,,Yes,No,No,No
coin,Lincoln Cents,One Cent,1976,S,,Yes,No,No,No
coin,Lincoln Cents,One Cent,1977,P,,Yes,No,No,No
coin,Lincoln Cents,One Cent,1977,D,,Yes,No,No,No
coin,Lincoln Cents,One Cent,1977,S,,Yes,No,No,No
coin,Lincoln Cents,One Cent,1978,P,,Yes,No,No,No
coin,Lincoln Cents,One Cent,1978,D,,Yes,No,No,No
coin,Lincoln Cents,One Cent,1978,S,,Yes,No,No,No
coin,Lincoln Cents,One Cent,1979,P,,Yes,No,No,No
coin,Lincoln Cents,One Cent,1979,D,,Yes,No,No,No
coin,Lincoln Cents,One Cent,1979,S,,Yes,No,No,No
coin,Lincoln Cents,One Cent,1979,S,Type 2 Clear S,Yes,No,No,No
coin,Lincoln Cents,One Cent,1980,P,,Yes,No,No,No
coin,Lincoln Cents,One Cent,1980,D,,Yes,No,No,No
coin,Lincoln Cents,One Cent,1980,S,,Yes,No,No,No
coin,Lincoln Cents,One Cent,1981,P,,Yes,No,No,No
coin,Lincoln Cents,One Cent,1981,D,,Yes,No,No,No
coin,Lincoln Cents,One Cent,1981,S,,Yes,No,No,No
coin,Lincoln Cents,One Cent,1981,S,Type 2 Clear S,Yes,No,No,No
coin,Lincoln Cents,One Cent,1982,P,,Yes,No,No,No
coin,Lincoln Cents,One Cent,1982,P,Copper Small Date,Yes,No,No,No
coin,Lincoln Cents,One Cent,1982,P,Zinc Large Date,Yes,No,No,No
coin,Lincoln Cents,One Cent,1982,P,Zinc Small Date,Yes,No,No,No
coin,Lincoln Cents,One Cent,1982,S,,Yes,No,No,No
coin,Lincoln Cents,One Cent,1983,P,,Yes,No,No,No
coin,Lincoln Cents,One Cent,1983,P,Doubled Die Reverse,Yes,No,No,No
coin,Lincoln Cents,One Cent,1983,D,,Yes,No,No,No
coin,Lincoln Cents,One Cent,1983,S,,Yes,No,No,No
coin,Lincoln Wheat Pennies,One Cent,2024,P,,Yes,No,No,No
coin,Lincoln Wheat Pennies,One Cent,2024,D,,Yes,No,No,No
coin,Lincoln Wheat Pennies,One Cent,2024,S,,Yes,No,No,No
coin,Lincoln Wheat Pennies,One Cent,2026,P,Liberty Bell 250 Privy Mark,Yes,No,No,No
coin,Lincoln Wheat Pennies,One Cent,2026,D,Liberty Bell 250 Privy Mark,Yes,No,No,No
coin,Lincoln Wheat Pennies,One Cent,2026,S,Proof - Liberty Bell 250 Privy Mark,Yes,No,No,No
coin,Lincoln Wheat Pennies,One Cent,2026,W,Uncirculated - Liberty Bell 250 Privy Mark,Yes,No,No,No
coin,Lincoln Wheat Pennies,One Cent,1909,P,,Yes,No,No,No
coin,Lincoln Wheat Pennies,One Cent,1909,P,Doubled Die Obverse,Yes,No,No,No
coin,Lincoln Wheat Pennies,One Cent,1909,S,,Yes,No,No,No
coin,Lincoln Wheat Pennies,One Cent,1909,S,Horizontal S,Yes,No,No,No
coin,Lincoln Wheat Pennies,One Cent,1909,S,Doubled Die Obverse,Yes,No,No,No
coin,Lincoln Wheat Pennies,One Cent,1910,P,,Yes,No,No,No
coin,Lincoln Wheat Pennies,One Cent,1910,S,,Yes,No,No,No
coin,Lincoln Wheat Pennies,One Cent,1911,P,,Yes,No,No,No
coin,Lincoln Wheat Pennies,One Cent,1911,D,,Yes,No,No,No
coin,Lincoln Wheat Pennies,One Cent,1911,D,D over D,Yes,No,No,No
coin,Lincoln Wheat Pennies,One Cent,1911,S,,Yes,No,No,No
coin,Lincoln Wheat Pennies,One Cent,1911,S,S over S,Yes,No,No,No
coin,Lincoln Wheat Pennies,One Cent,1912,P,,Yes,No,No,No
coin,Lincoln Wheat Pennies,One Cent,1912,D,,Yes,No,No,No
coin,Lincoln Wheat Pennies,One Cent,1912,S,,Yes,No,No,No
coin,Lincoln Wheat Pennies,One Cent,1913,P,,Yes,No,No,No
coin,Lincoln Wheat Pennies,One Cent,1913,D,,Yes,No,No,No
coin,Lincoln Wheat Pennies,One Cent,1913,S,,Yes,No,No,No
coin,Lincoln Wheat Pennies,One Cent,1914,P,,Yes,No,No,No
coin,Lincoln Wheat Pennies,One Cent,1914,D,,Yes,No,No,No
coin,Lincoln Wheat Pennies,One Cent,1914,S,,Yes,No,No,No
coin,Lincoln Wheat Pennies,One Cent,1915,P,,Yes,No,No,No
coin,Lincoln Wheat Pennies,One Cent,1915,D,,Yes,No,No,No
coin,Lincoln Wheat Pennies,One Cent,1915,S,,Yes,No,No,No
coin,Lincoln Wheat Pennies,One Cent,1916,P,,Yes,No,No,No
coin,Lincoln Wheat Pennies,One Cent,1916,P,Doubled Die Obverse,Yes,No,No,No
coin,Lincoln Wheat Pennies,One Cent,1916,D,,Yes,No,No,No
coin,Lincoln Wheat Pennies,One Cent,1916,S,,Yes,No,No,No
coin,Lincoln Wheat Pennies,One Cent,1917,P,,Yes,No,No,No
coin,Lincoln Wheat Pennies,One Cent,1917,P,Doubled Die Obverse,Yes,No,No,No
coin,Lincoln Wheat Pennies,One Cent,1917,D,,Yes,No,No,No
coin,Lincoln Wheat Pennies,One Cent,1917,S,,Yes,No,No,No
coin,Lincoln Wheat Pennies,One Cent,1918,P,,Yes,No,No,No
coin,Lincoln Wheat Pennies,One Cent,1918,D,,Yes,No,No,No
coin,Lincoln Wheat Pennies,One Cent,1918,S,,Yes,No,No,No
coin,Lincoln Wheat Pennies,One Cent,1919,P,,Yes,No,No,No
coin,Lincoln Wheat Pennies,One Cent,1919,D,,Yes,No,No,No
coin,Lincoln Wheat Pennies,One Cent,1919,S,,Yes,No,No,No
coin,Lincoln Wheat Pennies,One Cent,1920,P,,Yes,No,No,No
coin,Lincoln Wheat Pennies,One Cent,1920,D,,Yes,No,No,No
coin,Lincoln Wheat Pennies,One Cent,1920,S,,Yes,No,No,No
coin,Lincoln Wheat Pennies,One Cent,1921,P,,Yes,No,No,No
coin,Lincoln Wheat Pennies,One Cent,1921,S,,Yes,No,No,No
coin,Lincoln Wheat Pennies,One Cent,1922,D,,Yes,No,No,No
coin,Lincoln Wheat Pennies,One Cent,1922,D,"No D, Strong Reverse",Yes,No,No,No
coin,Lincoln Wheat Pennies,One Cent,1922,D,Weak D,Yes,No,No,No
coin,Lincoln Wheat Pennies,One Cent,1922,P,,Yes,No,No,No
coin,Lincoln Wheat Pennies,One Cent,1923,P,,Yes,No,No,No
coin,Lincoln Wheat Pennies,One Cent,1923,S,,Yes,No,No,No
coin,Lincoln Wheat Pennies,One Cent,1924,P,,Yes,No,No,No
coin,Lincoln Wheat Pennies,One Cent,1924,D,,Yes,No,No,No
coin,Lincoln Wheat Pennies,One Cent,1924,S,,Yes,No,No,No
coin,Lincoln Wheat Pennies,One Cent,1925,P,,Yes,No,No,No
coin,Lincoln Wheat Pennies,One Cent,1925,D,,Yes,No,No,No
coin,Lincoln Wheat Pennies,One Cent,1925,S,,Yes,No,No,No
coin,Lincoln Wheat Pennies,One Cent,1926,P,,Yes,No,No,No
coin,Lincoln Wheat Pennies,One Cent,1926,D,,Yes,No,No,No
coin,Lincoln Wheat Pennies,One Cent,1926,S,,Yes,No,No,No
coin,Lincoln Wheat Pennies,One Cent,1927,P,,Yes,No,No,No
coin,Lincoln Wheat Pennies,One Cent,1927,D,,Yes,No,No,No
coin,Lincoln Wheat Pennies,One Cent,1927,S,,Yes,No,No,No
coin,Lincoln Wheat Pennies,One Cent,1928,P,,Yes,No,No,No
coin,Lincoln Wheat Pennies,One Cent,1928,D,,Yes,No,No,No
coin,Lincoln Wheat Pennies,One Cent,1928,S,,Yes,No,No,No
coin,Lincoln Wheat Pennies,One Cent,1928,S,Small S,Yes,No,No,No
coin,Lincoln Wheat Pennies,One Cent,1929,P,,Yes,No,No,No
coin,Lincoln Wheat Pennies,One Cent,1929,D,,Yes,No,No,No
coin,Lincoln Wheat Pennies,One Cent,1929,S,,Yes,No,No,No
coin,Lincoln Wheat Pennies,One Cent,1930,P,,Yes,No,No,No
coin,Lincoln Wheat Pennies,One Cent,1930,D,,Yes,No,No,No
coin,Lincoln Wheat Pennies,One Cent,1930,S,,Yes,No,No,No
coin,Lincoln Wheat Pennies,One Cent,1931,P,,Yes,No,No,No
coin,Lincoln Wheat Pennies,One Cent,1931,D,,Yes,No,No,No
coin,Lincoln Wheat Pennies,One Cent,1931,S,,Yes,No,No,No
coin,Lincoln Wheat Pennies,One Cent,1932,P,,Yes,No,No,No
coin,Lincoln Wheat Pennies,One Cent,1932,D,,Yes,No,No,No
coin,Lincoln Wheat Pennies,One Cent,1933,P,,Yes,No,No,No
coin,Lincoln Wheat Pennies,One Cent,1933,D,,Yes,No,No,No
coin,Lincoln Memorial Cents,One Cent,2024,P,,Yes,No,No,No
coin,Lincoln Memorial Cents,One Cent,2024,D,,Yes,No,No,No
coin,Lincoln Memorial Cents,One Cent,2024,S,,Yes,No,No,No
coin,Lincoln Memorial Cents,One Cent,2026,P,Liberty Bell 250 Privy Mark,Yes,No,No,No
coin,Lincoln Memorial Cents,One Cent,2026,D,Liberty Bell 250 Privy Mark,Yes,No,No,No
coin,Lincoln Memorial Cents,One Cent,2026,S,Proof - Liberty Bell 250 Privy Mark,Yes,No,No,No
coin,Lincoln Memorial Cents,One Cent,2026,W,Liberty Bell 250 Privy Mark,Yes,No,No,No
coin,Liberty Head (V) Nickels,Five Cents,1883,P,,Yes,No,No,No
coin,Liberty Head (V) Nickels,Five Cents,1883,P,With CENTS,Yes,No,No,No
coin,Liberty Head (V) Nickels,Five Cents,1884,P,,Yes,No,No,No
coin,Liberty Head (V) Nickels,Five Cents,1885,P,,Yes,No,No,No
coin,Liberty Head (V) Nickels,Five Cents,1886,P,,Yes,No,No,No
coin,Liberty Head (V) Nickels,Five Cents,1887,P,,Yes,No,No,No
coin,Liberty Head (V) Nickels,Five Cents,1887,P,1887/6,Yes,No,No,No
coin,Liberty Head (V) Nickels,Five Cents,1888,P,,Yes,No,No,No
coin,Liberty Head (V) Nickels,Five Cents,1889,P,,Yes,No,No,No
coin,Liberty Head (V) Nickels,Five Cents,1890,P,,Yes,No,No,No
coin,Liberty Head (V) Nickels,Five Cents,1891,P,,Yes,No,No,No
coin,Liberty Head (V) Nickels,Five Cents,1892,P,,Yes,No,No,No
coin,Liberty Head (V) Nickels,Five Cents,1893,P,,Yes,No,No,No
coin,Liberty Head (V) Nickels,Five Cents,1894,P,,Yes,No,No,No
coin,Liberty Head (V) Nickels,Five Cents,1895,P,,Yes,No,No,No
coin,Liberty Head (V) Nickels,Five Cents,1896,P,,Yes,No,No,No
coin,Liberty Head (V) Nickels,Five Cents,1897,P,,Yes,No,No,No
coin,Liberty Head (V) Nickels,Five Cents,1898,P,,Yes,No,No,No
coin,Liberty Head (V) Nickels,Five Cents,1899,P,,Yes,No,No,No
coin,Liberty Head (V) Nickels,Five Cents,1900,P,,Yes,No,No,No
coin,Liberty Head (V) Nickels,Five Cents,1901,P,,Yes,No,No,No
coin,Liberty Head (V) Nickels,Five Cents,1902,P,,Yes,No,No,No
coin,Liberty Head (V) Nickels,Five Cents,1903,P,,Yes,No,No,No
coin,Liberty Head (V) Nickels,Five Cents,1904,P,,Yes,No,No,No
coin,Liberty Head (V) Nickels,Five Cents,1905,P,,Yes,No,No,No
coin,Liberty Head (V) Nickels,Five Cents,1906,P,,Yes,No,No,No
coin,Liberty Head (V) Nickels,Five Cents,1907,P,,Yes,No,No,No
coin,Lincoln Memorial Cents,One Cent,1984,P,,Yes,No,No,No
coin,Lincoln Memorial Cents,One Cent,1984,P,Doubled Die Obverse,Yes,No,No,No
coin,Lincoln Memorial Cents,One Cent,1984,D,,Yes,No,No,No
coin,Lincoln Memorial Cents,One Cent,1984,S,,Yes,No,No,No
coin,Lincoln Memorial Cents,One Cent,1985,P,,Yes,No,No,No
coin,Lincoln Memorial Cents,One Cent,1985,D,,Yes,No,No,No
coin,Lincoln Memorial Cents,One Cent,1985,S,,Yes,No,No,No
coin,Lincoln Memorial Cents,One Cent,1986,P,,Yes,No,No,No
coin,Lincoln Memorial Cents,One Cent,1986,D,,Yes,No,No,No
coin,Lincoln Memorial Cents,One Cent,1986,S,,Yes,No,No,No
coin,Lincoln Memorial Cents,One Cent,1987,P,,Yes,No,No,No
coin,Lincoln Memorial Cents,One Cent,1987,D,,Yes,No,No,No
coin,Lincoln Memorial Cents,One Cent,1987,S,,Yes,No,No,No
coin,Lincoln Memorial Cents,One Cent,1988,P,,Yes,No,No,No
coin,Lincoln Memorial Cents,One Cent,1988,P,Reverse of 1989,Yes,No,No,No
coin,Lincoln Memorial Cents,One Cent,1988,D,,Yes,No,No,No
coin,Lincoln Memorial Cents,One Cent,1988,D,Reverse of 1989,Yes,No,No,No
coin,Lincoln Memorial Cents,One Cent,1988,S,,Yes,No,No,No
coin,Lincoln Memorial Cents,One Cent,1989,P,,Yes,No,No,No
coin,Lincoln Memorial Cents,One Cent,1989,D,,Yes,No,No,No
coin,Lincoln Memorial Cents,One Cent,1989,S,,Yes,No,No,No
coin,Lincoln Memorial Cents,One Cent,1990,P,,Yes,No,No,No
coin,Lincoln Memorial Cents,One Cent,1990,D,,Yes,No,No,No
coin,Lincoln Memorial Cents,One Cent,1990,S,,Yes,No,No,No
coin,Lincoln Memorial Cents,One Cent,1990,S,No S,Yes,No,No,No
coin,Lincoln Memorial Cents,One Cent,1991,P,,Yes,No,No,No
coin,Lincoln Memorial Cents,One Cent,1991,D,,Yes,No,No,No
coin,Lincoln Memorial Cents,One Cent,1991,S,,Yes,No,No,No
coin,Lincoln Memorial Cents,One Cent,1992,P,,Yes,No,No,No
coin,Lincoln Memorial Cents,One Cent,1992,P,Close AM,Yes,No,No,No
coin,Lincoln Memorial Cents,One Cent,1992,D,,Yes,No,No,No
coin,Lincoln Memorial Cents,One Cent,1992,D,Close AM,Yes,No,No,No
coin,Lincoln Memorial Cents,One Cent,1992,S,,Yes,No,No,No
coin,Lincoln Memorial Cents,One Cent,1993,P,,Yes,No,No,No
coin,Lincoln Memorial Cents,One Cent,1993,D,,Yes,No,No,No
coin,Lincoln Memorial Cents,One Cent,1993,S,,Yes,No,No,No
coin,Lincoln Memorial Cents,One Cent,1994,P,,Yes,No,No,No
coin,Lincoln Memorial Cents,One Cent,1994,D,,Yes,No,No,No
coin,Lincoln Memorial Cents,One Cent,1994,S,,Yes,No,No,No
coin,Lincoln Memorial Cents,One Cent,1995,P,,Yes,No,No,No
coin,Lincoln Memorial Cents,One Cent,1995,P,Doubled Die Obverse,Yes,No,No,No
coin,Lincoln Memorial Cents,One Cent,1995,D,,Yes,No,No,No
coin,Lincoln Memorial Cents,One Cent,1995,S,,Yes,No,No,No
coin,Lincoln Memorial Cents,One Cent,1996,P,,Yes,No,No,No
coin,Lincoln Memorial Cents,One Cent,1996,D,,Yes,No,No,No
coin,Lincoln Memorial Cents,One Cent,1996,S,,Yes,No,No,No
coin,Lincoln Memorial Cents,One Cent,1997,P,,Yes,No,No,No
coin,Lincoln Memorial Cents,One Cent,1997,P,Doubled Die Obverse,Yes,No,No,No
coin,Lincoln Memorial Cents,One Cent,1997,D,,Yes,No,No,No
coin,Lincoln Memorial Cents,One Cent,1997,S,,Yes,No,No,No
coin,Lincoln Memorial Cents,One Cent,1998,P,,Yes,No,No,No
coin,Lincoln Memorial Cents,One Cent,1998,P,Wide AM,Yes,No,No,No
coin,Lincoln Memorial Cents,One Cent,1998,D,,Yes,No,No,No
coin,Lincoln Memorial Cents,One Cent,1998,S,,Yes,No,No,No
coin,Lincoln Memorial Cents,One Cent,1998,S,Close AM,Yes,No,No,No
coin,Lincoln Memorial Cents,One Cent,1999,P,,Yes,No,No,No
coin,Lincoln Memorial Cents,One Cent,1999,P,Wide AM,Yes,No,No,No
coin,Lincoln Memorial Cents,One Cent,1999,D,,Yes,No,No,No
coin,Lincoln Memorial Cents,One Cent,1999,S,,Yes,No,No,No
coin,Lincoln Memorial Cents,One Cent,1999,S,Close AM,Yes,No,No,No
coin,Lincoln Memorial Cents,One Cent,2000,P,,Yes,No,No,No
coin,Lincoln Memorial Cents,One Cent,2000,P,Wide AM,Yes,No,No,No
coin,Lincoln Memorial Cents,One Cent,2000,D,,Yes,No,No,No
coin,Lincoln Memorial Cents,One Cent,2000,S,,Yes,No,No,No
coin,Lincoln Memorial Cents,One Cent,2000,S,Close AM,Yes,No,No,No
coin,Lincoln Memorial Cents,One Cent,2001,P,,Yes,No,No,No
coin,Lincoln Memorial Cents,One Cent,2001,D,,Yes,No,No,No
coin,Lincoln Memorial Cents,One Cent,2001,S,,Yes,No,No,No
coin,Lincoln Memorial Cents,One Cent,2002,P,,Yes,No,No,No
coin,Lincoln Memorial Cents,One Cent,2002,D,,Yes,No,No,No
coin,Lincoln Memorial Cents,One Cent,2002,S,,Yes,No,No,No
coin,Lincoln Memorial Cents,One Cent,2003,P,,Yes,No,No,No
coin,Lincoln Memorial Cents,One Cent,2003,D,,Yes,No,No,No
coin,Lincoln Memorial Cents,One Cent,2003,S,,Yes,No,No,No
coin,Lincoln Memorial Cents,One Cent,2004,P,,Yes,No,No,No
coin,Lincoln Memorial Cents,One Cent,2004,D,,Yes,No,No,No
coin,Lincoln Memorial Cents,One Cent,2004,S,,Yes,No,No,No
coin,Lincoln Memorial Cents,One Cent,2005,P,,Yes,No,No,No
coin,Lincoln Memorial Cents,One Cent,2005,D,,Yes,No,No,No
coin,Lincoln Memorial Cents,One Cent,2005,S,,Yes,No,No,No
coin,Lincoln Memorial Cents,One Cent,2006,P,,Yes,No,No,No
coin,Lincoln Memorial Cents,One Cent,2006,P,Doubled Die Obverse,Yes,No,No,No
coin,Lincoln Memorial Cents,One Cent,2006,D,,Yes,No,No,No
coin,Lincoln Memorial Cents,One Cent,2006,S,,Yes,No,No,No
coin,Lincoln Memorial Cents,One Cent,2007,P,,Yes,No,No,No
coin,Lincoln Memorial Cents,One Cent,2007,D,,Yes,No,No,No
coin,Lincoln Memorial Cents,One Cent,2007,S,,Yes,No,No,No
coin,Lincoln Memorial Cents,One Cent,2008,P,,Yes,No,No,No
coin,Lincoln Memorial Cents,One Cent,2008,D,,Yes,No,No,No
coin,Lincoln Memorial Cents,One Cent,2008,S,,Yes,No,No,No
coin,Lincoln Memorial Cents,One Cent,1959,P,,Yes,No,No,No
coin,Lincoln Memorial Cents,One Cent,1959,D,,Yes,No,No,No
coin,Lincoln Memorial Cents,One Cent,1960,P,,Yes,No,No,No
coin,Lincoln Memorial Cents,One Cent,1960,P,Small Date,Yes,No,No,No
coin,Lincoln Memorial Cents,One Cent,1961,P,,Yes,No,No,No
coin,Lincoln Memorial Cents,One Cent,1961,D,,Yes,No,No,No
coin,Lincoln Memorial Cents,One Cent,1961,D,Horizontal D Over D,Yes,No,No,No
coin,Lincoln Memorial Cents,One Cent,1962,P,,Yes,No,No,No
coin,Lincoln Memorial Cents,One Cent,1962,D,,Yes,No,No,No
coin,Lincoln Memorial Cents,One Cent,1963,P,,Yes,No,No,No
coin,Lincoln Memorial Cents,One Cent,1963,D,,Yes,No,No,No
coin,Lincoln Memorial Cents,One Cent,1964,P,,Yes,No,No,No
coin,Lincoln Memorial Cents,One Cent,1964,D,,Yes,No,No,No
coin,Lincoln Memorial Cents,One Cent,1965,P,,Yes,No,No,No
coin,Lincoln Memorial Cents,One Cent,1966,P,,Yes,No,No,No
coin,Lincoln Memorial Cents,One Cent,1967,P,,Yes,No,No,No
coin,Lincoln Memorial Cents,One Cent,1968,P,,Yes,No,No,No
coin,Lincoln Memorial Cents,One Cent,1968,D,,Yes,No,No,No
coin,Lincoln Memorial Cents,One Cent,1968,S,,Yes,No,No,No
coin,Lincoln Memorial Cents,One Cent,1969,P,,Yes,No,No,No
coin,Lincoln Memorial Cents,One Cent,1969,D,,Yes,No,No,No
coin,Lincoln Memorial Cents,One Cent,1969,D,No FG,Yes,No,No,No
coin,Lincoln Memorial Cents,One Cent,1969,S,,Yes,No,No,No
coin,Lincoln Memorial Cents,One Cent,1970,P,,Yes,No,No,No
coin,Lincoln Memorial Cents,One Cent,1970,D,,Yes,No,No,No
coin,Lincoln Memorial Cents,One Cent,1970,S,,Yes,No,No,No
coin,Lincoln Memorial Cents,One Cent,1970,S,Small Date,Yes,No,No,No
coin,Lincoln Memorial Cents,One Cent,1971,P,,Yes,No,No,No
coin,Lincoln Memorial Cents,One Cent,1971,D,,Yes,No,No,No
coin,Lincoln Memorial Cents,One Cent,1971,S,,Yes,No,No,No
coin,Lincoln Memorial Cents,One Cent,1971,S,Doubled Die Obverse,Yes,No,No,No
coin,Lincoln Memorial Cents,One Cent,1972,P,,Yes,No,No,No
coin,Lincoln Memorial Cents,One Cent,1972,P,Doubled Die Obverse,Yes,No,No,No
coin,Lincoln Memorial Cents,One Cent,1972,D,,Yes,No,No,No
coin,Lincoln Memorial Cents,One Cent,1972,S,,Yes,No,No,No
coin,Lincoln Memorial Cents,One Cent,1973,P,,Yes,No,No,No
coin,Lincoln Memorial Cents,One Cent,1973,D,,Yes,No,No,No
coin,Lincoln Memorial Cents,One Cent,1973,S,,Yes,No,No,No
coin,Lincoln Memorial Cents,One Cent,1974,P,,Yes,No,No,No
coin,Lincoln Memorial Cents,One Cent,1974,D,,Yes,No,No,No
coin,Lincoln Memorial Cents,One Cent,1974,S,,Yes,No,No,No
coin,Lincoln Memorial Cents,One Cent,1975,P,,Yes,No,No,No
coin,Lincoln Memorial Cents,One Cent,1975,D,,Yes,No,No,No
coin,Lincoln Memorial Cents,One Cent,1975,S,,Yes,No,No,No
coin,Lincoln Memorial Cents,One Cent,1976,P,,Yes,No,No,No
coin,Lincoln Memorial Cents,One Cent,1976,D,,Yes,No,No,No
coin,Lincoln Memorial Cents,One Cent,1976,S,,Yes,No,No,No
coin,Lincoln Memorial Cents,One Cent,1977,P,,Yes,No,No,No
coin,Lincoln Memorial Cents,One Cent,1977,D,,Yes,No,No,No
coin,Lincoln Memorial Cents,One Cent,1977,S,,Yes,No,No,No
coin,Lincoln Memorial Cents,One Cent,1978,P,,Yes,No,No,No
coin,Lincoln Memorial Cents,One Cent,1978,D,,Yes,No,No,No
coin,Lincoln Memorial Cents,One Cent,1978,S,,Yes,No,No,No
coin,Lincoln Memorial Cents,One Cent,1979,P,,Yes,No,No,No
coin,Lincoln Memorial Cents,One Cent,1979,D,,Yes,No,No,No
coin,Lincoln Memorial Cents,One Cent,1979,S,,Yes,No,No,No
coin,Lincoln Memorial Cents,One Cent,1979,S,Type 2 - Clear S,Yes,No,No,No
coin,Lincoln Memorial Cents,One Cent,1980,P,,Yes,No,No,No
coin,Lincoln Memorial Cents,One Cent,1980,D,,Yes,No,No,No
coin,Lincoln Memorial Cents,One Cent,1980,S,,Yes,No,No,No
coin,Lincoln Memorial Cents,One Cent,1981,P,,Yes,No,No,No
coin,Lincoln Memorial Cents,One Cent,1981,D,,Yes,No,No,No
coin,Lincoln Memorial Cents,One Cent,1981,S,,Yes,No,No,No
coin,Lincoln Memorial Cents,One Cent,1981,S,Type 2 - Clear S,Yes,No,No,No
coin,Lincoln Memorial Cents,One Cent,1982,P,,Yes,No,No,No
coin,Lincoln Memorial Cents,One Cent,1982,P,"Copper, Small Date",Yes,No,No,No
coin,Lincoln Memorial Cents,One Cent,1982,P,"Zinc, Large Date",Yes,No,No,No
coin,Lincoln Memorial Cents,One Cent,1982,P,"Zinc, Small Date",Yes,No,No,No
coin,Lincoln Memorial Cents,One Cent,1982,S,,Yes,No,No,No
coin,Lincoln Memorial Cents,One Cent,1983,P,,Yes,No,No,No
coin,Lincoln Memorial Cents,One Cent,1983,P,Doubled Die Reverse,Yes,No,No,No
coin,Lincoln Memorial Cents,One Cent,1983,D,,Yes,No,No,No
coin,Lincoln Memorial Cents,One Cent,1983,S,,Yes,No,No,No
coin,Lincoln Bicentennial Cents (2009),One Cent,2009,P,,Yes,No,No,No
coin,Lincoln Bicentennial Cents (2009),One Cent,2009,P,Formative Years,Yes,No,No,No
coin,Lincoln Bicentennial Cents (2009),One Cent,2009,P,Professional Life,Yes,No,No,No
coin,Lincoln Bicentennial Cents (2009),One Cent,2009,P,Presidency,Yes,No,No,No
coin,Lincoln Bicentennial Cents (2009),One Cent,2009,D,,Yes,No,No,No
coin,Lincoln Bicentennial Cents (2009),One Cent,2009,D,Formative Years,Yes,No,No,No
coin,Lincoln Bicentennial Cents (2009),One Cent,2009,D,Professional Life,Yes,No,No,No
coin,Lincoln Bicentennial Cents (2009),One Cent,2009,D,Presidency,Yes,No,No,No
coin,Lincoln Bicentennial Cents (2009),One Cent,2009,D,Formative Years Doubled Die Reverse,Yes,No,No,No
coin,Lincoln Bicentennial Cents (2009),One Cent,2009,S,,Yes,No,No,No
coin,Lincoln Bicentennial Cents (2009),One Cent,2009,S,Formative Years,Yes,No,No,No
coin,Lincoln Bicentennial Cents (2009),One Cent,2009,S,Professional Life,Yes,No,No,No
coin,Lincoln Bicentennial Cents (2009),One Cent,2009,S,Presidency,Yes,No,No,No
coin,Lincoln Bicentennial Cents (2009),One Cent,2024,P,,Yes,No,No,No
coin,Lincoln Bicentennial Cents (2009),One Cent,2024,D,,Yes,No,No,No
coin,Lincoln Bicentennial Cents (2009),One Cent,2024,S,,Yes,No,No,No
coin,Lincoln Bicentennial Cents (2009),One Cent,2026,P,Liberty Bell 250 Privy Mark,Yes,No,No,No
coin,Lincoln Bicentennial Cents (2009),One Cent,2026,D,Liberty Bell 250 Privy Mark,Yes,No,No,No
coin,Lincoln Bicentennial Cents (2009),One Cent,2026,S,Liberty Bell 250 Privy Mark (Proof),Yes,No,No,No
coin,Lincoln Bicentennial Cents (2009),One Cent,2026,W,Liberty Bell 250 Privy Mark (Uncirculated),Yes,No,No,No
coin,Lincoln Shield Cents,One Cent,2010,P,,Yes,No,No,No
coin,Lincoln Shield Cents,One Cent,2010,D,,Yes,No,No,No
coin,Lincoln Shield Cents,One Cent,2010,S,Proof,Yes,No,No,No
coin,Lincoln Shield Cents,One Cent,2011,P,,Yes,No,No,No
coin,Lincoln Shield Cents,One Cent,2011,P,Doubled Die Obverse,Yes,No,No,No
coin,Lincoln Shield Cents,One Cent,2011,D,,Yes,No,No,No
coin,Lincoln Shield Cents,One Cent,2011,S,Proof,No,No,No,No
coin,Lincoln Shield Cents,One Cent,2012,P,,Yes,No,No,No
coin,Lincoln Shield Cents,One Cent,2012,D,,Yes,No,No,No
coin,Lincoln Shield Cents,One Cent,2012,S,Proof,No,No,No,No
coin,Lincoln Shield Cents,One Cent,2013,P,,Yes,No,No,No
coin,Lincoln Shield Cents,One Cent,2013,D,,Yes,No,No,No
coin,Lincoln Shield Cents,One Cent,2013,S,Proof,No,No,No,No
coin,Lincoln Shield Cents,One Cent,2014,P,,Yes,No,No,No
coin,Lincoln Shield Cents,One Cent,2014,D,,Yes,No,No,No
coin,Lincoln Shield Cents,One Cent,2014,S,Proof,No,No,No,No
coin,Lincoln Shield Cents,One Cent,2015,P,,Yes,No,No,No
coin,Lincoln Shield Cents,One Cent,2015,P,Doubled Die Obverse,Yes,No,No,No
coin,Lincoln Shield Cents,One Cent,2015,D,,Yes,No,No,No
coin,Lincoln Shield Cents,One Cent,2015,S,Proof,No,No,No,No
coin,Lincoln Shield Cents,One Cent,2016,P,,Yes,No,No,No
coin,Lincoln Shield Cents,One Cent,2016,D,,Yes,No,No,No
coin,Lincoln Shield Cents,One Cent,2016,S,Proof,No,No,No,No
coin,Lincoln Shield Cents,One Cent,2017,P,,Yes,No,No,No
coin,Lincoln Shield Cents,One Cent,2017,D,,Yes,No,No,No
coin,Lincoln Shield Cents,One Cent,2017,S,Proof,No,No,No,No
coin,Lincoln Shield Cents,One Cent,2018,P,,Yes,No,No,No
coin,Lincoln Shield Cents,One Cent,2018,D,,Yes,No,No,No
coin,Lincoln Shield Cents,One Cent,2018,S,Proof,No,No,No,No
coin,Lincoln Shield Cents,One Cent,2019,P,,Yes,No,No,No
coin,Lincoln Shield Cents,One Cent,2019,D,,Yes,No,No,No
coin,Lincoln Shield Cents,One Cent,2019,S,Proof,No,No,No,No
coin,Lincoln Shield Cents,One Cent,2019,W,,Yes,No,No,No
coin,Lincoln Shield Cents,One Cent,2019,W,Proof,Yes,No,No,No
coin,Lincoln Shield Cents,One Cent,2019,W,Reverse Proof,Yes,No,No,No
coin,Lincoln Shield Cents,One Cent,2020,P,,Yes,No,No,No
coin,Lincoln Shield Cents,One Cent,2020,D,,Yes,No,No,No
coin,Lincoln Shield Cents,One Cent,2020,S,Proof,No,No,No,No
coin,Lincoln Shield Cents,One Cent,2021,P,,Yes,No,No,No
coin,Lincoln Shield Cents,One Cent,2021,D,,Yes,No,No,No
coin,Lincoln Shield Cents,One Cent,2021,S,Proof,No,No,No,No
coin,Lincoln Shield Cents,One Cent,2022,P,,Yes,No,No,No
coin,Lincoln Shield Cents,One Cent,2022,D,,Yes,No,No,No
coin,Lincoln Shield Cents,One Cent,2022,S,Proof,No,No,No,No
coin,Lincoln Shield Cents,One Cent,2023,P,,Yes,No,No,No
coin,Lincoln Shield Cents,One Cent,2023,P,Extra V.D.B. Obverse,Yes,No,No,No
coin,Lincoln Shield Cents,One Cent,2023,D,,Yes,No,No,No
coin,Lincoln Shield Cents,One Cent,2023,S,Proof,No,No,No,No
coin,Lincoln Shield Cents,One Cent,2024,P,,Yes,No,No,No
coin,Lincoln Shield Cents,One Cent,2024,D,,Yes,No,No,No
coin,Lincoln Shield Cents,One Cent,2024,S,Proof,No,No,No,No
coin,Lincoln Shield Cents,One Cent,2025,P,,Yes,No,No,No
coin,Lincoln Shield Cents,One Cent,2025,D,,Yes,No,No,No
coin,Lincoln Shield Cents,One Cent,2025,S,Proof,No,No,No,No
coin,Lincoln Shield Cents,One Cent,2026,P,Liberty Bell 250 Privy Mark,Yes,No,No,No
coin,Lincoln Shield Cents,One Cent,2026,D,Liberty Bell 250 Privy Mark,Yes,No,No,No
coin,Lincoln Shield Cents,One Cent,2026,S,Liberty Bell 250 Privy Mark Proof,Yes,No,No,No
coin,Lincoln Shield Cents,One Cent,2026,W,Liberty Bell 250 Privy Mark,Yes,No,No,No
coin,Liberty Head (V) Nickels,Five Cents,1908,P,,Yes,No,No,No
coin,Liberty Head (V) Nickels,Five Cents,1909,P,,Yes,No,No,No
coin,Liberty Head (V) Nickels,Five Cents,1910,P,,Yes,No,No,No
coin,Liberty Head (V) Nickels,Five Cents,1911,P,,Yes,No,No,No
coin,Liberty Head (V) Nickels,Five Cents,1912,P,,Yes,No,No,No
coin,Liberty Head (V) Nickels,Five Cents,1912,D,,Yes,No,No,No
coin,Liberty Head (V) Nickels,Five Cents,1912,S,,Yes,No,No,No
coin,Liberty Head (V) Nickels,Five Cents,2024,P,,Yes,No,No,No
coin,Liberty Head (V) Nickels,Five Cents,2024,D,,Yes,No,No,No
coin,Liberty Head (V) Nickels,Five Cents,2024,S,,Yes,No,No,No
coin,Liberty Head (V) Nickels,Five Cents,2026,P,Liberty Bell 250 Privy Mark,Yes,No,No,No
coin,Liberty Head (V) Nickels,Five Cents,2026,D,Liberty Bell 250 Privy Mark,Yes,No,No,No
coin,Liberty Head (V) Nickels,Five Cents,2026,S,Liberty Bell 250 Privy Mark,Yes,No,No,No
coin,Liberty Head (V) Nickels,Five Cents,2026,W,Liberty Bell 250 Privy Mark,Yes,No,No,No
coin,Lincoln Wheat Pennies,One Cent,1934,P,,Yes,No,No,No
coin,Lincoln Wheat Pennies,One Cent,1934,P,Doubled Die Obverse,Yes,No,No,No
coin,Lincoln Wheat Pennies,One Cent,1934,D,,Yes,No,No,No
coin,Lincoln Wheat Pennies,One Cent,1935,P,,Yes,No,No,No
coin,Lincoln Wheat Pennies,One Cent,1935,D,,Yes,No,No,No
coin,Lincoln Wheat Pennies,One Cent,1935,S,,Yes,No,No,No
coin,Lincoln Wheat Pennies,One Cent,1936,P,,Yes,No,No,No
coin,Lincoln Wheat Pennies,One Cent,1936,P,Doubled Die Obverse,Yes,No,No,No
coin,Lincoln Wheat Pennies,One Cent,1936,D,,Yes,No,No,No
coin,Lincoln Wheat Pennies,One Cent,1936,S,,Yes,No,No,No
coin,Lincoln Wheat Pennies,One Cent,1937,P,,Yes,No,No,No
coin,Lincoln Wheat Pennies,One Cent,1937,D,,Yes,No,No,No
coin,Lincoln Wheat Pennies,One Cent,1937,S,,Yes,No,No,No
coin,Lincoln Wheat Pennies,One Cent,1938,P,,Yes,No,No,No
coin,Lincoln Wheat Pennies,One Cent,1938,D,,Yes,No,No,No
coin,Lincoln Wheat Pennies,One Cent,1938,D,D over S,Yes,No,No,No
coin,Lincoln Wheat Pennies,One Cent,1938,S,,Yes,No,No,No
coin,Lincoln Wheat Pennies,One Cent,1939,P,,Yes,No,No,No
coin,Lincoln Wheat Pennies,One Cent,1939,P,Doubled Die Obverse,Yes,No,No,No
coin,Lincoln Wheat Pennies,One Cent,1939,D,,Yes,No,No,No
coin,Lincoln Wheat Pennies,One Cent,1939,S,,Yes,No,No,No
coin,Lincoln Wheat Pennies,One Cent,1940,P,,Yes,No,No,No
coin,Lincoln Wheat Pennies,One Cent,1940,D,,Yes,No,No,No
coin,Lincoln Wheat Pennies,One Cent,1940,S,,Yes,No,No,No
coin,Lincoln Wheat Pennies,One Cent,1941,P,,Yes,No,No,No
coin,Lincoln Wheat Pennies,One Cent,1941,P,Doubled Die Obverse,Yes,No,No,No
coin,Lincoln Wheat Pennies,One Cent,1941,D,,Yes,No,No,No
coin,Lincoln Wheat Pennies,One Cent,1941,S,,Yes,No,No,No
coin,Lincoln Wheat Pennies,One Cent,1942,P,,Yes,No,No,No
coin,Lincoln Wheat Pennies,One Cent,1942,P,Doubled Die Obverse,Yes,No,No,No
coin,Lincoln Wheat Pennies,One Cent,1942,D,,Yes,No,No,No
coin,Lincoln Wheat Pennies,One Cent,1942,S,,Yes,No,No,No
coin,Lincoln Wheat Pennies,One Cent,1943,P,,Yes,No,No,No
coin,Lincoln Wheat Pennies,One Cent,1943,P,Doubled Die Obverse,Yes,No,No,No
coin,Lincoln Wheat Pennies,One Cent,1944,P,,Yes,No,No,No
coin,Lincoln Wheat Pennies,One Cent,1944,D,,Yes,No,No,No
coin,Lincoln Wheat Pennies,One Cent,1944,D,D over S,Yes,No,No,No
coin,Lincoln Wheat Pennies,One Cent,1944,S,,Yes,No,No,No
coin,Lincoln Wheat Pennies,One Cent,1944,S,S over D,Yes,No,No,No
coin,Lincoln Wheat Pennies,One Cent,1945,P,,Yes,No,No,No
coin,Lincoln Wheat Pennies,One Cent,1945,D,,Yes,No,No,No
coin,Lincoln Wheat Pennies,One Cent,1945,S,,Yes,No,No,No
coin,Lincoln Wheat Pennies,One Cent,1945,S,Micro S,Yes,No,No,No
coin,Lincoln Wheat Pennies,One Cent,1946,P,,Yes,No,No,No
coin,Lincoln Wheat Pennies,One Cent,1946,D,,Yes,No,No,No
coin,Lincoln Wheat Pennies,One Cent,1946,D,D over Horizontal D,Yes,No,No,No
coin,Lincoln Wheat Pennies,One Cent,1946,S,,Yes,No,No,No
coin,Lincoln Wheat Pennies,One Cent,1946,S,S over D,Yes,No,No,No
coin,Lincoln Wheat Pennies,One Cent,1947,P,,Yes,No,No,No
coin,Lincoln Wheat Pennies,One Cent,1947,D,,Yes,No,No,No
coin,Lincoln Wheat Pennies,One Cent,1947,S,,Yes,No,No,No
coin,Lincoln Wheat Pennies,One Cent,1948,P,,Yes,No,No,No
coin,Lincoln Wheat Pennies,One Cent,1948,D,,Yes,No,No,No
coin,Lincoln Wheat Pennies,One Cent,1948,S,,Yes,No,No,No
coin,Lincoln Wheat Pennies,One Cent,1949,P,,Yes,No,No,No
coin,Lincoln Wheat Pennies,One Cent,1949,D,,Yes,No,No,No
coin,Lincoln Wheat Pennies,One Cent,1949,S,,Yes,No,No,No
coin,Lincoln Wheat Pennies,One Cent,1949,S,S over S,Yes,No,No,No
coin,Lincoln Wheat Pennies,One Cent,1950,P,,Yes,No,No,No
coin,Lincoln Wheat Pennies,One Cent,1950,D,,Yes,No,No,No
coin,Lincoln Wheat Pennies,One Cent,1950,S,,Yes,No,No,No
coin,Lincoln Wheat Pennies,One Cent,1950,S,S over D,Yes,No,No,No
coin,Lincoln Wheat Pennies,One Cent,1951,P,,Yes,No,No,No
coin,Lincoln Wheat Pennies,One Cent,1951,D,,Yes,No,No,No
coin,Lincoln Wheat Pennies,One Cent,1951,D,D over S,Yes,No,No,No
coin,Lincoln Wheat Pennies,One Cent,1951,S,,Yes,No,No,No
coin,Lincoln Wheat Pennies,One Cent,1952,P,,Yes,No,No,No
coin,Lincoln Wheat Pennies,One Cent,1952,D,,Yes,No,No,No
coin,Lincoln Wheat Pennies,One Cent,1952,D,D over D,Yes,No,No,No
coin,Lincoln Wheat Pennies,One Cent,1952,S,,Yes,No,No,No
coin,Lincoln Wheat Pennies,One Cent,1952,S,S over S,Yes,No,No,No
coin,Lincoln Wheat Pennies,One Cent,1953,P,,Yes,No,No,No
coin,Lincoln Wheat Pennies,One Cent,1953,D,,Yes,No,No,No
coin,Lincoln Wheat Pennies,One Cent,1953,S,,Yes,No,No,No
coin,Lincoln Wheat Pennies,One Cent,1954,P,,Yes,No,No,No
coin,Lincoln Wheat Pennies,One Cent,1954,D,,Yes,No,No,No
coin,Lincoln Wheat Pennies,One Cent,1954,S,,Yes,No,No,No
coin,Lincoln Wheat Pennies,One Cent,1955,P,,Yes,No,No,No
coin,Lincoln Wheat Pennies,One Cent,1955,P,Doubled Die Obverse,Yes,No,No,No
coin,Lincoln Wheat Pennies,One Cent,1955,D,,Yes,No,No,No
coin,Lincoln Wheat Pennies,One Cent,1955,S,,Yes,No,No,No
coin,Lincoln Wheat Pennies,One Cent,1956,P,,Yes,No,No,No
coin,Lincoln Wheat Pennies,One Cent,1956,D,,Yes,No,No,No
coin,Lincoln Wheat Pennies,One Cent,1956,D,D over D,Yes,No,No,No
coin,Lincoln Wheat Pennies,One Cent,1957,P,,Yes,No,No,No
coin,Lincoln Wheat Pennies,One Cent,1957,D,,Yes,No,No,No
coin,Lincoln Wheat Pennies,One Cent,1958,P,,Yes,No,No,No
coin,Lincoln Wheat Pennies,One Cent,1958,P,Doubled Die Obverse,Yes,No,No,No
coin,Lincoln Wheat Pennies,One Cent,1958,D,,Yes,No,No,No
coin,Jefferson Nickels,Five Cents,2013,P,,Yes,No,No,No
coin,Jefferson Nickels,Five Cents,2013,D,,Yes,No,No,No
coin,Jefferson Nickels,Five Cents,2013,S,,Yes,No,No,No
coin,Jefferson Nickels,Five Cents,2014,P,,Yes,No,No,No
coin,Jefferson Nickels,Five Cents,2014,D,,Yes,No,No,No
coin,Jefferson Nickels,Five Cents,2014,S,,Yes,No,No,No
coin,Jefferson Nickels,Five Cents,2015,P,,Yes,No,No,No
coin,Jefferson Nickels,Five Cents,2015,D,,Yes,No,No,No
coin,Jefferson Nickels,Five Cents,2015,S,,Yes,No,No,No
coin,Jefferson Nickels,Five Cents,2016,P,,Yes,No,No,No
coin,Jefferson Nickels,Five Cents,2016,D,,Yes,No,No,No
coin,Jefferson Nickels,Five Cents,2016,S,,Yes,No,No,No
coin,Jefferson Nickels,Five Cents,2017,P,,Yes,No,No,No
coin,Jefferson Nickels,Five Cents,2017,D,,Yes,No,No,No
coin,Jefferson Nickels,Five Cents,2017,S,,Yes,No,No,No
coin,Jefferson Nickels,Five Cents,2018,P,,Yes,No,No,No
coin,Jefferson Nickels,Five Cents,2018,D,,Yes,No,No,No
coin,Jefferson Nickels,Five Cents,2018,S,,Yes,No,No,No
coin,Jefferson Nickels,Five Cents,2019,P,,Yes,No,No,No
coin,Jefferson Nickels,Five Cents,2019,D,,Yes,No,No,No
coin,Jefferson Nickels,Five Cents,2019,S,,Yes,No,No,No
coin,Jefferson Nickels,Five Cents,2020,P,,Yes,No,No,No
coin,Jefferson Nickels,Five Cents,2020,D,,Yes,No,No,No
coin,Jefferson Nickels,Five Cents,2020,S,,Yes,No,No,No
coin,Jefferson Nickels,Five Cents,2021,P,,Yes,No,No,No
coin,Jefferson Nickels,Five Cents,2021,D,,Yes,No,No,No
coin,Jefferson Nickels,Five Cents,2021,S,,Yes,No,No,No
coin,Jefferson Nickels,Five Cents,2022,P,,Yes,No,No,No
coin,Jefferson Nickels,Five Cents,2022,D,,Yes,No,No,No
coin,Jefferson Nickels,Five Cents,2022,S,,Yes,No,No,No
coin,Jefferson Nickels,Five Cents,2023,P,,Yes,No,No,No
coin,Jefferson Nickels,Five Cents,2023,D,,Yes,No,No,No
coin,Jefferson Nickels,Five Cents,2023,S,,Yes,No,No,No
coin,Jefferson Nickels,Five Cents,2024,P,,Yes,No,No,No
coin,Jefferson Nickels,Five Cents,2024,D,,Yes,No,No,No
coin,Jefferson Nickels,Five Cents,2024,S,,Yes,No,No,No
coin,Jefferson Nickels,Five Cents,2026,P,Liberty Bell 250 Privy Mark,Yes,No,No,No
coin,Jefferson Nickels,Five Cents,2026,D,Liberty Bell 250 Privy Mark,Yes,No,No,No
coin,Jefferson Nickels,Five Cents,2026,S,Liberty Bell 250 Privy Mark (Proof),Yes,No,No,No
coin,Jefferson Nickels,Five Cents,2026,W,Liberty Bell 250 Privy Mark (Uncirculated),Yes,No,No,No
coin,Jefferson Nickels,Five Cents,1963,P,,Yes,No,No,No
coin,Jefferson Nickels,Five Cents,1963,D,,Yes,No,No,No
coin,Jefferson Nickels,Five Cents,1963,S,,Yes,No,No,No
coin,Jefferson Nickels,Five Cents,1964,P,,Yes,No,No,No
coin,Jefferson Nickels,Five Cents,1964,D,,Yes,No,No,No
coin,Jefferson Nickels,Five Cents,1964,S,,Yes,No,No,No
coin,Jefferson Nickels,Five Cents,1965,P,,Yes,No,No,No
coin,Jefferson Nickels,Five Cents,1965,D,,Yes,No,No,No
coin,Jefferson Nickels,Five Cents,1966,P,,Yes,No,No,No
coin,Jefferson Nickels,Five Cents,1966,D,,Yes,No,No,No
coin,Jefferson Nickels,Five Cents,1967,P,,Yes,No,No,No
coin,Jefferson Nickels,Five Cents,1967,D,,Yes,No,No,No
coin,Jefferson Nickels,Five Cents,1968,P,,Yes,No,No,No
coin,Jefferson Nickels,Five Cents,1968,D,,Yes,No,No,No
coin,Jefferson Nickels,Five Cents,1968,S,,Yes,No,No,No
coin,Jefferson Nickels,Five Cents,1969,P,,Yes,No,No,No
coin,Jefferson Nickels,Five Cents,1969,D,,Yes,No,No,No
coin,Jefferson Nickels,Five Cents,1969,S,,Yes,No,No,No
coin,Jefferson Nickels,Five Cents,1970,P,,Yes,No,No,No
coin,Jefferson Nickels,Five Cents,1970,D,,Yes,No,No,No
coin,Jefferson Nickels,Five Cents,1970,S,,Yes,No,No,No
coin,Jefferson Nickels,Five Cents,1971,P,,Yes,No,No,No
coin,Jefferson Nickels,Five Cents,1971,D,,Yes,No,No,No
coin,Jefferson Nickels,Five Cents,1971,S,,Yes,No,No,No
coin,Jefferson Nickels,Five Cents,1971,S,No S,Yes,No,No,No
coin,Jefferson Nickels,Five Cents,1972,P,,Yes,No,No,No
coin,Jefferson Nickels,Five Cents,1972,D,,Yes,No,No,No
coin,Jefferson Nickels,Five Cents,1972,S,,Yes,No,No,No
coin,Jefferson Nickels,Five Cents,1973,P,,Yes,No,No,No
coin,Jefferson Nickels,Five Cents,1973,D,,Yes,No,No,No
coin,Jefferson Nickels,Five Cents,1973,S,,Yes,No,No,No
coin,Jefferson Nickels,Five Cents,1974,P,,Yes,No,No,No
coin,Jefferson Nickels,Five Cents,1974,D,,Yes,No,No,No
coin,Jefferson Nickels,Five Cents,1974,S,,Yes,No,No,No
coin,Jefferson Nickels,Five Cents,1975,P,,Yes,No,No,No
coin,Jefferson Nickels,Five Cents,1975,D,,Yes,No,No,No
coin,Jefferson Nickels,Five Cents,1975,S,,Yes,No,No,No
coin,Jefferson Nickels,Five Cents,1976,P,,Yes,No,No,No
coin,Jefferson Nickels,Five Cents,1976,D,,Yes,No,No,No
coin,Jefferson Nickels,Five Cents,1976,S,,Yes,No,No,No
coin,Jefferson Nickels,Five Cents,1977,P,,Yes,No,No,No
coin,Jefferson Nickels,Five Cents,1977,D,,Yes,No,No,No
coin,Jefferson Nickels,Five Cents,1977,S,,Yes,No,No,No
coin,Jefferson Nickels,Five Cents,1978,P,,Yes,No,No,No
coin,Jefferson Nickels,Five Cents,1978,D,,Yes,No,No,No
coin,Jefferson Nickels,Five Cents,1978,S,,Yes,No,No,No
coin,Jefferson Nickels,Five Cents,1979,P,,Yes,No,No,No
coin,Jefferson Nickels,Five Cents,1979,D,,Yes,No,No,No
coin,Jefferson Nickels,Five Cents,1979,S,,Yes,No,No,No
coin,Jefferson Nickels,Five Cents,1979,S,Type 1 - Filled S,Yes,No,No,No
coin,Jefferson Nickels,Five Cents,1979,S,Type 2 - Clear S,Yes,No,No,No
coin,Jefferson Nickels,Five Cents,1980,P,,Yes,No,No,No
coin,Jefferson Nickels,Five Cents,1980,D,,Yes,No,No,No
coin,Jefferson Nickels,Five Cents,1980,S,,Yes,No,No,No
coin,Jefferson Nickels,Five Cents,1981,P,,Yes,No,No,No
coin,Jefferson Nickels,Five Cents,1981,D,,Yes,No,No,No
coin,Jefferson Nickels,Five Cents,1981,S,,Yes,No,No,No
coin,Jefferson Nickels,Five Cents,1981,S,Type 1 - Filled S,Yes,No,No,No
coin,Jefferson Nickels,Five Cents,1981,S,Type 2 - Clear S,Yes,No,No,No
coin,Jefferson Nickels,Five Cents,1982,P,,Yes,No,No,No
coin,Jefferson Nickels,Five Cents,1982,D,,Yes,No,No,No
coin,Jefferson Nickels,Five Cents,1982,S,,Yes,No,No,No
coin,Jefferson Nickels,Five Cents,1983,P,,Yes,No,No,No
coin,Jefferson Nickels,Five Cents,1983,D,,Yes,No,No,No
coin,Jefferson Nickels,Five Cents,1983,S,,Yes,No,No,No
coin,Jefferson Nickels,Five Cents,1984,P,,Yes,No,No,No
coin,Jefferson Nickels,Five Cents,1984,D,,Yes,No,No,No
coin,Jefferson Nickels,Five Cents,1984,S,,Yes,No,No,No
coin,Jefferson Nickels,Five Cents,1985,P,,Yes,No,No,No
coin,Jefferson Nickels,Five Cents,1985,D,,Yes,No,No,No
coin,Jefferson Nickels,Five Cents,1985,S,,Yes,No,No,No
coin,Jefferson Nickels,Five Cents,1986,P,,Yes,No,No,No
coin,Jefferson Nickels,Five Cents,1986,D,,Yes,No,No,No
coin,Jefferson Nickels,Five Cents,1986,S,,Yes,No,No,No
coin,Jefferson Nickels,Five Cents,1987,P,,Yes,No,No,No
coin,Jefferson Nickels,Five Cents,1987,D,,Yes,No,No,No
coin,Jefferson Nickels,Five Cents,1987,S,,Yes,No,No,No
coin,Jefferson Nickels,Five Cents,1988,P,,Yes,No,No,No
coin,Jefferson Nickels,Five Cents,1988,D,,Yes,No,No,No
coin,Jefferson Nickels,Five Cents,1988,S,,Yes,No,No,No
coin,Jefferson Nickels,Five Cents,1989,P,,Yes,No,No,No
coin,Jefferson Nickels,Five Cents,1989,D,,Yes,No,No,No
coin,Jefferson Nickels,Five Cents,1989,S,,Yes,No,No,No
coin,Jefferson Nickels,Five Cents,1990,P,,Yes,No,No,No
coin,Jefferson Nickels,Five Cents,1990,D,,Yes,No,No,No
coin,Jefferson Nickels,Five Cents,1990,S,,Yes,No,No,No
coin,Jefferson Nickels,Five Cents,1991,P,,Yes,No,No,No
coin,Jefferson Nickels,Five Cents,1991,D,,Yes,No,No,No
coin,Jefferson Nickels,Five Cents,1991,S,,Yes,No,No,No
coin,Jefferson Nickels,Five Cents,1992,P,,Yes,No,No,No
coin,Jefferson Nickels,Five Cents,1992,D,,Yes,No,No,No
coin,Jefferson Nickels,Five Cents,1992,S,,Yes,No,No,No
coin,Jefferson Nickels,Five Cents,1993,P,,Yes,No,No,No
coin,Jefferson Nickels,Five Cents,1993,D,,Yes,No,No,No
coin,Jefferson Nickels,Five Cents,1993,S,,Yes,No,No,No
coin,Jefferson Nickels,Five Cents,1994,P,,Yes,No,No,No
coin,Jefferson Nickels,Five Cents,1994,P,Matte Finish,Yes,No,No,No
coin,Jefferson Nickels,Five Cents,1994,D,,Yes,No,No,No
coin,Jefferson Nickels,Five Cents,1994,S,,Yes,No,No,No
coin,Jefferson Nickels,Five Cents,1995,P,,Yes,No,No,No
coin,Jefferson Nickels,Five Cents,1995,D,,Yes,No,No,No
coin,Jefferson Nickels,Five Cents,1995,S,,Yes,No,No,No
coin,Jefferson Nickels,Five Cents,1996,P,,Yes,No,No,No
coin,Jefferson Nickels,Five Cents,1996,D,,Yes,No,No,No
coin,Jefferson Nickels,Five Cents,1996,S,,Yes,No,No,No
coin,Jefferson Nickels,Five Cents,1997,P,,Yes,No,No,No
coin,Jefferson Nickels,Five Cents,1997,P,Matte Finish,Yes,No,No,No
coin,Jefferson Nickels,Five Cents,1997,D,,Yes,No,No,No
coin,Jefferson Nickels,Five Cents,1997,S,,Yes,No,No,No
coin,Jefferson Nickels,Five Cents,1998,P,,Yes,No,No,No
coin,Jefferson Nickels,Five Cents,1998,D,,Yes,No,No,No
coin,Jefferson Nickels,Five Cents,1998,S,,Yes,No,No,No
coin,Jefferson Nickels,Five Cents,1999,P,,Yes,No,No,No
coin,Jefferson Nickels,Five Cents,1999,D,,Yes,No,No,No
coin,Jefferson Nickels,Five Cents,1999,S,,Yes,No,No,No
coin,Jefferson Nickels,Five Cents,2000,P,,Yes,No,No,No
coin,Jefferson Nickels,Five Cents,2000,D,,Yes,No,No,No
coin,Jefferson Nickels,Five Cents,2000,S,,Yes,No,No,No
coin,Jefferson Nickels,Five Cents,2001,P,,Yes,No,No,No
coin,Jefferson Nickels,Five Cents,2001,D,,Yes,No,No,No
coin,Jefferson Nickels,Five Cents,2001,S,,Yes,No,No,No
coin,Jefferson Nickels,Five Cents,2002,P,,Yes,No,No,No
coin,Jefferson Nickels,Five Cents,2002,D,,Yes,No,No,No
coin,Jefferson Nickels,Five Cents,2002,S,,Yes,No,No,No
coin,Jefferson Nickels,Five Cents,2003,P,,Yes,No,No,No
coin,Jefferson Nickels,Five Cents,2003,D,,Yes,No,No,No
coin,Jefferson Nickels,Five Cents,2003,S,,Yes,No,No,No
coin,Jefferson Nickels,Five Cents,2004,P,Peace Medal,Yes,No,No,No
coin,Jefferson Nickels,Five Cents,2004,P,Keelboat,Yes,No,No,No
coin,Jefferson Nickels,Five Cents,2004,D,Peace Medal,Yes,No,No,No
coin,Jefferson Nickels,Five Cents,2004,D,Keelboat,Yes,No,No,No
coin,Jefferson Nickels,Five Cents,2004,S,Peace Medal,Yes,No,No,No
coin,Jefferson Nickels,Five Cents,2004,S,Keelboat,Yes,No,No,No
coin,Jefferson Nickels,Five Cents,2005,P,American Bison,Yes,No,No,No
coin,Jefferson Nickels,Five Cents,2005,P,Ocean in View,Yes,No,No,No
coin,Jefferson Nickels,Five Cents,2005,D,American Bison,Yes,No,No,No
coin,Jefferson Nickels,Five Cents,2005,D,Speared Bison,Yes,No,No,No
coin,Jefferson Nickels,Five Cents,2005,D,Ocean in View,Yes,No,No,No
coin,Jefferson Nickels,Five Cents,2005,S,American Bison,Yes,No,No,No
coin,Jefferson Nickels,Five Cents,2005,S,Ocean in View,Yes,No,No,No
coin,Jefferson Nickels,Five Cents,2006,P,,Yes,No,No,No
coin,Jefferson Nickels,Five Cents,2006,D,,Yes,No,No,No
coin,Jefferson Nickels,Five Cents,2006,S,,Yes,No,No,No
coin,Jefferson Nickels,Five Cents,2007,P,,Yes,No,No,No
coin,Jefferson Nickels,Five Cents,2007,D,,Yes,No,No,No
coin,Jefferson Nickels,Five Cents,2007,S,,Yes,No,No,No
coin,Jefferson Nickels,Five Cents,2008,P,,Yes,No,No,No
coin,Jefferson Nickels,Five Cents,2008,D,,Yes,No,No,No
coin,Jefferson Nickels,Five Cents,2008,S,,Yes,No,No,No
coin,Jefferson Nickels,Five Cents,2009,P,,Yes,No,No,No
coin,Jefferson Nickels,Five Cents,2009,D,,Yes,No,No,No
coin,Jefferson Nickels,Five Cents,2009,S,,Yes,No,No,No
coin,Jefferson Nickels,Five Cents,2010,P,,Yes,No,No,No
coin,Jefferson Nickels,Five Cents,2010,D,,Yes,No,No,No
coin,Jefferson Nickels,Five Cents,2010,S,,Yes,No,No,No
coin,Jefferson Nickels,Five Cents,2011,P,,Yes,No,No,No
coin,Jefferson Nickels,Five Cents,2011,D,,Yes,No,No,No
coin,Jefferson Nickels,Five Cents,2011,S,,Yes,No,No,No
coin,Jefferson Nickels,Five Cents,2012,P,,Yes,No,No,No
coin,Jefferson Nickels,Five Cents,2012,D,,Yes,No,No,No
coin,Jefferson Nickels,Five Cents,2012,S,,Yes,No,No,No
coin,Buffalo Nickels,Five Cents,1913,P,,Yes,No,No,No
coin,Buffalo Nickels,Five Cents,1913,P,Type 2,Yes,No,No,No
coin,Buffalo Nickels,Five Cents,1913,D,,Yes,No,No,No
coin,Buffalo Nickels,Five Cents,1913,D,Type 2,Yes,No,No,No
coin,Buffalo Nickels,Five Cents,1913,S,,Yes,No,No,No
coin,Buffalo Nickels,Five Cents,1913,S,Type 2,Yes,No,No,No
coin,Buffalo Nickels,Five Cents,1914,P,,Yes,No,No,No
coin,Buffalo Nickels,Five Cents,1914,P,1914/3 Overdate,Yes,No,No,No
coin,Buffalo Nickels,Five Cents,1914,D,,Yes,No,No,No
coin,Buffalo Nickels,Five Cents,1914,S,,Yes,No,No,No
coin,Buffalo Nickels,Five Cents,1915,P,,No,No,No,No
coin,Buffalo Nickels,Five Cents,1915,D,,No,No,No,No
coin,Buffalo Nickels,Five Cents,1915,S,,No,No,No,No
coin,Buffalo Nickels,Five Cents,1916,P,,No,No,No,No
coin,Buffalo Nickels,Five Cents,1916,P,Doubled Die Obverse,Yes,No,No,No
coin,Buffalo Nickels,Five Cents,1916,D,,No,No,No,No
coin,Buffalo Nickels,Five Cents,1916,S,,No,No,No,No
coin,Buffalo Nickels,Five Cents,1917,P,,No,No,No,No
coin,Buffalo Nickels,Five Cents,1917,D,,No,No,No,No
coin,Buffalo Nickels,Five Cents,1917,S,,No,No,No,No
coin,Buffalo Nickels,Five Cents,1918,P,,No,No,No,No
coin,Buffalo Nickels,Five Cents,1918,D,,No,No,No,No
coin,Buffalo Nickels,Five Cents,1918,D,1918/7-D Overdate,Yes,No,No,No
coin,Buffalo Nickels,Five Cents,1918,S,,No,No,No,No
coin,Buffalo Nickels,Five Cents,1919,P,,No,No,No,No
coin,Buffalo Nickels,Five Cents,1919,D,,No,No,No,No
coin,Buffalo Nickels,Five Cents,1919,S,,No,No,No,No
coin,Buffalo Nickels,Five Cents,1920,P,,No,No,No,No
coin,Buffalo Nickels,Five Cents,1920,D,,No,No,No,No
coin,Buffalo Nickels,Five Cents,1920,S,,No,No,No,No
coin,Buffalo Nickels,Five Cents,1921,P,,No,No,No,No
coin,Buffalo Nickels,Five Cents,1921,S,,Yes,No,No,No
coin,Buffalo Nickels,Five Cents,1923,P,,No,No,No,No
coin,Buffalo Nickels,Five Cents,1923,S,,Yes,No,No,No
coin,Buffalo Nickels,Five Cents,1924,P,,No,No,No,No
coin,Buffalo Nickels,Five Cents,1924,D,,No,No,No,No
coin,Buffalo Nickels,Five Cents,1924,S,,No,No,No,No
coin,Buffalo Nickels,Five Cents,1925,P,,No,No,No,No
coin,Buffalo Nickels,Five Cents,1925,D,,No,No,No,No
coin,Buffalo Nickels,Five Cents,1925,S,,No,No,No,No
coin,Buffalo Nickels,Five Cents,1926,P,,No,No,No,No
coin,Buffalo Nickels,Five Cents,1926,D,,No,No,No,No
coin,Buffalo Nickels,Five Cents,1926,S,,Yes,No,No,No
coin,Buffalo Nickels,Five Cents,1927,P,,No,No,No,No
coin,Buffalo Nickels,Five Cents,1927,D,,No,No,No,No
coin,Buffalo Nickels,Five Cents,1927,S,,No,No,No,No
coin,Buffalo Nickels,Five Cents,1928,P,,No,No,No,No
coin,Buffalo Nickels,Five Cents,1928,D,,No,No,No,No
coin,Buffalo Nickels,Five Cents,1928,S,,No,No,No,No
coin,Buffalo Nickels,Five Cents,1929,P,,No,No,No,No
coin,Buffalo Nickels,Five Cents,1929,D,,No,No,No,No
coin,Buffalo Nickels,Five Cents,1929,S,,No,No,No,No
coin,Buffalo Nickels,Five Cents,1930,P,,No,No,No,No
coin,Buffalo Nickels,Five Cents,1930,S,,No,No,No,No
coin,Buffalo Nickels,Five Cents,1931,S,,Yes,No,No,No
coin,Buffalo Nickels,Five Cents,1934,P,,No,No,No,No
coin,Buffalo Nickels,Five Cents,1934,D,,No,No,No,No
coin,Buffalo Nickels,Five Cents,1935,P,,No,No,No,No
coin,Buffalo Nickels,Five Cents,1935,P,Doubled Die Reverse,Yes,No,No,No
coin,Buffalo Nickels,Five Cents,1935,D,,No,No,No,No
coin,Buffalo Nickels,Five Cents,1935,S,,No,No,No,No
coin,Buffalo Nickels,Five Cents,1936,P,,No,No,No,No
coin,Buffalo Nickels,Five Cents,1936,D,,No,No,No,No
coin,Buffalo Nickels,Five Cents,1936,D,3-1/2 Legged,Yes,No,No,No
coin,Buffalo Nickels,Five Cents,1936,S,,No,No,No,No
coin,Buffalo Nickels,Five Cents,1937,P,,No,No,No,No
coin,Buffalo Nickels,Five Cents,1937,D,,No,No,No,No
coin,Buffalo Nickels,Five Cents,1937,D,3 Legged,Yes,No,No,No
coin,Buffalo Nickels,Five Cents,1937,S,,No,No,No,No
coin,Buffalo Nickels,Five Cents,1938,D,,Yes,No,No,No
coin,Buffalo Nickels,Five Cents,1938,D,D over S,Yes,No,No,No
coin,Buffalo Nickels,Five Cents,1938,D,D over D,Yes,No,No,No
coin,Buffalo Nickels,Five Cents,2024,P,,No,No,No,No
coin,Buffalo Nickels,Five Cents,2024,D,,No,No,No,No
coin,Buffalo Nickels,Five Cents,2024,S,,No,No,No,No
coin,Buffalo Nickels,Five Cents,2026,P,Liberty Bell 250 Privy Mark,Yes,No,No,No
coin,Buffalo Nickels,Five Cents,2026,D,Liberty Bell 250 Privy Mark,Yes,No,No,No
coin,Buffalo Nickels,Five Cents,2026,S,Liberty Bell 250 Privy Mark,Yes,No,No,No
coin,Buffalo Nickels,Five Cents,2026,W,Liberty Bell 250 Privy Mark,Yes,No,No,No
coin,Mercury Dimes,One Dime,1916,P,,Yes,No,No,No
coin,Mercury Dimes,One Dime,1916,D,,Yes,No,No,No
coin,Mercury Dimes,One Dime,1916,S,,Yes,No,No,No
coin,Mercury Dimes,One Dime,1917,P,,Yes,No,No,No
coin,Mercury Dimes,One Dime,1917,D,,Yes,No,No,No
coin,Mercury Dimes,One Dime,1917,S,,Yes,No,No,No
coin,Mercury Dimes,One Dime,1918,P,,Yes,No,No,No
coin,Mercury Dimes,One Dime,1918,D,,Yes,No,No,No
coin,Mercury Dimes,One Dime,1918,S,,Yes,No,No,No
coin,Mercury Dimes,One Dime,1919,P,,Yes,No,No,No
coin,Mercury Dimes,One Dime,1919,D,,Yes,No,No,No
coin,Mercury Dimes,One Dime,1919,S,,Yes,No,No,No
coin,Mercury Dimes,One Dime,1920,P,,Yes,No,No,No
coin,Mercury Dimes,One Dime,1920,D,,Yes,No,No,No
coin,Mercury Dimes,One Dime,1920,S,,Yes,No,No,No
coin,Mercury Dimes,One Dime,1921,P,,Yes,No,No,No
coin,Mercury Dimes,One Dime,1921,D,,Yes,No,No,No
coin,Mercury Dimes,One Dime,1923,P,,Yes,No,No,No
coin,Mercury Dimes,One Dime,1923,S,,Yes,No,No,No
coin,Mercury Dimes,One Dime,1924,P,,Yes,No,No,No
coin,Mercury Dimes,One Dime,1924,D,,Yes,No,No,No
coin,Mercury Dimes,One Dime,1924,S,,Yes,No,No,No
coin,Mercury Dimes,One Dime,1925,P,,Yes,No,No,No
coin,Mercury Dimes,One Dime,1925,D,,Yes,No,No,No
coin,Mercury Dimes,One Dime,1925,S,,Yes,No,No,No
coin,Mercury Dimes,One Dime,1926,P,,Yes,No,No,No
coin,Mercury Dimes,One Dime,1926,D,,Yes,No,No,No
coin,Mercury Dimes,One Dime,1926,S,,Yes,No,No,No
coin,Mercury Dimes,One Dime,1927,P,,Yes,No,No,No
coin,Mercury Dimes,One Dime,1927,D,,Yes,No,No,No
coin,Mercury Dimes,One Dime,1927,S,,Yes,No,No,No
coin,Mercury Dimes,One Dime,1928,P,,Yes,No,No,No
coin,Mercury Dimes,One Dime,1928,D,,Yes,No,No,No
coin,Mercury Dimes,One Dime,1928,S,,Yes,No,No,No
coin,Mercury Dimes,One Dime,1928,S,Large S,Yes,No,No,No
coin,Mercury Dimes,One Dime,1929,P,,Yes,No,No,No
coin,Mercury Dimes,One Dime,1929,D,,Yes,No,No,No
coin,Mercury Dimes,One Dime,1929,S,,Yes,No,No,No
coin,Mercury Dimes,One Dime,1930,P,,Yes,No,No,No
coin,Mercury Dimes,One Dime,1930,S,,Yes,No,No,No
coin,Mercury Dimes,One Dime,1931,P,,Yes,No,No,No
coin,Mercury Dimes,One Dime,1931,D,,Yes,No,No,No
coin,Mercury Dimes,One Dime,1931,S,,Yes,No,No,No
coin,Mercury Dimes,One Dime,1934,P,,Yes,No,No,No
coin,Mercury Dimes,One Dime,1934,D,,Yes,No,No,No
coin,Mercury Dimes,One Dime,1934,D,Medium D,Yes,No,No,No
coin,Mercury Dimes,One Dime,1935,P,,Yes,No,No,No
coin,Mercury Dimes,One Dime,1935,D,,Yes,No,No,No
coin,Mercury Dimes,One Dime,1935,S,,Yes,No,No,No
coin,Mercury Dimes,One Dime,1936,P,,Yes,No,No,No
coin,Mercury Dimes,One Dime,1936,D,,Yes,No,No,No
coin,Mercury Dimes,One Dime,1936,S,,Yes,No,No,No
coin,Mercury Dimes,One Dime,1937,P,,Yes,No,No,No
coin,Mercury Dimes,One Dime,1937,D,,Yes,No,No,No
coin,Mercury Dimes,One Dime,1937,S,,Yes,No,No,No
coin,Mercury Dimes,One Dime,1938,P,,Yes,No,No,No
coin,Mercury Dimes,One Dime,1938,D,,Yes,No,No,No
coin,Mercury Dimes,One Dime,1938,S,,Yes,No,No,No
coin,Mercury Dimes,One Dime,1939,P,,Yes,No,No,No
coin,Mercury Dimes,One Dime,1939,D,,Yes,No,No,No
coin,Mercury Dimes,One Dime,1939,S,,Yes,No,No,No
coin,Mercury Dimes,One Dime,1940,P,,Yes,No,No,No
coin,Mercury Dimes,One Dime,1940,D,,Yes,No,No,No
coin,Mercury Dimes,One Dime,1940,S,,Yes,No,No,No
coin,Mercury Dimes,One Dime,1941,P,,Yes,No,No,No
coin,Mercury Dimes,One Dime,1941,D,,Yes,No,No,No
coin,Mercury Dimes,One Dime,1941,S,,Yes,No,No,No
coin,Mercury Dimes,One Dime,1941,S,Small S,Yes,No,No,No
coin,Mercury Dimes,One Dime,1942,P,,Yes,No,No,No
coin,Mercury Dimes,One Dime,1942,P,1942/1 Overdate,Yes,No,No,No
coin,Mercury Dimes,One Dime,1942,D,,Yes,No,No,No
coin,Mercury Dimes,One Dime,1942,D,1942/1-D Overdate,Yes,No,No,No
coin,Mercury Dimes,One Dime,1942,S,,Yes,No,No,No
coin,Mercury Dimes,One Dime,1943,P,,Yes,No,No,No
coin,Mercury Dimes,One Dime,1943,D,,Yes,No,No,No
coin,Mercury Dimes,One Dime,1943,S,,Yes,No,No,No
coin,Jefferson Nickels,Five Cents,1938,P,,Yes,No,No,No
coin,Jefferson Nickels,Five Cents,1938,D,,Yes,No,No,No
coin,Jefferson Nickels,Five Cents,1938,S,,Yes,No,No,No
coin,Jefferson Nickels,Five Cents,1939,P,,Yes,No,No,No
coin,Jefferson Nickels,Five Cents,1939,P,Doubled Monticello,Yes,No,No,No
coin,Jefferson Nickels,Five Cents,1939,P,Reverse of 1938,Yes,No,No,No
coin,Jefferson Nickels,Five Cents,1939,P,Reverse of 1940,Yes,No,No,No
coin,Jefferson Nickels,Five Cents,1939,D,,Yes,No,No,No
coin,Jefferson Nickels,Five Cents,1939,D,Reverse of 1938,Yes,No,No,No
coin,Jefferson Nickels,Five Cents,1939,D,Reverse of 1940,Yes,No,No,No
coin,Jefferson Nickels,Five Cents,1939,S,,Yes,No,No,No
coin,Jefferson Nickels,Five Cents,1939,S,Reverse of 1938,Yes,No,No,No
coin,Jefferson Nickels,Five Cents,1939,S,Reverse of 1940,Yes,No,No,No
coin,Jefferson Nickels,Five Cents,1940,P,,Yes,No,No,No
coin,Jefferson Nickels,Five Cents,1940,D,,Yes,No,No,No
coin,Jefferson Nickels,Five Cents,1940,S,,Yes,No,No,No
coin,Jefferson Nickels,Five Cents,1941,P,,Yes,No,No,No
coin,Jefferson Nickels,Five Cents,1941,D,,Yes,No,No,No
coin,Jefferson Nickels,Five Cents,1941,D,D Over S,Yes,No,No,No
coin,Jefferson Nickels,Five Cents,1941,S,,Yes,No,No,No
coin,Jefferson Nickels,Five Cents,1941,S,Large S,Yes,No,No,No
coin,Jefferson Nickels,Five Cents,1941,S,Small S,Yes,No,No,No
coin,Jefferson Nickels,Five Cents,1942,P,,Yes,No,No,No
coin,Jefferson Nickels,Five Cents,1942,P,Silver War Nickel,Yes,No,No,No
coin,Jefferson Nickels,Five Cents,1942,P,Silver - Doubled Die Obverse,Yes,No,No,No
coin,Jefferson Nickels,Five Cents,1942,D,,Yes,No,No,No
coin,Jefferson Nickels,Five Cents,1942,D,D Over Horizontal D,Yes,No,No,No
coin,Jefferson Nickels,Five Cents,1942,S,,Yes,No,No,No
coin,Jefferson Nickels,Five Cents,1943,P,,Yes,No,No,No
coin,Jefferson Nickels,Five Cents,1943,P,3 Over 2,Yes,No,No,No
coin,Jefferson Nickels,Five Cents,1943,P,Doubled Die Obverse,Yes,No,No,No
coin,Jefferson Nickels,Five Cents,1943,D,,Yes,No,No,No
coin,Jefferson Nickels,Five Cents,1943,D,D Over S,Yes,No,No,No
coin,Jefferson Nickels,Five Cents,1943,S,,Yes,No,No,No
coin,Jefferson Nickels,Five Cents,1944,P,,Yes,No,No,No
coin,Jefferson Nickels,Five Cents,1944,P,Doubled Die Reverse,Yes,No,No,No
coin,Jefferson Nickels,Five Cents,1944,D,,Yes,No,No,No
coin,Jefferson Nickels,Five Cents,1944,S,,Yes,No,No,No
coin,Jefferson Nickels,Five Cents,1945,P,,Yes,No,No,No
coin,Jefferson Nickels,Five Cents,1945,P,Doubled Die Reverse,Yes,No,No,No
coin,Jefferson Nickels,Five Cents,1945,D,,Yes,No,No,No
coin,Jefferson Nickels,Five Cents,1945,S,,Yes,No,No,No
coin,Jefferson Nickels,Five Cents,1946,P,,Yes,No,No,No
coin,Jefferson Nickels,Five Cents,1946,D,,Yes,No,No,No
coin,Jefferson Nickels,Five Cents,1946,D,D Over Horizontal D,Yes,No,No,No
coin,Jefferson Nickels,Five Cents,1946,S,,Yes,No,No,No
coin,Jefferson Nickels,Five Cents,1946,S,Inverted S,Yes,No,No,No
coin,Jefferson Nickels,Five Cents,1947,P,,Yes,No,No,No
coin,Jefferson Nickels,Five Cents,1947,D,,Yes,No,No,No
coin,Jefferson Nickels,Five Cents,1947,S,,Yes,No,No,No
coin,Jefferson Nickels,Five Cents,1948,P,,Yes,No,No,No
coin,Jefferson Nickels,Five Cents,1948,D,,Yes,No,No,No
coin,Jefferson Nickels,Five Cents,1948,S,,Yes,No,No,No
coin,Jefferson Nickels,Five Cents,1949,P,,Yes,No,No,No
coin,Jefferson Nickels,Five Cents,1949,D,,Yes,No,No,No
coin,Jefferson Nickels,Five Cents,1949,D,D Over S,Yes,No,No,No
coin,Jefferson Nickels,Five Cents,1949,S,,Yes,No,No,No
coin,Jefferson Nickels,Five Cents,1950,P,,Yes,No,No,No
coin,Jefferson Nickels,Five Cents,1950,D,,Yes,No,No,No
coin,Jefferson Nickels,Five Cents,1950,S,,Yes,No,No,No
coin,Jefferson Nickels,Five Cents,1951,P,,Yes,No,No,No
coin,Jefferson Nickels,Five Cents,1951,D,,Yes,No,No,No
coin,Jefferson Nickels,Five Cents,1951,S,,Yes,No,No,No
coin,Jefferson Nickels,Five Cents,1952,P,,Yes,No,No,No
coin,Jefferson Nickels,Five Cents,1952,D,,Yes,No,No,No
coin,Jefferson Nickels,Five Cents,1952,D,D Over S,Yes,No,No,No
coin,Jefferson Nickels,Five Cents,1952,S,,Yes,No,No,No
coin,Jefferson Nickels,Five Cents,1953,P,,Yes,No,No,No
coin,Jefferson Nickels,Five Cents,1953,D,,Yes,No,No,No
coin,Jefferson Nickels,Five Cents,1953,S,,Yes,No,No,No
coin,Jefferson Nickels,Five Cents,1954,P,,Yes,No,No,No
coin,Jefferson Nickels,Five Cents,1954,D,,Yes,No,No,No
coin,Jefferson Nickels,Five Cents,1954,S,,Yes,No,No,No
coin,Jefferson Nickels,Five Cents,1954,S,S Over D,Yes,No,No,No
coin,Jefferson Nickels,Five Cents,1955,P,,Yes,No,No,No
coin,Jefferson Nickels,Five Cents,1955,D,,Yes,No,No,No
coin,Jefferson Nickels,Five Cents,1955,D,D Over S,Yes,No,No,No
coin,Jefferson Nickels,Five Cents,1955,S,,Yes,No,No,No
coin,Jefferson Nickels,Five Cents,1956,P,,Yes,No,No,No
coin,Jefferson Nickels,Five Cents,1956,D,,Yes,No,No,No
coin,Jefferson Nickels,Five Cents,1956,S,,Yes,No,No,No
coin,Jefferson Nickels,Five Cents,1957,P,,Yes,No,No,No
coin,Jefferson Nickels,Five Cents,1957,D,,Yes,No,No,No
coin,Jefferson Nickels,Five Cents,1957,S,,Yes,No,No,No
coin,Jefferson Nickels,Five Cents,1958,P,,Yes,No,No,No
coin,Jefferson Nickels,Five Cents,1958,D,,Yes,No,No,No
coin,Jefferson Nickels,Five Cents,1958,S,,Yes,No,No,No
coin,Jefferson Nickels,Five Cents,1959,P,,Yes,No,No,No
coin,Jefferson Nickels,Five Cents,1959,D,,Yes,No,No,No
coin,Jefferson Nickels,Five Cents,1959,S,,Yes,No,No,No
coin,Jefferson Nickels,Five Cents,1960,P,,Yes,No,No,No
coin,Jefferson Nickels,Five Cents,1960,D,,Yes,No,No,No
coin,Jefferson Nickels,Five Cents,1960,S,,Yes,No,No,No
coin,Jefferson Nickels,Five Cents,1961,P,,Yes,No,No,No
coin,Jefferson Nickels,Five Cents,1961,D,,Yes,No,No,No
coin,Jefferson Nickels,Five Cents,1961,S,,Yes,No,No,No
coin,Jefferson Nickels,Five Cents,1962,P,,Yes,No,No,No
coin,Jefferson Nickels,Five Cents,1962,D,,Yes,No,No,No
coin,Jefferson Nickels,Five Cents,1962,S,,Yes,No,No,No
coin,Mercury Dimes,One Dime,1944,P,,Yes,No,No,No
coin,Mercury Dimes,One Dime,1944,D,,Yes,No,No,No
coin,Mercury Dimes,One Dime,1944,S,,Yes,No,No,No
coin,Mercury Dimes,One Dime,1945,P,,Yes,No,No,No
coin,Mercury Dimes,One Dime,1945,D,,Yes,No,No,No
coin,Mercury Dimes,One Dime,1945,S,,Yes,No,No,No
coin,Mercury Dimes,One Dime,1945,S,Micro S,Yes,No,No,No
coin,Mercury Dimes,One Dime,2024,P,,Yes,No,No,No
coin,Mercury Dimes,One Dime,2024,D,,Yes,No,No,No
coin,Mercury Dimes,One Dime,2024,S,,Yes,No,No,No
coin,Mercury Dimes,One Dime,2026,P,Liberty Bell 250 Privy Mark,Yes,No,No,No
coin,Mercury Dimes,One Dime,2026,D,Liberty Bell 250 Privy Mark,Yes,No,No,No
coin,Mercury Dimes,One Dime,2026,S,Liberty Bell 250 Privy Mark,Yes,No,No,No
coin,Mercury Dimes,One Dime,2026,W,Liberty Bell 250 Privy Mark,Yes,No,No,No
coin,Roosevelt Dimes,One Dime,2021,P,,Yes,No,No,No
coin,Roosevelt Dimes,One Dime,2021,D,,Yes,No,No,No
coin,Roosevelt Dimes,One Dime,2021,S,,Yes,No,No,No
coin,Roosevelt Dimes,One Dime,2021,S,Silver Proof,Yes,No,No,No
coin,Roosevelt Dimes,One Dime,2022,P,,Yes,No,No,No
coin,Roosevelt Dimes,One Dime,2022,D,,Yes,No,No,No
coin,Roosevelt Dimes,One Dime,2022,S,,Yes,No,No,No
coin,Roosevelt Dimes,One Dime,2022,S,Silver Proof,Yes,No,No,No
coin,Roosevelt Dimes,One Dime,2023,P,,Yes,No,No,No
coin,Roosevelt Dimes,One Dime,2023,D,,Yes,No,No,No
coin,Roosevelt Dimes,One Dime,2023,S,,Yes,No,No,No
coin,Roosevelt Dimes,One Dime,2023,S,Silver Proof,Yes,No,No,No
coin,Roosevelt Dimes,One Dime,2024,P,,Yes,No,No,No
coin,Roosevelt Dimes,One Dime,2024,D,,Yes,No,No,No
coin,Roosevelt Dimes,One Dime,2024,S,,Yes,No,No,No
coin,Roosevelt Dimes,One Dime,2024,S,Silver Proof,Yes,No,No,No
coin,Roosevelt Dimes,One Dime,2026,P,Liberty Bell 250 Privy Mark,Yes,No,No,No
coin,Roosevelt Dimes,One Dime,2026,D,Liberty Bell 250 Privy Mark,Yes,No,No,No
coin,Roosevelt Dimes,One Dime,2026,S,Liberty Bell 250 Privy Mark Proof,Yes,No,No,No
coin,Roosevelt Dimes,One Dime,2026,S,Liberty Bell 250 Privy Mark Silver Proof,Yes,No,No,No
coin,Roosevelt Dimes,One Dime,2026,W,Liberty Bell 250 Privy Mark,Yes,No,No,No
coin,Roosevelt Dimes,One Dime,1946,P,,Yes,No,No,No
coin,Roosevelt Dimes,One Dime,1946,D,,Yes,No,No,No
coin,Roosevelt Dimes,One Dime,1946,S,,Yes,No,No,No
coin,Roosevelt Dimes,One Dime,1946,S,Inverted S,Yes,No,No,No
coin,Roosevelt Dimes,One Dime,1947,P,,Yes,No,No,No
coin,Roosevelt Dimes,One Dime,1947,D,,Yes,No,No,No
coin,Roosevelt Dimes,One Dime,1947,S,,Yes,No,No,No
coin,Roosevelt Dimes,One Dime,1948,P,,Yes,No,No,No
coin,Roosevelt Dimes,One Dime,1948,D,,Yes,No,No,No
coin,Roosevelt Dimes,One Dime,1948,S,,Yes,No,No,No
coin,Roosevelt Dimes,One Dime,1949,P,,Yes,No,No,No
coin,Roosevelt Dimes,One Dime,1949,D,,Yes,No,No,No
coin,Roosevelt Dimes,One Dime,1949,S,,Yes,No,No,No
coin,Roosevelt Dimes,One Dime,1950,P,,Yes,No,No,No
coin,Roosevelt Dimes,One Dime,1950,D,,Yes,No,No,No
coin,Roosevelt Dimes,One Dime,1950,D,D over S Overmintmark,Yes,No,No,No
coin,Roosevelt Dimes,One Dime,1950,S,,Yes,No,No,No
coin,Roosevelt Dimes,One Dime,1950,S,S over D Overmintmark,Yes,No,No,No
coin,Roosevelt Dimes,One Dime,1951,P,,Yes,No,No,No
coin,Roosevelt Dimes,One Dime,1951,D,,Yes,No,No,No
coin,Roosevelt Dimes,One Dime,1951,S,,Yes,No,No,No
coin,Roosevelt Dimes,One Dime,1952,P,,Yes,No,No,No
coin,Roosevelt Dimes,One Dime,1952,D,,Yes,No,No,No
coin,Roosevelt Dimes,One Dime,1952,S,,Yes,No,No,No
coin,Roosevelt Dimes,One Dime,1953,P,,Yes,No,No,No
coin,Roosevelt Dimes,One Dime,1953,D,,Yes,No,No,No
coin,Roosevelt Dimes,One Dime,1953,S,,Yes,No,No,No
coin,Roosevelt Dimes,One Dime,1954,P,,Yes,No,No,No
coin,Roosevelt Dimes,One Dime,1954,D,,Yes,No,No,No
coin,Roosevelt Dimes,One Dime,1954,S,,Yes,No,No,No
coin,Roosevelt Dimes,One Dime,1955,P,,Yes,No,No,No
coin,Roosevelt Dimes,One Dime,1955,D,,Yes,No,No,No
coin,Roosevelt Dimes,One Dime,1955,S,,Yes,No,No,No
coin,Roosevelt Dimes,One Dime,1956,P,,Yes,No,No,No
coin,Roosevelt Dimes,One Dime,1956,D,,Yes,No,No,No
coin,Roosevelt Dimes,One Dime,1956,S,,Yes,No,No,No
coin,Roosevelt Dimes,One Dime,1957,P,,Yes,No,No,No
coin,Roosevelt Dimes,One Dime,1957,D,,Yes,No,No,No
coin,Roosevelt Dimes,One Dime,1957,S,,Yes,No,No,No
coin,Roosevelt Dimes,One Dime,1958,P,,Yes,No,No,No
coin,Roosevelt Dimes,One Dime,1958,D,,Yes,No,No,No
coin,Roosevelt Dimes,One Dime,1958,S,,Yes,No,No,No
coin,Roosevelt Dimes,One Dime,1959,P,,Yes,No,No,No
coin,Roosevelt Dimes,One Dime,1959,D,,Yes,No,No,No
coin,Roosevelt Dimes,One Dime,1959,S,,Yes,No,No,No
coin,Roosevelt Dimes,One Dime,1960,P,,Yes,No,No,No
coin,Roosevelt Dimes,One Dime,1960,D,,Yes,No,No,No
coin,Roosevelt Dimes,One Dime,1960,S,,Yes,No,No,No
coin,Roosevelt Dimes,One Dime,1961,P,,Yes,No,No,No
coin,Roosevelt Dimes,One Dime,1961,D,,Yes,No,No,No
coin,Roosevelt Dimes,One Dime,1961,S,,Yes,No,No,No
coin,Roosevelt Dimes,One Dime,1962,P,,Yes,No,No,No
coin,Roosevelt Dimes,One Dime,1962,D,,Yes,No,No,No
coin,Roosevelt Dimes,One Dime,1962,S,,Yes,No,No,No
coin,Roosevelt Dimes,One Dime,1963,P,,Yes,No,No,No
coin,Roosevelt Dimes,One Dime,1963,D,,Yes,No,No,No
coin,Roosevelt Dimes,One Dime,1963,S,,Yes,No,No,No
coin,Roosevelt Dimes,One Dime,1964,P,,Yes,No,No,No
coin,Roosevelt Dimes,One Dime,1964,D,,Yes,No,No,No
coin,Roosevelt Dimes,One Dime,1964,D,Doubled Die Reverse,Yes,No,No,No
coin,Roosevelt Dimes,One Dime,1964,S,,Yes,No,No,No
coin,Roosevelt Dimes,One Dime,1965,SMS,,Yes,No,No,No
coin,Roosevelt Dimes,One Dime,1966,SMS,,Yes,No,No,No
coin,Roosevelt Dimes,One Dime,1967,SMS,,Yes,No,No,No
coin,Roosevelt Dimes,One Dime,1968,P,,Yes,No,No,No
coin,Roosevelt Dimes,One Dime,1968,D,,Yes,No,No,No
coin,Roosevelt Dimes,One Dime,1968,S,,Yes,No,No,No
coin,Roosevelt Dimes,One Dime,1968,S,No S Proof,Yes,No,No,No
coin,Roosevelt Dimes,One Dime,1969,P,,Yes,No,No,No
coin,Roosevelt Dimes,One Dime,1969,D,,Yes,No,No,No
coin,Roosevelt Dimes,One Dime,1969,S,,Yes,No,No,No
coin,Roosevelt Dimes,One Dime,1970,P,,Yes,No,No,No
coin,Roosevelt Dimes,One Dime,1970,D,,Yes,No,No,No
coin,Roosevelt Dimes,One Dime,1970,S,,Yes,No,No,No
coin,Roosevelt Dimes,One Dime,1970,S,No S Proof,Yes,No,No,No
coin,Roosevelt Dimes,One Dime,1971,P,,Yes,No,No,No
coin,Roosevelt Dimes,One Dime,1971,D,,Yes,No,No,No
coin,Roosevelt Dimes,One Dime,1971,S,,Yes,No,No,No
coin,Roosevelt Dimes,One Dime,1971,S,No S,Yes,No,No,No
coin,Roosevelt Dimes,One Dime,1972,P,,Yes,No,No,No
coin,Roosevelt Dimes,One Dime,1972,D,,Yes,No,No,No
coin,Roosevelt Dimes,One Dime,1972,S,,Yes,No,No,No
coin,Roosevelt Dimes,One Dime,1973,P,,Yes,No,No,No
coin,Roosevelt Dimes,One Dime,1973,D,,Yes,No,No,No
coin,Roosevelt Dimes,One Dime,1973,S,,Yes,No,No,No
coin,Roosevelt Dimes,One Dime,1974,P,,Yes,No,No,No
coin,Roosevelt Dimes,One Dime,1974,D,,Yes,No,No,No
coin,Roosevelt Dimes,One Dime,1974,S,,Yes,No,No,No
coin,Roosevelt Dimes,One Dime,1975,P,,Yes,No,No,No
coin,Roosevelt Dimes,One Dime,1975,D,,Yes,No,No,No
coin,Roosevelt Dimes,One Dime,1975,S,,Yes,No,No,No
coin,Roosevelt Dimes,One Dime,1975,S,No S,Yes,No,No,No
coin,Roosevelt Dimes,One Dime,1976,P,,Yes,No,No,No
coin,Roosevelt Dimes,One Dime,1976,D,,Yes,No,No,No
coin,Roosevelt Dimes,One Dime,1976,S,,Yes,No,No,No
coin,Roosevelt Dimes,One Dime,1977,P,,Yes,No,No,No
coin,Roosevelt Dimes,One Dime,1977,D,,Yes,No,No,No
coin,Roosevelt Dimes,One Dime,1977,S,,Yes,No,No,No
coin,Roosevelt Dimes,One Dime,1978,P,,Yes,No,No,No
coin,Roosevelt Dimes,One Dime,1978,D,,Yes,No,No,No
coin,Roosevelt Dimes,One Dime,1978,S,,Yes,No,No,No
coin,Roosevelt Dimes,One Dime,1979,P,,Yes,No,No,No
coin,Roosevelt Dimes,One Dime,1979,D,,Yes,No,No,No
coin,Roosevelt Dimes,One Dime,1979,S,,Yes,No,No,No
coin,Roosevelt Dimes,One Dime,1979,S,Type 2 - Clear S,Yes,No,No,No
coin,Roosevelt Dimes,One Dime,1980,P,,Yes,No,No,No
coin,Roosevelt Dimes,One Dime,1980,D,,Yes,No,No,No
coin,Roosevelt Dimes,One Dime,1980,S,,Yes,No,No,No
coin,Roosevelt Dimes,One Dime,1981,P,,Yes,No,No,No
coin,Roosevelt Dimes,One Dime,1981,D,,Yes,No,No,No
coin,Roosevelt Dimes,One Dime,1981,S,,Yes,No,No,No
coin,Roosevelt Dimes,One Dime,1981,S,Type 2 - Clear S,Yes,No,No,No
coin,Roosevelt Dimes,One Dime,1982,P,,Yes,No,No,No
coin,Roosevelt Dimes,One Dime,1982,P,No P - Strong Strike,Yes,No,No,No
coin,Roosevelt Dimes,One Dime,1982,P,No P - Weak Strike,Yes,No,No,No
coin,Roosevelt Dimes,One Dime,1982,D,,Yes,No,No,No
coin,Roosevelt Dimes,One Dime,1982,S,,Yes,No,No,No
coin,Roosevelt Dimes,One Dime,1983,P,,Yes,No,No,No
coin,Roosevelt Dimes,One Dime,1983,D,,Yes,No,No,No
coin,Roosevelt Dimes,One Dime,1983,S,,Yes,No,No,No
coin,Roosevelt Dimes,One Dime,1984,P,,Yes,No,No,No
coin,Roosevelt Dimes,One Dime,1984,D,,Yes,No,No,No
coin,Roosevelt Dimes,One Dime,1984,S,,Yes,No,No,No
coin,Roosevelt Dimes,One Dime,1985,P,,Yes,No,No,No
coin,Roosevelt Dimes,One Dime,1985,D,,Yes,No,No,No
coin,Roosevelt Dimes,One Dime,1985,S,,Yes,No,No,No
coin,Roosevelt Dimes,One Dime,1986,P,,Yes,No,No,No
coin,Roosevelt Dimes,One Dime,1986,D,,Yes,No,No,No
coin,Roosevelt Dimes,One Dime,1986,S,,Yes,No,No,No
coin,Roosevelt Dimes,One Dime,1987,P,,Yes,No,No,No
coin,Roosevelt Dimes,One Dime,1987,D,,Yes,No,No,No
coin,Roosevelt Dimes,One Dime,1987,S,,Yes,No,No,No
coin,Roosevelt Dimes,One Dime,1988,P,,Yes,No,No,No
coin,Roosevelt Dimes,One Dime,1988,D,,Yes,No,No,No
coin,Roosevelt Dimes,One Dime,1988,S,,Yes,No,No,No
coin,Roosevelt Dimes,One Dime,1989,P,,Yes,No,No,No
coin,Roosevelt Dimes,One Dime,1989,D,,Yes,No,No,No
coin,Roosevelt Dimes,One Dime,1989,S,,Yes,No,No,No
coin,Roosevelt Dimes,One Dime,1990,P,,Yes,No,No,No
coin,Roosevelt Dimes,One Dime,1990,D,,Yes,No,No,No
coin,Roosevelt Dimes,One Dime,1990,S,,Yes,No,No,No
coin,Roosevelt Dimes,One Dime,1990,S,No S,Yes,No,No,No
coin,Roosevelt Dimes,One Dime,1991,P,,Yes,No,No,No
coin,Roosevelt Dimes,One Dime,1991,D,,Yes,No,No,No
coin,Roosevelt Dimes,One Dime,1991,S,,Yes,No,No,No
coin,Roosevelt Dimes,One Dime,1992,P,,Yes,No,No,No
coin,Roosevelt Dimes,One Dime,1992,D,,Yes,No,No,No
coin,Roosevelt Dimes,One Dime,1992,S,,Yes,No,No,No
coin,Roosevelt Dimes,One Dime,1992,S,Silver Proof,Yes,No,No,No
coin,Roosevelt Dimes,One Dime,1993,P,,Yes,No,No,No
coin,Roosevelt Dimes,One Dime,1993,D,,Yes,No,No,No
coin,Roosevelt Dimes,One Dime,1993,S,,Yes,No,No,No
coin,Roosevelt Dimes,One Dime,1993,S,Silver Proof,Yes,No,No,No
coin,Roosevelt Dimes,One Dime,1994,P,,Yes,No,No,No
coin,Roosevelt Dimes,One Dime,1994,D,,Yes,No,No,No
coin,Roosevelt Dimes,One Dime,1994,S,,Yes,No,No,No
coin,Roosevelt Dimes,One Dime,1994,S,Silver Proof,Yes,No,No,No
coin,Roosevelt Dimes,One Dime,1995,P,,Yes,No,No,No
coin,Roosevelt Dimes,One Dime,1995,D,,Yes,No,No,No
coin,Roosevelt Dimes,One Dime,1995,S,,Yes,No,No,No
coin,Roosevelt Dimes,One Dime,1995,S,Silver Proof,Yes,No,No,No
coin,Washington Quarters (Classic),Quarter Dollar,1958,P,,Yes,No,No,No
coin,Washington Quarters (Classic),Quarter Dollar,1958,D,,Yes,No,No,No
coin,Washington Quarters (Classic),Quarter Dollar,1958,S,,Yes,No,No,No
coin,Washington Quarters (Classic),Quarter Dollar,1959,P,,Yes,No,No,No
coin,Washington Quarters (Classic),Quarter Dollar,1959,D,,Yes,No,No,No
coin,Washington Quarters (Classic),Quarter Dollar,1959,S,,Yes,No,No,No
coin,Washington Quarters (Classic),Quarter Dollar,1960,P,,Yes,No,No,No
coin,Washington Quarters (Classic),Quarter Dollar,1960,D,,Yes,No,No,No
coin,Washington Quarters (Classic),Quarter Dollar,1960,S,,Yes,No,No,No
coin,Washington Quarters (Classic),Quarter Dollar,1961,P,,Yes,No,No,No
coin,Washington Quarters (Classic),Quarter Dollar,1961,D,,Yes,No,No,No
coin,Washington Quarters (Classic),Quarter Dollar,1961,S,,Yes,No,No,No
coin,Washington Quarters (Classic),Quarter Dollar,1962,P,,Yes,No,No,No
coin,Washington Quarters (Classic),Quarter Dollar,1962,D,,Yes,No,No,No
coin,Washington Quarters (Classic),Quarter Dollar,1962,S,,Yes,No,No,No
coin,Washington Quarters (Classic),Quarter Dollar,1963,P,,Yes,No,No,No
coin,Washington Quarters (Classic),Quarter Dollar,1963,D,,Yes,No,No,No
coin,Washington Quarters (Classic),Quarter Dollar,1963,S,,Yes,No,No,No
coin,Washington Quarters (Classic),Quarter Dollar,1964,P,,Yes,No,No,No
coin,Washington Quarters (Classic),Quarter Dollar,1964,P,Type C Reverse,Yes,No,No,No
coin,Washington Quarters (Classic),Quarter Dollar,1964,D,,Yes,No,No,No
coin,Washington Quarters (Classic),Quarter Dollar,1964,D,Type C Reverse,Yes,No,No,No
coin,Washington Quarters (Classic),Quarter Dollar,1964,S,,Yes,No,No,No
coin,Washington Quarters (Classic),Quarter Dollar,1965,SMS,,Yes,No,No,No
coin,Washington Quarters (Classic),Quarter Dollar,1966,SMS,,Yes,No,No,No
coin,Washington Quarters (Classic),Quarter Dollar,1967,SMS,,Yes,No,No,No
coin,Washington Quarters (Classic),Quarter Dollar,1968,P,,Yes,No,No,No
coin,Washington Quarters (Classic),Quarter Dollar,1968,D,,Yes,No,No,No
coin,Washington Quarters (Classic),Quarter Dollar,1968,S,,Yes,No,No,No
coin,Washington Quarters (Classic),Quarter Dollar,1969,P,,Yes,No,No,No
coin,Washington Quarters (Classic),Quarter Dollar,1969,D,,Yes,No,No,No
coin,Washington Quarters (Classic),Quarter Dollar,1969,S,,Yes,No,No,No
coin,Washington Quarters (Classic),Quarter Dollar,1970,P,,Yes,No,No,No
coin,Washington Quarters (Classic),Quarter Dollar,1970,D,,Yes,No,No,No
coin,Washington Quarters (Classic),Quarter Dollar,1970,S,,Yes,No,No,No
coin,Washington Quarters (Classic),Quarter Dollar,1971,P,,Yes,No,No,No
coin,Washington Quarters (Classic),Quarter Dollar,1971,D,,Yes,No,No,No
coin,Washington Quarters (Classic),Quarter Dollar,1971,S,,Yes,No,No,No
coin,Washington Quarters (Classic),Quarter Dollar,1972,P,,Yes,No,No,No
coin,Washington Quarters (Classic),Quarter Dollar,1972,D,,Yes,No,No,No
coin,Washington Quarters (Classic),Quarter Dollar,1972,S,,Yes,No,No,No
coin,Washington Quarters (Classic),Quarter Dollar,1973,P,,Yes,No,No,No
coin,Washington Quarters (Classic),Quarter Dollar,1973,D,,Yes,No,No,No
coin,Washington Quarters (Classic),Quarter Dollar,1973,S,,Yes,No,No,No
coin,Washington Quarters (Classic),Quarter Dollar,1974,P,,Yes,No,No,No
coin,Washington Quarters (Classic),Quarter Dollar,1974,D,,Yes,No,No,No
coin,Washington Quarters (Classic),Quarter Dollar,1974,S,,Yes,No,No,No
coin,Washington Quarters (Classic),Quarter Dollar,1976,P,,Yes,No,No,No
coin,Washington Quarters (Classic),Quarter Dollar,1976,D,,Yes,No,No,No
coin,Washington Quarters (Classic),Quarter Dollar,1976,S,,Yes,No,No,No
coin,Washington Quarters (Classic),Quarter Dollar,1977,P,,Yes,No,No,No
coin,Washington Quarters (Classic),Quarter Dollar,1977,D,,Yes,No,No,No
coin,Washington Quarters (Classic),Quarter Dollar,1977,S,,Yes,No,No,No
coin,Washington Quarters (Classic),Quarter Dollar,1978,P,,Yes,No,No,No
coin,Washington Quarters (Classic),Quarter Dollar,1978,D,,Yes,No,No,No
coin,Washington Quarters (Classic),Quarter Dollar,1978,S,,Yes,No,No,No
coin,Washington Quarters (Classic),Quarter Dollar,1979,P,,Yes,No,No,No
coin,Washington Quarters (Classic),Quarter Dollar,1979,D,,Yes,No,No,No
coin,Washington Quarters (Classic),Quarter Dollar,1979,S,,Yes,No,No,No
coin,Washington Quarters (Classic),Quarter Dollar,1979,S,Type 2 Clear Mint Mark,Yes,No,No,No
coin,Washington Quarters (Classic),Quarter Dollar,1980,P,,Yes,No,No,No
coin,Washington Quarters (Classic),Quarter Dollar,1980,D,,Yes,No,No,No
coin,Washington Quarters (Classic),Quarter Dollar,1980,S,,Yes,No,No,No
coin,Washington Quarters (Classic),Quarter Dollar,1981,P,,Yes,No,No,No
coin,Washington Quarters (Classic),Quarter Dollar,1981,D,,Yes,No,No,No
coin,Washington Quarters (Classic),Quarter Dollar,1981,S,,Yes,No,No,No
coin,Washington Quarters (Classic),Quarter Dollar,1981,S,Type 2 Clear Mint Mark,Yes,No,No,No
coin,Washington Quarters (Classic),Quarter Dollar,1982,P,,Yes,No,No,No
coin,Washington Quarters (Classic),Quarter Dollar,1982,D,,Yes,No,No,No
coin,Washington Quarters (Classic),Quarter Dollar,1982,S,,Yes,No,No,No
coin,Washington Quarters (Classic),Quarter Dollar,1983,P,,Yes,No,No,No
coin,Washington Quarters (Classic),Quarter Dollar,1983,P,Doubled Die Reverse,Yes,No,No,No
coin,Washington Quarters (Classic),Quarter Dollar,1983,D,,Yes,No,No,No
coin,Washington Quarters (Classic),Quarter Dollar,1983,S,,Yes,No,No,No
coin,Washington Quarters (Classic),Quarter Dollar,1932,P,,Yes,No,No,No
coin,Washington Quarters (Classic),Quarter Dollar,1932,D,,Yes,No,No,No
coin,Washington Quarters (Classic),Quarter Dollar,1932,S,,Yes,No,No,No
coin,Washington Quarters (Classic),Quarter Dollar,1934,P,,Yes,No,No,No
coin,Washington Quarters (Classic),Quarter Dollar,1934,P,Light Motto,Yes,No,No,No
coin,Washington Quarters (Classic),Quarter Dollar,1934,P,Medium Motto,Yes,No,No,No
coin,Washington Quarters (Classic),Quarter Dollar,1934,P,Heavy Motto,Yes,No,No,No
coin,Washington Quarters (Classic),Quarter Dollar,1934,P,Doubled Die Obverse,Yes,No,No,No
coin,Washington Quarters (Classic),Quarter Dollar,1934,D,,No,No,No,No
coin,Washington Quarters (Classic),Quarter Dollar,1934,D,Medium Motto,Yes,No,No,No
coin,Washington Quarters (Classic),Quarter Dollar,1934,D,Heavy Motto,Yes,No,No,No
coin,Washington Quarters (Classic),Quarter Dollar,1934,S,,No,No,No,No
coin,Washington Quarters (Classic),Quarter Dollar,1934,S,Medium Motto,Yes,No,No,No
coin,Washington Quarters (Classic),Quarter Dollar,1934,S,Heavy Motto,Yes,No,No,No
coin,Washington Quarters (Classic),Quarter Dollar,1935,P,,No,No,No,No
coin,Washington Quarters (Classic),Quarter Dollar,1935,D,,No,No,No,No
coin,Washington Quarters (Classic),Quarter Dollar,1935,S,,No,No,No,No
coin,Washington Quarters (Classic),Quarter Dollar,1936,P,,No,No,No,No
coin,Washington Quarters (Classic),Quarter Dollar,1936,P,Doubled Die Obverse,Yes,No,No,No
coin,Washington Quarters (Classic),Quarter Dollar,1936,D,,No,No,No,No
coin,Washington Quarters (Classic),Quarter Dollar,1936,S,,No,No,No,No
coin,Washington Quarters (Classic),Quarter Dollar,1937,P,,No,No,No,No
coin,Washington Quarters (Classic),Quarter Dollar,1937,P,Doubled Die Obverse,Yes,No,No,No
coin,Washington Quarters (Classic),Quarter Dollar,1937,D,,No,No,No,No
coin,Washington Quarters (Classic),Quarter Dollar,1937,S,,No,No,No,No
coin,Washington Quarters (Classic),Quarter Dollar,1938,P,,No,No,No,No
coin,Washington Quarters (Classic),Quarter Dollar,1938,D,,Yes,No,No,No
coin,Washington Quarters (Classic),Quarter Dollar,1938,S,,Yes,No,No,No
coin,Washington Quarters (Classic),Quarter Dollar,1939,P,,No,No,No,No
coin,Washington Quarters (Classic),Quarter Dollar,1939,P,Doubled Die Reverse,Yes,No,No,No
coin,Washington Quarters (Classic),Quarter Dollar,1939,D,,No,No,No,No
coin,Washington Quarters (Classic),Quarter Dollar,1939,S,,No,No,No,No
coin,Washington Quarters (Classic),Quarter Dollar,1940,P,,No,No,No,No
coin,Washington Quarters (Classic),Quarter Dollar,1940,D,,No,No,No,No
coin,Washington Quarters (Classic),Quarter Dollar,1940,S,,No,No,No,No
coin,Washington Quarters (Classic),Quarter Dollar,1941,P,,No,No,No,No
coin,Washington Quarters (Classic),Quarter Dollar,1941,D,,No,No,No,No
coin,Washington Quarters (Classic),Quarter Dollar,1941,S,,No,No,No,No
coin,Washington Quarters (Classic),Quarter Dollar,1941,S,Large S,Yes,No,No,No
coin,Washington Quarters (Classic),Quarter Dollar,1941,S,Small S,Yes,No,No,No
coin,Washington Quarters (Classic),Quarter Dollar,1942,P,,No,No,No,No
coin,Washington Quarters (Classic),Quarter Dollar,1942,P,Doubled Die Obverse,Yes,No,No,No
coin,Washington Quarters (Classic),Quarter Dollar,1942,D,,No,No,No,No
coin,Washington Quarters (Classic),Quarter Dollar,1942,D,Doubled Die Obverse,Yes,No,No,No
coin,Washington Quarters (Classic),Quarter Dollar,1942,S,,No,No,No,No
coin,Washington Quarters (Classic),Quarter Dollar,1943,P,,No,No,No,No
coin,Washington Quarters (Classic),Quarter Dollar,1943,P,Doubled Die Obverse,Yes,No,No,No
coin,Washington Quarters (Classic),Quarter Dollar,1943,D,,No,No,No,No
coin,Washington Quarters (Classic),Quarter Dollar,1943,S,,No,No,No,No
coin,Washington Quarters (Classic),Quarter Dollar,1943,S,Doubled Die Obverse,Yes,No,No,No
coin,Washington Quarters (Classic),Quarter Dollar,1944,P,,No,No,No,No
coin,Washington Quarters (Classic),Quarter Dollar,1944,D,,No,No,No,No
coin,Washington Quarters (Classic),Quarter Dollar,1944,S,,No,No,No,No
coin,Washington Quarters (Classic),Quarter Dollar,1945,P,,No,No,No,No
coin,Washington Quarters (Classic),Quarter Dollar,1945,D,,No,No,No,No
coin,Washington Quarters (Classic),Quarter Dollar,1945,S,,No,No,No,No
coin,Washington Quarters (Classic),Quarter Dollar,1945,S,Micro S,Yes,No,No,No
coin,Washington Quarters (Classic),Quarter Dollar,1946,P,,No,No,No,No
coin,Washington Quarters (Classic),Quarter Dollar,1946,D,,No,No,No,No
coin,Washington Quarters (Classic),Quarter Dollar,1946,S,,No,No,No,No
coin,Washington Quarters (Classic),Quarter Dollar,1947,P,,No,No,No,No
coin,Washington Quarters (Classic),Quarter Dollar,1947,D,,No,No,No,No
coin,Washington Quarters (Classic),Quarter Dollar,1947,S,,No,No,No,No
coin,Washington Quarters (Classic),Quarter Dollar,1948,P,,No,No,No,No
coin,Washington Quarters (Classic),Quarter Dollar,1948,D,,No,No,No,No
coin,Washington Quarters (Classic),Quarter Dollar,1948,S,,No,No,No,No
coin,Washington Quarters (Classic),Quarter Dollar,1949,P,,No,No,No,No
coin,Washington Quarters (Classic),Quarter Dollar,1949,D,,No,No,No,No
coin,Washington Quarters (Classic),Quarter Dollar,1949,S,,No,No,No,No
coin,Washington Quarters (Classic),Quarter Dollar,1950,P,,No,No,No,No
coin,Washington Quarters (Classic),Quarter Dollar,1950,D,,No,No,No,No
coin,Washington Quarters (Classic),Quarter Dollar,1950,D,D over S,Yes,No,No,No
coin,Washington Quarters (Classic),Quarter Dollar,1950,S,,No,No,No,No
coin,Washington Quarters (Classic),Quarter Dollar,1950,S,S over D,Yes,No,No,No
coin,Washington Quarters (Classic),Quarter Dollar,1951,P,,No,No,No,No
coin,Washington Quarters (Classic),Quarter Dollar,1951,D,,No,No,No,No
coin,Washington Quarters (Classic),Quarter Dollar,1951,S,,No,No,No,No
coin,Washington Quarters (Classic),Quarter Dollar,1952,P,,No,No,No,No
coin,Washington Quarters (Classic),Quarter Dollar,1952,D,,No,No,No,No
coin,Washington Quarters (Classic),Quarter Dollar,1952,S,,No,No,No,No
coin,Washington Quarters (Classic),Quarter Dollar,1953,P,,No,No,No,No
coin,Washington Quarters (Classic),Quarter Dollar,1953,D,,No,No,No,No
coin,Washington Quarters (Classic),Quarter Dollar,1953,S,,No,No,No,No
coin,Washington Quarters (Classic),Quarter Dollar,1954,P,,No,No,No,No
coin,Washington Quarters (Classic),Quarter Dollar,1954,D,,No,No,No,No
coin,Washington Quarters (Classic),Quarter Dollar,1954,S,,No,No,No,No
coin,Washington Quarters (Classic),Quarter Dollar,1955,P,,No,No,No,No
coin,Washington Quarters (Classic),Quarter Dollar,1955,D,,No,No,No,No
coin,Washington Quarters (Classic),Quarter Dollar,1955,S,,Yes,No,No,No
coin,Washington Quarters (Classic),Quarter Dollar,1956,P,,No,No,No,No
coin,Washington Quarters (Classic),Quarter Dollar,1956,P,Type B Reverse,Yes,No,No,No
coin,Washington Quarters (Classic),Quarter Dollar,1956,D,,No,No,No,No
coin,Washington Quarters (Classic),Quarter Dollar,1956,S,,Yes,No,No,No
coin,Washington Quarters (Classic),Quarter Dollar,1957,P,,No,No,No,No
coin,Washington Quarters (Classic),Quarter Dollar,1957,P,Type B Reverse,Yes,No,No,No
coin,Washington Quarters (Classic),Quarter Dollar,1957,D,,No,No,No,No
coin,Washington Quarters (Classic),Quarter Dollar,1957,S,,Yes,No,No,No
coin,Washington Quarters (Classic),Quarter Dollar,1984,P,,Yes,No,No,No
coin,Washington Quarters (Classic),Quarter Dollar,1984,D,,Yes,No,No,No
coin,Washington Quarters (Classic),Quarter Dollar,1984,S,,Yes,No,No,No
coin,Washington Quarters (Classic),Quarter Dollar,1985,P,,Yes,No,No,No
coin,Washington Quarters (Classic),Quarter Dollar,1985,D,,Yes,No,No,No
coin,Washington Quarters (Classic),Quarter Dollar,1985,S,,Yes,No,No,No
coin,Washington Quarters (Classic),Quarter Dollar,1986,P,,Yes,No,No,No
coin,Washington Quarters (Classic),Quarter Dollar,1986,D,,Yes,No,No,No
coin,Washington Quarters (Classic),Quarter Dollar,1986,S,,Yes,No,No,No
coin,Washington Quarters (Classic),Quarter Dollar,1987,P,,Yes,No,No,No
coin,Washington Quarters (Classic),Quarter Dollar,1987,D,,Yes,No,No,No
coin,Washington Quarters (Classic),Quarter Dollar,1987,S,,Yes,No,No,No
coin,Washington Quarters (Classic),Quarter Dollar,1988,P,,Yes,No,No,No
coin,Washington Quarters (Classic),Quarter Dollar,1988,D,,Yes,No,No,No
coin,Washington Quarters (Classic),Quarter Dollar,1988,S,,Yes,No,No,No
coin,Washington Quarters (Classic),Quarter Dollar,1989,P,,Yes,No,No,No
coin,Washington Quarters (Classic),Quarter Dollar,1989,D,,Yes,No,No,No
coin,Washington Quarters (Classic),Quarter Dollar,1989,S,,Yes,No,No,No
coin,Washington Quarters (Classic),Quarter Dollar,1990,P,,Yes,No,No,No
coin,Washington Quarters (Classic),Quarter Dollar,1990,D,,Yes,No,No,No
coin,Washington Quarters (Classic),Quarter Dollar,1990,S,,Yes,No,No,No
coin,Washington Quarters (Classic),Quarter Dollar,1991,P,,Yes,No,No,No
coin,Washington Quarters (Classic),Quarter Dollar,1991,D,,Yes,No,No,No
coin,Washington Quarters (Classic),Quarter Dollar,1991,S,,Yes,No,No,No
coin,Washington Quarters (Classic),Quarter Dollar,1992,P,,Yes,No,No,No
coin,Washington Quarters (Classic),Quarter Dollar,1992,D,,Yes,No,No,No
coin,Washington Quarters (Classic),Quarter Dollar,1992,S,,Yes,No,No,No
coin,Washington Quarters (Classic),Quarter Dollar,1992,S,Silver Proof,Yes,No,No,No
coin,Washington Quarters (Classic),Quarter Dollar,1993,P,,Yes,No,No,No
coin,Washington Quarters (Classic),Quarter Dollar,1993,D,,Yes,No,No,No
coin,Washington Quarters (Classic),Quarter Dollar,1993,S,,Yes,No,No,No
coin,Washington Quarters (Classic),Quarter Dollar,1993,S,Silver Proof,Yes,No,No,No
coin,Washington Quarters (Classic),Quarter Dollar,1994,P,,Yes,No,No,No
coin,Washington Quarters (Classic),Quarter Dollar,1994,D,,Yes,No,No,No
coin,Washington Quarters (Classic),Quarter Dollar,1994,S,,Yes,No,No,No
coin,Washington Quarters (Classic),Quarter Dollar,1994,S,Silver Proof,Yes,No,No,No
coin,Washington Quarters (Classic),Quarter Dollar,1995,P,,Yes,No,No,No
coin,Washington Quarters (Classic),Quarter Dollar,1995,D,,Yes,No,No,No
coin,Washington Quarters (Classic),Quarter Dollar,1995,S,,Yes,No,No,No
coin,Washington Quarters (Classic),Quarter Dollar,1995,S,Silver Proof,Yes,No,No,No
coin,Washington Quarters (Classic),Quarter Dollar,1996,P,,Yes,No,No,No
coin,Washington Quarters (Classic),Quarter Dollar,1996,D,,Yes,No,No,No
coin,Washington Quarters (Classic),Quarter Dollar,1996,S,,Yes,No,No,No
coin,Washington Quarters (Classic),Quarter Dollar,1996,S,Silver Proof,Yes,No,No,No
coin,Washington Quarters (Classic),Quarter Dollar,1997,P,,Yes,No,No,No
coin,Washington Quarters (Classic),Quarter Dollar,1997,D,,Yes,No,No,No
coin,Washington Quarters (Classic),Quarter Dollar,1997,S,,Yes,No,No,No
coin,Washington Quarters (Classic),Quarter Dollar,1997,S,Silver Proof,Yes,No,No,No
coin,Washington Quarters (Classic),Quarter Dollar,1998,P,,Yes,No,No,No
coin,Washington Quarters (Classic),Quarter Dollar,1998,D,,Yes,No,No,No
coin,Washington Quarters (Classic),Quarter Dollar,1998,S,,Yes,No,No,No
coin,Washington Quarters (Classic),Quarter Dollar,1998,S,Silver Proof,Yes,No,No,No
coin,Washington Quarters (Classic),Quarter Dollar,2021,P,,Yes,No,No,No
coin,Washington Quarters (Classic),Quarter Dollar,2021,D,,Yes,No,No,No
coin,Washington Quarters (Classic),Quarter Dollar,2021,S,,Yes,No,No,No
coin,Washington Quarters (Classic),Quarter Dollar,2021,S,Silver Proof,Yes,No,No,No
coin,Washington Quarters (Classic),Quarter Dollar,2021,W,,Yes,No,No,No
coin,Roosevelt Dimes,One Dime,1996,P,,Yes,No,No,No
coin,Roosevelt Dimes,One Dime,1996,D,,Yes,No,No,No
coin,Roosevelt Dimes,One Dime,1996,S,,Yes,No,No,No
coin,Roosevelt Dimes,One Dime,1996,S,Silver Proof,Yes,No,No,No
coin,Roosevelt Dimes,One Dime,1997,P,,Yes,No,No,No
coin,Roosevelt Dimes,One Dime,1997,D,,Yes,No,No,No
coin,Roosevelt Dimes,One Dime,1997,S,,Yes,No,No,No
coin,Roosevelt Dimes,One Dime,1997,S,Silver Proof,Yes,No,No,No
coin,Roosevelt Dimes,One Dime,1998,P,,Yes,No,No,No
coin,Roosevelt Dimes,One Dime,1998,D,,Yes,No,No,No
coin,Roosevelt Dimes,One Dime,1998,S,,Yes,No,No,No
coin,Roosevelt Dimes,One Dime,1998,S,Silver Proof,Yes,No,No,No
coin,Roosevelt Dimes,One Dime,1999,P,,Yes,No,No,No
coin,Roosevelt Dimes,One Dime,1999,D,,Yes,No,No,No
coin,Roosevelt Dimes,One Dime,1999,S,,Yes,No,No,No
coin,Roosevelt Dimes,One Dime,1999,S,Silver Proof,Yes,No,No,No
coin,Roosevelt Dimes,One Dime,2000,P,,Yes,No,No,No
coin,Roosevelt Dimes,One Dime,2000,D,,Yes,No,No,No
coin,Roosevelt Dimes,One Dime,2000,S,,Yes,No,No,No
coin,Roosevelt Dimes,One Dime,2000,S,Silver Proof,Yes,No,No,No
coin,Roosevelt Dimes,One Dime,2001,P,,Yes,No,No,No
coin,Roosevelt Dimes,One Dime,2001,D,,Yes,No,No,No
coin,Roosevelt Dimes,One Dime,2001,S,,Yes,No,No,No
coin,Roosevelt Dimes,One Dime,2001,S,Silver Proof,Yes,No,No,No
coin,Roosevelt Dimes,One Dime,2002,P,,Yes,No,No,No
coin,Roosevelt Dimes,One Dime,2002,D,,Yes,No,No,No
coin,Roosevelt Dimes,One Dime,2002,S,,Yes,No,No,No
coin,Roosevelt Dimes,One Dime,2002,S,Silver Proof,Yes,No,No,No
coin,Roosevelt Dimes,One Dime,2003,P,,Yes,No,No,No
coin,Roosevelt Dimes,One Dime,2003,D,,Yes,No,No,No
coin,Roosevelt Dimes,One Dime,2003,S,,Yes,No,No,No
coin,Roosevelt Dimes,One Dime,2003,S,Silver Proof,Yes,No,No,No
coin,Roosevelt Dimes,One Dime,2004,P,,Yes,No,No,No
coin,Roosevelt Dimes,One Dime,2004,D,,Yes,No,No,No
coin,Roosevelt Dimes,One Dime,2004,S,,Yes,No,No,No
coin,Roosevelt Dimes,One Dime,2004,S,Silver Proof,Yes,No,No,No
coin,Roosevelt Dimes,One Dime,2005,P,,Yes,No,No,No
coin,Roosevelt Dimes,One Dime,2005,P,Satin Finish,Yes,No,No,No
coin,Roosevelt Dimes,One Dime,2005,D,,Yes,No,No,No
coin,Roosevelt Dimes,One Dime,2005,D,Satin Finish,Yes,No,No,No
coin,Roosevelt Dimes,One Dime,2005,S,,Yes,No,No,No
coin,Roosevelt Dimes,One Dime,2005,S,Silver Proof,Yes,No,No,No
coin,Roosevelt Dimes,One Dime,2006,P,,Yes,No,No,No
coin,Roosevelt Dimes,One Dime,2006,P,Satin Finish,Yes,No,No,No
coin,Roosevelt Dimes,One Dime,2006,D,,Yes,No,No,No
coin,Roosevelt Dimes,One Dime,2006,D,Satin Finish,Yes,No,No,No
coin,Roosevelt Dimes,One Dime,2006,S,,Yes,No,No,No
coin,Roosevelt Dimes,One Dime,2006,S,Silver Proof,Yes,No,No,No
coin,Roosevelt Dimes,One Dime,2007,P,,Yes,No,No,No
coin,Roosevelt Dimes,One Dime,2007,P,Satin Finish,Yes,No,No,No
coin,Roosevelt Dimes,One Dime,2007,D,,Yes,No,No,No
coin,Roosevelt Dimes,One Dime,2007,D,Satin Finish,Yes,No,No,No
coin,Roosevelt Dimes,One Dime,2007,S,,Yes,No,No,No
coin,Roosevelt Dimes,One Dime,2007,S,Silver Proof,Yes,No,No,No
coin,Roosevelt Dimes,One Dime,2008,P,,Yes,No,No,No
coin,Roosevelt Dimes,One Dime,2008,P,Satin Finish,Yes,No,No,No
coin,Roosevelt Dimes,One Dime,2008,D,,Yes,No,No,No
coin,Roosevelt Dimes,One Dime,2008,D,Satin Finish,Yes,No,No,No
coin,Roosevelt Dimes,One Dime,2008,S,,Yes,No,No,No
coin,Roosevelt Dimes,One Dime,2008,S,Silver Proof,Yes,No,No,No
coin,Roosevelt Dimes,One Dime,2009,P,,Yes,No,No,No
coin,Roosevelt Dimes,One Dime,2009,P,Satin Finish,Yes,No,No,No
coin,Roosevelt Dimes,One Dime,2009,D,,Yes,No,No,No
coin,Roosevelt Dimes,One Dime,2009,D,Satin Finish,Yes,No,No,No
coin,Roosevelt Dimes,One Dime,2009,S,,Yes,No,No,No
coin,Roosevelt Dimes,One Dime,2009,S,Silver Proof,Yes,No,No,No
coin,Roosevelt Dimes,One Dime,2010,P,,Yes,No,No,No
coin,Roosevelt Dimes,One Dime,2010,P,Satin Finish,Yes,No,No,No
coin,Roosevelt Dimes,One Dime,2010,D,,Yes,No,No,No
coin,Roosevelt Dimes,One Dime,2010,D,Satin Finish,Yes,No,No,No
coin,Roosevelt Dimes,One Dime,2010,S,,Yes,No,No,No
coin,Roosevelt Dimes,One Dime,2010,S,Silver Proof,Yes,No,No,No
coin,Roosevelt Dimes,One Dime,2011,P,,Yes,No,No,No
coin,Roosevelt Dimes,One Dime,2011,D,,Yes,No,No,No
coin,Roosevelt Dimes,One Dime,2011,S,,Yes,No,No,No
coin,Roosevelt Dimes,One Dime,2011,S,Silver Proof,Yes,No,No,No
coin,Roosevelt Dimes,One Dime,2012,P,,Yes,No,No,No
coin,Roosevelt Dimes,One Dime,2012,D,,Yes,No,No,No
coin,Roosevelt Dimes,One Dime,2012,S,,Yes,No,No,No
coin,Roosevelt Dimes,One Dime,2012,S,Silver Proof,Yes,No,No,No
coin,Roosevelt Dimes,One Dime,2013,P,,Yes,No,No,No
coin,Roosevelt Dimes,One Dime,2013,D,,Yes,No,No,No
coin,Roosevelt Dimes,One Dime,2013,S,,Yes,No,No,No
coin,Roosevelt Dimes,One Dime,2013,S,Silver Proof,Yes,No,No,No
coin,Roosevelt Dimes,One Dime,2014,P,,Yes,No,No,No
coin,Roosevelt Dimes,One Dime,2014,D,,Yes,No,No,No
coin,Roosevelt Dimes,One Dime,2014,S,,Yes,No,No,No
coin,Roosevelt Dimes,One Dime,2014,S,Silver Proof,Yes,No,No,No
coin,Roosevelt Dimes,One Dime,2015,P,,Yes,No,No,No
coin,Roosevelt Dimes,One Dime,2015,P,Reverse Proof,Yes,No,No,No
coin,Roosevelt Dimes,One Dime,2015,D,,Yes,No,No,No
coin,Roosevelt Dimes,One Dime,2015,S,,Yes,No,No,No
coin,Roosevelt Dimes,One Dime,2015,S,Silver Proof,Yes,No,No,No
coin,Roosevelt Dimes,One Dime,2016,P,,Yes,No,No,No
coin,Roosevelt Dimes,One Dime,2016,D,,Yes,No,No,No
coin,Roosevelt Dimes,One Dime,2016,S,,Yes,No,No,No
coin,Roosevelt Dimes,One Dime,2016,S,Silver Proof,Yes,No,No,No
coin,Roosevelt Dimes,One Dime,2017,P,,Yes,No,No,No
coin,Roosevelt Dimes,One Dime,2017,D,,Yes,No,No,No
coin,Roosevelt Dimes,One Dime,2017,S,,Yes,No,No,No
coin,Roosevelt Dimes,One Dime,2017,S,Silver Proof,Yes,No,No,No
coin,Roosevelt Dimes,One Dime,2018,P,,Yes,No,No,No
coin,Roosevelt Dimes,One Dime,2018,D,,Yes,No,No,No
coin,Roosevelt Dimes,One Dime,2018,S,,Yes,No,No,No
coin,Roosevelt Dimes,One Dime,2018,S,Silver Proof,Yes,No,No,No
coin,Roosevelt Dimes,One Dime,2018,S,Reverse Proof,Yes,No,No,No
coin,Roosevelt Dimes,One Dime,2019,P,,Yes,No,No,No
coin,Roosevelt Dimes,One Dime,2019,D,,Yes,No,No,No
coin,Roosevelt Dimes,One Dime,2019,S,,Yes,No,No,No
coin,Roosevelt Dimes,One Dime,2019,S,Silver Proof,Yes,No,No,No
coin,Roosevelt Dimes,One Dime,2020,P,,Yes,No,No,No
coin,Roosevelt Dimes,One Dime,2020,D,,Yes,No,No,No
coin,Roosevelt Dimes,One Dime,2020,S,,Yes,No,No,No
coin,Roosevelt Dimes,One Dime,2020,S,Silver Proof,Yes,No,No,No
coin,Kennedy Half Dollars,Half Dollar,2015,P,,Yes,No,No,No
coin,Kennedy Half Dollars,Half Dollar,2015,D,,Yes,No,No,No
coin,Kennedy Half Dollars,Half Dollar,2015,S,,Yes,No,No,No
coin,Kennedy Half Dollars,Half Dollar,2016,P,,Yes,No,No,No
coin,Kennedy Half Dollars,Half Dollar,2016,D,,Yes,No,No,No
coin,Kennedy Half Dollars,Half Dollar,2016,S,,Yes,No,No,No
coin,Kennedy Half Dollars,Half Dollar,2017,P,,Yes,No,No,No
coin,Kennedy Half Dollars,Half Dollar,2017,D,,Yes,No,No,No
coin,Kennedy Half Dollars,Half Dollar,2017,S,,Yes,No,No,No
coin,Kennedy Half Dollars,Half Dollar,2018,P,,Yes,No,No,No
coin,Kennedy Half Dollars,Half Dollar,2018,D,,Yes,No,No,No
coin,Kennedy Half Dollars,Half Dollar,2018,S,,Yes,No,No,No
coin,Kennedy Half Dollars,Half Dollar,2019,P,,Yes,No,No,No
coin,Kennedy Half Dollars,Half Dollar,2019,D,,Yes,No,No,No
coin,Kennedy Half Dollars,Half Dollar,2019,S,,Yes,No,No,No
coin,Kennedy Half Dollars,Half Dollar,2020,P,,Yes,No,No,No
coin,Kennedy Half Dollars,Half Dollar,2020,D,,Yes,No,No,No
coin,Kennedy Half Dollars,Half Dollar,2020,S,,Yes,No,No,No
coin,Kennedy Half Dollars,Half Dollar,2021,P,,Yes,No,No,No
coin,Kennedy Half Dollars,Half Dollar,2021,D,,Yes,No,No,No
coin,Kennedy Half Dollars,Half Dollar,2021,S,,Yes,No,No,No
coin,Kennedy Half Dollars,Half Dollar,2022,P,,Yes,No,No,No
coin,Kennedy Half Dollars,Half Dollar,2022,D,,Yes,No,No,No
coin,Kennedy Half Dollars,Half Dollar,2022,S,,Yes,No,No,No
coin,Kennedy Half Dollars,Half Dollar,2023,P,,Yes,No,No,No
coin,Kennedy Half Dollars,Half Dollar,2023,D,,Yes,No,No,No
coin,Kennedy Half Dollars,Half Dollar,2023,S,,Yes,No,No,No
coin,Kennedy Half Dollars,Half Dollar,2024,P,,Yes,No,No,No
coin,Kennedy Half Dollars,Half Dollar,2024,D,,Yes,No,No,No
coin,Kennedy Half Dollars,Half Dollar,2024,S,,Yes,No,No,No
coin,Kennedy Half Dollars,Half Dollar,2026,P,Liberty Bell 250 Privy Mark,Yes,No,No,No
coin,Kennedy Half Dollars,Half Dollar,2026,D,Liberty Bell 250 Privy Mark,Yes,No,No,No
coin,Kennedy Half Dollars,Half Dollar,2026,S,Liberty Bell 250 Privy Mark (Proof),Yes,No,No,No
coin,Kennedy Half Dollars,Half Dollar,2026,W,Liberty Bell 250 Privy Mark (Uncirculated),Yes,No,No,No
coin,Franklin Half Dollars,Half Dollar,1948,P,,Yes,No,No,No
coin,Franklin Half Dollars,Half Dollar,1948,D,,Yes,No,No,No
coin,Franklin Half Dollars,Half Dollar,1949,P,,Yes,No,No,No
coin,Franklin Half Dollars,Half Dollar,1949,D,,Yes,No,No,No
coin,Franklin Half Dollars,Half Dollar,1949,S,,Yes,No,No,No
coin,Franklin Half Dollars,Half Dollar,1950,P,,Yes,No,No,No
coin,Franklin Half Dollars,Half Dollar,1950,D,,Yes,No,No,No
coin,Franklin Half Dollars,Half Dollar,1950,Proof,,Yes,No,No,No
coin,Franklin Half Dollars,Half Dollar,1951,P,,Yes,No,No,No
coin,Franklin Half Dollars,Half Dollar,1951,D,,Yes,No,No,No
coin,Franklin Half Dollars,Half Dollar,1951,S,,Yes,No,No,No
coin,Franklin Half Dollars,Half Dollar,1951,Proof,,Yes,No,No,No
coin,Franklin Half Dollars,Half Dollar,1952,P,,Yes,No,No,No
coin,Franklin Half Dollars,Half Dollar,1952,D,,Yes,No,No,No
coin,Franklin Half Dollars,Half Dollar,1952,S,,Yes,No,No,No
coin,Franklin Half Dollars,Half Dollar,1952,Proof,,Yes,No,No,No
coin,Franklin Half Dollars,Half Dollar,1953,P,,Yes,No,No,No
coin,Franklin Half Dollars,Half Dollar,1953,D,,Yes,No,No,No
coin,Franklin Half Dollars,Half Dollar,1953,S,,Yes,No,No,No
coin,Franklin Half Dollars,Half Dollar,1953,Proof,,Yes,No,No,No
coin,Franklin Half Dollars,Half Dollar,1954,P,,Yes,No,No,No
coin,Franklin Half Dollars,Half Dollar,1954,D,,Yes,No,No,No
coin,Franklin Half Dollars,Half Dollar,1954,S,,Yes,No,No,No
coin,Franklin Half Dollars,Half Dollar,1954,Proof,,Yes,No,No,No
coin,Franklin Half Dollars,Half Dollar,1955,P,,Yes,No,No,No
coin,Franklin Half Dollars,Half Dollar,1955,P,Bugs Bunny,Yes,No,No,No
coin,Franklin Half Dollars,Half Dollar,1955,Proof,,Yes,No,No,No
coin,Franklin Half Dollars,Half Dollar,1956,P,,Yes,No,No,No
coin,Franklin Half Dollars,Half Dollar,1956,Proof,Type 1 Reverse,Yes,No,No,No
coin,Franklin Half Dollars,Half Dollar,1956,Proof,Type 2 Reverse,Yes,No,No,No
coin,Franklin Half Dollars,Half Dollar,1957,P,,Yes,No,No,No
coin,Franklin Half Dollars,Half Dollar,1957,D,,Yes,No,No,No
coin,Franklin Half Dollars,Half Dollar,1957,Proof,,Yes,No,No,No
coin,Franklin Half Dollars,Half Dollar,1958,P,,Yes,No,No,No
coin,Franklin Half Dollars,Half Dollar,1958,D,,Yes,No,No,No
coin,Franklin Half Dollars,Half Dollar,1958,Proof,,Yes,No,No,No
coin,Franklin Half Dollars,Half Dollar,1959,P,,Yes,No,No,No
coin,Franklin Half Dollars,Half Dollar,1959,D,,Yes,No,No,No
coin,Franklin Half Dollars,Half Dollar,1959,Proof,,Yes,No,No,No
coin,Franklin Half Dollars,Half Dollar,1960,P,,Yes,No,No,No
coin,Franklin Half Dollars,Half Dollar,1960,D,,Yes,No,No,No
coin,Franklin Half Dollars,Half Dollar,1960,Proof,,Yes,No,No,No
coin,Franklin Half Dollars,Half Dollar,1961,P,,Yes,No,No,No
coin,Franklin Half Dollars,Half Dollar,1961,D,,Yes,No,No,No
coin,Franklin Half Dollars,Half Dollar,1961,Proof,,Yes,No,No,No
coin,Franklin Half Dollars,Half Dollar,1961,Proof,Doubled Die Reverse,Yes,No,No,No
coin,Franklin Half Dollars,Half Dollar,1962,P,,Yes,No,No,No
coin,Franklin Half Dollars,Half Dollar,1962,D,,Yes,No,No,No
coin,Franklin Half Dollars,Half Dollar,1962,Proof,,Yes,No,No,No
coin,Franklin Half Dollars,Half Dollar,1963,P,,Yes,No,No,No
coin,Franklin Half Dollars,Half Dollar,1963,D,,Yes,No,No,No
coin,Franklin Half Dollars,Half Dollar,1963,Proof,,Yes,No,No,No
coin,Franklin Half Dollars,Half Dollar,2024,P,,Yes,No,No,No
coin,Franklin Half Dollars,Half Dollar,2024,D,,Yes,No,No,No
coin,Franklin Half Dollars,Half Dollar,2024,S,,Yes,No,No,No
coin,Franklin Half Dollars,Half Dollar,2026,P,Liberty Bell 250 Privy Mark,Yes,No,No,No
coin,Franklin Half Dollars,Half Dollar,2026,D,Liberty Bell 250 Privy Mark,Yes,No,No,No
coin,Franklin Half Dollars,Half Dollar,2026,S,Proof - Liberty Bell 250 Privy Mark,Yes,No,No,No
coin,Franklin Half Dollars,Half Dollar,2026,W,Uncirculated - Liberty Bell 250 Privy Mark,Yes,No,No,No
coin,Morgan Dollars,One Dollar,1903,P,,Yes,No,No,No
coin,Morgan Dollars,One Dollar,1903,O,,Yes,No,No,No
coin,Morgan Dollars,One Dollar,1903,S,,Yes,No,No,No
coin,Morgan Dollars,One Dollar,1904,P,,Yes,No,No,No
coin,Morgan Dollars,One Dollar,1904,O,,Yes,No,No,No
coin,Morgan Dollars,One Dollar,1904,S,,Yes,No,No,No
coin,Morgan Dollars,One Dollar,1921,P,,Yes,No,No,No
coin,Morgan Dollars,One Dollar,1921,P,Zerbe Proof,Yes,No,No,No
coin,Morgan Dollars,One Dollar,1921,P,Chapman Proof,Yes,No,No,No
coin,Morgan Dollars,One Dollar,1921,D,,Yes,No,No,No
coin,Morgan Dollars,One Dollar,1921,D,Micro D,Yes,No,No,No
coin,Morgan Dollars,One Dollar,1921,S,,Yes,No,No,No
coin,Morgan Dollars,One Dollar,1921,S,Micro S,Yes,No,No,No
coin,Morgan Dollars,One Dollar,2021,O,O Privy Mark,Yes,No,No,No
coin,Morgan Dollars,One Dollar,2021,CC,CC Privy Mark,Yes,No,No,No
coin,Morgan Dollars,One Dollar,2023,P,,Yes,No,No,No
coin,Morgan Dollars,One Dollar,2023,S,,Yes,No,No,No
coin,Morgan Dollars,One Dollar,2023,S,Reverse Proof,Yes,No,No,No
coin,Morgan Dollars,One Dollar,2024,P,,Yes,No,No,No
coin,Morgan Dollars,One Dollar,2024,D,,Yes,No,No,No
coin,Morgan Dollars,One Dollar,2024,S,,Yes,No,No,No
coin,Morgan Dollars,One Dollar,2026,P,Liberty Bell 250 Privy Mark,Yes,No,No,No
coin,Morgan Dollars,One Dollar,2026,D,Liberty Bell 250 Privy Mark,Yes,No,No,No
coin,Morgan Dollars,One Dollar,2026,S,Liberty Bell 250 Privy Mark,Yes,No,No,No
coin,Morgan Dollars,One Dollar,2026,W,Liberty Bell 250 Privy Mark,Yes,No,No,No
coin,Kennedy Half Dollars,Half Dollar,1964,P,,Yes,No,No,No
coin,Kennedy Half Dollars,Half Dollar,1964,P,Heavily Accented Hair,Yes,No,No,No
coin,Kennedy Half Dollars,Half Dollar,1964,P,Doubled Die Obverse,Yes,No,No,No
coin,Kennedy Half Dollars,Half Dollar,1964,P,Doubled Die Reverse,Yes,No,No,No
coin,Kennedy Half Dollars,Half Dollar,1964,D,,Yes,No,No,No
coin,Kennedy Half Dollars,Half Dollar,1964,D,Doubled Die Reverse,Yes,No,No,No
coin,Kennedy Half Dollars,Half Dollar,1965,P,,Yes,No,No,No
coin,Kennedy Half Dollars,Half Dollar,1965,D,,Yes,No,No,No
coin,Kennedy Half Dollars,Half Dollar,1966,P,,Yes,No,No,No
coin,Kennedy Half Dollars,Half Dollar,1966,P,No FG,Yes,No,No,No
coin,Kennedy Half Dollars,Half Dollar,1966,D,,Yes,No,No,No
coin,Kennedy Half Dollars,Half Dollar,1967,P,,Yes,No,No,No
coin,Kennedy Half Dollars,Half Dollar,1967,P,No FG,Yes,No,No,No
coin,Kennedy Half Dollars,Half Dollar,1967,D,,Yes,No,No,No
coin,Kennedy Half Dollars,Half Dollar,1968,P,,Yes,No,No,No
coin,Kennedy Half Dollars,Half Dollar,1968,D,,Yes,No,No,No
coin,Kennedy Half Dollars,Half Dollar,1968,S,,Yes,No,No,No
coin,Kennedy Half Dollars,Half Dollar,1969,P,,Yes,No,No,No
coin,Kennedy Half Dollars,Half Dollar,1969,D,,Yes,No,No,No
coin,Kennedy Half Dollars,Half Dollar,1969,S,,Yes,No,No,No
coin,Kennedy Half Dollars,Half Dollar,1970,D,,Yes,No,No,No
coin,Kennedy Half Dollars,Half Dollar,1970,S,,Yes,No,No,No
coin,Kennedy Half Dollars,Half Dollar,1971,P,,Yes,No,No,No
coin,Kennedy Half Dollars,Half Dollar,1971,D,,Yes,No,No,No
coin,Kennedy Half Dollars,Half Dollar,1971,D,Doubled Die Obverse,Yes,No,No,No
coin,Kennedy Half Dollars,Half Dollar,1971,S,,Yes,No,No,No
coin,Kennedy Half Dollars,Half Dollar,1972,P,,Yes,No,No,No
coin,Kennedy Half Dollars,Half Dollar,1972,P,Doubled Die Obverse,Yes,No,No,No
coin,Kennedy Half Dollars,Half Dollar,1972,D,,Yes,No,No,No
coin,Kennedy Half Dollars,Half Dollar,1972,D,No FG,Yes,No,No,No
coin,Kennedy Half Dollars,Half Dollar,1972,S,,Yes,No,No,No
coin,Kennedy Half Dollars,Half Dollar,1973,P,,Yes,No,No,No
coin,Kennedy Half Dollars,Half Dollar,1973,D,,Yes,No,No,No
coin,Kennedy Half Dollars,Half Dollar,1973,S,,Yes,No,No,No
coin,Kennedy Half Dollars,Half Dollar,1974,P,,Yes,No,No,No
coin,Kennedy Half Dollars,Half Dollar,1974,P,Doubled Die Obverse,Yes,No,No,No
coin,Kennedy Half Dollars,Half Dollar,1974,D,,Yes,No,No,No
coin,Kennedy Half Dollars,Half Dollar,1974,D,Doubled Die Obverse,Yes,No,No,No
coin,Kennedy Half Dollars,Half Dollar,1974,S,,Yes,No,No,No
coin,Kennedy Half Dollars,Half Dollar,1976,P,,Yes,No,No,No
coin,Kennedy Half Dollars,Half Dollar,1976,P,Doubled Die Obverse,Yes,No,No,No
coin,Kennedy Half Dollars,Half Dollar,1976,D,,Yes,No,No,No
coin,Kennedy Half Dollars,Half Dollar,1976,S,,Yes,No,No,No
coin,Kennedy Half Dollars,Half Dollar,1976,S,Silver Clad Proof,Yes,No,No,No
coin,Kennedy Half Dollars,Half Dollar,1976,S,Silver Clad,Yes,No,No,No
coin,Kennedy Half Dollars,Half Dollar,1977,P,,Yes,No,No,No
coin,Kennedy Half Dollars,Half Dollar,1977,D,,Yes,No,No,No
coin,Kennedy Half Dollars,Half Dollar,1977,S,,Yes,No,No,No
coin,Kennedy Half Dollars,Half Dollar,1978,P,,Yes,No,No,No
coin,Kennedy Half Dollars,Half Dollar,1978,D,,Yes,No,No,No
coin,Kennedy Half Dollars,Half Dollar,1978,S,,Yes,No,No,No
coin,Kennedy Half Dollars,Half Dollar,1979,P,,Yes,No,No,No
coin,Kennedy Half Dollars,Half Dollar,1979,D,,Yes,No,No,No
coin,Kennedy Half Dollars,Half Dollar,1979,S,,Yes,No,No,No
coin,Kennedy Half Dollars,Half Dollar,1979,S,Type 2 Clear S,Yes,No,No,No
coin,Kennedy Half Dollars,Half Dollar,1980,P,,Yes,No,No,No
coin,Kennedy Half Dollars,Half Dollar,1980,D,,Yes,No,No,No
coin,Kennedy Half Dollars,Half Dollar,1980,S,,Yes,No,No,No
coin,Kennedy Half Dollars,Half Dollar,1981,P,,Yes,No,No,No
coin,Kennedy Half Dollars,Half Dollar,1981,D,,Yes,No,No,No
coin,Kennedy Half Dollars,Half Dollar,1981,S,,Yes,No,No,No
coin,Kennedy Half Dollars,Half Dollar,1981,S,Type 2 Clear S,Yes,No,No,No
coin,Kennedy Half Dollars,Half Dollar,1982,P,,Yes,No,No,No
coin,Kennedy Half Dollars,Half Dollar,1982,P,No FG,Yes,No,No,No
coin,Kennedy Half Dollars,Half Dollar,1982,D,,Yes,No,No,No
coin,Kennedy Half Dollars,Half Dollar,1982,S,,Yes,No,No,No
coin,Kennedy Half Dollars,Half Dollar,1983,P,,Yes,No,No,No
coin,Kennedy Half Dollars,Half Dollar,1983,P,Doubled Die Reverse,Yes,No,No,No
coin,Kennedy Half Dollars,Half Dollar,1983,D,,Yes,No,No,No
coin,Kennedy Half Dollars,Half Dollar,1983,S,,Yes,No,No,No
coin,Kennedy Half Dollars,Half Dollar,1984,P,,Yes,No,No,No
coin,Kennedy Half Dollars,Half Dollar,1984,D,,Yes,No,No,No
coin,Kennedy Half Dollars,Half Dollar,1984,S,,Yes,No,No,No
coin,Kennedy Half Dollars,Half Dollar,1985,P,,Yes,No,No,No
coin,Kennedy Half Dollars,Half Dollar,1985,D,,Yes,No,No,No
coin,Kennedy Half Dollars,Half Dollar,1985,S,,Yes,No,No,No
coin,Kennedy Half Dollars,Half Dollar,1986,P,,Yes,No,No,No
coin,Kennedy Half Dollars,Half Dollar,1986,D,,Yes,No,No,No
coin,Kennedy Half Dollars,Half Dollar,1986,S,,Yes,No,No,No
coin,Kennedy Half Dollars,Half Dollar,1987,P,,Yes,No,No,No
coin,Kennedy Half Dollars,Half Dollar,1987,D,,Yes,No,No,No
coin,Kennedy Half Dollars,Half Dollar,1987,S,,Yes,No,No,No
coin,Kennedy Half Dollars,Half Dollar,1988,P,,Yes,No,No,No
coin,Kennedy Half Dollars,Half Dollar,1988,D,,Yes,No,No,No
coin,Kennedy Half Dollars,Half Dollar,1988,S,,Yes,No,No,No
coin,Kennedy Half Dollars,Half Dollar,1989,P,,Yes,No,No,No
coin,Kennedy Half Dollars,Half Dollar,1989,D,,Yes,No,No,No
coin,Kennedy Half Dollars,Half Dollar,1989,S,,Yes,No,No,No
coin,Morgan Dollars,One Dollar,1878,P,,Yes,No,No,No
coin,Morgan Dollars,One Dollar,1878,P,7/8 Tail Feathers,Yes,No,No,No
coin,Morgan Dollars,One Dollar,1878,P,"7 Tail Feathers, Reverse of 1878",Yes,No,No,No
coin,Morgan Dollars,One Dollar,1878,P,"7 Tail Feathers, Reverse of 1879",Yes,No,No,No
coin,Morgan Dollars,One Dollar,1878,CC,,Yes,No,No,No
coin,Morgan Dollars,One Dollar,1878,S,,Yes,No,No,No
coin,Morgan Dollars,One Dollar,1879,P,,Yes,No,No,No
coin,Morgan Dollars,One Dollar,1879,P,Reverse of 1878,Yes,No,No,No
coin,Morgan Dollars,One Dollar,1879,CC,,Yes,No,No,No
coin,Morgan Dollars,One Dollar,1879,CC,Capped CC,Yes,No,No,No
coin,Morgan Dollars,One Dollar,1879,O,,Yes,No,No,No
coin,Morgan Dollars,One Dollar,1879,S,,Yes,No,No,No
coin,Morgan Dollars,One Dollar,1879,S,Reverse of 1878,Yes,No,No,No
coin,Morgan Dollars,One Dollar,1880,P,,Yes,No,No,No
coin,Morgan Dollars,One Dollar,1880,P,80 over 79,Yes,No,No,No
coin,Morgan Dollars,One Dollar,1880,CC,,Yes,No,No,No
coin,Morgan Dollars,One Dollar,1880,CC,"80 over 79, Reverse of 1878",Yes,No,No,No
coin,Morgan Dollars,One Dollar,1880,CC,"80 over 79, Reverse of 1879",Yes,No,No,No
coin,Morgan Dollars,One Dollar,1880,O,,Yes,No,No,No
coin,Morgan Dollars,One Dollar,1880,O,80 over 79,Yes,No,No,No
coin,Morgan Dollars,One Dollar,1880,S,,Yes,No,No,No
coin,Morgan Dollars,One Dollar,1880,S,80 over 79,Yes,No,No,No
coin,Morgan Dollars,One Dollar,1881,P,,Yes,No,No,No
coin,Morgan Dollars,One Dollar,1881,CC,,Yes,No,No,No
coin,Morgan Dollars,One Dollar,1881,O,,Yes,No,No,No
coin,Morgan Dollars,One Dollar,1881,S,,Yes,No,No,No
coin,Morgan Dollars,One Dollar,1882,P,,Yes,No,No,No
coin,Morgan Dollars,One Dollar,1882,CC,,Yes,No,No,No
coin,Morgan Dollars,One Dollar,1882,O,,Yes,No,No,No
coin,Morgan Dollars,One Dollar,1882,O,O over S,Yes,No,No,No
coin,Morgan Dollars,One Dollar,1882,S,,Yes,No,No,No
coin,Morgan Dollars,One Dollar,1883,P,,Yes,No,No,No
coin,Morgan Dollars,One Dollar,1883,CC,,Yes,No,No,No
coin,Morgan Dollars,One Dollar,1883,O,,Yes,No,No,No
coin,Morgan Dollars,One Dollar,1883,S,,Yes,No,No,No
coin,Morgan Dollars,One Dollar,1884,P,,Yes,No,No,No
coin,Morgan Dollars,One Dollar,1884,CC,,Yes,No,No,No
coin,Morgan Dollars,One Dollar,1884,O,,Yes,No,No,No
coin,Morgan Dollars,One Dollar,1884,S,,Yes,No,No,No
coin,Morgan Dollars,One Dollar,1885,P,,Yes,No,No,No
coin,Morgan Dollars,One Dollar,1885,CC,,Yes,No,No,No
coin,Morgan Dollars,One Dollar,1885,O,,Yes,No,No,No
coin,Morgan Dollars,One Dollar,1885,S,,Yes,No,No,No
coin,Morgan Dollars,One Dollar,1886,P,,Yes,No,No,No
coin,Morgan Dollars,One Dollar,1886,O,,Yes,No,No,No
coin,Morgan Dollars,One Dollar,1886,S,,Yes,No,No,No
coin,Morgan Dollars,One Dollar,1887,P,,Yes,No,No,No
coin,Morgan Dollars,One Dollar,1887,P,7 over 6,Yes,No,No,No
coin,Morgan Dollars,One Dollar,1887,O,,Yes,No,No,No
coin,Morgan Dollars,One Dollar,1887,O,7 over 6,Yes,No,No,No
coin,Morgan Dollars,One Dollar,1887,S,,Yes,No,No,No
coin,Morgan Dollars,One Dollar,1888,P,,Yes,No,No,No
coin,Morgan Dollars,One Dollar,1888,O,,Yes,No,No,No
coin,Morgan Dollars,One Dollar,1888,O,Doubled Die Obverse,Yes,No,No,No
coin,Morgan Dollars,One Dollar,1888,S,,Yes,No,No,No
coin,Morgan Dollars,One Dollar,1889,P,,Yes,No,No,No
coin,Morgan Dollars,One Dollar,1889,CC,,Yes,No,No,No
coin,Morgan Dollars,One Dollar,1889,O,,Yes,No,No,No
coin,Morgan Dollars,One Dollar,1889,S,,Yes,No,No,No
coin,Morgan Dollars,One Dollar,1890,P,,Yes,No,No,No
coin,Morgan Dollars,One Dollar,1890,CC,,Yes,No,No,No
coin,Morgan Dollars,One Dollar,1890,O,,Yes,No,No,No
coin,Morgan Dollars,One Dollar,1890,S,,Yes,No,No,No
coin,Morgan Dollars,One Dollar,1891,P,,Yes,No,No,No
coin,Morgan Dollars,One Dollar,1891,CC,,Yes,No,No,No
coin,Morgan Dollars,One Dollar,1891,O,,Yes,No,No,No
coin,Morgan Dollars,One Dollar,1891,S,,Yes,No,No,No
coin,Morgan Dollars,One Dollar,1892,P,,Yes,No,No,No
coin,Morgan Dollars,One Dollar,1892,CC,,Yes,No,No,No
coin,Morgan Dollars,One Dollar,1892,O,,Yes,No,No,No
coin,Morgan Dollars,One Dollar,1892,S,,Yes,No,No,No
coin,Morgan Dollars,One Dollar,1893,P,,Yes,No,No,No
coin,Morgan Dollars,One Dollar,1893,CC,,Yes,No,No,No
coin,Morgan Dollars,One Dollar,1893,O,,Yes,No,No,No
coin,Morgan Dollars,One Dollar,1893,S,,Yes,No,No,No
coin,Morgan Dollars,One Dollar,1894,P,,Yes,No,No,No
coin,Morgan Dollars,One Dollar,1894,O,,Yes,No,No,No
coin,Morgan Dollars,One Dollar,1894,S,,Yes,No,No,No
coin,Morgan Dollars,One Dollar,1895,O,,Yes,No,No,No
coin,Morgan Dollars,One Dollar,1895,S,,Yes,No,No,No
coin,Morgan Dollars,One Dollar,1896,P,,Yes,No,No,No
coin,Morgan Dollars,One Dollar,1896,O,,Yes,No,No,No
coin,Morgan Dollars,One Dollar,1896,S,,Yes,No,No,No
coin,Morgan Dollars,One Dollar,1897,P,,Yes,No,No,No
coin,Morgan Dollars,One Dollar,1897,O,,Yes,No,No,No
coin,Morgan Dollars,One Dollar,1897,S,,Yes,No,No,No
coin,Morgan Dollars,One Dollar,1898,P,,Yes,No,No,No
coin,Morgan Dollars,One Dollar,1898,O,,Yes,No,No,No
coin,Morgan Dollars,One Dollar,1898,S,,Yes,No,No,No
coin,Morgan Dollars,One Dollar,1899,P,,Yes,No,No,No
coin,Morgan Dollars,One Dollar,1899,O,,Yes,No,No,No
coin,Morgan Dollars,One Dollar,1899,S,,Yes,No,No,No
coin,Morgan Dollars,One Dollar,1900,P,,Yes,No,No,No
coin,Morgan Dollars,One Dollar,1900,O,,Yes,No,No,No
coin,Morgan Dollars,One Dollar,1900,O,O over CC,Yes,No,No,No
coin,Morgan Dollars,One Dollar,1900,S,,Yes,No,No,No
coin,Morgan Dollars,One Dollar,1901,P,,Yes,No,No,No
coin,Morgan Dollars,One Dollar,1901,P,Doubled Die Reverse,Yes,No,No,No
coin,Morgan Dollars,One Dollar,1901,O,,Yes,No,No,No
coin,Morgan Dollars,One Dollar,1901,S,,Yes,No,No,No
coin,Morgan Dollars,One Dollar,1902,P,,Yes,No,No,No
coin,Morgan Dollars,One Dollar,1902,O,,Yes,No,No,No
coin,Morgan Dollars,One Dollar,1902,S,,Yes,No,No,No
coin,Kennedy Half Dollars,Half Dollar,1990,P,,Yes,No,No,No
coin,Kennedy Half Dollars,Half Dollar,1990,D,,Yes,No,No,No
coin,Kennedy Half Dollars,Half Dollar,1990,S,,Yes,No,No,No
coin,Kennedy Half Dollars,Half Dollar,1991,P,,Yes,No,No,No
coin,Kennedy Half Dollars,Half Dollar,1991,D,,Yes,No,No,No
coin,Kennedy Half Dollars,Half Dollar,1991,S,,Yes,No,No,No
coin,Kennedy Half Dollars,Half Dollar,1992,P,,Yes,No,No,No
coin,Kennedy Half Dollars,Half Dollar,1992,D,,Yes,No,No,No
coin,Kennedy Half Dollars,Half Dollar,1992,S,,Yes,No,No,No
coin,Kennedy Half Dollars,Half Dollar,1993,P,,Yes,No,No,No
coin,Kennedy Half Dollars,Half Dollar,1993,D,,Yes,No,No,No
coin,Kennedy Half Dollars,Half Dollar,1993,S,,Yes,No,No,No
coin,Kennedy Half Dollars,Half Dollar,1994,P,,Yes,No,No,No
coin,Kennedy Half Dollars,Half Dollar,1994,D,,Yes,No,No,No
coin,Kennedy Half Dollars,Half Dollar,1994,S,,Yes,No,No,No
coin,Kennedy Half Dollars,Half Dollar,1995,P,,Yes,No,No,No
coin,Kennedy Half Dollars,Half Dollar,1995,D,,Yes,No,No,No
coin,Kennedy Half Dollars,Half Dollar,1995,S,,Yes,No,No,No
coin,Kennedy Half Dollars,Half Dollar,1996,P,,Yes,No,No,No
coin,Kennedy Half Dollars,Half Dollar,1996,D,,Yes,No,No,No
coin,Kennedy Half Dollars,Half Dollar,1996,S,,Yes,No,No,No
coin,Kennedy Half Dollars,Half Dollar,1997,P,,Yes,No,No,No
coin,Kennedy Half Dollars,Half Dollar,1997,D,,Yes,No,No,No
coin,Kennedy Half Dollars,Half Dollar,1997,S,,Yes,No,No,No
coin,Kennedy Half Dollars,Half Dollar,1998,P,,Yes,No,No,No
coin,Kennedy Half Dollars,Half Dollar,1998,D,,Yes,No,No,No
coin,Kennedy Half Dollars,Half Dollar,1998,S,,Yes,No,No,No
coin,Kennedy Half Dollars,Half Dollar,1998,S,Matte Finish,Yes,No,No,No
coin,Kennedy Half Dollars,Half Dollar,1999,P,,Yes,No,No,No
coin,Kennedy Half Dollars,Half Dollar,1999,D,,Yes,No,No,No
coin,Kennedy Half Dollars,Half Dollar,1999,S,,Yes,No,No,No
coin,Kennedy Half Dollars,Half Dollar,2000,P,,Yes,No,No,No
coin,Kennedy Half Dollars,Half Dollar,2000,D,,Yes,No,No,No
coin,Kennedy Half Dollars,Half Dollar,2000,S,,Yes,No,No,No
coin,Kennedy Half Dollars,Half Dollar,2001,P,,Yes,No,No,No
coin,Kennedy Half Dollars,Half Dollar,2001,D,,Yes,No,No,No
coin,Kennedy Half Dollars,Half Dollar,2001,S,,Yes,No,No,No
coin,Kennedy Half Dollars,Half Dollar,2002,P,,Yes,No,No,No
coin,Kennedy Half Dollars,Half Dollar,2002,D,,Yes,No,No,No
coin,Kennedy Half Dollars,Half Dollar,2002,S,,Yes,No,No,No
coin,Kennedy Half Dollars,Half Dollar,2002,S,Silver,Yes,No,No,No
coin,Kennedy Half Dollars,Half Dollar,2003,P,,Yes,No,No,No
coin,Kennedy Half Dollars,Half Dollar,2003,D,,Yes,No,No,No
coin,Kennedy Half Dollars,Half Dollar,2003,S,,Yes,No,No,No
coin,Kennedy Half Dollars,Half Dollar,2003,S,Silver,Yes,No,No,No
coin,Kennedy Half Dollars,Half Dollar,2004,P,,Yes,No,No,No
coin,Kennedy Half Dollars,Half Dollar,2004,D,,Yes,No,No,No
coin,Kennedy Half Dollars,Half Dollar,2004,S,,Yes,No,No,No
coin,Kennedy Half Dollars,Half Dollar,2004,S,Silver,Yes,No,No,No
coin,Kennedy Half Dollars,Half Dollar,2005,P,,Yes,No,No,No
coin,Kennedy Half Dollars,Half Dollar,2005,P,Satin Finish,Yes,No,No,No
coin,Kennedy Half Dollars,Half Dollar,2005,D,,Yes,No,No,No
coin,Kennedy Half Dollars,Half Dollar,2005,D,Satin Finish,Yes,No,No,No
coin,Kennedy Half Dollars,Half Dollar,2005,S,,Yes,No,No,No
coin,Kennedy Half Dollars,Half Dollar,2005,S,Silver,Yes,No,No,No
coin,Kennedy Half Dollars,Half Dollar,2006,P,,Yes,No,No,No
coin,Kennedy Half Dollars,Half Dollar,2006,P,Satin Finish,Yes,No,No,No
coin,Kennedy Half Dollars,Half Dollar,2006,D,,Yes,No,No,No
coin,Kennedy Half Dollars,Half Dollar,2006,D,Satin Finish,Yes,No,No,No
coin,Kennedy Half Dollars,Half Dollar,2006,S,,Yes,No,No,No
coin,Kennedy Half Dollars,Half Dollar,2006,S,Silver,Yes,No,No,No
coin,Kennedy Half Dollars,Half Dollar,2007,P,,Yes,No,No,No
coin,Kennedy Half Dollars,Half Dollar,2007,P,Satin Finish,Yes,No,No,No
coin,Kennedy Half Dollars,Half Dollar,2007,D,,Yes,No,No,No
coin,Kennedy Half Dollars,Half Dollar,2007,D,Satin Finish,Yes,No,No,No
coin,Kennedy Half Dollars,Half Dollar,2007,S,,Yes,No,No,No
coin,Kennedy Half Dollars,Half Dollar,2007,S,Silver,Yes,No,No,No
coin,Kennedy Half Dollars,Half Dollar,2008,P,,Yes,No,No,No
coin,Kennedy Half Dollars,Half Dollar,2008,P,Satin Finish,Yes,No,No,No
coin,Kennedy Half Dollars,Half Dollar,2008,D,,Yes,No,No,No
coin,Kennedy Half Dollars,Half Dollar,2008,D,Satin Finish,Yes,No,No,No
coin,Kennedy Half Dollars,Half Dollar,2008,S,,Yes,No,No,No
coin,Kennedy Half Dollars,Half Dollar,2008,S,Silver,Yes,No,No,No
coin,Kennedy Half Dollars,Half Dollar,2009,P,,Yes,No,No,No
coin,Kennedy Half Dollars,Half Dollar,2009,P,Satin Finish,Yes,No,No,No
coin,Kennedy Half Dollars,Half Dollar,2009,D,,Yes,No,No,No
coin,Kennedy Half Dollars,Half Dollar,2009,D,Satin Finish,Yes,No,No,No
coin,Kennedy Half Dollars,Half Dollar,2009,S,,Yes,No,No,No
coin,Kennedy Half Dollars,Half Dollar,2009,S,Silver,Yes,No,No,No
coin,Kennedy Half Dollars,Half Dollar,2010,P,,Yes,No,No,No
coin,Kennedy Half Dollars,Half Dollar,2010,P,Satin Finish,Yes,No,No,No
coin,Kennedy Half Dollars,Half Dollar,2010,D,,Yes,No,No,No
coin,Kennedy Half Dollars,Half Dollar,2010,D,Satin Finish,Yes,No,No,No
coin,Kennedy Half Dollars,Half Dollar,2010,S,,Yes,No,No,No
coin,Kennedy Half Dollars,Half Dollar,2010,S,Silver,Yes,No,No,No
coin,Kennedy Half Dollars,Half Dollar,2011,P,,Yes,No,No,No
coin,Kennedy Half Dollars,Half Dollar,2011,D,,Yes,No,No,No
coin,Kennedy Half Dollars,Half Dollar,2011,S,,Yes,No,No,No
coin,Kennedy Half Dollars,Half Dollar,2011,S,Silver,Yes,No,No,No
coin,Kennedy Half Dollars,Half Dollar,2012,P,,Yes,No,No,No
coin,Kennedy Half Dollars,Half Dollar,2012,D,,Yes,No,No,No
coin,Kennedy Half Dollars,Half Dollar,2012,S,,Yes,No,No,No
coin,Kennedy Half Dollars,Half Dollar,2012,S,Silver,Yes,No,No,No
coin,Kennedy Half Dollars,Half Dollar,2013,P,,Yes,No,No,No
coin,Kennedy Half Dollars,Half Dollar,2013,D,,Yes,No,No,No
coin,Kennedy Half Dollars,Half Dollar,2013,S,,Yes,No,No,No
coin,Kennedy Half Dollars,Half Dollar,2013,S,Silver,Yes,No,No,No
coin,Kennedy Half Dollars,Half Dollar,2014,P,,Yes,No,No,No
coin,Kennedy Half Dollars,Half Dollar,2014,P,50th Anniversary Silver Proof,Yes,No,No,No
coin,Kennedy Half Dollars,Half Dollar,2014,D,,Yes,No,No,No
coin,Kennedy Half Dollars,Half Dollar,2014,D,50th Anniversary Silver Uncirculated,Yes,No,No,No
coin,Kennedy Half Dollars,Half Dollar,2014,S,,Yes,No,No,No
coin,Kennedy Half Dollars,Half Dollar,2014,S,Silver,Yes,No,No,No
coin,Kennedy Half Dollars,Half Dollar,2014,S,50th Anniversary Silver Enhanced Uncirculated,Yes,No,No,No
coin,Liberty Walking Half Dollars,Half Dollar,2024,P,,Yes,No,No,No
coin,Liberty Walking Half Dollars,Half Dollar,2024,D,,Yes,No,No,No
coin,Liberty Walking Half Dollars,Half Dollar,2024,S,,Yes,No,No,No
coin,Liberty Walking Half Dollars,Half Dollar,2026,P,Liberty Bell 250 Privy Mark,Yes,No,No,No
coin,Liberty Walking Half Dollars,Half Dollar,2026,D,Liberty Bell 250 Privy Mark,Yes,No,No,No
coin,Liberty Walking Half Dollars,Half Dollar,2026,S,Liberty Bell 250 Privy Mark,Yes,No,No,No
coin,Liberty Walking Half Dollars,Half Dollar,2026,W,Liberty Bell 250 Privy Mark,Yes,No,No,No
coin,Peace Dollars,One Dollar,1921,P,,Yes,No,No,No
coin,Peace Dollars,One Dollar,1922,P,,Yes,No,No,No
coin,Peace Dollars,One Dollar,1922,P,High Relief,Yes,No,No,No
coin,Peace Dollars,One Dollar,1922,D,,Yes,No,No,No
coin,Peace Dollars,One Dollar,1922,S,,Yes,No,No,No
coin,Peace Dollars,One Dollar,1923,P,,Yes,No,No,No
coin,Peace Dollars,One Dollar,1923,D,,Yes,No,No,No
coin,Peace Dollars,One Dollar,1923,S,,Yes,No,No,No
coin,Peace Dollars,One Dollar,1924,P,,Yes,No,No,No
coin,Peace Dollars,One Dollar,1924,S,,Yes,No,No,No
coin,Peace Dollars,One Dollar,1925,P,,Yes,No,No,No
coin,Peace Dollars,One Dollar,1925,S,,Yes,No,No,No
coin,Peace Dollars,One Dollar,1926,P,,Yes,No,No,No
coin,Peace Dollars,One Dollar,1926,D,,Yes,No,No,No
coin,Peace Dollars,One Dollar,1926,S,,Yes,No,No,No
coin,Peace Dollars,One Dollar,1927,P,,Yes,No,No,No
coin,Peace Dollars,One Dollar,1927,D,,Yes,No,No,No
coin,Peace Dollars,One Dollar,1927,S,,Yes,No,No,No
coin,Peace Dollars,One Dollar,1928,P,,Yes,No,No,No
coin,Peace Dollars,One Dollar,1928,S,,Yes,No,No,No
coin,Peace Dollars,One Dollar,1934,P,,Yes,No,No,No
coin,Peace Dollars,One Dollar,1934,P,Doubled Die Obverse,Yes,No,No,No
coin,Peace Dollars,One Dollar,1934,D,,Yes,No,No,No
coin,Peace Dollars,One Dollar,1934,D,Large D,Yes,No,No,No
coin,Peace Dollars,One Dollar,1934,D,Medium D,Yes,No,No,No
coin,Peace Dollars,One Dollar,1934,D,Small D,Yes,No,No,No
coin,Peace Dollars,One Dollar,1934,S,,Yes,No,No,No
coin,Peace Dollars,One Dollar,1935,P,,Yes,No,No,No
coin,Peace Dollars,One Dollar,1935,S,,Yes,No,No,No
coin,Peace Dollars,One Dollar,1935,S,3 Rays Under Tail,Yes,No,No,No
coin,Peace Dollars,One Dollar,1935,S,4 Rays Under Tail,Yes,No,No,No
coin,Peace Dollars,One Dollar,2021,P,,Yes,No,No,No
coin,Peace Dollars,One Dollar,2023,P,,Yes,No,No,No
coin,Peace Dollars,One Dollar,2023,S,Proof,Yes,No,No,No
coin,Peace Dollars,One Dollar,2023,S,Reverse Proof,Yes,No,No,No
coin,Peace Dollars,One Dollar,2024,P,,Yes,No,No,No
coin,Peace Dollars,One Dollar,2024,D,,Yes,No,No,No
coin,Peace Dollars,One Dollar,2024,S,Proof,Yes,No,No,No
coin,Peace Dollars,One Dollar,2026,P,Liberty Bell 250 Privy Mark,Yes,No,No,No
coin,Peace Dollars,One Dollar,2026,D,Liberty Bell 250 Privy Mark,Yes,No,No,No
coin,Peace Dollars,One Dollar,2026,S,Liberty Bell 250 Privy Mark - Proof,Yes,No,No,No
coin,Peace Dollars,One Dollar,2026,W,Liberty Bell 250 Privy Mark - Burnished,Yes,No,No,No
coin,Liberty Walking Half Dollars,Half Dollar,1916,P,,Yes,No,No,No
coin,Liberty Walking Half Dollars,Half Dollar,1916,D,,Yes,No,No,No
coin,Liberty Walking Half Dollars,Half Dollar,1916,S,,Yes,No,No,No
coin,Liberty Walking Half Dollars,Half Dollar,1917,P,,Yes,No,No,No
coin,Liberty Walking Half Dollars,Half Dollar,1917,D,,Yes,No,No,No
coin,Liberty Walking Half Dollars,Half Dollar,1917,D,Mint Mark on Reverse,Yes,No,No,No
coin,Liberty Walking Half Dollars,Half Dollar,1917,S,,Yes,No,No,No
coin,Liberty Walking Half Dollars,Half Dollar,1917,S,Mint Mark on Reverse,Yes,No,No,No
coin,Liberty Walking Half Dollars,Half Dollar,1918,P,,Yes,No,No,No
coin,Liberty Walking Half Dollars,Half Dollar,1918,D,,Yes,No,No,No
coin,Liberty Walking Half Dollars,Half Dollar,1918,S,,Yes,No,No,No
coin,Liberty Walking Half Dollars,Half Dollar,1919,P,,Yes,No,No,No
coin,Liberty Walking Half Dollars,Half Dollar,1919,D,,Yes,No,No,No
coin,Liberty Walking Half Dollars,Half Dollar,1919,S,,Yes,No,No,No
coin,Liberty Walking Half Dollars,Half Dollar,1920,P,,Yes,No,No,No
coin,Liberty Walking Half Dollars,Half Dollar,1920,D,,Yes,No,No,No
coin,Liberty Walking Half Dollars,Half Dollar,1920,S,,Yes,No,No,No
coin,Liberty Walking Half Dollars,Half Dollar,1921,P,,Yes,No,No,No
coin,Liberty Walking Half Dollars,Half Dollar,1921,D,,Yes,No,No,No
coin,Liberty Walking Half Dollars,Half Dollar,1921,S,,Yes,No,No,No
coin,Liberty Walking Half Dollars,Half Dollar,1923,S,,Yes,No,No,No
coin,Liberty Walking Half Dollars,Half Dollar,1927,S,,Yes,No,No,No
coin,Liberty Walking Half Dollars,Half Dollar,1928,S,,Yes,No,No,No
coin,Liberty Walking Half Dollars,Half Dollar,1929,D,,Yes,No,No,No
coin,Liberty Walking Half Dollars,Half Dollar,1929,S,,Yes,No,No,No
coin,Liberty Walking Half Dollars,Half Dollar,1933,S,,Yes,No,No,No
coin,Liberty Walking Half Dollars,Half Dollar,1934,P,,Yes,No,No,No
coin,Liberty Walking Half Dollars,Half Dollar,1934,D,,Yes,No,No,No
coin,Liberty Walking Half Dollars,Half Dollar,1934,D,Doubled Die Obverse,Yes,No,No,No
coin,Liberty Walking Half Dollars,Half Dollar,1934,S,,Yes,No,No,No
coin,Liberty Walking Half Dollars,Half Dollar,1935,P,,Yes,No,No,No
coin,Liberty Walking Half Dollars,Half Dollar,1935,D,,Yes,No,No,No
coin,Liberty Walking Half Dollars,Half Dollar,1935,S,,Yes,No,No,No
coin,Liberty Walking Half Dollars,Half Dollar,1936,P,,Yes,No,No,No
coin,Liberty Walking Half Dollars,Half Dollar,1936,P,Doubled Die Obverse,Yes,No,No,No
coin,Liberty Walking Half Dollars,Half Dollar,1936,D,,Yes,No,No,No
coin,Liberty Walking Half Dollars,Half Dollar,1936,S,,Yes,No,No,No
coin,Liberty Walking Half Dollars,Half Dollar,1937,P,,Yes,No,No,No
coin,Liberty Walking Half Dollars,Half Dollar,1937,D,,Yes,No,No,No
coin,Liberty Walking Half Dollars,Half Dollar,1937,S,,Yes,No,No,No
coin,Liberty Walking Half Dollars,Half Dollar,1938,P,,Yes,No,No,No
coin,Liberty Walking Half Dollars,Half Dollar,1938,D,,Yes,No,No,No
coin,Liberty Walking Half Dollars,Half Dollar,1939,P,,Yes,No,No,No
coin,Liberty Walking Half Dollars,Half Dollar,1939,D,,Yes,No,No,No
coin,Liberty Walking Half Dollars,Half Dollar,1939,S,,Yes,No,No,No
coin,Liberty Walking Half Dollars,Half Dollar,1940,P,,Yes,No,No,No
coin,Liberty Walking Half Dollars,Half Dollar,1940,S,,Yes,No,No,No
coin,Liberty Walking Half Dollars,Half Dollar,1941,P,,Yes,No,No,No
coin,Liberty Walking Half Dollars,Half Dollar,1941,D,,Yes,No,No,No
coin,Liberty Walking Half Dollars,Half Dollar,1941,S,,Yes,No,No,No
coin,Liberty Walking Half Dollars,Half Dollar,1941,S,Large S,Yes,No,No,No
coin,Liberty Walking Half Dollars,Half Dollar,1942,P,,Yes,No,No,No
coin,Liberty Walking Half Dollars,Half Dollar,1942,D,,Yes,No,No,No
coin,Liberty Walking Half Dollars,Half Dollar,1942,S,,Yes,No,No,No
coin,Liberty Walking Half Dollars,Half Dollar,1942,S,Doubled Die Reverse,Yes,No,No,No
coin,Liberty Walking Half Dollars,Half Dollar,1943,P,,Yes,No,No,No
coin,Liberty Walking Half Dollars,Half Dollar,1943,P,Doubled Die Obverse,Yes,No,No,No
coin,Liberty Walking Half Dollars,Half Dollar,1943,D,,Yes,No,No,No
coin,Liberty Walking Half Dollars,Half Dollar,1943,S,,Yes,No,No,No
coin,Liberty Walking Half Dollars,Half Dollar,1944,P,,Yes,No,No,No
coin,Liberty Walking Half Dollars,Half Dollar,1944,D,,Yes,No,No,No
coin,Liberty Walking Half Dollars,Half Dollar,1944,S,,Yes,No,No,No
coin,Liberty Walking Half Dollars,Half Dollar,1945,P,,Yes,No,No,No
coin,Liberty Walking Half Dollars,Half Dollar,1945,P,No AW,Yes,No,No,No
coin,Liberty Walking Half Dollars,Half Dollar,1945,D,,Yes,No,No,No
coin,Liberty Walking Half Dollars,Half Dollar,1945,S,,Yes,No,No,No
coin,Liberty Walking Half Dollars,Half Dollar,1946,P,,Yes,No,No,No
coin,Liberty Walking Half Dollars,Half Dollar,1946,P,Doubled Die Reverse,Yes,No,No,No
coin,Liberty Walking Half Dollars,Half Dollar,1946,D,,Yes,No,No,No
coin,Liberty Walking Half Dollars,Half Dollar,1946,D,Doubled Die Reverse,Yes,No,No,No
coin,Liberty Walking Half Dollars,Half Dollar,1946,S,,Yes,No,No,No
coin,Liberty Walking Half Dollars,Half Dollar,1946,S,Inverted S,Yes,No,No,No
coin,Liberty Walking Half Dollars,Half Dollar,1947,P,,Yes,No,No,No
coin,Liberty Walking Half Dollars,Half Dollar,1947,D,,Yes,No,No,No
coin,Eisenhower Dollars,One Dollar,1971,P,,Yes,No,No,No
coin,Eisenhower Dollars,One Dollar,1971,D,,Yes,No,No,No
coin,Eisenhower Dollars,One Dollar,1971,D,Friendly Eagle Reverse,Yes,No,No,No
coin,Eisenhower Dollars,One Dollar,1971,S,,Yes,No,No,No
coin,Eisenhower Dollars,One Dollar,1972,P,,Yes,No,No,No
coin,Eisenhower Dollars,One Dollar,1972,P,Type 1 Reverse,Yes,No,No,No
coin,Eisenhower Dollars,One Dollar,1972,P,Type 2 Reverse,Yes,No,No,No
coin,Eisenhower Dollars,One Dollar,1972,P,Type 3 Reverse,Yes,No,No,No
coin,Eisenhower Dollars,One Dollar,1972,D,,Yes,No,No,No
coin,Eisenhower Dollars,One Dollar,1972,S,,Yes,No,No,No
coin,Eisenhower Dollars,One Dollar,1973,P,,Yes,No,No,No
coin,Eisenhower Dollars,One Dollar,1973,D,,Yes,No,No,No
coin,Eisenhower Dollars,One Dollar,1973,S,,Yes,No,No,No
coin,Eisenhower Dollars,One Dollar,1974,P,,Yes,No,No,No
coin,Eisenhower Dollars,One Dollar,1974,D,,Yes,No,No,No
coin,Eisenhower Dollars,One Dollar,1974,D,Doubled Die Obverse,Yes,No,No,No
coin,Eisenhower Dollars,One Dollar,1974,S,,Yes,No,No,No
coin,Eisenhower Dollars,One Dollar,1976,P,,Yes,No,No,No
coin,Eisenhower Dollars,One Dollar,1976,D,,Yes,No,No,No
coin,Eisenhower Dollars,One Dollar,1976,S,,Yes,No,No,No
coin,Eisenhower Dollars,One Dollar,1977,P,,Yes,No,No,No
coin,Eisenhower Dollars,One Dollar,1977,D,,Yes,No,No,No
coin,Eisenhower Dollars,One Dollar,1977,S,,Yes,No,No,No
coin,Eisenhower Dollars,One Dollar,1978,P,,Yes,No,No,No
coin,Eisenhower Dollars,One Dollar,1978,D,,Yes,No,No,No
coin,Eisenhower Dollars,One Dollar,1978,S,,Yes,No,No,No
coin,Eisenhower Dollars,One Dollar,2024,P,,Yes,No,No,No
coin,Eisenhower Dollars,One Dollar,2024,D,,Yes,No,No,No
coin,Eisenhower Dollars,One Dollar,2024,S,,Yes,No,No,No
coin,Eisenhower Dollars,One Dollar,2026,P,Liberty Bell 250 Privy Mark,Yes,No,No,No
coin,Eisenhower Dollars,One Dollar,2026,D,Liberty Bell 250 Privy Mark,Yes,No,No,No
coin,Eisenhower Dollars,One Dollar,2026,S,Liberty Bell 250 Privy Mark Proof,Yes,No,No,No
coin,Eisenhower Dollars,One Dollar,2026,W,Liberty Bell 250 Privy Mark,Yes,No,No,No
coin,Barber Quarters,Quarter Dollar,2024,P,,Yes,No,No,No
coin,Barber Quarters,Quarter Dollar,2024,D,,Yes,No,No,No
coin,Barber Quarters,Quarter Dollar,2024,S,,Yes,No,No,No
coin,Barber Quarters,Quarter Dollar,2026,P,Liberty Bell 250 Privy Mark,Yes,No,No,No
coin,Barber Quarters,Quarter Dollar,2026,D,Liberty Bell 250 Privy Mark,Yes,No,No,No
coin,Barber Quarters,Quarter Dollar,2026,S,Liberty Bell 250 Privy Mark (Proof),Yes,No,No,No
coin,Barber Quarters,Quarter Dollar,2026,W,Liberty Bell 250 Privy Mark (Uncirculated),Yes,No,No,No
coin,Sacagawea & Native American Dollars,One Dollar,2025,P,,Yes,No,No,No
coin,Sacagawea & Native American Dollars,One Dollar,2025,D,,Yes,No,No,No
coin,Sacagawea & Native American Dollars,One Dollar,2025,S,,Yes,No,No,No
coin,Sacagawea & Native American Dollars,One Dollar,2026,P,Liberty Bell 250 Privy Mark,Yes,No,No,No
coin,Sacagawea & Native American Dollars,One Dollar,2026,D,Liberty Bell 250 Privy Mark,Yes,No,No,No
coin,Sacagawea & Native American Dollars,One Dollar,2026,S,Liberty Bell 250 Privy Mark (Proof),Yes,No,No,No
coin,American Silver Eagles,One Dollar,1986,P,,Yes,No,No,No
coin,American Silver Eagles,One Dollar,1986,S,Proof,Yes,No,No,No
coin,American Silver Eagles,One Dollar,1987,P,,Yes,No,No,No
coin,American Silver Eagles,One Dollar,1987,S,Proof,Yes,No,No,No
coin,American Silver Eagles,One Dollar,1988,P,,Yes,No,No,No
coin,American Silver Eagles,One Dollar,1988,S,Proof,Yes,No,No,No
coin,American Silver Eagles,One Dollar,1989,P,,Yes,No,No,No
coin,American Silver Eagles,One Dollar,1989,S,Proof,Yes,No,No,No
coin,American Silver Eagles,One Dollar,1990,P,,Yes,No,No,No
coin,American Silver Eagles,One Dollar,1990,S,Proof,Yes,No,No,No
coin,American Silver Eagles,One Dollar,1990,S,No 'S' Mintmark,Yes,No,No,No
coin,American Silver Eagles,One Dollar,1991,P,,Yes,No,No,No
coin,American Silver Eagles,One Dollar,1991,S,Proof,Yes,No,No,No
coin,American Silver Eagles,One Dollar,1992,P,,Yes,No,No,No
coin,American Silver Eagles,One Dollar,1992,S,Proof,Yes,No,No,No
coin,American Silver Eagles,One Dollar,1993,P,,Yes,No,No,No
coin,American Silver Eagles,One Dollar,1993,P,Proof,Yes,No,No,No
coin,American Silver Eagles,One Dollar,1994,P,,Yes,No,No,No
coin,American Silver Eagles,One Dollar,1994,P,Proof,Yes,No,No,No
coin,American Silver Eagles,One Dollar,1995,P,,Yes,No,No,No
coin,American Silver Eagles,One Dollar,1995,P,Proof,Yes,No,No,No
coin,American Silver Eagles,One Dollar,1995,W,Proof,Yes,No,No,No
coin,American Silver Eagles,One Dollar,1996,P,,Yes,No,No,No
coin,American Silver Eagles,One Dollar,1996,P,Proof,Yes,No,No,No
coin,American Silver Eagles,One Dollar,1997,P,,Yes,No,No,No
coin,American Silver Eagles,One Dollar,1997,P,Proof,Yes,No,No,No
coin,American Silver Eagles,One Dollar,1998,P,,Yes,No,No,No
coin,American Silver Eagles,One Dollar,1998,P,Proof,Yes,No,No,No
coin,American Silver Eagles,One Dollar,1999,P,,Yes,No,No,No
coin,American Silver Eagles,One Dollar,1999,P,Proof,Yes,No,No,No
coin,American Silver Eagles,One Dollar,2000,P,,Yes,No,No,No
coin,American Silver Eagles,One Dollar,2000,P,Proof,Yes,No,No,No
coin,American Silver Eagles,One Dollar,2001,P,,Yes,No,No,No
coin,American Silver Eagles,One Dollar,2001,W,Proof,Yes,No,No,No
coin,American Silver Eagles,One Dollar,2002,P,,Yes,No,No,No
coin,American Silver Eagles,One Dollar,2002,W,Proof,Yes,No,No,No
coin,American Silver Eagles,One Dollar,2003,P,,Yes,No,No,No
coin,American Silver Eagles,One Dollar,2003,W,Proof,Yes,No,No,No
coin,American Silver Eagles,One Dollar,2004,P,,Yes,No,No,No
coin,American Silver Eagles,One Dollar,2004,W,Proof,Yes,No,No,No
coin,American Silver Eagles,One Dollar,2005,P,,Yes,No,No,No
coin,American Silver Eagles,One Dollar,2005,W,Proof,Yes,No,No,No
coin,American Silver Eagles,One Dollar,2006,P,,Yes,No,No,No
coin,American Silver Eagles,One Dollar,2006,P,Reverse Proof,Yes,No,No,No
coin,American Silver Eagles,One Dollar,2006,W,Burnished Uncirculated,Yes,No,No,No
coin,American Silver Eagles,One Dollar,2006,W,Proof,Yes,No,No,No
coin,American Silver Eagles,One Dollar,2007,P,,Yes,No,No,No
coin,American Silver Eagles,One Dollar,2007,W,Burnished Uncirculated,Yes,No,No,No
coin,American Silver Eagles,One Dollar,2007,W,Proof,Yes,No,No,No
coin,American Silver Eagles,One Dollar,2008,P,,Yes,No,No,No
coin,American Silver Eagles,One Dollar,2008,W,Burnished Uncirculated,Yes,No,No,No
coin,American Silver Eagles,One Dollar,2008,W,Reverse of 2007,Yes,No,No,No
coin,American Silver Eagles,One Dollar,2008,W,Proof,Yes,No,No,No
coin,American Silver Eagles,One Dollar,2009,P,,Yes,No,No,No
coin,American Silver Eagles,One Dollar,2010,P,,Yes,No,No,No
coin,American Silver Eagles,One Dollar,2010,W,Proof,Yes,No,No,No
coin,America the Beautiful Quarters (National Parks),Quarter Dollar,2010,P,,Yes,No,No,No
coin,America the Beautiful Quarters (National Parks),Quarter Dollar,2010,D,,Yes,No,No,No
coin,America the Beautiful Quarters (National Parks),Quarter Dollar,2010,S,,Yes,No,No,No
coin,America the Beautiful Quarters (National Parks),Quarter Dollar,2010,S,Clad Proof,Yes,No,No,No
coin,America the Beautiful Quarters (National Parks),Quarter Dollar,2010,S,Silver Proof,Yes,No,No,No
coin,America the Beautiful Quarters (National Parks),Quarter Dollar,2011,P,,Yes,No,No,No
coin,America the Beautiful Quarters (National Parks),Quarter Dollar,2011,D,,Yes,No,No,No
coin,America the Beautiful Quarters (National Parks),Quarter Dollar,2011,S,,Yes,No,No,No
coin,America the Beautiful Quarters (National Parks),Quarter Dollar,2011,S,Clad Proof,Yes,No,No,No
coin,America the Beautiful Quarters (National Parks),Quarter Dollar,2011,S,Silver Proof,Yes,No,No,No
coin,America the Beautiful Quarters (National Parks),Quarter Dollar,2012,P,,Yes,No,No,No
coin,America the Beautiful Quarters (National Parks),Quarter Dollar,2012,D,,Yes,No,No,No
coin,America the Beautiful Quarters (National Parks),Quarter Dollar,2012,S,,Yes,No,No,No
coin,America the Beautiful Quarters (National Parks),Quarter Dollar,2012,S,Clad Proof,Yes,No,No,No
coin,America the Beautiful Quarters (National Parks),Quarter Dollar,2012,S,Silver Proof,Yes,No,No,No
coin,America the Beautiful Quarters (National Parks),Quarter Dollar,2013,P,,Yes,No,No,No
coin,America the Beautiful Quarters (National Parks),Quarter Dollar,2013,D,,Yes,No,No,No
coin,America the Beautiful Quarters (National Parks),Quarter Dollar,2013,S,,Yes,No,No,No
coin,America the Beautiful Quarters (National Parks),Quarter Dollar,2013,S,Clad Proof,Yes,No,No,No
coin,America the Beautiful Quarters (National Parks),Quarter Dollar,2013,S,Silver Proof,Yes,No,No,No
coin,America the Beautiful Quarters (National Parks),Quarter Dollar,2014,P,,Yes,No,No,No
coin,America the Beautiful Quarters (National Parks),Quarter Dollar,2014,D,,Yes,No,No,No
coin,America the Beautiful Quarters (National Parks),Quarter Dollar,2014,S,,Yes,No,No,No
coin,America the Beautiful Quarters (National Parks),Quarter Dollar,2014,S,Clad Proof,Yes,No,No,No
coin,America the Beautiful Quarters (National Parks),Quarter Dollar,2014,S,Silver Proof,Yes,No,No,No
coin,America the Beautiful Quarters (National Parks),Quarter Dollar,2015,P,,Yes,No,No,No
coin,America the Beautiful Quarters (National Parks),Quarter Dollar,2015,P,Homestead Doubled Die Reverse,Yes,No,No,No
coin,America the Beautiful Quarters (National Parks),Quarter Dollar,2015,D,,Yes,No,No,No
coin,America the Beautiful Quarters (National Parks),Quarter Dollar,2015,S,,Yes,No,No,No
coin,America the Beautiful Quarters (National Parks),Quarter Dollar,2015,S,Clad Proof,Yes,No,No,No
coin,America the Beautiful Quarters (National Parks),Quarter Dollar,2015,S,Silver Proof,Yes,No,No,No
coin,America the Beautiful Quarters (National Parks),Quarter Dollar,2016,P,,Yes,No,No,No
coin,America the Beautiful Quarters (National Parks),Quarter Dollar,2016,D,,Yes,No,No,No
coin,America the Beautiful Quarters (National Parks),Quarter Dollar,2016,S,,Yes,No,No,No
coin,America the Beautiful Quarters (National Parks),Quarter Dollar,2016,S,Clad Proof,Yes,No,No,No
coin,America the Beautiful Quarters (National Parks),Quarter Dollar,2016,S,Silver Proof,Yes,No,No,No
coin,America the Beautiful Quarters (National Parks),Quarter Dollar,2017,P,,Yes,No,No,No
coin,America the Beautiful Quarters (National Parks),Quarter Dollar,2017,D,,Yes,No,No,No
coin,America the Beautiful Quarters (National Parks),Quarter Dollar,2017,S,,Yes,No,No,No
coin,America the Beautiful Quarters (National Parks),Quarter Dollar,2017,S,Clad Proof,Yes,No,No,No
coin,America the Beautiful Quarters (National Parks),Quarter Dollar,2017,S,Silver Proof,Yes,No,No,No
coin,America the Beautiful Quarters (National Parks),Quarter Dollar,2018,P,,Yes,No,No,No
coin,America the Beautiful Quarters (National Parks),Quarter Dollar,2018,D,,Yes,No,No,No
coin,America the Beautiful Quarters (National Parks),Quarter Dollar,2018,S,,Yes,No,No,No
coin,America the Beautiful Quarters (National Parks),Quarter Dollar,2018,S,Clad Proof,Yes,No,No,No
coin,America the Beautiful Quarters (National Parks),Quarter Dollar,2018,S,Silver Proof,Yes,No,No,No
coin,America the Beautiful Quarters (National Parks),Quarter Dollar,2018,S,Reverse Proof,Yes,No,No,No
coin,America the Beautiful Quarters (National Parks),Quarter Dollar,2019,P,,Yes,No,No,No
coin,America the Beautiful Quarters (National Parks),Quarter Dollar,2019,D,,Yes,No,No,No
coin,America the Beautiful Quarters (National Parks),Quarter Dollar,2019,S,,Yes,No,No,No
coin,America the Beautiful Quarters (National Parks),Quarter Dollar,2019,S,Clad Proof,Yes,No,No,No
coin,America the Beautiful Quarters (National Parks),Quarter Dollar,2019,S,Silver Proof,Yes,No,No,No
coin,America the Beautiful Quarters (National Parks),Quarter Dollar,2020,P,,Yes,No,No,No
coin,America the Beautiful Quarters (National Parks),Quarter Dollar,2020,P,Weir Farm Doubled Die Reverse,Yes,No,No,No
coin,America the Beautiful Quarters (National Parks),Quarter Dollar,2020,D,,Yes,No,No,No
coin,America the Beautiful Quarters (National Parks),Quarter Dollar,2020,S,,Yes,No,No,No
coin,America the Beautiful Quarters (National Parks),Quarter Dollar,2020,S,Clad Proof,Yes,No,No,No
coin,America the Beautiful Quarters (National Parks),Quarter Dollar,2020,S,Silver Proof,Yes,No,No,No
coin,America the Beautiful Quarters (National Parks),Quarter Dollar,2021,P,,Yes,No,No,No
coin,America the Beautiful Quarters (National Parks),Quarter Dollar,2021,D,,Yes,No,No,No
coin,America the Beautiful Quarters (National Parks),Quarter Dollar,2021,S,,Yes,No,No,No
coin,America the Beautiful Quarters (National Parks),Quarter Dollar,2021,S,Clad Proof,Yes,No,No,No
coin,America the Beautiful Quarters (National Parks),Quarter Dollar,2021,S,Silver Proof,Yes,No,No,No
coin,America the Beautiful Quarters (National Parks),Quarter Dollar,2024,P,,Yes,No,No,No
coin,America the Beautiful Quarters (National Parks),Quarter Dollar,2024,D,,Yes,No,No,No
coin,America the Beautiful Quarters (National Parks),Quarter Dollar,2024,S,,Yes,No,No,No
coin,America the Beautiful Quarters (National Parks),Quarter Dollar,2026,P,Liberty Bell 250 Privy Mark,Yes,No,No,No
coin,America the Beautiful Quarters (National Parks),Quarter Dollar,2026,D,Liberty Bell 250 Privy Mark,Yes,No,No,No
coin,America the Beautiful Quarters (National Parks),Quarter Dollar,2026,S,Liberty Bell 250 Privy Mark Proof,Yes,No,No,No
coin,America the Beautiful Quarters (National Parks),Quarter Dollar,2026,W,Liberty Bell 250 Privy Mark,Yes,No,No,No
coin,Barber Quarters,Quarter Dollar,1892,P,,Yes,No,No,No
coin,Barber Quarters,Quarter Dollar,1892,O,,Yes,No,No,No
coin,Barber Quarters,Quarter Dollar,1892,O,Micro O,Yes,No,No,No
coin,Barber Quarters,Quarter Dollar,1892,S,,Yes,No,No,No
coin,Barber Quarters,Quarter Dollar,1893,P,,Yes,No,No,No
coin,Barber Quarters,Quarter Dollar,1893,O,,Yes,No,No,No
coin,Barber Quarters,Quarter Dollar,1893,S,,Yes,No,No,No
coin,Barber Quarters,Quarter Dollar,1894,P,,Yes,No,No,No
coin,Barber Quarters,Quarter Dollar,1894,O,,Yes,No,No,No
coin,Barber Quarters,Quarter Dollar,1894,S,,Yes,No,No,No
coin,Barber Quarters,Quarter Dollar,1895,P,,Yes,No,No,No
coin,Barber Quarters,Quarter Dollar,1895,O,,Yes,No,No,No
coin,Barber Quarters,Quarter Dollar,1895,S,,Yes,No,No,No
coin,Barber Quarters,Quarter Dollar,1896,P,,Yes,No,No,No
coin,Barber Quarters,Quarter Dollar,1896,O,,Yes,No,No,No
coin,Barber Quarters,Quarter Dollar,1896,S,,Yes,No,No,No
coin,Barber Quarters,Quarter Dollar,1897,P,,Yes,No,No,No
coin,Barber Quarters,Quarter Dollar,1897,O,,Yes,No,No,No
coin,Barber Quarters,Quarter Dollar,1897,S,,Yes,No,No,No
coin,Barber Quarters,Quarter Dollar,1898,P,,Yes,No,No,No
coin,Barber Quarters,Quarter Dollar,1898,O,,Yes,No,No,No
coin,Barber Quarters,Quarter Dollar,1898,S,,Yes,No,No,No
coin,Barber Quarters,Quarter Dollar,1899,P,,Yes,No,No,No
coin,Barber Quarters,Quarter Dollar,1899,O,,Yes,No,No,No
coin,Barber Quarters,Quarter Dollar,1899,S,,Yes,No,No,No
coin,Barber Quarters,Quarter Dollar,1900,P,,Yes,No,No,No
coin,Barber Quarters,Quarter Dollar,1900,O,,Yes,No,No,No
coin,Barber Quarters,Quarter Dollar,1900,S,,Yes,No,No,No
coin,Barber Quarters,Quarter Dollar,1901,P,,Yes,No,No,No
coin,Barber Quarters,Quarter Dollar,1901,O,,Yes,No,No,No
coin,Barber Quarters,Quarter Dollar,1901,S,,Yes,No,No,No
coin,Barber Quarters,Quarter Dollar,1902,P,,Yes,No,No,No
coin,Barber Quarters,Quarter Dollar,1902,O,,Yes,No,No,No
coin,Barber Quarters,Quarter Dollar,1902,S,,Yes,No,No,No
coin,Barber Quarters,Quarter Dollar,1903,P,,Yes,No,No,No
coin,Barber Quarters,Quarter Dollar,1903,O,,Yes,No,No,No
coin,Barber Quarters,Quarter Dollar,1903,S,,Yes,No,No,No
coin,Barber Quarters,Quarter Dollar,1904,P,,Yes,No,No,No
coin,Barber Quarters,Quarter Dollar,1904,O,,Yes,No,No,No
coin,Barber Quarters,Quarter Dollar,1905,P,,Yes,No,No,No
coin,Barber Quarters,Quarter Dollar,1905,O,,Yes,No,No,No
coin,Barber Quarters,Quarter Dollar,1905,O,Micro O,Yes,No,No,No
coin,Barber Quarters,Quarter Dollar,1905,S,,Yes,No,No,No
coin,Barber Quarters,Quarter Dollar,1906,P,,Yes,No,No,No
coin,Barber Quarters,Quarter Dollar,1906,D,,Yes,No,No,No
coin,Barber Quarters,Quarter Dollar,1906,O,,Yes,No,No,No
coin,Barber Quarters,Quarter Dollar,1907,P,,Yes,No,No,No
coin,Barber Quarters,Quarter Dollar,1907,D,,Yes,No,No,No
coin,Barber Quarters,Quarter Dollar,1907,O,,Yes,No,No,No
coin,Barber Quarters,Quarter Dollar,1907,S,,Yes,No,No,No
coin,Barber Quarters,Quarter Dollar,1908,P,,Yes,No,No,No
coin,Barber Quarters,Quarter Dollar,1908,D,,Yes,No,No,No
coin,Barber Quarters,Quarter Dollar,1908,O,,Yes,No,No,No
coin,Barber Quarters,Quarter Dollar,1908,S,,Yes,No,No,No
coin,Barber Quarters,Quarter Dollar,1909,P,,Yes,No,No,No
coin,Barber Quarters,Quarter Dollar,1909,D,,Yes,No,No,No
coin,Barber Quarters,Quarter Dollar,1909,O,,Yes,No,No,No
coin,Barber Quarters,Quarter Dollar,1909,O,O over Horizontal O,Yes,No,No,No
coin,Barber Quarters,Quarter Dollar,1909,S,,Yes,No,No,No
coin,Barber Quarters,Quarter Dollar,1910,P,,Yes,No,No,No
coin,Barber Quarters,Quarter Dollar,1910,D,,Yes,No,No,No
coin,Barber Quarters,Quarter Dollar,1911,P,,Yes,No,No,No
coin,Barber Quarters,Quarter Dollar,1911,D,,Yes,No,No,No
coin,Barber Quarters,Quarter Dollar,1911,S,,Yes,No,No,No
coin,Barber Quarters,Quarter Dollar,1912,P,,Yes,No,No,No
coin,Barber Quarters,Quarter Dollar,1912,S,,Yes,No,No,No
coin,Barber Quarters,Quarter Dollar,1913,P,,Yes,No,No,No
coin,Barber Quarters,Quarter Dollar,1913,D,,Yes,No,No,No
coin,Barber Quarters,Quarter Dollar,1913,S,,Yes,No,No,No
coin,Barber Quarters,Quarter Dollar,1914,P,,Yes,No,No,No
coin,Barber Quarters,Quarter Dollar,1914,D,,Yes,No,No,No
coin,Barber Quarters,Quarter Dollar,1914,S,,Yes,No,No,No
coin,Barber Quarters,Quarter Dollar,1915,P,,Yes,No,No,No
coin,Barber Quarters,Quarter Dollar,1915,D,,Yes,No,No,No
coin,Barber Quarters,Quarter Dollar,1915,S,,Yes,No,No,No
coin,Barber Quarters,Quarter Dollar,1916,P,,Yes,No,No,No
coin,Barber Quarters,Quarter Dollar,1916,D,,Yes,No,No,No
coin,American Silver Eagles,One Dollar,2011,P,,Yes,No,No,No
coin,American Silver Eagles,One Dollar,2011,P,Reverse Proof,Yes,No,No,No
coin,American Silver Eagles,One Dollar,2011,W,,Yes,No,No,No
coin,American Silver Eagles,One Dollar,2011,S,,Yes,No,No,No
coin,American Silver Eagles,One Dollar,2012,P,,Yes,No,No,No
coin,American Silver Eagles,One Dollar,2012,W,,Yes,No,No,No
coin,American Silver Eagles,One Dollar,2012,S,,Yes,No,No,No
coin,American Silver Eagles,One Dollar,2012,S,Reverse Proof,Yes,No,No,No
coin,American Silver Eagles,One Dollar,2013,P,,Yes,No,No,No
coin,American Silver Eagles,One Dollar,2013,W,,Yes,No,No,No
coin,American Silver Eagles,One Dollar,2013,W,Enhanced Uncirculated,Yes,No,No,No
coin,American Silver Eagles,One Dollar,2013,W,Reverse Proof,Yes,No,No,No
coin,American Silver Eagles,One Dollar,2014,P,,Yes,No,No,No
coin,American Silver Eagles,One Dollar,2014,W,,Yes,No,No,No
coin,American Silver Eagles,One Dollar,2015,P,,Yes,No,No,No
coin,American Silver Eagles,One Dollar,2015,W,,Yes,No,No,No
coin,American Silver Eagles,One Dollar,2016,P,,Yes,No,No,No
coin,American Silver Eagles,One Dollar,2016,W,,Yes,No,No,No
coin,American Silver Eagles,One Dollar,2017,P,,Yes,No,No,No
coin,American Silver Eagles,One Dollar,2017,W,,Yes,No,No,No
coin,American Silver Eagles,One Dollar,2017,S,,Yes,No,No,No
coin,American Silver Eagles,One Dollar,2018,P,,Yes,No,No,No
coin,American Silver Eagles,One Dollar,2018,W,,Yes,No,No,No
coin,American Silver Eagles,One Dollar,2018,S,,Yes,No,No,No
coin,American Silver Eagles,One Dollar,2018,S,Reverse Proof,Yes,No,No,No
coin,American Silver Eagles,One Dollar,2019,P,,Yes,No,No,No
coin,American Silver Eagles,One Dollar,2019,W,,Yes,No,No,No
coin,American Silver Eagles,One Dollar,2019,W,Enhanced Reverse Proof,Yes,No,No,No
coin,American Silver Eagles,One Dollar,2019,S,,Yes,No,No,No
coin,American Silver Eagles,One Dollar,2019,S,Enhanced Reverse Proof,Yes,No,No,No
coin,American Silver Eagles,One Dollar,2020,P,,Yes,No,No,No
coin,American Silver Eagles,One Dollar,2020,P,Emergency Issue (Struck at Philadelphia),Yes,No,No,No
coin,American Silver Eagles,One Dollar,2020,W,,Yes,No,No,No
coin,American Silver Eagles,One Dollar,2020,W,V75 Privy Mark,Yes,No,No,No
coin,American Silver Eagles,One Dollar,2020,S,,Yes,No,No,No
coin,American Silver Eagles,One Dollar,2021,Type,,Yes,No,No,No
coin,American Silver Eagles,One Dollar,2021,W,,Yes,No,No,No
coin,American Silver Eagles,One Dollar,2022,P,,Yes,No,No,No
coin,American Silver Eagles,One Dollar,2022,W,,Yes,No,No,No
coin,American Silver Eagles,One Dollar,2023,P,,Yes,No,No,No
coin,American Silver Eagles,One Dollar,2023,W,,Yes,No,No,No
coin,American Silver Eagles,One Dollar,2024,P,,Yes,No,No,No
coin,American Silver Eagles,One Dollar,2024,W,,Yes,No,No,No
coin,American Silver Eagles,One Dollar,2025,P,,Yes,No,No,No
coin,American Silver Eagles,One Dollar,2025,W,,Yes,No,No,No
coin,American Silver Eagles,One Dollar,2026,P,Liberty Bell 250 Privy Mark,Yes,No,No,No
coin,American Silver Eagles,One Dollar,2026,D,Liberty Bell 250 Privy Mark,Yes,No,No,No
coin,American Silver Eagles,One Dollar,2026,S,Liberty Bell 250 Privy Mark Proof,Yes,No,No,No
coin,American Silver Eagles,One Dollar,2026,W,Liberty Bell 250 Privy Mark Proof,Yes,No,No,No
coin,Barber Dimes,One Dime,2024,P,,Yes,No,No,No
coin,Barber Dimes,One Dime,2024,D,,Yes,No,No,No
coin,Barber Dimes,One Dime,2024,S,,Yes,No,No,No
coin,Barber Dimes,One Dime,2026,P,Liberty Bell 250 Privy Mark,Yes,No,No,No
coin,Barber Dimes,One Dime,2026,D,Liberty Bell 250 Privy Mark,Yes,No,No,No
coin,Barber Dimes,One Dime,2026,S,Liberty Bell 250 Privy Mark (Proof),Yes,No,No,No
coin,Barber Dimes,One Dime,2026,W,Liberty Bell 250 Privy Mark (Uncirculated),Yes,No,No,No
coin,Sacagawea & Native American Dollars,One Dollar,2000,P,,Yes,No,No,No
coin,Sacagawea & Native American Dollars,One Dollar,2000,P,Cheerios Dollar (Bold Tail Feathers),Yes,No,No,No
coin,Sacagawea & Native American Dollars,One Dollar,2000,P,Wounded Eagle,Yes,No,No,No
coin,Sacagawea & Native American Dollars,One Dollar,2000,P,Goodacre Specimen,Yes,No,No,No
coin,Sacagawea & Native American Dollars,One Dollar,2000,P,Mule (Quarter Obverse / Dollar Reverse),Yes,No,No,No
coin,Sacagawea & Native American Dollars,One Dollar,2000,D,,Yes,No,No,No
coin,Sacagawea & Native American Dollars,One Dollar,2000,S,,Yes,No,No,No
coin,Sacagawea & Native American Dollars,One Dollar,2001,P,,Yes,No,No,No
coin,Sacagawea & Native American Dollars,One Dollar,2001,D,,Yes,No,No,No
coin,Sacagawea & Native American Dollars,One Dollar,2001,S,,No,No,No,No
coin,Sacagawea & Native American Dollars,One Dollar,2002,P,,Yes,No,No,No
coin,Sacagawea & Native American Dollars,One Dollar,2002,D,,Yes,No,No,No
coin,Sacagawea & Native American Dollars,One Dollar,2002,S,,No,No,No,No
coin,Sacagawea & Native American Dollars,One Dollar,2003,P,,Yes,No,No,No
coin,Sacagawea & Native American Dollars,One Dollar,2003,D,,Yes,No,No,No
coin,Sacagawea & Native American Dollars,One Dollar,2003,S,,No,No,No,No
coin,Sacagawea & Native American Dollars,One Dollar,2004,P,,Yes,No,No,No
coin,Sacagawea & Native American Dollars,One Dollar,2004,D,,Yes,No,No,No
coin,Sacagawea & Native American Dollars,One Dollar,2004,S,,No,No,No,No
coin,Sacagawea & Native American Dollars,One Dollar,2005,P,,Yes,No,No,No
coin,Sacagawea & Native American Dollars,One Dollar,2005,P,Satin Finish,Yes,No,No,No
coin,Sacagawea & Native American Dollars,One Dollar,2005,D,,Yes,No,No,No
coin,Sacagawea & Native American Dollars,One Dollar,2005,D,Satin Finish,Yes,No,No,No
coin,Sacagawea & Native American Dollars,One Dollar,2005,S,,No,No,No,No
coin,Sacagawea & Native American Dollars,One Dollar,2006,P,,Yes,No,No,No
coin,Sacagawea & Native American Dollars,One Dollar,2006,P,Satin Finish,Yes,No,No,No
coin,Sacagawea & Native American Dollars,One Dollar,2006,D,,Yes,No,No,No
coin,Sacagawea & Native American Dollars,One Dollar,2006,D,Satin Finish,Yes,No,No,No
coin,Sacagawea & Native American Dollars,One Dollar,2006,S,,No,No,No,No
coin,Sacagawea & Native American Dollars,One Dollar,2007,P,,Yes,No,No,No
coin,Sacagawea & Native American Dollars,One Dollar,2007,P,Satin Finish,Yes,No,No,No
coin,Sacagawea & Native American Dollars,One Dollar,2007,D,,Yes,No,No,No
coin,Sacagawea & Native American Dollars,One Dollar,2007,D,Satin Finish,Yes,No,No,No
coin,Sacagawea & Native American Dollars,One Dollar,2007,S,,No,No,No,No
coin,Sacagawea & Native American Dollars,One Dollar,2008,P,,Yes,No,No,No
coin,Sacagawea & Native American Dollars,One Dollar,2008,P,Satin Finish,Yes,No,No,No
coin,Sacagawea & Native American Dollars,One Dollar,2008,D,,Yes,No,No,No
coin,Sacagawea & Native American Dollars,One Dollar,2008,D,Satin Finish,Yes,No,No,No
coin,Sacagawea & Native American Dollars,One Dollar,2008,S,,No,No,No,No
coin,Sacagawea & Native American Dollars,One Dollar,2009,P,,Yes,No,No,No
coin,Sacagawea & Native American Dollars,One Dollar,2009,P,Satin Finish,Yes,No,No,No
coin,Sacagawea & Native American Dollars,One Dollar,2009,D,,Yes,No,No,No
coin,Sacagawea & Native American Dollars,One Dollar,2009,D,Satin Finish,Yes,No,No,No
coin,Sacagawea & Native American Dollars,One Dollar,2009,S,,Yes,No,No,No
coin,Sacagawea & Native American Dollars,One Dollar,2010,P,,Yes,No,No,No
coin,Sacagawea & Native American Dollars,One Dollar,2010,P,Satin Finish,Yes,No,No,No
coin,Sacagawea & Native American Dollars,One Dollar,2010,D,,Yes,No,No,No
coin,Sacagawea & Native American Dollars,One Dollar,2010,D,Satin Finish,Yes,No,No,No
coin,Sacagawea & Native American Dollars,One Dollar,2010,S,,Yes,No,No,No
coin,Sacagawea & Native American Dollars,One Dollar,2011,P,,Yes,No,No,No
coin,Sacagawea & Native American Dollars,One Dollar,2011,D,,Yes,No,No,No
coin,Sacagawea & Native American Dollars,One Dollar,2011,S,,Yes,No,No,No
coin,Sacagawea & Native American Dollars,One Dollar,2012,P,,Yes,No,No,No
coin,Sacagawea & Native American Dollars,One Dollar,2012,D,,Yes,No,No,No
coin,Sacagawea & Native American Dollars,One Dollar,2012,S,,Yes,No,No,No
coin,Sacagawea & Native American Dollars,One Dollar,2013,P,,Yes,No,No,No
coin,Sacagawea & Native American Dollars,One Dollar,2013,D,,Yes,No,No,No
coin,Sacagawea & Native American Dollars,One Dollar,2013,S,,Yes,No,No,No
coin,Sacagawea & Native American Dollars,One Dollar,2014,P,,Yes,No,No,No
coin,Sacagawea & Native American Dollars,One Dollar,2014,D,,Yes,No,No,No
coin,Sacagawea & Native American Dollars,One Dollar,2014,D,Enhanced Uncirculated,Yes,No,No,No
coin,Sacagawea & Native American Dollars,One Dollar,2014,S,,Yes,No,No,No
coin,Sacagawea & Native American Dollars,One Dollar,2015,P,,Yes,No,No,No
coin,Sacagawea & Native American Dollars,One Dollar,2015,P,Enhanced Uncirculated,Yes,No,No,No
coin,Sacagawea & Native American Dollars,One Dollar,2015,D,,Yes,No,No,No
coin,Sacagawea & Native American Dollars,One Dollar,2015,S,,Yes,No,No,No
coin,Sacagawea & Native American Dollars,One Dollar,2016,P,,Yes,No,No,No
coin,Sacagawea & Native American Dollars,One Dollar,2016,P,Enhanced Uncirculated,Yes,No,No,No
coin,Sacagawea & Native American Dollars,One Dollar,2016,D,,Yes,No,No,No
coin,Sacagawea & Native American Dollars,One Dollar,2016,S,,Yes,No,No,No
coin,Sacagawea & Native American Dollars,One Dollar,2017,P,,Yes,No,No,No
coin,Sacagawea & Native American Dollars,One Dollar,2017,D,,Yes,No,No,No
coin,Sacagawea & Native American Dollars,One Dollar,2017,S,,Yes,No,No,No
coin,Sacagawea & Native American Dollars,One Dollar,2018,P,,Yes,No,No,No
coin,Sacagawea & Native American Dollars,One Dollar,2018,D,,Yes,No,No,No
coin,Sacagawea & Native American Dollars,One Dollar,2018,S,,Yes,No,No,No
coin,Sacagawea & Native American Dollars,One Dollar,2019,P,,Yes,No,No,No
coin,Sacagawea & Native American Dollars,One Dollar,2019,D,,Yes,No,No,No
coin,Sacagawea & Native American Dollars,One Dollar,2019,S,,Yes,No,No,No
coin,Sacagawea & Native American Dollars,One Dollar,2019,S,Reverse Proof,Yes,No,No,No
coin,Sacagawea & Native American Dollars,One Dollar,2020,P,,Yes,No,No,No
coin,Sacagawea & Native American Dollars,One Dollar,2020,D,,Yes,No,No,No
coin,Sacagawea & Native American Dollars,One Dollar,2020,S,,Yes,No,No,No
coin,Sacagawea & Native American Dollars,One Dollar,2021,P,,Yes,No,No,No
coin,Sacagawea & Native American Dollars,One Dollar,2021,D,,Yes,No,No,No
coin,Sacagawea & Native American Dollars,One Dollar,2021,S,,Yes,No,No,No
coin,Sacagawea & Native American Dollars,One Dollar,2022,P,,Yes,No,No,No
coin,Sacagawea & Native American Dollars,One Dollar,2022,D,,Yes,No,No,No
coin,Sacagawea & Native American Dollars,One Dollar,2022,S,,Yes,No,No,No
coin,Sacagawea & Native American Dollars,One Dollar,2023,P,,Yes,No,No,No
coin,Sacagawea & Native American Dollars,One Dollar,2023,D,,Yes,No,No,No
coin,Sacagawea & Native American Dollars,One Dollar,2023,S,,Yes,No,No,No
coin,Sacagawea & Native American Dollars,One Dollar,2024,P,,Yes,No,No,No
coin,Sacagawea & Native American Dollars,One Dollar,2024,D,,Yes,No,No,No
coin,Sacagawea & Native American Dollars,One Dollar,2024,S,,Yes,No,No,No
coin,Barber Half Dollars,Half Dollar,2026,P,Liberty Bell 250 Privy Mark,Yes,No,No,No
coin,Barber Half Dollars,Half Dollar,2026,D,Liberty Bell 250 Privy Mark,Yes,No,No,No
coin,Barber Half Dollars,Half Dollar,2026,S,Liberty Bell 250 Privy Mark Proof,Yes,No,No,No
coin,Barber Half Dollars,Half Dollar,2026,W,Liberty Bell 250 Privy Mark Proof,Yes,No,No,No
coin,Presidential Dollars,One Dollar,2007,P,,Yes,No,No,No
coin,Presidential Dollars,One Dollar,2007,P,Missing Edge Lettering,Yes,No,No,No
coin,Presidential Dollars,One Dollar,2007,P,Double Edge Lettering,Yes,No,No,No
coin,Presidential Dollars,One Dollar,2007,D,,Yes,No,No,No
coin,Presidential Dollars,One Dollar,2007,D,Missing Edge Lettering,Yes,No,No,No
coin,Presidential Dollars,One Dollar,2007,D,Double Edge Lettering,Yes,No,No,No
coin,Presidential Dollars,One Dollar,2007,S,,Yes,No,No,No
coin,Presidential Dollars,One Dollar,2008,P,,Yes,No,No,No
coin,Presidential Dollars,One Dollar,2008,P,Missing Edge Lettering,Yes,No,No,No
coin,Presidential Dollars,One Dollar,2008,D,,Yes,No,No,No
coin,Presidential Dollars,One Dollar,2008,D,Missing Edge Lettering,Yes,No,No,No
coin,Presidential Dollars,One Dollar,2008,S,,Yes,No,No,No
coin,Presidential Dollars,One Dollar,2009,P,,Yes,No,No,No
coin,Presidential Dollars,One Dollar,2009,D,,Yes,No,No,No
coin,Presidential Dollars,One Dollar,2009,S,,Yes,No,No,No
coin,Presidential Dollars,One Dollar,2010,P,,Yes,No,No,No
coin,Presidential Dollars,One Dollar,2010,D,,Yes,No,No,No
coin,Presidential Dollars,One Dollar,2010,S,,Yes,No,No,No
coin,Presidential Dollars,One Dollar,2011,P,,Yes,No,No,No
coin,Presidential Dollars,One Dollar,2011,D,,Yes,No,No,No
coin,Presidential Dollars,One Dollar,2011,S,,Yes,No,No,No
coin,Presidential Dollars,One Dollar,2012,P,,Yes,No,No,No
coin,Presidential Dollars,One Dollar,2012,D,,Yes,No,No,No
coin,Presidential Dollars,One Dollar,2012,S,,Yes,No,No,No
coin,Presidential Dollars,One Dollar,2013,P,,Yes,No,No,No
coin,Presidential Dollars,One Dollar,2013,D,,Yes,No,No,No
coin,Presidential Dollars,One Dollar,2013,S,,Yes,No,No,No
coin,Presidential Dollars,One Dollar,2014,P,,Yes,No,No,No
coin,Presidential Dollars,One Dollar,2014,D,,Yes,No,No,No
coin,Presidential Dollars,One Dollar,2014,S,,Yes,No,No,No
coin,Presidential Dollars,One Dollar,2015,P,,Yes,No,No,No
coin,Presidential Dollars,One Dollar,2015,D,,Yes,No,No,No
coin,Presidential Dollars,One Dollar,2015,S,,Yes,No,No,No
coin,Presidential Dollars,One Dollar,2016,P,,Yes,No,No,No
coin,Presidential Dollars,One Dollar,2016,D,,Yes,No,No,No
coin,Presidential Dollars,One Dollar,2016,S,,Yes,No,No,No
coin,Presidential Dollars,One Dollar,2020,P,,Yes,No,No,No
coin,Presidential Dollars,One Dollar,2020,D,,Yes,No,No,No
coin,Presidential Dollars,One Dollar,2020,S,,Yes,No,No,No
coin,Presidential Dollars,One Dollar,2024,P,,Yes,No,No,No
coin,Presidential Dollars,One Dollar,2024,D,,Yes,No,No,No
coin,Presidential Dollars,One Dollar,2024,S,,Yes,No,No,No
coin,Presidential Dollars,One Dollar,2026,P,Liberty Bell 250 Privy Mark,Yes,No,No,No
coin,Presidential Dollars,One Dollar,2026,D,Liberty Bell 250 Privy Mark,Yes,No,No,No
coin,Presidential Dollars,One Dollar,2026,S,Liberty Bell 250 Privy Mark,Yes,No,No,No
coin,Presidential Dollars,One Dollar,2026,W,Liberty Bell 250 Privy Mark,Yes,No,No,No
coin,Barber Dimes,One Dime,1892,P,,Yes,No,No,No
coin,Barber Dimes,One Dime,1892,O,,Yes,No,No,No
coin,Barber Dimes,One Dime,1892,S,,Yes,No,No,No
coin,Barber Dimes,One Dime,1893,P,,Yes,No,No,No
coin,Barber Dimes,One Dime,1893,P,1893/2 Overdate,Yes,No,No,No
coin,Barber Dimes,One Dime,1893,O,,Yes,No,No,No
coin,Barber Dimes,One Dime,1893,S,,Yes,No,No,No
coin,Barber Dimes,One Dime,1894,P,,Yes,No,No,No
coin,Barber Dimes,One Dime,1894,O,,Yes,No,No,No
coin,Barber Dimes,One Dime,1894,S,,Yes,No,No,No
coin,Barber Dimes,One Dime,1895,P,,Yes,No,No,No
coin,Barber Dimes,One Dime,1895,O,,Yes,No,No,No
coin,Barber Dimes,One Dime,1895,S,,Yes,No,No,No
coin,Barber Dimes,One Dime,1896,P,,Yes,No,No,No
coin,Barber Dimes,One Dime,1896,O,,Yes,No,No,No
coin,Barber Dimes,One Dime,1896,S,,Yes,No,No,No
coin,Barber Dimes,One Dime,1897,P,,Yes,No,No,No
coin,Barber Dimes,One Dime,1897,O,,Yes,No,No,No
coin,Barber Dimes,One Dime,1897,S,,Yes,No,No,No
coin,Barber Dimes,One Dime,1898,P,,Yes,No,No,No
coin,Barber Dimes,One Dime,1898,O,,Yes,No,No,No
coin,Barber Dimes,One Dime,1898,S,,Yes,No,No,No
coin,Barber Dimes,One Dime,1899,P,,Yes,No,No,No
coin,Barber Dimes,One Dime,1899,O,,Yes,No,No,No
coin,Barber Dimes,One Dime,1899,S,,Yes,No,No,No
coin,Barber Dimes,One Dime,1900,P,,Yes,No,No,No
coin,Barber Dimes,One Dime,1900,O,,Yes,No,No,No
coin,Barber Dimes,One Dime,1900,S,,Yes,No,No,No
coin,Barber Dimes,One Dime,1901,P,,Yes,No,No,No
coin,Barber Dimes,One Dime,1901,O,,Yes,No,No,No
coin,Barber Dimes,One Dime,1901,S,,Yes,No,No,No
coin,Barber Dimes,One Dime,1902,P,,Yes,No,No,No
coin,Barber Dimes,One Dime,1902,O,,Yes,No,No,No
coin,Barber Dimes,One Dime,1902,S,,Yes,No,No,No
coin,Barber Dimes,One Dime,1903,P,,Yes,No,No,No
coin,Barber Dimes,One Dime,1903,O,,Yes,No,No,No
coin,Barber Dimes,One Dime,1903,S,,Yes,No,No,No
coin,Barber Dimes,One Dime,1904,P,,Yes,No,No,No
coin,Barber Dimes,One Dime,1904,S,,Yes,No,No,No
coin,Barber Dimes,One Dime,1905,P,,Yes,No,No,No
coin,Barber Dimes,One Dime,1905,O,,Yes,No,No,No
coin,Barber Dimes,One Dime,1905,O,Micro O,Yes,No,No,No
coin,Barber Dimes,One Dime,1905,S,,Yes,No,No,No
coin,Barber Dimes,One Dime,1906,P,,Yes,No,No,No
coin,Barber Dimes,One Dime,1906,D,,Yes,No,No,No
coin,Barber Dimes,One Dime,1906,O,,Yes,No,No,No
coin,Barber Dimes,One Dime,1906,S,,Yes,No,No,No
coin,Barber Dimes,One Dime,1907,P,,Yes,No,No,No
coin,Barber Dimes,One Dime,1907,D,,Yes,No,No,No
coin,Barber Dimes,One Dime,1907,O,,Yes,No,No,No
coin,Barber Dimes,One Dime,1907,S,,Yes,No,No,No
coin,Barber Dimes,One Dime,1908,P,,Yes,No,No,No
coin,Barber Dimes,One Dime,1908,D,,Yes,No,No,No
coin,Barber Dimes,One Dime,1908,O,,Yes,No,No,No
coin,Barber Dimes,One Dime,1908,S,,Yes,No,No,No
coin,Barber Dimes,One Dime,1909,P,,Yes,No,No,No
coin,Barber Dimes,One Dime,1909,D,,Yes,No,No,No
coin,Barber Dimes,One Dime,1909,O,,Yes,No,No,No
coin,Barber Dimes,One Dime,1909,S,,Yes,No,No,No
coin,Barber Dimes,One Dime,1910,P,,Yes,No,No,No
coin,Barber Dimes,One Dime,1910,D,,Yes,No,No,No
coin,Barber Dimes,One Dime,1910,S,,Yes,No,No,No
coin,Barber Dimes,One Dime,1911,P,,Yes,No,No,No
coin,Barber Dimes,One Dime,1911,D,,Yes,No,No,No
coin,Barber Dimes,One Dime,1911,S,,Yes,No,No,No
coin,Barber Dimes,One Dime,1912,P,,Yes,No,No,No
coin,Barber Dimes,One Dime,1912,D,,Yes,No,No,No
coin,Barber Dimes,One Dime,1912,S,,Yes,No,No,No
coin,Barber Dimes,One Dime,1913,P,,Yes,No,No,No
coin,Barber Dimes,One Dime,1913,S,,Yes,No,No,No
coin,Barber Dimes,One Dime,1914,P,,Yes,No,No,No
coin,Barber Dimes,One Dime,1914,D,,Yes,No,No,No
coin,Barber Dimes,One Dime,1914,S,,Yes,No,No,No
coin,Barber Dimes,One Dime,1915,P,,Yes,No,No,No
coin,Barber Dimes,One Dime,1915,S,,Yes,No,No,No
coin,Barber Dimes,One Dime,1916,P,,Yes,No,No,No
coin,Barber Dimes,One Dime,1916,S,,Yes,No,No,No
coin,American Innovation $1 Coin Program,One Dollar,2018,P,,Yes,No,No,No
coin,American Innovation $1 Coin Program,One Dollar,2018,D,,Yes,No,No,No
coin,American Innovation $1 Coin Program,One Dollar,2018,S,,Yes,No,No,No
coin,American Innovation $1 Coin Program,One Dollar,2018,Proof,,Yes,No,No,No
coin,American Innovation $1 Coin Program,One Dollar,2019,P,,Yes,No,No,No
coin,American Innovation $1 Coin Program,One Dollar,2019,D,,Yes,No,No,No
coin,American Innovation $1 Coin Program,One Dollar,2019,S,,Yes,No,No,No
coin,American Innovation $1 Coin Program,One Dollar,2019,Proof,,Yes,No,No,No
coin,American Innovation $1 Coin Program,One Dollar,2020,P,,Yes,No,No,No
coin,American Innovation $1 Coin Program,One Dollar,2020,D,,Yes,No,No,No
coin,American Innovation $1 Coin Program,One Dollar,2020,S,,Yes,No,No,No
coin,American Innovation $1 Coin Program,One Dollar,2020,Proof,,Yes,No,No,No
coin,American Innovation $1 Coin Program,One Dollar,2021,P,,Yes,No,No,No
coin,American Innovation $1 Coin Program,One Dollar,2021,D,,Yes,No,No,No
coin,American Innovation $1 Coin Program,One Dollar,2021,S,,Yes,No,No,No
coin,American Innovation $1 Coin Program,One Dollar,2021,Proof,,Yes,No,No,No
coin,American Innovation $1 Coin Program,One Dollar,2022,P,,Yes,No,No,No
coin,American Innovation $1 Coin Program,One Dollar,2022,D,,Yes,No,No,No
coin,American Innovation $1 Coin Program,One Dollar,2022,S,,Yes,No,No,No
coin,American Innovation $1 Coin Program,One Dollar,2022,Proof,,Yes,No,No,No
coin,American Innovation $1 Coin Program,One Dollar,2023,P,,Yes,No,No,No
coin,American Innovation $1 Coin Program,One Dollar,2023,D,,Yes,No,No,No
coin,American Innovation $1 Coin Program,One Dollar,2023,S,,Yes,No,No,No
coin,American Innovation $1 Coin Program,One Dollar,2023,Proof,,Yes,No,No,No
coin,American Innovation $1 Coin Program,One Dollar,2024,P,,Yes,No,No,No
coin,American Innovation $1 Coin Program,One Dollar,2024,D,,Yes,No,No,No
coin,American Innovation $1 Coin Program,One Dollar,2024,S,,Yes,No,No,No
coin,American Innovation $1 Coin Program,One Dollar,2024,Proof,,Yes,No,No,No
coin,American Innovation $1 Coin Program,One Dollar,2025,P,,Yes,No,No,No
coin,American Innovation $1 Coin Program,One Dollar,2025,D,,Yes,No,No,No
coin,American Innovation $1 Coin Program,One Dollar,2025,S,,Yes,No,No,No
coin,American Innovation $1 Coin Program,One Dollar,2025,Proof,,Yes,No,No,No
coin,American Innovation $1 Coin Program,One Dollar,2026,P,Liberty Bell 250 Privy Mark,Yes,No,No,No
coin,American Innovation $1 Coin Program,One Dollar,2026,D,Liberty Bell 250 Privy Mark,Yes,No,No,No
coin,American Innovation $1 Coin Program,One Dollar,2026,S,Liberty Bell 250 Privy Mark (Reverse Proof),Yes,No,No,No
coin,American Innovation $1 Coin Program,One Dollar,2026,Proof,Liberty Bell 250 Privy Mark (Proof),Yes,No,No,No
coin,American Innovation $1 Coin Program,One Dollar,2027,P,,Yes,No,No,No
coin,American Innovation $1 Coin Program,One Dollar,2027,D,,Yes,No,No,No
coin,American Innovation $1 Coin Program,One Dollar,2027,S,,Yes,No,No,No
coin,American Innovation $1 Coin Program,One Dollar,2027,Proof,,Yes,No,No,No
coin,American Innovation $1 Coin Program,One Dollar,2028,P,,Yes,No,No,No
coin,American Innovation $1 Coin Program,One Dollar,2028,D,,Yes,No,No,No
coin,American Innovation $1 Coin Program,One Dollar,2028,S,,Yes,No,No,No
coin,American Innovation $1 Coin Program,One Dollar,2028,Proof,,Yes,No,No,No
coin,American Innovation $1 Coin Program,One Dollar,2029,P,,Yes,No,No,No
coin,American Innovation $1 Coin Program,One Dollar,2029,D,,Yes,No,No,No
coin,American Innovation $1 Coin Program,One Dollar,2029,S,,Yes,No,No,No
coin,American Innovation $1 Coin Program,One Dollar,2029,Proof,,Yes,No,No,No
coin,American Innovation $1 Coin Program,One Dollar,2030,P,,Yes,No,No,No
coin,American Innovation $1 Coin Program,One Dollar,2030,D,,Yes,No,No,No
coin,American Innovation $1 Coin Program,One Dollar,2030,S,,Yes,No,No,No
coin,American Innovation $1 Coin Program,One Dollar,2030,Proof,,Yes,No,No,No
coin,American Innovation $1 Coin Program,One Dollar,2031,P,,Yes,No,No,No
coin,American Innovation $1 Coin Program,One Dollar,2031,D,,Yes,No,No,No
coin,American Innovation $1 Coin Program,One Dollar,2031,S,,Yes,No,No,No
coin,American Innovation $1 Coin Program,One Dollar,2031,Proof,,Yes,No,No,No
coin,American Innovation $1 Coin Program,One Dollar,2032,P,,Yes,No,No,No
coin,American Innovation $1 Coin Program,One Dollar,2032,D,,Yes,No,No,No
coin,American Innovation $1 Coin Program,One Dollar,2032,S,,Yes,No,No,No
coin,American Innovation $1 Coin Program,One Dollar,2032,Proof,,Yes,No,No,No
coin,Susan B. Anthony Dollars,One Dollar,1979,P,Near Date (Wide Rim),Yes,No,No,No
coin,Susan B. Anthony Dollars,One Dollar,1979,P,,Yes,No,No,No
coin,Susan B. Anthony Dollars,One Dollar,1979,D,,Yes,No,No,No
coin,Susan B. Anthony Dollars,One Dollar,1979,S,,Yes,No,No,No
coin,Susan B. Anthony Dollars,One Dollar,1979,S,Proof - Type 1 Filled S,Yes,No,No,No
coin,Susan B. Anthony Dollars,One Dollar,1979,S,Proof - Type 2 Clear S,Yes,No,No,No
coin,Susan B. Anthony Dollars,One Dollar,1980,P,,Yes,No,No,No
coin,Susan B. Anthony Dollars,One Dollar,1980,D,,Yes,No,No,No
coin,Susan B. Anthony Dollars,One Dollar,1980,S,,Yes,No,No,No
coin,Susan B. Anthony Dollars,One Dollar,1980,S,Proof,Yes,No,No,No
coin,Susan B. Anthony Dollars,One Dollar,1981,P,,Yes,No,No,No
coin,Susan B. Anthony Dollars,One Dollar,1981,D,,Yes,No,No,No
coin,Susan B. Anthony Dollars,One Dollar,1981,S,,Yes,No,No,No
coin,Susan B. Anthony Dollars,One Dollar,1981,S,Proof - Type 1 Filled S,Yes,No,No,No
coin,Susan B. Anthony Dollars,One Dollar,1981,S,Proof - Type 2 Clear S,Yes,No,No,No
coin,Susan B. Anthony Dollars,One Dollar,1999,P,,Yes,No,No,No
coin,Susan B. Anthony Dollars,One Dollar,1999,P,Proof,Yes,No,No,No
coin,Susan B. Anthony Dollars,One Dollar,1999,D,,Yes,No,No,No
coin,Susan B. Anthony Dollars,One Dollar,2024,P,,Yes,No,No,No
coin,Susan B. Anthony Dollars,One Dollar,2024,D,,Yes,No,No,No
coin,Susan B. Anthony Dollars,One Dollar,2024,S,,Yes,No,No,No
coin,Susan B. Anthony Dollars,One Dollar,2026,P,Liberty Bell 250 Privy Mark,Yes,No,No,No
coin,Susan B. Anthony Dollars,One Dollar,2026,D,Liberty Bell 250 Privy Mark,Yes,No,No,No
coin,Susan B. Anthony Dollars,One Dollar,2026,S,Proof - Liberty Bell 250 Privy Mark,Yes,No,No,No
coin,Susan B. Anthony Dollars,One Dollar,2026,W,Uncirculated - Liberty Bell 250 Privy Mark,Yes,No,No,No
coin,Barber Half Dollars,Half Dollar,1892,P,,Yes,No,No,No
coin,Barber Half Dollars,Half Dollar,1892,O,,Yes,No,No,No
coin,Barber Half Dollars,Half Dollar,1892,O,Micro O,Yes,No,No,No
coin,Barber Half Dollars,Half Dollar,1892,S,,Yes,No,No,No
coin,Barber Half Dollars,Half Dollar,1893,P,,Yes,No,No,No
coin,Barber Half Dollars,Half Dollar,1893,O,,Yes,No,No,No
coin,Barber Half Dollars,Half Dollar,1893,S,,Yes,No,No,No
coin,Barber Half Dollars,Half Dollar,1894,P,,Yes,No,No,No
coin,Barber Half Dollars,Half Dollar,1894,O,,Yes,No,No,No
coin,Barber Half Dollars,Half Dollar,1894,S,,Yes,No,No,No
coin,Barber Half Dollars,Half Dollar,1895,P,,Yes,No,No,No
coin,Barber Half Dollars,Half Dollar,1895,O,,Yes,No,No,No
coin,Barber Half Dollars,Half Dollar,1895,S,,Yes,No,No,No
coin,Barber Half Dollars,Half Dollar,1896,P,,Yes,No,No,No
coin,Barber Half Dollars,Half Dollar,1896,O,,Yes,No,No,No
coin,Barber Half Dollars,Half Dollar,1896,S,,Yes,No,No,No
coin,Barber Half Dollars,Half Dollar,1897,P,,Yes,No,No,No
coin,Barber Half Dollars,Half Dollar,1897,O,,Yes,No,No,No
coin,Barber Half Dollars,Half Dollar,1897,S,,Yes,No,No,No
coin,Barber Half Dollars,Half Dollar,1898,P,,Yes,No,No,No
coin,Barber Half Dollars,Half Dollar,1898,O,,Yes,No,No,No
coin,Barber Half Dollars,Half Dollar,1898,S,,Yes,No,No,No
coin,Barber Half Dollars,Half Dollar,1899,P,,Yes,No,No,No
coin,Barber Half Dollars,Half Dollar,1899,O,,Yes,No,No,No
coin,Barber Half Dollars,Half Dollar,1899,S,,Yes,No,No,No
coin,Barber Half Dollars,Half Dollar,1900,P,,Yes,No,No,No
coin,Barber Half Dollars,Half Dollar,1900,O,,Yes,No,No,No
coin,Barber Half Dollars,Half Dollar,1900,S,,Yes,No,No,No
coin,Barber Half Dollars,Half Dollar,1901,P,,Yes,No,No,No
coin,Barber Half Dollars,Half Dollar,1901,O,,Yes,No,No,No
coin,Barber Half Dollars,Half Dollar,1901,S,,Yes,No,No,No
coin,Barber Half Dollars,Half Dollar,1902,P,,Yes,No,No,No
coin,Barber Half Dollars,Half Dollar,1902,O,,Yes,No,No,No
coin,Barber Half Dollars,Half Dollar,1902,S,,Yes,No,No,No
coin,Barber Half Dollars,Half Dollar,1903,P,,Yes,No,No,No
coin,Barber Half Dollars,Half Dollar,1903,O,,Yes,No,No,No
coin,Barber Half Dollars,Half Dollar,1903,S,,Yes,No,No,No
coin,Barber Half Dollars,Half Dollar,1904,P,,Yes,No,No,No
coin,Barber Half Dollars,Half Dollar,1904,O,,Yes,No,No,No
coin,Barber Half Dollars,Half Dollar,1904,S,,Yes,No,No,No
coin,Barber Half Dollars,Half Dollar,1905,P,,Yes,No,No,No
coin,Barber Half Dollars,Half Dollar,1905,O,,Yes,No,No,No
coin,Barber Half Dollars,Half Dollar,1905,S,,Yes,No,No,No
coin,Barber Half Dollars,Half Dollar,1906,P,,Yes,No,No,No
coin,Barber Half Dollars,Half Dollar,1906,D,,Yes,No,No,No
coin,Barber Half Dollars,Half Dollar,1906,O,,Yes,No,No,No
coin,Barber Half Dollars,Half Dollar,1906,S,,Yes,No,No,No
coin,Barber Half Dollars,Half Dollar,1907,S,,Yes,No,No,No
coin,Barber Half Dollars,Half Dollar,1907,P,,Yes,No,No,No
coin,Barber Half Dollars,Half Dollar,1907,D,,Yes,No,No,No
coin,Barber Half Dollars,Half Dollar,1907,O,,Yes,No,No,No
coin,Barber Half Dollars,Half Dollar,1908,P,,Yes,No,No,No
coin,Barber Half Dollars,Half Dollar,1908,D,,Yes,No,No,No
coin,Barber Half Dollars,Half Dollar,1908,O,,Yes,No,No,No
coin,Barber Half Dollars,Half Dollar,1908,S,,Yes,No,No,No
coin,Barber Half Dollars,Half Dollar,1909,P,,Yes,No,No,No
coin,Barber Half Dollars,Half Dollar,1909,O,,Yes,No,No,No
coin,Barber Half Dollars,Half Dollar,1909,S,,Yes,No,No,No
coin,Barber Half Dollars,Half Dollar,1910,P,,Yes,No,No,No
coin,Barber Half Dollars,Half Dollar,1910,S,,Yes,No,No,No
coin,Barber Half Dollars,Half Dollar,1911,S,,Yes,No,No,No
coin,Barber Half Dollars,Half Dollar,1911,P,,Yes,No,No,No
coin,Barber Half Dollars,Half Dollar,1911,D,,Yes,No,No,No
coin,Barber Half Dollars,Half Dollar,1912,P,,Yes,No,No,No
coin,Barber Half Dollars,Half Dollar,1912,D,,Yes,No,No,No
coin,Barber Half Dollars,Half Dollar,1912,S,,Yes,No,No,No
coin,Barber Half Dollars,Half Dollar,1913,P,,Yes,No,No,No
coin,Barber Half Dollars,Half Dollar,1913,D,,Yes,No,No,No
coin,Barber Half Dollars,Half Dollar,1913,S,,Yes,No,No,No
coin,Barber Half Dollars,Half Dollar,1914,P,,Yes,No,No,No
coin,Barber Half Dollars,Half Dollar,1914,S,,Yes,No,No,No
coin,Barber Half Dollars,Half Dollar,1915,P,,Yes,No,No,No
coin,Barber Half Dollars,Half Dollar,1915,D,,Yes,No,No,No
coin,Barber Half Dollars,Half Dollar,1915,S,,Yes,No,No,No
coin,Barber Half Dollars,Half Dollar,2024,P,,Yes,No,No,No
coin,Barber Half Dollars,Half Dollar,2024,D,,Yes,No,No,No
coin,Barber Half Dollars,Half Dollar,2024,S,,Yes,No,No,No
coin,50 State Quarters,Quarter Dollar,1999,P,,Yes,No,No,No
coin,50 State Quarters,Quarter Dollar,1999,D,,Yes,No,No,No
coin,50 State Quarters,Quarter Dollar,1999,S,,Yes,No,No,No
coin,50 State Quarters,Quarter Dollar,2000,P,,Yes,No,No,No
coin,50 State Quarters,Quarter Dollar,2000,D,,Yes,No,No,No
coin,50 State Quarters,Quarter Dollar,2000,S,,Yes,No,No,No
coin,50 State Quarters,Quarter Dollar,2001,P,,Yes,No,No,No
coin,50 State Quarters,Quarter Dollar,2001,D,,Yes,No,No,No
coin,50 State Quarters,Quarter Dollar,2001,S,,Yes,No,No,No
coin,50 State Quarters,Quarter Dollar,2002,P,,Yes,No,No,No
coin,50 State Quarters,Quarter Dollar,2002,D,,Yes,No,No,No
coin,50 State Quarters,Quarter Dollar,2002,S,,Yes,No,No,No
coin,50 State Quarters,Quarter Dollar,2003,P,,Yes,No,No,No
coin,50 State Quarters,Quarter Dollar,2003,D,,Yes,No,No,No
coin,50 State Quarters,Quarter Dollar,2003,S,,Yes,No,No,No
coin,50 State Quarters,Quarter Dollar,2004,P,,Yes,No,No,No
coin,50 State Quarters,Quarter Dollar,2004,D,,Yes,No,No,No
coin,50 State Quarters,Quarter Dollar,2004,D,Wisconsin - Extra Leaf High,Yes,No,No,No
coin,50 State Quarters,Quarter Dollar,2004,D,Wisconsin - Extra Leaf Low,Yes,No,No,No
coin,50 State Quarters,Quarter Dollar,2004,S,,Yes,No,No,No
coin,50 State Quarters,Quarter Dollar,2005,P,,Yes,No,No,No
coin,50 State Quarters,Quarter Dollar,2005,P,Minnesota - Doubled Die Reverse,Yes,No,No,No
coin,50 State Quarters,Quarter Dollar,2005,D,,Yes,No,No,No
coin,50 State Quarters,Quarter Dollar,2005,D,Minnesota - Doubled Die Reverse,Yes,No,No,No
coin,50 State Quarters,Quarter Dollar,2005,S,,Yes,No,No,No
coin,50 State Quarters,Quarter Dollar,2006,P,,Yes,No,No,No
coin,50 State Quarters,Quarter Dollar,2006,D,,Yes,No,No,No
coin,50 State Quarters,Quarter Dollar,2006,S,,Yes,No,No,No
coin,50 State Quarters,Quarter Dollar,2007,P,,Yes,No,No,No
coin,50 State Quarters,Quarter Dollar,2007,D,,Yes,No,No,No
coin,50 State Quarters,Quarter Dollar,2007,S,,Yes,No,No,No
coin,50 State Quarters,Quarter Dollar,2008,P,,Yes,No,No,No
coin,50 State Quarters,Quarter Dollar,2008,D,,Yes,No,No,No
coin,50 State Quarters,Quarter Dollar,2008,S,,Yes,No,No,No
coin,50 State Quarters,Quarter Dollar,2024,P,,Yes,No,No,No
coin,50 State Quarters,Quarter Dollar,2024,D,,Yes,No,No,No
coin,50 State Quarters,Quarter Dollar,2024,S,,Yes,No,No,No
coin,50 State Quarters,Quarter Dollar,2026,P,Liberty Bell 250 Privy Mark,Yes,No,No,No
coin,50 State Quarters,Quarter Dollar,2026,D,Liberty Bell 250 Privy Mark,Yes,No,No,No
coin,50 State Quarters,Quarter Dollar,2026,S,Liberty Bell 250 Privy Mark Proof,Yes,No,No,No
coin,50 State Quarters,Quarter Dollar,2026,W,Liberty Bell 250 Privy Mark Enhanced Uncirculated,Yes,No,No,No
coin,D.C. & U.S. Territories Quarters,Quarter Dollar,2009,P,,Yes,No,No,No
coin,D.C. & U.S. Territories Quarters,Quarter Dollar,2009,P,Doubled Die Reverse,Yes,No,No,No
coin,D.C. & U.S. Territories Quarters,Quarter Dollar,2009,D,,Yes,No,No,No
coin,D.C. & U.S. Territories Quarters,Quarter Dollar,2009,D,Doubled Die Reverse,Yes,No,No,No
coin,D.C. & U.S. Territories Quarters,Quarter Dollar,2009,S,,Yes,No,No,No
coin,D.C. & U.S. Territories Quarters,Quarter Dollar,2009,S,Silver,Yes,No,No,No
coin,D.C. & U.S. Territories Quarters,Quarter Dollar,2024,P,,Yes,No,No,No
coin,D.C. & U.S. Territories Quarters,Quarter Dollar,2024,D,,Yes,No,No,No
coin,D.C. & U.S. Territories Quarters,Quarter Dollar,2024,S,,Yes,No,No,No
coin,D.C. & U.S. Territories Quarters,Quarter Dollar,2024,S,Silver,Yes,No,No,No
coin,D.C. & U.S. Territories Quarters,Quarter Dollar,2026,P,Liberty Bell 250 Privy Mark,Yes,No,No,No
coin,D.C. & U.S. Territories Quarters,Quarter Dollar,2026,D,Liberty Bell 250 Privy Mark,Yes,No,No,No
coin,D.C. & U.S. Territories Quarters,Quarter Dollar,2026,S,Liberty Bell 250 Privy Mark (Proof),Yes,No,No,No
coin,D.C. & U.S. Territories Quarters,Quarter Dollar,2026,S,Liberty Bell 250 Privy Mark (Silver Proof),Yes,No,No,No
coin,D.C. & U.S. Territories Quarters,Quarter Dollar,2026,W,Liberty Bell 250 Privy Mark (Uncirculated),Yes,No,No,No
coin,American Women Quarters,Quarter Dollar,2022,P,,Yes,No,No,No
coin,American Women Quarters,Quarter Dollar,2022,D,,Yes,No,No,No
coin,American Women Quarters,Quarter Dollar,2022,S,,Yes,No,No,No
coin,American Women Quarters,Quarter Dollar,2023,P,,Yes,No,No,No
coin,American Women Quarters,Quarter Dollar,2023,D,,Yes,No,No,No
coin,American Women Quarters,Quarter Dollar,2023,S,,Yes,No,No,No
coin,American Women Quarters,Quarter Dollar,2024,P,,Yes,No,No,No
coin,American Women Quarters,Quarter Dollar,2024,D,,Yes,No,No,No
coin,American Women Quarters,Quarter Dollar,2024,S,,Yes,No,No,No
coin,American Women Quarters,Quarter Dollar,2025,P,,Yes,No,No,No
coin,American Women Quarters,Quarter Dollar,2025,D,,Yes,No,No,No
coin,American Women Quarters,Quarter Dollar,2025,S,,Yes,No,No,No
coin,American Women Quarters,Quarter Dollar,2026,P,Liberty Bell 250 Privy Mark,Yes,No,No,No
coin,American Women Quarters,Quarter Dollar,2026,D,Liberty Bell 250 Privy Mark,Yes,No,No,No
coin,American Women Quarters,Quarter Dollar,2026,S,Liberty Bell 250 Privy Mark (Proof),Yes,No,No,No
coin,American Women Quarters,Quarter Dollar,2026,W,Liberty Bell 250 Privy Mark,Yes,No,No,No
banknote,U.S. Banknotes,One Dollar,1861,,Fr. 1 - Salmon/Chase Signatures - No Seal,Yes,Yes,Yes,Yes
banknote,U.S. Banknotes,One Dollar,1862,,Fr. 16 - Chittenden/Spinner Signatures - Red Seal,Yes,Yes,Yes,Yes
banknote,U.S. Banknotes,One Dollar,1869,,Fr. 18 - Allison/Spinner Signatures - Large Red Seal,Yes,Yes,Yes,Yes
banknote,U.S. Banknotes,One Dollar,1917,,Fr. 39 - Teehee/Burke Signatures - Red Seal,Yes,Yes,Yes,No
banknote,U.S. Banknotes,One Dollar,1896,,Fr. 224 - Tillman/Morgan Signatures - Red Seal,Yes,Yes,Yes,Yes
banknote,U.S. Banknotes,One Dollar,1899,,Fr. 226 - Lyons/Roberts Signatures - Blue Seal,Yes,Yes,Yes,Yes
banknote,U.S. Banknotes,One Dollar,1923,,Fr. 237 - Speelman/White Signatures - Blue Seal,Yes,Yes,Yes,No
banknote,U.S. Banknotes,One Dollar,1890,,Fr. 347 - Rosecrans/Huston Signatures - Red Seal,Yes,Yes,Yes,Yes
banknote,U.S. Banknotes,One Dollar,1918,,Fr. 711-A - Teehee/Burke Signatures - Blue Seal - Boston [A],Yes,Yes,Yes,No
banknote,U.S. Banknotes,One Dollar,1918,,Fr. 711-B - Teehee/Burke Signatures - Blue Seal - New York [B],Yes,Yes,Yes,No
banknote,U.S. Banknotes,One Dollar,1918,,Fr. 711-C - Teehee/Burke Signatures - Blue Seal - Philadelphia [C],Yes,Yes,Yes,No
banknote,U.S. Banknotes,One Dollar,1918,,Fr. 711-D - Teehee/Burke Signatures - Blue Seal - Cleveland [D],Yes,Yes,Yes,No
banknote,U.S. Banknotes,One Dollar,1918,,Fr. 711-E - Teehee/Burke Signatures - Blue Seal - Richmond [E],Yes,Yes,Yes,No
banknote,U.S. Banknotes,One Dollar,1918,,Fr. 711-F - Teehee/Burke Signatures - Blue Seal - Atlanta [F],Yes,Yes,Yes,No
banknote,U.S. Banknotes,One Dollar,1918,,Fr. 711-G - Teehee/Burke Signatures - Blue Seal - Chicago [G],Yes,Yes,Yes,No
banknote,U.S. Banknotes,One Dollar,1918,,Fr. 711-H - Teehee/Burke Signatures - Blue Seal - St. Louis [H],Yes,Yes,Yes,No
banknote,U.S. Banknotes,One Dollar,1918,,Fr. 711-I - Teehee/Burke Signatures - Blue Seal - Minneapolis [I],Yes,Yes,Yes,No
banknote,U.S. Banknotes,One Dollar,1918,,Fr. 711-J - Teehee/Burke Signatures - Blue Seal - Kansas City [J],Yes,Yes,Yes,No
banknote,U.S. Banknotes,One Dollar,1918,,Fr. 711-K - Teehee/Burke Signatures - Blue Seal - Dallas [K],Yes,Yes,Yes,No
banknote,U.S. Banknotes,One Dollar,1918,,Fr. 711-L - Teehee/Burke Signatures - Blue Seal - San Francisco [L],Yes,Yes,Yes,No
banknote,U.S. Banknotes,One Dollar,1928,,Fr. 1600 - Woods/Mellon Signatures - Blue Seal,Yes,Yes,Yes,No
banknote,U.S. Banknotes,One Dollar,1935,,Fr. 1619 - Priest/Humphrey Signatures - Blue Seal,Yes,Yes,Yes,No
banknote,U.S. Banknotes,One Dollar,1957,,Fr. 1621 - Priest/Anderson Signatures - Blue Seal,Yes,Yes,Yes,No
banknote,U.S. Banknotes,One Dollar,1963,,Fr. 1900-A - Granahan/Dillon Signatures - Green Seal - Boston [A],Yes,Yes,Yes,No
banknote,U.S. Banknotes,One Dollar,1963,,Fr. 1900-B - Granahan/Dillon Signatures - Green Seal - New York [B],Yes,Yes,Yes,No
banknote,U.S. Banknotes,One Dollar,1963,,Fr. 1900-C - Granahan/Dillon Signatures - Green Seal - Philadelphia [C],Yes,Yes,Yes,No
banknote,U.S. Banknotes,One Dollar,1963,,Fr. 1900-D - Granahan/Dillon Signatures - Green Seal - Cleveland [D],Yes,Yes,Yes,No
banknote,U.S. Banknotes,One Dollar,1963,,Fr. 1900-E - Granahan/Dillon Signatures - Green Seal - Richmond [E],Yes,Yes,Yes,No
banknote,U.S. Banknotes,One Dollar,1963,,Fr. 1900-F - Granahan/Dillon Signatures - Green Seal - Atlanta [F],Yes,Yes,Yes,No
banknote,U.S. Banknotes,One Dollar,1963,,Fr. 1900-G - Granahan/Dillon Signatures - Green Seal - Chicago [G],Yes,Yes,Yes,No
banknote,U.S. Banknotes,One Dollar,1963,,Fr. 1900-H - Granahan/Dillon Signatures - Green Seal - St. Louis [H],Yes,Yes,Yes,No
banknote,U.S. Banknotes,One Dollar,1963,,Fr. 1900-I - Granahan/Dillon Signatures - Green Seal - Minneapolis [I],Yes,Yes,Yes,No
banknote,U.S. Banknotes,One Dollar,1963,,Fr. 1900-J - Granahan/Dillon Signatures - Green Seal - Kansas City [J],Yes,Yes,Yes,No
banknote,U.S. Banknotes,One Dollar,1963,,Fr. 1900-K - Granahan/Dillon Signatures - Green Seal - Dallas [K],Yes,Yes,Yes,No
banknote,U.S. Banknotes,One Dollar,1963,,Fr. 1900-L - Granahan/Dillon Signatures - Green Seal - San Francisco [L],Yes,Yes,Yes,No
banknote,U.S. Banknotes,One Dollar,2013,,Fr. 1935-A - Rios/Lew Signatures - Green Seal - Boston [A],Yes,Yes,Yes,No
banknote,U.S. Banknotes,One Dollar,2013,,Fr. 1935-B - Rios/Lew Signatures - Green Seal - New York [B],Yes,Yes,Yes,No
banknote,U.S. Banknotes,One Dollar,2013,,Fr. 1935-C - Rios/Lew Signatures - Green Seal - Philadelphia [C],Yes,Yes,Yes,No
banknote,U.S. Banknotes,One Dollar,2013,,Fr. 1935-D - Rios/Lew Signatures - Green Seal - Cleveland [D],Yes,Yes,Yes,No
banknote,U.S. Banknotes,One Dollar,2013,,Fr. 1935-E - Rios/Lew Signatures - Green Seal - Richmond [E],Yes,Yes,Yes,No
banknote,U.S. Banknotes,One Dollar,2013,,Fr. 1935-F - Rios/Lew Signatures - Green Seal - Atlanta [F],Yes,Yes,Yes,No
banknote,U.S. Banknotes,One Dollar,2013,,Fr. 1935-G - Rios/Lew Signatures - Green Seal - Chicago [G],Yes,Yes,Yes,No
banknote,U.S. Banknotes,One Dollar,2013,,Fr. 1935-H - Rios/Lew Signatures - Green Seal - St. Louis [H],Yes,Yes,Yes,No
banknote,U.S. Banknotes,One Dollar,2013,,Fr. 1935-I - Rios/Lew Signatures - Green Seal - Minneapolis [I],Yes,Yes,Yes,No
banknote,U.S. Banknotes,One Dollar,2013,,Fr. 1935-J - Rios/Lew Signatures - Green Seal - Kansas City [J],Yes,Yes,Yes,No
banknote,U.S. Banknotes,One Dollar,2013,,Fr. 1935-K - Rios/Lew Signatures - Green Seal - Dallas [K],Yes,Yes,Yes,No
banknote,U.S. Banknotes,One Dollar,2013,,Fr. 1935-L - Rios/Lew Signatures - Green Seal - San Francisco [L],Yes,Yes,Yes,No
banknote,U.S. Banknotes,Two Dollars,1862,,Fr. 41 - Chittenden/Spinner Signatures - Red Seal,Yes,Yes,Yes,Yes
banknote,U.S. Banknotes,Two Dollars,1869,,Fr. 42 - Allison/Spinner Signatures - Red Seal,Yes,Yes,Yes,Yes
banknote,U.S. Banknotes,Two Dollars,1875,,Fr. 47 - Allison/New Signatures - Red Seal,Yes,Yes,Yes,Yes
banknote,U.S. Banknotes,Two Dollars,1880,,Fr. 60 - Bruce/Wyman Signatures - Large Red Seal,Yes,Yes,Yes,Yes
banknote,U.S. Banknotes,Two Dollars,1917,,Fr. 81 - Teehee/Burke Signatures - Red Seal,Yes,Yes,Yes,No
banknote,U.S. Banknotes,Two Dollars,1886,,Fr. 240 - Rosecrans/Jordan Signatures - Large Red Seal,Yes,Yes,Yes,Yes
banknote,U.S. Banknotes,Two Dollars,1891,,Fr. 245 - Rosecrans/Nebeker Signatures - Carmine Seal,Yes,Yes,Yes,Yes
banknote,U.S. Banknotes,Two Dollars,1896,,Fr. 247 - Tillman/Morgan Signatures - Red Seal,Yes,Yes,Yes,Yes
banknote,U.S. Banknotes,Two Dollars,1899,,Fr. 258 - Lyons/Treat Signatures - Blue Seal,Yes,Yes,Yes,Yes
banknote,U.S. Banknotes,Two Dollars,1890,,Fr. 353 - Rosecrans/Huston Signatures - Large Brown Seal,Yes,Yes,Yes,Yes
banknote,U.S. Banknotes,Two Dollars,1891,,Fr. 357 - Rosecrans/Nebeker Signatures - Small Red Seal,Yes,Yes,Yes,Yes
banknote,U.S. Banknotes,Two Dollars,1918,,Fr. 747-A - Teehee/Burke Signatures - Blue Seal - Boston [A],Yes,Yes,Yes,No
banknote,U.S. Banknotes,Two Dollars,1918,,Fr. 747-B - Teehee/Burke Signatures - Blue Seal - New York [B],Yes,Yes,Yes,No
banknote,U.S. Banknotes,Two Dollars,1918,,Fr. 747-C - Teehee/Burke Signatures - Blue Seal - Philadelphia [C],Yes,Yes,Yes,No
banknote,U.S. Banknotes,Two Dollars,1918,,Fr. 747-D - Teehee/Burke Signatures - Blue Seal - Cleveland [D],Yes,Yes,Yes,No
banknote,U.S. Banknotes,Two Dollars,1918,,Fr. 747-E - Teehee/Burke Signatures - Blue Seal - Richmond [E],Yes,Yes,Yes,No
banknote,U.S. Banknotes,Two Dollars,1918,,Fr. 747-F - Teehee/Burke Signatures - Blue Seal - Atlanta [F],Yes,Yes,Yes,No
banknote,U.S. Banknotes,Two Dollars,1918,,Fr. 747-G - Teehee/Burke Signatures - Blue Seal - Chicago [G],Yes,Yes,Yes,No
banknote,U.S. Banknotes,Two Dollars,1918,,Fr. 747-H - Teehee/Burke Signatures - Blue Seal - St. Louis [H],Yes,Yes,Yes,No
banknote,U.S. Banknotes,Two Dollars,1918,,Fr. 747-I - Teehee/Burke Signatures - Blue Seal - Minneapolis [I],Yes,Yes,Yes,No
banknote,U.S. Banknotes,Two Dollars,1918,,Fr. 747-J - Teehee/Burke Signatures - Blue Seal - Kansas City [J],Yes,Yes,Yes,No
banknote,U.S. Banknotes,Two Dollars,1918,,Fr. 747-K - Teehee/Burke Signatures - Blue Seal - Dallas [K],Yes,Yes,Yes,No
banknote,U.S. Banknotes,Two Dollars,1918,,Fr. 747-L - Teehee/Burke Signatures - Blue Seal - San Francisco [L],Yes,Yes,Yes,No
banknote,U.S. Banknotes,Two Dollars,1928,,Fr. 1501 - Tate/Mellon Signatures - Red Seal,Yes,Yes,Yes,No
banknote,U.S. Banknotes,Two Dollars,1953,,Fr. 1509 - Priest/Humphrey Signatures - Red Seal,Yes,Yes,Yes,No
banknote,U.S. Banknotes,Two Dollars,1963,,Fr. 1513 - Granahan/Dillon Signatures - Red Seal,Yes,Yes,Yes,No
banknote,U.S. Banknotes,Two Dollars,1976,,Fr. 1935-A - Neff/Simon Signatures - Green Seal - Boston [A],Yes,Yes,Yes,No
banknote,U.S. Banknotes,Two Dollars,1976,,Fr. 1935-B - Neff/Simon Signatures - Green Seal - New York [B],Yes,Yes,Yes,No
banknote,U.S. Banknotes,Two Dollars,1976,,Fr. 1935-C - Neff/Simon Signatures - Green Seal - Philadelphia [C],Yes,Yes,Yes,No
banknote,U.S. Banknotes,Two Dollars,1976,,Fr. 1935-D - Neff/Simon Signatures - Green Seal - Cleveland [D],Yes,Yes,Yes,No
banknote,U.S. Banknotes,Two Dollars,1976,,Fr. 1935-E - Neff/Simon Signatures - Green Seal - Richmond [E],Yes,Yes,Yes,No
banknote,U.S. Banknotes,Two Dollars,1976,,Fr. 1935-F - Neff/Simon Signatures - Green Seal - Atlanta [F],Yes,Yes,Yes,No
banknote,U.S. Banknotes,Two Dollars,1976,,Fr. 1935-G - Neff/Simon Signatures - Green Seal - Chicago [G],Yes,Yes,Yes,No
banknote,U.S. Banknotes,Two Dollars,1976,,Fr. 1935-H - Neff/Simon Signatures - Green Seal - St. Louis [H],Yes,Yes,Yes,No
banknote,U.S. Banknotes,Two Dollars,1976,,Fr. 1935-I - Neff/Simon Signatures - Green Seal - Minneapolis [I],Yes,Yes,Yes,No
banknote,U.S. Banknotes,Two Dollars,1976,,Fr. 1935-J - Neff/Simon Signatures - Green Seal - Kansas City [J],Yes,Yes,Yes,No
banknote,U.S. Banknotes,Two Dollars,1976,,Fr. 1935-K - Neff/Simon Signatures - Green Seal - Dallas [K],Yes,Yes,Yes,No
banknote,U.S. Banknotes,Two Dollars,1976,,Fr. 1935-L - Neff/Simon Signatures - Green Seal - San Francisco [L],Yes,Yes,Yes,No
banknote,U.S. Banknotes,Two Dollars,1995,,Fr. 1936-A - Withrow/Rubin Signatures - Green Seal - Boston [A],Yes,Yes,Yes,No
banknote,U.S. Banknotes,Two Dollars,1995,,Fr. 1936-B - Withrow/Rubin Signatures - Green Seal - New York [B],Yes,Yes,Yes,No
banknote,U.S. Banknotes,Two Dollars,1995,,Fr. 1936-C - Withrow/Rubin Signatures - Green Seal - Philadelphia [C],Yes,Yes,Yes,No
banknote,U.S. Banknotes,Two Dollars,1995,,Fr. 1936-D - Withrow/Rubin Signatures - Green Seal - Cleveland [D],Yes,Yes,Yes,No
banknote,U.S. Banknotes,Two Dollars,1995,,Fr. 1936-E - Withrow/Rubin Signatures - Green Seal - Richmond [E],Yes,Yes,Yes,No
banknote,U.S. Banknotes,Two Dollars,1995,,Fr. 1936-F - Withrow/Rubin Signatures - Green Seal - Atlanta [F],Yes,Yes,Yes,No
banknote,U.S. Banknotes,Two Dollars,1995,,Fr. 1936-G - Withrow/Rubin Signatures - Green Seal - Chicago [G],Yes,Yes,Yes,No
banknote,U.S. Banknotes,Two Dollars,1995,,Fr. 1936-H - Withrow/Rubin Signatures - Green Seal - St. Louis [H],Yes,Yes,Yes,No
banknote,U.S. Banknotes,Two Dollars,1995,,Fr. 1936-I - Withrow/Rubin Signatures - Green Seal - Minneapolis [I],Yes,Yes,Yes,No
banknote,U.S. Banknotes,Two Dollars,1995,,Fr. 1936-J - Withrow/Rubin Signatures - Green Seal - Kansas City [J],Yes,Yes,Yes,No
banknote,U.S. Banknotes,Two Dollars,1995,,Fr. 1936-K - Withrow/Rubin Signatures - Green Seal - Dallas [K],Yes,Yes,Yes,No
banknote,U.S. Banknotes,Two Dollars,1995,,Fr. 1936-L - Withrow/Rubin Signatures - Green Seal - San Francisco [L],Yes,Yes,Yes,No
banknote,U.S. Banknotes,Two Dollars,2013,,Fr. 1940-A - Rios/Lew Signatures - Green Seal - Boston [A],Yes,Yes,Yes,No
banknote,U.S. Banknotes,Two Dollars,2013,,Fr. 1940-B - Rios/Lew Signatures - Green Seal - New York [B],Yes,Yes,Yes,No
banknote,U.S. Banknotes,Two Dollars,2013,,Fr. 1940-C - Rios/Lew Signatures - Green Seal - Philadelphia [C],Yes,Yes,Yes,No
banknote,U.S. Banknotes,Two Dollars,2013,,Fr. 1940-D - Rios/Lew Signatures - Green Seal - Cleveland [D],Yes,Yes,Yes,No
banknote,U.S. Banknotes,Two Dollars,2013,,Fr. 1940-E - Rios/Lew Signatures - Green Seal - Richmond [E],Yes,Yes,Yes,No
banknote,U.S. Banknotes,Two Dollars,2013,,Fr. 1940-F - Rios/Lew Signatures - Green Seal - Atlanta [F],Yes,Yes,Yes,No
banknote,U.S. Banknotes,Two Dollars,2013,,Fr. 1940-G - Rios/Lew Signatures - Green Seal - Chicago [G],Yes,Yes,Yes,No
banknote,U.S. Banknotes,Two Dollars,2013,,Fr. 1940-H - Rios/Lew Signatures - Green Seal - St. Louis [H],Yes,Yes,Yes,No
banknote,U.S. Banknotes,Two Dollars,2013,,Fr. 1940-I - Rios/Lew Signatures - Green Seal - Minneapolis [I],Yes,Yes,Yes,No
banknote,U.S. Banknotes,Two Dollars,2013,,Fr. 1940-J - Rios/Lew Signatures - Green Seal - Kansas City [J],Yes,Yes,Yes,No
banknote,U.S. Banknotes,Two Dollars,2013,,Fr. 1940-K - Rios/Lew Signatures - Green Seal - Dallas [K],Yes,Yes,Yes,No
banknote,U.S. Banknotes,Two Dollars,2013,,Fr. 1940-L - Rios/Lew Signatures - Green Seal - San Francisco [L],Yes,Yes,Yes,No
banknote,U.S. Banknotes,Five Dollars,1861,,Fr. 2 - Demand Note - Boston - Signed for the Register and Treasurer,Yes,Yes,Yes,Yes
banknote,U.S. Banknotes,Five Dollars,1869,,Fr. 61 - Allison/Spinner Signatures - Red Seal,Yes,Yes,Yes,Yes
banknote,U.S. Banknotes,Five Dollars,1907,,Fr. 91 - Teehee/Burke Signatures - Red Seal,Yes,Yes,Yes,No
banknote,U.S. Banknotes,Five Dollars,1896,,Fr. 271 - Tillman/Morgan Signatures - Red Seal,Yes,Yes,Yes,Yes
banknote,U.S. Banknotes,Five Dollars,1899,,Fr. 280 - Lyons/Treat Signatures - Blue Seal,Yes,Yes,Yes,Yes
banknote,U.S. Banknotes,Five Dollars,1923,,Fr. 282 - Speelman/White Signatures - Blue Seal,Yes,Yes,Yes,No
banknote,U.S. Banknotes,Five Dollars,1890,,Fr. 359 - Rosecrans/Huston Signatures - Red Seal,Yes,Yes,Yes,Yes
banknote,U.S. Banknotes,Five Dollars,1913,,Fr. 1167 - Parker/Burke Signatures - Red Seal,Yes,Yes,Yes,No
banknote,U.S. Banknotes,Five Dollars,1918,,Fr. 910-A - Teehee/Burke Signatures - Blue Seal - Boston [A],Yes,Yes,Yes,No
banknote,U.S. Banknotes,Five Dollars,1918,,Fr. 910-B - Teehee/Burke Signatures - Blue Seal - New York [B],Yes,Yes,Yes,No
banknote,U.S. Banknotes,Five Dollars,1918,,Fr. 910-C - Teehee/Burke Signatures - Blue Seal - Philadelphia [C],Yes,Yes,Yes,No
banknote,U.S. Banknotes,Five Dollars,1918,,Fr. 910-D - Teehee/Burke Signatures - Blue Seal - Cleveland [D],Yes,Yes,Yes,No
banknote,U.S. Banknotes,Five Dollars,1918,,Fr. 910-E - Teehee/Burke Signatures - Blue Seal - Richmond [E],Yes,Yes,Yes,No
banknote,U.S. Banknotes,Five Dollars,1918,,Fr. 910-F - Teehee/Burke Signatures - Blue Seal - Atlanta [F],Yes,Yes,Yes,No
banknote,U.S. Banknotes,Five Dollars,1918,,Fr. 910-G - Teehee/Burke Signatures - Blue Seal - Chicago [G],Yes,Yes,Yes,No
banknote,U.S. Banknotes,Five Dollars,1918,,Fr. 910-H - Teehee/Burke Signatures - Blue Seal - St. Louis [H],Yes,Yes,Yes,No
banknote,U.S. Banknotes,Five Dollars,1918,,Fr. 910-I - Teehee/Burke Signatures - Blue Seal - Minneapolis [I],Yes,Yes,Yes,No
banknote,U.S. Banknotes,Five Dollars,1918,,Fr. 910-J - Teehee/Burke Signatures - Blue Seal - Kansas City [J],Yes,Yes,Yes,No
banknote,U.S. Banknotes,Five Dollars,1918,,Fr. 910-K - Teehee/Burke Signatures - Blue Seal - Dallas [K],Yes,Yes,Yes,No
banknote,U.S. Banknotes,Five Dollars,1918,,Fr. 910-L - Teehee/Burke Signatures - Blue Seal - San Francisco [L],Yes,Yes,Yes,No
banknote,U.S. Banknotes,Five Dollars,1914,,Fr. 832-A - Burke/McAdoo Signatures - Red Seal - Boston [A],Yes,Yes,Yes,No
banknote,U.S. Banknotes,Five Dollars,1914,,Fr. 832-B - Burke/McAdoo Signatures - Red Seal - New York [B],Yes,Yes,Yes,No
banknote,U.S. Banknotes,Five Dollars,1914,,Fr. 832-C - Burke/McAdoo Signatures - Red Seal - Philadelphia [C],Yes,Yes,Yes,No
banknote,U.S. Banknotes,Five Dollars,1914,,Fr. 832-D - Burke/McAdoo Signatures - Red Seal - Cleveland [D],Yes,Yes,Yes,No
banknote,U.S. Banknotes,Five Dollars,1914,,Fr. 832-E - Burke/McAdoo Signatures - Red Seal - Richmond [E],Yes,Yes,Yes,No
banknote,U.S. Banknotes,Five Dollars,1914,,Fr. 832-F - Burke/McAdoo Signatures - Red Seal - Atlanta [F],Yes,Yes,Yes,No
banknote,U.S. Banknotes,Five Dollars,1914,,Fr. 832-G - Burke/McAdoo Signatures - Red Seal - Chicago [G],Yes,Yes,Yes,No
banknote,U.S. Banknotes,Five Dollars,1914,,Fr. 832-H - Burke/McAdoo Signatures - Red Seal - St. Louis [H],Yes,Yes,Yes,No
banknote,U.S. Banknotes,Five Dollars,1914,,Fr. 832-I - Burke/McAdoo Signatures - Red Seal - Minneapolis [I],Yes,Yes,Yes,No
banknote,U.S. Banknotes,Five Dollars,1914,,Fr. 832-J - Burke/McAdoo Signatures - Red Seal - Kansas City [J],Yes,Yes,Yes,No
banknote,U.S. Banknotes,Five Dollars,1914,,Fr. 832-K - Burke/McAdoo Signatures - Red Seal - Dallas [K],Yes,Yes,Yes,No
banknote,U.S. Banknotes,Five Dollars,1914,,Fr. 832-L - Burke/McAdoo Signatures - Red Seal - San Francisco [L],Yes,Yes,Yes,No
banknote,U.S. Banknotes,Five Dollars,1928,,Fr. 1950-A - Woods/Mellon Signatures - Green Seal - Boston [A],Yes,Yes,Yes,No
banknote,U.S. Banknotes,Five Dollars,1928,,Fr. 1950-B - Woods/Mellon Signatures - Green Seal - New York [B],Yes,Yes,Yes,No
banknote,U.S. Banknotes,Five Dollars,1928,,Fr. 1950-C - Woods/Mellon Signatures - Green Seal - Philadelphia [C],Yes,Yes,Yes,No
banknote,U.S. Banknotes,Five Dollars,1928,,Fr. 1950-D - Woods/Mellon Signatures - Green Seal - Cleveland [D],Yes,Yes,Yes,No
banknote,U.S. Banknotes,Five Dollars,1928,,Fr. 1950-E - Woods/Mellon Signatures - Green Seal - Richmond [E],Yes,Yes,Yes,No
banknote,U.S. Banknotes,Five Dollars,1928,,Fr. 1950-F - Woods/Mellon Signatures - Green Seal - Atlanta [F],Yes,Yes,Yes,No
banknote,U.S. Banknotes,Five Dollars,1928,,Fr. 1950-G - Woods/Mellon Signatures - Green Seal - Chicago [G],Yes,Yes,Yes,No
banknote,U.S. Banknotes,Five Dollars,1928,,Fr. 1950-H - Woods/Mellon Signatures - Green Seal - St. Louis [H],Yes,Yes,Yes,No
banknote,U.S. Banknotes,Five Dollars,1928,,Fr. 1950-I - Woods/Mellon Signatures - Green Seal - Minneapolis [I],Yes,Yes,Yes,No
banknote,U.S. Banknotes,Five Dollars,1928,,Fr. 1950-J - Woods/Mellon Signatures - Green Seal - Kansas City [J],Yes,Yes,Yes,No
banknote,U.S. Banknotes,Five Dollars,1928,,Fr. 1950-K - Woods/Mellon Signatures - Green Seal - Dallas [K],Yes,Yes,Yes,No
banknote,U.S. Banknotes,Five Dollars,1928,,Fr. 1950-L - Woods/Mellon Signatures - Green Seal - San Francisco [L],Yes,Yes,Yes,No
banknote,U.S. Banknotes,Five Dollars,1953,,Fr. 1655 - Priest/Humphrey Signatures - Blue Seal,Yes,Yes,Yes,No
banknote,U.S. Banknotes,Five Dollars,1963,,Fr. 1536 - Granahan/Dillon Signatures - Red Seal,Yes,Yes,Yes,No
banknote,U.S. Banknotes,Five Dollars,1996,,Fr. 1980-A - Withrow/Rubin Signatures - Green Seal - Boston [A],Yes,Yes,Yes,No
banknote,U.S. Banknotes,Five Dollars,1996,,Fr. 1980-B - Withrow/Rubin Signatures - Green Seal - New York [B],Yes,Yes,Yes,No
banknote,U.S. Banknotes,Five Dollars,1996,,Fr. 1980-C - Withrow/Rubin Signatures - Green Seal - Philadelphia [C],Yes,Yes,Yes,No
banknote,U.S. Banknotes,Five Dollars,1996,,Fr. 1980-D - Withrow/Rubin Signatures - Green Seal - Cleveland [D],Yes,Yes,Yes,No
banknote,U.S. Banknotes,Five Dollars,1996,,Fr. 1980-E - Withrow/Rubin Signatures - Green Seal - Richmond [E],Yes,Yes,Yes,No
banknote,U.S. Banknotes,Five Dollars,1996,,Fr. 1980-F - Withrow/Rubin Signatures - Green Seal - Atlanta [F],Yes,Yes,Yes,No
banknote,U.S. Banknotes,Five Dollars,1996,,Fr. 1980-G - Withrow/Rubin Signatures - Green Seal - Chicago [G],Yes,Yes,Yes,No
banknote,U.S. Banknotes,Five Dollars,1996,,Fr. 1980-H - Withrow/Rubin Signatures - Green Seal - St. Louis [H],Yes,Yes,Yes,No
banknote,U.S. Banknotes,Five Dollars,1996,,Fr. 1980-I - Withrow/Rubin Signatures - Green Seal - Minneapolis [I],Yes,Yes,Yes,No
banknote,U.S. Banknotes,Five Dollars,1996,,Fr. 1980-J - Withrow/Rubin Signatures - Green Seal - Kansas City [J],Yes,Yes,Yes,No
banknote,U.S. Banknotes,Five Dollars,1996,,Fr. 1980-K - Withrow/Rubin Signatures - Green Seal - Dallas [K],Yes,Yes,Yes,No
banknote,U.S. Banknotes,Five Dollars,1996,,Fr. 1980-L - Withrow/Rubin Signatures - Green Seal - San Francisco [L],Yes,Yes,Yes,No
banknote,U.S. Banknotes,Five Dollars,2006,,Fr. 2000 - Cabral/Paulson Signatures - Green Seal,Yes,Yes,Yes,No
banknote,U.S. Banknotes,Ten Dollars,1861,,Fr. 5 - For the Register/For the Treasurer Signatures - No Seal,Yes,Yes,Yes,Yes
banknote,U.S. Banknotes,Ten Dollars,1869,,Fr. 96 - Allison/Spinner Signatures - Large Red Seal,Yes,Yes,Yes,Yes
banknote,U.S. Banknotes,Ten Dollars,1901,,Fr. 122 - Lyons/Treat Signatures - Red Seal,Yes,Yes,Yes,No
banknote,U.S. Banknotes,Ten Dollars,1891,,Fr. 291 - Rosecrans/Nebeker Signatures - Small Carmine Seal,Yes,Yes,Yes,Yes
banknote,U.S. Banknotes,Ten Dollars,1891,,Fr. 369 - Rosecrans/Nebeker Signatures - Small Red Seal,Yes,Yes,Yes,Yes
banknote,U.S. Banknotes,Ten Dollars,1907,,Fr. 1172 - Lyons/Treat Signatures - Red Seal,Yes,Yes,Yes,No
banknote,U.S. Banknotes,Ten Dollars,1918,,Fr. 751-A - Teehee/Burke Signatures - Blue Seal - Boston [A],Yes,Yes,Yes,No
banknote,U.S. Banknotes,Ten Dollars,1918,,Fr. 751-B - Teehee/Burke Signatures - Blue Seal - New York [B],Yes,Yes,Yes,No
banknote,U.S. Banknotes,Ten Dollars,1918,,Fr. 751-C - Teehee/Burke Signatures - Blue Seal - Philadelphia [C],Yes,Yes,Yes,No
banknote,U.S. Banknotes,Ten Dollars,1918,,Fr. 751-D - Teehee/Burke Signatures - Blue Seal - Cleveland [D],Yes,Yes,Yes,No
banknote,U.S. Banknotes,Ten Dollars,1918,,Fr. 751-E - Teehee/Burke Signatures - Blue Seal - Richmond [E],Yes,Yes,Yes,No
banknote,U.S. Banknotes,Ten Dollars,1918,,Fr. 751-F - Teehee/Burke Signatures - Blue Seal - Atlanta [F],Yes,Yes,Yes,No
banknote,U.S. Banknotes,Ten Dollars,1918,,Fr. 751-G - Teehee/Burke Signatures - Blue Seal - Chicago [G],Yes,Yes,Yes,No
banknote,U.S. Banknotes,Ten Dollars,1918,,Fr. 751-H - Teehee/Burke Signatures - Blue Seal - St. Louis [H],Yes,Yes,Yes,No
banknote,U.S. Banknotes,Ten Dollars,1918,,Fr. 751-I - Teehee/Burke Signatures - Blue Seal - Minneapolis [I],Yes,Yes,Yes,No
banknote,U.S. Banknotes,Ten Dollars,1918,,Fr. 751-J - Teehee/Burke Signatures - Blue Seal - Kansas City [J],Yes,Yes,Yes,No
banknote,U.S. Banknotes,Ten Dollars,1918,,Fr. 751-K - Teehee/Burke Signatures - Blue Seal - Dallas [K],Yes,Yes,Yes,No
banknote,U.S. Banknotes,Ten Dollars,1918,,Fr. 751-L - Teehee/Burke Signatures - Blue Seal - San Francisco [L],Yes,Yes,Yes,No
banknote,U.S. Banknotes,Ten Dollars,1914,,Fr. 911-A - White/Mellon Signatures - Blue Seal - Boston [A],Yes,Yes,Yes,No
banknote,U.S. Banknotes,Ten Dollars,1914,,Fr. 911-B - White/Mellon Signatures - Blue Seal - New York [B],Yes,Yes,Yes,No
banknote,U.S. Banknotes,Ten Dollars,1914,,Fr. 911-C - White/Mellon Signatures - Blue Seal - Philadelphia [C],Yes,Yes,Yes,No
banknote,U.S. Banknotes,Ten Dollars,1914,,Fr. 911-D - White/Mellon Signatures - Blue Seal - Cleveland [D],Yes,Yes,Yes,No
banknote,U.S. Banknotes,Ten Dollars,1914,,Fr. 911-E - White/Mellon Signatures - Blue Seal - Richmond [E],Yes,Yes,Yes,No
banknote,U.S. Banknotes,Ten Dollars,1914,,Fr. 911-F - White/Mellon Signatures - Blue Seal - Atlanta [F],Yes,Yes,Yes,No
banknote,U.S. Banknotes,Ten Dollars,1914,,Fr. 911-G - White/Mellon Signatures - Blue Seal - Chicago [G],Yes,Yes,Yes,No
banknote,U.S. Banknotes,Ten Dollars,1914,,Fr. 911-H - White/Mellon Signatures - Blue Seal - St. Louis [H],Yes,Yes,Yes,No
banknote,U.S. Banknotes,Ten Dollars,1914,,Fr. 911-I - White/Mellon Signatures - Blue Seal - Minneapolis [I],Yes,Yes,Yes,No
banknote,U.S. Banknotes,Ten Dollars,1914,,Fr. 911-J - White/Mellon Signatures - Blue Seal - Kansas City [J],Yes,Yes,Yes,No
banknote,U.S. Banknotes,Ten Dollars,1914,,Fr. 911-K - White/Mellon Signatures - Blue Seal - Dallas [K],Yes,Yes,Yes,No
banknote,U.S. Banknotes,Ten Dollars,1914,,Fr. 911-L - White/Mellon Signatures - Blue Seal - San Francisco [L],Yes,Yes,Yes,No
banknote,U.S. Banknotes,Ten Dollars,1928,,Fr. 2400 - Woods/Mellon Signatures - Gold Seal,Yes,Yes,Yes,No
banknote,U.S. Banknotes,Ten Dollars,1933,,Fr. 1700 - Julian/Morgenthau Signatures - Blue Seal,Yes,Yes,Yes,No
banknote,U.S. Banknotes,Ten Dollars,1934,,Fr. 2302-A - Julian/Morgenthau Signatures - Brown Seal - Boston [A],Yes,Yes,Yes,No
banknote,U.S. Banknotes,Ten Dollars,1934,,Fr. 2302-B - Julian/Morgenthau Signatures - Brown Seal - New York [B],Yes,Yes,Yes,No
banknote,U.S. Banknotes,Ten Dollars,1934,,Fr. 2302-C - Julian/Morgenthau Signatures - Brown Seal - Philadelphia [C],Yes,Yes,Yes,No
banknote,U.S. Banknotes,Ten Dollars,1934,,Fr. 2302-D - Julian/Morgenthau Signatures - Brown Seal - Cleveland [D],Yes,Yes,Yes,No
banknote,U.S. Banknotes,Ten Dollars,1934,,Fr. 2302-E - Julian/Morgenthau Signatures - Brown Seal - Richmond [E],Yes,Yes,Yes,No
banknote,U.S. Banknotes,Ten Dollars,1934,,Fr. 2302-F - Julian/Morgenthau Signatures - Brown Seal - Atlanta [F],Yes,Yes,Yes,No
banknote,U.S. Banknotes,Ten Dollars,1934,,Fr. 2302-G - Julian/Morgenthau Signatures - Brown Seal - Chicago [G],Yes,Yes,Yes,No
banknote,U.S. Banknotes,Ten Dollars,1934,,Fr. 2302-H - Julian/Morgenthau Signatures - Brown Seal - St. Louis [H],Yes,Yes,Yes,No
banknote,U.S. Banknotes,Ten Dollars,1934,,Fr. 2302-I - Julian/Morgenthau Signatures - Brown Seal - Minneapolis [I],Yes,Yes,Yes,No
banknote,U.S. Banknotes,Ten Dollars,1934,,Fr. 2302-J - Julian/Morgenthau Signatures - Brown Seal - Kansas City [J],Yes,Yes,Yes,No
banknote,U.S. Banknotes,Ten Dollars,1934,,Fr. 2302-K - Julian/Morgenthau Signatures - Brown Seal - Dallas [K],Yes,Yes,Yes,No
banknote,U.S. Banknotes,Ten Dollars,1934,,Fr. 2302-L - Julian/Morgenthau Signatures - Brown Seal - San Francisco [L],Yes,Yes,Yes,No
banknote,U.S. Banknotes,Ten Dollars,1934,,Fr. 2309-A - Julian/Morgenthau Signatures - Yellow Seal - Boston [A],Yes,Yes,Yes,No
banknote,U.S. Banknotes,Ten Dollars,1934,,Fr. 2309-B - Julian/Morgenthau Signatures - Yellow Seal - New York [B],Yes,Yes,Yes,No
banknote,U.S. Banknotes,Ten Dollars,1934,,Fr. 2309-C - Julian/Morgenthau Signatures - Yellow Seal - Philadelphia [C],Yes,Yes,Yes,No
banknote,U.S. Banknotes,Ten Dollars,1934,,Fr. 2309-D - Julian/Morgenthau Signatures - Yellow Seal - Cleveland [D],Yes,Yes,Yes,No
banknote,U.S. Banknotes,Ten Dollars,1934,,Fr. 2309-E - Julian/Morgenthau Signatures - Yellow Seal - Richmond [E],Yes,Yes,Yes,No
banknote,U.S. Banknotes,Ten Dollars,1934,,Fr. 2309-F - Julian/Morgenthau Signatures - Yellow Seal - Atlanta [F],Yes,Yes,Yes,No
banknote,U.S. Banknotes,Ten Dollars,1934,,Fr. 2309-G - Julian/Morgenthau Signatures - Yellow Seal - Chicago [G],Yes,Yes,Yes,No
banknote,U.S. Banknotes,Ten Dollars,1934,,Fr. 2309-H - Julian/Morgenthau Signatures - Yellow Seal - St. Louis [H],Yes,Yes,Yes,No
banknote,U.S. Banknotes,Ten Dollars,1934,,Fr. 2309-I - Julian/Morgenthau Signatures - Yellow Seal - Minneapolis [I],Yes,Yes,Yes,No
banknote,U.S. Banknotes,Ten Dollars,1934,,Fr. 2309-J - Julian/Morgenthau Signatures - Yellow Seal - Kansas City [J],Yes,Yes,Yes,No
banknote,U.S. Banknotes,Ten Dollars,1934,,Fr. 2309-K - Julian/Morgenthau Signatures - Yellow Seal - Dallas [K],Yes,Yes,Yes,No
banknote,U.S. Banknotes,Ten Dollars,1934,,Fr. 2309-L - Julian/Morgenthau Signatures - Yellow Seal - San Francisco [L],Yes,Yes,Yes,No
banknote,U.S. Banknotes,Ten Dollars,1928,,Fr. 1420 - Woods/Woodin Signatures - Red Seal,Yes,Yes,Yes,No
banknote,U.S. Banknotes,Ten Dollars,2013,,Fr. 2042-A - Rios/Lew Signatures - Green Seal - Boston [A],Yes,Yes,Yes,No
banknote,U.S. Banknotes,Ten Dollars,2013,,Fr. 2042-B - Rios/Lew Signatures - Green Seal - New York [B],Yes,Yes,Yes,No
banknote,U.S. Banknotes,Ten Dollars,2013,,Fr. 2042-C - Rios/Lew Signatures - Green Seal - Philadelphia [C],Yes,Yes,Yes,No
banknote,U.S. Banknotes,Ten Dollars,2013,,Fr. 2042-D - Rios/Lew Signatures - Green Seal - Cleveland [D],Yes,Yes,Yes,No
banknote,U.S. Banknotes,Ten Dollars,2013,,Fr. 2042-E - Rios/Lew Signatures - Green Seal - Richmond [E],Yes,Yes,Yes,No
banknote,U.S. Banknotes,Ten Dollars,2013,,Fr. 2042-F - Rios/Lew Signatures - Green Seal - Atlanta [F],Yes,Yes,Yes,No
banknote,U.S. Banknotes,Ten Dollars,2013,,Fr. 2042-G - Rios/Lew Signatures - Green Seal - Chicago [G],Yes,Yes,Yes,No
banknote,U.S. Banknotes,Ten Dollars,2013,,Fr. 2042-H - Rios/Lew Signatures - Green Seal - St. Louis [H],Yes,Yes,Yes,No
banknote,U.S. Banknotes,Ten Dollars,2013,,Fr. 2042-I - Rios/Lew Signatures - Green Seal - Minneapolis [I],Yes,Yes,Yes,No
banknote,U.S. Banknotes,Ten Dollars,2013,,Fr. 2042-J - Rios/Lew Signatures - Green Seal - Kansas City [J],Yes,Yes,Yes,No
banknote,U.S. Banknotes,Ten Dollars,2013,,Fr. 2042-K - Rios/Lew Signatures - Green Seal - Dallas [K],Yes,Yes,Yes,No
banknote,U.S. Banknotes,Ten Dollars,2013,,Fr. 2042-L - Rios/Lew Signatures - Green Seal - San Francisco [L],Yes,Yes,Yes,No
banknote,U.S. Banknotes,Twenty Dollars,1861,,Fr. 11 - Chittenden/Spinner Signatures - No Seal,Yes,Yes,Yes,Yes
banknote,U.S. Banknotes,Twenty Dollars,1869,,Fr. 127 - Allison/Spinner Signatures - Large Red Seal,Yes,Yes,Yes,Yes
banknote,U.S. Banknotes,Twenty Dollars,1880,,Fr. 134 - Bruce/Wyman Signatures - Large Red Seal,Yes,Yes,Yes,Yes
banknote,U.S. Banknotes,Twenty Dollars,1886,,Fr. 305 - Rosecrans/Jordan Signatures - Large Red Seal,Yes,Yes,Yes,Yes
banknote,U.S. Banknotes,Twenty Dollars,1890,,Fr. 373 - Rosecrans/Huston Signatures - Large Brown Seal,Yes,Yes,Yes,Yes
banknote,U.S. Banknotes,Twenty Dollars,1891,,Fr. 375 - Rosecrans/Nebeker Signatures - Small Red Seal,Yes,Yes,Yes,Yes
banknote,U.S. Banknotes,Twenty Dollars,1905,,Fr. 1179 - Lyons/Treat Signatures - Red Seal,Yes,Yes,Yes,No
banknote,U.S. Banknotes,Twenty Dollars,1914,,Fr. 954-A - Burke/McAdoo Signatures - Red Seal - Boston [A],Yes,Yes,Yes,No
banknote,U.S. Banknotes,Twenty Dollars,1914,,Fr. 954-B - Burke/McAdoo Signatures - Red Seal - New York [B],Yes,Yes,Yes,No
banknote,U.S. Banknotes,Twenty Dollars,1914,,Fr. 954-C - Burke/McAdoo Signatures - Red Seal - Philadelphia [C],Yes,Yes,Yes,No
banknote,U.S. Banknotes,Twenty Dollars,1914,,Fr. 954-D - Burke/McAdoo Signatures - Red Seal - Cleveland [D],Yes,Yes,Yes,No
banknote,U.S. Banknotes,Twenty Dollars,1914,,Fr. 954-E - Burke/McAdoo Signatures - Red Seal - Richmond [E],Yes,Yes,Yes,No
banknote,U.S. Banknotes,Twenty Dollars,1914,,Fr. 954-F - Burke/McAdoo Signatures - Red Seal - Atlanta [F],Yes,Yes,Yes,No
banknote,U.S. Banknotes,Twenty Dollars,1914,,Fr. 954-G - Burke/McAdoo Signatures - Red Seal - Chicago [G],Yes,Yes,Yes,No
banknote,U.S. Banknotes,Twenty Dollars,1914,,Fr. 954-H - Burke/McAdoo Signatures - Red Seal - St. Louis [H],Yes,Yes,Yes,No
banknote,U.S. Banknotes,Twenty Dollars,1914,,Fr. 954-I - Burke/McAdoo Signatures - Red Seal - Minneapolis [I],Yes,Yes,Yes,No
banknote,U.S. Banknotes,Twenty Dollars,1914,,Fr. 954-J - Burke/McAdoo Signatures - Red Seal - Kansas City [J],Yes,Yes,Yes,No
banknote,U.S. Banknotes,Twenty Dollars,1914,,Fr. 954-K - Burke/McAdoo Signatures - Red Seal - Dallas [K],Yes,Yes,Yes,No
banknote,U.S. Banknotes,Twenty Dollars,1914,,Fr. 954-L - Burke/McAdoo Signatures - Red Seal - San Francisco [L],Yes,Yes,Yes,No
banknote,U.S. Banknotes,Twenty Dollars,1917,,Fr. 147 - Teehee/Burke Signatures - Red Seal,Yes,Yes,Yes,No
banknote,U.S. Banknotes,Twenty Dollars,1922,,Fr. 1187 - Speelman/White Signatures - Blue Seal,Yes,Yes,Yes,No
banknote,U.S. Banknotes,Twenty Dollars,1928,,Fr. 2402 - Woods/Mellon Signatures - Gold Seal,Yes,Yes,Yes,No
banknote,U.S. Banknotes,Twenty Dollars,1928,,Fr. 2050-A - Woods/Mellon Signatures - Green Seal - Boston [A],Yes,Yes,Yes,No
banknote,U.S. Banknotes,Twenty Dollars,1928,,Fr. 2050-B - Woods/Mellon Signatures - Green Seal - New York [B],Yes,Yes,Yes,No
banknote,U.S. Banknotes,Twenty Dollars,1928,,Fr. 2050-C - Woods/Mellon Signatures - Green Seal - Philadelphia [C],Yes,Yes,Yes,No
banknote,U.S. Banknotes,Twenty Dollars,1928,,Fr. 2050-D - Woods/Mellon Signatures - Green Seal - Cleveland [D],Yes,Yes,Yes,No
banknote,U.S. Banknotes,Twenty Dollars,1928,,Fr. 2050-E - Woods/Mellon Signatures - Green Seal - Richmond [E],Yes,Yes,Yes,No
banknote,U.S. Banknotes,Twenty Dollars,1928,,Fr. 2050-F - Woods/Mellon Signatures - Green Seal - Atlanta [F],Yes,Yes,Yes,No
banknote,U.S. Banknotes,Twenty Dollars,1928,,Fr. 2050-G - Woods/Mellon Signatures - Green Seal - Chicago [G],Yes,Yes,Yes,No
banknote,U.S. Banknotes,Twenty Dollars,1928,,Fr. 2050-H - Woods/Mellon Signatures - Green Seal - St. Louis [H],Yes,Yes,Yes,No
banknote,U.S. Banknotes,Twenty Dollars,1928,,Fr. 2050-I - Woods/Mellon Signatures - Green Seal - Minneapolis [I],Yes,Yes,Yes,No
banknote,U.S. Banknotes,Twenty Dollars,1928,,Fr. 2050-J - Woods/Mellon Signatures - Green Seal - Kansas City [J],Yes,Yes,Yes,No
banknote,U.S. Banknotes,Twenty Dollars,1928,,Fr. 2050-K - Woods/Mellon Signatures - Green Seal - Dallas [K],Yes,Yes,Yes,No
banknote,U.S. Banknotes,Twenty Dollars,1928,,Fr. 2050-L - Woods/Mellon Signatures - Green Seal - San Francisco [L],Yes,Yes,Yes,No
banknote,U.S. Banknotes,Twenty Dollars,1934,,Fr. 2052-A - Julian/Morgenthau Signatures - Green Seal - Boston [A],Yes,Yes,Yes,No
banknote,U.S. Banknotes,Twenty Dollars,1934,,Fr. 2052-B - Julian/Morgenthau Signatures - Green Seal - New York [B],Yes,Yes,Yes,No
banknote,U.S. Banknotes,Twenty Dollars,1934,,Fr. 2052-C - Julian/Morgenthau Signatures - Green Seal - Philadelphia [C],Yes,Yes,Yes,No
banknote,U.S. Banknotes,Twenty Dollars,1934,,Fr. 2052-D - Julian/Morgenthau Signatures - Green Seal - Cleveland [D],Yes,Yes,Yes,No
banknote,U.S. Banknotes,Twenty Dollars,1934,,Fr. 2052-E - Julian/Morgenthau Signatures - Green Seal - Richmond [E],Yes,Yes,Yes,No
banknote,U.S. Banknotes,Twenty Dollars,1934,,Fr. 2052-F - Julian/Morgenthau Signatures - Green Seal - Atlanta [F],Yes,Yes,Yes,No
banknote,U.S. Banknotes,Twenty Dollars,1934,,Fr. 2052-G - Julian/Morgenthau Signatures - Green Seal - Chicago [G],Yes,Yes,Yes,No
banknote,U.S. Banknotes,Twenty Dollars,1934,,Fr. 2052-H - Julian/Morgenthau Signatures - Green Seal - St. Louis [H],Yes,Yes,Yes,No
banknote,U.S. Banknotes,Twenty Dollars,1934,,Fr. 2052-I - Julian/Morgenthau Signatures - Green Seal - Minneapolis [I],Yes,Yes,Yes,No
banknote,U.S. Banknotes,Twenty Dollars,1934,,Fr. 2052-J - Julian/Morgenthau Signatures - Green Seal - Kansas City [J],Yes,Yes,Yes,No
banknote,U.S. Banknotes,Twenty Dollars,1934,,Fr. 2052-K - Julian/Morgenthau Signatures - Green Seal - Dallas [K],Yes,Yes,Yes,No
banknote,U.S. Banknotes,Twenty Dollars,1934,,Fr. 2052-L - Julian/Morgenthau Signatures - Green Seal - San Francisco [L],Yes,Yes,Yes,No
banknote,U.S. Banknotes,Twenty Dollars,1950,,Fr. 2060-A - Clark/Snyder Signatures - Green Seal - Boston [A],Yes,Yes,Yes,No
banknote,U.S. Banknotes,Twenty Dollars,1950,,Fr. 2060-B - Clark/Snyder Signatures - Green Seal - New York [B],Yes,Yes,Yes,No
banknote,U.S. Banknotes,Twenty Dollars,1950,,Fr. 2060-C - Clark/Snyder Signatures - Green Seal - Philadelphia [C],Yes,Yes,Yes,No
banknote,U.S. Banknotes,Twenty Dollars,1950,,Fr. 2060-D - Clark/Snyder Signatures - Green Seal - Cleveland [D],Yes,Yes,Yes,No
banknote,U.S. Banknotes,Twenty Dollars,1950,,Fr. 2060-E - Clark/Snyder Signatures - Green Seal - Richmond [E],Yes,Yes,Yes,No
banknote,U.S. Banknotes,Twenty Dollars,1950,,Fr. 2060-F - Clark/Snyder Signatures - Green Seal - Atlanta [F],Yes,Yes,Yes,No
banknote,U.S. Banknotes,Twenty Dollars,1950,,Fr. 2060-G - Clark/Snyder Signatures - Green Seal - Chicago [G],Yes,Yes,Yes,No
banknote,U.S. Banknotes,Twenty Dollars,1950,,Fr. 2060-H - Clark/Snyder Signatures - Green Seal - St. Louis [H],Yes,Yes,Yes,No
banknote,U.S. Banknotes,Twenty Dollars,1950,,Fr. 2060-I - Clark/Snyder Signatures - Green Seal - Minneapolis [I],Yes,Yes,Yes,No
banknote,U.S. Banknotes,Twenty Dollars,1950,,Fr. 2060-J - Clark/Snyder Signatures - Green Seal - Kansas City [J],Yes,Yes,Yes,No
banknote,U.S. Banknotes,Twenty Dollars,1950,,Fr. 2060-K - Clark/Snyder Signatures - Green Seal - Dallas [K],Yes,Yes,Yes,No
banknote,U.S. Banknotes,Twenty Dollars,1950,,Fr. 2060-L - Clark/Snyder Signatures - Green Seal - San Francisco [L],Yes,Yes,Yes,No
banknote,U.S. Banknotes,Twenty Dollars,1969,,Fr. 2070-A - Elston/Kennedy Signatures - Green Seal - Boston [A],Yes,Yes,Yes,No
banknote,U.S. Banknotes,Twenty Dollars,1969,,Fr. 2070-B - Elston/Kennedy Signatures - Green Seal - New York [B],Yes,Yes,Yes,No
banknote,U.S. Banknotes,Twenty Dollars,1969,,Fr. 2070-C - Elston/Kennedy Signatures - Green Seal - Philadelphia [C],Yes,Yes,Yes,No
banknote,U.S. Banknotes,Twenty Dollars,1969,,Fr. 2070-D - Elston/Kennedy Signatures - Green Seal - Cleveland [D],Yes,Yes,Yes,No
banknote,U.S. Banknotes,Twenty Dollars,1969,,Fr. 2070-E - Elston/Kennedy Signatures - Green Seal - Richmond [E],Yes,Yes,Yes,No
banknote,U.S. Banknotes,Twenty Dollars,1969,,Fr. 2070-F - Elston/Kennedy Signatures - Green Seal - Atlanta [F],Yes,Yes,Yes,No
banknote,U.S. Banknotes,Twenty Dollars,1969,,Fr. 2070-G - Elston/Kennedy Signatures - Green Seal - Chicago [G],Yes,Yes,Yes,No
banknote,U.S. Banknotes,Twenty Dollars,1969,,Fr. 2070-H - Elston/Kennedy Signatures - Green Seal - St. Louis [H],Yes,Yes,Yes,No
banknote,U.S. Banknotes,Twenty Dollars,1969,,Fr. 2070-I - Elston/Kennedy Signatures - Green Seal - Minneapolis [I],Yes,Yes,Yes,No
banknote,U.S. Banknotes,Twenty Dollars,1969,,Fr. 2070-J - Elston/Kennedy Signatures - Green Seal - Kansas City [J],Yes,Yes,Yes,No
banknote,U.S. Banknotes,Twenty Dollars,1969,,Fr. 2070-K - Elston/Kennedy Signatures - Green Seal - Dallas [K],Yes,Yes,Yes,No
banknote,U.S. Banknotes,Twenty Dollars,1969,,Fr. 2070-L - Elston/Kennedy Signatures - Green Seal - San Francisco [L],Yes,Yes,Yes,No
banknote,U.S. Banknotes,Twenty Dollars,1990,,Fr. 2075-A - Villalpando/Brady Signatures - Green Seal - Boston [A],Yes,Yes,Yes,No
banknote,U.S. Banknotes,Twenty Dollars,1990,,Fr. 2075-B - Villalpando/Brady Signatures - Green Seal - New York [B],Yes,Yes,Yes,No
banknote,U.S. Banknotes,Twenty Dollars,1990,,Fr. 2075-C - Villalpando/Brady Signatures - Green Seal - Philadelphia [C],Yes,Yes,Yes,No
banknote,U.S. Banknotes,Twenty Dollars,1990,,Fr. 2075-D - Villalpando/Brady Signatures - Green Seal - Cleveland [D],Yes,Yes,Yes,No
banknote,U.S. Banknotes,Twenty Dollars,1990,,Fr. 2075-E - Villalpando/Brady Signatures - Green Seal - Richmond [E],Yes,Yes,Yes,No
banknote,U.S. Banknotes,Twenty Dollars,1990,,Fr. 2075-F - Villalpando/Brady Signatures - Green Seal - Atlanta [F],Yes,Yes,Yes,No
banknote,U.S. Banknotes,Twenty Dollars,1990,,Fr. 2075-G - Villalpando/Brady Signatures - Green Seal - Chicago [G],Yes,Yes,Yes,No
banknote,U.S. Banknotes,Twenty Dollars,1990,,Fr. 2075-H - Villalpando/Brady Signatures - Green Seal - St. Louis [H],Yes,Yes,Yes,No
banknote,U.S. Banknotes,Twenty Dollars,1990,,Fr. 2075-I - Villalpando/Brady Signatures - Green Seal - Minneapolis [I],Yes,Yes,Yes,No
banknote,U.S. Banknotes,Twenty Dollars,1990,,Fr. 2075-J - Villalpando/Brady Signatures - Green Seal - Kansas City [J],Yes,Yes,Yes,No
banknote,U.S. Banknotes,Twenty Dollars,1990,,Fr. 2075-K - Villalpando/Brady Signatures - Green Seal - Dallas [K],Yes,Yes,Yes,No
banknote,U.S. Banknotes,Twenty Dollars,1990,,Fr. 2075-L - Villalpando/Brady Signatures - Green Seal - San Francisco [L],Yes,Yes,Yes,No
banknote,U.S. Banknotes,Twenty Dollars,1996,,Fr. 2081-A - Withrow/Rubin Signatures - Green Seal - Boston [A],Yes,Yes,Yes,No
banknote,U.S. Banknotes,Twenty Dollars,1996,,Fr. 2081-B - Withrow/Rubin Signatures - Green Seal - New York [B],Yes,Yes,Yes,No
banknote,U.S. Banknotes,Twenty Dollars,1996,,Fr. 2081-C - Withrow/Rubin Signatures - Green Seal - Philadelphia [C],Yes,Yes,Yes,No
banknote,U.S. Banknotes,Twenty Dollars,1996,,Fr. 2081-D - Withrow/Rubin Signatures - Green Seal - Cleveland [D],Yes,Yes,Yes,No
banknote,U.S. Banknotes,Twenty Dollars,1996,,Fr. 2081-E - Withrow/Rubin Signatures - Green Seal - Richmond [E],Yes,Yes,Yes,No
banknote,U.S. Banknotes,Twenty Dollars,1996,,Fr. 2081-F - Withrow/Rubin Signatures - Green Seal - Atlanta [F],Yes,Yes,Yes,No
banknote,U.S. Banknotes,Twenty Dollars,1996,,Fr. 2081-G - Withrow/Rubin Signatures - Green Seal - Chicago [G],Yes,Yes,Yes,No
banknote,U.S. Banknotes,Twenty Dollars,1996,,Fr. 2081-H - Withrow/Rubin Signatures - Green Seal - St. Louis [H],Yes,Yes,Yes,No
banknote,U.S. Banknotes,Twenty Dollars,1996,,Fr. 2081-I - Withrow/Rubin Signatures - Green Seal - Minneapolis [I],Yes,Yes,Yes,No
banknote,U.S. Banknotes,Twenty Dollars,1996,,Fr. 2081-J - Withrow/Rubin Signatures - Green Seal - Kansas City [J],Yes,Yes,Yes,No
banknote,U.S. Banknotes,Twenty Dollars,1996,,Fr. 2081-K - Withrow/Rubin Signatures - Green Seal - Dallas [K],Yes,Yes,Yes,No
banknote,U.S. Banknotes,Twenty Dollars,1996,,Fr. 2081-L - Withrow/Rubin Signatures - Green Seal - San Francisco [L],Yes,Yes,Yes,No
banknote,U.S. Banknotes,Twenty Dollars,2013,,Fr. 2095-A - Rios/Lew Signatures - Green Seal - Boston [A],Yes,Yes,Yes,No
banknote,U.S. Banknotes,Twenty Dollars,2013,,Fr. 2095-B - Rios/Lew Signatures - Green Seal - New York [B],Yes,Yes,Yes,No
banknote,U.S. Banknotes,Twenty Dollars,2013,,Fr. 2095-C - Rios/Lew Signatures - Green Seal - Philadelphia [C],Yes,Yes,Yes,No
banknote,U.S. Banknotes,Twenty Dollars,2013,,Fr. 2095-D - Rios/Lew Signatures - Green Seal - Cleveland [D],Yes,Yes,Yes,No
banknote,U.S. Banknotes,Twenty Dollars,2013,,Fr. 2095-E - Rios/Lew Signatures - Green Seal - Richmond [E],Yes,Yes,Yes,No
banknote,U.S. Banknotes,Twenty Dollars,2013,,Fr. 2095-F - Rios/Lew Signatures - Green Seal - Atlanta [F],Yes,Yes,Yes,No
banknote,U.S. Banknotes,Twenty Dollars,2013,,Fr. 2095-G - Rios/Lew Signatures - Green Seal - Chicago [G],Yes,Yes,Yes,No
banknote,U.S. Banknotes,Twenty Dollars,2013,,Fr. 2095-H - Rios/Lew Signatures - Green Seal - St. Louis [H],Yes,Yes,Yes,No
banknote,U.S. Banknotes,Twenty Dollars,2013,,Fr. 2095-I - Rios/Lew Signatures - Green Seal - Minneapolis [I],Yes,Yes,Yes,No
banknote,U.S. Banknotes,Twenty Dollars,2013,,Fr. 2095-J - Rios/Lew Signatures - Green Seal - Kansas City [J],Yes,Yes,Yes,No
banknote,U.S. Banknotes,Twenty Dollars,2013,,Fr. 2095-K - Rios/Lew Signatures - Green Seal - Dallas [K],Yes,Yes,Yes,No
banknote,U.S. Banknotes,Twenty Dollars,2013,,Fr. 2095-L - Rios/Lew Signatures - Green Seal - San Francisco [L],Yes,Yes,Yes,No
banknote,U.S. Banknotes,Fifty Dollars,1861,,Fr. 5 - For the Register/For the Treasurer Signatures - No Seal,Yes,Yes,Yes,Yes
banknote,U.S. Banknotes,Fifty Dollars,1869,,Fr. 151 - Allison/Spinner Signatures - Large Red Seal,Yes,Yes,Yes,Yes
banknote,U.S. Banknotes,Fifty Dollars,1880,,Fr. 155 - Bruce/Wyman Signatures - Large Red Seal,Yes,Yes,Yes,Yes
banknote,U.S. Banknotes,Fifty Dollars,1880,,Fr. 324 - Bruce/Gilfillan Signatures - Large Brown Seal,Yes,Yes,Yes,Yes
banknote,U.S. Banknotes,Fifty Dollars,1891,,Fr. 376 - Rosecrans/Nebeker Signatures - Small Red Seal,Yes,Yes,Yes,Yes
banknote,U.S. Banknotes,Fifty Dollars,1882,,Fr. 1188 - Bruce/Gilfillan Signatures - Red Seal,Yes,Yes,Yes,Yes
banknote,U.S. Banknotes,Fifty Dollars,1914,,Fr. 1028-A - White/Mellon Signatures - Blue Seal - Boston [A],Yes,Yes,Yes,No
banknote,U.S. Banknotes,Fifty Dollars,1914,,Fr. 1028-B - White/Mellon Signatures - Blue Seal - New York [B],Yes,Yes,Yes,No
banknote,U.S. Banknotes,Fifty Dollars,1914,,Fr. 1028-C - White/Mellon Signatures - Blue Seal - Philadelphia [C],Yes,Yes,Yes,No
banknote,U.S. Banknotes,Fifty Dollars,1914,,Fr. 1028-D - White/Mellon Signatures - Blue Seal - Cleveland [D],Yes,Yes,Yes,No
banknote,U.S. Banknotes,Fifty Dollars,1914,,Fr. 1028-E - White/Mellon Signatures - Blue Seal - Richmond [E],Yes,Yes,Yes,No
banknote,U.S. Banknotes,Fifty Dollars,1914,,Fr. 1028-F - White/Mellon Signatures - Blue Seal - Atlanta [F],Yes,Yes,Yes,No
banknote,U.S. Banknotes,Fifty Dollars,1914,,Fr. 1028-G - White/Mellon Signatures - Blue Seal - Chicago [G],Yes,Yes,Yes,No
banknote,U.S. Banknotes,Fifty Dollars,1914,,Fr. 1028-H - White/Mellon Signatures - Blue Seal - St. Louis [H],Yes,Yes,Yes,No
banknote,U.S. Banknotes,Fifty Dollars,1914,,Fr. 1028-I - White/Mellon Signatures - Blue Seal - Minneapolis [I],Yes,Yes,Yes,No
banknote,U.S. Banknotes,Fifty Dollars,1914,,Fr. 1028-J - White/Mellon Signatures - Blue Seal - Kansas City [J],Yes,Yes,Yes,No
banknote,U.S. Banknotes,Fifty Dollars,1914,,Fr. 1028-K - White/Mellon Signatures - Blue Seal - Dallas [K],Yes,Yes,Yes,No
banknote,U.S. Banknotes,Fifty Dollars,1914,,Fr. 1028-L - White/Mellon Signatures - Blue Seal - San Francisco [L],Yes,Yes,Yes,No
banknote,U.S. Banknotes,Fifty Dollars,1918,,Fr. 831-A - Teehee/Burke Signatures - Blue Seal - Boston [A],Yes,Yes,Yes,No
banknote,U.S. Banknotes,Fifty Dollars,1918,,Fr. 831-B - Teehee/Burke Signatures - Blue Seal - New York [B],Yes,Yes,Yes,No
banknote,U.S. Banknotes,Fifty Dollars,1918,,Fr. 831-C - Teehee/Burke Signatures - Blue Seal - Philadelphia [C],Yes,Yes,Yes,No
banknote,U.S. Banknotes,Fifty Dollars,1918,,Fr. 831-D - Teehee/Burke Signatures - Blue Seal - Cleveland [D],Yes,Yes,Yes,No
banknote,U.S. Banknotes,Fifty Dollars,1918,,Fr. 831-E - Teehee/Burke Signatures - Blue Seal - Richmond [E],Yes,Yes,Yes,No
banknote,U.S. Banknotes,Fifty Dollars,1918,,Fr. 831-F - Teehee/Burke Signatures - Blue Seal - Atlanta [F],Yes,Yes,Yes,No
banknote,U.S. Banknotes,Fifty Dollars,1918,,Fr. 831-G - Teehee/Burke Signatures - Blue Seal - Chicago [G],Yes,Yes,Yes,No
banknote,U.S. Banknotes,Fifty Dollars,1918,,Fr. 831-H - Teehee/Burke Signatures - Blue Seal - St. Louis [H],Yes,Yes,Yes,No
banknote,U.S. Banknotes,Fifty Dollars,1918,,Fr. 831-I - Teehee/Burke Signatures - Blue Seal - Minneapolis [I],Yes,Yes,Yes,No
banknote,U.S. Banknotes,Fifty Dollars,1918,,Fr. 831-J - Teehee/Burke Signatures - Blue Seal - Kansas City [J],Yes,Yes,Yes,No
banknote,U.S. Banknotes,Fifty Dollars,1918,,Fr. 831-K - Teehee/Burke Signatures - Blue Seal - Dallas [K],Yes,Yes,Yes,No
banknote,U.S. Banknotes,Fifty Dollars,1918,,Fr. 831-L - Teehee/Burke Signatures - Blue Seal - San Francisco [L],Yes,Yes,Yes,No
banknote,U.S. Banknotes,Fifty Dollars,1922,,Fr. 1204 - Speelman/White Signatures - Yellow Seal,Yes,Yes,Yes,No
banknote,U.S. Banknotes,Fifty Dollars,1928,,Fr. 2100-A - Woods/Mellon Signatures - Green Seal - Boston [A],Yes,Yes,Yes,No
banknote,U.S. Banknotes,Fifty Dollars,1928,,Fr. 2100-B - Woods/Mellon Signatures - Green Seal - New York [B],Yes,Yes,Yes,No
banknote,U.S. Banknotes,Fifty Dollars,1928,,Fr. 2100-C - Woods/Mellon Signatures - Green Seal - Philadelphia [C],Yes,Yes,Yes,No
banknote,U.S. Banknotes,Fifty Dollars,1928,,Fr. 2100-D - Woods/Mellon Signatures - Green Seal - Cleveland [D],Yes,Yes,Yes,No
banknote,U.S. Banknotes,Fifty Dollars,1928,,Fr. 2100-E - Woods/Mellon Signatures - Green Seal - Richmond [E],Yes,Yes,Yes,No
banknote,U.S. Banknotes,Fifty Dollars,1928,,Fr. 2100-F - Woods/Mellon Signatures - Green Seal - Atlanta [F],Yes,Yes,Yes,No
banknote,U.S. Banknotes,Fifty Dollars,1928,,Fr. 2100-G - Woods/Mellon Signatures - Green Seal - Chicago [G],Yes,Yes,Yes,No
banknote,U.S. Banknotes,Fifty Dollars,1928,,Fr. 2100-H - Woods/Mellon Signatures - Green Seal - St. Louis [H],Yes,Yes,Yes,No
banknote,U.S. Banknotes,Fifty Dollars,1928,,Fr. 2100-I - Woods/Mellon Signatures - Green Seal - Minneapolis [I],Yes,Yes,Yes,No
banknote,U.S. Banknotes,Fifty Dollars,1928,,Fr. 2100-J - Woods/Mellon Signatures - Green Seal - Kansas City [J],Yes,Yes,Yes,No
banknote,U.S. Banknotes,Fifty Dollars,1928,,Fr. 2100-K - Woods/Mellon Signatures - Green Seal - Dallas [K],Yes,Yes,Yes,No
banknote,U.S. Banknotes,Fifty Dollars,1928,,Fr. 2100-L - Woods/Mellon Signatures - Green Seal - San Francisco [L],Yes,Yes,Yes,No
banknote,U.S. Banknotes,Fifty Dollars,1934,,Fr. 2101-A - Julian/Morgenthau Signatures - Green Seal - Boston [A],Yes,Yes,Yes,No
banknote,U.S. Banknotes,Fifty Dollars,1934,,Fr. 2101-B - Julian/Morgenthau Signatures - Green Seal - New York [B],Yes,Yes,Yes,No
banknote,U.S. Banknotes,Fifty Dollars,1934,,Fr. 2101-C - Julian/Morgenthau Signatures - Green Seal - Philadelphia [C],Yes,Yes,Yes,No
banknote,U.S. Banknotes,Fifty Dollars,1934,,Fr. 2101-D - Julian/Morgenthau Signatures - Green Seal - Cleveland [D],Yes,Yes,Yes,No
banknote,U.S. Banknotes,Fifty Dollars,1934,,Fr. 2101-E - Julian/Morgenthau Signatures - Green Seal - Richmond [E],Yes,Yes,Yes,No
banknote,U.S. Banknotes,Fifty Dollars,1934,,Fr. 2101-F - Julian/Morgenthau Signatures - Green Seal - Atlanta [F],Yes,Yes,Yes,No
banknote,U.S. Banknotes,Fifty Dollars,1934,,Fr. 2101-G - Julian/Morgenthau Signatures - Green Seal - Chicago [G],Yes,Yes,Yes,No
banknote,U.S. Banknotes,Fifty Dollars,1934,,Fr. 2101-H - Julian/Morgenthau Signatures - Green Seal - St. Louis [H],Yes,Yes,Yes,No
banknote,U.S. Banknotes,Fifty Dollars,1934,,Fr. 2101-I - Julian/Morgenthau Signatures - Green Seal - Minneapolis [I],Yes,Yes,Yes,No
banknote,U.S. Banknotes,Fifty Dollars,1934,,Fr. 2101-J - Julian/Morgenthau Signatures - Green Seal - Kansas City [J],Yes,Yes,Yes,No
banknote,U.S. Banknotes,Fifty Dollars,1934,,Fr. 2101-K - Julian/Morgenthau Signatures - Green Seal - Dallas [K],Yes,Yes,Yes,No
banknote,U.S. Banknotes,Fifty Dollars,1934,,Fr. 2101-L - Julian/Morgenthau Signatures - Green Seal - San Francisco [L],Yes,Yes,Yes,No
banknote,U.S. Banknotes,Fifty Dollars,1996,,Fr. 2125-A - Withrow/Rubin Signatures - Green Seal - Boston [A],Yes,Yes,Yes,No
banknote,U.S. Banknotes,Fifty Dollars,1996,,Fr. 2125-B - Withrow/Rubin Signatures - Green Seal - New York [B],Yes,Yes,Yes,No
banknote,U.S. Banknotes,Fifty Dollars,1996,,Fr. 2125-C - Withrow/Rubin Signatures - Green Seal - Philadelphia [C],Yes,Yes,Yes,No
banknote,U.S. Banknotes,Fifty Dollars,1996,,Fr. 2125-D - Withrow/Rubin Signatures - Green Seal - Cleveland [D],Yes,Yes,Yes,No
banknote,U.S. Banknotes,Fifty Dollars,1996,,Fr. 2125-E - Withrow/Rubin Signatures - Green Seal - Richmond [E],Yes,Yes,Yes,No
banknote,U.S. Banknotes,Fifty Dollars,1996,,Fr. 2125-F - Withrow/Rubin Signatures - Green Seal - Atlanta [F],Yes,Yes,Yes,No
banknote,U.S. Banknotes,Fifty Dollars,1996,,Fr. 2125-G - Withrow/Rubin Signatures - Green Seal - Chicago [G],Yes,Yes,Yes,No
banknote,U.S. Banknotes,Fifty Dollars,1996,,Fr. 2125-H - Withrow/Rubin Signatures - Green Seal - St. Louis [H],Yes,Yes,Yes,No
banknote,U.S. Banknotes,Fifty Dollars,1996,,Fr. 2125-I - Withrow/Rubin Signatures - Green Seal - Minneapolis [I],Yes,Yes,Yes,No
banknote,U.S. Banknotes,Fifty Dollars,1996,,Fr. 2125-J - Withrow/Rubin Signatures - Green Seal - Kansas City [J],Yes,Yes,Yes,No
banknote,U.S. Banknotes,Fifty Dollars,1996,,Fr. 2125-K - Withrow/Rubin Signatures - Green Seal - Dallas [K],Yes,Yes,Yes,No
banknote,U.S. Banknotes,Fifty Dollars,1996,,Fr. 2125-L - Withrow/Rubin Signatures - Green Seal - San Francisco [L],Yes,Yes,Yes,No
banknote,U.S. Banknotes,Fifty Dollars,2013,,Fr. 2129-A - Rios/Lew Signatures - Green Seal - Boston [A],Yes,Yes,Yes,No
banknote,U.S. Banknotes,Fifty Dollars,2013,,Fr. 2129-B - Rios/Lew Signatures - Green Seal - New York [B],Yes,Yes,Yes,No
banknote,U.S. Banknotes,Fifty Dollars,2013,,Fr. 2129-C - Rios/Lew Signatures - Green Seal - Philadelphia [C],Yes,Yes,Yes,No
banknote,U.S. Banknotes,Fifty Dollars,2013,,Fr. 2129-D - Rios/Lew Signatures - Green Seal - Cleveland [D],Yes,Yes,Yes,No
banknote,U.S. Banknotes,Fifty Dollars,2013,,Fr. 2129-E - Rios/Lew Signatures - Green Seal - Richmond [E],Yes,Yes,Yes,No
banknote,U.S. Banknotes,Fifty Dollars,2013,,Fr. 2129-F - Rios/Lew Signatures - Green Seal - Atlanta [F],Yes,Yes,Yes,No
banknote,U.S. Banknotes,Fifty Dollars,2013,,Fr. 2129-G - Rios/Lew Signatures - Green Seal - Chicago [G],Yes,Yes,Yes,No
banknote,U.S. Banknotes,Fifty Dollars,2013,,Fr. 2129-H - Rios/Lew Signatures - Green Seal - St. Louis [H],Yes,Yes,Yes,No
banknote,U.S. Banknotes,Fifty Dollars,2013,,Fr. 2129-I - Rios/Lew Signatures - Green Seal - Minneapolis [I],Yes,Yes,Yes,No
banknote,U.S. Banknotes,Fifty Dollars,2013,,Fr. 2129-J - Rios/Lew Signatures - Green Seal - Kansas City [J],Yes,Yes,Yes,No
banknote,U.S. Banknotes,Fifty Dollars,2013,,Fr. 2129-K - Rios/Lew Signatures - Green Seal - Dallas [K],Yes,Yes,Yes,No
banknote,U.S. Banknotes,Fifty Dollars,2013,,Fr. 2129-L - Rios/Lew Signatures - Green Seal - San Francisco [L],Yes,Yes,Yes,No
banknote,U.S. Banknotes,One Hundred Dollars,1861,,Fr. 15 - Hand-signed - No Seal,Yes,Yes,Yes,Yes
banknote,U.S. Banknotes,One Hundred Dollars,1869,,Fr. 168 - Allison/Spinner Signatures - Large Red Seal,Yes,Yes,Yes,Yes
banknote,U.S. Banknotes,One Hundred Dollars,1890,,Fr. 377 - Rosecrans/Huston Signatures - Large Brown Seal,Yes,Yes,Yes,Yes
banknote,U.S. Banknotes,One Hundred Dollars,1891,,Fr. 342 - Rosecrans/Nebeker Signatures - Small Carmine Seal,Yes,Yes,Yes,Yes
banknote,U.S. Banknotes,One Hundred Dollars,1882,,Fr. 1200 - Bruce/Gilfillan Signatures - Red Seal,Yes,Yes,Yes,Yes
banknote,U.S. Banknotes,One Hundred Dollars,1914,,Fr. 1133-A - Burke/McAdoo Signatures - Red Seal - Boston [A],Yes,Yes,Yes,No
banknote,U.S. Banknotes,One Hundred Dollars,1914,,Fr. 1133-B - Burke/McAdoo Signatures - Red Seal - New York [B],Yes,Yes,Yes,No
banknote,U.S. Banknotes,One Hundred Dollars,1914,,Fr. 1133-C - Burke/McAdoo Signatures - Red Seal - Philadelphia [C],Yes,Yes,Yes,No
banknote,U.S. Banknotes,One Hundred Dollars,1914,,Fr. 1133-D - Burke/McAdoo Signatures - Red Seal - Cleveland [D],Yes,Yes,Yes,No
banknote,U.S. Banknotes,One Hundred Dollars,1914,,Fr. 1133-E - Burke/McAdoo Signatures - Red Seal - Richmond [E],Yes,Yes,Yes,No
banknote,U.S. Banknotes,One Hundred Dollars,1914,,Fr. 1133-F - Burke/McAdoo Signatures - Red Seal - Atlanta [F],Yes,Yes,Yes,No
banknote,U.S. Banknotes,One Hundred Dollars,1914,,Fr. 1133-G - Burke/McAdoo Signatures - Red Seal - Chicago [G],Yes,Yes,Yes,No
banknote,U.S. Banknotes,One Hundred Dollars,1914,,Fr. 1133-H - Burke/McAdoo Signatures - Red Seal - St. Louis [H],Yes,Yes,Yes,No
banknote,U.S. Banknotes,One Hundred Dollars,1914,,Fr. 1133-I - Burke/McAdoo Signatures - Red Seal - Minneapolis [I],Yes,Yes,Yes,No
banknote,U.S. Banknotes,One Hundred Dollars,1914,,Fr. 1133-J - Burke/McAdoo Signatures - Red Seal - Kansas City [J],Yes,Yes,Yes,No
banknote,U.S. Banknotes,One Hundred Dollars,1914,,Fr. 1133-K - Burke/McAdoo Signatures - Red Seal - Dallas [K],Yes,Yes,Yes,No
banknote,U.S. Banknotes,One Hundred Dollars,1914,,Fr. 1133-L - Burke/McAdoo Signatures - Red Seal - San Francisco [L],Yes,Yes,Yes,No
banknote,U.S. Banknotes,One Hundred Dollars,1928,,Fr. 2405 - Woods/Mellon Signatures - Gold Seal,Yes,Yes,Yes,No
banknote,U.S. Banknotes,One Hundred Dollars,1928,,Fr. 2150-A - Woods/Mellon Signatures - Numerical District Seal - Boston [A],Yes,Yes,Yes,No
banknote,U.S. Banknotes,One Hundred Dollars,1928,,Fr. 2150-B - Woods/Mellon Signatures - Numerical District Seal - New York [B],Yes,Yes,Yes,No
banknote,U.S. Banknotes,One Hundred Dollars,1928,,Fr. 2150-C - Woods/Mellon Signatures - Numerical District Seal - Philadelphia [C],Yes,Yes,Yes,No
banknote,U.S. Banknotes,One Hundred Dollars,1928,,Fr. 2150-D - Woods/Mellon Signatures - Numerical District Seal - Cleveland [D],Yes,Yes,Yes,No
banknote,U.S. Banknotes,One Hundred Dollars,1928,,Fr. 2150-E - Woods/Mellon Signatures - Numerical District Seal - Richmond [E],Yes,Yes,Yes,No
banknote,U.S. Banknotes,One Hundred Dollars,1928,,Fr. 2150-F - Woods/Mellon Signatures - Numerical District Seal - Atlanta [F],Yes,Yes,Yes,No
banknote,U.S. Banknotes,One Hundred Dollars,1928,,Fr. 2150-G - Woods/Mellon Signatures - Numerical District Seal - Chicago [G],Yes,Yes,Yes,No
banknote,U.S. Banknotes,One Hundred Dollars,1928,,Fr. 2150-H - Woods/Mellon Signatures - Numerical District Seal - St. Louis [H],Yes,Yes,Yes,No
banknote,U.S. Banknotes,One Hundred Dollars,1928,,Fr. 2150-I - Woods/Mellon Signatures - Numerical District Seal - Minneapolis [I],Yes,Yes,Yes,No
banknote,U.S. Banknotes,One Hundred Dollars,1928,,Fr. 2150-J - Woods/Mellon Signatures - Numerical District Seal - Kansas City [J],Yes,Yes,Yes,No
banknote,U.S. Banknotes,One Hundred Dollars,1928,,Fr. 2150-K - Woods/Mellon Signatures - Numerical District Seal - Dallas [K],Yes,Yes,Yes,No
banknote,U.S. Banknotes,One Hundred Dollars,1928,,Fr. 2150-L - Woods/Mellon Signatures - Numerical District Seal - San Francisco [L],Yes,Yes,Yes,No
banknote,U.S. Banknotes,One Hundred Dollars,1996,,Fr. 1922-A - Withrow/Rubin Signatures - Green Seal - Boston [A],Yes,Yes,Yes,No
banknote,U.S. Banknotes,One Hundred Dollars,1996,,Fr. 1922-B - Withrow/Rubin Signatures - Green Seal - New York [B],Yes,Yes,Yes,No
banknote,U.S. Banknotes,One Hundred Dollars,1996,,Fr. 1922-C - Withrow/Rubin Signatures - Green Seal - Philadelphia [C],Yes,Yes,Yes,No
banknote,U.S. Banknotes,One Hundred Dollars,1996,,Fr. 1922-D - Withrow/Rubin Signatures - Green Seal - Cleveland [D],Yes,Yes,Yes,No
banknote,U.S. Banknotes,One Hundred Dollars,1996,,Fr. 1922-E - Withrow/Rubin Signatures - Green Seal - Richmond [E],Yes,Yes,Yes,No
banknote,U.S. Banknotes,One Hundred Dollars,1996,,Fr. 1922-F - Withrow/Rubin Signatures - Green Seal - Atlanta [F],Yes,Yes,Yes,No
banknote,U.S. Banknotes,One Hundred Dollars,1996,,Fr. 1922-G - Withrow/Rubin Signatures - Green Seal - Chicago [G],Yes,Yes,Yes,No
banknote,U.S. Banknotes,One Hundred Dollars,1996,,Fr. 1922-H - Withrow/Rubin Signatures - Green Seal - St. Louis [H],Yes,Yes,Yes,No
banknote,U.S. Banknotes,One Hundred Dollars,1996,,Fr. 1922-I - Withrow/Rubin Signatures - Green Seal - Minneapolis [I],Yes,Yes,Yes,No
banknote,U.S. Banknotes,One Hundred Dollars,1996,,Fr. 1922-J - Withrow/Rubin Signatures - Green Seal - Kansas City [J],Yes,Yes,Yes,No
banknote,U.S. Banknotes,One Hundred Dollars,1996,,Fr. 1922-K - Withrow/Rubin Signatures - Green Seal - Dallas [K],Yes,Yes,Yes,No
banknote,U.S. Banknotes,One Hundred Dollars,1996,,Fr. 1922-L - Withrow/Rubin Signatures - Green Seal - San Francisco [L],Yes,Yes,Yes,No
banknote,U.S. Banknotes,One Hundred Dollars,2013,,Fr. 2185-A - Rios/Lew Signatures - Green Seal - Boston [A],Yes,Yes,Yes,No
banknote,U.S. Banknotes,One Hundred Dollars,2013,,Fr. 2185-B - Rios/Lew Signatures - Green Seal - New York [B],Yes,Yes,Yes,No
banknote,U.S. Banknotes,One Hundred Dollars,2013,,Fr. 2185-C - Rios/Lew Signatures - Green Seal - Philadelphia [C],Yes,Yes,Yes,No
banknote,U.S. Banknotes,One Hundred Dollars,2013,,Fr. 2185-D - Rios/Lew Signatures - Green Seal - Cleveland [D],Yes,Yes,Yes,No
banknote,U.S. Banknotes,One Hundred Dollars,2013,,Fr. 2185-E - Rios/Lew Signatures - Green Seal - Richmond [E],Yes,Yes,Yes,No
banknote,U.S. Banknotes,One Hundred Dollars,2013,,Fr. 2185-F - Rios/Lew Signatures - Green Seal - Atlanta [F],Yes,Yes,Yes,No
banknote,U.S. Banknotes,One Hundred Dollars,2013,,Fr. 2185-G - Rios/Lew Signatures - Green Seal - Chicago [G],Yes,Yes,Yes,No
banknote,U.S. Banknotes,One Hundred Dollars,2013,,Fr. 2185-H - Rios/Lew Signatures - Green Seal - St. Louis [H],Yes,Yes,Yes,No
banknote,U.S. Banknotes,One Hundred Dollars,2013,,Fr. 2185-I - Rios/Lew Signatures - Green Seal - Minneapolis [I],Yes,Yes,Yes,No
banknote,U.S. Banknotes,One Hundred Dollars,2013,,Fr. 2185-J - Rios/Lew Signatures - Green Seal - Kansas City [J],Yes,Yes,Yes,No
banknote,U.S. Banknotes,One Hundred Dollars,2013,,Fr. 2185-K - Rios/Lew Signatures - Green Seal - Dallas [K],Yes,Yes,Yes,No
banknote,U.S. Banknotes,One Hundred Dollars,2013,,Fr. 2185-L - Rios/Lew Signatures - Green Seal - San Francisco [L],Yes,Yes,Yes,No
banknote,U.S. Banknotes,One Hundred Dollars,1869,,Fr. 183c - Allison/Spinner Signatures - Red Seal,Yes,Yes,Yes,Yes
banknote,U.S. Banknotes,One Thousand Dollars,1880,,Fr. 187k - Rosecrans/Nebeker Signatures - Small Red Seal,Yes,Yes,Yes,Yes
banknote,U.S. Banknotes,One Hundred Dollars,1880,,Fr. 345c - Bruce/Gilfillan Signatures - Large Red Seal,Yes,Yes,Yes,Yes
banknote,U.S. Banknotes,One Thousand Dollars,1891,,Fr. 346d - Rosecrans/Nebeker Signatures - Small Carmine Seal,Yes,Yes,Yes,Yes
banknote,U.S. Banknotes,One Hundred Dollars,1890,,Fr. 379 - Rosecrans/Huston Signatures - Large Brown Seal,Yes,Yes,Yes,Yes
banknote,U.S. Banknotes,One Thousand Dollars,1890,,Fr. 382 - Rosecrans/Huston Signatures - Large Brown Seal,Yes,Yes,Yes,Yes
banknote,U.S. Banknotes,One Hundred Dollars,1882,,Fr. 1215a - Bruce/Gilfillan Signatures - Red Seal,Yes,Yes,Yes,Yes
banknote,U.S. Banknotes,One Hundred Dollars,1922,,Fr. 1216 - Speelman/White Signatures - Yellow Seal,Yes,Yes,Yes,No
banknote,U.S. Banknotes,One Thousand Dollars,1882,,Fr. 1218g - Teehee/Burke Signatures - Red Seal,Yes,Yes,Yes,Yes
banknote,U.S. Banknotes,One Thousand Dollars,1922,,Fr. 1220 - Speelman/White Signatures - Yellow Seal,Yes,Yes,Yes,No
banknote,U.S. Banknotes,One Thousand Dollars,1900,,Fr. 1223 - Lyons/Treat Signatures - Red Seal,Yes,Yes,Yes,No
banknote,U.S. Banknotes,One Hundred Dollars,1928,,Fr. 2200-A - Woods/Mellon Signatures - Numerical District Seal - Boston [A],Yes,Yes,Yes,No
banknote,U.S. Banknotes,One Hundred Dollars,1928,,Fr. 2200-B - Woods/Mellon Signatures - Numerical District Seal - New York [B],Yes,Yes,Yes,No
banknote,U.S. Banknotes,One Hundred Dollars,1928,,Fr. 2200-C - Woods/Mellon Signatures - Numerical District Seal - Philadelphia [C],Yes,Yes,Yes,No
banknote,U.S. Banknotes,One Hundred Dollars,1928,,Fr. 2200-D - Woods/Mellon Signatures - Numerical District Seal - Cleveland [D],Yes,Yes,Yes,No
banknote,U.S. Banknotes,One Hundred Dollars,1928,,Fr. 2200-E - Woods/Mellon Signatures - Numerical District Seal - Richmond [E],Yes,Yes,Yes,No
banknote,U.S. Banknotes,One Hundred Dollars,1928,,Fr. 2200-F - Woods/Mellon Signatures - Numerical District Seal - Atlanta [F],Yes,Yes,Yes,No
banknote,U.S. Banknotes,One Hundred Dollars,1928,,Fr. 2200-G - Woods/Mellon Signatures - Numerical District Seal - Chicago [G],Yes,Yes,Yes,No
banknote,U.S. Banknotes,One Hundred Dollars,1928,,Fr. 2200-H - Woods/Mellon Signatures - Numerical District Seal - St. Louis [H],Yes,Yes,Yes,No
banknote,U.S. Banknotes,One Hundred Dollars,1928,,Fr. 2200-I - Woods/Mellon Signatures - Numerical District Seal - Minneapolis [I],Yes,Yes,Yes,No
banknote,U.S. Banknotes,One Hundred Dollars,1928,,Fr. 2200-J - Woods/Mellon Signatures - Numerical District Seal - Kansas City [J],Yes,Yes,Yes,No
banknote,U.S. Banknotes,One Hundred Dollars,1928,,Fr. 2200-K - Woods/Mellon Signatures - Numerical District Seal - Dallas [K],Yes,Yes,Yes,No
banknote,U.S. Banknotes,One Hundred Dollars,1928,,Fr. 2200-L - Woods/Mellon Signatures - Numerical District Seal - San Francisco [L],Yes,Yes,Yes,No
banknote,U.S. Banknotes,One Hundred Dollars,1934,,Fr. 2201-A - Julian/Morgenthau Signatures - Letter District Seal - Boston [A],Yes,Yes,Yes,No
banknote,U.S. Banknotes,One Hundred Dollars,1934,,Fr. 2201-B - Julian/Morgenthau Signatures - Letter District Seal - New York [B],Yes,Yes,Yes,No
banknote,U.S. Banknotes,One Hundred Dollars,1934,,Fr. 2201-C - Julian/Morgenthau Signatures - Letter District Seal - Philadelphia [C],Yes,Yes,Yes,No
banknote,U.S. Banknotes,One Hundred Dollars,1934,,Fr. 2201-D - Julian/Morgenthau Signatures - Letter District Seal - Cleveland [D],Yes,Yes,Yes,No
banknote,U.S. Banknotes,One Hundred Dollars,1934,,Fr. 2201-E - Julian/Morgenthau Signatures - Letter District Seal - Richmond [E],Yes,Yes,Yes,No
banknote,U.S. Banknotes,One Hundred Dollars,1934,,Fr. 2201-F - Julian/Morgenthau Signatures - Letter District Seal - Atlanta [F],Yes,Yes,Yes,No
banknote,U.S. Banknotes,One Hundred Dollars,1934,,Fr. 2201-G - Julian/Morgenthau Signatures - Letter District Seal - Chicago [G],Yes,Yes,Yes,No
banknote,U.S. Banknotes,One Hundred Dollars,1934,,Fr. 2201-H - Julian/Morgenthau Signatures - Letter District Seal - St. Louis [H],Yes,Yes,Yes,No
banknote,U.S. Banknotes,One Hundred Dollars,1934,,Fr. 2201-I - Julian/Morgenthau Signatures - Letter District Seal - Minneapolis [I],Yes,Yes,Yes,No
banknote,U.S. Banknotes,One Hundred Dollars,1934,,Fr. 2201-J - Julian/Morgenthau Signatures - Letter District Seal - Kansas City [J],Yes,Yes,Yes,No
banknote,U.S. Banknotes,One Hundred Dollars,1934,,Fr. 2201-K - Julian/Morgenthau Signatures - Letter District Seal - Dallas [K],Yes,Yes,Yes,No
banknote,U.S. Banknotes,One Hundred Dollars,1934,,Fr. 2201-L - Julian/Morgenthau Signatures - Letter District Seal - San Francisco [L],Yes,Yes,Yes,No
banknote,U.S. Banknotes,One Thousand Dollars,1934,,Fr. 2211-A - Julian/Morgenthau Signatures - Letter District Seal - Boston [A],Yes,Yes,Yes,No
banknote,U.S. Banknotes,One Thousand Dollars,1934,,Fr. 2211-B - Julian/Morgenthau Signatures - Letter District Seal - New York [B],Yes,Yes,Yes,No
banknote,U.S. Banknotes,One Thousand Dollars,1934,,Fr. 2211-C - Julian/Morgenthau Signatures - Letter District Seal - Philadelphia [C],Yes,Yes,Yes,No
banknote,U.S. Banknotes,One Thousand Dollars,1934,,Fr. 2211-D - Julian/Morgenthau Signatures - Letter District Seal - Cleveland [D],Yes,Yes,Yes,No
banknote,U.S. Banknotes,One Thousand Dollars,1934,,Fr. 2211-E - Julian/Morgenthau Signatures - Letter District Seal - Richmond [E],Yes,Yes,Yes,No
banknote,U.S. Banknotes,One Thousand Dollars,1934,,Fr. 2211-F - Julian/Morgenthau Signatures - Letter District Seal - Atlanta [F],Yes,Yes,Yes,No
banknote,U.S. Banknotes,One Thousand Dollars,1934,,Fr. 2211-G - Julian/Morgenthau Signatures - Letter District Seal - Chicago [G],Yes,Yes,Yes,No
banknote,U.S. Banknotes,One Thousand Dollars,1934,,Fr. 2211-H - Julian/Morgenthau Signatures - Letter District Seal - St. Louis [H],Yes,Yes,Yes,No
banknote,U.S. Banknotes,One Thousand Dollars,1934,,Fr. 2211-I - Julian/Morgenthau Signatures - Letter District Seal - Minneapolis [I],Yes,Yes,Yes,No
banknote,U.S. Banknotes,One Thousand Dollars,1934,,Fr. 2211-J - Julian/Morgenthau Signatures - Letter District Seal - Kansas City [J],Yes,Yes,Yes,No
banknote,U.S. Banknotes,One Thousand Dollars,1934,,Fr. 2211-K - Julian/Morgenthau Signatures - Letter District Seal - Dallas [K],Yes,Yes,Yes,No
banknote,U.S. Banknotes,One Thousand Dollars,1934,,Fr. 2211-L - Julian/Morgenthau Signatures - Letter District Seal - San Francisco [L],Yes,Yes,Yes,No
banknote,U.S. Banknotes,One Thousand Dollars,1934,,Fr. 2221-A - Julian/Morgenthau Signatures - Letter District Seal - Boston [A],Yes,Yes,Yes,No
banknote,U.S. Banknotes,One Thousand Dollars,1934,,Fr. 2221-B - Julian/Morgenthau Signatures - Letter District Seal - New York [B],Yes,Yes,Yes,No
banknote,U.S. Banknotes,One Thousand Dollars,1934,,Fr. 2221-C - Julian/Morgenthau Signatures - Letter District Seal - Philadelphia [C],Yes,Yes,Yes,No
banknote,U.S. Banknotes,One Thousand Dollars,1934,,Fr. 2221-D - Julian/Morgenthau Signatures - Letter District Seal - Cleveland [D],Yes,Yes,Yes,No
banknote,U.S. Banknotes,One Thousand Dollars,1934,,Fr. 2221-E - Julian/Morgenthau Signatures - Letter District Seal - Richmond [E],Yes,Yes,Yes,No
banknote,U.S. Banknotes,One Thousand Dollars,1934,,Fr. 2221-F - Julian/Morgenthau Signatures - Letter District Seal - Atlanta [F],Yes,Yes,Yes,No
banknote,U.S. Banknotes,One Thousand Dollars,1934,,Fr. 2221-G - Julian/Morgenthau Signatures - Letter District Seal - Chicago [G],Yes,Yes,Yes,No
banknote,U.S. Banknotes,One Thousand Dollars,1934,,Fr. 2221-H - Julian/Morgenthau Signatures - Letter District Seal - St. Louis [H],Yes,Yes,Yes,No
banknote,U.S. Banknotes,One Thousand Dollars,1934,,Fr. 2221-I - Julian/Morgenthau Signatures - Letter District Seal - Minneapolis [I],Yes,Yes,Yes,No
banknote,U.S. Banknotes,One Thousand Dollars,1934,,Fr. 2221-J - Julian/Morgenthau Signatures - Letter District Seal - Kansas City [J],Yes,Yes,Yes,No
banknote,U.S. Banknotes,One Thousand Dollars,1934,,Fr. 2221-K - Julian/Morgenthau Signatures - Letter District Seal - Dallas [K],Yes,Yes,Yes,No
banknote,U.S. Banknotes,One Thousand Dollars,1934,,Fr. 2221-L - Julian/Morgenthau Signatures - Letter District Seal - San Francisco [L],Yes,Yes,Yes,No
banknote,U.S. Banknotes,One Thousand Dollars,1934,,Fr. 2231-A - Julian/Morgenthau Signatures - Letter District Seal - Boston [A],Yes,Yes,Yes,No
banknote,U.S. Banknotes,One Thousand Dollars,1934,,Fr. 2231-B - Julian/Morgenthau Signatures - Letter District Seal - New York [B],Yes,Yes,Yes,No
banknote,U.S. Banknotes,One Thousand Dollars,1934,,Fr. 2231-C - Julian/Morgenthau Signatures - Letter District Seal - Philadelphia [C],Yes,Yes,Yes,No
banknote,U.S. Banknotes,One Thousand Dollars,1934,,Fr. 2231-D - Julian/Morgenthau Signatures - Letter District Seal - Cleveland [D],Yes,Yes,Yes,No
banknote,U.S. Banknotes,One Thousand Dollars,1934,,Fr. 2231-E - Julian/Morgenthau Signatures - Letter District Seal - Richmond [E],Yes,Yes,Yes,No
banknote,U.S. Banknotes,One Thousand Dollars,1934,,Fr. 2231-F - Julian/Morgenthau Signatures - Letter District Seal - Atlanta [F],Yes,Yes,Yes,No
banknote,U.S. Banknotes,One Thousand Dollars,1934,,Fr. 2231-G - Julian/Morgenthau Signatures - Letter District Seal - Chicago [G],Yes,Yes,Yes,No
banknote,U.S. Banknotes,One Thousand Dollars,1934,,Fr. 2231-H - Julian/Morgenthau Signatures - Letter District Seal - St. Louis [H],Yes,Yes,Yes,No
banknote,U.S. Banknotes,One Thousand Dollars,1934,,Fr. 2231-I - Julian/Morgenthau Signatures - Letter District Seal - Minneapolis [I],Yes,Yes,Yes,No
banknote,U.S. Banknotes,One Thousand Dollars,1934,,Fr. 2231-J - Julian/Morgenthau Signatures - Letter District Seal - Kansas City [J],Yes,Yes,Yes,No
banknote,U.S. Banknotes,One Thousand Dollars,1934,,Fr. 2231-K - Julian/Morgenthau Signatures - Letter District Seal - Dallas [K],Yes,Yes,Yes,No
banknote,U.S. Banknotes,One Thousand Dollars,1934,,Fr. 2231-L - Julian/Morgenthau Signatures - Letter District Seal - San Francisco [L],Yes,Yes,Yes,No
banknote,U.S. Banknotes,One Hundred Dollars,1928,,Fr. 2407 - Woods/Mellon Signatures - Gold Seal,Yes,Yes,Yes,No
banknote,U.S. Banknotes,One Thousand Dollars,1928,,Fr. 2408 - Woods/Mellon Signatures - Gold Seal,Yes,Yes,Yes,No
banknote,U.S. Banknotes,One Thousand Dollars,1934,,Fr. 2413 - Julian/Morgenthau Signatures - Gold Seal,Yes,Yes,Yes,No
medal,Congressional Gold Medal,Medal,1776,,George Washington / Washington Before Boston Congressional Gold Medal,Yes,No,No,No
medal,Congressional Gold Medal,Medal,1777,,Horatio Gates / Battle of Saratoga Congressional Gold Medal,Yes,No,No,No
medal,Congressional Gold Medal,Medal,1779,,Anthony Wayne / Storming of Stony Point Congressional Gold Medal,Yes,No,No,No
medal,Congressional Gold Medal,Medal,1779,,John Paul Jones / Serapis Engagement Congressional Gold Medal,Yes,No,No,No
medal,Congressional Gold Medal,Medal,1781,,Daniel Morgan / Battle of Cowpens Congressional Gold Medal,Yes,No,No,No
medal,US Mint National Medal,Medal,1781,,William Washington / Battle of Cowpens Congressional Silver Medal,Yes,No,No,No
medal,US Mint National Medal,Medal,1781,,John Eager Howard / Battle of Cowpens Congressional Silver Medal,Yes,No,No,No
medal,Congressional Gold Medal,Medal,1800,,Thomas Truxtun / Constellation vs. La Vengeance Congressional Gold Medal,Yes,No,No,No
medal,Congressional Gold Medal,Medal,1805,,Edward Preble / Tripoli Campaign Congressional Gold Medal,Yes,No,No,No
medal,Congressional Gold Medal,Medal,1813,,Isaac Hull / Constitution vs. Guerriere Congressional Gold Medal,Yes,No,No,No
medal,Congressional Gold Medal,Medal,1813,,Jacob Jones / Wasp vs. Frolic Congressional Gold Medal,Yes,No,No,No
medal,Congressional Gold Medal,Medal,1813,,Stephen Decatur / United States vs. Macedonian Congressional Gold Medal,Yes,No,No,No
medal,Congressional Gold Medal,Medal,1813,,William Bainbridge / Constitution vs. Java Congressional Gold Medal,Yes,No,No,No
medal,Congressional Gold Medal,Medal,1814,,Oliver Hazard Perry / Battle of Lake Erie Congressional Gold Medal,Yes,No,No,No
medal,Congressional Gold Medal,Medal,1814,,Jesse Duncan Elliott / Battle of Lake Erie Congressional Gold Medal,Yes,No,No,No
medal,Congressional Gold Medal,Medal,1818,,William Henry Harrison / Battle of the Thames Congressional Gold Medal,Yes,No,No,No
medal,Congressional Gold Medal,Medal,1815,,Andrew Jackson / Battle of New Orleans Congressional Gold Medal,Yes,No,No,No
medal,Congressional Gold Medal,Medal,1847,,Zachary Taylor / Battle of Palo Alto Congressional Gold Medal,Yes,No,No,No
medal,Congressional Gold Medal,Medal,1848,,Zachary Taylor / Battle of Monterrey Congressional Gold Medal,Yes,No,No,No
medal,Congressional Gold Medal,Medal,1849,,Zachary Taylor / Battle of Buena Vista Congressional Gold Medal,Yes,No,No,No
medal,Congressional Gold Medal,Medal,1848,,Winfield Scott / Mexican Campaign Congressional Gold Medal,Yes,No,No,No
medal,Congressional Gold Medal,Medal,1863,,Ulysses S. Grant / Civil War Victories Congressional Gold Medal,Yes,No,No,No
medal,Congressional Gold Medal,Medal,1864,,Cornelius Vanderbilt / Ship Donation Congressional Gold Medal,Yes,No,No,No
medal,Congressional Gold Medal,Medal,1871,,George F. Robinson / Seward Rescue Congressional Gold Medal,Yes,No,No,No
medal,Congressional Gold Medal,Medal,1909,,Wright Brothers / Aviation Achievement Congressional Gold Medal,Yes,No,No,No
medal,Congressional Gold Medal,Medal,1928,,Charles A. Lindbergh / Transatlantic Flight Congressional Gold Medal,Yes,No,No,No
medal,Congressional Gold Medal,Medal,1928,,Thomas A. Edison / Scientific Achievements Congressional Gold Medal,Yes,No,No,No
medal,Congressional Gold Medal,Medal,1929,,Walter Reed Yellow Fever Commission Congressional Gold Medal,Yes,No,No,No
medal,Congressional Gold Medal,Medal,1968,,Walt Disney / Humanitarian and Creative Legacy Congressional Gold Medal,Yes,No,No,No
medal,Congressional Gold Medal,Medal,1969,,Winston Churchill / Honorary Citizen Congressional Gold Medal,Yes,No,No,No
medal,Congressional Gold Medal,Medal,1978,,Robert F. Kennedy / Posthumous Tribute Congressional Gold Medal,Yes,No,No,No
medal,Congressional Gold Medal,Medal,1979,,John Wayne / American Icon Congressional Gold Medal,Yes,No,No,No
medal,Congressional Gold Medal,Medal,1980,,Simon Wiesenthal / Holocaust Remembrance Congressional Gold Medal,Yes,No,No,No
medal,Congressional Gold Medal,Medal,1982,,Queen Beatrix / Dutch-American Relations Congressional Gold Medal,Yes,No,No,No
medal,Congressional Gold Medal,Medal,1984,,Harry S. Truman / Centennial Tribute Congressional Gold Medal,Yes,No,No,No
medal,Congressional Gold Medal,Medal,1984,,Lady Bird Johnson / Beautification Efforts Congressional Gold Medal,Yes,No,No,No
medal,Congressional Gold Medal,Medal,1984,,Elie Wiesel / Humanitarian and Author Congressional Gold Medal,Yes,No,No,No
medal,Congressional Gold Medal,Medal,1984,,Roy Wilkins / Civil Rights Leadership Congressional Gold Medal,Yes,No,No,No
medal,Congressional Gold Medal,Medal,1984,,Mary Lasker / Medical Research Philanthropy Congressional Gold Medal,Yes,No,No,No
medal,Congressional Gold Medal,Medal,1986,,Aaron Copland / Musical Contributions Congressional Gold Medal,Yes,No,No,No
medal,Congressional Gold Medal,Medal,1988,,Jesse Owens / Olympic and Humanitarian Legacy Congressional Gold Medal,Yes,No,No,No
medal,Congressional Gold Medal,Medal,1991,,General Colin L. Powell / Persian Gulf War Congressional Gold Medal,Yes,No,No,No
medal,Congressional Gold Medal,Medal,1991,,General H. Norman Schwarzkopf / Persian Gulf War Congressional Gold Medal,Yes,No,No,No
medal,Congressional Gold Medal,Medal,1992,,General Matthew B. Ridgway / Military Service Congressional Gold Medal,Yes,No,No,No
medal,Congressional Gold Medal,Medal,1996,,Billy and Ruth Graham / Religious Leadership Congressional Gold Medal,Yes,No,No,No
medal,Congressional Gold Medal,Medal,1997,,Frank Sinatra / Entertainment and Philanthropy Congressional Gold Medal,Yes,No,No,No
medal,Congressional Gold Medal,Medal,1997,,Mother Teresa / Humanitarian Service Congressional Gold Medal,Yes,No,No,No
medal,Congressional Gold Medal,Medal,1998,,Nelson Mandela / Anti-Apartheid Leadership Congressional Gold Medal,Yes,No,No,No
medal,Congressional Gold Medal,Medal,1999,,Rosa Parks / Civil Rights Pioneer Congressional Gold Medal,Yes,No,No,No
medal,Congressional Gold Medal,Medal,1999,,Father Theodore Hesburgh / Academic and Civil Rights Congressional Gold Medal,Yes,No,No,No
medal,Congressional Gold Medal,Medal,2000,,Pope John Paul II / Spiritual and Humanitarian Leadership Congressional Gold Medal,Yes,No,No,No
medal,Congressional Gold Medal,Medal,2000,,Ronald and Nancy Reagan / Public Service Congressional Gold Medal,Yes,No,No,No
medal,Congressional Gold Medal,Medal,2000,,Navajo Code Talkers / World War II Service Congressional Gold Medal,Yes,No,No,No
medal,Congressional Gold Medal,Medal,2003,,Dr. Dorothy Height / Civil Rights Leadership Congressional Gold Medal,Yes,No,No,No
medal,Congressional Gold Medal,Medal,2003,,Jackie Robinson / Posthumous Tribute Congressional Gold Medal,Yes,No,No,No
medal,Congressional Gold Medal,Medal,2006,,Tuskegee Airmen / World War II Service Congressional Gold Medal,Yes,No,No,No
medal,Congressional Gold Medal,Medal,2006,,Tenzin Gyatso (14th Dalai Lama) / Peace Advocacy Congressional Gold Medal,Yes,No,No,No
medal,Congressional Gold Medal,Medal,2006,,Dr. Norman Borlaug / Green Revolution Congressional Gold Medal,Yes,No,No,No
medal,Congressional Gold Medal,Medal,2007,,Michael DeBakey / Cardiovascular Surgery Pioneer Congressional Gold Medal,Yes,No,No,No
medal,Congressional Gold Medal,Medal,2009,,Women Airforce Service Pilots (WASP) / WWII Service Congressional Gold Medal,Yes,No,No,No
medal,Congressional Gold Medal,Medal,2009,,New Frontier / Apollo 11 and John Glenn Congressional Gold Medal,Yes,No,No,No
medal,Congressional Gold Medal,Medal,2009,,Arnold Palmer / Golf and Philanthropy Congressional Gold Medal,Yes,No,No,No
medal,Congressional Gold Medal,Medal,2010,,100th Infantry Battalion & 442nd RCT / WWII Service Congressional Gold Medal,Yes,No,No,No
medal,Congressional Gold Medal,Medal,2011,,Montford Point Marines / WWII Service Congressional Gold Medal,Yes,No,No,No
medal,Congressional Gold Medal,Medal,2012,,Raoul Wallenberg / Holocaust Rescue Congressional Gold Medal,Yes,No,No,No
medal,Congressional Gold Medal,Medal,2013,,First Special Service Force / WWII Service Congressional Gold Medal,Yes,No,No,No
medal,Congressional Gold Medal,Medal,2014,,American Fighter Aces / Military Aviation Congressional Gold Medal,Yes,No,No,No
medal,Congressional Gold Medal,Medal,2014,,Doolittle Tokyo Raiders / WWII Service Congressional Gold Medal,Yes,No,No,No
medal,Congressional Gold Medal,Medal,2014,,Monuments Men / WWII Art Preservation Congressional Gold Medal,Yes,No,No,No
medal,Congressional Gold Medal,Medal,2014,,Civil Rights Act of 1964 / 50th Anniversary Congressional Gold Medal,Yes,No,No,No
medal,Congressional Gold Medal,Medal,2015,,Selma to Montgomery Marches / Civil Rights Congressional Gold Medal,Yes,No,No,No
medal,Congressional Gold Medal,Medal,2016,,Office of Strategic Services (OSS) / WWII Intelligence Congressional Gold Medal,Yes,No,No,No
medal,Congressional Gold Medal,Medal,2016,,Filipino Veterans of World War II / Military Service Congressional Gold Medal,Yes,No,No,No
medal,Congressional Gold Medal,Medal,2017,,Bob Dole / Public Service Congressional Gold Medal,Yes,No,No,No
medal,Congressional Gold Medal,Medal,2018,,Anwar Sadat / Peace Advocacy Congressional Gold Medal,Yes,No,No,No
medal,Congressional Gold Medal,Medal,2018,,Chinese American Veterans of World War II Congressional Gold Medal,Yes,No,No,No
medal,Congressional Gold Medal,Medal,2018,,USS Indianapolis Crew / WWII Service Congressional Gold Medal,Yes,No,No,No
medal,Congressional Gold Medal,Medal,2020,,Merchant Mariners of World War II Congressional Gold Medal,Yes,No,No,No
medal,Congressional Gold Medal,Medal,2019,,Hidden Figures / NASA Pioneers Congressional Gold Medal,Yes,No,No,No
medal,Congressional Gold Medal,Medal,2020,,Merrill's Marauders / WWII Service Congressional Gold Medal,Yes,No,No,No
medal,Congressional Gold Medal,Medal,2021,,Harlem Hellfighters / WWI Service Congressional Gold Medal,Yes,No,No,No
medal,Congressional Gold Medal,Medal,2021,,United States Capitol Police / January 6 Defense Congressional Gold Medal,Yes,No,No,No
medal,Congressional Gold Medal,Medal,2022,,Benjamin Ferencz / Nuremberg Prosecutor Congressional Gold Medal,Yes,No,No,No
medal,Presidential Medal,Medal,1801,,George Washington Presidential Medal,Yes,No,No,No
medal,Presidential Medal,Medal,1801,,John Adams Presidential Medal,Yes,No,No,No
medal,Presidential Medal,Medal,1801,,Thomas Jefferson Presidential Medal,Yes,No,No,No
medal,Presidential Medal,Medal,1809,,James Madison Presidential Medal,Yes,No,No,No
medal,Presidential Medal,Medal,1817,,James Monroe Presidential Medal,Yes,No,No,No
medal,Presidential Medal,Medal,1825,,John Quincy Adams Presidential Medal,Yes,No,No,No
medal,Presidential Medal,Medal,1829,,Andrew Jackson Presidential Medal,Yes,No,No,No
medal,Presidential Medal,Medal,1837,,Martin Van Buren Presidential Medal,Yes,No,No,No
medal,Presidential Medal,Medal,1841,,John Tyler Presidential Medal,Yes,No,No,No
medal,Presidential Medal,Medal,1845,,James K. Polk Presidential Medal,Yes,No,No,No
medal,Presidential Medal,Medal,1849,,Zachary Taylor Presidential Medal,Yes,No,No,No
medal,Presidential Medal,Medal,1850,,Millard Fillmore Presidential Medal,Yes,No,No,No
medal,Presidential Medal,Medal,1853,,Franklin Pierce Presidential Medal,Yes,No,No,No
medal,Presidential Medal,Medal,1857,,James Buchanan Presidential Medal,Yes,No,No,No
medal,Presidential Medal,Medal,1861,,Abraham Lincoln Presidential Medal,Yes,No,No,No
medal,Presidential Medal,Medal,1865,,Andrew Johnson Presidential Medal,Yes,No,No,No
medal,Presidential Medal,Medal,1869,,Ulysses S. Grant Presidential Medal,Yes,No,No,No
medal,Presidential Medal,Medal,1877,,Rutherford B. Hayes Presidential Medal,Yes,No,No,No
medal,Presidential Medal,Medal,1881,,James A. Garfield Presidential Medal,Yes,No,No,No
medal,Presidential Medal,Medal,1881,,Chester A. Arthur Presidential Medal,Yes,No,No,No
medal,Presidential Medal,Medal,1885,,Grover Cleveland Presidential Medal,Yes,No,No,No
medal,Presidential Medal,Medal,1889,,Benjamin Harrison Presidential Medal,Yes,No,No,No
medal,Presidential Medal,Medal,1897,,William McKinley Presidential Medal,Yes,No,No,No
medal,Presidential Medal,Medal,1901,,Theodore Roosevelt Presidential Medal,Yes,No,No,No
medal,Presidential Medal,Medal,1909,,William Howard Taft Presidential Medal,Yes,No,No,No
medal,Presidential Medal,Medal,1913,,Woodrow Wilson Presidential Medal,Yes,No,No,No
medal,Presidential Medal,Medal,1921,,Warren G. Harding Presidential Medal,Yes,No,No,No
medal,Presidential Medal,Medal,1923,,Calvin Coolidge Presidential Medal,Yes,No,No,No
medal,Presidential Medal,Medal,1929,,Herbert Hoover Presidential Medal,Yes,No,No,No
medal,Presidential Medal,Medal,1933,,Franklin D. Roosevelt Presidential Medal,Yes,No,No,No
medal,Presidential Medal,Medal,1945,,Harry S. Truman Presidential Medal,Yes,No,No,No
medal,Presidential Medal,Medal,1953,,Dwight D. Eisenhower Presidential Medal,Yes,No,No,No
medal,Presidential Medal,Medal,1961,,John F. Kennedy Presidential Medal,Yes,No,No,No
medal,Presidential Medal,Medal,1963,,Lyndon B. Johnson Presidential Medal,Yes,No,No,No
medal,Presidential Medal,Medal,1969,,Richard Nixon Presidential Medal,Yes,No,No,No
medal,Presidential Medal,Medal,1974,,Gerald Ford Presidential Medal,Yes,No,No,No
medal,Presidential Medal,Medal,1977,,Jimmy Carter Presidential Medal,Yes,No,No,No
medal,Presidential Medal,Medal,1981,,Ronald Reagan Presidential Medal,Yes,No,No,No
medal,Presidential Medal,Medal,1989,,George H.W. Bush Presidential Medal,Yes,No,No,No
medal,Presidential Medal,Medal,1993,,Bill Clinton Presidential Medal,Yes,No,No,No
medal,Presidential Medal,Medal,2001,,George W. Bush Presidential Medal,Yes,No,No,No
medal,Presidential Medal,Medal,2009,,Barack Obama Presidential Medal,Yes,No,No,No
medal,Presidential Medal,Medal,2017,,Donald Trump Presidential Medal,Yes,No,No,No
medal,US Mint National Medal,Medal,1874,,Treasury Department Lifesaving Medal (First Class),Yes,No,No,No
medal,US Mint National Medal,Medal,1876,,Centennial International Exhibition Medal,Yes,No,No,No
medal,US Mint National Medal,Medal,1976,,Valley Forge Military Medal,Yes,No,No,No
medal,US Mint National Medal,Medal,1987,,Bicentennial of the United States Constitution Medal,Yes,No,No,No
